mtllib mesh.mtl
v -0.430421 -0.119053 -0.192307
v -0.430421 -0.11881 -0.192316
v -0.4304 -0.119053 -0.192316
v -0.393789 -0.118976 -0.192316
v -0.393789 -0.119053 -0.191833
v -0.393833 -0.119053 -0.192316
v -0.411539 -0.0641053 -0.174
v -0.412105 -0.0641053 -0.174205
v -0.412105 -0.0643301 -0.174
v -0.247263 -0.0641053 -0.174277
v -0.246945 -0.0641053 -0.174
v -0.247263 -0.0643796 -0.174
v 0.082421 0.100737 -0.0945704
v 0.0641053 0.100735 -0.082421
v 0.0641217 0.100737 -0.082421
v 0.0457895 0.0980724 -0.0641053
v 0.0641053 0.100737 -0.0824127
v -0.0641053 -0.082421 -0.0639579
v -0.0641053 -0.0821414 -0.0641053
v -0.0634381 -0.082421 -0.0641053
v -0.356907 0.082421 -0.0457895
v -0.357158 0.082421 -0.045854
v -0.357158 0.0817684 -0.0457895
v -0.174 -0.0820612 -0.0274737
v -0.174 -0.082421 -0.0276409
v -0.173452 -0.082421 -0.0274737
v -0.100737 -0.100732 -0.0091579
v -0.100737 -0.100737 -0.0105395
v -0.100685 -0.100737 -0.0091579
v 0.0274736 -0.0823364 -0.0274737
v 0.0274736 -0.082421 -0.0274236
v 0.0272608 -0.082421 -0.0274737
v -0.283895 0.0465447 -0.0091579
v -0.283895 0.0457895 -0.00918776
v -0.283809 0.0457895 -0.0091579
v -0.247226 0.100737 -0.0091579
v -0.247263 0.100737 -0.00918615
v -0.247263 0.100721 -0.0091579
v 0.082421 -0.0640531 -0.0091579
v 0.082421 -0.0641053 -0.00886893
v 0.0819673 -0.0641053 -0.0091579
v -0.100357 -0.0091579 0.0091579
v -0.100737 -0.0091579 0.00881451
v -0.100737 -0.00929916 0.0091579
v 0.210632 0.0092169 -0.0091579
v 0.210632 0.0091579 -0.00909388
v 0.21062 0.0091579 -0.0091579
v 0.0460364 -0.192316 0.0091579
v 0.0457895 -0.192316 0.00940472
v 0.0457895 -0.192561 0.0091579
v -0.119053 0.00941926 0.0091579
v -0.119053 0.0091579 0.00926274
v -0.119493 0.0091579 0.0091579
v -0.100737 0.174 0.0271862
v -0.100428 0.174 0.0274736
v -0.100737 0.173709 0.0274736
v -0.100737 0.17429 0.0274736
v -0.082324 -0.0274737 0.0457895
v -0.082421 -0.0274737 0.0457349
v -0.082421 -0.0275689 0.0457895
v -0.210632 0.00935161 0.0457895
v -0.210632 0.0091579 0.045514
v -0.210239 0.0091579 0.0457895
v -0.192316 0.174 0.0275019
v -0.192316 0.175312 0.0274736
v -0.192261 0.174 0.0274736
v 0.119053 -0.0640778 0.0641053
v 0.118952 -0.0641053 0.0641053
v 0.119053 -0.0641053 0.0637699
v -0.174 0.00921077 0.0641053
v -0.174 0.0091579 0.0640154
v -0.173967 0.0091579 0.0641053
v -0.17396 0.0641053 0.0641053
v -0.174 0.0641053 0.0640975
v -0.174 0.0640899 0.0641053
v -0.174 0.0641437 0.0641053
v 0.119053 -0.0641053 0.0642419
v -0.174 0.0641053 0.0643152
v 0.137369 -0.082421 0.100737
v 0.137368 -0.082421 0.100733
v 0.137368 -0.0971889 0.082421
v 0.137368 -0.0824185 0.100737
v 0.119053 -0.0820745 0.082421
v 0.155684 -0.0641053 0.0833503
v 0.155684 -0.0642788 0.082421
v 0.155395 -0.0641053 0.082421
v -0.0274737 -0.0273468 0.100737
v -0.0274737 -0.0274737 0.10062
v -0.0274451 -0.0274737 0.100737
v -0.155684 0.0459204 0.100737
v -0.155684 0.0457895 0.100569
v -0.155351 0.0457895 0.100737
v 0.155684 -0.082421 0.117346
v -0.155684 0.0457895 0.101009
v 0.265579 -0.0823954 0.137368
v 0.262385 -0.082421 0.137368
v 0.265579 -0.082421 0.137339
v -0.100737 0.0091579 0.119073
v -0.100789 0.0091579 0.119053
v -0.100737 0.00913841 0.119053
v 0.155684 -0.0640545 0.155684
v 0.155684 -0.0641053 0.155206
v 0.155938 -0.0641053 0.155684
v -0.00908625 0.0641053 0.155684
v -0.0091579 0.0641053 0.155444
v -0.0091579 0.0635635 0.155684
v 0.228947 -0.0639294 0.192316
v 0.228786 -0.0641053 0.192316
v 0.228947 -0.0641053 0.191913
v 0.30201 0.082421 0.192316
v 0.302211 0.0822155 0.192316
v 0.302211 0.082421 0.192154
v 0.265517 0.0641053 0.228947
v 0.265579 0.0640073 0.228947
v 0.265579 0.0641053 0.228845
v 0.137368 0.0641972 0.228947
v 0.137368 0.0641053 0.228884
v 0.137596 0.0641053 0.228947
v 0.283895 -0.0272822 0.265579
v 0.283895 -0.0274737 0.265537
v 0.283925 -0.0274737 0.265579
v 0.210632 0.0091579 0.247359
v 0.210261 0.0091579 0.247263
v 0.210632 0.00905252 0.247263
v 0.181038 0.100737 0.137368
v 0.176348 0.119053 0.137368
v 0.174 0.100737 0.12752
v -0.0457895 -0.211207 -0.0457895
v -0.0457895 -0.228947 -0.028004
v -0.0274737 -0.211155 -0.0457895
v -0.0274737 -0.228947 -0.0275112
v -0.0127628 -0.210632 -0.0457895
v -0.0091579 -0.228136 -0.0274737
v -0.0641053 -0.228947 -0.0354339
v -0.0641053 -0.218609 -0.0457895
v -0.0744443 -0.228947 -0.0457895
v -0.137368 0.210632 0.0294092
v -0.137368 0.226619 0.0457895
v -0.119053 0.210632 0.0345719
v -0.119053 0.221992 0.0457895
v -0.155684 0.219073 0.0274736
v -0.105665 0.210632 0.0457895
v -0.100737 0.192316 0.032064
v -0.100737 0.207595 0.0457895
v -0.084878 0.192316 0.0457895
v -0.0835617 0.210632 0.0641053
v -0.082421 0.210159 0.0641053
v -0.082421 0.192316 0.0461655
v -0.0645822 0.192316 0.0641053
v -0.082421 0.191878 0.0457895
v -0.0649312 0.174 0.0457895
v -0.082421 0.174 0.0283387
v -0.100428 0.174 0.0274736
v -0.100737 0.17429 0.0274736
v -0.100737 0.210632 0.0469462
v -0.100737 0.227135 0.0641053
v -0.119053 0.192316 0.0298084
v -0.119053 0.187411 0.0274736
v -0.100737 0.174 0.0271862
v -0.119053 0.174 0.0151966
v -0.131204 0.192316 0.0274736
v -0.137368 0.192316 0.0224472
v -0.137368 0.19807 0.0274736
v -0.137368 0.174 0.0107039
v -0.146419 0.210632 0.0274736
v -0.155684 0.210632 0.0191806
v -0.155684 0.192316 0.0130016
v -0.174 0.22719 0.0274736
v -0.174 0.210632 0.0109469
v -0.155684 0.174 0.00990462
v -0.174 0.192316 0.0127074
v -0.155684 0.228 0.0457895
v -0.174 0.174 0.0127843
v -0.119053 0.228225 0.0641053
v -0.0766996 0.210632 0.082421
v -0.192316 0.215839 0.0274736
v -0.192316 0.210632 0.0223796
v -0.082421 0.210632 0.0743442
v -0.082421 0.216445 0.082421
v 0.174 -0.132235 0.0457895
v 0.155684 -0.137304 0.0457895
v 0.155684 -0.136722 0.0274736
v 0.174 -0.133227 0.0641053
v 0.155684 -0.136368 0.0641053
v 0.137368 -0.135098 0.0641053
v 0.155229 -0.137368 0.0457895
v 0.155221 -0.137368 0.0274736
v 0.137368 -0.153779 0.0457895
v 0.137368 -0.154994 0.0274736
v 0.119053 -0.155657 0.0274736
v 0.119053 -0.154553 0.0457895
v 0.187313 -0.119053 0.0457895
v 0.188592 -0.119053 0.0641053
v 0.192316 -0.117886 0.0641053
v 0.174 -0.116677 0.082421
v 0.174 -0.119053 0.0785195
v 0.192316 -0.11649 0.082421
v 0.210632 -0.107778 0.082421
v 0.119053 -0.15506 0.0091579
v 0.118269 -0.155684 0.0091579
v 0.118325 -0.155684 0.0274736
v 0.100737 -0.171299 0.0274736
v 0.100737 -0.172884 0.0091579
v 0.100737 -0.147944 0.0457895
v 0.192316 -0.101957 0.100737
v 0.174 -0.114279 0.100737
v 0.210632 -0.100737 0.0908441
v 0.218129 -0.100737 0.082421
v 0.155684 -0.114683 0.082421
v 0.192316 -0.100737 0.101954
v 0.174 -0.100737 0.114221
v 0.193941 -0.100737 0.100737
v 0.100737 -0.155684 0.0430784
v 0.137368 -0.137368 0.0623687
v 0.155684 -0.119053 0.0817136
v 0.082421 -0.169528 0.0274736
v 0.0938374 -0.174 0.0091579
v 0.082421 -0.174 0.0202645
v 0.082421 -0.155684 0.0413461
v 0.082421 -0.185072 0.0091579
v 0.119053 -0.137368 0.0629798
v 0.100737 -0.137368 0.0563707
v 0.0641053 -0.184206 0.0091579
v 0.0641053 -0.174 0.0193738
v 0.0641053 -0.191863 -0.0091579
v 0.0460364 -0.192316 0.0091579
v 0.0639682 -0.192316 -0.0091579
v 0.0457895 -0.192316 0.00940472
v 0.0457895 -0.174 0.0270037
v 0.0274736 -0.192316 0.0199026
v 0.0274736 -0.203046 0.0091579
v 0.0457895 -0.192561 0.0091579
v 0.0457895 -0.210375 -0.0091579
v 0.0309513 -0.210632 -0.0091579
v 0.0274736 -0.210632 -0.00572163
v 0.0274736 -0.214063 -0.0091579
v 0.0430965 -0.210632 -0.0274737
v 0.0274736 -0.226234 -0.0274737
v 0.0457895 -0.209684 -0.0274737
v 0.082421 -0.182643 -0.0091579
v 0.0631702 -0.192316 -0.0274737
v 0.0910867 -0.174 -0.0091579
v 0.0274736 -0.210632 -0.0439196
v 0.0641053 -0.155684 0.0248469
v 0.174 -0.082421 0.117946
v 0.0155246 -0.192316 0.0091579
v 0.0091579 -0.192316 0.00684768
v 0.0091579 -0.210632 0.0030002
v -0.210632 0.082421 0.192219
v -0.210222 0.082421 0.192316
v -0.20869 0.100737 0.192316
v -0.210632 0.100737 0.192137
v -0.228947 0.082421 0.190922
v -0.228947 0.100737 0.191303
v -0.192316 0.11483 0.192316
v -0.192316 0.082421 0.208131
v -0.192316 0.100737 0.206275
v -0.174 0.100737 0.209822
v -0.246667 0.100737 0.174
v -0.24627 0.082421 0.174
v -0.174 0.082421 0.210267
v -0.165159 0.100737 0.210632
v -0.172024 0.082421 0.210632
v -0.155684 0.082421 0.226077
v -0.155684 0.100737 0.219786
v -0.155684 0.0641053 0.207898
v -0.247263 0.082421 0.172344
v -0.155684 0.0665333 0.210632
v -0.247263 0.100737 0.169343
v -0.258738 0.100737 0.155684
v -0.263272 0.082421 0.155684
v -0.247263 0.112214 0.155684
v 0.320526 -0.0274737 0.301767
v 0.338842 -0.0091579 0.30004
v 0.320526 -0.0232478 0.302211
v 0.338842 -0.0274737 0.299823
v 0.330167 -0.0091579 0.302211
v 0.310829 -0.0091579 0.302211
v 0.302211 -0.0091579 0.300645
v 0.302211 -0.0274737 0.298814
v 0.344924 -0.0091579 0.302211
v 0.34347 -0.0274737 0.302211
v 0.357158 -0.0274737 0.30776
v 0.320526 -0.0457895 0.290314
v 0.320526 -0.0091579 0.308849
v 0.357158 -0.0091579 0.311684
v 0.338842 -0.0295367 0.302211
v 0.338842 -0.0457895 0.311891
v 0.3292 -0.0457895 0.302211
v 0.338842 -0.00853771 0.302211
v 0.338842 0.0091579 0.319412
v 0.0303647 0.100737 0.174
v 0.0457895 0.0955641 0.174
v 0.0274736 0.100737 0.174338
v 0.0457895 0.100737 0.169278
v 0.0274736 0.119053 0.157431
v 0.0641053 0.092764 0.174
v 0.0641053 0.100737 0.166098
v 0.0274736 0.100868 0.174
v 0.0274736 0.0863731 0.192316
v 0.0457895 0.0832378 0.192316
v 0.0091579 0.100737 0.17485
v 0.0091579 0.0884826 0.192316
v 0.082421 0.092691 0.174
v 0.0641053 0.0824902 0.192316
v 0.0647115 0.082421 0.192316
v 0.082421 0.100737 0.166468
v 0.0091579 0.119053 0.157051
v 0.0091579 0.100891 0.174
v 0.0457895 0.119053 0.158165
v 0.0641053 0.119053 0.159737
v -0.0091579 0.100737 0.161294
v 0.00839412 0.100737 0.174
v -0.0091579 0.0876048 0.174
v -0.0274737 0.100737 0.168332
v -0.0274737 0.0950848 0.174
v -0.0457895 0.100737 0.16668
v -0.0457895 0.093388 0.174
v -0.0274737 0.119053 0.156347
v -0.0091579 0.119053 0.156592
v -0.0457895 0.119053 0.156228
v -0.0641053 0.100737 0.156291
v -0.0641053 0.0826323 0.174
v -0.082421 0.100737 0.157592
v -0.082421 0.0842068 0.174
v 0.082421 0.119053 0.165763
v -0.100737 0.100737 0.171556
v -0.100737 0.0984308 0.174
v 0.100737 0.100737 0.165101
v 0.082421 0.082421 0.177867
v 0.100737 0.0923833 0.174
v 0.100737 0.082421 0.175348
v 0.100737 0.0652534 0.192316
v 0.082421 0.0684991 0.192316
v 0.103514 0.0641053 0.192316
v 0.119053 0.0843211 0.174
v 0.119053 0.082421 0.174148
v 0.119053 0.0641053 0.177407
v 0.137368 0.0641053 0.176707
v 0.137368 0.0814618 0.174
v 0.134298 0.082421 0.174
v -0.082421 0.119053 0.156034
v -0.0831358 0.119053 0.155684
v -0.0965144 0.137368 0.155684
v -0.100737 0.137368 0.159396
v -0.0831358 0.119053 0.155684
v -0.100737 0.141462 0.155684
v -0.0829481 0.137368 0.137368
v -0.100737 0.126742 0.174
v -0.119053 0.137368 0.173177
v -0.119053 0.153458 0.155684
v -0.119053 0.155684 0.153248
v -0.119053 0.136544 0.174
v -0.119053 0.119053 0.189612
v -0.100737 0.119053 0.184066
v -0.100737 0.155684 0.151712
v -0.0841182 0.155684 0.137368
v -0.100737 0.170644 0.137368
v -0.100737 0.174 0.13533
v -0.119053 0.100737 0.191694
v -0.119581 0.100737 0.192316
v -0.131872 0.119053 0.192316
v -0.137368 0.119053 0.197543
v -0.137368 0.100737 0.209685
v -0.120451 0.082421 0.192316
v -0.137368 0.082421 0.209311
v -0.140176 0.082421 0.210632
v -0.146398 0.100737 0.210632
v -0.155684 0.100737 0.219786
v -0.155684 0.082421 0.226077
v -0.155684 0.0665333 0.210632
v -0.0838172 0.119053 0.137368
v -0.082421 0.110936 0.137368
v 0.082421 -0.141178 -0.0091579
v 0.0641053 -0.140039 0.0091579
v 0.082421 -0.137368 0.000669897
v 0.0724195 -0.137368 0.0091579
v 0.082421 -0.129549 0.0091579
v 0.100737 -0.137368 -0.00798881
v 0.100737 -0.120084 0.0091579
v 0.119053 -0.119053 -0.00120181
v 0.107511 -0.119053 0.0091579
v 0.119053 -0.10871 0.0091579
v 0.119053 -0.100942 0.0274736
v 0.1008 -0.119053 0.0274736
v 0.100737 -0.119122 0.0274736
v 0.119053 -0.100737 0.0334777
v 0.108991 -0.100737 0.0457895
v 0.119053 -0.082421 0.0455658
v 0.137368 -0.082421 0.0367738
v 0.122762 -0.100737 0.0274736
v 0.137368 -0.086098 0.0274736
v 0.155684 -0.082421 0.0277713
v 0.137368 -0.100737 0.0147402
v 0.155684 -0.0827348 0.0274736
v 0.155684 -0.100737 0.0112854
v 0.165241 -0.082421 0.0274736
v 0.155684 -0.0653428 0.0457895
v 0.174 -0.0806228 0.0274736
v 0.174 -0.082421 0.0258247
v 0.174 -0.0653473 0.0457895
v 0.192316 -0.0655071 0.0457895
v 0.141902 -0.0641053 0.0457895
v 0.137368 -0.114613 0.0091579
v 0.137368 -0.119053 0.00526088
v 0.137368 -0.0641053 0.0416034
v 0.119053 -0.137368 -0.0081988
v 0.155684 -0.0642561 0.0641053
v 0.174 -0.0641053 0.0500032
v 0.155863 -0.0641053 0.0641053
v 0.192316 -0.0641053 0.0465821
v 0.0641053 -0.140985 -0.0091579
v 0.082421 -0.155684 -0.0232575
v 0.0641053 -0.155684 -0.0242612
v 0.0457895 -0.148313 -0.0091579
v 0.0457895 -0.155684 -0.0174242
v 0.0380831 -0.155684 -0.0091579
v 0.0457895 -0.14618 0.0091579
v 0.0457895 -0.157523 -0.0274737
v 0.0274736 -0.155977 -0.0091579
v 0.0274736 -0.160557 -0.0274737
v 0.0457895 -0.174 -0.0436311
v 0.0274736 -0.174 -0.0409788
v 0.0140098 -0.174 -0.0274737
v 0.0091579 -0.178496 -0.0274737
v 0.0091579 -0.192316 -0.0415052
v -0.00462079 -0.192316 -0.0274737
v -0.0091579 -0.19551 -0.0274737
v 0.0091579 -0.196382 -0.0457895
v -0.0091579 -0.207388 -0.0457895
v 0.0091579 -0.210632 -0.05983
v -0.0091579 -0.210632 -0.0490573
v -0.0127628 -0.210632 -0.0457895
v -0.0250195 -0.210632 -0.0274737
v -0.0091579 -0.228947 -0.060522
v 0.00944918 -0.174 -0.0091579
v -0.0274737 -0.228947 -0.0635853
v -0.0274737 -0.211155 -0.0457895
v -0.0457895 -0.211207 -0.0457895
v -0.0457895 -0.228947 -0.0640979
v -0.0641053 -0.218609 -0.0457895
v -0.0641053 -0.228947 -0.0615896
v -0.0744443 -0.228947 -0.0457895
v -0.082421 -0.245313 -0.0641053
v -0.0641053 -0.229454 -0.0641053
v -0.0641053 -0.247263 -0.0803588
v -0.082421 -0.247263 -0.0661215
v -0.100737 -0.245385 -0.0641053
v -0.100737 -0.247263 -0.066043
v -0.104668 -0.247263 -0.0641053
v 0.0091579 -0.176756 -0.0091579
v 0.0360894 -0.155684 0.0091579
v 0.0274736 -0.159093 0.0091579
v -0.00621068 -0.192316 -0.0091579
v 0.0274736 -0.192316 -0.0456294
v 0.0641053 -0.174 -0.0339841
v 0.0641053 -0.166875 -0.0274737
v 0.082421 -0.138022 0.0274736
v 0.0128561 -0.174 0.0091579
v 0.082421 -0.137368 0.0250401
v 0.0824744 -0.137368 0.0274736
v 0.100737 -0.124029 0.0457895
v 0.101204 -0.119053 0.0457895
v 0.100737 -0.155684 -0.00809669
v 0.116749 -0.082421 0.0457895
v -0.047466 -0.247263 -0.0641053
v -0.381865 -0.0457895 -0.174
v -0.393789 -0.0457895 -0.178591
v -0.393789 -0.0506435 -0.174
v -0.393789 -0.0641053 -0.160686
v -0.393789 -0.0302546 -0.192316
v -0.411539 -0.0641053 -0.174
v -0.412105 -0.0466154 -0.192316
v -0.412105 -0.082421 -0.15782
v -0.410089 -0.0457895 -0.192316
v -0.375474 -0.0457895 -0.167703
v -0.375474 -0.0395349 -0.174
v -0.357158 -0.028257 -0.174
v -0.388618 -0.0274737 -0.192316
v -0.357158 -0.0457895 -0.159133
v -0.412105 -0.0643301 -0.174
v -0.430421 -0.082421 -0.164204
v -0.430421 -0.0725601 -0.174
v -0.412105 -0.0641053 -0.174205
v -0.346728 -0.0457895 -0.155684
v -0.375474 -0.0274737 -0.181909
v -0.357158 -0.0274737 -0.174524
v -0.375474 -0.0171057 -0.192316
v -0.356119 -0.0274737 -0.174
v -0.338842 -0.0378314 -0.155684
v -0.338842 -0.0133753 -0.174
v -0.338842 -0.0274737 -0.159988
v -0.320526 -0.0200508 -0.155684
v -0.32813 -0.0274737 -0.155684
v -0.357158 -0.0110675 -0.192316
v -0.338842 -0.0457895 -0.147847
v -0.320526 -0.0274737 -0.148231
v -0.302211 -0.0109541 -0.155684
v -0.302211 -0.0274737 -0.139424
v -0.440438 -0.082421 -0.174
v -0.294674 -0.0274737 -0.137368
v -0.283895 -0.0169572 -0.137368
v -0.283895 -0.0274737 -0.126908
v -0.265579 -0.0257732 -0.119053
v -0.265579 -0.0095157 -0.137368
v -0.412105 -0.0862127 -0.155684
v -0.428283 -0.0641053 -0.192316
v -0.267289 -0.0274737 -0.119053
v -0.412105 -0.034083 -0.210632
v -0.320526 -0.00957596 -0.174
v -0.320526 -0.0457895 -0.140361
v -0.423721 -0.0457895 -0.210632
v -0.412105 -0.0457895 -0.195474
v -0.393789 -0.0274737 -0.193507
v -0.393789 -0.0105326 -0.210632
v -0.409995 -0.0274737 -0.210632
v -0.375474 -0.0641053 -0.162697
v -0.430421 -0.0855695 -0.155684
v -0.445687 -0.100737 -0.155684
v -0.430421 -0.100737 -0.140481
v -0.375474 -0.0104793 -0.210632
v -0.286709 -0.0091579 -0.155684
v -0.412105 -0.100737 -0.141478
v -0.338842 -0.00924683 -0.192316
v -0.430421 -0.119053 -0.138133
v -0.447984 -0.119053 -0.155684
v -0.430421 -0.0787146 -0.192316
v -0.434225 -0.082421 -0.192316
v -0.393789 -0.082421 -0.156996
v -0.412105 -0.119053 -0.138812
v -0.357158 -0.00970036 -0.210632
v -0.393789 -0.100737 -0.156428
v -0.395842 -0.100737 -0.155684
v -0.375474 -0.082421 -0.160357
v -0.357158 -0.0641053 -0.165416
v -0.393789 -0.00999087 -0.228947
v -0.375474 -0.0108175 -0.228947
v -0.430421 -0.137368 -0.145562
v -0.440567 -0.137368 -0.155684
v -0.430421 -0.147906 -0.155684
v -0.082421 -0.0174383 0.082421
v -0.0641053 -0.0242197 0.082421
v -0.0641053 -0.0110214 0.100737
v -0.0674512 -0.0091579 0.100737
v -0.082421 -0.0091579 0.0933961
v -0.100737 -0.0136927 0.082421
v -0.100737 -0.0091579 0.0876592
v -0.115189 -0.0091579 0.082421
v -0.119053 -0.0229447 0.0641053
v -0.119053 -0.0091579 0.0819058
v -0.0457895 -0.0108984 0.100737
v -0.0457895 -0.0274737 0.0867455
v -0.0457895 -0.0091579 0.102826
v -0.0641053 -0.0091579 0.103986
v -0.0510132 -0.0274737 0.082421
v -0.135829 -0.0091579 0.0641053
v -0.100737 -0.0188039 0.0641053
v -0.082421 -0.0203294 0.0641053
v -0.0641053 -0.0266901 0.0641053
v -0.0641053 -0.0274737 0.0627556
v -0.082324 -0.0274737 0.0457895
v -0.0629745 -0.0274737 0.0641053
v -0.228947 -0.0597569 -0.082421
v -0.238165 -0.0457895 -0.082421
v -0.244754 -0.0641053 -0.100737
v -0.228947 -0.0457895 -0.0732169
v -0.220639 -0.0457895 -0.0641053
v -0.247263 -0.0561511 -0.100737
v -0.247263 -0.0457895 -0.0916198
v -0.256409 -0.0457895 -0.100737
v -0.260238 -0.0641053 -0.119053
v -0.247263 -0.0641053 -0.105676
v -0.265579 -0.0570809 -0.119053
v -0.265579 -0.0641053 -0.123273
v -0.281277 -0.0641053 -0.137368
v -0.276166 -0.0457895 -0.119053
v -0.265579 -0.0457895 -0.108458
v -0.247263 -0.0764763 -0.119053
v -0.265579 -0.0777047 -0.137368
v -0.283895 -0.0794781 -0.155684
v -0.228947 -0.0793673 -0.100737
v -0.228947 -0.0641053 -0.083552
v -0.228061 -0.0641053 -0.082421
v -0.210632 -0.0587095 -0.0641053
v -0.210632 -0.0457895 -0.0540923
v -0.202116 -0.0457895 -0.0457895
v -0.210632 -0.0803081 -0.082421
v -0.210632 -0.0641053 -0.0654837
v -0.283895 -0.0619344 -0.137368
v -0.283895 -0.0641053 -0.139007
v -0.30162 -0.0457895 -0.137368
v -0.283895 -0.0457895 -0.123096
v -0.210125 -0.0641053 -0.0641053
v -0.207612 -0.082421 -0.082421
v -0.302211 -0.0457895 -0.137482
v -0.302211 -0.0800626 -0.155684
v -0.302211 -0.0641053 -0.139888
v -0.320526 -0.0788297 -0.155684
v -0.320526 -0.0641053 -0.141725
v -0.337771 -0.0641053 -0.155684
v -0.338842 -0.060278 -0.155684
v -0.338842 -0.0457895 -0.147847
v -0.320526 -0.082421 -0.163131
v -0.338842 -0.0641053 -0.155996
v -0.346728 -0.0457895 -0.155684
v -0.338842 -0.082421 -0.163227
v -0.338842 -0.0933411 -0.174
v -0.357158 -0.082421 -0.16721
v -0.357158 -0.0893701 -0.174
v -0.357158 -0.0641053 -0.165416
v -0.357158 -0.0457895 -0.159133
v -0.320526 -0.0457895 -0.140361
v -0.320526 -0.0924161 -0.174
v -0.357158 -0.0981307 -0.192316
v -0.375474 -0.0641053 -0.162697
v -0.206905 -0.082421 -0.0641053
v 0.320526 -0.0456911 0.228947
v 0.320526 -0.0457895 0.240973
v 0.318989 -0.0457895 0.247263
v 0.302211 -0.0445036 0.247263
v 0.302211 -0.0447752 0.228947
v 0.308347 -0.0457895 0.265579
v 0.302211 -0.0411513 0.210632
v 0.283895 -0.0445681 0.210632
v 0.302211 -0.0376513 0.192316
v 0.338842 -0.0404976 0.228947
v 0.320526 -0.0337987 0.210632
v 0.338842 -0.0351311 0.210632
v 0.357158 -0.0397852 0.228947
v 0.357158 -0.0448469 0.247263
v 0.375474 -0.0405668 0.247263
v 0.375474 -0.0435889 0.265579
v 0.320526 -0.0365671 0.192316
v 0.357158 -0.0457895 0.249539
v 0.369562 -0.0457895 0.265579
v 0.375474 -0.0441173 0.283895
v 0.370398 -0.0457895 0.283895
v 0.357158 -0.0457895 0.297215
v 0.302211 -0.0422764 0.265579
v 0.283895 -0.0398957 0.247263
v 0.283895 -0.0313855 0.228947
v 0.313301 -0.0457895 0.283895
v 0.302211 -0.042494 0.283895
v 0.320526 -0.0457895 0.290314
v 0.265579 -0.0448653 0.228947
v 0.265579 -0.0441238 0.210632
v 0.247263 -0.0425661 0.210632
v 0.265579 -0.0457895 0.194724
v 0.283895 -0.0457895 0.201856
v -0.19916 0.137368 0.0641053
v -0.209803 0.137368 0.082421
v -0.20863 0.155684 0.0641053
v -0.210632 0.155684 0.0680271
v -0.210632 0.161762 0.0641053
v -0.210632 0.174 0.0520984
v -0.210632 0.140098 0.082421
v -0.210632 0.137368 0.0836906
v -0.224375 0.155684 0.082421
v -0.192316 0.155684 0.0477722
v -0.226684 0.137368 0.100737
v -0.222039 0.174 0.0641053
v -0.208791 0.174 0.0457895
v -0.192316 0.157417 0.0457895
v -0.192316 0.174 0.0275019
v -0.192316 0.175312 0.0274736
v -0.194787 0.192316 0.0274736
v -0.192316 0.192316 0.0249848
v -0.192316 0.210632 0.0223796
v -0.197406 0.210632 0.0274736
v -0.209773 0.192316 0.0457895
v -0.209692 0.210632 0.0457895
v -0.209936 0.119053 0.082421
v -0.197054 0.119053 0.0641053
v -0.210632 0.119053 0.0838928
v -0.227127 0.119053 0.100737
v -0.192316 0.137368 0.0477782
v -0.191486 0.137368 0.0457895
v -0.210632 0.10246 0.100737
v -0.192316 0.10151 0.082421
v -0.192261 0.174 0.0274736
v -0.174 0.174 0.0127843
v -0.174 0.157544 0.0274736
v -0.174 0.210632 0.0109469
v -0.174 0.192316 0.0127074
v -0.200614 0.100737 0.0641053
v -0.225463 0.174 0.082421
v -0.225946 0.155684 0.100737
v -0.228445 0.137368 0.119053
v -0.228012 0.119053 0.119053
v -0.228947 0.137368 0.123649
v -0.228947 0.119053 0.121549
v -0.243575 0.119053 0.137368
v -0.228947 0.108459 0.119053
v -0.240036 0.137368 0.137368
v -0.228947 0.100737 0.113316
v -0.210366 0.192316 0.0641053
v -0.210632 0.185854 0.0641053
v -0.234709 0.100737 0.119053
v -0.228947 0.0897785 0.119053
v -0.22742 0.082421 0.119053
v -0.245239 0.082421 0.137368
v -0.246271 0.100737 0.137368
v -0.228947 0.082421 0.119769
v -0.210632 0.082421 0.104916
v -0.247263 0.100737 0.144204
v -0.247263 0.082421 0.139534
v -0.263272 0.082421 0.155684
v -0.258738 0.100737 0.155684
v -0.210632 0.100737 0.102588
v -0.247263 0.112214 0.155684
v -0.224695 0.155684 0.119053
v -0.210632 0.188831 0.082421
v -0.242165 0.119053 0.155684
v -0.174 0.155684 0.0376081
v -0.179699 0.155684 0.0457895
v -0.192316 0.215839 0.0274736
v -0.218505 0.174 0.100737
v -0.192316 0.100737 0.101431
v -0.192316 0.082421 0.103348
v -0.174 0.082421 0.101561
v -0.174 0.0968131 0.100737
v -0.169572 0.082421 0.100737
v -0.174 0.0730518 0.100737
v -0.180414 0.0641053 0.100737
v -0.192316 0.0641053 0.117871
v -0.177238 0.100737 0.100737
v -0.0597495 -0.0457895 0.0641053
v -0.0641053 -0.0457895 0.0635383
v -0.0641053 -0.0632492 0.0641053
v -0.0629745 -0.0274737 0.0641053
v -0.082421 -0.0641053 0.059024
v -0.082421 -0.0457895 0.0596598
v -0.0641053 -0.0274737 0.0627556
v -0.0647356 -0.0641053 0.0641053
v -0.0641053 -0.0641053 0.0647344
v -0.100737 -0.0641053 0.0419502
v -0.11297 -0.0457895 0.0274736
v -0.115168 -0.0641053 0.0274736
v -0.100737 -0.0457895 0.0397953
v -0.119053 -0.0641053 0.0233211
v -0.0963724 -0.0457895 0.0457895
v -0.0957074 -0.0641053 0.0457895
v -0.119053 -0.0457895 0.0234671
v -0.133533 -0.0457895 0.0091579
v -0.133978 -0.0641053 0.0091579
v -0.137368 -0.0641053 0.00690502
v -0.100737 -0.0287107 0.0274736
v -0.082421 -0.0275689 0.0457895
v -0.100263 -0.0274737 0.0274736
v -0.100737 -0.0274737 0.0272097
v -0.082324 -0.0274737 0.0457895
v 0.338842 0.0457895 0.217429
v 0.338842 0.0573609 0.228947
v 0.357158 0.0457895 0.215104
v 0.357158 0.0596477 0.228947
v 0.320526 0.0637832 0.228947
v 0.357158 0.0274736 0.211166
v 0.375474 0.0274736 0.21924
v 0.371032 0.0457895 0.228947
v 0.357158 0.0091579 0.212351
v 0.375474 0.0091579 0.219355
v 0.357158 -0.0091579 0.210864
v 0.338842 -0.0091579 0.212295
v 0.375474 -0.0091579 0.218086
v 0.357158 -0.0274737 0.216817
v 0.338842 -0.0155383 0.210632
v 0.346334 -0.0274737 0.210632
v 0.385358 0.0091579 0.228947
v 0.385227 0.0274736 0.228947
v 0.386344 -0.0091579 0.228947
v 0.375474 0.0368187 0.228947
v -0.437521 0.0274736 -0.0457895
v -0.448737 0.0274736 -0.0345868
v -0.448737 0.0140206 -0.0457895
v -0.430421 0.0274736 -0.0537167
v -0.430421 0.0174398 -0.0641053
v -0.419738 0.0274736 -0.0641053
v -0.412105 0.0457895 -0.0553479
v -0.412105 0.0364136 -0.0641053
v -0.448737 0.0091579 -0.0539283
v -0.441454 0.0091579 -0.0641053
v -0.448737 0.00185168 -0.0641053
v -0.467053 -0.00706053 -0.0457895
v -0.413488 0.0274736 -0.082421
v -0.449972 0.0091579 -0.0457895
v -0.467053 0.0091579 -0.0295404
v -0.430421 0.0145139 -0.082421
v -0.430421 0.0457895 -0.0481443
v -0.467053 -0.00777042 -0.0641053
v -0.412105 0.0641053 -0.051501
v -0.448737 0.0124936 -0.082421
v -0.448737 0.0091579 -0.0715463
v -0.467053 0.0274736 -0.0290579
v -0.448737 0.0457895 -0.0434981
v -0.445489 0.0457895 -0.0457895
v -0.485368 -0.00054723 -0.0457895
v -0.485368 0.0091579 -0.0362771
v -0.382966 -0.119053 -0.174
v -0.393789 -0.119053 -0.163369
v -0.393789 -0.130269 -0.174
v -0.398644 -0.137368 -0.174
v -0.393789 -0.100737 -0.156428
v -0.376503 -0.100737 -0.174
v -0.375474 -0.082421 -0.160357
v -0.375474 -0.0975414 -0.174
v -0.357158 -0.082421 -0.16721
v -0.357158 -0.0893701 -0.174
v -0.357158 -0.0641053 -0.165416
v -0.357158 -0.0981307 -0.192316
v -0.395194 -0.119053 -0.155684
v -0.410754 -0.137368 -0.155684
v -0.412105 -0.119053 -0.138812
v -0.412105 -0.137368 -0.154306
v -0.412105 -0.138846 -0.155684
v -0.412105 -0.150484 -0.174
v -0.430421 -0.137368 -0.145562
v -0.430421 -0.147906 -0.155684
v -0.375474 -0.100737 -0.181253
v -0.366455 -0.100737 -0.192316
v -0.375474 -0.109967 -0.192316
v -0.393789 -0.119053 -0.191833
v -0.430421 -0.148626 -0.174
v -0.393833 -0.119053 -0.192316
v -0.412105 -0.100737 -0.141478
v -0.395842 -0.100737 -0.155684
v -0.430421 -0.119053 -0.138133
v -0.209568 0.119053 0.0457895
v -0.192316 0.137207 0.0457895
v -0.192316 0.119053 0.0277199
v -0.174 0.1318 0.0274736
v -0.174 0.137368 0.0314192
v -0.167541 0.137368 0.0274736
v -0.155684 0.137368 0.0183453
v -0.174 0.119053 0.0176194
v -0.190414 0.119053 0.0274736
v -0.155684 0.155684 0.0251527
v -0.174 0.155684 0.0376081
v -0.191486 0.137368 0.0457895
v -0.159519 0.155684 0.0274736
v -0.179699 0.155684 0.0457895
v -0.210632 0.113481 0.0457895
v -0.192316 0.11894 0.0274736
v -0.192316 0.155684 0.0477722
v -0.192316 0.137368 0.0477782
v -0.19916 0.137368 0.0641053
v -0.0939121 0.155684 0.0457895
v -0.082421 0.137368 0.0488135
v -0.0916188 0.137368 0.0457895
v -0.082421 0.119618 0.0457895
v -0.082421 0.155684 0.0467261
v -0.0641053 0.155684 0.0628481
v -0.100737 0.137368 0.0373707
v -0.100737 0.155684 0.0401938
v -0.0661696 0.137368 0.0641053
v -0.0641053 0.153474 0.0641053
v -0.0819457 0.119053 0.0457895
v -0.0641053 0.157829 0.0641053
v -0.0628802 0.155684 0.0641053
v -0.0641053 0.137368 0.0691527
v -0.0535036 0.137368 0.082421
v -0.0641053 0.119053 0.0704449
v -0.0514736 0.119053 0.082421
v -0.0752748 0.119053 0.0641053
v -0.0501999 0.155684 0.082421
v -0.0599577 0.174 0.082421
v -0.0641053 0.174 0.076215
v -0.082421 0.119053 0.0453184
v -0.0641053 0.17993 0.082421
v -0.048305 0.119053 0.100737
v -0.065054 0.174 0.0641053
v -0.0644521 0.192316 0.082421
v -0.0522083 0.137368 0.100737
v -0.0645822 0.192316 0.0641053
v -0.0649312 0.174 0.0457895
v -0.0506986 0.155684 0.100737
v -0.0476161 0.137368 0.119053
v -0.0507402 0.119053 0.119053
v -0.0501654 0.155684 0.119053
v -0.0651273 0.174 0.100737
v -0.0641053 0.174 0.0876804
v -0.0641053 0.170273 0.100737
v -0.0678515 0.192316 0.100737
v -0.0766996 0.210632 0.082421
v -0.0749491 0.174 0.119053
v 0.119053 -0.0641053 0.0637699
v 0.119053 -0.082421 0.0464301
v 0.137368 -0.0641053 0.0504318
v 0.116749 -0.082421 0.0457895
v 0.100737 -0.0816601 0.0457895
v -0.484555 0.0457895 -0.082421
v -0.473369 0.0641053 -0.100737
v -0.478279 0.0457895 -0.100737
v -0.48201 0.0641053 -0.082421
v -0.483695 0.0274736 -0.082421
v -0.485368 0.0457895 -0.0663381
v -0.485368 0.0479841 -0.0641053
v -0.485368 0.0274736 -0.0793337
v -0.476788 0.0641053 -0.0641053
v -0.467053 0.0789465 -0.082421
v -0.467053 0.0704093 -0.100737
v -0.50059 0.0274736 -0.0641053
v -0.487466 0.0457895 -0.0641053
v -0.498773 0.0274736 -0.0457895
v -0.467053 0.0641053 -0.107029
v -0.467053 0.0457895 -0.111977
v -0.466159 0.0641053 -0.119053
v -0.465923 0.082421 -0.100737
v -0.465265 0.082421 -0.119053
v -0.457533 0.082421 -0.137368
v -0.448737 0.0989175 -0.119053
v -0.448737 0.0910076 -0.137368
v -0.448737 0.0995679 -0.100737
v -0.448737 0.082421 -0.145945
v -0.495078 0.0091579 -0.0457895
v -0.430421 0.100109 -0.137368
v -0.450364 0.0641053 -0.137368
v -0.448737 0.0641053 -0.138981
v -0.451089 0.0457895 -0.119053
v -0.487912 0.0091579 -0.0641053
v -0.485368 0.0091579 -0.0665308
v -0.467053 0.0091579 -0.081189
v -0.467053 0.0107242 -0.082421
v -0.467053 0.0274736 -0.0989419
v -0.467053 0.0346243 -0.100737
v -0.448737 0.0625378 -0.137368
v -0.448737 0.0457895 -0.121348
v -0.448737 0.0435004 -0.119053
v -0.448737 0.0274736 -0.1032
v -0.485368 0.00675219 -0.0641053
v -0.485368 -0.00054723 -0.0457895
v -0.45123 0.0274736 -0.100737
v -0.448737 0.0250261 -0.100737
v 0.082421 -0.098277 0.082421
v 0.0641053 -0.098296 0.082421
v 0.0641053 -0.0997474 0.0641053
v 0.082421 -0.0992265 0.0641053
v 0.0457895 -0.100517 0.0641053
v 0.082421 -0.100737 0.0505922
v 0.100737 -0.0969388 0.082421
v 0.082421 -0.0986419 0.100737
v 0.0641053 -0.0999212 0.100737
v 0.0641053 -0.100737 0.060686
v 0.0457895 -0.100737 0.0581887
v 0.100737 -0.093766 0.0641053
v 0.0457895 -0.0939562 0.082421
v 0.0457895 -0.098043 0.100737
v 0.0274736 -0.090548 0.082421
v 0.0274736 -0.0826909 0.0641053
v 0.0457895 -0.109725 0.0457895
v 0.0274736 -0.116973 0.0457895
v 0.0641053 -0.11495 0.0457895
v 0.082421 -0.104942 0.0457895
v 0.100737 -0.082421 0.10003
v 0.0091579 -0.0972923 0.0641053
v 0.0091579 -0.096954 0.082421
v 0.0274736 -0.082421 0.0980073
v 0.176173 -0.082421 0.0274736
v 0.192316 -0.100737 0.0330456
v 0.186607 -0.100737 0.0274736
v 0.174 -0.100737 0.0149571
v 0.174 -0.082421 0.0258247
v 0.174 -0.0806228 0.0274736
v 0.155684 -0.100737 0.0112854
v 0.192316 -0.082421 0.0300602
v 0.155684 -0.119053 0.00993377
v 0.210632 -0.082421 0.0428394
v 0.192316 -0.0655071 0.0457895
v 0.210632 -0.0779769 0.0457895
v 0.213663 -0.082421 0.0457895
v 0.210632 -0.0641053 0.046943
v 0.192316 -0.0641053 0.0465821
v 0.174 -0.0653473 0.0457895
v 0.228947 -0.0795127 0.0641053
v 0.155684 -0.0827348 0.0274736
v 0.137368 -0.100737 0.0147402
v 0.137368 -0.114613 0.0091579
v 0.142043 -0.119053 0.0091579
v 0.137368 -0.119053 0.00526088
v 0.159328 -0.082421 0.174
v 0.155684 -0.0641053 0.156933
v 0.174 -0.082421 0.157819
v 0.174 -0.0970268 0.174
v 0.155938 -0.0641053 0.155684
v 0.174 -0.0806232 0.155684
v 0.155684 -0.0729625 0.174
v 0.217648 -0.082421 0.155684
v 0.228947 -0.0925496 0.155684
v 0.210632 -0.0973849 0.174
v 0.210632 -0.082421 0.158292
v 0.210632 -0.0810695 0.155684
v 0.192316 -0.082421 0.156898
v 0.192316 -0.0986748 0.174
v 0.192316 -0.0812386 0.155684
v 0.119053 0.0641053 -0.095953
v 0.119053 0.0457895 -0.0991318
v 0.100737 0.0641053 -0.0989653
v 0.137368 0.0457895 -0.0943269
v 0.119053 0.0274736 -0.0988809
v 0.137368 0.0274736 -0.0911816
v 0.119053 0.0091579 -0.0986363
v 0.11721 0.0274736 -0.100737
v 0.117561 0.0457895 -0.100737
v 0.102584 0.0091579 -0.100737
v 0.100737 -0.0091579 -0.0993893
v 0.100737 0.00733173 -0.100737
v 0.0935333 -0.0091579 -0.100737
v 0.100737 0.0274736 -0.116496
v 0.100737 0.0091579 -0.102495
v 0.100737 0.0457895 -0.117179
v 0.082421 0.0274736 -0.118671
v 0.082421 0.0091579 -0.11572
v 0.0813919 0.0274736 -0.119053
v 0.0777936 0.0091579 -0.119053
v 0.082421 -0.0091579 -0.111402
v 0.0792788 0.0457895 -0.119053
v 0.0641053 0.0091579 -0.132259
v 0.0641053 0.0274736 -0.135826
v 0.0641053 0.0457895 -0.134136
v 0.082421 0.0457895 -0.118517
v 0.082421 -0.0198145 -0.100737
v 0.100737 -0.0261095 -0.082421
v 0.0641053 -0.00391781 -0.119053
v 0.0641053 -0.0091579 -0.109246
v 0.0641053 0.0620264 -0.119053
v 0.0798925 0.0641053 -0.100737
v 0.100737 0.0627106 -0.100737
v 0.0641053 0.0641053 -0.116977
v 0.0732489 0.082421 -0.100737
v 0.082421 0.0641053 -0.0992136
v 0.082421 0.082421 -0.0986447
v 0.100737 0.082421 -0.0967306
v 0.0641053 0.082421 -0.109075
v 0.082421 0.0636876 -0.100737
v 0.0641053 0.0907754 -0.100737
v 0.0641053 0.100735 -0.082421
v 0.082421 0.100737 -0.0945704
v -0.155684 0.0555481 0.137368
v -0.174 0.0467945 0.155684
v -0.174 0.0641053 0.137544
v -0.178103 0.0641053 0.137368
v -0.155684 0.0471677 0.155684
v -0.137368 0.0507441 0.155684
v -0.192316 0.05744 0.137368
v -0.170934 0.0641053 0.137368
v -0.174 0.0690641 0.137368
v -0.192316 0.0630778 0.119053
v -0.210632 0.0591218 0.137368
v -0.192316 0.0479105 0.155684
v -0.210632 0.0531993 0.155684
v -0.210632 0.0641053 0.129109
v -0.226011 0.0641053 0.137368
v -0.174 0.0530602 0.119053
v -0.174 0.055986 0.100737
v -0.155684 0.0459204 0.100737
v -0.223485 0.0641053 0.155684
v -0.155684 0.0457895 0.101009
v -0.194311 0.0641053 0.119053
v -0.210632 0.0663003 0.119053
v -0.22742 0.082421 0.119053
v -0.192316 0.0641053 0.117871
v -0.210632 0.082421 0.104916
v -0.228947 0.082421 0.119769
v -0.180414 0.0641053 0.100737
v -0.228947 0.0642787 0.137368
v -0.245239 0.082421 0.137368
v -0.247263 0.082421 0.139534
v -0.247263 0.0664139 0.155684
v -0.263272 0.082421 0.155684
v -0.192316 0.082421 0.103348
v -0.174 0.082421 0.101561
v -0.174 0.0629727 0.174
v -0.176688 0.0641053 0.192316
v -0.177994 0.0641053 0.174
v -0.192316 0.0642275 0.174
v -0.192316 0.0664719 0.192316
v -0.210632 0.0646513 0.174
v -0.174 0.0641053 0.194869
v -0.192316 0.0641053 0.173449
v -0.210632 0.0641053 0.167384
v -0.228947 0.0649085 0.155684
v -0.228947 0.0655033 0.174
v -0.155684 0.0561723 0.174
v -0.192316 0.082421 0.208131
v -0.210632 0.082421 0.192219
v -0.210222 0.082421 0.192316
v -0.228947 0.082421 0.190922
v -0.174 0.082421 0.210267
v -0.174 0.0615715 0.192316
v -0.155684 0.0641053 0.207898
v -0.155684 0.0491216 0.192316
v -0.24627 0.082421 0.174
v -0.247263 0.082421 0.172344
v -0.137368 0.0641053 0.170626
v -0.0744443 -0.228947 -0.0457895
v -0.082421 -0.247263 -0.0621536
v -0.0641053 -0.240592 -0.0457895
v -0.0641053 -0.228947 -0.0354339
v -0.0457895 -0.228947 -0.028004
v -0.0457895 -0.24676 -0.0457895
v -0.0274737 -0.228947 -0.0275112
v -0.0274737 -0.246665 -0.0457895
v -0.0091579 -0.228947 -0.0284089
v -0.0091579 -0.228136 -0.0274737
v -0.0091579 -0.243685 -0.0457895
v 0.0091579 -0.228947 -0.0389525
v 0.0091579 -0.235793 -0.0457895
v -0.0641053 -0.247263 -0.0474901
v -0.082421 -0.249391 -0.0641053
v -0.100737 -0.249269 -0.0641053
v -0.100737 -0.247263 -0.0622175
v -0.104668 -0.247263 -0.0641053
v -0.0641053 -0.263424 -0.0641053
v 0.0091579 -0.228551 -0.0274737
v 0.0091579 -0.222762 -0.0091579
v 0.0274736 -0.214063 -0.0091579
v 0.0274736 -0.226234 -0.0274737
v 0.0274736 -0.210632 -0.00572163
v 0.0091579 -0.210632 0.0030002
v -0.047466 -0.247263 -0.0641053
v 0.0160939 -0.228947 -0.0457895
v 0.0244175 -0.210632 -0.0457895
v -0.0250195 -0.210632 -0.0274737
v -0.0127628 -0.210632 -0.0457895
v -0.0091579 -0.228136 -0.0274737
v -0.100737 0.112577 0.192316
v -0.100737 0.100737 0.201729
v -0.0999839 0.119053 0.192316
v -0.100737 0.119053 0.184066
v -0.100737 0.126742 0.174
v -0.082421 0.136109 0.192316
v -0.0945888 0.137368 0.174
v -0.082421 0.119053 0.209372
v -0.11304 0.100737 0.192316
v -0.119053 0.100737 0.191694
v -0.0641053 0.136907 0.192316
v -0.0641053 0.119053 0.209418
v -0.0457895 0.136122 0.192316
v -0.0457895 0.119053 0.209049
v -0.0274737 0.136949 0.192316
v -0.0274737 0.119053 0.209839
v -0.00984049 0.137368 0.192316
v -0.0641053 0.137368 0.191929
v -0.082421 0.137368 0.186081
v -0.0641053 0.154659 0.174
v -0.082421 0.149409 0.174
v -0.0091579 0.137368 0.19266
v -0.0091579 0.13771 0.192316
v 0.0091579 0.143561 0.192316
v 0.0091579 0.137368 0.198539
v -0.0091579 0.119053 0.210014
v 0.0091579 0.119053 0.210225
v 0.0274736 0.137368 0.195287
v 0.0274736 0.140297 0.192316
v 0.0274736 0.119053 0.210439
v -0.0457895 0.15244 0.174
v -0.0457895 0.137368 0.189774
v -0.0274737 0.149699 0.174
v 0.0330156 0.137368 0.192316
v 0.0457895 0.126156 0.210632
v 0.0351622 0.119053 0.210632
v 0.0457895 0.119053 0.217816
v -0.0641053 0.100737 0.209307
v -0.082421 0.100737 0.208972
v -0.0091579 0.100737 0.207867
v -0.082421 -0.247263 -0.0661215
v -0.0641053 -0.263424 -0.0641053
v -0.082421 -0.249391 -0.0641053
v -0.0641053 -0.247263 -0.0803588
v -0.100737 -0.247263 -0.066043
v -0.100737 -0.249269 -0.0641053
v -0.104668 -0.247263 -0.0641053
v -0.047466 -0.247263 -0.0641053
v 0.0452127 -0.0457895 -0.0641053
v 0.0274736 -0.0457895 -0.0804287
v 0.0348979 -0.0274737 -0.0641053
v 0.0274736 -0.0274737 -0.0760702
v 0.0208796 -0.0274737 -0.082421
v 0.0190924 -0.0457895 -0.082421
v 0.0091579 -0.0457895 -0.0921861
v 0.0091579 -0.0274737 -0.0912397
v -0.0091579 -0.0457895 -0.0946415
v -0.0091579 -0.0274737 -0.100338
v -0.0274737 -0.0457895 -0.0971813
v -0.0274737 -0.0641053 -0.0947671
v -0.0151556 -0.0274737 -0.100737
v -0.0274737 -0.031519 -0.100737
v -0.0457895 -0.0641053 -0.0938997
v -0.0457895 -0.0457895 -0.098929
v -0.0457895 -0.0274737 -0.0995103
v -0.0348618 -0.0274737 -0.100737
v -0.0274737 -0.0274737 -0.105198
v -0.0641053 -0.0457895 -0.0901048
v -0.174 0.0641437 0.0641053
v -0.182215 0.0641053 0.082421
v -0.189913 0.082421 0.0641053
v -0.174 0.0641053 0.0643152
v -0.0457895 -0.228947 -0.0640979
v -0.0274737 -0.246665 -0.0457895
v -0.0457895 -0.24676 -0.0457895
v -0.0274737 -0.228947 -0.0635853
v -0.0091579 -0.243685 -0.0457895
v -0.0091579 -0.228947 -0.060522
v 0.0091579 -0.235793 -0.0457895
v 0.0091579 -0.228947 -0.0528019
v 0.283895 0.0091579 0.281209
v 0.302211 0.0274736 0.281667
v 0.290905 0.0274736 0.265579
v 0.302211 0.041281 0.265579
v 0.305625 0.0457895 0.265579
v 0.283895 0.0369318 0.247263
v 0.283895 0.0274736 0.256503
v 0.302211 0.0457895 0.262649
v 0.320526 0.0584296 0.265579
v 0.302211 0.0590208 0.247263
v 0.28859 0.0457895 0.247263
v 0.302955 0.0274736 0.283895
v 0.312425 0.0457895 0.283895
v 0.320526 0.0539386 0.283895
v 0.320526 0.0457895 0.292093
v 0.320526 0.0274736 0.299352
v 0.283895 0.0246328 0.265579
v 0.268405 0.0091579 0.265579
v 0.265579 0.0091579 0.260781
v 0.338842 0.0582572 0.283895
v 0.338842 0.0457895 0.296467
v 0.320526 0.0630674 0.247263
v 0.302211 0.0620297 0.228947
v 0.302211 0.0091579 0.281849
v 0.283895 0.0457895 0.246019
v 0.265579 0.0274736 0.260858
v 0.265579 0.040914 0.247263
v 0.251284 0.0274736 0.247263
v 0.119053 0.0627064 0.174
v 0.100737 0.0598084 0.192316
v 0.119053 0.0641053 0.177407
v 0.137368 0.0641053 0.176707
v 0.100737 0.0631106 0.174
v 0.100737 0.0641053 0.169489
v 0.082421 0.0641053 0.161438
v 0.082421 0.0603892 0.174
v 0.137368 0.0630718 0.174
v 0.0641053 0.0457895 0.173582
v 0.138519 0.0641053 0.174
v 0.137368 -0.0641053 0.0666723
v 0.155684 -0.0642788 0.082421
v 0.141076 -0.082421 0.0641053
v 0.155395 -0.0641053 0.082421
v 0.137368 -0.082421 0.0685126
v 0.137368 -0.0898169 0.0641053
v 0.120396 -0.082421 0.082421
v 0.141076 -0.082421 0.0641053
v 0.122788 -0.100737 0.0641053
v 0.137368 -0.0641053 0.0666723
v 0.119053 -0.0641053 0.0642419
v 0.192316 0.119053 0.121796
v 0.192316 0.109349 0.119053
v 0.176348 0.119053 0.137368
v 0.174 0.100737 0.12752
v 0.192316 0.134549 0.137368
v 0.174 0.135483 0.155684
v 0.174 0.119053 0.138907
v 0.198127 0.119053 0.119053
v 0.155684 0.129164 0.155684
v 0.203279 0.137368 0.137368
v 0.155684 0.119053 0.143218
v 0.137368 0.125266 0.155684
v 0.137368 0.119053 0.144527
v 0.228947 -0.082421 0.140465
v 0.24105 -0.082421 0.137368
v 0.228947 -0.0925496 0.155684
v 0.247263 -0.0845017 0.137368
v 0.228947 -0.082108 0.137368
v 0.227385 -0.082421 0.137368
v 0.210632 -0.0957587 0.137368
v 0.225172 -0.0457895 0.0457895
v 0.210632 -0.0457895 0.0310109
v 0.211952 -0.0274737 0.0457895
v 0.210632 -0.0274737 0.0434245
v 0.228947 -0.0457895 0.0581207
v 0.204788 -0.0274737 0.0274736
v -0.174 0.0641053 0.0643152
v -0.174 0.0640899 0.0641053
v -0.182215 0.0641053 0.082421
v -0.192316 0.0457895 0.0800537
v -0.155684 0.0457895 0.101009
v -0.155684 0.0440115 0.100737
v -0.171511 0.0457895 0.119053
v -0.161421 0.0274736 0.100737
v -0.155351 0.0457895 0.100737
v -0.174 0.0530602 0.119053
v 0.237802 -0.0274737 0.228947
v 0.228947 -0.0360218 0.228947
v 0.247263 -0.0274737 0.224681
v 0.247263 -0.0172825 0.228947
v 0.247263 -0.0425661 0.210632
v 0.228947 -0.0274737 0.237463
v 0.247263 -0.0091579 0.236831
v 0.210632 -0.0422745 0.228947
v 0.228947 -0.0091579 0.244081
v 0.247263 0.0091579 0.244458
v 0.228947 -0.00293398 0.247263
v 0.241368 0.0091579 0.247263
v 0.228947 0.0091579 0.25953
v 0.210632 -0.0274737 0.2394
v 0.203873 -0.0457895 0.228947
v 0.192316 -0.0457895 0.23544
v 0.192316 -0.0274737 0.245892
v 0.210632 -0.0091579 0.245719
v 0.199618 -0.0641053 0.228947
v 0.247263 0.0274736 0.245932
v 0.210632 0.00905252 0.247263
v 0.174 -0.0457895 0.232363
v 0.174 -0.0274737 0.246276
v 0.210632 -0.0457895 0.228689
v 0.228947 -0.0457895 0.228528
v 0.192316 -0.0091579 0.246689
v 0.174 -0.0252808 0.247263
v 0.162088 -0.0274737 0.247263
v 0.189296 -0.0091579 0.247263
v 0.174 -0.0091579 0.260987
v 0.155684 -0.0307575 0.247263
v 0.155684 -0.0274737 0.250558
v 0.155684 -0.0091579 0.261135
v 0.167993 -0.0457895 0.228947
v 0.210261 0.0091579 0.247263
v 0.192316 0.0091579 0.246482
v 0.192316 0.0126614 0.247263
v 0.189611 0.0091579 0.247263
v 0.238576 0.0274736 0.247263
v 0.247263 0.0457895 0.247071
v 0.265579 0.0457895 0.244717
v 0.245493 0.0457895 0.247263
v 0.247263 0.0641053 0.246322
v 0.228947 0.0457895 0.259702
v 0.228947 0.0641053 0.264563
v 0.210632 0.0457895 0.264577
v 0.210632 0.0274736 0.258601
v 0.228947 0.0274736 0.256029
v 0.210632 0.0091579 0.247359
v 0.192316 0.0274736 0.256516
v 0.192316 0.0457895 0.263319
v 0.210632 0.0641053 0.264609
v 0.192316 0.0641053 0.264086
v 0.174 0.0457895 0.259984
v 0.174 0.0641053 0.26359
v 0.192316 0.082421 0.263563
v 0.210632 0.082421 0.261971
v 0.174 0.082421 0.262787
v 0.192316 -0.0641053 0.235448
v 0.228947 0.082421 0.26131
v 0.155684 0.082421 0.260159
v 0.174 0.0091579 0.257932
v 0.174 0.100737 0.260629
v 0.192316 0.100737 0.256073
v 0.251284 0.0274736 0.247263
v 0.24668 0.0641053 0.247263
v 0.246985 -0.0457895 0.210632
v 0.192316 -0.0706236 0.228947
v 0.265579 0.040914 0.247263
v 0.283895 0.0369318 0.247263
v 0.283895 0.0457895 0.246019
v 0.100737 0.0652534 0.192316
v 0.103514 0.0641053 0.192316
v 0.102685 0.0641053 0.210632
v 0.119053 0.0476805 0.210632
v 0.100737 0.0676636 0.210632
v 0.119053 0.0641053 0.226977
v 0.109195 0.082421 0.228947
v 0.119053 0.0727051 0.228947
v 0.119053 0.082421 0.238637
v 0.137368 0.082421 0.245827
v 0.137368 0.0641972 0.228947
v 0.137368 0.0641053 0.228884
v 0.14231 0.082421 0.247263
v 0.137596 0.0641053 0.228947
v 0.155684 0.0657703 0.247263
v 0.137368 0.0457895 0.21323
v 0.137368 0.100737 0.243752
v 0.155684 0.100737 0.246276
v 0.115661 0.100737 0.228947
v 0.155684 0.0960751 0.247263
v 0.159844 0.100737 0.247263
v 0.174 0.1141 0.247263
v 0.119053 0.100737 0.231373
v 0.135138 0.0457895 0.210632
v 0.119053 0.0457895 0.205865
v 0.100737 0.0457895 0.204225
v 0.105009 0.0091579 0.210632
v 0.119053 0.0254238 0.210632
v 0.100737 0.0226738 0.192316
v 0.119053 0.0091579 0.224594
v 0.124995 0.0091579 0.228947
v 0.137368 0.0233983 0.228947
v 0.137368 0.0091579 0.241411
v 0.121331 0.0274736 0.210632
v 0.137368 0.0274736 0.225776
v 0.119053 0.0274736 0.209012
v 0.101441 0.0274736 0.192316
v 0.139505 0.0274736 0.228947
v 0.155684 0.018216 0.247263
v 0.148885 0.0091579 0.247263
v 0.155684 0.0091579 0.253943
v 0.141556 -0.0091579 0.247263
v 0.137368 -0.0091579 0.243917
v 0.155684 0.0274736 0.245145
v 0.142979 0.0457895 0.228947
v 0.155684 0.0457895 0.242053
v 0.122603 -0.0091579 0.228947
v 0.100737 0.0274736 0.191857
v 0.082421 0.0091579 0.18312
v 0.0947717 0.0091579 0.192316
v 0.100737 0.0091579 0.198261
v 0.082421 -0.0091579 0.189999
v 0.0641053 -0.0091579 0.176792
v 0.0712057 0.0091579 0.174
v 0.0641053 -0.00497562 0.174
v 0.100737 -0.0091579 0.197121
v 0.0959159 -0.0091579 0.192316
v 0.119053 -0.0091579 0.221921
v 0.107783 -0.0091579 0.210632
v 0.0687065 0.0274736 0.174
v 0.082421 0.0274736 0.185087
v 0.0658399 0.0457895 0.174
v 0.082421 0.0457895 0.188764
v 0.082421 0.0603892 0.174
v 0.100737 0.0598084 0.192316
v 0.0885416 0.0457895 0.192316
v 0.155684 0.0641053 0.246267
v 0.100737 0.028971 0.192316
v 0.156252 0.0641053 0.247263
v 0.160643 0.0457895 0.247263
v 0.0641053 0.0457895 0.173582
v 0.0641053 0.0274736 0.173646
v 0.082421 -0.0274737 0.18108
v 0.152394 -0.0274737 0.247263
v 0.100737 -0.0274737 0.190085
v 0.100737 -0.0145294 0.192316
v 0.174 0.028846 0.247263
v 0.174 0.0274736 0.24674
v 0.174 0.0256591 0.247263
v 0.176391 0.0274736 0.247263
v 0.0641053 0.0091579 0.173687
v 0.0527247 0.0274736 0.174
v 0.0613663 0.0091579 0.174
v 0.0457895 0.0274736 0.178474
v -0.320526 -0.0457895 -0.225783
v -0.320526 -0.0274737 -0.224197
v -0.302211 -0.0274737 -0.214877
v -0.302211 -0.0457895 -0.21986
v -0.338842 -0.0457895 -0.228637
v -0.338842 -0.0274737 -0.227356
v -0.344567 -0.0274737 -0.228947
v -0.340229 -0.0457895 -0.228947
v -0.357158 -0.0159132 -0.228947
v -0.338842 -0.0641053 -0.226669
v -0.35653 -0.0641053 -0.228947
v -0.320526 -0.0641053 -0.221359
v -0.357158 -0.0457895 -0.243298
v -0.357158 -0.0274737 -0.240724
v -0.375474 -0.0457895 -0.246723
v -0.375474 -0.0274737 -0.245592
v -0.375474 -0.0641053 -0.24287
v -0.393789 -0.0641053 -0.245555
v -0.393789 -0.082421 -0.242147
v -0.393789 -0.0457895 -0.247084
v -0.393789 -0.0274737 -0.246257
v -0.375474 -0.0108175 -0.228947
v -0.393789 -0.00999087 -0.228947
v -0.0091579 0.085179 0.192316
v -0.0274737 0.0975283 0.192316
v -0.0274737 0.0950848 0.174
v -0.0091579 0.0876048 0.174
v 0.0091579 0.0884826 0.192316
v 0.0452127 -0.0457895 -0.0641053
v 0.038277 -0.0457895 -0.0457895
v 0.0443175 -0.0641053 -0.0457895
v 0.0348979 -0.0274737 -0.0641053
v 0.0457895 -0.0641053 -0.0435439
v -0.174 0.055986 0.100737
v -0.174 0.0457895 0.0882995
v -0.155684 0.0457895 0.100569
v -0.155684 0.0459204 0.100737
v -0.180414 0.0641053 0.100737
v -0.178395 0.0457895 0.082421
v 0.0244175 -0.210632 -0.0457895
v 0.0091579 -0.228947 -0.0528019
v 0.0091579 -0.210632 -0.05983
v 0.0160939 -0.228947 -0.0457895
v 0.0091579 -0.235793 -0.0457895
v -0.0091579 -0.228947 -0.060522
v 0.0091579 -0.196382 -0.0457895
v 0.0274736 -0.210632 -0.0439196
v 0.0274736 -0.226234 -0.0274737
v 0.0091579 -0.192316 -0.0415052
v -0.0105755 -0.0091579 -0.100737
v -0.0091579 -0.0078339 -0.100737
v -0.0091579 -0.0091579 -0.102172
v -0.0091579 0.00282043 -0.082421
v -0.0220696 -0.0091579 -0.082421
v -0.0274737 -0.00717121 -0.0641053
v -0.0091579 0.00763798 -0.0641053
v -0.00131285 0.0091579 -0.082421
v -0.00791073 0.0091579 -0.0641053
v 0.0091579 0.0091579 -0.0932947
v 0.0091579 0.00201595 -0.100737
v -0.0091579 0.00899154 -0.0457895
v 0.00361341 0.0274736 -0.0641053
v 0.0091579 0.0274736 -0.0705025
v 0.0091579 0.0213159 -0.082421
v -0.0274737 -0.0091579 -0.066581
v -0.02951 -0.0091579 -0.0641053
v -0.0274737 0.00625044 -0.0457895
v -0.043154 -0.0091579 -0.0457895
v -0.0274737 0.0091579 -0.0417451
v -0.043263 0.0091579 -0.0274737
v -0.0274737 -0.0114269 -0.082421
v 0.0091579 -0.0091579 -0.111505
v 0.0274736 0.0274736 -0.0796415
v 0.0091579 0.0409451 -0.0641053
v -0.0091579 -0.0274737 -0.100338
v -0.0091579 0.0091579 -0.0446643
v 0.0274736 -0.0091579 -0.113732
v 0.0274736 0.00400537 -0.100737
v 0.0274736 0.0091579 -0.0898508
v 0.0457895 0.0091579 -0.0938157
v -0.00259489 0.0091579 -0.0457895
v 0.0274736 0.0231873 -0.082421
v 0.0329188 0.0274736 -0.082421
v 0.0457895 -0.0091579 -0.107029
v 0.0457895 -0.00189555 -0.100737
v -0.0091579 -0.0163127 -0.100737
v 0.168968 -0.0457895 -0.0091579
v 0.168539 -0.0274737 -0.0091579
v 0.158857 -0.0457895 0.0091579
v -0.0641053 -0.0091579 0.047208
v -0.0641053 -0.0115387 0.0457895
v -0.082421 -0.0091579 0.0534553
v -0.082324 -0.0274737 0.0457895
v -0.0571946 -0.0091579 0.0457895
v 0.158857 -0.0457895 0.0091579
v 0.168539 -0.0274737 -0.0091579
v 0.174 -0.0403289 0.0091579
v 0.174 -0.0274737 -0.00483674
v 0.174 -0.0254138 -0.0091579
v 0.155684 -0.0274737 -0.0194836
v 0.192316 -0.0271258 0.0091579
v 0.1869 -0.0274737 0.0091579
v 0.174 -0.0457895 0.0113611
v 0.192316 -0.0274737 0.0138481
v 0.174 -0.0596566 0.0274736
v 0.155684 -0.0471524 0.0091579
v 0.192316 -0.0537317 0.0274736
v 0.192316 -0.0457895 0.0196061
v 0.200639 -0.0457895 0.0274736
v 0.210632 -0.0614051 0.0457895
v 0.210632 -0.0457895 0.0310109
v 0.225172 -0.0457895 0.0457895
v 0.210632 -0.0641053 0.046943
v 0.192316 -0.0641053 0.0465821
v 0.192316 -0.0633796 0.0457895
v 0.174 -0.0641053 0.0500032
v 0.228947 -0.0457895 0.0581207
v 0.204788 -0.0274737 0.0274736
v 0.155684 -0.0457895 -0.0202382
v 0.168968 -0.0457895 -0.0091579
v -0.0091579 -0.0274737 -0.100338
v 0.0091579 -0.0222467 -0.100737
v 0.0091579 -0.0274737 -0.0912397
v 0.0274736 -0.026534 -0.082421
v 0.0208796 -0.0274737 -0.082421
v 0.0274736 -0.0274737 -0.0760702
v 0.0274736 -0.0225836 -0.100737
v 0.0457895 -0.0257993 -0.082421
v 0.0457895 -0.0152738 -0.100737
v 0.0641053 -0.0261101 -0.082421
v 0.0641053 -0.0176049 -0.100737
v 0.082421 -0.0269315 -0.082421
v 0.082421 -0.0198145 -0.100737
v 0.100737 -0.0261095 -0.082421
v 0.0641053 -0.0274737 -0.0717824
v 0.0560504 -0.0274737 -0.0641053
v 0.082421 -0.0274737 -0.0742387
v 0.100737 -0.0274737 -0.0657569
v 0.119053 -0.0265945 -0.0641053
v 0.105739 -0.0274737 -0.0641053
v 0.119053 -0.0274737 -0.0590016
v 0.137368 -0.027354 -0.0457895
v 0.137368 -0.0225556 -0.0641053
v 0.155684 -0.0255058 -0.0457895
v 0.134562 -0.0274737 -0.0457895
v 0.155684 -0.0257998 -0.0274737
v 0.137368 -0.027145 -0.0274737
v 0.133833 -0.0274737 -0.0274737
v 0.174 -0.0219555 -0.0274737
v 0.192316 -0.0235603 -0.0091579
v 0.210632 -0.0249618 0.0091579
v 0.210632 -0.0268257 0.0274736
v 0.210632 -0.0274737 0.0434245
v 0.211952 -0.0274737 0.0457895
v 0.137368 -0.0274737 -0.0268564
v 0.119053 -0.017639 -0.082421
v 0.119053 -0.0346646 -0.0457895
v 0.100737 -0.0291289 -0.0641053
v 0.100737 -0.0396577 -0.0457895
v 0.082421 -0.0369302 -0.0641053
v 0.082421 -0.042338 -0.0457895
v 0.0641053 -0.0346497 -0.0641053
v 0.0641053 -0.0418022 -0.0457895
v 0.0457895 -0.0445777 -0.0457895
v 0.0457895 -0.0091579 -0.107029
v 0.0641053 -0.0091579 -0.109246
v 0.082421 -0.0091579 -0.111402
v 0.0641053 -0.00391781 -0.119053
v 0.0274736 -0.0091579 -0.113732
v 0.0091579 -0.0091579 -0.111505
v 0.0457895 -0.0112217 -0.0641053
v 0.226282 -0.0091579 0.0091579
v 0.228274 -0.0091579 0.0274736
v 0.228947 -0.00972426 0.0457895
v -0.0091579 -0.0091579 -0.102172
v -0.0091579 -0.0163127 -0.100737
v 0.0457895 -0.0457895 -0.04545
v 0.038277 -0.0457895 -0.0457895
v 0.0641053 -0.0457895 -0.0450623
v 0.0457895 -0.0641053 -0.0435439
v 0.082421 -0.0457895 -0.0452079
v 0.100737 -0.0457895 -0.04335
v 0.119053 -0.0457895 -0.0386428
v 0.0348979 -0.0274737 -0.0641053
v 0.0457895 -0.0274737 -0.0620583
v 0.100737 -0.0615321 -0.0274737
v 0.082421 -0.0631451 -0.0274737
v 0.119053 -0.0567937 -0.0274737
v 0.0641053 -0.0639405 -0.0274737
v 0.134408 -0.0457895 -0.0274737
v 0.137368 -0.0621951 -0.0091579
v 0.137368 -0.0457895 -0.0268587
v 0.155684 -0.0563874 -0.0091579
v 0.119053 -0.0634655 -0.0091579
v 0.110202 0.119053 0.155684
v 0.107614 0.100737 0.155684
v 0.102308 0.119053 0.174
v -0.178103 0.0641053 0.137368
v -0.192316 0.05744 0.137368
v -0.174 0.0641053 0.134047
v -0.174 0.0530602 0.119053
v -0.174 0.0690641 0.137368
v 0.247263 0.119053 0.0658584
v 0.228947 0.119053 0.0641645
v 0.228947 0.137368 0.0713966
v 0.227766 0.119053 0.0641053
v 0.228947 0.118514 0.0641053
v 0.210632 0.135774 0.082421
v -0.082421 -0.0091579 0.0254238
v -0.078502 -0.0091579 0.0274736
v -0.082421 -0.00799531 0.0274736
v -0.100737 -0.0048188 0.0274736
v -0.100357 -0.0091579 0.0091579
v -0.0641053 -0.0091579 0.0418896
v -0.0641053 -0.00895929 0.0457895
v -0.0571946 -0.0091579 0.0457895
v -0.082421 -0.00869977 0.0457895
v -0.082421 -0.0091579 0.0534553
v -0.100737 -0.0091579 0.0541938
v -0.100737 -0.00828141 0.0457895
v -0.0641053 -0.0091579 0.047208
v -0.119053 -0.0091579 0.0496292
v -0.119053 -0.00843918 0.0457895
v -0.119053 -0.00712979 0.0274736
v -0.137368 -0.00776178 0.0274736
v -0.137368 -0.00860286 0.0457895
v -0.155684 -0.00793397 0.0274736
v -0.155684 -0.00833505 0.0457895
v -0.137368 -0.00898808 0.0641053
v -0.174 -0.0082292 0.0274736
v -0.174 -0.00717926 0.0091579
v -0.192316 -0.00786608 0.0091579
v -0.192316 -0.00814545 0.0274736
v -0.210632 -0.00716925 0.0091579
v -0.210632 -0.00698233 0.0274736
v -0.155684 -0.007743 0.0641053
v -0.137368 -0.00789642 0.082421
v -0.119053 -0.00909817 0.082421
v -0.119053 -0.00816125 0.100737
v -0.100737 -0.00846273 0.100737
v -0.100737 -0.0091579 0.0876592
v -0.082421 -0.0091579 0.0933961
v -0.115189 -0.0091579 0.082421
v -0.082421 -0.00895625 0.100737
v -0.0674512 -0.0091579 0.100737
v -0.0641053 -0.0091579 0.103986
v -0.119053 -0.0091579 0.0819058
v -0.192316 -0.00619543 0.0457895
v -0.174 -0.00573069 0.0457895
v -0.135829 -0.0091579 0.0641053
v -0.155684 -0.00489545 0.0091579
v -0.0641053 -0.00649822 0.119053
v -0.0457895 -0.0091579 0.102826
v -0.0457895 -0.0067271 0.119053
v -0.137368 -0.00538552 0.100737
v -0.155684 -0.00385708 0.082421
v -0.137368 -0.00251442 0.0091579
v -0.0367498 -0.0091579 0.119053
v -0.100737 -0.0188039 0.0641053
v -0.082421 -0.0203294 0.0641053
v -0.119053 -0.0229447 0.0641053
v -0.173967 0.0091579 0.0641053
v -0.168792 0.0091579 0.082421
v -0.155684 0.0091579 0.0958573
v -0.152215 0.0091579 0.100737
v -0.137368 0.0091579 0.115313
v -0.174 0.00921077 0.0641053
v -0.174 0.0091579 0.0640154
v -0.137368 0.0160902 0.119053
v -0.149347 0.0274736 0.119053
v -0.137368 0.0274736 0.130349
v -0.155684 0.0313813 0.119053
v -0.155684 0.0457895 0.133141
v -0.171511 0.0457895 0.119053
v -0.155684 0.0274736 0.106982
v -0.155684 0.0214216 0.100737
v -0.161421 0.0274736 0.100737
v -0.174 0.0217047 0.082421
v -0.174 0.0274736 0.088234
v -0.179756 0.0274736 0.082421
v -0.192316 0.0121521 0.0641053
v -0.155684 0.0555481 0.137368
v -0.174 0.0641053 0.134047
v -0.170934 0.0641053 0.137368
v -0.174 0.0690641 0.137368
v -0.119053 0.0274736 0.136346
v -0.119053 0.00978267 0.119053
v -0.119053 0.0091579 0.118658
v -0.108852 0.0274736 0.137368
v -0.100789 0.0091579 0.119053
v -0.100737 0.0211522 0.137368
v -0.100737 0.0274736 0.143478
v -0.082421 0.0274736 0.15084
v -0.082421 0.0125006 0.137368
v -0.100737 0.0091579 0.119073
v -0.082421 0.0091579 0.125977
v -0.100737 0.00913841 0.119053
v -0.082421 0.00394428 0.119053
v -0.0641053 0.0091579 0.136577
v -0.119053 0.031117 0.137368
v -0.119053 0.0457895 0.150486
v -0.133785 0.0457895 0.137368
v -0.0641053 0.00992304 0.137368
v -0.0641053 0.0274736 0.151348
v -0.0457895 0.0274736 0.153501
v -0.0457895 0.0107234 0.137368
v -0.0274737 0.0091579 0.14598
v -0.0457895 0.0091579 0.134965
v -0.0378136 0.0091579 0.137368
v -0.137368 0.0457895 0.136405
v -0.137368 0.0482175 0.137368
v -0.137368 0.0507441 0.155684
v -0.119053 0.0641053 0.153984
v -0.174 0.0530602 0.119053
v 0.0641053 0.0860929 0.210632
v 0.0641053 0.0824902 0.192316
v 0.082421 0.0829599 0.210632
v 0.082421 0.082421 0.2087
v 0.0647115 0.082421 0.192316
v 0.0457895 0.0832378 0.192316
v 0.0839226 0.082421 0.210632
v 0.100737 0.082421 0.225441
v 0.0457895 0.0949099 0.210632
v 0.0274736 0.0863731 0.192316
v 0.0641053 0.100737 0.225327
v 0.0457895 0.100737 0.216567
v 0.082421 0.0684991 0.192316
v 0.082421 0.100737 0.227541
v 0.100737 0.0676636 0.210632
v 0.109195 0.082421 0.228947
v 0.0397643 0.100737 0.210632
v 0.0274736 0.100737 0.206633
v 0.0091579 0.0884826 0.192316
v 0.0091579 0.100737 0.204517
v -0.0091579 0.085179 0.192316
v -0.0091579 0.100737 0.207867
v -0.0274737 0.0975283 0.192316
v -0.0274737 0.100737 0.195528
v -0.0328665 0.100737 0.192316
v -0.0457895 0.093388 0.174
v -0.0457895 0.100737 0.184334
v 0.100737 0.0652534 0.192316
v -0.0457895 0.101603 0.192316
v -0.0457895 0.119053 0.209049
v -0.0274737 0.119053 0.209839
v -0.0091579 0.119053 0.210014
v -0.0274737 0.0950848 0.174
v 0.0274736 0.119053 0.210439
v 0.0091579 0.119053 0.210225
v 0.0351622 0.119053 0.210632
v 0.100737 0.100737 0.228488
v 0.115661 0.100737 0.228947
v 0.0457895 0.119053 0.217816
v 0.0641053 0.119053 0.223171
v 0.119053 0.103203 0.228947
v 0.082421 0.119053 0.225259
v 0.100737 0.119053 0.2256
v 0.119053 0.119053 0.223284
v -0.228947 0.00966096 -0.0091579
v -0.247263 0.0134183 -0.0091579
v -0.247263 0.0120848 -0.0274737
v -0.247263 0.0152848 0.0091579
v -0.265579 0.0165032 -0.0274737
v -0.228947 0.0117876 -0.0274737
v -0.210632 0.0143573 -0.0274737
v -0.221003 0.0091579 -0.0091579
v -0.228947 0.0091579 -0.0039081
v -0.235675 0.0091579 0.0091579
v -0.210632 0.0091579 -0.0135332
v -0.247263 0.0190092 -0.0457895
v -0.265579 0.0230897 -0.0457895
v -0.210632 0.00493824 -0.0091579
v -0.228947 0.00251979 0.0091579
v -0.210632 -0.00716925 0.0091579
v -0.192316 -0.00786608 0.0091579
v -0.278059 0.0274736 -0.0274737
v -0.270933 0.0274736 -0.0457895
v -0.259472 0.0274736 0.0091579
v -0.264071 0.0274736 -0.0091579
v -0.265579 0.0286642 -0.0091579
v -0.265579 0.0274736 -0.0121768
v -0.265579 0.0274736 -0.0501844
v -0.375474 0.0328645 -0.0641053
v -0.393789 0.028248 -0.082421
v -0.375474 0.0293106 -0.082421
v -0.357158 0.0299424 -0.0641053
v -0.393789 0.0293714 -0.100737
v -0.412105 0.0286602 -0.100737
v -0.412105 0.0277054 -0.082421
v -0.430421 0.0280226 -0.100737
v -0.357158 0.0309296 -0.082421
v -0.338842 0.029733 -0.0641053
v -0.338842 0.0330496 -0.082421
v -0.320526 0.0310361 -0.0641053
v -0.320526 0.0308414 -0.0457895
v -0.302211 0.0288254 -0.0457895
v -0.302211 0.0319391 -0.0641053
v -0.283895 0.0281008 -0.0457895
v -0.283895 0.0284662 -0.0274737
v -0.278059 0.0274736 -0.0274737
v -0.270933 0.0274736 -0.0457895
v -0.283895 0.0334626 -0.0641053
v -0.265579 0.0351417 -0.0641053
v -0.375474 0.0346782 -0.100737
v -0.430421 0.0274736 -0.0982783
v -0.443411 0.0274736 -0.100737
v -0.448737 0.0274736 -0.1032
v -0.413488 0.0274736 -0.082421
v -0.302211 0.0342141 -0.0274737
v -0.412105 0.0364136 -0.0641053
v -0.393789 0.0378335 -0.0641053
v -0.338842 0.0424847 -0.0457895
v -0.265579 0.0274736 -0.0501844
v -0.430421 0.0145139 -0.082421
v -0.448737 0.0250261 -0.100737
v -0.448737 0.0124936 -0.082421
v -0.467053 0.0107242 -0.082421
v -0.467053 0.0274736 -0.0989419
v -0.467053 0.0091579 -0.081189
v -0.448737 0.0091579 -0.0715463
v -0.448737 0.00185168 -0.0641053
v -0.467053 -0.00777042 -0.0641053
v -0.485368 0.0091579 -0.0665308
v -0.485368 0.00675219 -0.0641053
v -0.487912 0.0091579 -0.0641053
v -0.467053 -0.00706053 -0.0457895
v -0.485368 -0.00054723 -0.0457895
v 0.174 0.119053 0.138907
v 0.181038 0.100737 0.137368
v 0.174 0.100737 0.140006
v 0.155684 0.119053 0.143218
v 0.176348 0.119053 0.137368
v 0.0896644 0.082421 0.155684
v 0.082421 0.100737 0.166468
v 0.100737 0.0944125 0.155684
v 0.100737 0.100737 0.165101
v 0.107614 0.100737 0.155684
v -0.0457895 -0.24676 -0.0457895
v -0.047466 -0.247263 -0.0641053
v -0.0457895 -0.228947 -0.0640979
v -0.0624834 -0.0274737 -0.082421
v -0.0457895 -0.0274737 -0.0995103
v -0.0641053 -0.0352951 -0.082421
v -0.0641053 -0.0274737 -0.0806894
v -0.0641053 -0.0457895 -0.0901048
v -0.0641053 -0.0123196 -0.0641053
v -0.0457895 -0.0121819 -0.082421
v -0.0348618 -0.0274737 -0.100737
v -0.0274737 -0.0235935 -0.100737
v -0.0274737 -0.0274737 -0.105198
v -0.0457895 -0.0457895 -0.098929
v -0.138168 -0.0091579 -0.100737
v -0.137368 -0.0091579 -0.100162
v -0.137368 -0.00921458 -0.100737
v -0.12367 -0.0091579 -0.082421
v -0.119053 -0.00976616 -0.082421
v -0.119053 -0.0126686 -0.100737
v -0.119053 -0.0091579 -0.0731701
v -0.100737 -0.0110754 -0.082421
v -0.100737 -0.0091579 -0.0701545
v -0.0941986 -0.0091579 -0.0641053
v -0.082421 -0.0101592 -0.0641053
v -0.082421 -0.0091579 -0.0560737
v -0.0667961 -0.0091579 -0.0457895
v -0.0641053 -0.00948668 -0.0457895
v -0.0457895 -0.0111473 -0.0457895
v -0.0457895 -0.00935411 -0.0274737
v -0.0473672 -0.0091579 -0.0274737
v -0.0457895 -0.0091579 -0.0264489
v -0.0641053 -0.0091579 -0.0444257
v -0.0441397 -0.0091579 -0.0274737
v -0.043154 -0.0091579 -0.0457895
v -0.0457895 -0.010022 -0.0641053
v -0.02951 -0.0091579 -0.0641053
v -0.0274737 -0.0091579 -0.066581
v -0.0274737 -0.0114269 -0.082421
v -0.137368 -0.0169975 -0.119053
v -0.082421 -0.0193021 -0.082421
v -0.0151556 -0.0274737 -0.100737
v -0.119053 -0.00242865 -0.0641053
v -0.0091579 -0.0274737 -0.100338
v -0.155684 0.00101286 -0.100737
v -0.155684 -0.00724608 -0.119053
v -0.174 0.00492799 -0.119053
v -0.174 -0.00306892 -0.137368
v -0.174 0.00603676 -0.100737
v -0.192316 0.00651729 -0.119053
v -0.192316 0.00563884 -0.137368
v -0.210632 0.00660914 -0.137368
v -0.210632 0.00294191 -0.155684
v -0.155684 0.00405389 -0.082421
v -0.137368 0.0025261 -0.082421
v -0.228947 0.00329298 -0.155684
v -0.137368 0.00188226 -0.0641053
v -0.155684 0.00437075 -0.0641053
v -0.137368 0.00499654 -0.0457895
v -0.119053 0.00590825 -0.0457895
v -0.228947 0.00502473 -0.137368
v -0.247263 0.00500381 -0.155684
v -0.100737 0.00372338 -0.0457895
v -0.100737 0.00584543 -0.0274737
v -0.082421 0.00567752 -0.0274737
v -0.082421 0.00770789 -0.0091579
v -0.082421 0.000373065 -0.0457895
v -0.0641053 0.00374782 -0.0274737
v -0.0641053 0.00836158 -0.0091579
v -0.100737 -0.0032776 -0.0641053
v -0.247263 -0.00385851 -0.174
v -0.265579 -0.000994623 -0.174
v -0.265579 0.00338 -0.155684
v -0.283895 -0.00469917 -0.174
v -0.265579 -0.0091579 -0.18224
v -0.283895 -0.0091579 -0.178579
v -0.283895 -0.0107925 -0.192316
v -0.302211 -0.00938046 -0.192316
v -0.302211 -0.00242311 -0.174
v -0.247263 -0.0457895 -0.191302
v -0.228947 -0.0274737 -0.186865
v -0.228947 -0.0457895 -0.187665
v -0.247263 -0.0274737 -0.191282
v -0.251348 -0.0274737 -0.192316
v -0.251965 -0.0457895 -0.192316
v -0.265579 -0.0150725 -0.192316
v -0.211777 -0.0274737 -0.174
v -0.212793 -0.0457895 -0.174
v -0.210632 -0.0457895 -0.173383
v -0.210632 -0.0274737 -0.173791
v -0.192316 -0.0274737 -0.170185
v -0.192316 -0.0457895 -0.167884
v -0.228947 -0.01335 -0.174
v -0.210632 -0.0091579 -0.167823
v -0.265579 -0.0457895 -0.204283
v -0.265579 -0.0274737 -0.204829
v -0.283895 -0.0457895 -0.209772
v -0.283895 -0.0274737 -0.209006
v -0.298089 -0.0274737 -0.210632
v -0.292106 -0.0457895 -0.210632
v -0.302211 -0.0234447 -0.210632
v -0.302211 -0.0457895 -0.21986
v -0.228947 -0.0091579 -0.16954
v -0.302211 -0.0274737 -0.214877
v -0.247263 -0.0091579 -0.17931
v -0.176041 -0.0274737 -0.155684
v -0.178869 -0.0457895 -0.155684
v -0.174 -0.0457895 -0.153221
v -0.174 -0.0274737 -0.154687
v -0.192316 -0.0104747 -0.155684
v -0.155684 -0.0274737 -0.141318
v -0.174 -0.0091579 -0.143444
v -0.192316 -0.0091579 -0.154518
v -0.19465 -0.0091579 -0.155684
v -0.167928 -0.0091579 -0.137368
v -0.240426 -0.0091579 -0.174
v -0.320526 -0.0139522 -0.210632
v -0.320526 -0.0274737 -0.224197
v -0.155684 -0.0236191 -0.137368
v -0.151813 -0.0274737 -0.137368
v -0.153779 -0.0091579 -0.119053
v -0.137368 -0.0274737 -0.129555
v -0.126486 -0.0274737 -0.119053
v -0.119053 -0.0274737 -0.115636
v -0.102887 -0.0274737 -0.100737
v -0.100737 -0.0274737 -0.0996186
v -0.100737 -0.0457895 -0.100522
v -0.082421 -0.0274737 -0.0910429
v -0.082421 -0.0457895 -0.0972887
v -0.0710492 -0.0274737 -0.082421
v -0.101537 -0.0457895 -0.100737
v -0.155684 -0.0091579 -0.120958
v -0.155684 -0.0457895 -0.137196
v -0.137368 -0.0457895 -0.132412
v -0.338842 -0.0109665 -0.210632
v -0.338842 -0.0274737 -0.227356
v -0.357158 -0.0159132 -0.228947
v -0.155684 -0.0394839 -0.137368
v -0.357158 -0.00970036 -0.210632
v -0.375474 -0.0108175 -0.228947
v -0.00621068 -0.192316 -0.0091579
v -0.00462079 -0.192316 -0.0274737
v -0.00490141 -0.210632 -0.0091579
v -0.0091579 -0.19551 -0.0274737
v -0.0091579 -0.210632 -0.0111914
v -0.0250195 -0.210632 -0.0274737
v -0.0091579 -0.228136 -0.0274737
v 0.0091579 -0.222762 -0.0091579
v 0.0091579 -0.210632 0.0030002
v 0.0091579 -0.192316 0.00684768
v 0.0091579 -0.176756 -0.0091579
v 0.00944918 -0.174 -0.0091579
v 0.0155246 -0.192316 0.0091579
v 0.0128561 -0.174 0.0091579
v 0.0274736 -0.192316 0.0199026
v 0.0274736 -0.174 0.0236928
v 0.0274736 -0.159093 0.0091579
v 0.0457895 -0.174 0.0270037
v 0.0457895 -0.155684 0.0184001
v 0.0641053 -0.155684 0.0248469
v 0.0360894 -0.155684 0.0091579
v 0.0457895 -0.14618 0.0091579
v 0.0641053 -0.140039 0.0091579
v -0.228947 0.14844 0.137368
v -0.210632 0.155281 0.137368
v -0.228947 0.137368 0.123649
v -0.240036 0.137368 0.137368
v 0.134562 -0.0274737 -0.0457895
v 0.133833 -0.0274737 -0.0274737
v 0.134408 -0.0457895 -0.0274737
v 0.100737 0.082421 0.167172
v 0.082421 0.092691 0.174
v 0.0896644 0.082421 0.155684
v 0.100737 0.0923833 0.174
v 0.119053 0.082421 0.173706
v 0.119053 0.0843211 0.174
v 0.134298 0.082421 0.174
v -0.100737 0.0091579 0.0118691
v -0.100357 -0.0091579 0.0091579
v -0.100737 -0.0048188 0.0274736
v 0.0274736 0.0413761 -0.0641053
v 0.0274736 0.0457895 -0.068496
v 0.0091579 0.0409451 -0.0641053
v 0.0457895 0.0457895 -0.0647193
v 0.0457895 0.0444193 -0.0641053
v 0.014971 0.0457895 -0.082421
v 0.0091579 0.0464649 -0.0641053
v 0.0274736 0.0457895 -0.068496
v 0.0274736 0.0470513 -0.0641053
v 0.0457895 0.0457895 -0.0647193
v 0.014971 0.0457895 -0.082421
v 0.0457895 0.0467594 -0.0641053
v -0.0274737 0.0736479 -0.0457895
v -0.0091579 0.0641053 -0.0504452
v -0.0091579 0.0642681 -0.0457895
v -0.0142403 0.0641053 -0.0641053
v -0.005126 0.0641053 -0.0457895
v 0.302211 -0.0457895 0.112558
v 0.302211 -0.0535668 0.119053
v 0.31181 -0.0457895 0.100737
v 0.310388 -0.0641053 0.119053
v 0.299106 -0.0457895 0.119053
v -0.082421 -0.0091579 0.0534553
v -0.082324 -0.0274737 0.0457895
v -0.082421 -0.0203294 0.0641053
v 0.185162 -0.0641053 0.210632
v 0.192316 -0.0641053 0.215887
v 0.192316 -0.0706236 0.228947
v 0.174 -0.068921 0.210632
v 0.199618 -0.0641053 0.228947
v 0.192316 -0.0638557 0.210632
v 0.210632 -0.0636367 0.210632
v 0.203873 -0.0457895 0.228947
v -0.100737 0.0685413 0.155684
v -0.100737 0.0641053 0.159083
v -0.082421 0.0725271 0.155684
v -0.082421 0.0641053 0.163413
v -0.10541 0.0641053 0.155684
v -0.100737 0.082421 0.152291
v -0.119053 0.0641053 0.153984
v -0.082421 0.082421 0.150025
v -0.082421 0.100737 0.143912
v -0.0641053 0.082421 0.145863
v -0.0641053 0.0641053 0.153455
v -0.0734467 0.0641053 0.155684
v -0.100737 0.100737 0.151722
v -0.082421 0.110936 0.137368
v -0.111345 0.082421 0.155684
v -0.119053 0.0744029 0.155684
v -0.100737 0.0457895 0.1533
v -0.100737 0.0607009 0.155684
v -0.082421 0.0457895 0.154636
v -0.082421 0.0563334 0.155684
v -0.0641053 0.0457895 0.154292
v -0.0457895 0.0641053 0.153767
v -0.0457895 0.082421 0.151811
v -0.0457895 0.0457895 0.153965
v -0.0641053 0.0274736 0.151348
v -0.0457895 0.0274736 0.153501
v -0.0274737 0.0457895 0.152935
v -0.0274737 0.0274736 0.152746
v -0.082421 0.0274736 0.15084
v -0.119053 0.0457895 0.150486
v -0.0274737 0.0641053 0.142839
v -0.122625 0.0641053 0.155684
v -0.0274737 0.0091579 0.14598
v -0.0209093 0.0457895 0.155684
v -0.0139212 0.0274736 0.155684
v -0.100737 0.0274736 0.143478
v -0.137368 0.0507441 0.155684
v -0.0742942 0.100737 0.137368
v -0.137368 0.0641053 0.170626
v -0.0457895 0.0968795 0.137368
v -0.0641053 0.0924551 0.137368
v -0.0310647 0.082421 0.137368
v -0.0274737 0.0699429 0.137368
v 0.320526 0.0091579 0.292603
v 0.32101 0.0091579 0.302211
v 0.338842 0.0267457 0.302211
v 0.338842 0.0274736 0.297149
v 0.338842 0.0091579 0.319412
v 0.320526 0.00164396 0.302211
v 0.314058 0.0091579 0.283895
v 0.320526 -0.0091579 0.308849
v 0.310829 -0.0091579 0.302211
v 0.302211 0.00717419 0.283895
v 0.302211 -0.0091579 0.300645
v 0.286078 -0.0091579 0.283895
v 0.283895 -0.0091579 0.272774
v 0.302211 0.0091579 0.281849
v 0.302955 0.0274736 0.283895
v 0.283895 -0.0272822 0.265579
v 0.283925 -0.0274737 0.265579
v 0.287542 -0.0274737 0.283895
v 0.302211 -0.0274737 0.298814
v 0.302211 -0.042494 0.283895
v 0.320526 -0.0457895 0.290314
v 0.302211 -0.0422764 0.265579
v 0.247263 -0.0172825 0.228947
v 0.247263 -0.0274737 0.224681
v 0.248124 -0.0274737 0.228947
v 0.247263 -0.0425661 0.210632
v 0.255484 -0.0091579 0.247263
v 0.247263 -0.0091579 0.236831
v 0.251783 0.0091579 0.247263
v 0.265579 -0.0091579 0.257348
v 0.265579 0.0091579 0.260781
v 0.268405 0.0091579 0.265579
v 0.265579 -0.0210859 0.247263
v 0.265579 -0.0274737 0.246657
v 0.27809 -0.0091579 0.265579
v 0.283895 0.0091579 0.281209
v 0.269858 -0.0274737 0.247263
v 0.283895 -0.0274737 0.265537
v 0.247263 0.0091579 0.244458
v 0.265579 -0.0448653 0.228947
v 0.283895 -0.0398957 0.247263
v 0.251284 0.0274736 0.247263
v 0.265579 0.0274736 0.260858
v 0.082421 0.100737 0.166468
v 0.0896644 0.082421 0.155684
v 0.082421 0.092691 0.174
v -0.192316 0.10151 0.082421
v -0.181155 0.100737 0.082421
v -0.177238 0.100737 0.100737
v -0.192316 0.100942 0.100737
v -0.210632 0.10246 0.100737
v -0.192316 0.100737 0.0730011
v -0.192316 0.100737 0.101431
v -0.210632 0.100737 0.102588
v -0.209936 0.119053 0.082421
v -0.200614 0.100737 0.0641053
v 0.357158 -0.058846 0.283895
v 0.355724 -0.0641053 0.265579
v 0.357158 -0.0581204 0.265579
v 0.369562 -0.0457895 0.265579
v 0.370398 -0.0457895 0.283895
v 0.343797 -0.0641053 0.283895
v 0.338842 -0.069019 0.283895
v 0.338842 -0.080887 0.265579
v 0.338842 -0.0641053 0.288952
v 0.357158 -0.0457895 0.297215
v 0.338842 -0.0554752 0.302211
v 0.348726 -0.0457895 0.302211
v 0.338842 -0.0457895 0.311891
v 0.357158 -0.0274737 0.30776
v 0.357158 -0.0330709 0.302211
v 0.362926 -0.0274737 0.302211
v 0.375474 -0.0441173 0.283895
v 0.375474 -0.0274737 0.300636
v 0.39214 -0.0274737 0.283895
v 0.39151 -0.0274737 0.265579
v 0.375474 -0.0435889 0.265579
v 0.357158 -0.0091579 0.311684
v 0.37085 -0.0091579 0.302211
v 0.375474 -0.0091579 0.301941
v 0.393152 -0.0091579 0.283895
v 0.388757 -0.0274737 0.247263
v 0.375474 -0.0405668 0.247263
v 0.375474 0.0091579 0.30104
v 0.39258 0.0091579 0.283895
v 0.39282 -0.0091579 0.265579
v 0.392192 -0.0091579 0.247263
v 0.392844 0.0091579 0.265579
v 0.391956 0.0274736 0.265579
v 0.391739 0.0091579 0.247263
v 0.391455 0.0274736 0.247263
v 0.386344 -0.0091579 0.228947
v 0.385227 0.0274736 0.228947
v 0.385358 0.0091579 0.228947
v 0.173437 0.100737 0.137368
v 0.174 0.100737 0.140006
v 0.174 0.100267 0.137368
v 0.155684 0.118491 0.137368
v 0.155684 0.119053 0.143218
v 0.174 0.100737 0.12752
v 0.174 0.106998 0.119053
v 0.155684 0.118677 0.119053
v 0.155684 0.119053 0.116887
v 0.149747 0.119053 0.119053
v 0.137368 0.119053 0.134038
v 0.137368 0.118723 0.137368
v 0.137368 0.119053 0.144527
v 0.181038 0.100737 0.137368
v 0.192316 0.109349 0.119053
v 0.192316 0.119053 0.117109
v 0.174 0.119053 0.11763
v 0.198127 0.119053 0.119053
v 0.174 0.136153 0.100737
v 0.192316 0.13555 0.100737
v 0.155684 0.136203 0.100737
v 0.204356 0.137368 0.100737
v 0.137368 0.134603 0.119053
v 0.174846 -0.0641053 0.119053
v 0.180886 -0.082421 0.137368
v 0.174 -0.0641053 0.125246
v 0.174 -0.0616152 0.119053
v 0.174 -0.0641053 0.111359
v 0.176912 -0.082421 0.119053
v 0.174 -0.082421 0.117946
v 0.174 -0.0758792 0.137368
v 0.100737 -0.137368 0.0563707
v 0.119053 -0.137368 0.0629798
v 0.119053 -0.119053 0.0639225
v 0.137368 -0.137368 0.0623687
v 0.119602 -0.119053 0.0641053
v 0.122788 -0.100737 0.0641053
v 0.119053 -0.100737 0.0609251
v 0.137368 -0.119053 0.080036
v 0.137368 -0.100737 0.0762069
v 0.155684 -0.119053 0.0817136
v 0.137368 -0.135098 0.0641053
v 0.108991 -0.100737 0.0457895
v 0.101204 -0.119053 0.0457895
v 0.116749 -0.082421 0.0457895
v 0.120396 -0.082421 0.082421
v 0.140295 -0.100737 0.082421
v 0.155684 -0.114683 0.082421
v 0.155684 -0.100737 0.0971742
v 0.158631 -0.100737 0.100737
v 0.174 -0.114279 0.100737
v 0.174 -0.100737 0.114221
v 0.137368 -0.0971889 0.082421
v 0.137369 -0.082421 0.100737
v 0.155684 -0.0992694 0.100737
v 0.155684 -0.082421 0.117346
v 0.137368 -0.082421 0.100733
v 0.100737 -0.124029 0.0457895
v 0.0899638 -0.137368 0.0457895
v 0.100737 -0.147944 0.0457895
v 0.0824744 -0.137368 0.0274736
v 0.082421 -0.155684 0.0413461
v 0.082421 -0.138022 0.0274736
v 0.06712 -0.155684 0.0274736
v 0.082421 -0.169528 0.0274736
v 0.082421 -0.174 0.0202645
v 0.0641053 -0.155684 0.0248469
v 0.0641053 -0.140039 0.0091579
v 0.357158 -0.0448469 0.247263
v 0.357158 -0.0457895 0.249539
v 0.356896 -0.0457895 0.247263
v 0.357158 -0.0581204 0.265579
v 0.338842 -0.0634661 0.247263
v 0.369562 -0.0457895 0.265579
v 0.338842 -0.0457895 0.229796
v 0.355724 -0.0641053 0.265579
v 0.338842 -0.0641053 0.248331
v 0.338842 -0.080887 0.265579
v 0.338842 -0.0404976 0.228947
v -0.411099 -0.0274737 -0.228947
v -0.412105 -0.034083 -0.210632
v -0.409995 -0.0274737 -0.210632
v -0.412105 -0.0436221 -0.228947
v -0.393789 -0.0105326 -0.210632
v -0.393789 -0.00999087 -0.228947
v -0.414241 -0.0457895 -0.228947
v -0.423721 -0.0457895 -0.210632
v -0.393789 -0.0274737 -0.246257
v -0.412105 -0.082421 -0.226722
v -0.407041 -0.082421 -0.228947
v -0.393789 -0.0954852 -0.228947
v -0.412105 -0.0641053 -0.228851
v -0.428238 -0.082421 -0.210632
v -0.412105 -0.100737 -0.224205
v -0.42577 -0.100737 -0.210632
v -0.412023 -0.0641053 -0.228947
v -0.393789 -0.0641053 -0.245555
v -0.412105 -0.0457895 -0.231118
v -0.393789 -0.082421 -0.242147
v -0.393789 -0.0457895 -0.247084
v -0.42847 -0.0641053 -0.210632
v -0.412105 -0.0594518 -0.228947
v -0.412105 -0.114333 -0.210632
v -0.412105 -0.119053 -0.209528
v -0.430421 -0.100737 -0.202989
v -0.4304 -0.119053 -0.192316
v -0.412105 -0.136524 -0.192316
v -0.430421 -0.119053 -0.192307
v -0.430421 -0.082421 -0.196245
v -0.441118 -0.100737 -0.192316
v -0.430421 -0.11881 -0.192316
v -0.448252 -0.119053 -0.174
v -0.441672 -0.137368 -0.174
v -0.430421 -0.137368 -0.185126
v -0.430421 -0.148626 -0.174
v -0.434225 -0.082421 -0.192316
v -0.447948 -0.100737 -0.174
v -0.430421 -0.0787146 -0.192316
v -0.428283 -0.0641053 -0.192316
v -0.440438 -0.082421 -0.174
v -0.447984 -0.119053 -0.155684
v -0.440567 -0.137368 -0.155684
v -0.412105 -0.137368 -0.187982
v -0.445687 -0.100737 -0.155684
v -0.430421 -0.147906 -0.155684
v 0.137368 -0.0641053 0.0504318
v 0.137368 -0.082421 0.0541599
v 0.141902 -0.0641053 0.0457895
v 0.119053 -0.082421 0.0464301
v 0.155684 -0.0642788 0.082421
v 0.137369 -0.082421 0.100737
v 0.155684 -0.0641053 0.0833503
v 0.174 -0.0641053 0.0852764
v 0.174 -0.0647709 0.082421
v 0.155684 -0.0642561 0.0641053
v 0.155863 -0.0641053 0.0641053
v 0.174 -0.0641053 0.0808682
v 0.175915 -0.0641053 0.082421
v 0.141076 -0.082421 0.0641053
v 0.137368 -0.0898169 0.0641053
v 0.119053 -0.100737 0.0609251
v 0.122788 -0.100737 0.0641053
v 0.116749 -0.082421 0.0457895
v 0.155684 -0.0631885 0.0641053
v 0.320526 -0.0457895 0.240973
v 0.338842 -0.0404976 0.228947
v 0.338842 -0.0457895 0.229796
v 0.338842 -0.0634661 0.247263
v 0.320526 -0.0469965 0.247263
v 0.320526 -0.0567124 0.265579
v 0.308347 -0.0457895 0.265579
v 0.318989 -0.0457895 0.247263
v 0.32198 -0.0641053 0.265579
v 0.338842 -0.0641053 0.248331
v 0.338842 -0.080887 0.265579
v 0.313301 -0.0457895 0.283895
v 0.320526 -0.0523345 0.283895
v 0.33371 -0.0641053 0.283895
v 0.338842 -0.069019 0.283895
v 0.3292 -0.0457895 0.302211
v 0.338842 -0.0554752 0.302211
v 0.320526 -0.0457895 0.290314
v 0.338842 -0.0457895 0.311891
v 0.338842 -0.0641053 0.288952
v 0.100737 0.0598084 0.192316
v 0.103514 0.0641053 0.192316
v 0.119053 0.0641053 0.177407
v -0.100737 -0.245385 -0.0641053
v -0.100737 -0.247263 -0.0622175
v -0.082421 -0.245313 -0.0641053
v -0.082421 -0.247263 -0.0621536
v -0.104668 -0.247263 -0.0641053
v -0.078502 -0.0091579 0.0274736
v -0.082421 -0.0091579 0.0254238
v -0.082421 -0.0105791 0.0274736
v -0.100357 -0.0091579 0.0091579
v -0.100737 -0.00929916 0.0091579
v -0.0641053 -0.0115387 0.0457895
v -0.0641053 -0.0091579 0.0418896
v -0.0571946 -0.0091579 0.0457895
v -0.082324 -0.0274737 0.0457895
v -0.100263 -0.0274737 0.0274736
v -0.082421 -0.0274737 0.0457349
v -0.100737 -0.0274737 0.0272097
v -0.119053 -0.0274737 0.0127479
v -0.119053 -0.0235829 0.0091579
v -0.122716 -0.0274737 0.0091579
v -0.119053 -0.0457895 0.0234671
v -0.137368 -0.012612 -0.0091579
v -0.133533 -0.0457895 0.0091579
v -0.082421 -0.0275689 0.0457895
v -0.119053 -0.0091579 0.000165224
v -0.129007 -0.0091579 -0.0091579
v -0.119053 8.87513e-05 -0.0091579
v -0.137368 -0.0091579 -0.0169278
v -0.137368 0.000583768 -0.0274737
v -0.148427 -0.0091579 -0.0274737
v -0.155684 -0.0091579 -0.0333169
v -0.155684 0.00187296 -0.0457895
v -0.167556 -0.0091579 -0.0457895
v -0.174 -0.0091579 -0.0521861
v -0.174 0.00168067 -0.0641053
v -0.188382 -0.0091579 -0.0641053
v -0.192316 -0.0091579 -0.0675686
v -0.192316 0.00238258 -0.082421
v -0.208481 -0.0091579 -0.082421
v -0.210632 -0.0091579 -0.0839885
v -0.210632 0.00379574 -0.100737
v -0.226257 -0.0091579 -0.100737
v -0.155684 -0.0132342 -0.0274737
v -0.228947 -0.0091579 -0.105
v -0.228947 0.00144947 -0.119053
v -0.243431 -0.0091579 -0.119053
v -0.247263 -0.0091579 -0.122769
v -0.247263 0.00162208 -0.137368
v -0.263748 -0.0091579 -0.137368
v -0.265579 -0.0091579 -0.138614
v -0.265579 0.00338 -0.155684
v -0.283895 -0.0091579 -0.153333
v -0.283895 -0.00685173 -0.155684
v -0.286709 -0.0091579 -0.155684
v -0.302211 -0.0091579 -0.166256
v -0.302211 -0.00242311 -0.174
v -0.314026 -0.0091579 -0.174
v -0.100737 0.00744653 -0.0091579
v -0.100737 -0.0091579 0.00881451
v -0.082421 0.00672948 0.0091579
v -0.210632 -0.00993705 -0.082421
v -0.228947 -0.0107669 -0.100737
v -0.174 -0.0120302 -0.0457895
v -0.283895 -0.0169572 -0.137368
v -0.265579 -0.0095157 -0.137368
v -0.137368 -0.0274737 0.005063
v -0.192316 -0.0101079 -0.0641053
v -0.119053 0.00567079 -0.0274737
v -0.247263 -0.0104188 -0.119053
v -0.137368 0.00499654 -0.0457895
v -0.283895 -0.00469917 -0.174
v -0.228947 0.00502473 -0.137368
v -0.247263 0.00500381 -0.155684
v -0.210632 0.00475872 -0.119053
v -0.155684 0.00437075 -0.0641053
v -0.302211 -0.0109541 -0.155684
v -0.192316 0.00549936 -0.100737
v -0.174 0.00370282 -0.082421
v -0.320526 -0.00957596 -0.174
v -0.210632 0.00660914 -0.137368
v -0.192316 0.00651729 -0.119053
v -0.174 0.00603676 -0.100737
v -0.155684 0.00405389 -0.082421
v -0.082421 0.00770789 -0.0091579
v -0.0641053 0.00836158 -0.0091579
v -0.119053 0.00590825 -0.0457895
v -0.0641053 0.0091579 0.00554007
v -0.100737 0.00584543 -0.0274737
v -0.0661052 0.0091579 0.0091579
v -0.302211 -0.0091579 -0.187441
v -0.302211 -0.00938046 -0.192316
v -0.316033 -0.0091579 -0.192316
v -0.320526 -0.0091579 -0.189083
v -0.330024 -0.0091579 -0.192316
v -0.338842 -0.00924683 -0.192316
v -0.320526 -0.0079813 -0.192316
v -0.0633964 0.0091579 -0.0091579
v -0.283895 -0.0091579 -0.178579
v -0.320526 -0.0091579 -0.193511
v -0.320526 -0.0139522 -0.210632
v -0.338842 -0.0109665 -0.210632
v -0.357158 -0.00970036 -0.210632
v -0.192316 -0.0274737 -0.0474764
v -0.209441 -0.0274737 -0.0641053
v -0.210632 -0.0274737 -0.0657555
v -0.227273 -0.0274737 -0.082421
v -0.228947 -0.0274737 -0.084362
v -0.246263 -0.0274737 -0.100737
v -0.247263 -0.0274737 -0.101623
v -0.265579 -0.0274737 -0.117346
v -0.265579 -0.0257732 -0.119053
v -0.267289 -0.0274737 -0.119053
v -0.189577 -0.0274737 -0.0457895
v -0.174 -0.0274737 -0.0307068
v -0.168934 -0.0274737 -0.0274737
v -0.155684 -0.0274737 -0.0137627
v -0.152105 -0.0274737 -0.0091579
v -0.155684 -0.0457895 -0.000544548
v -0.155684 -0.0360921 -0.0091579
v -0.164316 -0.0457895 -0.0091579
v -0.174 -0.042123 -0.0274737
v -0.265579 -0.0457895 -0.108458
v -0.276166 -0.0457895 -0.119053
v -0.174 -0.0457895 -0.0241013
v -0.177367 -0.0457895 -0.0274737
v -0.174 -0.0641053 -0.0111377
v -0.190311 -0.0641053 -0.0274737
v -0.192316 -0.0346224 -0.0457895
v -0.228947 -0.033639 -0.082421
v -0.210632 -0.0328801 -0.0641053
v -0.220639 -0.0457895 -0.0641053
v -0.210632 -0.0457895 -0.0540923
v -0.202116 -0.0457895 -0.0457895
v -0.228947 -0.0457895 -0.0732169
v -0.238165 -0.0457895 -0.082421
v -0.247263 -0.0311685 -0.100737
v -0.247263 -0.0457895 -0.0916198
v -0.256409 -0.0457895 -0.100737
v -0.192316 -0.0457895 -0.0359809
v -0.192316 -0.0641053 -0.0324672
v -0.205665 -0.0641053 -0.0457895
v -0.283895 -0.0457895 -0.123096
v -0.283895 -0.0274737 -0.126908
v -0.294674 -0.0274737 -0.137368
v -0.30162 -0.0457895 -0.137368
v -0.137368 -0.0457895 0.0084455
v -0.210125 -0.0641053 -0.0641053
v -0.302211 -0.0457895 -0.137482
v -0.302211 -0.0274737 -0.139424
v -0.320526 -0.0457895 -0.140361
v -0.082421 -0.247263 -0.0621536
v -0.0744443 -0.228947 -0.0457895
v -0.082421 -0.245313 -0.0641053
v 0.302211 -0.0457895 0.112558
v 0.31181 -0.0457895 0.100737
v 0.302211 -0.0441877 0.119053
v 0.299106 -0.0457895 0.119053
v 0.31853 -0.0274737 0.119053
v 0.302211 -0.0457895 0.124517
v 0.155684 -0.082421 0.117346
v 0.174 -0.0641053 0.111359
v 0.155684 -0.08067 0.119053
v 0.172147 -0.0641053 0.119053
v 0.174 -0.0616152 0.119053
v 0.174 -0.0641053 0.125246
v 0.174 -0.0758792 0.137368
v 0.137368 0.0641053 0.176707
v 0.137368 0.0814618 0.174
v 0.138519 0.0641053 0.174
v 0.0457895 0.137368 0.0194594
v 0.0457895 0.140934 0.0274736
v 0.0461499 0.137368 0.0091579
v 0.0457895 0.136776 0.0091579
v -0.0457895 0.0091579 -0.0262375
v -0.0457895 -0.0091579 -0.0264489
v -0.0473672 -0.0091579 -0.0274737
v -0.155684 0.0457895 -0.0262399
v -0.15634 0.0457895 -0.0274737
v -0.174 0.0614991 -0.0274737
v -0.174 0.0457895 -0.0400537
v -0.174 0.0641053 -0.0262418
v -0.175551 0.0641053 -0.0274737
v -0.192316 0.0641053 -0.042157
v -0.178178 0.082421 -0.0274737
v -0.192316 0.082421 -0.0398758
v -0.200918 0.082421 -0.0457895
v -0.210632 0.091953 -0.0457895
v -0.210632 0.082421 -0.0553246
v -0.192316 0.0948081 -0.0274737
v -0.174 0.082421 -0.0204301
v -0.174 0.0926716 -0.0091579
v -0.225071 0.100737 -0.0457895
v -0.228947 0.100737 -0.0496721
v -0.228947 0.104627 -0.0457895
v -0.228947 0.082421 -0.0631969
v -0.247263 0.100737 -0.0570135
v -0.247263 0.091736 -0.0641053
v -0.228947 0.0641053 -0.0628763
v -0.192316 0.0457895 -0.0444809
v -0.202507 0.0641053 -0.0457895
v -0.194695 0.0457895 -0.0457895
v -0.210632 0.0457895 -0.0590618
v -0.210632 0.0641053 -0.0535248
v -0.228947 0.0457895 -0.0624815
v -0.231187 0.0641053 -0.0641053
v -0.234393 0.082421 -0.0641053
v -0.247263 0.0641053 -0.0741873
v -0.247263 0.082421 -0.0735365
v -0.265579 0.0641053 -0.0792593
v -0.265579 0.082421 -0.0786803
v -0.278452 0.082421 -0.082421
v -0.283895 0.086585 -0.082421
v -0.281377 0.0641053 -0.082421
v -0.283895 0.0641053 -0.0838798
v -0.283895 0.082421 -0.0866023
v -0.302211 0.0641053 -0.094736
v -0.302211 0.082421 -0.0965207
v -0.320526 0.0641053 -0.0993546
v -0.320526 0.082421 -0.0998411
v -0.323191 0.082421 -0.100737
v -0.32798 0.0641053 -0.100737
v -0.338842 0.0641053 -0.110351
v -0.338842 0.082421 -0.115427
v -0.338842 0.0972612 -0.100737
v -0.302211 0.0966852 -0.082421
v -0.265579 0.0962406 -0.0641053
v -0.247263 0.111838 -0.0457895
v -0.320526 0.1 -0.082421
v -0.32663 0.100737 -0.082421
v -0.357158 0.0995986 -0.100737
v -0.357158 0.082421 -0.117395
v -0.283895 0.100051 -0.0641053
v -0.265579 0.100737 -0.0588989
v -0.265579 0.113415 -0.0457895
v -0.375474 0.100496 -0.100737
v -0.375474 0.082421 -0.11869
v -0.393789 0.0982291 -0.119053
v -0.376458 0.082421 -0.119053
v -0.393789 0.082421 -0.135182
v -0.412105 0.0954221 -0.137368
v -0.398671 0.082421 -0.137368
v -0.412105 0.082421 -0.150186
v -0.430421 0.100109 -0.137368
v -0.430421 0.082421 -0.154903
v -0.283895 0.111222 -0.0457895
v -0.283895 0.100737 -0.060829
v -0.302211 0.103234 -0.0641053
v -0.295872 0.100737 -0.0641053
v -0.302211 0.100737 -0.0666459
v -0.320526 0.108881 -0.0641053
v -0.320526 0.100737 -0.0748452
v -0.338842 0.11047 -0.082421
v -0.338842 0.100737 -0.0923555
v -0.357158 0.108546 -0.082421
v -0.357158 0.100737 -0.0919515
v -0.448737 0.0910076 -0.137368
v -0.448737 0.082421 -0.145945
v -0.412105 0.100249 -0.119053
v -0.119053 0.082421 -0.00239253
v -0.137368 0.0768931 -0.0091579
v -0.137368 0.082421 -0.0046553
v -0.155684 0.0795577 -0.0091579
v -0.137368 0.0641053 -0.0212077
v -0.155684 0.0641053 -0.0241379
v -0.162046 0.082421 -0.0091579
v -0.119053 0.0641053 -0.0131525
v -0.119053 0.0682774 -0.0091579
v -0.100737 0.0641053 -0.00979573
v -0.100737 0.0649136 -0.0091579
v -0.100737 0.082421 0.00366706
v -0.119053 0.0973476 0.0091579
v -0.100737 0.0913283 0.0091579
v -0.124752 0.100737 0.0091579
v -0.0908002 0.082421 0.0091579
v -0.137368 0.100737 0.00103533
v -0.155684 0.082421 -0.00824684
v -0.119053 0.100737 0.0102205
v -0.119053 0.118215 0.0274736
v -0.132272 0.119053 0.0274736
v -0.100737 0.100737 0.0104293
v -0.100737 0.116279 0.0274736
v -0.100737 0.119053 0.029186
v -0.082421 0.100737 0.0136057
v -0.082421 0.1139 0.0274736
v -0.0998394 0.0641053 -0.0091579
v -0.137368 0.1091 0.0091579
v -0.155684 0.115887 0.0091579
v -0.155684 0.100737 -0.00574982
v -0.174 0.117308 0.0091579
v -0.174 0.100737 -0.00754654
v -0.192316 0.107834 -0.0091579
v -0.082421 0.082421 0.0111051
v -0.0641053 0.100737 0.0266369
v -0.082421 0.0726106 0.0091579
v -0.0641053 0.101463 0.0274736
v -0.184139 0.100737 -0.0091579
v -0.082421 0.0641053 0.00441688
v -0.0736936 0.0641053 0.0091579
v -0.0641053 0.0457895 -0.0056088
v -0.0641053 0.0627441 0.0091579
v -0.0641053 0.0641053 0.00931573
v -0.192316 0.100737 -0.0162163
v -0.210632 0.114185 -0.0091579
v -0.210632 0.100737 -0.0254129
v -0.082421 0.119053 0.0453184
v -0.100737 0.137368 0.0373707
v -0.119053 0.119053 0.0291314
v -0.0916188 0.137368 0.0457895
v -0.228947 0.1156 -0.0274737
v -0.119053 0.137368 0.0310189
v -0.128959 0.137368 0.0274736
v -0.137368 0.152518 0.0274736
v -0.137368 0.137368 0.021135
v -0.145814 0.155684 0.0274736
v -0.155684 0.155684 0.0251527
v -0.155684 0.137368 0.0183453
v -0.100737 0.155684 0.0401938
v -0.137368 0.155684 0.0278282
v -0.119053 0.155684 0.0315107
v -0.137368 0.119053 0.0256014
v -0.0641053 0.082421 0.0107684
v -0.192316 0.117816 0.0091579
v -0.210632 0.100123 -0.0274737
v -0.155684 0.119053 0.0189716
v -0.174 0.119053 0.0176194
v -0.211981 0.100737 -0.0274737
v -0.0819457 0.119053 0.0457895
v -0.0641053 0.102739 0.0457895
v -0.0752748 0.119053 0.0641053
v 0.100382 -0.082421 0.100737
v 0.100737 -0.082421 0.104391
v 0.100737 -0.0892989 0.119053
v 0.082421 -0.0986419 0.100737
v 0.100737 -0.082421 0.10003
v -0.0142403 0.0641053 -0.0641053
v -0.0091579 0.0640411 -0.0457895
v -0.0091579 0.0641053 -0.0504452
v -0.005126 0.0641053 -0.0457895
v -0.0091579 0.0641053 -0.0457117
v 0.000329375 0.0457895 -0.0641053
v -0.0091579 0.0457895 -0.066344
v 0.0091579 0.0464649 -0.0641053
v 0.0091579 0.0641053 -0.0784531
v -0.0091579 0.0431582 -0.0641053
v 0.0457895 0.0457895 -0.0637779
v 0.0274736 0.0413761 -0.0641053
v 0.0274736 0.0457895 -0.0639418
v 0.0091579 0.0409451 -0.0641053
v 0.0091579 0.0457895 -0.0640287
v 0.00361341 0.0274736 -0.0641053
v 0.0274736 0.0470513 -0.0641053
v 0.0457895 0.0467594 -0.0641053
v 0.0457895 0.0444193 -0.0641053
v -0.0091579 0.0274736 -0.0580826
v -0.0831358 0.119053 0.155684
v -0.100737 0.126742 0.174
v -0.082421 0.119053 0.156034
v -0.0945888 0.137368 0.174
v -0.082421 0.137368 0.16118
v -0.082421 0.149409 0.174
v -0.0641053 0.137368 0.156662
v -0.0641053 0.154659 0.174
v -0.0457895 0.137368 0.158909
v -0.0457895 0.15244 0.174
v -0.0274737 0.137368 0.161657
v -0.0274737 0.149699 0.174
v -0.0091579 0.137368 0.160172
v -0.0091579 0.151167 0.174
v 0.0091579 0.137368 0.164123
v 0.0091579 0.147221 0.174
v -0.0274737 0.119053 0.156347
v -0.0457895 0.119053 0.156228
v -0.0091579 0.119053 0.156592
v 0.0091579 0.119053 0.157051
v -0.0641053 0.119053 0.15618
v 0.0274736 0.137368 0.172662
v 0.0274736 0.138701 0.174
v 0.0274736 0.119053 0.157431
v 0.0457895 0.119053 0.158165
v -0.0641053 0.100737 0.156291
v -0.082421 0.100737 0.157592
v 0.0291188 0.137368 0.174
v 0.0457895 0.13517 0.174
v 0.0641053 0.119053 0.159737
v 0.0641053 0.133377 0.174
v 0.082421 0.119053 0.165763
v 0.082421 0.127168 0.174
v 0.0997481 0.119053 0.174
v 0.100737 0.119053 0.174043
v 0.100737 0.117735 0.174
v 0.100737 0.100737 0.165101
v 0.102308 0.119053 0.174
v 0.100737 0.136443 0.192316
v 0.119053 0.124927 0.174
v 0.107614 0.100737 0.155684
v 0.283895 0.136763 0.119053
v 0.265579 0.136646 0.100737
v 0.283819 0.137368 0.119053
v 0.265579 0.137368 0.101157
v 0.265579 0.154805 0.119053
v 0.247263 0.14547 0.100737
v 0.283895 0.137368 0.122293
v 0.283895 0.142857 0.137368
v 0.289486 0.137368 0.137368
v 0.258738 0.137368 0.100737
v 0.283895 0.114257 0.082421
v 0.283895 0.119053 0.0834166
v 0.300555 0.119053 0.100737
v 0.302211 0.112683 0.100737
v 0.280063 0.119053 0.082421
v 0.265579 0.131289 0.082421
v 0.265579 0.119053 0.0700768
v 0.247263 0.135426 0.082421
v 0.247263 0.119053 0.0658584
v 0.241496 0.137368 0.082421
v 0.228947 0.137368 0.0713966
v 0.228947 0.148459 0.082421
v 0.247263 0.137368 0.0911143
v 0.228947 0.154819 0.100737
v 0.247263 0.155415 0.119053
v 0.283895 0.135683 0.100737
v 0.247263 0.118636 0.0641053
v 0.228947 0.118514 0.0641053
v 0.265579 0.118539 0.0641053
v 0.302211 0.129231 0.119053
v 0.33553 0.0641053 0.100737
v 0.337611 0.0457895 0.082421
v 0.320526 0.0637144 0.082421
v 0.320526 0.0457895 0.0650277
v 0.319489 0.0457895 0.0641053
v 0.319743 0.0641053 0.082421
v 0.302211 0.0633635 0.0641053
v 0.302211 0.0457895 0.0471537
v 0.301623 0.0641053 0.0641053
v 0.302211 0.0641053 0.0654046
v 0.311087 0.082421 0.082421
v 0.320526 0.0641053 0.0836251
v 0.32598 0.082421 0.100737
v 0.320526 0.082421 0.0945798
v 0.320526 0.0880489 0.100737
v 0.32797 0.100737 0.119053
v 0.320526 0.100737 0.111345
v 0.313919 0.100737 0.100737
v 0.320526 0.108413 0.119053
v 0.312506 0.119053 0.119053
v 0.302211 0.082421 0.0734392
v 0.303461 0.100737 0.082421
v 0.302211 0.102036 0.082421
v 0.336921 0.082421 0.119053
v 0.302211 0.100737 0.0812017
v 0.283895 0.110305 0.0641053
v 0.295224 0.082421 0.0641053
v 0.29321 0.0641053 0.0457895
v 0.283895 0.0730837 0.0457895
v 0.283895 0.082421 0.0534319
v 0.283895 0.0641053 0.0365494
v 0.293343 0.100737 0.0641053
v 0.283895 0.100737 0.0546786
v 0.302211 0.119053 0.108471
v 0.265579 0.100737 0.0463035
v 0.265579 0.082421 0.0459394
v 0.288393 0.0457895 0.0457895
v -0.145814 0.155684 0.0274736
v -0.155684 0.155684 0.0251527
v -0.137368 0.155867 0.0274736
v -0.137368 0.155684 0.0278282
v -0.119053 0.160113 0.0274736
v -0.137368 0.174 0.0107039
v -0.119053 0.155684 0.0315107
v -0.119053 0.174 0.0151966
v -0.155684 0.174 0.00990462
v -0.174 0.174 0.0127843
v -0.100737 0.173709 0.0274736
v -0.100737 0.155684 0.0401938
v -0.100737 0.174 0.0271862
v -0.0939121 0.155684 0.0457895
v -0.082421 0.156374 0.0457895
v -0.100428 0.174 0.0274736
v -0.082421 0.174 0.0283387
v -0.082421 0.155684 0.0467261
v -0.0649312 0.174 0.0457895
v -0.0641053 0.157829 0.0641053
v -0.159519 0.155684 0.0274736
v -0.174 0.157544 0.0274736
v -0.174 0.155684 0.0376081
v 0.155395 -0.0641053 0.082421
v 0.137368 -0.082421 0.100733
v 0.155684 -0.0642788 0.082421
v 0.262385 -0.082421 0.137368
v 0.247263 -0.0845017 0.137368
v 0.265579 -0.082421 0.137339
v 0.228947 -0.098477 0.119053
v 0.24105 -0.082421 0.137368
v 0.247263 -0.100159 0.119053
v 0.228947 -0.082421 0.136748
v 0.265579 -0.0997058 0.119053
v 0.228947 -0.082108 0.137368
v 0.227385 -0.082421 0.137368
v 0.283895 -0.082421 0.128243
v 0.265579 -0.0823954 0.137368
v 0.283895 -0.0900722 0.119053
v 0.283895 -0.0803655 0.137368
v 0.210632 -0.0957587 0.137368
v 0.046026 0.0457895 -0.0641053
v 0.0457895 0.0457895 -0.0647193
v 0.0457895 0.0444193 -0.0641053
v 0.0457895 0.0467594 -0.0641053
v 0.0457895 0.0457895 -0.0637779
v 0.0613663 0.0091579 0.174
v 0.0457895 0.0274736 0.178474
v 0.0457895 0.0091579 0.188364
v 0.0641053 -0.00497562 0.174
v 0.0641053 -0.0091579 0.176792
v -0.0091579 -0.0274737 -0.100338
v -0.0091579 -0.0163127 -0.100737
v 0.0091579 -0.0222467 -0.100737
v -0.485368 0.0091579 -0.0362771
v -0.495078 0.0091579 -0.0457895
v -0.485368 -0.00054723 -0.0457895
v 0.228947 0.13118 0.174
v 0.228947 0.137368 0.172635
v 0.211963 0.137368 0.155684
v 0.338842 0.0274736 0.297149
v 0.338842 0.0267457 0.302211
v 0.356853 0.0091579 0.302211
v -0.430421 0.100737 -0.126761
v -0.430421 0.107526 -0.119053
v -0.420121 0.100737 -0.119053
v 0.155684 -0.0631885 0.0641053
v 0.174 -0.0630951 0.0457895
v 0.155863 -0.0641053 0.0641053
v -0.320526 -0.0091579 -0.193511
v -0.320526 -0.0079813 -0.192316
v -0.316033 -0.0091579 -0.192316
v 0.0091579 -0.0091579 0.158709
v 0.0091579 0.0091579 0.173138
v -0.0091579 0.0091579 0.162684
v -0.0091579 0.0021534 0.155684
v 0.00619906 -0.0091579 0.155684
v 0.0091579 0.0274736 0.16712
v 0.0274736 0.0274736 0.172793
v -0.0091579 0.0274736 0.160463
v 0.0274736 0.0091579 0.173808
v 0.0091579 0.034512 0.174
v -0.00198281 0.0457895 0.174
v -0.0161914 0.0091579 0.155684
v -0.0091579 -0.0091579 0.150941
v -0.0091579 -0.0228165 0.137368
v -0.00625396 -0.0274737 0.137368
v -0.0091579 0.0457895 0.167804
v -0.0139212 0.0274736 0.155684
v 0.0274736 0.0285988 0.174
v 0.0274736 0.0457895 0.190351
v 0.0457895 0.0274736 0.178474
v 0.0457895 0.0457895 0.190622
v 0.0527247 0.0274736 0.174
v 0.0633729 0.0457895 0.174
v 0.0091579 -0.0126409 0.155684
v -0.0227339 -0.0091579 0.137368
v 0.0091579 0.0457895 0.184693
v -0.0091579 -0.0274737 0.133726
v -0.0091579 -0.0421963 0.119053
v 0.0091579 -0.0445772 0.137368
v 0.0091579 -0.0455362 0.119053
v 0.0091579 -0.0457895 0.118961
v -0.0091579 -0.0457895 0.117318
v -0.0091579 -0.0641053 0.104657
v -0.0262695 -0.0457895 0.100737
v -0.0130674 -0.0641053 0.100737
v -0.0091579 -0.06805 0.100737
v -0.0274737 -0.0641053 0.0882325
v 0.00457829 -0.0641053 0.119053
v -0.0274737 -0.0457895 0.0995336
v -0.0455054 -0.0457895 0.082421
v -0.0341186 -0.0641053 0.082421
v 0.0091579 -0.0686719 0.119053
v 0.0091579 -0.0641053 0.123612
v -0.0457895 -0.0641053 0.0806406
v -0.0274737 -0.082421 0.0796317
v -0.0457895 -0.082421 0.0738248
v -0.0641053 -0.0641053 0.0647344
v -0.0457895 -0.0921305 0.0641053
v -0.0274737 -0.0983983 0.0641053
v -0.0555609 -0.082421 0.0641053
v -0.0569623 -0.100737 0.0457895
v -0.0641053 -0.0981756 0.0457895
v -0.0457895 -0.100737 0.0558994
v -0.0641053 -0.100737 0.0424771
v -0.0641053 -0.115033 0.0274736
v -0.0091579 -0.082421 0.0816118
v 0.0091579 -0.0741755 0.100737
v 0.0274736 -0.0641053 0.13544
v -0.0457895 -0.0392615 0.082421
v -0.0457895 -0.0274737 0.0867455
v -0.0274737 -0.0274737 0.10062
v -0.0457895 -0.0108984 0.100737
v -0.0510132 -0.0274737 0.082421
v -0.0641053 -0.0647449 0.0641053
v -0.0274737 -0.100737 0.0608985
v 0.0274736 -0.0802925 0.119053
v -0.0091579 -0.0998199 0.0641053
v -0.0799286 -0.100737 0.0274736
v -0.0274737 -0.0700291 0.082421
v 0.0117133 -0.0457895 0.137368
v 0.0274736 -0.0589501 0.137368
v 0.0091579 -0.0564826 0.119053
v -0.0457895 -0.0457895 0.0813493
v -0.00722247 -0.082421 0.082421
v 0.0091579 -0.096954 0.082421
v 0.0091579 -0.0972923 0.0641053
v 0.0091579 -0.082421 0.0969043
v 0.0091579 -0.100737 0.0632002
v 0.0274736 -0.100737 0.0612062
v 0.0274736 -0.082421 0.0980073
v 0.0274736 -0.0826909 0.0641053
v 0.0457895 -0.100737 0.0581887
v 0.0091579 -0.118169 0.0457895
v 0.0274736 -0.116973 0.0457895
v -0.0091579 -0.116715 0.0457895
v 0.0209109 -0.0274737 0.155684
v 0.0274736 -0.0356966 0.155684
v 0.0641053 0.0457895 0.173582
v 0.0274736 -0.0457895 0.152039
v 0.0293887 -0.0457895 0.155684
v 0.0457895 -0.0457895 0.170894
v 0.0457895 -0.0609568 0.155684
v -0.0274737 -0.0273468 0.100737
v -0.0274737 -0.0175496 0.119053
v -0.0367498 -0.0091579 0.119053
v -0.0457895 -0.0091579 0.102826
v 0.0091579 -0.0274737 0.153179
v 0.0387205 -0.0641053 0.137368
v -0.0811971 -0.082421 0.0457895
v -0.082421 -0.0997379 0.0274736
v -0.082421 -0.100737 0.0236855
v -0.0951263 -0.100737 0.0091579
v -0.100012 -0.082421 0.0274736
v -0.100737 -0.0987214 0.0091579
v -0.100737 -0.082421 0.0265654
v -0.100737 -0.0806379 0.0274736
v -0.0957074 -0.0641053 0.0457895
v -0.082421 -0.0802711 0.0457895
v -0.082421 -0.0641053 0.059024
v -0.0647356 -0.0641053 0.0641053
v -0.100737 -0.0641053 0.0419502
v -0.115168 -0.0641053 0.0274736
v -0.118516 -0.082421 0.0091579
v -0.119053 -0.0812552 0.0091579
v -0.119053 -0.082421 0.00882226
v -0.133978 -0.0641053 0.0091579
v -0.137368 -0.0641053 0.00690502
v -0.137368 -0.082421 0.00246936
v -0.137368 -0.0941414 -0.0091579
v -0.150918 -0.082421 -0.0091579
v -0.155684 -0.0978792 -0.0274737
v -0.155684 -0.0697049 -0.0091579
v -0.155684 -0.0641053 -0.00528252
v -0.155684 -0.082421 -0.0110516
v -0.119053 -0.0641053 0.0233211
v -0.082421 -0.082421 0.0451596
v -0.0457895 -0.110866 0.0457895
v -0.0274737 -0.115192 0.0457895
v 0.0274736 -0.0274737 0.161445
v -0.0274737 0.00057137 0.137368
v -0.082421 -0.113267 0.0091579
v -0.119053 -0.0994277 -0.0091579
v -0.0091579 -0.100737 0.0627057
v -0.173452 -0.082421 -0.0274737
v -0.174 -0.0997697 -0.0457895
v -0.174 -0.082421 -0.0276409
v -0.191551 -0.082421 -0.0457895
v -0.174 -0.0820612 -0.0274737
v -0.192316 -0.097092 -0.0641053
v -0.192316 -0.082421 -0.0488248
v -0.192316 -0.078315 -0.0457895
v -0.205665 -0.0641053 -0.0457895
v -0.192316 -0.0641053 -0.0324672
v -0.206905 -0.082421 -0.0641053
v -0.190311 -0.0641053 -0.0274737
v -0.210125 -0.0641053 -0.0641053
v -0.0597495 -0.0457895 0.0641053
v -0.0629745 -0.0274737 0.0641053
v -0.0091579 -0.0808736 0.082421
v -0.174 -0.0641053 -0.0111377
v -0.0274737 0.0091579 0.14598
v -0.0378136 0.0091579 0.137368
v -0.0242612 -0.0274737 0.119053
v -0.0641053 -0.082421 0.0610068
v 0.0457895 -0.0274737 0.172951
v 0.0641053 -0.0274737 0.172326
v 0.0641053 -0.0457895 0.16584
v 0.082421 -0.0457895 0.172714
v 0.0457895 -0.0091579 0.173942
v 0.0746133 -0.0274737 0.174
v 0.082421 -0.0350987 0.174
v 0.100737 -0.0457895 0.173791
v 0.100737 -0.0446085 0.174
v 0.107508 -0.0457895 0.174
v 0.0641053 -0.0123445 0.174
v 0.0517946 -0.0091579 0.174
v 0.0457895 -0.00870448 0.174
v 0.0306484 0.0091579 0.174
v -0.137368 -0.0457895 0.0084455
v -0.133533 -0.0457895 0.0091579
v -0.155684 -0.0457895 -0.000544548
v -0.164316 -0.0457895 -0.0091579
v 0.0274736 -0.0091579 0.171503
v 0.0457895 -0.0706621 0.137368
v 0.0457895 -0.0822544 0.119053
v 0.0274736 -0.0746638 0.100737
v 0.0457895 -0.082421 0.11855
v 0.0641053 -0.082421 0.118652
v 0.0641053 -0.0817741 0.119053
v 0.0457895 -0.098043 0.100737
v 0.0641053 -0.0999212 0.100737
v 0.082421 -0.082421 0.118783
v 0.082421 -0.0986419 0.100737
v 0.100737 -0.0892989 0.119053
v 0.0853249 -0.082421 0.119053
v 0.0279047 -0.082421 0.100737
v 0.0641053 -0.0802384 0.137368
v 0.0641053 -0.0641053 0.153588
v 0.0391001 0.0274736 0.174
v 0.0457895 0.0091579 0.188364
v -0.0209093 0.0457895 0.155684
v 0.0122647 -0.0457895 0.119053
v -0.159605 -0.0641053 -0.0091579
v 0.0457895 -0.0641053 0.143924
v 0.0209109 -0.0274737 0.155684
v 0.0274736 -0.0274737 0.161445
v 0.0091579 -0.0126409 0.155684
v 0.0091579 -0.0274737 0.153179
v -0.0274737 0.00057137 0.137368
v -0.0378136 0.0091579 0.137368
v -0.0367498 -0.0091579 0.119053
v -0.0274737 -0.0091579 0.126643
v -0.0274737 -0.0175496 0.119053
v -0.0457895 -0.0067271 0.119053
v -0.0457895 0.0091579 0.134965
v -0.0457895 0.0107234 0.137368
v -0.0227339 -0.0091579 0.137368
v -0.0242612 -0.0274737 0.119053
v 0.0274736 -0.0457895 0.152039
v 0.0117133 -0.0457895 0.137368
v 0.0274736 -0.0589501 0.137368
v 0.0122647 -0.0457895 0.119053
v 0.0293887 -0.0457895 0.155684
v 0.0387205 -0.0641053 0.137368
v 0.0457895 -0.0609568 0.155684
v 0.0457895 -0.0641053 0.143924
v 0.0641053 -0.0641053 0.153588
v 0.0091579 -0.0741755 0.100737
v -0.0091579 -0.0808736 0.082421
v 0.0091579 -0.082421 0.0969043
v -0.0091579 -0.06805 0.100737
v 0.0274736 -0.082421 0.0980073
v 0.0274736 -0.0746638 0.100737
v 0.0274736 -0.0802925 0.119053
v 0.0279047 -0.082421 0.100737
v 0.0274736 -0.090548 0.082421
v 0.0457895 -0.098043 0.100737
v 0.0274736 -0.0091579 0.171503
v 0.0457895 -0.0091579 0.173942
v 0.0274736 0.0091579 0.173808
v 0.0306484 0.0091579 0.174
v 0.0391001 0.0274736 0.174
v 0.0457895 0.0091579 0.188364
v -0.0641053 -0.0641053 0.0647344
v -0.0647356 -0.0641053 0.0641053
v -0.0641053 -0.0647449 0.0641053
v -0.0811971 -0.082421 0.0457895
v -0.082421 -0.0802711 0.0457895
v -0.082421 -0.082421 0.0451596
v -0.0641053 -0.082421 0.0610068
v -0.159605 -0.0641053 -0.0091579
v -0.174 -0.0820612 -0.0274737
v -0.173452 -0.082421 -0.0274737
v -0.174 -0.0641053 -0.0111377
v -0.159605 -0.0641053 -0.0091579
v -0.164316 -0.0457895 -0.0091579
v -0.0091579 -0.116715 0.0457895
v -0.0091579 -0.100737 0.0627057
v -0.0274737 -0.115192 0.0457895
v -0.0274737 -0.0457895 0.0995336
v -0.0262695 -0.0457895 0.100737
v -0.0274451 -0.0274737 0.100737
v -0.0242612 -0.0274737 0.119053
v -0.0274737 -0.0273468 0.100737
v -0.0274737 -0.0274737 0.10062
v 0.0122647 -0.0457895 0.119053
v 0.0091579 -0.0457895 0.118961
v 0.0091579 -0.0564826 0.119053
v -0.265579 0.082421 0.00628257
v -0.283895 0.0641053 -0.00307405
v -0.265579 0.0641053 0.00692654
v -0.283895 0.082421 -0.00518054
v -0.265579 0.047402 0.0091579
v -0.283809 0.0457895 -0.0091579
v -0.262025 0.082421 0.0091579
v -0.28789 0.082421 -0.0091579
v -0.290118 0.0641053 -0.0091579
v -0.302211 0.0641053 -0.0122333
v -0.302211 0.082421 -0.0122868
v -0.252859 0.0641053 0.0091579
v -0.266854 0.0457895 0.0091579
v -0.265579 0.0286642 -0.0091579
v -0.278059 0.0274736 -0.0274737
v -0.283895 0.0284662 -0.0274737
v -0.31835 0.082421 -0.0274737
v -0.283895 0.0465447 -0.0091579
v -0.319842 0.0641053 -0.0274737
v -0.302211 0.0457895 -0.0157596
v -0.314391 0.0457895 -0.0274737
v -0.302211 0.0342141 -0.0274737
v -0.320526 0.0308414 -0.0457895
v -0.320526 0.0457895 -0.0304479
v -0.265579 0.0445123 0.0091579
v -0.283895 0.0863836 -0.0091579
v -0.265579 0.0457895 0.0104208
v -0.338842 0.0424847 -0.0457895
v -0.338842 0.0457895 -0.0424537
v -0.348358 0.0457895 -0.0457895
v -0.357158 0.0477204 -0.0457895
v -0.357158 0.0457895 -0.0463508
v -0.369339 0.0641053 -0.0457895
v -0.375474 0.0641053 -0.0469729
v -0.357158 0.0817684 -0.0457895
v -0.375474 0.0457895 -0.0509092
v -0.375474 0.0328645 -0.0641053
v -0.393789 0.0378335 -0.0641053
v -0.357158 0.0641053 -0.0337267
v -0.357158 0.0299424 -0.0641053
v -0.393789 0.0457895 -0.0561122
v -0.412105 0.0364136 -0.0641053
v -0.412105 0.0457895 -0.0553479
v -0.393789 0.0641053 -0.0517218
v -0.357158 0.082421 -0.045854
v -0.320526 0.0641053 -0.0276901
v -0.320526 0.082421 -0.0281631
v -0.412105 0.0641053 -0.051501
v -0.375474 0.082421 -0.0530505
v -0.338842 0.0641053 -0.0301783
v -0.338842 0.082421 -0.0306893
v -0.302211 0.0457895 -0.0157596
v -0.283895 0.0457895 -0.00918776
v -0.302211 0.0641053 -0.0122333
v -0.302211 0.0342141 -0.0274737
v -0.290118 0.0641053 -0.0091579
v -0.283895 0.0284662 -0.0274737
v -0.283809 0.0457895 -0.0091579
v -0.283895 0.0465447 -0.0091579
v -0.0641053 0.0836504 0.192316
v -0.0641053 0.100737 0.209307
v -0.082421 0.0839541 0.192316
v -0.082421 0.0842068 0.174
v -0.100737 0.0984308 0.174
v -0.100737 0.091292 0.192316
v -0.0641053 0.0826323 0.174
v -0.082421 0.100737 0.208972
v -0.119053 0.0832774 0.174
v -0.11304 0.100737 0.192316
v -0.119053 0.100737 0.191694
v -0.0457895 0.093388 0.174
v -0.04649 0.100737 0.192316
v -0.119053 0.082421 0.163294
v -0.0457895 0.100737 0.184334
v -0.0457895 0.119053 0.209049
v -0.102762 0.100737 0.155684
v -0.111345 0.082421 0.155684
v -0.100737 0.100737 0.151722
v -0.100737 0.102795 0.155684
v -0.0831358 0.119053 0.155684
v -0.082421 0.110936 0.137368
v -0.119053 0.0744029 0.155684
v -0.0457895 0.101603 0.192316
v -0.137368 0.0649809 0.174
v -0.137368 0.0641053 0.170626
v -0.145495 0.0641053 0.174
v -0.137368 0.0652718 0.192316
v -0.140187 0.0641053 0.192316
v -0.155684 0.0491216 0.192316
v -0.155684 0.0641053 0.207898
v -0.155684 0.0561723 0.174
v -0.100737 0.100737 0.171556
v -0.120073 0.082421 0.174
v -0.155684 0.0665333 0.210632
v -0.137368 0.082421 0.209311
v -0.119581 0.100737 0.192316
v -0.100737 0.100737 0.201729
v -0.120451 0.082421 0.192316
v -0.0457895 0.101603 0.192316
v -0.04649 0.100737 0.192316
v -0.0457895 0.100737 0.184334
v 0.169249 -0.0641053 0.210632
v 0.164385 -0.082421 0.192316
v 0.174 -0.082421 0.202062
v 0.174 -0.068921 0.210632
v 0.192316 -0.0641053 0.210363
v 0.174 -0.0920302 0.192316
v 0.174 -0.0970268 0.174
v 0.192316 -0.0941891 0.192316
v 0.159328 -0.082421 0.174
v 0.192316 -0.0986748 0.174
v 0.185162 -0.0641053 0.210632
v 0.157214 -0.0641053 0.192316
v 0.192316 -0.082421 0.20435
v 0.174 -0.0641053 0.22059
v 0.174 -0.0537099 0.228947
v 0.167993 -0.0457895 0.228947
v 0.155684 -0.0591145 0.210632
v 0.155684 -0.0457895 0.226261
v 0.142162 -0.0457895 0.210632
v 0.137368 -0.0517223 0.192316
v 0.174 -0.0457895 0.232363
v 0.192316 -0.0641053 0.235448
v 0.180322 -0.0641053 0.228947
v 0.137368 -0.0457895 0.198449
v 0.130702 -0.0457895 0.192316
v 0.137368 -0.0361176 0.210632
v 0.137368 -0.0641053 0.185118
v 0.119053 -0.0457895 0.182585
v 0.119053 -0.0384097 0.192316
v 0.107508 -0.0457895 0.174
v 0.108296 -0.0274737 0.192316
v 0.119053 -0.0274737 0.202429
v 0.100737 -0.0446085 0.174
v 0.100737 -0.0274737 0.190085
v 0.082421 -0.0350987 0.174
v 0.119053 -0.0204746 0.210632
v 0.107783 -0.0091579 0.210632
v 0.119053 -0.0091579 0.221921
v 0.122603 -0.0091579 0.228947
v 0.082421 -0.0274737 0.18108
v 0.0746133 -0.0274737 0.174
v 0.0641053 -0.0123445 0.174
v 0.119053 -0.0641053 0.184909
v 0.082421 -0.0091579 0.189999
v 0.0641053 -0.0091579 0.176792
v 0.100737 -0.0145294 0.192316
v 0.0517946 -0.0091579 0.174
v 0.155684 -0.0446568 0.228947
v 0.0457895 0.0091579 0.188364
v 0.0457895 -0.00870448 0.174
v 0.0306484 0.0091579 0.174
v 0.128979 -0.0274737 0.210632
v 0.137368 -0.0274737 0.220825
v 0.137368 -0.0249351 0.228947
v 0.155684 -0.0307575 0.247263
v 0.152394 -0.0274737 0.247263
v 0.155684 -0.0274737 0.250558
v 0.137368 -0.0091579 0.243917
v 0.141556 -0.0091579 0.247263
v 0.192316 -0.0706236 0.228947
v 0.138985 -0.0274737 0.228947
v 0.155684 -0.0729625 0.174
v 0.155684 -0.0641053 0.183247
v 0.106461 -0.0641053 0.174
v 0.105676 -0.0641053 0.155684
v 0.155684 -0.059244 0.192316
v 0.100737 -0.0091579 0.197121
v 0.0959159 -0.0091579 0.192316
v 0.174 -0.0641053 0.22059
v 0.174 -0.068921 0.210632
v 0.192316 -0.0706236 0.228947
v 0.137368 -0.0517223 0.192316
v 0.155684 -0.0641053 0.183247
v 0.155684 -0.059244 0.192316
v 0.137368 -0.0641053 0.185118
v 0.152394 -0.0274737 0.247263
v 0.141556 -0.0091579 0.247263
v 0.138985 -0.0274737 0.228947
v -0.0641053 0.00836158 -0.0091579
v -0.0457895 0.0091579 -0.0262375
v -0.0473672 -0.0091579 -0.0274737
v -0.0633964 0.0091579 -0.0091579
v -0.0457895 0.0274736 -0.0256199
v -0.043263 0.0091579 -0.0274737
v -0.0615861 0.0274736 -0.0091579
v -0.0457895 0.0410453 -0.0274737
v -0.0490867 0.0457895 -0.0274737
v -0.0457895 0.0457895 -0.0307583
v -0.0641053 0.0274736 -0.00484449
v -0.0641053 0.0091579 0.00554007
v -0.0457895 0.0641053 -0.0429233
v -0.0612262 0.0641053 -0.0274737
v -0.0274737 0.0641053 -0.0452935
v -0.0641053 0.0457895 -0.0056088
v -0.082421 0.0457895 0.00488639
v -0.0621387 0.0457895 -0.0091579
v -0.032128 0.0457895 -0.0457895
v -0.0457895 0.082421 -0.0381105
v -0.0274737 0.0274736 -0.0350137
v -0.0820166 0.0274736 0.0091579
v -0.0661052 0.0091579 0.0091579
v -0.082421 0.0641053 0.00441688
v -0.036149 0.0274736 -0.0274737
v -0.0274737 0.0403378 -0.0457895
v -0.021533 0.0274736 -0.0457895
v -0.0274737 0.0457895 -0.0504415
v -0.0091579 0.013209 -0.0457895
v -0.0091579 0.0091579 -0.0446643
v -0.0274737 0.0091579 -0.0417451
v -0.0441397 -0.0091579 -0.0274737
v -0.0457895 -0.0091579 -0.0264489
v -0.00259489 0.0091579 -0.0457895
v -0.082421 0.0314484 0.0091579
v -0.043154 -0.0091579 -0.0457895
v -0.0091579 0.0274736 -0.0580826
v -0.0274737 0.0515184 -0.0457895
v -0.0091579 0.0641053 -0.0457117
v -0.0091579 0.0642681 -0.0457895
v -0.005126 0.0641053 -0.0457895
v 0.00361341 0.0274736 -0.0641053
v -0.0113726 0.0457895 -0.0641053
v -0.0142403 0.0641053 -0.0641053
v -0.0091579 0.0431582 -0.0641053
v -0.0091579 0.0641053 -0.0692544
v -0.0091579 0.0457895 -0.066344
v -0.0091579 0.0747722 -0.0641053
v 0.0091579 0.082421 -0.0744531
v -0.0058161 0.082421 -0.0641053
v 0.0091579 0.0937771 -0.0641053
v 0.0274736 0.082421 -0.0784916
v -0.0091579 0.082421 -0.063766
v -0.0274737 0.082421 -0.0532926
v 0.0091579 0.100737 -0.0633971
v 0.0091579 0.0641053 -0.0784531
v -0.0091579 0.100737 -0.0631252
v -0.0274737 0.0911506 -0.0457895
v -0.0349712 0.082421 -0.0457895
v -0.0264795 0.100737 -0.0457895
v -0.0632998 0.0641053 -0.0091579
v 0.0274736 0.0641053 -0.0794556
v 0.0457895 0.082421 -0.0801013
v 0.0457895 0.0641053 -0.081019
v 0.0461462 0.0641053 -0.082421
v 0.0465582 0.082421 -0.082421
v 0.055677 0.082421 -0.100737
v 0.0488135 0.0641053 -0.100737
v 0.0641053 0.082421 -0.109075
v 0.0641053 0.0641053 -0.116977
v 0.0457895 0.0619663 -0.100737
v 0.0641053 0.0620264 -0.119053
v 0.0457895 0.0457895 -0.11683
v 0.0289311 0.0457895 -0.100737
v 0.0301723 0.0274736 -0.100737
v 0.0329188 0.0274736 -0.082421
v 0.0274736 0.0457895 -0.0942998
v 0.0457895 0.0128083 -0.100737
v 0.0457895 0.0274736 -0.114752
v 0.0274736 0.0091579 -0.0898508
v 0.0457895 0.0091579 -0.0938157
v 0.0274736 0.0302373 -0.082421
v 0.014971 0.0457895 -0.082421
v 0.0091579 0.0274736 -0.0705025
v 0.0091579 0.0409451 -0.0641053
v 0.0274736 0.0558348 -0.082421
v 0.0274736 0.0274736 -0.0796415
v 0.0489296 0.0457895 -0.119053
v 0.0473061 0.0274736 -0.119053
v 0.0641053 0.0457895 -0.134136
v 0.0641053 0.0274736 -0.135826
v 0.0505941 0.0091579 -0.119053
v 0.0641053 0.0091579 -0.132259
v 0.0641053 -0.00391781 -0.119053
v -0.0274737 0.0736479 -0.0457895
v -0.082421 0.0274736 0.00944692
v -0.0564204 0.082421 -0.0274737
v -0.0623236 0.082421 -0.0091579
v -0.0641053 0.0627441 0.0091579
v -0.0636881 0.0641053 0.0091579
v -0.0641053 0.0641053 0.00931573
v -0.0641053 0.082421 0.0107684
v -0.0635585 0.082421 0.0091579
v -0.0641053 0.100737 0.0266369
v -0.0624989 0.100737 0.0091579
v -0.0641053 0.101463 0.0274736
v 0.0274736 0.100737 -0.0627413
v 0.0479009 0.0091579 -0.100737
v 0.0457895 -0.0091579 -0.107029
v 0.0457895 -0.00189555 -0.100737
v -0.0274737 0.0274736 -0.0350137
v -0.043263 0.0091579 -0.0274737
v -0.036149 0.0274736 -0.0274737
v -0.0274737 0.0091579 -0.0417451
v -0.0457895 0.082421 -0.0381105
v -0.0349712 0.082421 -0.0457895
v -0.0274737 0.0736479 -0.0457895
v -0.0274737 0.0911506 -0.0457895
v -0.0274737 0.082421 -0.0532926
v -0.0142403 0.0641053 -0.0641053
v -0.0274737 0.0736479 -0.0457895
v -0.0091579 0.0747722 -0.0641053
v -0.0632998 0.0641053 -0.0091579
v -0.0621387 0.0457895 -0.0091579
v -0.0636881 0.0641053 0.0091579
v -0.0623236 0.082421 -0.0091579
v -0.0635585 0.082421 0.0091579
v -0.0624989 0.100737 0.0091579
v -0.0274737 0.0515184 -0.0457895
v -0.0091579 0.0640411 -0.0457895
v -0.0274737 0.0457895 -0.0504415
v -0.0142403 0.0641053 -0.0641053
v -0.0091579 0.0641053 -0.0457117
v 0.0457895 0.0632095 -0.082421
v 0.0457895 0.0641053 -0.081019
v 0.0461462 0.0641053 -0.082421
v 0.0274736 0.0641053 -0.0794556
v 0.0274736 0.0558348 -0.082421
v 0.0457895 0.0619663 -0.100737
v 0.0488135 0.0641053 -0.100737
v 0.014971 0.0457895 -0.082421
v 0.0091579 0.0641053 -0.0784531
v 0.0274736 0.0558348 -0.082421
v 0.0091579 0.0464649 -0.0641053
v 0.0457895 0.0457895 -0.11683
v 0.0473061 0.0274736 -0.119053
v 0.0457895 0.0274736 -0.114752
v 0.0479009 0.0091579 -0.100737
v 0.0457895 0.0091579 -0.0938157
v 0.0479009 0.0091579 -0.100737
v 0.0457895 -0.00189555 -0.100737
v 0.210632 -0.0636367 0.210632
v 0.203873 -0.0457895 0.228947
v 0.192316 -0.0641053 0.215887
v 0.210632 -0.0457895 0.228689
v 0.228947 -0.0457895 0.228528
v 0.228947 -0.0637308 0.210632
v 0.246985 -0.0457895 0.210632
v 0.247263 -0.0457895 0.204924
v 0.247263 -0.0578583 0.192316
v 0.228947 -0.0639294 0.192316
v 0.265579 -0.0457895 0.194724
v 0.265579 -0.0479267 0.192316
v 0.265579 -0.0641053 0.189484
v 0.283895 -0.0641053 0.183491
v 0.265579 -0.0795099 0.174
v 0.247263 -0.0790279 0.174
v 0.283895 -0.0736366 0.174
v 0.265579 -0.081348 0.155684
v 0.283895 -0.0816389 0.155684
v 0.265579 -0.0823954 0.137368
v 0.283895 -0.0803655 0.137368
v 0.247263 -0.0819752 0.155684
v 0.283895 -0.0548066 0.192316
v 0.283895 -0.0457895 0.201856
v 0.247263 -0.0425661 0.210632
v 0.262385 -0.082421 0.137368
v 0.247263 -0.082421 0.142333
v 0.243246 -0.082421 0.155684
v 0.228947 -0.0925496 0.155684
v 0.228947 -0.082421 0.165789
v 0.210632 -0.0973849 0.174
v 0.225678 -0.082421 0.174
v 0.210632 -0.0871209 0.192316
v 0.215324 -0.082421 0.192316
v 0.210632 -0.082421 0.197018
v 0.192316 -0.0941891 0.192316
v 0.192316 -0.082421 0.20435
v 0.192316 -0.0986748 0.174
v 0.247263 -0.0845017 0.137368
v 0.228947 -0.0797915 0.174
v 0.247263 -0.0641053 0.189437
v 0.228947 -0.0641053 0.191913
v 0.210632 -0.0641053 0.209933
v 0.192316 -0.082421 0.20435
v 0.210632 -0.082421 0.197018
v 0.192316 -0.0641053 0.210363
v 0.215324 -0.082421 0.192316
v 0.228786 -0.0641053 0.192316
v 0.225678 -0.082421 0.174
v 0.210632 -0.0636367 0.210632
v 0.228947 -0.0639294 0.192316
v 0.228947 -0.0641053 0.191913
v 0.192316 -0.0638557 0.210632
v 0.210632 -0.0641053 0.209933
v 0.210632 -0.0636367 0.210632
v 0.192316 -0.0641053 0.210363
v 0.185162 -0.0641053 0.210632
v -0.0274737 0.0641053 0.142839
v -0.0274737 0.0457895 0.152935
v -0.0091579 0.0641053 0.155444
v -0.0091579 0.0792534 0.137368
v 0.0091579 0.0818214 0.155684
v -0.0274737 0.0699429 0.137368
v -0.0274737 0.082421 0.135929
v -0.0091579 0.082421 0.13524
v -0.0091579 0.100737 0.125774
v 0.0091579 0.100737 0.134272
v 0.0091579 0.082421 0.137338
v -0.0274737 0.100737 0.131464
v -0.0457895 0.100737 0.135244
v -0.0091579 0.0635635 0.155684
v -0.0209093 0.0457895 0.155684
v 0.0274736 0.100737 0.134915
v 0.0274736 0.082421 0.137173
v 0.0457895 0.100737 0.135172
v -0.0274737 0.113424 0.119053
v -0.0457895 0.117425 0.119053
v -0.0641053 0.119053 0.131451
v 0.0457895 0.118576 0.119053
v 0.0457895 0.0892001 0.137368
v 0.0309412 0.082421 0.137368
v 0.0457895 0.082421 0.144
v -0.0091579 0.0457895 0.167804
v -0.00198281 0.0457895 0.174
v 0.0091579 0.0566224 0.174
v -0.0310647 0.082421 0.137368
v 0.0091579 0.116026 0.119053
v 0.0091579 0.0457895 0.184693
v 0.0274736 0.062183 0.174
v 0.0274736 0.0457895 0.190351
v 0.0457895 0.0624327 0.174
v 0.0457895 0.0457895 0.190622
v 0.0091579 0.0641053 0.172791
v 0.0633729 0.0457895 0.174
v 0.0274736 0.11717 0.119053
v -0.0641053 0.100737 0.136938
v -0.082421 0.119053 0.135928
v -0.0641053 0.137368 0.135683
v -0.082421 0.137368 0.137092
v -0.0641053 0.155684 0.133031
v -0.082421 0.155684 0.1369
v -0.082421 0.174 0.126543
v -0.0476161 0.137368 0.119053
v -0.100737 0.174 0.13533
v -0.0841182 0.155684 0.137368
v -0.100737 0.192316 0.12438
v -0.0091579 0.107599 0.119053
v -0.0742942 0.100737 0.137368
v -0.082421 0.110936 0.137368
v 0.0641053 0.117152 0.119053
v 0.0457895 0.119053 0.118632
v 0.0641053 0.119053 0.118692
v -0.0501654 0.155684 0.119053
v 0.0604783 0.082421 0.137368
v 0.0457895 0.0783193 0.155684
v 0.0641053 0.100737 0.13317
v 0.0457895 0.0641053 0.169645
v -0.0641053 0.0924551 0.137368
v 0.0641053 0.137368 0.112011
v 0.082421 0.137368 0.114046
v 0.082421 0.149768 0.100737
v 0.0641053 0.146634 0.100737
v 0.100737 0.139676 0.119053
v 0.09775 0.137368 0.119053
v 0.082421 0.119053 0.118257
v 0.0474331 0.137368 0.100737
v -0.0829481 0.137368 0.137368
v 0.100737 0.137368 0.121453
v 0.0641053 0.0457895 0.173582
v 0.0641053 0.0641053 0.164778
v 0.082421 0.0641053 0.161438
v 0.0641053 0.0739782 0.155684
v 0.082421 0.0710225 0.155684
v 0.0274736 0.0641053 0.171588
v 0.119053 0.147969 0.119053
v 0.100737 0.119053 0.127187
v -0.0838172 0.119053 0.137368
v 0.119053 0.137368 0.130104
v 0.0274736 0.0820842 0.137368
v 0.0091579 0.0823687 0.137368
v -0.0457895 0.0968795 0.137368
v 0.0274736 0.0806341 0.155684
v 0.0896644 0.082421 0.155684
v 0.0837688 0.082421 0.137368
v 0.082421 0.0802143 0.137368
v 0.0946527 0.100737 0.137368
v 0.100737 0.0944125 0.155684
v 0.100737 0.100737 0.14446
v 0.100737 0.106496 0.137368
v 0.107614 0.100737 0.155684
v 0.100737 0.082421 0.167172
v 0.100737 0.0641053 0.169489
v 0.119053 0.082421 0.173706
v 0.119053 0.0641053 0.173486
v 0.137368 0.0641053 0.173627
v 0.134298 0.082421 0.174
v 0.137368 0.0814618 0.174
v 0.137368 0.0630718 0.174
v 0.138519 0.0641053 0.174
v 0.119053 0.0627064 0.174
v 0.082421 0.082421 0.136914
v 0.082421 0.100737 0.134039
v 0.119053 0.119053 0.13437
v 0.137368 0.119053 0.134038
v 0.137368 0.118723 0.137368
v 0.137368 0.134603 0.119053
v 0.119053 0.115053 0.137368
v 0.0457895 0.137123 0.100737
v 0.0641053 0.082421 0.136984
v 0.134441 0.137368 0.119053
v 0.0274736 0.119053 0.115618
v 0.0274736 0.132888 0.100737
v 0.012246 0.119053 0.100737
v 0.0091579 0.10786 0.100737
v 0.0091579 0.119053 0.0936918
v -0.00183928 0.119053 0.082421
v 0.0091579 0.128014 0.082421
v 0.0091579 0.0566224 0.174
v -0.00908625 0.0641053 0.155684
v -0.0091579 0.0635635 0.155684
v 0.0091579 0.0641053 0.172791
v 0.0091579 0.0818214 0.155684
v 0.0274736 0.0806341 0.155684
v 0.0091579 0.0823687 0.137368
v -0.0091579 0.0792534 0.137368
v -0.0091579 0.082421 0.13524
v 0.0091579 0.082421 0.137338
v -0.0091579 0.0641053 0.155444
v 0.0457895 0.0783193 0.155684
v 0.0457895 0.0641053 0.169645
v 0.0641053 0.0739782 0.155684
v 0.0274736 0.0641053 0.171588
v 0.0641053 0.0816237 0.137368
v 0.082421 0.0710225 0.155684
v 0.082421 0.0802143 0.137368
v 0.0641053 0.082421 0.136984
v 0.0604783 0.082421 0.137368
v 0.0274736 0.0806341 0.155684
v 0.0457895 0.082421 0.144
v 0.082421 0.119053 0.118257
v 0.0902058 0.119053 0.119053
v 0.09775 0.137368 0.119053
v 0.100737 0.119053 0.127187
v 0.100737 0.106496 0.137368
v 0.082421 0.116771 0.119053
v 0.119053 0.115053 0.137368
v 0.100737 0.100737 0.14446
v 0.0946527 0.100737 0.137368
v 0.082421 0.100737 0.134039
v 0.0641053 0.100737 0.13317
v 0.0641053 0.082421 0.136984
v 0.0641053 0.117152 0.119053
v 0.0641053 0.119053 0.118692
v 0.082421 0.116771 0.119053
v 0.082421 0.119053 0.118257
v 0.0641053 0.119053 0.118692
v 0.107614 0.100737 0.155684
v 0.110202 0.119053 0.155684
v 0.100737 0.100737 0.14446
v -0.0838172 0.119053 0.137368
v -0.082421 0.137368 0.137092
v -0.0829481 0.137368 0.137368
v -0.0507402 0.119053 0.119053
v -0.0641053 0.137368 0.135683
v -0.0641053 0.119053 0.131451
v -0.0476161 0.137368 0.119053
v 0.154626 -0.0641053 0.155684
v 0.137368 -0.0737239 0.155684
v 0.155684 -0.0641053 0.155206
v 0.155684 -0.0773472 0.137368
v 0.155684 -0.0729625 0.174
v 0.137368 -0.0811249 0.137368
v 0.137368 -0.0820332 0.119053
v 0.119053 -0.0811098 0.119053
v 0.119053 -0.0799415 0.100737
v 0.100737 -0.0822703 0.100737
v 0.119053 -0.0820745 0.082421
v 0.155684 -0.08067 0.119053
v 0.137368 -0.0751534 0.174
v 0.119053 -0.0795534 0.137368
v 0.174 -0.0758792 0.137368
v 0.174 -0.0806232 0.155684
v 0.192316 -0.0812386 0.155684
v 0.192316 -0.082421 0.149903
v 0.180886 -0.082421 0.137368
v 0.100737 -0.082421 0.104391
v 0.109302 -0.082421 0.119053
v 0.137368 -0.0824185 0.100737
v 0.192316 -0.0924754 0.137368
v 0.192316 -0.0970425 0.119053
v 0.176912 -0.082421 0.119053
v 0.192316 -0.100737 0.101954
v 0.193941 -0.100737 0.100737
v 0.210632 -0.100141 0.100737
v 0.210632 -0.0985078 0.119053
v 0.228947 -0.098477 0.119053
v 0.228947 -0.100048 0.100737
v 0.247263 -0.100159 0.119053
v 0.247263 -0.0968173 0.100737
v 0.265579 -0.0997058 0.119053
v 0.210632 -0.0957587 0.137368
v 0.155684 -0.0641053 0.183247
v 0.137368 -0.0641053 0.185118
v 0.174 -0.082421 0.117946
v 0.118399 -0.082421 0.082421
v 0.100737 -0.0892989 0.119053
v 0.210632 -0.100737 0.0908441
v 0.218129 -0.100737 0.082421
v 0.100737 -0.082421 0.126014
v 0.0853249 -0.082421 0.119053
v 0.082421 -0.0821381 0.119053
v 0.119053 -0.0750249 0.174
v 0.119053 -0.0641053 0.184909
v 0.106461 -0.0641053 0.174
v 0.228947 -0.0995523 0.082421
v 0.100737 -0.082421 0.10003
v 0.100737 -0.0969388 0.082421
v 0.082421 -0.082421 0.118783
v 0.100382 -0.082421 0.100737
v 0.155684 -0.0641053 0.156933
v 0.0641053 -0.0817741 0.119053
v 0.155684 -0.0640545 0.155684
v 0.082421 -0.0778292 0.137368
v 0.0641053 -0.0802384 0.137368
v 0.082421 -0.0641053 0.15235
v 0.0641053 -0.0641053 0.153588
v 0.0457895 -0.0822544 0.119053
v 0.100737 -0.0641053 0.153877
v 0.082421 -0.0631278 0.155684
v 0.100737 -0.0639028 0.155684
v 0.105676 -0.0641053 0.155684
v 0.155684 -0.082421 0.117346
v 0.210632 -0.082421 0.151627
v 0.210632 -0.0810695 0.155684
v 0.217648 -0.082421 0.155684
v 0.100737 -0.0786329 0.137368
v 0.228947 -0.0925496 0.155684
v 0.155938 -0.0641053 0.155684
v 0.137368 -0.0737239 0.155684
v 0.119053 -0.0738224 0.155684
v 0.119053 -0.0795534 0.137368
v 0.137368 -0.0751534 0.174
v 0.100737 -0.0786329 0.137368
v 0.105676 -0.0641053 0.155684
v 0.106461 -0.0641053 0.174
v 0.119053 -0.0750249 0.174
v 0.0641053 -0.0563162 0.155684
v 0.082421 -0.0641053 0.15235
v 0.082421 -0.0631278 0.155684
v 0.0641053 -0.0641053 0.153588
v 0.0457895 -0.0609568 0.155684
v 0.082421 -0.0457895 0.172714
v 0.100737 -0.0457895 0.173791
v 0.100737 -0.0639028 0.155684
v 0.107508 -0.0457895 0.174
v 0.105676 -0.0641053 0.155684
v 0.0641053 -0.0457895 0.16584
v 0.0457895 -0.0457895 0.170894
v 0.155684 -0.0773472 0.137368
v 0.174 -0.0806232 0.155684
v 0.155938 -0.0641053 0.155684
v 0.155684 -0.0641053 0.155206
v 0.247263 -0.0091579 0.045873
v 0.247263 -0.00894564 0.0457895
v 0.248714 -0.0091579 0.0457895
v 0.265579 -0.0208665 0.0457895
v 0.232111 -0.0091579 0.0457895
v 0.228947 -0.0091579 0.0447763
v 0.228947 -0.0274737 0.0552014
v 0.228947 -0.00604761 0.0274736
v 0.247263 -0.00438237 0.0274736
v 0.228947 0.0091579 0.0127528
v 0.247263 0.0091579 0.0137829
v 0.224261 0.0091579 0.0091579
v 0.247263 0.0274736 0.0172511
v 0.258864 0.0274736 0.0274736
v 0.263013 0.0457895 0.0274736
v 0.247263 0.0457895 0.0123651
v 0.24391 0.0457895 0.0091579
v 0.265579 0.0274736 0.0279813
v 0.236565 0.0274736 0.0091579
v 0.228274 -0.0091579 0.0274736
v 0.261088 0.0091579 0.0274736
v 0.265579 0.0457895 0.027778
v 0.283895 0.0457895 0.0413721
v 0.283895 0.0274736 0.0366357
v 0.283895 0.0641053 0.0365494
v 0.29321 0.0641053 0.0457895
v 0.265579 0.0641053 0.0299045
v 0.288393 0.0457895 0.0457895
v 0.265579 0.0091579 0.0288658
v 0.253237 0.0641053 0.0274736
v 0.247263 -0.0274737 0.0576537
v 0.228947 -0.0457895 0.0581207
v 0.247263 -0.0388839 0.0641053
v 0.265579 -0.0314246 0.0641053
v 0.211952 -0.0274737 0.0457895
v 0.247263 -0.0457895 0.0642516
v 0.265579 -0.0457895 0.0646316
v 0.247263 -0.0469143 0.0641053
v 0.265579 -0.0274737 0.0606633
v 0.265579 -0.063211 0.0641053
v 0.266338 -0.0641053 0.0641053
v 0.283895 -0.0634041 0.082421
v 0.283895 -0.0457895 0.0647786
v 0.283895 -0.0274737 0.0662876
v 0.301533 -0.0457895 0.082421
v 0.302211 -0.0553175 0.100737
v 0.292198 -0.0641053 0.100737
v 0.283895 -0.0641053 0.0923474
v 0.283895 -0.0728236 0.100737
v 0.302211 -0.0721943 0.119053
v 0.291263 -0.082421 0.119053
v 0.283895 -0.082421 0.111188
v 0.266252 -0.082421 0.100737
v 0.265579 -0.0799196 0.082421
v 0.283895 -0.0900722 0.119053
v 0.302211 -0.0641053 0.110872
v 0.302211 -0.0457895 0.0909565
v 0.265579 -0.082421 0.0999414
v 0.259518 -0.082421 0.082421
v 0.247263 -0.082421 0.0707712
v 0.247263 -0.0935541 0.082421
v 0.228947 -0.082421 0.0644392
v 0.228947 -0.0995523 0.082421
v 0.247263 -0.0968173 0.100737
v 0.247263 -0.0797175 0.0641053
v 0.299841 -0.0274737 0.082421
v 0.239446 -0.0457895 0.0641053
v 0.280814 -0.0641053 0.082421
v 0.265579 -0.0641053 0.063352
v 0.228706 -0.082421 0.0641053
v 0.218129 -0.100737 0.082421
v 0.213471 -0.100737 0.0641053
v 0.213663 -0.082421 0.0457895
v 0.210632 -0.100737 0.0613479
v 0.210632 -0.0854322 0.0457895
v 0.210632 -0.082421 0.0428394
v 0.204935 -0.100737 0.0457895
v 0.210632 -0.107778 0.082421
v 0.192316 -0.100737 0.0330456
v 0.210632 -0.103481 0.0641053
v 0.265579 -0.083042 0.100737
v 0.283895 0.0091579 0.0418338
v 0.192316 -0.117886 0.0641053
v 0.293128 0.0274736 0.0457895
v 0.301623 0.0641053 0.0641053
v 0.228947 -0.0795127 0.0641053
v 0.192316 -0.11351 0.0457895
v 0.187313 -0.119053 0.0457895
v 0.174 -0.115067 0.0274736
v 0.174 -0.119053 0.0309297
v 0.173417 -0.119053 0.0274736
v 0.155684 -0.119053 0.00993377
v 0.174 -0.100737 0.0149571
v 0.155684 -0.136722 0.0274736
v 0.142043 -0.119053 0.0091579
v 0.137368 -0.129545 0.0091579
v 0.137368 -0.119053 0.00526088
v 0.119053 -0.137368 -0.0081988
v 0.137168 -0.137368 0.0091579
v 0.137368 -0.137368 0.00930357
v 0.137368 -0.154994 0.0274736
v 0.119053 -0.15506 0.0091579
v 0.100737 -0.155684 -0.00809669
v 0.118269 -0.155684 0.0091579
v 0.100737 -0.137368 -0.00798881
v 0.100737 -0.172884 0.0091579
v 0.0968689 -0.155684 -0.0091579
v 0.082421 -0.141178 -0.0091579
v 0.0938374 -0.174 0.0091579
v 0.0910867 -0.174 -0.0091579
v 0.082421 -0.174 -0.017699
v 0.082421 -0.182643 -0.0091579
v 0.0706106 -0.174 -0.0274737
v 0.0641053 -0.166875 -0.0274737
v 0.0641053 -0.155684 -0.0242612
v 0.0641053 -0.174 -0.0339841
v 0.0641053 -0.180623 -0.0274737
v 0.082421 -0.155684 -0.0232575
v 0.155221 -0.137368 0.0274736
v 0.174 -0.132235 0.0457895
v 0.247263 -0.0641053 0.0488554
v 0.287824 0.0091579 0.0457895
v 0.30107 0.0091579 0.0641053
v 0.302211 0.0115939 0.0641053
v 0.302211 0.0091579 0.0648817
v 0.320157 0.0091579 0.082421
v 0.320526 0.0105053 0.082421
v 0.320526 0.0091579 0.0830166
v 0.320526 -0.0091579 0.0965208
v 0.336758 0.0091579 0.100737
v 0.32408 -0.0091579 0.100737
v 0.320526 -0.0127009 0.100737
v 0.320526 -0.026099 0.119053
v 0.310215 -0.0274737 0.100737
v 0.302211 -0.0217775 0.082421
v 0.337041 -0.0091579 0.119053
v 0.315096 -0.0091579 0.082421
v 0.316736 0.0274736 0.0641053
v 0.320526 0.0274736 0.0682259
v 0.298843 -0.0091579 0.0641053
v 0.283895 -0.0091579 0.0511317
v 0.319489 0.0457895 0.0641053
v 0.283895 0.0053581 0.0457895
v 0.277336 -0.0091579 0.0457895
v 0.334487 0.0274736 0.082421
v 0.337611 0.0457895 0.082421
v 0.320526 0.0457895 0.0650277
v 0.302211 -0.0091579 0.0681316
v 0.302211 0.0274736 0.04988
v 0.0641053 -0.191863 -0.0091579
v 0.0631702 -0.192316 -0.0274737
v 0.0639682 -0.192316 -0.0091579
v 0.302211 0.0457895 0.0471537
v 0.226282 -0.0091579 0.0091579
v 0.210632 -0.0091579 -0.0069564
v 0.210632 -0.0249618 0.0091579
v 0.210632 0.0091579 -0.00909388
v 0.207094 -0.0091579 -0.0091579
v 0.192316 -0.0235603 -0.0091579
v 0.192316 -0.0091579 -0.0263485
v 0.195737 0.0091579 -0.0274737
v 0.192316 0.00020504 -0.0274737
v 0.192316 0.0091579 -0.0308553
v 0.204799 0.0274736 -0.0274737
v 0.192316 0.0274736 -0.0402228
v 0.207743 0.0457895 -0.0274737
v 0.192316 0.0457895 -0.043021
v 0.18838 0.0457895 -0.0457895
v 0.179719 0.0091579 -0.0457895
v 0.174 0.000473142 -0.0457895
v 0.174 0.0091579 -0.0514339
v 0.163962 0.0091579 -0.0641053
v 0.155684 -0.000919461 -0.0641053
v 0.168544 0.0274736 -0.0641053
v 0.174 0.0274736 -0.0578121
v 0.170563 0.0457895 -0.0641053
v 0.172795 -0.0091579 -0.0457895
v 0.174 -0.0091579 -0.0424163
v 0.155684 -0.0091579 -0.0624987
v 0.151385 -0.0091579 -0.0641053
v 0.137368 0.00683951 -0.082421
v 0.137368 -0.0091579 -0.0767593
v 0.127872 -0.0091579 -0.082421
v 0.119053 -0.0091579 -0.0908923
v 0.119053 -0.017639 -0.082421
v 0.100737 -0.0091579 -0.0993893
v 0.119053 0.0091579 -0.0986363
v 0.100737 -0.0261095 -0.082421
v 0.137368 -0.0225556 -0.0641053
v 0.137368 0.0091579 -0.0847802
v 0.137368 0.0274736 -0.0911816
v 0.146316 0.0274736 -0.082421
v 0.14942 0.0457895 -0.082421
v 0.137368 0.0457895 -0.0943269
v 0.174 -0.0219555 -0.0274737
v 0.155684 -0.0255058 -0.0457895
v 0.155684 0.0274736 -0.0768189
v 0.155684 0.0091579 -0.0723943
v 0.210632 0.0274736 -0.0218121
v 0.210632 0.0457895 -0.0247068
v 0.174 0.0457895 -0.059718
v 0.186309 0.0274736 -0.0457895
v 0.190558 -0.0091579 -0.0274737
v 0.21062 0.0091579 -0.0091579
v 0.186607 -0.100737 0.0274736
v 0.31181 -0.0457895 0.100737
v 0.155684 0.0457895 -0.0789143
v 0.310388 -0.0641053 0.119053
v 0.228947 -0.00972426 0.0457895
v 0.0457895 -0.192316 -0.0449331
v 0.228947 0.0179424 0.0091579
v 0.265579 -0.0997058 0.119053
v 0.228947 -0.0641053 0.053641
v 0.0457895 -0.174 -0.0436311
v 0.0274736 -0.192316 -0.0456294
v 0.0274736 -0.210632 -0.0439196
v 0.0091579 -0.192316 -0.0415052
v 0.0457895 -0.209684 -0.0274737
v 0.228947 0.0274736 0.00151432
v 0.228947 0.0457895 -0.00588012
v 0.225911 0.0457895 -0.0091579
v 0.265579 -0.0091579 0.0341105
v 0.223006 0.0274736 -0.0091579
v 0.139658 0.0091579 -0.082421
v 0.269735 -0.0274737 0.0641053
v 0.302211 -0.0274737 0.0920424
v 0.210632 -0.0641053 0.046943
v 0.283895 -0.0229455 0.0641053
v 0.228947 0.0179424 0.0091579
v 0.224261 0.0091579 0.0091579
v 0.210632 0.0092169 -0.0091579
v 0.223006 0.0274736 -0.0091579
v 0.210632 0.0274736 -0.0218121
v 0.204799 0.0274736 -0.0274737
v 0.225911 0.0457895 -0.0091579
v 0.210632 0.0457895 -0.0247068
v 0.210632 0.0091579 -0.00909388
v 0.21062 0.0091579 -0.0091579
v 0.186309 0.0274736 -0.0457895
v 0.174 0.0274736 -0.0578121
v 0.18838 0.0457895 -0.0457895
v 0.174 0.0457895 -0.059718
v 0.192316 -0.0235603 -0.0091579
v 0.174 -0.0219555 -0.0274737
v 0.190558 -0.0091579 -0.0274737
v 0.258864 0.0274736 0.0274736
v 0.265579 0.0091579 0.0288658
v 0.261088 0.0091579 0.0274736
v 0.265579 -0.0091579 0.0341105
v 0.247263 -0.0641053 0.0488554
v 0.247263 -0.0797175 0.0641053
v 0.228947 -0.0641053 0.053641
v 0.265579 -0.0648597 0.0641053
v 0.265579 -0.0799196 0.082421
v 0.265579 -0.0641053 0.063352
v 0.266338 -0.0641053 0.0641053
v 0.280814 -0.0641053 0.082421
v 0.265579 -0.0091579 0.0341105
v 0.277336 -0.0091579 0.0457895
v 0.265579 -0.0208665 0.0457895
v 0.283895 -0.0229455 0.0641053
v 0.269735 -0.0274737 0.0641053
v 0.302211 -0.0091579 0.0681316
v 0.302211 -0.0217775 0.082421
v 0.298843 -0.0091579 0.0641053
v 0.283895 -0.0229455 0.0641053
v 0.299841 -0.0274737 0.082421
v 0.302211 -0.0274737 0.0920424
v 0.310215 -0.0274737 0.100737
v 0.302211 -0.0457895 0.0909565
v 0.302211 -0.0274737 0.0920424
v 0.31181 -0.0457895 0.100737
v -0.082421 -0.114311 -0.0091579
v -0.0951263 -0.100737 0.0091579
v -0.100685 -0.100737 -0.0091579
v -0.082421 -0.113267 0.0091579
v -0.100737 -0.102399 -0.0274737
v -0.082421 -0.110573 -0.0274737
v -0.0641053 -0.117823 -0.0091579
v -0.0641053 -0.113593 -0.0274737
v -0.082421 -0.100737 -0.0387423
v -0.0641053 -0.100737 -0.0416795
v -0.0641053 -0.118096 0.0091579
v -0.0457895 -0.115994 -0.0274737
v -0.100737 -0.100737 -0.0296838
v -0.0457895 -0.100737 -0.0450151
v -0.0274737 -0.116729 -0.0274737
v -0.0274737 -0.118539 -0.0091579
v -0.0091579 -0.118543 -0.0091579
v -0.0091579 -0.114788 -0.0274737
v -0.0274737 -0.100737 -0.0442741
v 0.0091579 -0.118519 -0.0091579
v -0.0091579 -0.119053 0.00245309
v 0.0091579 -0.119053 0.00145179
v 0.0091579 -0.126616 0.0091579
v -0.0230982 -0.119053 0.0091579
v 0.00812823 -0.100737 -0.0274737
v 0.0274736 -0.10775 0.0091579
v 0.0274736 -0.112281 -0.0091579
v -0.0457895 -0.100371 -0.0457895
v -0.0274737 -0.118979 0.0091579
v 0.0389841 -0.100737 -0.0091579
v -0.0641053 -0.0997476 -0.0457895
v 0.0091579 -0.100737 -0.0273589
v 0.0211965 -0.119053 0.0091579
v -0.0091579 -0.125607 0.0091579
v 0.0313275 -0.100737 0.0091579
v 0.0457895 -0.115293 0.0274736
v 0.0457895 -0.100737 0.0132427
v 0.0317555 -0.119053 0.0274736
v 0.0274736 -0.116973 0.0457895
v 0.0274736 -0.119053 0.0319591
v 0.0457895 -0.109725 0.0457895
v 0.0641053 -0.11495 0.0457895
v 0.0641053 -0.109588 0.0274736
v 0.0091579 -0.118169 0.0457895
v 0.0091579 -0.119053 0.0333472
v 0.0457895 -0.0992806 0.0091579
v -0.100737 -0.100737 -0.0105395
v -0.100737 -0.100732 -0.0091579
v -0.100737 -0.0987214 0.0091579
v -0.119053 -0.0994277 -0.0091579
v -0.119053 -0.100369 -0.0274737
v -0.137368 -0.0999936 -0.0274737
v -0.137368 -0.0941414 -0.0091579
v -0.137368 -0.100676 -0.0457895
v -0.155684 -0.0978792 -0.0274737
v -0.119053 -0.100485 -0.0457895
v -0.155684 -0.100204 -0.0457895
v -0.137368 -0.100536 -0.0641053
v -0.100737 -0.099826 -0.0457895
v -0.119053 -0.0999066 -0.0641053
v -0.100737 -0.0976077 -0.0641053
v -0.119053 -0.0963947 -0.082421
v -0.101578 -0.082421 -0.082421
v -0.100737 -0.082421 -0.0818574
v -0.082421 -0.0888494 -0.0641053
v -0.119053 -0.082421 -0.0964401
v -0.137368 -0.082421 -0.0998614
v -0.082421 -0.082421 -0.0705397
v -0.0668874 -0.082421 -0.0641053
v -0.0641053 -0.0821414 -0.0641053
v -0.0641053 -0.082421 -0.0639579
v -0.082421 -0.0641053 -0.0818761
v -0.0831946 -0.0641053 -0.082421
v -0.082421 -0.0630631 -0.082421
v -0.0641053 -0.0536057 -0.082421
v -0.082421 -0.0457895 -0.0972887
v -0.0641053 -0.0457895 -0.0901048
v -0.0577613 -0.0641053 -0.082421
v -0.0457895 -0.0641053 -0.0938997
v -0.0457895 -0.075565 -0.082421
v -0.0274737 -0.076454 -0.082421
v -0.0274737 -0.0641053 -0.0947671
v -0.0091579 -0.0664926 -0.082421
v -0.0274737 -0.082421 -0.0789151
v -0.0091579 -0.0641053 -0.0848083
v -0.00620157 -0.0641053 -0.082421
v 0.0091579 -0.0564417 -0.082421
v 0.0091579 -0.0457895 -0.0921861
v 0.0091579 -0.0637174 -0.0641053
v 0.0274736 -0.0619889 -0.0641053
v 0.00845158 -0.0641053 -0.0641053
v 0.0190924 -0.0457895 -0.082421
v -0.0091579 -0.0457895 -0.0946415
v -0.0457895 -0.082421 -0.0772758
v -0.0091579 -0.082421 -0.0777233
v 0.0091579 -0.0641053 -0.0635864
v -0.100737 -0.0641053 -0.0980935
v -0.119053 -0.0753095 -0.100737
v -0.137368 -0.0985714 -0.082421
v -0.0457895 -0.0955999 -0.0641053
v 0.0274736 -0.0641053 -0.0612504
v 0.0452127 -0.0457895 -0.0641053
v 0.0443175 -0.0641053 -0.0457895
v -0.0457895 -0.118316 -0.0091579
v -0.174 -0.0997697 -0.0457895
v -0.174 -0.10013 -0.0641053
v -0.192316 -0.097092 -0.0641053
v -0.192316 -0.0971878 -0.082421
v -0.206905 -0.082421 -0.0641053
v -0.207612 -0.082421 -0.082421
v -0.192316 -0.0949432 -0.100737
v -0.209756 -0.082421 -0.100737
v -0.192316 -0.086301 -0.119053
v -0.174 -0.0935681 -0.100737
v -0.184739 -0.082421 -0.119053
v -0.174 -0.082421 -0.115452
v -0.192316 -0.082421 -0.122949
v -0.155684 -0.0881782 -0.100737
v -0.155684 -0.082421 -0.106452
v -0.155684 -0.0748647 -0.119053
v -0.174 -0.0817685 -0.119053
v -0.201182 -0.082421 -0.119053
v -0.210632 -0.0822204 -0.100737
v -0.210632 -0.0803081 -0.082421
v -0.228947 -0.0793673 -0.100737
v -0.228947 -0.0808157 -0.119053
v -0.247263 -0.0764763 -0.119053
v -0.247263 -0.0804782 -0.137368
v -0.228947 -0.0806962 -0.137368
v -0.265579 -0.0777047 -0.137368
v -0.265579 -0.0800117 -0.155684
v -0.283895 -0.0794781 -0.155684
v -0.283895 -0.0800447 -0.174
v -0.265579 -0.0751363 -0.174
v -0.283895 -0.0761601 -0.192316
v -0.302211 -0.0805482 -0.192316
v -0.302211 -0.0641053 -0.209601
v -0.283895 -0.0641053 -0.204334
v -0.283895 -0.0457895 -0.209772
v -0.265579 -0.0457895 -0.204283
v -0.265579 -0.0579067 -0.192316
v -0.251965 -0.0457895 -0.192316
v -0.265579 -0.0641053 -0.185356
v -0.292106 -0.0457895 -0.210632
v -0.302211 -0.0587172 -0.210632
v -0.302211 -0.0457895 -0.21986
v -0.320526 -0.0641053 -0.221359
v -0.247263 -0.0457895 -0.191302
v -0.247263 -0.0641053 -0.174277
v -0.228947 -0.0457895 -0.187665
v -0.228947 -0.0598701 -0.174
v -0.246945 -0.0641053 -0.174
v -0.212793 -0.0457895 -0.174
v -0.228947 -0.0641053 -0.168901
v -0.228947 -0.0767189 -0.155684
v -0.210632 -0.0724405 -0.155684
v -0.210632 -0.0641053 -0.164133
v -0.210632 -0.0805808 -0.137368
v -0.200119 -0.0641053 -0.155684
v -0.192316 -0.0596271 -0.155684
v -0.192316 -0.0457895 -0.167884
v -0.178869 -0.0457895 -0.155684
v -0.192316 -0.0641053 -0.15368
v -0.210632 -0.0457895 -0.173383
v -0.174 -0.0457895 -0.153221
v -0.174 -0.0641053 -0.145417
v -0.156249 -0.0457895 -0.137368
v -0.155684 -0.0394839 -0.137368
v -0.155684 -0.0274737 -0.141318
v -0.151813 -0.0274737 -0.137368
v -0.165952 -0.0641053 -0.137368
v -0.155684 -0.0641053 -0.129801
v -0.155684 -0.0457895 -0.137196
v -0.30632 -0.0641053 -0.210632
v -0.320526 -0.074815 -0.210632
v -0.247263 -0.0643796 -0.174
v -0.271747 -0.0641053 -0.192316
v -0.302211 -0.0822805 -0.174
v -0.247263 -0.0796955 -0.155684
v -0.174 -0.0987962 -0.082421
v -0.137368 -0.0457895 -0.132412
v -0.137368 -0.0593371 -0.119053
v -0.121835 -0.0457895 -0.119053
v -0.137368 -0.0641053 -0.116612
v -0.126486 -0.0274737 -0.119053
v -0.137368 -0.0274737 -0.129555
v -0.144514 -0.0641053 -0.119053
v -0.119053 -0.0457895 -0.11695
v 0.0274736 -0.100737 -0.0207629
v -0.119053 -0.0641053 -0.111851
v -0.101537 -0.0457895 -0.100737
v -0.107114 -0.0641053 -0.100737
v -0.102887 -0.0274737 -0.100737
v -0.302211 -0.0800626 -0.155684
v -0.320526 -0.0788297 -0.155684
v -0.304099 -0.082421 -0.174
v -0.320526 -0.082421 -0.163131
v -0.320526 -0.0924161 -0.174
v -0.119053 -0.0274737 -0.115636
v -0.100737 -0.0818619 -0.082421
v 0.0274736 -0.0457895 -0.0804287
v -0.174 -0.0721592 -0.137368
v -0.137368 -0.0813598 -0.100737
v -0.100737 -0.0457895 -0.100522
v 0.0091579 -0.124367 0.0274736
v -0.0641053 -0.115033 0.0274736
v -0.0457895 -0.117502 0.0274736
v -0.0457895 -0.110866 0.0457895
v -0.0274737 -0.115192 0.0457895
v -0.0274737 -0.11837 0.0274736
v -0.0091579 -0.116715 0.0457895
v -0.0091579 -0.119037 0.0274736
v -0.210632 -0.081873 -0.119053
v -0.0457895 -0.118546 0.0091579
v -0.0091579 -0.119053 0.0268924
v -0.0641053 -0.0641053 -0.0801449
v -0.082421 -0.0996729 -0.0457895
v -0.315057 -0.082421 -0.192316
v -0.0274737 -0.100117 -0.0457895
v 0.0641053 -0.100737 0.0182113
v 0.0740829 -0.100737 0.0274736
v 0.0641053 -0.0930206 0.0091579
v 0.082421 -0.08607 0.0274736
v 0.0779994 -0.082421 0.0091579
v 0.082421 -0.082421 0.0214787
v 0.082421 -0.0816781 0.0091579
v 0.0819673 -0.0641053 -0.0091579
v 0.100737 -0.0819278 0.0274736
v 0.100737 -0.0787675 0.0091579
v 0.0737191 -0.082421 -0.0091579
v 0.082421 -0.100737 0.0407341
v 0.119053 -0.078713 0.0274736
v 0.119053 -0.0696002 0.0091579
v 0.100737 -0.0641053 -0.00587767
v 0.100737 -0.0816601 0.0457895
v 0.116749 -0.082421 0.0457895
v 0.119053 -0.082421 0.0455658
v 0.134687 -0.0641053 0.0274736
v 0.137368 -0.0641053 0.0416034
v 0.137368 -0.0590827 0.0274736
v 0.124708 -0.0641053 0.0091579
v 0.0919809 -0.082421 0.0274736
v 0.0873221 -0.100737 0.0457895
v 0.082421 -0.0641053 -0.00886893
v 0.100737 -0.0636719 -0.0091579
v 0.082421 -0.0640531 -0.0091579
v 0.119053 -0.0634655 -0.0091579
v 0.100737 -0.0615321 -0.0274737
v 0.082421 -0.0631451 -0.0274737
v 0.0641053 -0.0639405 -0.0274737
v 0.0641053 -0.0641053 -0.0270225
v 0.0633075 -0.0641053 -0.0274737
v 0.0457895 -0.0641053 -0.0435439
v 0.0457895 -0.082421 -0.0213206
v 0.0457895 -0.0783128 -0.0274737
v -0.320526 -0.082421 -0.196874
v -0.338842 -0.082421 -0.207405
v -0.338842 -0.0809419 -0.210632
v -0.343971 -0.082421 -0.210632
v -0.357158 -0.0647212 -0.228947
v -0.35653 -0.0641053 -0.228947
v -0.357158 -0.0641053 -0.22957
v -0.340229 -0.0457895 -0.228947
v -0.357158 -0.0457895 -0.243298
v -0.375474 -0.0641053 -0.24287
v -0.375474 -0.0804806 -0.228947
v -0.393789 -0.082421 -0.242147
v -0.377833 -0.082421 -0.228947
v -0.393789 -0.0954852 -0.228947
v -0.375474 -0.0979663 -0.210632
v -0.384408 -0.100737 -0.210632
v -0.393789 -0.100737 -0.219354
v -0.412105 -0.082421 -0.226722
v -0.393789 -0.109523 -0.210632
v -0.412105 -0.100737 -0.224205
v -0.375474 -0.109967 -0.192316
v -0.375474 -0.100737 -0.201872
v -0.393789 -0.118976 -0.192316
v -0.393789 -0.119053 -0.191833
v -0.375474 -0.082421 -0.227658
v -0.338842 -0.0960197 -0.192316
v -0.145529 -0.082421 -0.100737
v -0.357158 -0.082421 -0.221789
v -0.338842 -0.0641053 -0.226669
v -0.366455 -0.100737 -0.192316
v -0.357158 -0.0981307 -0.192316
v 0.100634 -0.082421 0.0457895
v 0.082421 -0.100737 0.0505922
v 0.100737 -0.093766 0.0641053
v 0.100737 -0.082421 0.046589
v 0.116244 -0.082421 0.0641053
v 0.100737 -0.0969388 0.082421
v 0.118952 -0.0641053 0.0641053
v 0.118399 -0.082421 0.082421
v 0.082421 -0.104942 0.0457895
v 0.119053 -0.0641053 0.00309932
v 0.137368 -0.0559734 0.0091579
v -0.357158 -0.0937305 -0.210632
v 0.119053 -0.0820745 0.082421
v 0.119053 -0.0641053 0.0642419
v 0.120396 -0.082421 0.082421
v 0.137368 -0.082421 0.100733
v -0.155684 -0.100484 -0.0641053
v -0.155684 -0.0992839 -0.082421
v -0.192316 -0.079446 -0.137368
v 0.0641053 -0.090951 -0.0091579
v -0.412105 -0.114333 -0.210632
v -0.412105 -0.119053 -0.209528
v -0.393833 -0.119053 -0.192316
v -0.412105 -0.136524 -0.192316
v -0.393789 -0.130269 -0.174
v -0.398644 -0.137368 -0.174
v -0.412105 -0.137368 -0.187982
v -0.412105 -0.150484 -0.174
v -0.430421 -0.137368 -0.185126
v -0.430421 -0.148626 -0.174
v -0.430421 -0.119053 -0.192307
v 0.0274736 -0.119053 0.0203302
v 0.0457895 -0.0944507 -0.0091579
v -0.320526 -0.0870639 -0.192316
v 0.0091579 -0.0997089 -0.0274737
v 0.0641053 -0.082421 -0.0176491
v 0.0274736 -0.122298 0.0274736
v -0.104816 -0.100737 -0.0274737
v -0.0091579 -0.116715 0.0457895
v -0.0091579 -0.119037 0.0274736
v 0.0091579 -0.118169 0.0457895
v 0.0091579 -0.119053 0.0333472
v -0.00857317 -0.119053 0.0274736
v 0.0091579 -0.124367 0.0274736
v -0.0091579 -0.125607 0.0091579
v -0.0091579 -0.119053 0.0268924
v -0.0274737 -0.118979 0.0091579
v -0.0274737 -0.11837 0.0274736
v -0.0457895 -0.118546 0.0091579
v -0.100737 -0.100732 -0.0091579
v -0.119053 -0.100369 -0.0274737
v -0.100737 -0.100737 -0.0105395
v -0.104816 -0.100737 -0.0274737
v -0.100737 -0.099826 -0.0457895
v -0.100737 -0.100737 -0.0296838
v -0.104816 -0.100737 -0.0274737
v -0.082421 -0.0996729 -0.0457895
v -0.0274737 -0.100117 -0.0457895
v -0.0457895 -0.0955999 -0.0641053
v -0.0274737 -0.0972157 -0.0641053
v -0.0457895 -0.082421 -0.0772758
v -0.0274737 -0.082421 -0.0789151
v -0.0091579 -0.0960656 -0.0641053
v -0.0091579 -0.082421 -0.0777233
v -0.0091579 -0.100402 -0.0457895
v 0.00791168 -0.082421 -0.0641053
v -0.0634381 -0.082421 -0.0641053
v -0.0641053 -0.0641053 -0.0801449
v -0.0641053 -0.0821414 -0.0641053
v -0.00620157 -0.0641053 -0.082421
v 0.00845158 -0.0641053 -0.0641053
v 0.0091579 -0.082421 -0.0628327
v 0.0091579 -0.0641053 -0.0635864
v 0.0274736 -0.0641053 -0.0612504
v 0.0274736 -0.0804802 -0.0457895
v 0.0443175 -0.0641053 -0.0457895
v 0.0457895 -0.0783128 -0.0274737
v 0.0274736 -0.0823364 -0.0274737
v 0.0457895 -0.0641053 -0.0435439
v 0.0241544 -0.082421 -0.0457895
v -0.0641053 -0.082421 -0.0639579
v -0.0641053 -0.0997476 -0.0457895
v -0.0668874 -0.082421 -0.0641053
v -0.082421 -0.0888494 -0.0641053
v -0.082421 -0.0996729 -0.0457895
v 0.0274736 -0.082421 -0.0274236
v 0.0457895 -0.082421 -0.0213206
v 0.0274736 -0.100737 -0.0207629
v 0.0457895 -0.0944507 -0.0091579
v 0.0641053 -0.090951 -0.0091579
v 0.0641053 -0.082421 -0.0176491
v 0.0091579 -0.100737 -0.0273589
v 0.0272608 -0.082421 -0.0274737
v 0.0091579 -0.0997089 -0.0274737
v -0.0274737 -0.100737 -0.0442741
v -0.0091579 -0.100737 -0.043323
v -0.0091579 -0.114788 -0.0274737
v 0.00812823 -0.100737 -0.0274737
v 0.0091579 -0.0962171 -0.0457895
v -0.0091579 -0.100402 -0.0457895
v 0.0091579 -0.0997089 -0.0274737
v -0.0091579 -0.100737 -0.043323
v 0.0091579 -0.0962171 -0.0457895
v 0.00812823 -0.100737 -0.0274737
v -0.137368 -0.0985714 -0.082421
v -0.155684 -0.0992839 -0.082421
v -0.155684 -0.0881782 -0.100737
v -0.145529 -0.082421 -0.100737
v 0.0274736 -0.122298 0.0274736
v 0.0091579 -0.124367 0.0274736
v 0.0091579 -0.126616 0.0091579
v 0.0274736 -0.119053 0.0319591
v -0.210632 -0.0805808 -0.137368
v -0.192316 -0.079446 -0.137368
v -0.210632 -0.081873 -0.119053
v -0.228947 -0.0806962 -0.137368
v -0.228947 -0.0767189 -0.155684
v -0.247263 -0.0796955 -0.155684
v 0.100737 -0.0816601 0.0457895
v 0.118952 -0.0641053 0.0641053
v 0.100737 -0.082421 0.046589
v 0.100634 -0.082421 0.0457895
v 0.119053 -0.0641053 0.0637699
v 0.0819673 -0.0641053 -0.0091579
v 0.0641053 -0.082421 -0.0176491
v 0.0641053 -0.0641053 -0.0270225
v 0.082421 -0.0640531 -0.0091579
v 0.0457895 -0.100737 0.0132427
v 0.0457895 -0.0992806 0.0091579
v 0.0641053 -0.0930206 0.0091579
v 0.0457895 -0.0944507 -0.0091579
v -0.101537 -0.0457895 -0.100737
v -0.100737 -0.0641053 -0.0980935
v -0.107114 -0.0641053 -0.100737
v -0.100737 -0.0457895 -0.100522
v -0.100737 -0.0818619 -0.082421
v -0.119053 -0.0753095 -0.100737
v -0.119053 -0.0641053 -0.111851
v -0.137368 -0.0641053 -0.116612
v -0.137368 -0.0813598 -0.100737
v -0.155684 -0.0641053 -0.129801
v -0.144514 -0.0641053 -0.119053
v -0.155684 -0.0748647 -0.119053
v -0.165952 -0.0641053 -0.137368
v -0.137368 -0.0813598 -0.100737
v -0.174 -0.0721592 -0.137368
v -0.145529 -0.082421 -0.100737
v -0.137368 -0.082421 -0.0998614
v -0.265579 -0.0641053 -0.185356
v -0.247263 -0.0643796 -0.174
v -0.265579 -0.0751363 -0.174
v -0.247263 -0.0796955 -0.155684
v -0.271747 -0.0641053 -0.192316
v -0.320526 -0.0924161 -0.174
v -0.338842 -0.0960197 -0.192316
v -0.320526 -0.0870639 -0.192316
v -0.338842 -0.0933411 -0.174
v -0.357158 -0.0981307 -0.192316
v -0.357158 -0.0937305 -0.210632
v 0.320526 0.0274736 0.299352
v 0.320526 0.0091579 0.292603
v 0.338842 0.0274736 0.297149
v 0.302955 0.0274736 0.283895
v 0.338842 0.0457895 0.296467
v 0.357158 0.0274736 0.301023
v 0.357158 0.0091579 0.30146
v 0.320526 0.0457895 0.292093
v 0.375474 0.0274736 0.291702
v 0.375474 0.0091579 0.30104
v 0.375474 -0.0091579 0.301941
v 0.37085 -0.0091579 0.302211
v 0.357158 0.00560844 0.302211
v 0.357158 -0.0091579 0.311684
v 0.338842 0.0091579 0.319412
v 0.362926 -0.0274737 0.302211
v 0.375474 -0.0274737 0.300636
v 0.356853 0.0091579 0.302211
v 0.338842 0.0267457 0.302211
v 0.338842 0.0091579 0.319412
v 0.356853 0.0091579 0.302211
v 0.155684 -0.0641053 0.0833503
v 0.155684 -0.0640681 0.082421
v 0.174 -0.0639466 0.082421
v 0.174 -0.0641053 0.0852764
v 0.155684 -0.0631885 0.0641053
v 0.137368 -0.0610424 0.0641053
v 0.155684 -0.0615202 0.0457895
v 0.174 -0.0630951 0.0457895
v 0.155684 -0.0560594 0.0274736
v 0.137368 -0.0590827 0.0274736
v 0.174 -0.0596566 0.0274736
v 0.192316 -0.0633796 0.0457895
v 0.192316 -0.0537317 0.0274736
v 0.137368 -0.0641053 0.0416034
v 0.137368 -0.0559734 0.0091579
v 0.174 -0.0641053 0.0500032
v 0.141902 -0.0641053 0.0457895
v 0.124708 -0.0641053 0.0091579
v 0.155684 -0.0471524 0.0091579
v 0.175915 -0.0641053 0.082421
v 0.210632 -0.0614051 0.0457895
v 0.137368 -0.0641053 0.0666723
v 0.174 -0.0641053 0.0808682
v 0.119053 -0.0641053 0.0642419
v 0.119053 -0.0640778 0.0641053
v 0.155395 -0.0641053 0.082421
v 0.137368 -0.0824185 0.100737
v 0.137368 -0.0641053 0.0504318
v 0.119053 -0.0641053 0.0637699
v 0.137368 -0.0621951 -0.0091579
v 0.155684 -0.0563874 -0.0091579
v 0.168968 -0.0457895 -0.0091579
v 0.119053 -0.0634655 -0.0091579
v 0.158857 -0.0457895 0.0091579
v 0.174 -0.0630951 0.0457895
v 0.174 -0.0641053 0.0500032
v 0.155863 -0.0641053 0.0641053
v 0.198809 0.137368 0.119053
v 0.198127 0.119053 0.119053
v 0.203279 0.137368 0.137368
v 0.204356 0.137368 0.100737
v 0.210632 0.144834 0.137368
v 0.210632 0.149285 0.119053
v 0.210632 0.137368 0.145639
v 0.228947 0.154107 0.155684
v 0.210632 0.143162 0.100737
v 0.228947 0.155199 0.119053
v 0.228947 0.154819 0.100737
v 0.247263 0.155415 0.119053
v 0.247263 0.1537 0.137368
v 0.228947 0.148459 0.082421
v 0.21618 0.137368 0.082421
v 0.228947 0.137368 0.0713966
v 0.210632 0.135774 0.082421
v 0.210632 0.137368 0.0932488
v 0.192316 0.13555 0.100737
v 0.192316 0.135655 0.082421
v 0.192316 0.13684 0.0641053
v 0.210632 0.126423 0.0641053
v 0.227766 0.119053 0.0641053
v 0.210632 0.119053 0.0555816
v 0.210632 0.116426 0.0457895
v 0.206893 0.119053 0.0457895
v 0.210632 0.114955 0.0274736
v 0.193697 0.119053 0.0274736
v 0.208301 0.100737 0.0091579
v 0.210632 0.100737 0.0126701
v 0.224868 0.100737 0.0274736
v 0.228947 0.100737 0.0388799
v 0.228947 0.0828295 0.0274736
v 0.22244 0.082421 0.0091579
v 0.247263 0.082421 0.0314346
v 0.247263 0.100737 0.0416135
v 0.251553 0.100737 0.0457895
v 0.264857 0.082421 0.0457895
v 0.247263 0.0697458 0.0274736
v 0.253237 0.0641053 0.0274736
v 0.265579 0.0819788 0.0457895
v 0.265579 0.0641053 0.0299045
v 0.283895 0.0641053 0.0365494
v 0.247263 0.0641053 0.0213054
v 0.283895 0.0730837 0.0457895
v 0.283895 0.082421 0.0534319
v 0.229346 0.0641053 0.0091579
v 0.265579 0.082421 0.0459394
v 0.210632 0.0948901 0.0091579
v 0.192316 0.116284 0.0091579
v 0.192316 0.119053 0.0260997
v 0.192316 0.100737 -0.006423
v 0.192316 0.0890794 -0.0091579
v 0.247263 0.0457895 0.0123651
v 0.184168 0.119053 0.0091579
v 0.174 0.10002 -0.0091579
v 0.247263 0.1049 0.0457895
v 0.174 0.0909569 -0.0274737
v 0.17117 0.100737 -0.0091579
v 0.167648 0.100737 -0.0274737
v 0.168651 0.082421 -0.0457895
v 0.174 0.082421 -0.0357525
v 0.174 0.0641053 -0.0450615
v 0.169628 0.0641053 -0.0457895
v 0.174 0.0619024 -0.0457895
v 0.155684 0.0641053 -0.0631288
v 0.155684 0.0637814 -0.0641053
v 0.155488 0.0641053 -0.0641053
v 0.146927 0.082421 -0.0641053
v 0.137368 0.0641053 -0.0811673
v 0.137368 0.0602261 -0.082421
v 0.134478 0.0641053 -0.082421
v 0.122042 0.082421 -0.082421
v 0.119053 0.0641053 -0.095953
v 0.119053 0.082421 -0.0854256
v 0.119053 0.0853028 -0.082421
v 0.100737 0.0984699 -0.082421
v 0.119053 0.100737 -0.0663318
v 0.100737 0.082421 -0.0967306
v 0.0971478 0.100737 -0.082421
v 0.082421 0.100737 -0.0945704
v 0.082421 0.112951 -0.082421
v 0.0641217 0.100737 -0.082421
v 0.0641053 0.115447 -0.0641053
v 0.0641053 0.100737 -0.0824127
v 0.082421 0.082421 -0.0986447
v 0.0732489 0.082421 -0.100737
v 0.0491961 0.100737 -0.0641053
v 0.0457895 0.118358 -0.0457895
v 0.0641053 0.118209 -0.0457895
v 0.0457895 0.100737 -0.0616791
v 0.0274736 0.11776 -0.0457895
v 0.0274736 0.118337 -0.0274737
v 0.0091579 0.118133 -0.0457895
v 0.0274736 0.100737 -0.0627413
v 0.0274736 0.0969415 -0.0641053
v 0.0091579 0.0937771 -0.0641053
v 0.0274736 0.082421 -0.0784916
v 0.0457895 0.082421 -0.0801013
v 0.0091579 0.100737 -0.0633971
v -0.0091579 0.117768 -0.0457895
v -0.0091579 0.100737 -0.0631252
v -0.0264795 0.100737 -0.0457895
v -0.0274737 0.110654 -0.0274737
v -0.0091579 0.115578 -0.0274737
v -0.0091579 0.113739 -0.0091579
v 0.0091579 0.115902 -0.0091579
v 0.0091579 0.119053 -0.00759232
v -0.0091579 0.119053 -0.00203091
v -0.0274737 0.11872 0.0091579
v -0.0091579 0.127772 0.0091579
v 0.0091579 0.131679 0.0091579
v 0.0091579 0.133604 0.0274736
v -0.0194348 0.119053 0.0091579
v -0.0274737 0.118429 0.0274736
v -0.0457895 0.117224 0.0091579
v -0.0457895 0.117217 0.0274736
v -0.0641053 0.101463 0.0274736
v -0.0624989 0.100737 0.0091579
v -0.0457895 0.100737 -0.00835085
v -0.0623236 0.082421 -0.0091579
v -0.0457895 0.0999371 -0.0091579
v -0.0564204 0.082421 -0.0274737
v -0.0457895 0.0930572 -0.0274737
v -0.037307 0.100737 -0.0274737
v -0.0457895 0.082421 -0.0381105
v -0.0274737 0.0911506 -0.0457895
v -0.0416116 0.100737 -0.0091579
v -0.0158051 0.119053 0.0274736
v -0.0457895 0.109604 0.0457895
v -0.0641053 0.102739 0.0457895
v -0.0274737 0.112925 0.0457895
v -0.0457895 0.118437 0.0641053
v -0.0641053 0.118504 0.0641053
v -0.0457895 0.118151 0.082421
v -0.0514736 0.119053 0.082421
v -0.048305 0.119053 0.100737
v -0.0752748 0.119053 0.0641053
v -0.0274737 0.11759 0.082421
v -0.0641053 0.119053 0.0704449
v -0.0274737 0.113432 0.100737
v -0.0091579 0.114042 0.100737
v -0.0091579 0.107599 0.119053
v -0.0274737 0.113424 0.119053
v 0.0091579 0.116026 0.119053
v 0.0091579 0.10786 0.100737
v -0.0457895 0.114416 0.100737
v -0.0091579 0.117946 0.082421
v 0.0274736 0.11717 0.119053
v -0.0457895 0.117425 0.119053
v -0.0507402 0.119053 0.119053
v -0.0641053 0.119053 0.131451
v -0.0091579 0.124564 0.0274736
v 0.0251073 0.119053 -0.0091579
v 0.0274736 0.135413 0.0274736
v 0.0274736 0.136676 0.0457895
v 0.0420558 0.137368 0.0274736
v 0.0274736 0.133813 0.0091579
v 0.0345649 0.137368 0.0457895
v 0.0457895 0.146584 0.0457895
v 0.0274736 0.143026 0.0641053
v 0.0457895 0.154345 0.0641053
v 0.0457895 0.14373 0.082421
v 0.0641053 0.155006 0.0641053
v 0.0641053 0.150393 0.0457895
v 0.082421 0.151259 0.0457895
v 0.082421 0.155684 0.0610762
v 0.100737 0.155684 0.0569508
v 0.082421 0.157446 0.0641053
v 0.100737 0.151964 0.0457895
v 0.0790586 0.155684 0.0641053
v 0.082421 0.155684 0.0686135
v 0.082421 0.153695 0.082421
v 0.100737 0.149669 0.082421
v 0.100737 0.142984 0.100737
v 0.082421 0.149768 0.100737
v 0.119053 0.143977 0.082421
v 0.109959 0.137368 0.100737
v 0.119053 0.137368 0.10505
v 0.119053 0.137368 0.0919878
v 0.137368 0.141915 0.082421
v 0.119053 0.155684 0.0654245
v 0.137368 0.155684 0.0709634
v 0.137368 0.162056 0.0641053
v 0.119053 0.156782 0.0641053
v 0.119053 0.156073 0.0457895
v 0.137368 0.155684 0.0532411
v 0.154585 0.155684 0.0641053
v 0.120086 0.155684 0.0457895
v 0.119053 0.147969 0.119053
v 0.137368 0.137368 0.0969247
v 0.137368 0.13707 0.100737
v 0.119053 0.135884 0.100737
v 0.134441 0.137368 0.119053
v 0.155684 0.136234 0.082421
v 0.100737 0.139676 0.119053
v 0.100737 0.155684 0.068538
v 0.155684 0.136203 0.100737
v 0.174 0.136153 0.100737
v 0.147812 0.137368 0.082421
v 0.119053 0.157651 0.0274736
v 0.121556 0.155684 0.0274736
v 0.137368 0.15382 0.0274736
v 0.119053 0.153413 0.0091579
v 0.137368 0.148489 0.0091579
v 0.137368 0.137368 -0.0024159
v 0.155684 0.148942 0.0274736
v 0.155684 0.151046 0.0457895
v 0.17291 0.137368 0.0457895
v 0.174 0.137368 0.0462933
v 0.174 0.137176 0.0457895
v 0.174 0.135766 0.0274736
v 0.191445 0.137368 0.0641053
v 0.167866 0.137368 0.0274736
v 0.174 0.153087 0.0641053
v 0.151184 0.137368 0.0091579
v 0.137368 0.135059 -0.0091579
v 0.119053 0.137368 -0.00705212
v 0.119053 0.13635 -0.0091579
v 0.100737 0.155414 0.0091579
v 0.100737 0.137368 -0.00834584
v 0.082421 0.155568 0.0091579
v 0.082421 0.137368 -0.00889665
v 0.082421 0.137152 -0.0091579
v 0.0641053 0.154577 0.0091579
v 0.0641053 0.137368 -0.00903314
v 0.119053 0.155684 0.0252745
v 0.100737 0.136743 -0.0091579
v 0.0641053 0.137298 -0.0091579
v 0.0641053 0.134812 -0.0274737
v 0.082421 0.135801 -0.0274737
v 0.100737 0.133567 -0.0274737
v 0.082421 0.132866 -0.0457895
v 0.100737 0.125372 -0.0457895
v 0.100737 0.119053 -0.0520101
v 0.107961 0.119053 -0.0457895
v 0.119053 0.119053 -0.0318565
v 0.119053 0.118292 -0.0457895
v 0.123935 0.119053 -0.0274737
v 0.137368 0.117079 -0.0274737
v 0.137368 0.116516 -0.0457895
v 0.155684 0.112474 -0.0274737
v 0.155684 0.100737 -0.0423011
v 0.154585 0.100737 -0.0457895
v 0.137368 0.100737 -0.0617679
v 0.137368 0.0919937 -0.0641053
v 0.155684 0.119053 -0.0109542
v 0.119053 0.102951 -0.0641053
v 0.082421 0.119053 -0.0594814
v 0.137368 0.119053 -0.0256706
v 0.0658779 0.119053 -0.0457895
v 0.100737 0.155684 0.0179453
v 0.119053 0.122961 -0.0274737
v 0.082421 0.152804 0.0274736
v 0.100737 0.158282 0.0641053
v 0.0641053 0.15121 0.082421
v 0.0274736 0.137368 0.0563837
v 0.0274736 0.137368 0.0712733
v -0.0274737 0.111581 -0.0091579
v 0.0378583 0.137368 0.082421
v 0.0274736 0.13539 0.082421
v 0.0457895 0.137123 0.100737
v 0.0457895 0.137368 0.0978588
v -0.0274737 0.100737 -0.0385312
v 0.155684 0.155553 0.0641053
v 0.0091579 0.116622 -0.0274737
v 0.0457895 0.119053 -0.0437019
v 0.0318326 0.119053 -0.0274737
v 0.0457895 0.130899 -0.0274737
v 0.0457895 0.0980724 -0.0641053
v 0.100737 0.100737 -0.0808332
v 0.100737 0.0641053 -0.0989653
v 0.137368 0.0457895 -0.0943269
v 0.137368 0.082421 -0.0734349
v 0.155684 0.082421 -0.0589008
v 0.182174 0.082421 -0.0274737
v 0.157468 0.119053 -0.0091579
v 0.170563 0.0457895 -0.0641053
v 0.192316 0.082421 -0.0159016
v 0.192316 0.0641053 -0.0268369
v 0.174 0.100737 -0.00865084
v 0.228947 0.108143 0.0457895
v 0.247263 0.118636 0.0641053
v 0.265579 0.118539 0.0641053
v 0.192316 0.120439 0.0274736
v 0.229363 0.082421 0.0274736
v 0.228947 0.064459 0.0091579
v 0.228947 0.0641053 0.0087868
v 0.228947 0.0457895 -0.00588012
v 0.210632 0.0641053 -0.00771022
v 0.210632 0.0634999 -0.0091579
v 0.225911 0.0457895 -0.0091579
v 0.210632 0.0457895 -0.0247068
v 0.207743 0.0457895 -0.0274737
v 0.210357 0.0641053 -0.0091579
v 0.192316 0.0626708 -0.0274737
v 0.192316 0.0457895 -0.043021
v 0.18838 0.0457895 -0.0457895
v 0.191619 0.0641053 -0.0274737
v 0.192316 0.132827 0.0457895
v 0.174 0.13473 0.082421
v 0.228947 0.082421 0.0270543
v 0.14942 0.0457895 -0.082421
v 0.137368 0.134603 0.119053
v 0.265579 0.100737 0.0463035
v 0.174 0.137368 0.0804839
v -0.00183928 0.119053 0.082421
v -0.00516188 0.119053 0.0641053
v 0.0091579 0.128014 0.082421
v -0.0091579 0.118741 0.0641053
v -0.0091579 0.119053 0.0485315
v 0.0091579 0.128963 0.0641053
v 0.263013 0.0457895 0.0274736
v 0.24391 0.0457895 0.0091579
v 0.174 0.0457895 -0.059718
v 0.174 0.119053 -0.00124604
v 0.155684 0.137368 0.0815983
v 0.0641053 0.147932 0.0274736
v 0.137368 0.154498 0.0457895
v 0.0091579 0.135021 0.0457895
v 0.155684 0.137368 0.0133372
v 0.228947 0.118514 0.0641053
v 0.228947 0.154092 0.137368
v -0.0274737 0.118449 0.0641053
v 0.117634 0.155684 0.0457895
v 0.210632 0.082421 -0.00266635
v 0.0474331 0.137368 0.100737
v 0.0457895 0.136776 0.0091579
v 0.199092 0.082421 -0.0091579
v 0.155684 0.0980386 -0.0457895
v 0.155684 0.0457895 -0.0789143
v 0.100737 0.158731 0.0274736
v 0.174 0.129217 0.0091579
v 0.0641053 0.146634 0.100737
v 0.155684 0.135973 0.0091579
v -0.0091579 0.120076 0.0457895
v -0.010279 0.119053 0.0457895
v 0.0218188 0.137368 0.0641053
v 0.0953941 0.155684 0.0274736
v 0.247263 0.152167 0.155684
v 0.174 0.136153 0.100737
v 0.192316 0.13555 0.100737
v 0.174 0.13473 0.082421
v 0.119053 0.135884 0.100737
v 0.119053 0.137368 0.10505
v 0.134441 0.137368 0.119053
v 0.137368 0.134603 0.119053
v 0.155684 0.155553 0.0641053
v 0.154585 0.155684 0.0641053
v 0.155684 0.137368 0.0815983
v 0.137368 0.154498 0.0457895
v 0.174 0.13473 0.082421
v 0.174 0.137368 0.0804839
v 0.155684 0.137368 0.0815983
v 0.192316 0.13684 0.0641053
v 0.155684 0.136234 0.082421
v 0.191445 0.137368 0.0641053
v 0.174 0.137176 0.0457895
v 0.192316 0.132827 0.0457895
v -0.0091579 0.118741 0.0641053
v -0.0091579 0.119053 0.0485315
v -0.010279 0.119053 0.0457895
v -0.0274737 0.112925 0.0457895
v -0.0158051 0.119053 0.0274736
v -0.0091579 0.120076 0.0457895
v -0.0274737 0.118449 0.0641053
v -0.0507402 0.119053 0.119053
v -0.0457895 0.114416 0.100737
v -0.048305 0.119053 0.100737
v 0.0091579 0.116622 -0.0274737
v 0.0091579 0.115902 -0.0091579
v 0.0274736 0.118337 -0.0274737
v 0.0274736 0.119053 -0.0101349
v 0.0251073 0.119053 -0.0091579
v 0.0318326 0.119053 -0.0274737
v 0.0274736 0.119618 -0.0091579
v 0.0457895 0.130899 -0.0274737
v 0.0457895 0.134275 -0.0091579
v 0.0641053 0.137298 -0.0091579
v 0.0641053 0.134812 -0.0274737
v 0.0641053 0.119053 -0.0448093
v 0.0457895 0.119053 -0.0437019
v 0.0457895 0.118358 -0.0457895
v 0.0641053 0.118209 -0.0457895
v 0.0457895 0.136776 0.0091579
v 0.0658779 0.119053 -0.0457895
v 0.082421 0.119053 -0.0594814
v 0.082421 0.117833 -0.0641053
v 0.0641053 0.115447 -0.0641053
v 0.082421 0.112951 -0.082421
v 0.100737 0.116 -0.0641053
v 0.100737 0.100737 -0.0808332
v 0.119053 0.100737 -0.0663318
v 0.100737 0.119053 -0.0520101
v 0.119053 0.102951 -0.0641053
v 0.119053 0.118292 -0.0457895
v 0.121476 0.100737 -0.0641053
v 0.119053 0.0853028 -0.082421
v 0.122042 0.082421 -0.082421
v 0.137368 0.0919937 -0.0641053
v 0.137368 0.082421 -0.0734349
v 0.146927 0.082421 -0.0641053
v 0.154585 0.100737 -0.0457895
v 0.155684 0.0980386 -0.0457895
v 0.137368 0.100737 -0.0617679
v 0.107961 0.119053 -0.0457895
v 0.0274736 0.133813 0.0091579
v 0.0091579 0.131679 0.0091579
v 0.0091579 0.128014 0.082421
v 0.0274736 0.13539 0.082421
v 0.0091579 0.128963 0.0641053
v 0.0218188 0.137368 0.0641053
v 0.0274736 0.132888 0.100737
v 0.0457895 0.137123 0.100737
v 0.0457895 0.136776 0.0091579
v 0.0274736 0.135413 0.0274736
v 0.0457895 0.137368 0.0194594
v 0.0420558 0.137368 0.0274736
v 0.0457895 0.140934 0.0274736
v 0.0457895 0.146584 0.0457895
v 0.0641053 0.150393 0.0457895
v 0.0641053 0.147932 0.0274736
v 0.0641053 0.154577 0.0091579
v 0.0641053 0.147932 0.0274736
v 0.082421 0.151259 0.0457895
v 0.082421 0.152804 0.0274736
v 0.100737 0.155684 0.0569508
v 0.117634 0.155684 0.0457895
v 0.100737 0.151964 0.0457895
v 0.100737 0.155684 0.0353971
v 0.100737 0.158282 0.0641053
v 0.0953941 0.155684 0.0274736
v 0.100737 0.158731 0.0274736
v 0.119053 0.156073 0.0457895
v 0.119053 0.157651 0.0274736
v 0.0457895 0.140934 0.0274736
v 0.0641053 0.154577 0.0091579
v 0.0461499 0.137368 0.0091579
v 0.0641053 0.137368 -0.00903314
v 0.0457895 0.136776 0.0091579
v -0.037307 0.100737 -0.0274737
v -0.0274737 0.111581 -0.0091579
v -0.0274737 0.110654 -0.0274737
v -0.0274737 0.100737 -0.0385312
v -0.0274737 0.100737 -0.0385312
v -0.0264795 0.100737 -0.0457895
v -0.0274737 0.0911506 -0.0457895
v 0.0457895 0.082421 -0.0801013
v 0.0457895 0.0980724 -0.0641053
v 0.0641053 0.100735 -0.082421
v 0.0465582 0.082421 -0.082421
v 0.055677 0.082421 -0.100737
v 0.0641053 0.0907754 -0.100737
v 0.0641053 0.082421 -0.109075
v 0.210357 0.0641053 -0.0091579
v 0.192316 0.0641053 -0.0268369
v 0.199092 0.082421 -0.0091579
v 0.192316 0.0626708 -0.0274737
v 0.191619 0.0641053 -0.0274737
v 0.182174 0.082421 -0.0274737
v 0.174 0.0641053 -0.0450615
v 0.174 0.0619024 -0.0457895
v 0.18838 0.0457895 -0.0457895
v 0.174 0.0457895 -0.059718
v 0.228947 0.0641053 0.0087868
v 0.210632 0.082421 -0.00266635
v 0.22244 0.082421 0.0091579
v 0.228947 0.064459 0.0091579
v 0.228947 0.082421 0.0270543
v 0.228947 0.082421 0.0270543
v 0.228947 0.0828295 0.0274736
v 0.229363 0.082421 0.0274736
v 0.155684 0.100737 -0.0423011
v 0.167648 0.100737 -0.0274737
v 0.155684 0.0980386 -0.0457895
v 0.155684 0.112474 -0.0274737
v 0.157468 0.119053 -0.0091579
v 0.155684 0.120873 -0.0091579
v 0.174 0.129217 0.0091579
v 0.174 0.119053 -0.00124604
v 0.155684 0.135973 0.0091579
v 0.174 0.135766 0.0274736
v 0.137368 0.135059 -0.0091579
v 0.192316 0.120439 0.0274736
v 0.157468 0.119053 -0.0091579
v 0.192316 0.132827 0.0457895
v 0.174 0.100737 -0.00865084
v 0.17117 0.100737 -0.0091579
v 0.155684 0.119053 -0.0109542
v 0.137368 0.119053 -0.0256706
v 0.119053 0.122961 -0.0274737
v 0.100737 0.133567 -0.0274737
v 0.119053 0.13635 -0.0091579
v 0.119053 0.122961 -0.0274737
v 0.100737 0.136743 -0.0091579
v 0.119053 0.137368 -0.00705212
v -0.100357 -0.0091579 0.0091579
v -0.100737 0.0091579 0.0118691
v -0.082421 0.00672948 0.0091579
v -0.082421 0.0091579 0.0105492
v -0.0661052 0.0091579 0.0091579
v -0.082421 0.0274736 0.00944692
v -0.0857826 0.0274736 0.0091579
v -0.082421 0.0314484 0.0091579
v -0.100737 0.0274736 0.000325859
v -0.082421 0.0457895 0.00488639
v -0.100737 0.0457895 -0.00408709
v -0.119053 0.0274736 -0.00537461
v -0.119053 0.0457895 -0.00861692
v -0.100737 0.0629309 -0.0091579
v -0.119053 0.0568748 -0.0091579
v -0.0998394 0.0641053 -0.0091579
v -0.100737 0.0641053 -0.00979573
v -0.119053 0.0641053 -0.0131525
v -0.137368 0.0274736 -0.00767887
v -0.082421 0.0641053 0.00441688
v -0.137368 0.0091579 -0.00366491
v -0.119053 0.00941926 0.0091579
v -0.119493 0.0091579 0.0091579
v -0.137368 -0.00251442 0.0091579
v -0.119053 -0.00712979 0.0274736
v -0.119053 0.0091579 0.00926274
v -0.155684 0.0091579 -0.00666791
v -0.126609 0.0457895 -0.0091579
v -0.137368 0.0361775 -0.0091579
v -0.100737 0.0206344 0.0091579
v -0.155684 -0.00489545 0.0091579
v -0.174 0.0091579 -0.0077154
v -0.155684 0.0207036 -0.0091579
v -0.174 0.0150102 -0.0091579
v -0.174 0.0274736 -0.0216122
v -0.192316 0.0274736 -0.0272258
v -0.174 0.0325084 -0.0274737
v -0.15634 0.0457895 -0.0274737
v -0.155684 0.0457895 -0.0262399
v -0.174 0.0457895 -0.0400537
v -0.192316 0.00930649 -0.0091579
v -0.193066 0.0274736 -0.0274737
v -0.210632 0.0143573 -0.0274737
v -0.195428 0.0091579 -0.0091579
v -0.210632 0.0274736 -0.0412745
v -0.228947 0.0274736 -0.0447677
v -0.228947 0.0117876 -0.0274737
v -0.234119 0.0274736 -0.0457895
v -0.228947 0.0282065 -0.0457895
v -0.247263 0.0434794 -0.0641053
v -0.247263 0.0274736 -0.0543259
v -0.265579 0.0274736 -0.0501844
v -0.265579 0.0351417 -0.0641053
v -0.265579 0.0457895 -0.0748071
v -0.283895 0.0457895 -0.0765679
v -0.283895 0.0334626 -0.0641053
v -0.302211 0.0457895 -0.078912
v -0.283895 0.0626236 -0.082421
v -0.302211 0.0507054 -0.082421
v -0.302211 0.0641053 -0.094736
v -0.283895 0.0641053 -0.0838798
v -0.320526 0.0641053 -0.0993546
v -0.320526 0.0464553 -0.082421
v -0.302211 0.0319391 -0.0641053
v -0.32798 0.0641053 -0.100737
v -0.338842 0.0546218 -0.100737
v -0.322881 0.0457895 -0.082421
v -0.338842 0.0641053 -0.110351
v -0.357158 0.0641053 -0.115978
v -0.338842 0.082421 -0.115427
v -0.357158 0.082421 -0.117395
v -0.375474 0.0641053 -0.11826
v -0.375474 0.0457895 -0.111895
v -0.393789 0.0457895 -0.117165
v -0.378651 0.0641053 -0.119053
v -0.393789 0.0498108 -0.119053
v -0.393789 0.0641053 -0.133399
v -0.412105 0.0641053 -0.136513
v -0.393789 0.082421 -0.135182
v -0.398671 0.082421 -0.137368
v -0.412105 0.0677233 -0.137368
v -0.412105 0.082421 -0.150186
v -0.430421 0.0641053 -0.150964
v -0.415194 0.0641053 -0.137368
v -0.430421 0.082421 -0.154903
v -0.448737 0.0641053 -0.138981
v -0.448737 0.082421 -0.145945
v -0.412105 0.0457895 -0.118093
v -0.393789 0.0293714 -0.100737
v -0.412105 0.0286602 -0.100737
v -0.424733 0.0457895 -0.119053
v -0.430421 0.0415472 -0.119053
v -0.430421 0.0457895 -0.123291
v -0.430421 0.0280226 -0.100737
v -0.448737 0.0435004 -0.119053
v -0.448737 0.0274736 -0.1032
v -0.448737 0.0457895 -0.121348
v -0.375474 0.0346782 -0.100737
v -0.375474 0.082421 -0.11869
v -0.357158 0.0472686 -0.100737
v -0.338842 0.0457895 -0.0951995
v -0.376458 0.082421 -0.119053
v -0.320526 0.0457895 -0.0810381
v -0.338842 0.0330496 -0.082421
v -0.247263 0.0457895 -0.0664009
v -0.281377 0.0641053 -0.082421
v -0.247263 0.0641053 -0.0741873
v -0.231187 0.0641053 -0.0641053
v -0.265579 0.0641053 -0.0792593
v -0.244469 0.0457895 -0.0641053
v -0.247263 0.0190092 -0.0457895
v -0.192316 0.0457895 -0.0444809
v -0.210632 0.0091579 -0.0135332
v -0.210632 0.00493824 -0.0091579
v -0.155684 0.0274736 -0.0142225
v -0.174 -0.00717926 0.0091579
v -0.192316 0.0091579 -0.0090732
v -0.210632 0.031853 -0.0457895
v -0.192316 0.027853 -0.0274737
v -0.192316 -0.00786608 0.0091579
v -0.430421 0.050638 -0.137368
v -0.357158 0.0457895 -0.0991104
v -0.149153 0.0274736 -0.0091579
v -0.228947 0.0457895 -0.0624815
v -0.210632 0.0457895 -0.0590618
v -0.357158 0.0309296 -0.082421
v -0.194695 0.0457895 -0.0457895
v -0.320526 0.0310361 -0.0641053
v -0.265579 0.0230897 -0.0457895
v -0.137368 0.0457895 -0.0167731
v -0.137368 0.0641053 -0.0212077
v -0.412105 0.0467955 -0.119053
v -0.361074 0.0457895 -0.100737
v -0.448737 0.0625378 -0.137368
v -0.155684 0.0274736 -0.0142225
v -0.137368 0.0457895 -0.0167731
v -0.137368 0.0361775 -0.0091579
v -0.149153 0.0274736 -0.0091579
v -0.119053 0.0091579 0.00926274
v -0.100737 -0.0048188 0.0274736
v -0.119053 -0.00712979 0.0274736
v -0.100737 0.0091579 0.0118691
v -0.100737 0.0206344 0.0091579
v -0.119053 0.00941926 0.0091579
v -0.357158 0.0309296 -0.082421
v -0.375474 0.0346782 -0.100737
v -0.361074 0.0457895 -0.100737
v 0.283895 -0.0548066 0.192316
v 0.283895 -0.0641053 0.183491
v 0.302211 -0.0463324 0.174
v 0.293444 -0.0641053 0.174
v 0.301336 -0.0641053 0.155684
v 0.283895 -0.0736366 0.174
v 0.302211 -0.0558867 0.155684
v 0.312185 -0.0457895 0.155684
v 0.313014 -0.0457895 0.137368
v 0.318936 -0.0274737 0.137368
v 0.31853 -0.0274737 0.119053
v 0.320526 -0.0254127 0.137368
v 0.320526 -0.0267836 0.155684
v 0.335331 -0.0091579 0.137368
v 0.337041 -0.0091579 0.119053
v 0.335984 0.0091579 0.119053
v 0.337993 0.0091579 0.137368
v 0.338443 0.0274736 0.119053
v 0.338519 0.0274736 0.137368
v 0.335504 -0.0091579 0.155684
v 0.337974 0.0274736 0.100737
v 0.302211 -0.0457895 0.124517
v 0.302211 -0.0535668 0.119053
v 0.310388 -0.0641053 0.119053
v 0.299106 -0.0457895 0.119053
v 0.338205 0.0457895 0.100737
v 0.337611 0.0457895 0.082421
v 0.334487 0.0274736 0.082421
v 0.33553 0.0641053 0.100737
v 0.299755 -0.0641053 0.137368
v 0.336758 0.0091579 0.100737
v 0.302211 -0.0572656 0.137368
v 0.319784 -0.0274737 0.155684
v 0.338641 0.0457895 0.119053
v 0.302211 -0.0457895 0.174536
v 0.292913 -0.0457895 0.192316
v 0.302211 -0.0376513 0.192316
v 0.320526 -0.0365671 0.192316
v 0.318939 -0.0274737 0.174
v 0.320526 -0.0274737 0.182758
v 0.283895 -0.0457895 0.201856
v 0.329418 -0.0274737 0.192316
v 0.283895 -0.0445681 0.210632
v 0.338842 -0.0351311 0.210632
v 0.338842 -0.0274737 0.203114
v 0.346334 -0.0274737 0.210632
v 0.338842 -0.0155383 0.210632
v 0.357158 -0.0397852 0.228947
v 0.33546 -0.0091579 0.174
v 0.337425 -0.0091579 0.192316
v 0.338842 -0.00641119 0.192316
v 0.338842 0.00664741 0.174
v 0.357158 -0.0274737 0.216817
v 0.369582 -0.0274737 0.228947
v 0.375474 -0.020252 0.228947
v 0.375474 -0.0091579 0.218086
v 0.386344 -0.0091579 0.228947
v 0.375474 -0.0274737 0.234002
v 0.341273 0.0091579 0.174
v 0.338842 0.0091579 0.171323
v 0.354886 0.0091579 0.192316
v 0.320526 -0.026099 0.119053
v 0.338842 0.0122846 0.174
v 0.338842 -0.00905746 0.210632
v 0.334834 0.0641053 0.119053
v 0.32598 0.082421 0.100737
v 0.336921 0.082421 0.119053
v 0.335719 0.0641053 0.137368
v 0.333987 0.082421 0.137368
v 0.336947 0.0641053 0.155684
v 0.332165 0.082421 0.155684
v 0.334136 0.0641053 0.174
v 0.337938 0.0457895 0.174
v 0.33792 0.0457895 0.192316
v 0.336581 0.0641053 0.192316
v 0.338488 0.0274736 0.192316
v 0.338364 0.0457895 0.155684
v 0.388757 -0.0274737 0.247263
v 0.302761 -0.0457895 0.174
v 0.338587 0.0457895 0.137368
v 0.310215 -0.0274737 0.100737
v 0.31181 -0.0457895 0.100737
v 0.375474 -0.0405668 0.247263
v 0.338842 0.0249546 0.192316
v 0.283895 -0.0816389 0.155684
v 0.337828 0.0091579 0.155684
v 0.320526 -0.0243995 0.174
v 0.283895 -0.0803655 0.137368
v 0.319784 -0.0274737 0.155684
v 0.318939 -0.0274737 0.174
v 0.302761 -0.0457895 0.174
v 0.320526 -0.0243995 0.174
v 0.302211 -0.0572656 0.137368
v 0.302211 -0.0641053 0.128056
v 0.313014 -0.0457895 0.137368
v 0.310388 -0.0641053 0.119053
v 0.302211 -0.0721943 0.119053
v 0.299755 -0.0641053 0.137368
v 0.283895 -0.0803655 0.137368
v 0.283895 -0.082421 0.128243
v 0.291263 -0.082421 0.119053
v 0.283895 -0.0900722 0.119053
v 0.320526 -0.0243995 0.174
v 0.335504 -0.0091579 0.155684
v 0.33546 -0.0091579 0.174
v 0.337828 0.0091579 0.155684
v 0.337425 -0.0091579 0.192316
v 0.337929 -0.0091579 0.210632
v 0.329418 -0.0274737 0.192316
v 0.338842 -0.0274737 0.203114
v 0.338842 -0.0155383 0.210632
v 0.338842 -0.0091579 0.212295
v 0.338842 -0.00905746 0.210632
v 0.357051 0.0091579 0.210632
v 0.354886 0.0091579 0.192316
v 0.356671 0.0274736 0.210632
v 0.338842 0.0249546 0.192316
v 0.338842 0.0274736 0.193103
v 0.338488 0.0274736 0.192316
v 0.338842 0.0122846 0.174
v 0.338552 0.0274736 0.174
v 0.337938 0.0457895 0.174
v 0.338364 0.0457895 0.155684
v 0.33841 0.0274736 0.155684
v 0.338587 0.0457895 0.137368
v 0.338519 0.0274736 0.137368
v 0.337828 0.0091579 0.155684
v 0.338842 0.0091579 0.171323
v 0.338842 0.0449202 0.210632
v 0.357158 0.0091579 0.212351
v 0.357158 0.0274736 0.211166
v 0.33792 0.0457895 0.192316
v 0.336988 0.0457895 0.210632
v 0.338488 0.0274736 0.192316
v 0.336581 0.0641053 0.192316
v 0.338842 0.0274736 0.193103
v -0.180414 0.0641053 0.100737
v -0.174 0.0730518 0.100737
v -0.182215 0.0641053 0.082421
v -0.174 0.078568 0.082421
v -0.17324 0.082421 0.082421
v -0.169572 0.082421 0.100737
v -0.174 0.0873178 0.082421
v -0.178395 0.0457895 0.082421
v -0.174 0.0968131 0.100737
v -0.177238 0.100737 0.100737
v -0.181155 0.100737 0.082421
v -0.189913 0.082421 0.0641053
v -0.192316 0.0904023 0.0641053
v -0.192316 0.082421 0.0624852
v -0.192316 0.100737 0.0730011
v -0.200614 0.100737 0.0641053
v -0.192316 0.0457895 0.0800537
v -0.192316 0.0274736 0.079035
v -0.179756 0.0274736 0.082421
v -0.174 0.0274736 0.088234
v -0.192316 0.0121521 0.0641053
v -0.207825 0.0274736 0.0641053
v -0.210239 0.0091579 0.0457895
v -0.192316 0.0091579 0.0615447
v -0.192316 -0.00619543 0.0457895
v -0.210632 -0.00698233 0.0274736
v -0.174 0.0457895 0.0882995
v -0.155684 0.0457895 0.100569
v -0.155684 0.0440115 0.100737
v -0.161421 0.0274736 0.100737
v -0.209092 0.0457895 0.0641053
v -0.155351 0.0457895 0.100737
v -0.174 0.0641053 0.0640975
v -0.192316 0.0641053 0.0627347
v -0.210632 0.0641053 0.0608273
v -0.210632 0.082421 0.0576999
v -0.210632 0.0457895 0.0629866
v -0.228947 0.0457895 0.0614948
v -0.228947 0.0274736 0.05132
v -0.244651 0.0457895 0.0457895
v -0.238841 0.0641053 0.0457895
v -0.247263 0.0457895 0.0408187
v -0.247263 0.0641053 0.0333229
v -0.253188 0.0641053 0.0274736
v -0.247263 0.0729488 0.0274736
v -0.260649 0.0457895 0.0274736
v -0.252859 0.0641053 0.0091579
v -0.265579 0.0457895 0.0104208
v -0.228947 0.0641053 0.0557082
v -0.234543 0.0274736 0.0457895
v -0.246346 0.0274736 0.0274736
v -0.234266 0.0091579 0.0274736
v -0.228947 0.0091579 0.032869
v -0.235675 0.0091579 0.0091579
v -0.228947 0.00251979 0.0091579
v -0.247263 0.0152848 0.0091579
v -0.247263 0.0274736 0.0215368
v -0.259472 0.0274736 0.0091579
v -0.228947 0.00387508 0.0274736
v -0.247263 0.0322111 0.0274736
v -0.174 0.0091579 0.0640154
v -0.228947 0.0218629 0.0457895
v -0.174 0.082421 0.0815747
v -0.265579 0.0445123 0.0091579
v -0.210632 0.00935161 0.0457895
v -0.174 0.0640899 0.0641053
v -0.174 0.0641437 0.0641053
v -0.228947 0.0781531 0.0457895
v -0.246565 0.082421 0.0274736
v -0.228947 0.082421 0.0452885
v -0.245553 0.100737 0.0274736
v -0.228947 0.100737 0.0444628
v -0.24719 0.100737 0.0091579
v -0.221673 0.100737 0.0457895
v -0.210632 0.113481 0.0457895
v -0.247263 0.082421 0.0242568
v -0.174 0.00921077 0.0641053
v -0.247263 0.100481 0.0091579
v -0.210632 0.100737 0.0555827
v -0.174 -0.00573069 0.0457895
v -0.262025 0.082421 0.0091579
v -0.210632 0.0091579 0.045514
v -0.226026 0.082421 0.0457895
v -0.192316 0.0616527 0.0641053
v -0.210632 0.0274736 0.0628525
v -0.174 0.082421 0.0815747
v -0.189913 0.082421 0.0641053
v -0.182215 0.0641053 0.082421
v -0.200614 0.100737 0.0641053
v -0.209568 0.119053 0.0457895
v -0.210632 0.100737 0.0555827
v -0.210632 0.113481 0.0457895
v -0.197054 0.119053 0.0641053
v -0.19916 0.137368 0.0641053
v -0.210632 0.100737 0.0555827
v -0.221673 0.100737 0.0457895
v -0.210632 0.082421 0.0576999
v -0.226026 0.082421 0.0457895
v -0.228947 0.0781531 0.0457895
v -0.228947 0.0641053 0.0557082
v -0.226026 0.082421 0.0457895
v -0.238841 0.0641053 0.0457895
v -0.210632 0.0457895 0.0629866
v -0.209092 0.0457895 0.0641053
v -0.192316 0.0616527 0.0641053
v -0.210632 0.0274736 0.0628525
v -0.174 0.0640899 0.0641053
v -0.192316 0.0616527 0.0641053
v -0.192316 0.0457895 0.0800537
v -0.210632 -0.00698233 0.0274736
v -0.228947 0.00387508 0.0274736
v -0.228947 0.00251979 0.0091579
v -0.210632 0.0091579 0.045514
v -0.210632 -0.00716925 0.0091579
v -0.228947 0.0218629 0.0457895
v -0.210632 0.0091579 0.045514
v -0.210632 0.00935161 0.0457895
v -0.210632 0.0274736 0.0628525
v -0.247263 0.0322111 0.0274736
v -0.260649 0.0457895 0.0274736
v -0.259472 0.0274736 0.0091579
v -0.265579 0.0445123 0.0091579
v -0.265579 0.0286642 -0.0091579
v -0.155684 0.205247 0.100737
v -0.155684 0.210632 0.0922648
v -0.166384 0.210632 0.082421
v -0.137368 0.206565 0.100737
v -0.155684 0.192316 0.113521
v -0.169444 0.192316 0.100737
v -0.155684 0.220247 0.082421
v -0.174 0.210632 0.0817386
v -0.174 0.228094 0.0641053
v -0.192316 0.210632 0.0788144
v -0.137368 0.210632 0.0971588
v -0.137368 0.192316 0.115131
v -0.155684 0.174 0.118843
v -0.155684 0.228305 0.0641053
v -0.174 0.174 0.116339
v -0.137368 0.181589 0.119053
v -0.119053 0.190412 0.119053
v -0.137368 0.174 0.128536
v -0.119053 0.174 0.137345
v -0.107824 0.192316 0.119053
v -0.100737 0.192316 0.12438
v -0.100737 0.174 0.13533
v -0.100737 0.170644 0.137368
v -0.119053 0.192316 0.114931
v -0.174 0.228164 0.0457895
v -0.155684 0.228 0.0457895
v -0.137368 0.22839 0.0641053
v -0.192316 0.228018 0.0457895
v -0.192316 0.215839 0.0274736
v -0.197406 0.210632 0.0274736
v -0.209692 0.210632 0.0457895
v -0.137368 0.226619 0.0457895
v -0.119053 0.228225 0.0641053
v -0.119053 0.227326 0.082421
v -0.174 0.22719 0.0274736
v -0.100737 0.227441 0.082421
v -0.100737 0.227135 0.0641053
v -0.082421 0.216445 0.082421
v -0.100737 0.210632 0.0997509
v -0.119053 0.210632 0.0993308
v -0.148255 0.174 0.119053
v -0.192316 0.225436 0.0641053
v -0.082421 0.210632 0.0886039
v -0.082421 0.207091 0.100737
v -0.0678515 0.192316 0.100737
v -0.082421 0.192316 0.115649
v -0.0949955 0.192316 0.119053
v -0.0749491 0.174 0.119053
v -0.082421 0.18222 0.119053
v -0.137368 0.225216 0.082421
v -0.0766996 0.210632 0.082421
v -0.174 0.209422 0.082421
v -0.119053 0.173972 0.137368
v -0.119053 0.155684 0.153248
v -0.137368 0.155684 0.153837
v -0.119053 0.153458 0.155684
v -0.137368 0.15199 0.155684
v -0.137368 0.138373 0.174
v -0.155684 0.14419 0.155684
v -0.155684 0.137368 0.166348
v -0.16818 0.137368 0.155684
v -0.174 0.137368 0.152935
v -0.155684 0.135979 0.174
v -0.139749 0.137368 0.174
v -0.133703 0.137368 0.174
v -0.119053 0.137368 0.173177
v -0.174 0.137273 0.155684
v -0.100737 0.155684 0.151712
v -0.119053 0.136544 0.174
v -0.119053 0.119053 0.189612
v -0.155684 0.155684 0.150389
v -0.174 0.124194 0.174
v -0.155684 0.129266 0.192316
v -0.174 0.119053 0.179752
v -0.187486 0.119053 0.174
v -0.167162 0.119053 0.192316
v -0.155684 0.119053 0.202776
v -0.155684 0.110118 0.210632
v -0.146398 0.100737 0.210632
v -0.137368 0.100737 0.209685
v -0.192316 0.137259 0.155684
v -0.137368 0.119053 0.197543
v -0.174 0.118392 0.192316
v -0.165159 0.100737 0.210632
v -0.174 0.100737 0.209822
v -0.192316 0.100737 0.206275
v -0.192316 0.11483 0.192316
v -0.20869 0.100737 0.192316
v -0.155684 0.100737 0.219786
v -0.192316 0.119053 0.173959
v -0.192316 0.207556 0.082421
v -0.192316 0.192316 0.0978217
v -0.20754 0.192316 0.082421
v -0.192316 0.187546 0.100737
v -0.210632 0.188831 0.082421
v -0.210632 0.181855 0.100737
v -0.210632 0.174 0.10887
v -0.192316 0.174 0.116113
v -0.192316 0.171723 0.119053
v -0.218505 0.174 0.100737
v -0.174 0.173512 0.119053
v -0.174 0.162669 0.137368
v -0.192316 0.155684 0.134922
v -0.210632 0.155684 0.135727
v -0.155684 0.168606 0.137368
v -0.225463 0.174 0.082421
v -0.192316 0.152341 0.137368
v -0.210632 0.155281 0.137368
v -0.210632 0.142475 0.155684
v -0.200832 0.137368 0.155684
v -0.228947 0.14844 0.137368
v -0.210632 0.169958 0.119053
v -0.228947 0.137368 0.149022
v -0.21609 0.137368 0.155684
v -0.228947 0.132741 0.155684
v -0.228947 0.119053 0.16972
v -0.242165 0.119053 0.155684
v -0.228947 0.11824 0.174
v -0.247263 0.112214 0.155684
v -0.246667 0.100737 0.174
v -0.228947 0.100737 0.191303
v -0.210632 0.118806 0.174
v -0.183705 0.155684 0.137368
v -0.240036 0.137368 0.137368
v -0.210366 0.192316 0.0641053
v -0.137368 0.124051 0.192316
v -0.119053 0.20552 0.100737
v -0.224695 0.155684 0.119053
v -0.137368 0.172365 0.137368
v -0.210632 0.119053 0.173718
v -0.228947 0.137368 0.123649
v -0.174 0.155684 0.144353
v -0.210632 0.137368 0.160816
v -0.174 0.188097 0.100737
v -0.082421 0.174 0.126543
v -0.0641053 0.16963 0.119053
v -0.0641053 0.155684 0.133031
v -0.0501654 0.155684 0.119053
v -0.0641053 0.170273 0.100737
v -0.210632 0.100737 0.192137
v -0.174 0.192316 0.0995708
v -0.137368 0.137368 0.17503
v -0.131872 0.119053 0.192316
v -0.207024 0.210632 0.0641053
v -0.100737 0.209359 0.100737
v -0.100737 0.197958 0.119053
v -0.192316 0.137368 0.153555
v -0.119053 0.227326 0.082421
v -0.137368 0.210632 0.0971588
v -0.119053 0.210632 0.0993308
v -0.137368 0.225216 0.082421
v -0.119053 0.20552 0.100737
v -0.100737 0.209359 0.100737
v -0.100737 0.197958 0.119053
v -0.119053 0.192316 0.114931
v -0.107824 0.192316 0.119053
v -0.100737 0.192316 0.12438
v -0.0949955 0.192316 0.119053
v -0.082421 0.18222 0.119053
v -0.082421 0.174 0.126543
v -0.082421 0.207091 0.100737
v -0.169444 0.192316 0.100737
v -0.174 0.192316 0.0995708
v -0.174 0.188097 0.100737
v -0.207024 0.210632 0.0641053
v -0.209692 0.210632 0.0457895
v -0.210366 0.192316 0.0641053
v -0.155684 0.168606 0.137368
v -0.174 0.155684 0.144353
v -0.155684 0.155684 0.150389
v -0.137368 0.172365 0.137368
v -0.155684 0.173857 0.119053
v -0.174 0.173512 0.119053
v -0.174 0.174 0.116339
v -0.192316 0.174 0.116113
v -0.174 0.188097 0.100737
v -0.148255 0.174 0.119053
v -0.155684 0.174 0.118843
v -0.192316 0.137368 0.153555
v -0.174 0.155684 0.144353
v -0.183705 0.155684 0.137368
v -0.192316 0.119005 0.174
v -0.210632 0.119053 0.173718
v -0.210632 0.118806 0.174
v -0.192316 0.11483 0.192316
v -0.210632 0.100737 0.192137
v -0.174 0.118392 0.192316
v -0.187486 0.119053 0.174
v -0.192316 0.119053 0.173959
v -0.210632 0.137368 0.160816
v -0.200832 0.137368 0.155684
v -0.210632 0.137368 0.160816
v -0.192316 0.137259 0.155684
v -0.192316 0.137368 0.153555
v -0.137368 0.124051 0.192316
v -0.137368 0.119053 0.197543
v -0.131872 0.119053 0.192316
v -0.387902 0.082421 -0.0641053
v -0.393789 0.082421 -0.0654034
v -0.393789 0.0776991 -0.0641053
v -0.393789 0.0641053 -0.0517218
v -0.412105 0.0641053 -0.051501
v -0.412105 0.082421 -0.0686758
v -0.393789 0.0990425 -0.082421
v -0.375474 0.082421 -0.0530505
v -0.412105 0.0766519 -0.0641053
v -0.412105 0.0960844 -0.082421
v -0.412105 0.100483 -0.100737
v -0.393789 0.100502 -0.100737
v -0.412105 0.100249 -0.119053
v -0.393789 0.0982291 -0.119053
v -0.375474 0.100569 -0.082421
v -0.375474 0.100496 -0.100737
v -0.430421 0.0992672 -0.100737
v -0.375474 0.0933642 -0.0641053
v -0.430421 0.100737 -0.111868
v -0.420121 0.100737 -0.119053
v -0.430421 0.107526 -0.119053
v -0.437273 0.100737 -0.119053
v -0.430421 0.100109 -0.137368
v -0.430421 0.0902938 -0.082421
v -0.448737 0.0995679 -0.100737
v -0.448737 0.082421 -0.0825215
v -0.446896 0.082421 -0.082421
v -0.448737 0.0822022 -0.082421
v -0.465923 0.082421 -0.100737
v -0.467053 0.0704093 -0.100737
v -0.467053 0.0789465 -0.082421
v -0.448737 0.0687412 -0.0641053
v -0.467053 0.073405 -0.0641053
v -0.467053 0.0641053 -0.0547367
v -0.448737 0.0641053 -0.0593341
v -0.476788 0.0641053 -0.0641053
v -0.448737 0.048202 -0.0457895
v -0.445489 0.0457895 -0.0457895
v -0.448737 0.0457895 -0.0434981
v -0.467053 0.0457895 -0.0384374
v -0.467053 0.0274736 -0.0290579
v -0.485368 0.0274736 -0.0324762
v -0.485368 0.0091579 -0.0362771
v -0.498773 0.0274736 -0.0457895
v -0.485368 0.040814 -0.0457895
v -0.487466 0.0457895 -0.0641053
v -0.495078 0.0091579 -0.0457895
v -0.467053 0.0091579 -0.0295404
v -0.474038 0.0457895 -0.0457895
v -0.448737 0.0274736 -0.0345868
v -0.48201 0.0641053 -0.082421
v -0.467053 0.052804 -0.0457895
v -0.430421 0.0718337 -0.0641053
v -0.357158 0.0995986 -0.100737
v -0.357158 0.100737 -0.0919515
v -0.372119 0.100737 -0.082421
v -0.357158 0.108546 -0.082421
v -0.357158 0.100737 -0.0703156
v -0.338842 0.110475 -0.0641053
v -0.352392 0.100737 -0.0641053
v -0.338842 0.100737 -0.0545801
v -0.320526 0.108881 -0.0641053
v -0.338842 0.097569 -0.0457895
v -0.320526 0.100737 -0.0542803
v -0.302211 0.107288 -0.0457895
v -0.310408 0.100737 -0.0457895
v -0.302211 0.103234 -0.0641053
v -0.283895 0.111222 -0.0457895
v -0.302211 0.100737 -0.0391484
v -0.320526 0.100012 -0.0457895
v -0.338842 0.11047 -0.082421
v -0.283895 0.100737 -0.0310932
v -0.283895 0.100326 -0.0274737
v -0.28096 0.100737 -0.0274737
v -0.265579 0.0969748 -0.0091579
v -0.283895 0.0863836 -0.0091579
v -0.283895 0.082421 -0.00518054
v -0.265579 0.082421 0.00628257
v -0.247263 0.100481 0.0091579
v -0.262025 0.082421 0.0091579
v -0.247263 0.082421 0.0242568
v -0.247263 0.100721 -0.0091579
v -0.265579 0.112385 -0.0274737
v -0.265579 0.100737 -0.0149164
v -0.247226 0.100737 -0.0091579
v -0.24719 0.100737 0.0091579
v -0.228947 0.117105 0.0091579
v -0.228947 0.117345 0.0274736
v -0.210632 0.118145 0.0274736
v -0.210632 0.113481 0.0457895
v -0.192316 0.11894 0.0274736
v -0.228947 0.100737 0.0444628
v -0.210632 0.118298 0.0091579
v -0.245553 0.100737 0.0274736
v -0.192316 0.117816 0.0091579
v -0.174 0.117308 0.0091579
v -0.210632 0.114185 -0.0091579
v -0.174 0.119053 0.0176194
v -0.190414 0.119053 0.0274736
v -0.228947 0.113361 -0.0091579
v -0.247263 0.11438 -0.0274737
v -0.485368 0.0479841 -0.0641053
v -0.265579 0.113415 -0.0457895
v -0.228947 0.1156 -0.0274737
v -0.302211 0.0976551 -0.0274737
v -0.31835 0.082421 -0.0274737
v -0.320526 0.082421 -0.0281631
v -0.338842 0.082421 -0.0306893
v -0.247263 0.111838 -0.0457895
v -0.302211 0.082421 -0.0122868
v -0.356907 0.082421 -0.0457895
v -0.357158 0.0641053 -0.0337267
v -0.357158 0.0817684 -0.0457895
v -0.448737 0.0989175 -0.119053
v -0.357158 0.100373 -0.0641053
v -0.430421 0.082421 -0.074777
v -0.430421 0.100737 -0.126761
v -0.485368 0.0457895 -0.0620732
v -0.412105 0.0766519 -0.0641053
v -0.430421 0.082421 -0.074777
v -0.430421 0.0718337 -0.0641053
v -0.430421 0.0641053 -0.0561676
v -0.412105 0.0641053 -0.051501
v -0.430421 0.0457895 -0.0481443
v -0.448737 0.0641053 -0.0593341
v -0.445489 0.0457895 -0.0457895
v -0.357158 0.100373 -0.0641053
v -0.375474 0.082421 -0.0530505
v -0.357158 0.082421 -0.045854
v -0.356907 0.082421 -0.0457895
v -0.247263 0.100721 -0.0091579
v -0.247263 0.100737 -0.00918615
v -0.265579 0.100737 -0.0149164
v -0.247263 0.11438 -0.0274737
v -0.228947 0.113361 -0.0091579
v -0.228947 0.1156 -0.0274737
v -0.247263 0.111838 -0.0457895
v -0.247226 0.100737 -0.0091579
v -0.467053 0.0457895 -0.0384374
v -0.467053 0.052804 -0.0457895
v -0.474038 0.0457895 -0.0457895
v -0.485368 0.0479841 -0.0641053
v -0.485368 0.0457895 -0.0620732
v -0.487466 0.0457895 -0.0641053
v -0.430421 0.100109 -0.137368
v -0.448737 0.0989175 -0.119053
v -0.430421 0.100737 -0.126761
v 0.155684 0.119053 0.207523
v 0.155684 0.120097 0.210632
v 0.156295 0.119053 0.192316
v 0.174 0.135447 0.192316
v 0.174 0.134063 0.210632
v 0.155684 0.119053 0.18836
v 0.155684 0.128526 0.174
v 0.153393 0.119053 0.192316
v 0.174 0.134835 0.174
v 0.192316 0.135026 0.192316
v 0.192316 0.136344 0.174
v 0.210632 0.134687 0.192316
v 0.174 0.135483 0.155684
v 0.210632 0.13535 0.210632
v 0.228947 0.136187 0.210632
v 0.210632 0.119053 0.227023
v 0.228947 0.135335 0.192316
v 0.247263 0.134459 0.192316
v 0.192316 0.119053 0.226445
v 0.246966 0.119053 0.210632
v 0.210632 0.117451 0.228947
v 0.228947 0.119053 0.227739
v 0.192316 0.133935 0.155684
v 0.192316 0.134549 0.137368
v 0.210632 0.135886 0.155684
v 0.203279 0.137368 0.137368
v 0.155684 0.129164 0.155684
v 0.192316 0.134699 0.210632
v 0.210632 0.137047 0.174
v 0.210632 0.137368 0.145639
v 0.137368 0.131402 0.192316
v 0.155684 0.119053 0.211701
v 0.192316 0.118078 0.228947
v 0.210632 0.104366 0.247263
v 0.192316 0.109466 0.247263
v 0.192316 0.100737 0.256073
v 0.210632 0.100737 0.250949
v 0.174 0.100737 0.260629
v 0.192316 0.082421 0.263563
v 0.210632 0.082421 0.261971
v 0.228947 0.082421 0.26131
v 0.174 0.1141 0.247263
v 0.228947 0.0964032 0.247263
v 0.159844 0.100737 0.247263
v 0.242771 0.082421 0.247263
v 0.24668 0.0641053 0.247263
v 0.228947 0.0641053 0.264563
v 0.247263 0.082421 0.244495
v 0.228947 0.100737 0.241176
v 0.174 0.117958 0.228947
v 0.247263 0.0641053 0.246322
v 0.265517 0.0641053 0.228947
v 0.263765 0.082421 0.228947
v 0.265579 0.082421 0.227754
v 0.265579 0.0640073 0.228947
v 0.265579 0.0457895 0.244717
v 0.283895 0.0632783 0.228947
v 0.283895 0.0457895 0.246019
v 0.302211 0.0590208 0.247263
v 0.302211 0.0620297 0.228947
v 0.283895 0.0641053 0.228077
v 0.302211 0.0641053 0.228425
v 0.283895 0.082421 0.211409
v 0.302211 0.0819008 0.210632
v 0.320526 0.0637832 0.228947
v 0.320526 0.066672 0.210632
v 0.320526 0.0630674 0.247263
v 0.338842 0.0496078 0.247263
v 0.320526 0.0584296 0.265579
v 0.338842 0.0573609 0.228947
v 0.357158 0.0540815 0.247263
v 0.357158 0.0596477 0.228947
v 0.365466 0.0457895 0.247263
v 0.371032 0.0457895 0.228947
v 0.375474 0.0368187 0.228947
v 0.375474 0.0432184 0.247263
v 0.391455 0.0274736 0.247263
v 0.385227 0.0274736 0.228947
v 0.357158 0.0457895 0.258097
v 0.391956 0.0274736 0.265579
v 0.375474 0.0438263 0.265579
v 0.383307 0.0274736 0.283895
v 0.39258 0.0091579 0.283895
v 0.375474 0.0274736 0.291702
v 0.375474 0.0091579 0.30104
v 0.302211 0.0822155 0.192316
v 0.320526 0.0802351 0.192316
v 0.3232 0.0641053 0.210632
v 0.336581 0.0641053 0.192316
v 0.320526 0.0641053 0.214447
v 0.320526 0.0779099 0.174
v 0.375474 0.0350489 0.283895
v 0.33675 0.0457895 0.265579
v 0.338842 0.0457895 0.26774
v 0.338842 0.0457439 0.265579
v 0.265579 0.100737 0.223283
v 0.211963 0.137368 0.155684
v 0.228947 0.154107 0.155684
v 0.228947 0.137368 0.172635
v 0.247263 0.142099 0.174
v 0.247263 0.152167 0.155684
v 0.265579 0.143246 0.174
v 0.247263 0.137368 0.178752
v 0.265579 0.150288 0.155684
v 0.271504 0.137368 0.174
v 0.27992 0.137368 0.155684
v 0.283895 0.136938 0.155684
v 0.283895 0.128695 0.174
v 0.293561 0.119053 0.174
v 0.301569 0.119053 0.155684
v 0.283895 0.142857 0.137368
v 0.247263 0.1537 0.137368
v 0.302211 0.107636 0.155684
v 0.302211 0.102006 0.174
v 0.303469 0.100737 0.174
v 0.308608 0.100737 0.155684
v 0.302211 0.118508 0.137368
v 0.265579 0.150805 0.137368
v 0.265579 0.137368 0.180077
v 0.241819 0.137368 0.174
v 0.302211 0.100737 0.175247
v 0.283895 0.137368 0.144674
v 0.251744 0.100737 0.228947
v 0.265579 0.11348 0.210632
v 0.2783 0.100737 0.210632
v 0.265579 0.119053 0.19662
v 0.283895 0.100737 0.204987
v 0.338842 0.0582572 0.283895
v 0.283895 0.0832093 0.210632
v 0.351383 0.0457895 0.283895
v 0.26998 0.119053 0.192316
v 0.283895 0.113544 0.192316
v 0.247263 0.105292 0.228947
v 0.155684 0.118878 0.192316
v 0.137368 0.119053 0.214325
v 0.357158 0.0446078 0.283895
v 0.30179 0.119053 0.137368
v 0.302211 0.119053 0.133606
v 0.319402 0.100737 0.137368
v 0.320526 0.100737 0.128293
v 0.312506 0.119053 0.119053
v 0.302211 0.129231 0.119053
v 0.320526 0.108413 0.119053
v 0.32797 0.100737 0.119053
v 0.333987 0.082421 0.137368
v 0.336921 0.082421 0.119053
v 0.320526 0.0969967 0.137368
v 0.283895 0.136763 0.119053
v 0.155684 0.117855 0.228947
v 0.247263 0.100737 0.233404
v 0.137368 0.125266 0.155684
v 0.228947 0.13118 0.174
v 0.338842 0.0457895 0.296467
v 0.174 0.119053 0.226575
v 0.289486 0.137368 0.137368
v 0.357158 0.0450263 0.265579
v 0.265579 0.154805 0.119053
v 0.247263 0.155415 0.119053
v 0.357158 0.0274736 0.301023
v 0.302211 0.082421 0.192154
v 0.338842 0.0457895 0.255673
v 0.214453 0.100737 0.247263
v 0.155684 0.100737 0.246276
v 0.137368 0.100737 0.243752
v 0.137368 0.115589 0.228947
v 0.228947 0.112721 0.228947
v 0.119053 0.100737 0.231373
v 0.119053 0.103203 0.228947
v 0.115661 0.100737 0.228947
v 0.119053 0.119053 0.223284
v 0.137368 0.122696 0.210632
v 0.119053 0.131565 0.210632
v 0.100737 0.119053 0.2256
v 0.100737 0.133901 0.210632
v 0.082421 0.119053 0.225259
v 0.082421 0.133556 0.210632
v 0.082421 0.136728 0.192316
v 0.0641053 0.119053 0.223171
v 0.0641053 0.131479 0.210632
v 0.0641053 0.13697 0.192316
v 0.100737 0.136443 0.192316
v 0.0457895 0.119053 0.217816
v 0.0457895 0.126156 0.210632
v 0.137368 0.128256 0.174
v 0.119053 0.127612 0.155684
v 0.137368 0.119053 0.144527
v 0.119053 0.119053 0.145818
v 0.119053 0.115053 0.137368
v 0.137368 0.118723 0.137368
v 0.110202 0.119053 0.155684
v 0.100737 0.100737 0.14446
v 0.119053 0.124927 0.174
v 0.102308 0.119053 0.174
v 0.0457895 0.137144 0.192316
v 0.0641053 0.133377 0.174
v 0.0330156 0.137368 0.192316
v 0.0457895 0.13517 0.174
v 0.0291188 0.137368 0.174
v 0.0274736 0.138701 0.174
v 0.0274736 0.140297 0.192316
v 0.0091579 0.147221 0.174
v 0.0091579 0.143561 0.192316
v -0.0091579 0.151167 0.174
v -0.0091579 0.13771 0.192316
v -0.0274737 0.149699 0.174
v -0.0274737 0.137368 0.188777
v -0.0457895 0.137368 0.189774
v -0.0274737 0.136949 0.192316
v -0.0457895 0.136122 0.192316
v -0.0641053 0.137368 0.191929
v -0.00984049 0.137368 0.192316
v 0.082421 0.127168 0.174
v 0.228947 0.13118 0.174
v 0.247263 0.134459 0.192316
v 0.241819 0.137368 0.174
v 0.247263 0.137368 0.178752
v 0.265579 0.12344 0.192316
v 0.247263 0.119053 0.209848
v 0.265579 0.137368 0.180077
v 0.246966 0.119053 0.210632
v 0.26998 0.119053 0.192316
v 0.283895 0.119053 0.183833
v 0.283895 0.113544 0.192316
v 0.296483 0.100737 0.192316
v 0.283895 0.100737 0.204987
v 0.284703 0.082421 0.210632
v 0.30201 0.082421 0.192316
v 0.302211 0.100737 0.175247
v 0.271504 0.137368 0.174
v 0.283895 0.128695 0.174
v 0.265579 0.119053 0.19662
v 0.247263 0.118377 0.210632
v 0.228947 0.119053 0.227739
v 0.228947 0.112721 0.228947
v 0.247263 0.105292 0.228947
v 0.228947 0.100737 0.241176
v 0.247263 0.100737 0.233404
v 0.283895 0.0832093 0.210632
v 0.283895 0.082421 0.211409
v 0.265579 0.100737 0.223283
v 0.265579 0.082421 0.227754
v 0.265579 0.0641053 0.228845
v 0.283895 0.0641053 0.228077
v 0.283895 0.0632783 0.228947
v 0.302211 0.0819008 0.210632
v 0.265517 0.0641053 0.228947
v 0.265579 0.0640073 0.228947
v 0.265579 0.11348 0.210632
v 0.302211 0.082421 0.192154
v 0.319421 0.082421 0.174
v 0.320526 0.0779099 0.174
v 0.320526 0.082421 0.167456
v 0.334136 0.0641053 0.174
v 0.336581 0.0641053 0.192316
v 0.332165 0.082421 0.155684
v 0.320526 0.0938364 0.155684
v 0.303469 0.100737 0.174
v 0.293561 0.119053 0.174
v 0.308608 0.100737 0.155684
v 0.320526 0.0969967 0.137368
v 0.333987 0.082421 0.137368
v 0.319402 0.100737 0.137368
v 0.302211 0.118508 0.137368
v 0.119053 0.136129 0.192316
v 0.137368 0.131402 0.192316
v 0.119053 0.124927 0.174
v 0.100737 0.136443 0.192316
v 0.137368 0.122696 0.210632
v 0.119053 0.131565 0.210632
v 0.155684 0.120097 0.210632
v 0.137368 0.119053 0.214325
v 0.153393 0.119053 0.192316
v 0.137368 0.131402 0.192316
v 0.155684 0.119053 0.207523
v 0.155684 0.118878 0.192316
v 0.336581 0.0641053 0.192316
v 0.3232 0.0641053 0.210632
v 0.336988 0.0457895 0.210632
v 0.338842 0.0457895 0.217429
v 0.338842 0.0449202 0.210632
v 0.320526 0.0637832 0.228947
v 0.357158 0.0274736 0.211166
v 0.320526 0.0641053 0.214447
v 0.338842 0.0274736 0.193103
v 0.284703 0.082421 0.210632
v 0.302211 0.0819008 0.210632
v 0.302211 0.0822155 0.192316
v 0.30201 0.082421 0.192316
v 0.174 0.117958 0.228947
v 0.155684 0.119053 0.211701
v 0.155684 0.117855 0.228947
v 0.174 0.119053 0.226575
v 0.357158 0.0450263 0.265579
v 0.357158 0.0457895 0.258097
v 0.338842 0.0457895 0.255673
v 0.357158 0.0446078 0.283895
v 0.375474 0.0350489 0.283895
v 0.357158 0.0450263 0.265579
v 0.357158 0.0274736 0.301023
v -0.119053 -0.247263 -0.0833237
v -0.119053 -0.246287 -0.082421
v -0.118144 -0.247263 -0.082421
v -0.119053 -0.247263 -0.0804501
v -0.119053 -0.246287 -0.082421
v -0.119053 -0.247263 -0.0833237
v -0.119939 -0.247263 -0.082421
v -0.119053 -0.247263 -0.0804501
v -0.119053 -0.247263 -0.0804501
v -0.119053 -0.248165 -0.082421
v -0.118144 -0.247263 -0.082421
v -0.119053 -0.247263 -0.0833237
v -0.119053 -0.248165 -0.082421
v -0.119939 -0.247263 -0.082421
v -0.119053 -0.247263 -0.0833237
v -0.119053 -0.247263 -0.0804501
v -0.122982 -0.228947 -0.082421
v -0.137368 -0.210632 -0.0736641
v -0.137368 -0.228947 -0.06652
v -0.128579 -0.210632 -0.082421
v -0.137368 -0.201266 -0.082421
v -0.137368 -0.243011 -0.082421
v -0.137368 -0.228947 -0.06652
v -0.146184 -0.210632 -0.082421
v -0.151483 -0.228947 -0.082421
v -0.137368 -0.210632 -0.0736641
v -0.137368 -0.201266 -0.082421
v -0.137368 -0.243011 -0.082421
v -0.122982 -0.228947 -0.082421
v -0.137368 -0.228947 -0.0966268
v -0.128579 -0.210632 -0.082421
v -0.137368 -0.210632 -0.0985783
v -0.137368 -0.201266 -0.082421
v -0.137368 -0.243011 -0.082421
v -0.137368 -0.228947 -0.0966268
v -0.151483 -0.228947 -0.082421
v -0.137368 -0.210632 -0.0985783
v -0.146184 -0.210632 -0.082421
v -0.137368 -0.201266 -0.082421
v -0.137368 -0.243011 -0.082421
v -0.155684 0.0629445 0.119053
v -0.159728 0.0641053 0.119053
v -0.155684 0.0641053 0.122799
v -0.146893 0.0641053 0.119053
v -0.155684 0.0641053 0.122799
v -0.155684 0.0646321 0.119053
v -0.146893 0.0641053 0.119053
v -0.159728 0.0641053 0.119053
v -0.155684 0.0641053 0.11848
v -0.155684 0.0641053 0.11848
v -0.155684 0.0629445 0.119053
v -0.146893 0.0641053 0.119053
v -0.159728 0.0641053 0.119053
vn -0.534984 -0.194178 -0.822245
vn -0.857121 -0.177109 -0.48371
vn -0.530716 -0.330429 -0.780485
vn 0.58415 -0.726334 -0.362225
vn 0.831767 -0.537523 -0.138683
vn 0.750228 -0.497162 -0.435876
vn -0.370252 0.643963 0.669496
vn -0.448637 0.621349 0.642378
vn -0.402903 0.663107 0.63084
vn 0.352821 -0.693636 -0.628002
vn 0.338506 -0.763891 -0.549439
vn 0.399721 -0.639654 -0.656556
vn 0.0231268 0.570506 -0.820968
vn -0.36273 0.840022 -0.403473
vn -0.271122 0.869312 -0.413268
vn -0.307364 0.680936 -0.664721
vn -0.34775 0.851731 -0.39195
vn -0.133182 -0.560723 -0.817222
vn -0.0454612 -0.606856 -0.79351
vn -0.317189 -0.48543 -0.814708
vn -0.460506 0.503121 0.731302
vn -0.246441 0.439313 0.86387
vn -0.540332 0.253464 0.80237
vn -0.47469 -0.494338 0.728217
vn -0.448489 -0.515621 0.730063
vn -0.41127 -0.558394 0.720453
vn -0.0914289 -0.994739 0.0462158
vn -0.576018 -0.816983 0.02723
vn -0.348016 -0.934986 0.0684555
vn 0.254447 -0.819864 -0.512913
vn 0.224835 -0.429405 -0.874678
vn 0.449685 -0.680872 -0.578098
vn -0.626251 -0.0997555 0.773213
vn -0.281506 -0.416949 0.864238
vn -0.526509 -0.439503 0.727754
vn -0.497508 0.821626 0.278239
vn -0.299674 0.793256 0.530039
vn -0.27611 0.928585 0.24798
vn 0.0585615 -0.990797 -0.122035
vn 0.191089 -0.861341 -0.47072
vn 0.42582 -0.807915 -0.40737
vn -0.699264 0.628039 0.341463
vn -0.355874 0.7833 0.509701
vn -0.381154 0.7652 0.518836
vn 0.812112 -0.338324 -0.475407
vn 0.873206 -0.254708 -0.415494
vn 0.899852 -0.161837 -0.405061
vn 0.506201 -0.678637 0.532177
vn 0.424883 -0.664191 0.615081
vn 0.481178 -0.624948 0.614741
vn 0.32768 -0.49186 -0.80666
vn 0.170499 -0.558633 -0.811701
vn 0.353228 -0.677458 -0.645198
vn 0.603319 -0.00712368 -0.797468
vn 0.436482 0.00628165 -0.899691
vn 0.424336 -0.561815 -0.710143
vn 0.452759 0.479104 -0.751977
vn -0.713043 0.452263 0.53575
vn -0.51492 0.534056 0.670553
vn -0.571088 0.469933 0.673069
vn -0.404086 -0.691337 0.598972
vn -0.42817 -0.693868 0.57898
vn -0.454666 -0.645701 0.613473
vn -0.557823 -0.363894 -0.745932
vn -0.866016 -0.0535818 -0.497137
vn -0.528687 -0.398517 -0.749449
vn 0.196772 -0.979536 -0.0423194
vn 0.649344 -0.733529 -0.200716
vn 0.323008 -0.896905 0.302039
vn -0.536899 -0.724334 0.432527
vn -0.52004 -0.680813 0.515802
vn -0.76166 -0.572995 0.302575
vn -0.886461 0.15879 0.43471
vn -0.156308 0.154627 0.97553
vn -0.312502 0.789664 0.52799
vn -0.59626 -0.616588 0.514094
vn 0.303146 -0.762492 -0.571583
vn -0.917289 0.120169 -0.379658
vn -0.891697 -0.261111 0.369727
vn -0.704033 -0.428979 0.565964
vn -0.64877 -0.62769 0.430235
vn -0.274825 -0.957832 0.0838419
vn 0.0920391 -0.950894 -0.295515
vn -0.248113 -0.458703 -0.853248
vn -0.037685 0.998287 -0.0447483
vn 0.805033 -0.58409 -0.103734
vn -0.787677 -0.471617 0.396412
vn -0.787122 -0.256365 0.560996
vn -0.969349 -0.127596 0.209959
vn -0.461973 -0.875367 0.142523
vn -0.484998 -0.376849 0.789153
vn -0.920672 -0.380316 0.0878754
vn -0.245898 -0.514969 0.821183
vn -0.701382 -0.354875 -0.618164
vn 0.0913905 -0.940767 0.326504
vn 0.0204891 -0.719799 0.69388
vn 0.181376 -0.72069 0.66911
vn -0.233328 -0.763062 0.602739
vn -0.174356 -0.705744 0.686677
vn -0.212058 -0.691879 0.690171
vn -0.074251 -0.996719 0.0322228
vn -0.219504 -0.858654 0.463176
vn -0.519939 -0.846694 0.113015
vn -0.789851 0.394181 0.469847
vn -0.660362 0.532452 0.529545
vn -0.608472 0.303161 0.733387
vn 0.365376 -0.871409 0.327331
vn 0.683915 -0.546884 0.482886
vn 0.455497 -0.753167 0.474618
vn 0.652219 0.466879 0.597189
vn 0.470573 0.782667 0.407424
vn 0.592508 0.517336 0.617493
vn 0.742118 0.249313 0.622176
vn 0.367032 0.614483 0.698354
vn 0.533121 0.444278 0.719999
vn -0.258687 -0.600609 0.756538
vn -0.183439 -0.579405 0.794129
vn -0.495866 -0.499664 0.710249
vn -0.87335 -0.171778 0.455799
vn -0.732582 -0.411244 0.542404
vn -0.794646 -0.469128 0.385301
vn -0.264204 -0.541312 0.798234
vn -0.106602 -0.479937 0.870802
vn -0.200622 -0.424361 0.882989
vn -0.857851 0.463533 -0.221874
vn -0.651874 0.349937 -0.672759
vn 0.360181 0.909747 0.20647
vn -0.175248 0.984515 0.00417134
vn -0.18107 0.00727168 0.983443
vn -0.0602979 0.998053 0.0159587
vn -0.00854412 -0.00863682 0.999926
vn -0.459505 0.876175 -0.145504
vn -0.227375 -0.699559 0.677435
vn -0.515198 0.0274498 0.856632
vn -0.488559 0.870858 0.0539972
vn -0.898756 0.281623 0.336044
vn 0.253766 0.415623 -0.873419
vn 0.158167 0.90441 -0.396266
vn 0.324011 0.519835 -0.790436
vn 0.288675 0.774791 -0.562464
vn 0.343867 0.717309 -0.60599
vn 0.364885 0.464066 -0.807156
vn 0.430665 0.368329 -0.82393
vn 0.478643 0.502862 -0.719744
vn 0.323158 0.610719 -0.722905
vn 0.531965 0.754957 -0.383474
vn 0.465094 0.790892 -0.397715
vn 0.364899 0.630936 -0.684666
vn 0.884349 0.39086 -0.255254
vn 0.359453 0.6271 -0.691042
vn 0.854649 -0.00852983 -0.519136
vn 0.354429 -0.00310672 -0.935078
vn 0.436482 0.00628165 -0.899691
vn 0.452759 0.479104 -0.751977
vn 0.478813 0.43318 -0.763605
vn 0.387015 0.872246 -0.29901
vn 0.156306 0.327996 -0.931658
vn 0.238698 0.509158 -0.826911
vn 0.603319 -0.00712368 -0.797468
vn 0.399729 -0.0168923 -0.916478
vn 0.336508 0.47957 -0.810417
vn 0.438955 0.503202 -0.744383
vn 0.442741 0.365144 -0.818932
vn 0.141804 -0.0741374 -0.987115
vn 0.401012 0.36563 -0.839943
vn 0.403612 0.463833 -0.788642
vn 0.214452 0.214338 -0.952927
vn -0.119341 0.899196 -0.420956
vn -0.0642129 0.298116 -0.952367
vn 0.00569342 -0.203258 -0.979109
vn -0.234637 0.00728762 -0.972056
vn 0.0812292 0.97809 -0.19168
vn -0.339246 -0.313621 -0.886879
vn 0.054793 0.991563 -0.117473
vn 0.691059 0.716754 0.0932804
vn -0.499071 0.699248 -0.511841
vn -0.587319 0.266187 -0.764331
vn 0.467286 0.857734 -0.21433
vn 0.645935 0.748692 0.149092
vn 0.543342 -0.810986 -0.216984
vn 0.17027 -0.984904 0.0311861
vn 0.614659 -0.643939 -0.455562
vn 0.422985 -0.845464 0.325996
vn 0.0454364 -0.918658 0.392432
vn -0.190486 -0.714715 0.672976
vn 0.359641 -0.911076 0.201492
vn 0.722623 -0.591647 -0.357451
vn 0.347924 -0.863655 0.364757
vn 0.442825 -0.874897 -0.196114
vn -0.00572175 -0.99747 0.0708601
vn -0.136394 -0.909942 0.391667
vn 0.672609 -0.661039 -0.332605
vn 0.457434 -0.863908 0.210753
vn 0.428977 -0.903215 -0.0134771
vn 0.0880524 -0.933732 0.346974
vn 0.28156 -0.749296 0.599399
vn 0.205914 -0.915268 0.346242
vn 0.564645 -0.792271 0.231265
vn 0.545073 -0.737044 -0.399576
vn 0.619223 -0.729809 -0.289728
vn 0.312382 -0.904808 0.28938
vn 0.284267 -0.881807 0.37631
vn 0.381227 -0.884576 -0.268686
vn -0.277719 -0.548117 0.788949
vn 0.40158 -0.696958 0.594124
vn 0.0409466 -0.878879 0.475284
vn 0.251422 -0.914032 0.318328
vn 0.439566 -0.894923 -0.0767762
vn -0.236644 -0.484583 0.842127
vn 0.254112 -0.810609 0.527579
vn 0.0567382 -0.513661 0.856115
vn 0.277216 -0.835223 0.474925
vn 0.271505 -0.493038 0.826558
vn 0.243668 -0.573518 0.782114
vn 0.0011273 -0.428427 0.903576
vn -0.284044 -0.798187 0.53124
vn 0.51109 -0.858736 0.0368687
vn 0.152179 -0.726077 0.670562
vn -0.445627 -0.132215 0.885402
vn 0.383325 -0.853928 0.35195
vn -0.139879 -0.388682 0.910692
vn -0.572901 -0.181073 0.799373
vn 0.160375 -0.808596 0.566085
vn 0.155435 -0.519283 0.840348
vn 0.805422 -0.590528 -0.0507044
vn 0.506201 -0.678637 0.532177
vn 0.809776 -0.563107 0.164844
vn 0.424883 -0.664191 0.615081
vn 0.0726004 -0.158645 0.984663
vn -0.203867 -0.506892 0.837555
vn -0.150973 -0.791525 0.592196
vn 0.481178 -0.624948 0.614741
vn 0.401206 -0.87514 0.27049
vn 0.364479 -0.840144 0.401637
vn 0.321246 -0.718339 0.617082
vn 0.462634 -0.706055 0.53615
vn 0.420421 -0.897363 -0.134111
vn 0.475396 -0.879722 0.00938243
vn 0.542398 -0.793525 -0.275903
vn 0.565954 -0.751317 -0.339441
vn 0.853678 -0.376876 -0.359442
vn 0.789387 -0.468169 -0.397098
vn 0.400576 -0.391681 -0.828327
vn -0.349813 0.236081 0.906585
vn -0.146176 -0.145017 0.978572
vn -0.608497 -0.322847 0.724915
vn -0.437884 0.128086 0.88986
vn -0.136593 -0.423759 0.895416
vn -0.137093 -0.386105 0.912211
vn -0.450876 -0.35094 0.820702
vn -0.316703 0.155254 0.935733
vn -0.150216 0.312465 0.937977
vn -0.364065 -0.347786 0.864003
vn -0.355843 0.332163 0.873523
vn -0.274696 0.805316 0.525365
vn -0.385972 -0.295758 0.873815
vn -0.389413 0.385184 0.836654
vn -0.11818 0.394182 0.911402
vn -0.840616 0.27069 0.469139
vn -0.739335 -0.294563 0.605488
vn -0.191689 -0.267796 0.944214
vn -0.434839 0.418363 0.797425
vn -0.370556 -0.143471 0.917662
vn 0.00983623 -0.17985 0.983645
vn 0.00567307 0.483578 0.875283
vn 0.0232463 -0.72154 0.691982
vn -0.80038 -0.241366 0.548757
vn -0.018215 -0.719014 0.694757
vn -0.923376 0.187071 0.335234
vn -0.89902 0.437137 -0.025962
vn -0.974564 -0.224 -0.00699685
vn -0.776724 0.629514 0.0203073
vn -0.0134666 -0.309164 0.950913
vn -0.0637046 -0.57271 0.817279
vn 0.0208399 -0.173175 0.984671
vn -0.334183 0.204476 0.92006
vn 0.30378 -0.501349 0.810165
vn -0.387062 0.20602 0.898743
vn -0.424318 0.299992 0.854376
vn -0.443086 -0.338284 0.830204
vn -0.380647 -0.41375 0.826994
vn -0.378029 0.371213 0.848112
vn 0.294999 -0.209541 0.932238
vn -0.522058 -0.510293 0.683416
vn -0.219399 -0.182714 0.958374
vn 0.181052 -0.0718921 0.980842
vn -0.52015 0.55687 0.647564
vn -0.140682 -0.232327 0.96241
vn -0.76151 -0.104253 0.639714
vn -0.0130515 -0.854346 0.519541
vn -0.0247643 0.17509 0.984241
vn -0.126798 -0.537106 -0.83393
vn -0.149292 -0.747055 -0.647782
vn -0.0742225 -0.850288 -0.521058
vn -0.12286 -0.603328 -0.787973
vn -0.00146234 0.00194629 -0.999997
vn -0.0646809 -0.795068 -0.603061
vn -0.0289458 -0.489451 -0.871551
vn -0.0197526 -0.825387 -0.564222
vn -0.183182 -0.981847 0.0492024
vn -0.156355 -0.985672 -0.063269
vn 0.219488 -0.877815 -0.425753
vn 0.11017 -0.980805 0.160885
vn -0.379464 -0.706961 -0.596836
vn -0.0847662 -0.97835 -0.188801
vn -0.28295 -0.935007 -0.21378
vn -0.27389 -0.136122 -0.952079
vn 0.145884 -0.0771158 -0.986291
vn 0.156489 -0.888323 -0.431733
vn 0.0748312 0.103935 -0.991765
vn 0.158379 0.182427 -0.970379
vn 0.0201683 -0.525032 -0.850843
vn 0.354605 -0.849048 -0.391629
vn 0.0387367 -0.883729 -0.466394
vn -0.0842475 -0.606582 -0.790545
vn -0.176746 -0.912445 -0.369059
vn 0.236639 -0.604036 -0.761014
vn 0.332573 -0.916212 -0.223497
vn 0.00631763 -0.15082 -0.988541
vn -0.00299795 -0.0512854 -0.99868
vn 0.0892325 -0.103843 -0.990583
vn 0.123122 -0.413902 -0.901957
vn 0.198608 -0.921734 -0.333109
vn -0.30773 -0.374406 -0.874713
vn -0.318551 -0.881845 -0.347669
vn 0.238873 0.373916 -0.896173
vn 0.464561 -0.662448 -0.587662
vn 0.170931 -0.898338 -0.404687
vn -0.349788 0.550591 -0.757957
vn -0.329224 -0.489104 -0.807706
vn -0.262998 -0.947365 -0.182567
vn -0.167951 -0.364954 -0.915752
vn -0.288107 -0.889576 -0.354469
vn -0.449989 -0.884869 -0.120481
vn -0.832349 -0.407281 -0.375921
vn -0.344286 -0.93819 -0.0355817
vn -0.0414878 -0.122701 -0.991576
vn -0.354082 0.411985 -0.83958
vn -0.472276 0.419677 -0.77513
vn -0.573142 -0.8175 0.056576
vn -0.368456 -0.929645 0.00104239
vn -0.157926 0.0956257 -0.98281
vn 0.997546 0.00962907 -0.0693448
vn 0.616217 0.402858 0.676743
vn 0.547183 0.592538 0.591176
vn 0.997546 0.00962907 -0.0693448
vn 0.358493 0.451645 0.817006
vn 0.697413 0.0850314 0.711607
vn -0.122057 0.898973 0.420653
vn 0.223007 0.713062 0.664688
vn 0.22451 0.718323 0.658488
vn 0.115495 0.655485 0.746324
vn 0.194583 0.675192 0.711514
vn 0.23507 0.426313 0.873498
vn -0.643594 0.532082 0.550159
vn 0.320355 0.476125 0.818949
vn 0.442633 0.270173 0.855034
vn 0.286461 0.566405 0.772739
vn 0.245633 0.495426 0.833197
vn 0.429051 -0.315783 0.846284
vn 0.747633 0.00593419 0.664086
vn 0.446323 0.53408 0.718021
vn 0.412193 0.578922 0.703525
vn 0.420747 0.237047 0.87566
vn 0.865044 -0.357345 0.352143
vn 0.574166 -0.278956 0.769751
vn 0.500358 -0.188726 0.844999
vn 0.395915 0.356087 0.846436
vn 0.00567307 0.483578 0.875283
vn 0.00983623 -0.17985 0.983645
vn -0.018215 -0.719014 0.694757
vn 0.934959 0.0538156 0.350651
vn 0.624784 0.121001 0.771365
vn 0.267217 0.829509 -0.490419
vn -0.347405 0.911822 0.218841
vn -0.239912 0.775394 -0.584128
vn -0.40229 0.911428 -0.0863869
vn -0.56185 0.801172 -0.206027
vn -0.259596 0.304509 -0.916452
vn -0.341505 0.881627 -0.325743
vn -0.0338685 0.592054 -0.805187
vn -0.37624 0.890949 -0.254271
vn -0.180301 0.830068 -0.52771
vn -0.391557 0.896486 -0.207355
vn -0.761295 0.634909 -0.131604
vn -0.669993 0.739831 0.0613103
vn -0.597903 0.690245 -0.407522
vn -0.880844 0.465397 0.0867179
vn -0.158676 -0.333903 -0.929156
vn -0.455865 0.521125 -0.721537
vn -0.336293 0.905292 -0.259527
vn -0.402665 0.754765 -0.517872
vn -0.0822236 0.694209 -0.715061
vn -0.319761 0.465388 -0.825328
vn -0.086908 0.682809 -0.725409
vn -0.015698 0.353893 -0.935154
vn -0.0693244 0.87641 -0.47655
vn 0.0330651 0.918274 -0.394563
vn 0.0707029 0.66091 -0.747127
vn 0.244416 0.601979 -0.760186
vn -0.0403089 0.889684 -0.454794
vn 0.111387 0.54505 -0.830971
vn 0.834228 -0.549069 0.0508654
vn 0.151584 0.544358 -0.825043
vn 0.528686 0.262892 -0.807081
vn 0.445239 -0.481504 -0.754928
vn 0.377523 -0.100994 -0.920476
vn -0.513207 0.855451 0.0694477
vn -0.466276 -0.0327784 -0.884032
vn -0.908286 0.416911 -0.034657
vn -0.0149876 -0.125283 -0.992008
vn -0.161929 0.908486 -0.385268
vn 0.357392 0.213726 -0.909171
vn 0.0713904 0.509705 -0.857382
vn -0.483767 0.798318 -0.358688
vn -0.21452 0.899867 -0.379763
vn -0.336826 0.936072 -0.101576
vn -0.477379 0.82695 0.297093
vn 0.00775846 0.85061 -0.525741
vn -0.397844 0.917358 -0.0131913
vn -0.402857 0.801365 -0.442176
vn 0.173929 0.406658 -0.896871
vn -0.305228 0.515902 -0.800426
vn -0.655951 0.662426 -0.361828
vn -0.65636 0.678193 -0.330523
vn -0.362708 0.544682 -0.756151
vn -0.705459 0.681478 -0.194721
vn -0.613085 0.787071 0.0681612
vn 0.044368 0.732538 -0.679279
vn -0.49739 0.674397 -0.545702
vn 0.215379 0.294009 -0.93122
vn -0.317672 0.668259 -0.672692
vn -0.459505 0.876175 -0.145504
vn -0.996899 0.0292762 0.0730463
vn 0.14064 -0.206921 -0.968196
vn -0.91241 0.409178 -0.00900206
vn 0.0529964 -0.0264385 -0.998245
vn -0.0602979 0.998053 0.0159587
vn -0.175248 0.984515 0.00417134
vn 0.120383 0.251065 -0.960455
vn -0.488559 0.870858 0.0539972
vn -0.371914 0.85432 -0.363066
vn -0.898756 0.281623 0.336044
vn -0.541851 0.809558 -0.22586
vn -0.222349 0.807167 -0.546847
vn 0.0434429 -0.0184134 -0.998886
vn -0.376377 0.0188843 -0.926274
vn -0.204198 0.978911 0.00601769
vn -0.209694 0.0153202 -0.977647
vn -0.999951 0.00920323 0.00362273
vn -0.9222 0.381775 0.0616077
vn -0.530975 0.791066 0.303778
vn -0.474876 0.794642 0.378202
vn -0.902956 0.2984 0.309236
vn -0.112224 0.0537085 -0.99223
vn 0.6439 0.120704 -0.755529
vn 0.427554 0.451639 -0.783083
vn -0.890729 0.357474 0.280739
vn -0.861417 0.269955 0.430215
vn -0.592201 0.775809 0.217755
vn -0.892467 0.398741 0.21097
vn -0.920493 0.326127 0.215254
vn -0.905808 0.288917 0.309902
vn 0.293962 -0.365719 -0.883083
vn -0.363913 -0.904116 0.223923
vn 0.824405 -0.406751 -0.393585
vn -0.435043 0.62377 0.649344
vn -0.404453 0.6177 0.674436
vn -0.381286 0.648542 0.658797
vn -0.198653 0.449844 0.870734
vn -0.487106 0.512512 0.707149
vn -0.370252 0.643963 0.669496
vn -0.485005 0.75582 0.439893
vn -0.167092 0.461537 0.871243
vn -0.481366 0.731411 0.483037
vn -0.401259 0.52968 0.747282
vn -0.449386 0.566959 0.69037
vn -0.364056 0.552693 0.749662
vn -0.333234 0.472363 0.815983
vn -0.305192 0.258346 0.916578
vn -0.402903 0.663107 0.63084
vn -0.299865 0.802241 0.516227
vn -0.528621 0.823813 0.204673
vn -0.448637 0.621349 0.642378
vn -0.491913 0.189118 0.849856
vn -0.406356 0.580467 0.705644
vn -0.3685 0.581527 0.725282
vn -0.302555 0.764992 0.568549
vn -0.432582 0.519467 0.736904
vn -0.529748 0.494059 0.6894
vn -0.330681 0.818761 0.46934
vn -0.473255 0.465173 0.748093
vn -0.385704 0.693004 0.60908
vn -0.468935 0.480757 0.740927
vn -0.22351 0.90971 0.349958
vn -0.604706 0.118342 0.787608
vn -0.438396 0.539623 0.71876
vn -0.246977 0.865342 0.436103
vn -0.273475 0.438844 0.855937
vn -0.796845 0.599878 0.0720028
vn -0.481002 0.40828 0.775851
vn -0.391146 0.717683 0.576138
vn -0.521164 0.402342 0.752668
vn -0.474756 0.606762 0.637531
vn -0.293886 0.860029 0.417111
vn 0.190736 0.611755 0.767708
vn -0.881363 0.301795 0.363482
vn -0.521889 0.37532 0.766007
vn -0.841041 0.482386 0.244854
vn -0.141452 0.962827 0.230122
vn -0.298788 0.11651 0.947181
vn -0.845297 0.533435 -0.0303157
vn -0.520703 0.773909 0.360462
vn -0.481818 0.447903 0.75315
vn -0.400453 0.870865 0.285011
vn -0.812981 0.466535 0.348434
vn 0.0606913 0.130351 0.989609
vn -0.270402 0.798996 0.537111
vn -0.83426 0.328614 0.442745
vn -0.3181 0.395775 0.861496
vn -0.0511627 0.989435 0.135648
vn -0.340357 0.773659 0.534423
vn 0.345912 0.391946 0.852481
vn -0.0376602 0.998518 0.0392956
vn -0.341576 -0.11358 0.932966
vn -0.915481 -0.130876 0.380482
vn -0.853688 0.496596 -0.156872
vn -0.745117 0.485866 -0.456875
vn 0.0589152 0.105216 0.992703
vn 0.400529 -0.192954 0.895737
vn 0.0302255 0.993728 -0.107659
vn 0.464964 -0.0700677 0.882553
vn 0.459749 0.248831 0.852475
vn 0.325203 -0.19675 0.92495
vn -0.129186 -0.178136 0.975489
vn -0.330375 0.882127 -0.335715
vn 0.0977244 0.904633 -0.414836
vn -0.207953 -0.550567 0.808475
vn -0.794383 -0.49452 0.352712
vn -0.150323 -0.919494 0.363226
vn -0.243108 -0.885676 0.395572
vn -0.264332 -0.887978 0.37633
vn -0.187621 -0.810809 0.554425
vn -0.228574 -0.912229 0.339989
vn -0.14062 -0.929324 0.341442
vn -0.162818 -0.843736 0.511469
vn -0.121404 -0.92361 0.3636
vn -0.105523 -0.923648 0.368429
vn -0.247868 -0.964299 -0.0932133
vn -0.157545 -0.934796 0.318334
vn -0.352337 -0.71797 0.600315
vn -0.524358 -0.455504 0.71942
vn -0.350471 -0.831347 0.431314
vn -0.0668594 -0.956731 0.283189
vn -0.520437 -0.690043 0.502976
vn -0.253632 -0.967024 -0.0231505
vn 0.0555122 -0.960622 -0.272257
vn -0.403564 -0.914761 -0.0186613
vn -0.388146 -0.859546 0.332452
vn -0.583773 -0.384984 0.71484
vn -0.713043 0.452263 0.53575
vn -0.706721 -0.440031 0.554002
vn -0.742242 -0.279042 0.609272
vn -0.706141 0.01339 0.707945
vn -0.733255 -0.437313 0.520668
vn -0.727133 0.0273883 0.68595
vn -0.709457 0.02159 0.704418
vn -0.700295 -0.40515 0.587741
vn -0.707422 -0.070493 0.703267
vn -0.673682 -0.0819078 0.734469
vn -0.573465 -0.533364 0.62182
vn -0.741372 -0.430045 0.515199
vn -0.587134 -0.490146 0.644229
vn -0.548947 -0.522703 0.652257
vn -0.489564 -0.584884 0.646713
vn -0.578714 -0.170193 0.797574
vn -0.6618 -0.130651 0.738208
vn -0.426849 -0.817192 0.387295
vn -0.348595 -0.849408 0.396216
vn -0.067966 -0.945208 0.319316
vn -0.403938 -0.855345 0.324375
vn -0.705537 -0.386364 0.594088
vn -0.691584 -0.416728 0.589957
vn -0.747119 -0.274528 0.605349
vn -0.70142 0.000174726 0.712748
vn -0.723318 0.273203 0.634169
vn -0.508938 -0.752476 0.418046
vn -0.818932 -0.297532 0.49074
vn -0.470774 -0.550038 0.689804
vn -0.293735 -0.596572 0.746875
vn -0.342636 -0.122858 0.9314
vn -0.52779 -0.213786 0.82203
vn -0.94718 -0.130009 0.293167
vn -0.682914 -0.718193 0.133518
vn -0.1527 -0.0297958 0.987823
vn -0.0220476 -0.90257 0.429977
vn -0.0635987 -0.434734 0.898311
vn -0.285161 -0.809785 0.512768
vn -0.306291 -0.409642 0.85929
vn -0.427821 -0.384018 0.818229
vn -0.426013 -0.206308 0.88088
vn -0.604706 0.118342 0.787608
vn 0.0772531 -0.777495 0.624126
vn -0.271252 -0.255317 0.928028
vn -0.491913 0.189118 0.849856
vn -0.091627 -0.537484 0.838281
vn -0.0329039 -0.880834 0.472281
vn 0.0429357 -0.472464 0.880304
vn 0.0860021 -0.797914 0.596605
vn -0.129186 -0.178136 0.975489
vn -0.305192 0.258346 0.916578
vn -0.298788 0.11651 0.947181
vn 0.33399 -0.906949 0.256697
vn 0.17238 -0.984022 0.0445632
vn 0.0606913 0.130351 0.989609
vn -0.835623 -0.484165 0.259459
vn 0.150474 -0.962045 -0.227654
vn -0.226522 -0.95476 -0.192669
vn -0.373998 -0.913587 -0.159639
vn -0.234598 -0.971843 -0.0220296
vn -0.237273 -0.971385 0.0105951
vn -0.516867 -0.85575 0.0232552
vn 0.220876 -0.945707 -0.238437
vn 0.011762 -0.966375 0.256868
vn 0.332007 -0.919554 0.210219
vn 0.113567 -0.8046 -0.582856
vn 0.138144 -0.970179 -0.199172
vn 0.307822 -0.843145 -0.440855
vn 0.323125 -0.824466 -0.464592
vn 0.539905 -0.744219 -0.393244
vn 0.497005 -0.805248 -0.32336
vn 0.521662 -0.847622 -0.0969852
vn 0.417191 -0.894324 -0.161667
vn 0.783611 -0.552799 -0.283491
vn 0.496778 -0.846337 -0.192159
vn 0.521287 -0.801835 0.292098
vn 0.46565 -0.862992 0.195997
vn 0.530794 -0.464346 0.708972
vn -0.5102 -0.848008 0.143448
vn -0.337366 -0.929231 0.150714
vn -0.0134068 -0.998105 0.0600575
vn -0.448931 -0.852446 0.267948
vn -0.503914 -0.810865 0.297606
vn -0.522058 -0.510293 0.683416
vn -0.0583082 -0.954964 0.290936
vn 0.0317882 -0.991678 0.124753
vn 0.401519 -0.712773 0.575098
vn 0.0354356 -0.872934 0.48655
vn 0.0877832 -0.941691 0.324827
vn -0.917617 -0.0572128 -0.393326
vn -0.854249 -0.151732 -0.497228
vn -0.774412 -0.369463 -0.513599
vn -0.754479 -0.398356 -0.521608
vn -0.76513 -0.419069 -0.488832
vn -0.873502 -0.120407 -0.471695
vn -0.776429 -0.380511 -0.502363
vn -0.772148 -0.139478 -0.619947
vn -0.870369 -0.30371 -0.387579
vn -0.5216 -0.406339 -0.750214
vn -0.940822 -0.0597031 -0.333602
vn -0.85958 0.121701 -0.496298
vn -0.852086 -0.32744 -0.40833
vn -0.364835 -0.696055 -0.618388
vn -0.557823 -0.363894 -0.745932
vn -0.866016 -0.0535818 -0.497137
vn -0.73341 -0.0978747 -0.672704
vn -0.641182 -0.0917509 -0.761884
vn -0.587319 0.266187 -0.764331
vn -0.741574 0.280782 -0.609286
vn -0.940927 -0.0360612 -0.336684
vn -0.901063 0.373334 -0.220698
vn -0.866623 -0.306259 -0.393916
vn -0.999304 0.0367428 -0.00643087
vn -0.759004 -0.34013 -0.555179
vn -0.873543 -0.332771 -0.355228
vn -0.864635 0.402969 -0.300036
vn -0.520854 0.711605 -0.471518
vn -0.440759 -0.683718 -0.581603
vn -0.333032 -0.9409 -0.0616228
vn -0.528687 -0.398517 -0.749449
vn -0.339246 -0.313621 -0.886879
vn -0.366475 -0.818212 -0.442973
vn -0.0642129 0.298116 -0.952367
vn -0.234637 0.00728762 -0.972056
vn -0.772863 -0.265654 0.576291
vn -0.922694 0.385215 0.0156854
vn -0.984021 0.176262 0.0251897
vn -0.994234 0.0690271 -0.0820597
vn -0.953224 -0.0317564 -0.300591
vn -0.90568 0.303037 -0.2965
vn -0.828339 0.133896 -0.543991
vn -0.940378 0.178338 -0.289629
vn -0.756517 0.22586 -0.613735
vn -0.856379 0.509792 -0.0820153
vn -0.675536 0.0210029 -0.737028
vn -0.994266 0.101304 0.0342464
vn -0.926517 0.327162 -0.185825
vn -0.723036 0.0216791 -0.69047
vn -0.788556 -0.220636 -0.574021
vn -0.52179 -0.446113 -0.727131
vn -0.73649 -0.291086 -0.610615
vn -0.942096 0.0638342 -0.329212
vn -0.53828 -0.363175 -0.760498
vn -0.32015 -0.38762 -0.864439
vn -0.894689 0.198476 -0.400174
vn -0.708955 -0.210335 -0.673158
vn -0.974564 -0.224 -0.00699685
vn -0.89902 0.437137 -0.025962
vn -0.27498 -0.463591 -0.8423
vn -0.776724 0.629514 0.0203073
vn -0.845247 0.416098 0.33529
vn -0.693536 0.687737 0.214536
vn -0.798809 0.509444 0.319955
vn -0.704179 -0.356178 -0.614222
vn -0.571747 -0.219284 -0.790582
vn -0.499071 0.699248 -0.511841
vn -0.73806 0.581776 0.341766
vn -0.0534589 -0.637927 -0.768239
vn -0.0845433 -0.376952 -0.922366
vn -0.220973 -0.0592156 -0.973481
vn -0.718664 -0.44474 -0.534536
vn -0.86236 0.0664589 -0.501914
vn -0.709456 0.401685 -0.579069
vn -0.962823 -0.0431113 -0.266672
vn -0.493408 -0.589414 -0.639641
vn -0.442967 -0.714127 -0.542036
vn -0.537674 0.00628623 0.843129
vn -0.186414 0.0132526 0.982382
vn -0.647637 0.221654 0.728996
vn -0.706721 -0.440031 0.554002
vn -0.459131 -0.300644 0.835949
vn -0.511677 0.174961 0.841175
vn -0.583773 -0.384984 0.71484
vn -0.463772 -0.128896 0.876528
vn -0.759009 -0.109556 0.641796
vn -0.641872 -0.268355 0.718321
vn -0.614873 0.231219 0.753968
vn -0.697294 -0.222143 0.681494
vn -0.742391 0.251237 0.621076
vn -0.682849 -0.24295 0.68898
vn -0.719405 0.239184 0.65211
vn -0.639669 -0.282454 0.714873
vn -0.619188 0.193292 0.761081
vn -0.430645 0.0961374 0.897387
vn -0.593781 -0.228721 0.771434
vn -0.508271 -0.154219 0.847276
vn -0.556209 0.309194 0.771382
vn -0.571088 0.469933 0.673069
vn -0.56285 0.444828 0.696655
vn -0.458206 0.454083 0.764104
vn -0.713043 0.452263 0.53575
vn 0.422525 0.755171 -0.501188
vn 0.0962868 0.970066 -0.222936
vn 0.221483 0.482377 -0.847501
vn 0.284728 0.934758 -0.212503
vn 0.259582 0.964987 0.0376574
vn 0.507377 0.179825 -0.842753
vn 0.589112 0.216923 -0.778391
vn 0.794458 0.581923 -0.173785
vn 0.675224 -0.167701 -0.718295
vn 0.542002 0.0292575 -0.839868
vn 0.142181 -0.113524 -0.983309
vn 0.606679 -0.330095 -0.723172
vn 0.562461 -0.224239 -0.795836
vn 0.429851 -0.447937 -0.783952
vn 0.769006 0.231597 -0.595812
vn 0.59597 -0.133634 -0.791809
vn 0.84452 0.0242543 -0.534974
vn 0.803975 0.347337 -0.482682
vn 0.808747 -0.207224 -0.550443
vn 0.75105 0.591973 -0.292389
vn 0.645629 -0.238813 0.725349
vn 0.554641 0.0123984 0.831997
vn 0.82044 -0.418443 0.389595
vn 0.613923 -0.453476 0.646109
vn 0.570407 -0.771297 0.282378
vn 0.654884 -0.628495 0.419668
vn 0.254743 -0.404004 0.878571
vn 0.396439 -0.734284 0.551056
vn 0.674585 -0.64955 0.350743
vn 0.636565 -0.768472 -0.0650869
vn 0.619718 -0.769026 -0.156678
vn 0.0930746 -0.931971 0.350381
vn 0.388394 -0.921458 0.00804329
vn 0.790856 -0.504479 0.34648
vn 0.103656 -0.410002 0.906175
vn 0.35358 -0.907792 -0.2256
vn 0.207132 0.101224 0.973062
vn -0.0816445 -0.9431 -0.32233
vn -0.0261342 0.345116 0.938196
vn 0.166697 -0.906106 -0.388823
vn 0.41801 -0.777353 -0.470095
vn 0.026602 0.190444 0.981338
vn 0.391071 0.505814 0.768906
vn 0.363184 0.420382 0.831491
vn -0.496523 -0.84869 0.182184
vn -0.465355 -0.394677 0.792259
vn 0.864353 -0.490986 0.108752
vn 0.84226 -0.328621 0.427324
vn 0.768407 -0.637493 0.0561521
vn 0.766909 -0.639075 -0.0585979
vn 0.464964 -0.0700677 0.882553
vn 0.846523 -0.406109 0.344202
vn 0.325203 -0.19675 0.92495
vn 0.714209 -0.565064 0.413048
vn 0.0429357 -0.472464 0.880304
vn 0.0860021 -0.797914 0.596605
vn -0.129186 -0.178136 0.975489
vn 0.17238 -0.984022 0.0445632
vn 0.834531 -0.249273 0.491347
vn 0.640753 -0.562648 0.522363
vn 0.400529 -0.192954 0.895737
vn 0.474615 -0.585236 0.657449
vn 0.459677 -0.713874 0.528281
vn 0.282211 -0.9555 -0.0858865
vn -0.207953 -0.550567 0.808475
vn -0.150323 -0.919494 0.363226
vn 0.784356 -0.539816 0.305588
vn 0.422975 -0.906088 0.00984339
vn 0.616745 -0.785782 -0.0466026
vn 0.831767 -0.537523 -0.138683
vn -0.321228 -0.912244 -0.254213
vn 0.750228 -0.497162 -0.435876
vn 0.345912 0.391946 0.852481
vn 0.459749 0.248831 0.852475
vn -0.341576 -0.11358 0.932966
vn -0.921833 0.358042 -0.148427
vn -0.491771 0.816772 -0.301737
vn -0.431988 0.711264 -0.554518
vn -0.475705 0.545768 -0.689813
vn -0.531784 0.390433 -0.75151
vn -0.521872 0.417494 -0.743874
vn -0.138519 0.241868 -0.960371
vn -0.200465 0.825733 -0.527236
vn -0.167368 0.721839 -0.671518
vn -0.183903 -0.262806 -0.94716
vn -0.704179 -0.356178 -0.614222
vn -0.520854 0.711605 -0.471518
vn -0.455527 -0.334849 -0.824846
vn -0.571747 -0.219284 -0.790582
vn -0.769733 0.573223 0.280938
vn -0.118853 0.980085 -0.159086
vn -0.5216 -0.406339 -0.750214
vn -0.864635 0.402969 -0.300036
vn -0.917617 -0.0572128 -0.393326
vn 0.35655 -0.320061 -0.877743
vn 0.49888 0.0427652 -0.865615
vn 0.515106 0.169547 -0.84019
vn 0.637866 0.371157 -0.674811
vn 0.420638 -0.459708 -0.782133
vn 0.711449 0.0537279 -0.700681
vn 0.471235 0.21859 -0.854491
vn 0.523571 -0.216699 -0.823963
vn 0.815268 -0.116758 -0.567191
vn 0.644813 -0.266048 -0.716544
vn 0.657079 0.583065 -0.47779
vn 0.832412 0.192492 -0.519651
vn 0.75036 0.0666694 -0.657659
vn 0.850794 -0.107447 -0.514397
vn 0.919016 -0.0501287 -0.391021
vn 0.499436 0.660156 -0.561032
vn 0.587678 0.744512 -0.316758
vn 0.70863 0.280212 -0.647553
vn 0.947745 0.155066 -0.278808
vn 0.813309 0.578625 -0.0610071
vn 0.926735 0.236913 -0.291607
vn 0.487373 0.72445 -0.487482
vn 0.984275 0.175382 0.0210903
vn 0.925138 0.375726 0.0543162
vn 0.999322 0.0252635 -0.0267988
vn 0.949677 0.307336 0.0604813
vn 0.995109 0.00550618 -0.0986324
vn 0.884349 0.39086 -0.255254
vn 0.854649 -0.00852983 -0.519136
vn 0.945421 0.325837 0.00301439
vn 0.959279 -0.0441126 0.278993
vn 0.744741 0.589854 0.312141
vn 0.856382 0.39505 0.332484
vn 0.938703 0.186029 0.290225
vn 0.850991 0.437613 0.290359
vn 0.810659 0.560215 0.17027
vn 0.824551 0.410675 0.38918
vn 0.691059 0.716754 0.0932804
vn 0.557174 0.684493 0.470135
vn 0.323008 -0.896905 0.302039
vn -0.202973 0.0489674 0.977959
vn 0.394227 -0.654852 0.644789
vn -0.363913 -0.904116 0.223923
vn 0.682376 -0.714222 -0.155723
vn -0.980973 0.0977569 -0.167734
vn -0.753118 0.421639 -0.505009
vn -0.809816 -0.111576 -0.575977
vn -0.904029 0.421663 -0.0702306
vn -0.814637 -0.352407 -0.460625
vn -0.894369 0.278736 -0.349871
vn -0.839888 0.510626 0.183982
vn -0.784313 -0.0963775 -0.612833
vn -0.757658 0.528248 0.383286
vn -0.391535 0.92014 -0.00659072
vn -0.866218 0.473464 -0.159681
vn -0.936141 0.0666328 -0.345253
vn -0.710457 0.690551 -0.135611
vn -0.884022 0.226037 0.409159
vn -0.886357 0.101031 -0.451844
vn -0.533972 -0.22292 -0.815586
vn -0.900166 -0.316277 -0.29945
vn -0.872575 0.379637 0.30739
vn -0.901811 0.386032 -0.194209
vn -0.788593 0.239106 -0.566523
vn -0.449148 0.884388 -0.126982
vn -0.503651 0.714081 -0.486234
vn -0.371767 0.889414 0.265956
vn -0.543258 0.186109 -0.818678
vn -0.839002 -0.483259 0.250073
vn -0.0703554 0.892504 -0.445519
vn -0.652701 -0.423142 -0.628436
vn -0.548724 -0.449869 -0.704642
vn -0.554785 -0.52627 -0.644402
vn -0.675571 -0.579438 -0.455911
vn -0.555034 -0.536699 -0.635525
vn -0.183544 -0.679771 -0.710087
vn -0.29909 -0.648359 -0.700126
vn -0.40256 -0.423841 -0.81136
vn -0.44516 -0.489642 -0.749722
vn -0.491277 -0.613714 -0.618064
vn -0.380999 -0.679461 -0.627035
vn -0.314729 -0.6847 -0.657367
vn -0.156303 -0.742313 -0.651568
vn -0.566803 -0.706906 -0.423106
vn -0.496523 -0.84869 0.182184
vn -0.340738 -0.464963 -0.817133
vn 0.00490836 -0.687333 -0.726326
vn 0.0404187 -0.998995 0.0193495
vn -0.0734201 -0.996555 0.0385614
vn 0.0501728 -0.986067 0.1586
vn 0.132046 -0.989782 0.0538132
vn -0.381492 -0.913297 0.14266
vn 0.43996 -0.819623 0.366951
vn 0.442655 -0.882084 0.161195
vn 0.184064 -0.932497 0.310756
vn -0.0391287 -0.950527 0.308168
vn 0.0933253 -0.895721 0.434712
vn -0.0995634 -0.862651 0.495903
vn 0.4868 -0.836837 -0.250458
vn -0.282118 -0.959174 -0.019875
vn -0.285594 -0.914235 0.287419
vn 0.0418234 -0.999125 -0.000665893
vn 0.0874305 -0.910659 0.403802
vn 0.0682818 -0.876837 0.475914
vn 0.156746 -0.879691 0.44897
vn 0.176041 -0.942755 0.283235
vn 0.596094 -0.797818 0.0903251
vn 0.442265 -0.82518 0.351398
vn 0.243226 -0.726629 0.642535
vn -0.0691649 -0.903667 0.422613
vn -0.66885 -0.489239 0.559718
vn 0.381754 0.291575 -0.877068
vn 0.597334 -0.32636 -0.732585
vn 0.704422 -0.0991581 -0.702821
vn 0.521184 0.0395463 -0.852527
vn 0.244416 0.601979 -0.760186
vn 0.0707029 0.66091 -0.747127
vn -0.015698 0.353893 -0.935154
vn 0.358579 0.254194 -0.898224
vn 0.266515 -0.347711 -0.898925
vn 0.661598 0.0442668 -0.748551
vn 0.111387 0.54505 -0.830971
vn 0.262841 0.280305 -0.923225
vn 0.684212 -0.173206 -0.708416
vn 0.314617 -0.168744 -0.934099
vn -0.0149876 -0.125283 -0.992008
vn -0.0403089 0.889684 -0.454794
vn 0.351816 -0.266502 -0.897331
vn -0.086908 0.682809 -0.725409
vn -0.319761 0.465388 -0.825328
vn 0.151584 0.544358 -0.825043
vn 0.368753 -0.11935 -0.921833
vn 0.528686 0.262892 -0.807081
vn -0.81073 -0.573174 -0.119113
vn -0.161938 -0.919523 -0.358125
vn -0.327335 -0.710894 -0.62248
vn -0.385915 -0.898599 -0.20878
vn -0.519939 -0.846694 0.113015
vn -0.28814 -0.884381 -0.367214
vn -0.613963 -0.772627 0.161548
vn -0.519397 -0.853959 0.0313276
vn 0.231817 -0.964556 0.126066
vn 0.263012 -0.964627 -0.0178675
vn -0.0865142 -0.802193 -0.590764
vn -0.0812078 -0.993441 -0.0804955
vn -0.00249924 -0.725415 -0.688308
vn 0.034636 -0.976088 -0.214599
vn -0.0838109 -0.938969 -0.333637
vn 0.333293 0.369717 -0.867309
vn 0.441086 0.161042 -0.882898
vn 0.237715 0.452517 -0.859488
vn 0.536426 0.160263 -0.828591
vn 0.544628 -0.0306125 -0.838119
vn 0.57233 -0.168207 -0.802586
vn 0.377524 -0.195836 -0.905055
vn 0.641049 -0.107636 -0.759915
vn 0.684177 0.297929 -0.665688
vn 0.373004 -0.316661 -0.87212
vn 0.228854 -0.436048 -0.870338
vn 0.448246 -0.327347 -0.831817
vn 0.460435 -0.443669 -0.768868
vn 0.45276 -0.225351 -0.862685
vn 0.60604 -0.476832 -0.636669
vn 0.373348 0.327532 -0.867948
vn 0.224889 -0.072396 -0.971691
vn 0.429888 -0.323366 -0.842989
vn 0.529291 -0.0422458 -0.847388
vn 0.598467 -0.404858 -0.691323
vn 0.25755 -0.463161 -0.848027
vn 0.466244 0.379568 -0.79909
vn -0.00234899 -0.423696 -0.905801
vn -0.00399266 -0.0435458 -0.999043
vn -0.000396713 0.361647 -0.932315
vn 0.112179 0.387359 -0.915079
vn 0.165072 -0.791058 -0.589048
vn 0.207749 -0.894862 -0.395048
vn 0.0460495 -0.76904 -0.63754
vn 0.0258894 -0.737313 -0.675055
vn 0.0073161 0.692671 -0.721217
vn 0.473089 0.487516 -0.733835
vn 0.331923 0.705307 -0.626394
vn -0.000670793 0.606028 -0.795443
vn 0.394328 0.392418 -0.830972
vn 0.198602 0.603072 -0.772568
vn 0.16278 0.12343 -0.978912
vn 0.345789 0.303588 -0.887842
vn -0.0263652 0.519835 -0.85386
vn 0.083796 0.85371 -0.513962
vn -0.018974 0.821682 -0.56963
vn -0.36273 0.840022 -0.403473
vn 0.0231268 0.570506 -0.820968
vn -0.362305 -0.897092 0.252904
vn -0.0719813 -0.997167 0.021852
vn -0.070257 -0.368465 -0.926983
vn 0.408188 -0.889712 -0.204437
vn 0.10399 -0.994486 0.0135477
vn 0.313562 -0.888421 0.335241
vn -0.00223707 -0.94422 -0.329308
vn -0.526382 -0.672757 -0.519923
vn -0.049363 -0.979322 -0.196195
vn -0.441273 -0.792043 -0.421837
vn -0.286995 -0.894953 -0.341602
vn -0.141822 -0.979771 0.141194
vn -0.44142 -0.876237 0.193278
vn -0.354371 -0.825872 -0.438585
vn -0.205359 -0.913322 -0.351667
vn -0.674075 -0.737367 -0.0437358
vn -0.619062 -0.769895 0.154998
vn -0.461973 -0.875367 0.142523
vn -0.307715 -0.942881 0.127623
vn -0.701382 -0.354875 -0.618164
vn -0.305513 -0.749226 -0.587641
vn -0.379818 -0.804089 -0.457361
vn -0.52179 -0.446113 -0.727131
vn -0.493408 -0.589414 -0.639641
vn -0.32015 -0.38762 -0.864439
vn -0.53828 -0.363175 -0.760498
vn -0.962823 -0.0431113 -0.266672
vn -0.279968 -0.862636 -0.421279
vn -0.73649 -0.291086 -0.610615
vn -0.708955 -0.210335 -0.673158
vn -0.55226 -0.833668 0.00253
vn -0.974564 -0.224 -0.00699685
vn -0.0845433 -0.376952 -0.922366
vn -0.220973 -0.0592156 -0.973481
vn -0.324217 -0.89025 0.319904
vn -0.34141 -0.925729 0.162678
vn -0.143921 -0.915174 0.376487
vn -0.0316552 -0.987745 0.152833
vn -0.296285 -0.834123 0.465246
vn -0.124252 -0.935662 0.330299
vn -0.380544 -0.67894 0.627874
vn -0.0629123 -0.8984 0.434649
vn -0.203049 -0.913356 0.35292
vn -0.0995325 -0.993946 0.0465238
vn -0.254798 -0.863566 0.435122
vn 0.140837 -0.975085 0.171387
vn -0.385972 -0.295758 0.873815
vn -0.137093 -0.386105 0.912211
vn -0.450876 -0.35094 0.820702
vn -0.364065 -0.347786 0.864003
vn -0.191689 -0.267796 0.944214
vn -0.592522 -0.751245 0.290773
vn 0.0232463 -0.72154 0.691982
vn 0.0920236 -0.974678 0.2038
vn -0.739335 -0.294563 0.605488
vn -0.80038 -0.241366 0.548757
vn 0.478231 -0.75143 0.454586
vn -0.898756 0.281623 0.336044
vn -0.533998 -0.201947 0.821014
vn -0.40415 -0.457988 0.791776
vn -0.515198 0.0274498 0.856632
vn -0.18107 0.00727168 0.983443
vn 0.0996141 -0.962021 0.254151
vn -0.00854412 -0.00863682 0.999926
vn 0.0713419 -0.997369 -0.0128947
vn 0.203694 -0.735975 0.645639
vn -0.227375 -0.699559 0.677435
vn 0.27431 -0.96101 -0.0348336
vn 0.420858 -0.848133 0.321789
vn 0.520813 -0.853664 0.00340947
vn -0.215274 -0.563933 0.797268
vn -0.392774 -0.91963 -0.00302113
vn -0.214937 -0.976608 0.0063168
vn -0.204939 0.0150136 0.97866
vn -0.999951 0.00920323 0.00362273
vn 0.0457622 -0.998941 -0.00483159
vn 0.0855231 -0.975382 0.203265
vn -0.0105158 -0.827506 0.561358
vn 0.462634 -0.706055 0.53615
vn 0.475396 -0.879722 0.00938243
vn 0.321246 -0.718339 0.617082
vn -0.136593 -0.423759 0.895416
vn 0.824405 -0.406751 -0.393585
vn 0.844225 -0.535956 0.00590345
vn 0.648646 -0.0123432 -0.76099
vn -0.996899 0.0292762 0.0730463
vn -0.459505 0.876175 -0.145504
vn -0.227375 -0.699559 0.677435
vn -0.8254 0.392471 0.405809
vn -0.547094 -0.180272 0.817429
vn -0.835401 0.401304 0.375579
vn -0.643594 0.532082 0.550159
vn -0.122057 0.898973 0.420653
vn -0.301962 0.824891 0.477884
vn -0.808009 0.583213 -0.0835708
vn -0.278154 0.376022 0.883877
vn -0.315147 -0.24857 0.915912
vn 0.429051 -0.315783 0.846284
vn -0.0435843 0.693072 0.71955
vn 0.00772113 0.36869 0.92952
vn 0.00059551 0.806661 0.591015
vn 0.0909275 0.121417 0.988428
vn -0.018313 0.894145 0.447402
vn -0.0287158 0.0535553 0.998152
vn -0.204828 0.618541 0.758586
vn -0.0871581 0.683669 0.724569
vn -0.243574 0.875191 0.417986
vn -0.0751651 0.997151 -0.00630549
vn -0.457286 0.88929 0.00724151
vn -0.236258 0.706863 0.666729
vn -0.222687 0.711311 0.666669
vn 0.0126829 0.860455 0.509369
vn -0.019314 0.643256 0.765408
vn -0.122041 0.219807 0.96788
vn 0.0325619 0.173273 0.984335
vn 0.238053 0.642306 0.728542
vn 0.331646 0.875648 0.351073
vn -0.0683956 0.217261 0.973714
vn 0.132441 0.991138 -0.010221
vn 0.0421084 0.828573 0.558296
vn 0.0110885 0.998873 -0.0461402
vn 0.203964 0.921382 0.33084
vn -0.250446 0.728837 0.637239
vn -0.23977 0.0330675 0.970266
vn -0.391464 0.324376 0.861125
vn 0.215703 -0.431202 0.876092
vn -0.175286 -0.371139 0.911883
vn -0.206516 -0.424927 0.881356
vn -0.376377 0.0188843 -0.926274
vn 0.0457622 -0.998941 -0.00483159
vn -0.392774 -0.91963 -0.00302113
vn 0.0434429 -0.0184134 -0.998886
vn -0.209694 0.0153202 -0.977647
vn -0.214937 -0.976608 0.0063168
vn -0.999951 0.00920323 0.00362273
vn 0.824405 -0.406751 -0.393585
vn 0.945637 0.0220489 -0.324477
vn 0.488063 -0.275908 -0.828051
vn 0.703319 -0.200612 -0.681981
vn 0.802552 -0.373177 -0.465457
vn 0.486988 -0.611286 -0.623837
vn 0.489734 -0.349272 -0.798855
vn 0.415629 -0.271889 -0.867945
vn 0.396928 -0.522598 -0.754546
vn 0.217933 -0.295766 -0.930069
vn 0.0238909 -0.0859744 -0.996011
vn 0.063501 -0.184989 -0.980687
vn 0.143611 -0.458301 -0.877118
vn 0.134638 0.297334 -0.945233
vn -0.0385459 -0.451452 -0.891462
vn -0.276356 -0.485495 -0.82941
vn -0.171143 -0.144422 -0.974604
vn -0.320141 0.365567 -0.873997
vn -0.254201 0.22892 -0.939669
vn -0.0823221 0.00872182 -0.996568
vn -0.179667 -0.134879 -0.974437
vn -0.59626 -0.616588 0.514094
vn -0.975417 0.166644 0.144194
vn -0.688952 -0.299046 0.66024
vn -0.917289 0.120169 -0.379658
vn 0.120383 0.251065 -0.960455
vn 0.0713419 -0.997369 -0.0128947
vn 0.0996141 -0.962021 0.254151
vn 0.0529964 -0.0264385 -0.998245
vn 0.27431 -0.96101 -0.0348336
vn 0.14064 -0.206921 -0.968196
vn 0.520813 -0.853664 0.00340947
vn 0.481279 -0.485291 -0.729975
vn -0.448555 0.0537284 0.892139
vn -0.79664 0.365925 0.481107
vn -0.569492 0.650579 0.50242
vn -0.679475 0.499092 0.537793
vn -0.649236 0.584781 0.486337
vn -0.277726 0.492573 0.824767
vn -0.365983 0.677133 0.638394
vn -0.604598 0.520825 0.602664
vn -0.0492841 0.978468 0.20043
vn -0.361622 0.834973 0.414789
vn -0.462997 0.34651 0.815821
vn -0.807675 0.123123 0.57663
vn -0.718771 0.507996 0.474667
vn -0.41892 0.790834 0.446193
vn -0.427014 0.491175 0.759214
vn -0.317916 -0.031685 0.947589
vn -0.478925 0.750479 0.455426
vn -0.75904 0.213193 0.615148
vn -0.705518 0.0882828 0.703171
vn 0.346813 0.920828 0.178318
vn 0.117788 0.515165 0.848959
vn 0.215563 0.964444 0.152904
vn -0.0390213 0.761288 0.647238
vn -0.275346 0.20688 0.938821
vn -0.214781 0.389176 0.895774
vn -0.231341 0.340782 0.911235
vn -0.167165 0.552014 0.816907
vn -0.47058 0.197538 0.859961
vn -0.151839 0.889079 0.431837
vn -0.603845 0.711936 0.358495
vn -0.354082 0.411985 -0.83958
vn -0.472276 0.419677 -0.77513
vn -0.0536224 0.977664 0.203221
vn -0.233813 0.668378 0.706118
vn -0.258094 0.679488 0.686792
vn -0.432946 0.816603 0.381728
vn -0.310953 0.875996 0.368699
vn 0.0725299 0.242035 0.967553
vn -0.880298 0.313011 0.35651
vn 0.363396 -0.307778 -0.879327
vn -0.037685 0.998287 -0.0447483
vn -0.8237 0.504439 -0.258958
vn 0.805033 -0.58409 -0.103734
vn -0.62004 0.0588579 -0.78236
vn -0.730974 0.672575 -0.115414
vn -0.538465 -0.832578 -0.129885
vn -0.8237 0.504439 -0.258958
vn -0.728527 0.313638 0.608998
vn 0.363396 -0.307778 -0.879327
vn 0.303146 -0.762492 -0.571583
vn -0.507666 0.438297 -0.741735
vn -0.695426 0.661541 0.280619
vn -0.651874 0.349937 -0.672759
vn 0.360181 0.909747 0.20647
vn -0.316412 0.861363 -0.397413
vn -0.230336 0.93643 -0.264658
vn -0.382328 0.34265 -0.858147
vn -0.754191 0.656555 0.0114196
vn -0.241067 0.912813 -0.329635
vn -0.562249 0.819912 0.107798
vn 0.0625116 0.866042 -0.496048
vn 0.00745367 0.94333 -0.331773
vn -0.0385893 0.946276 -0.321049
vn 0.301342 -0.870532 -0.38906
vn -0.229433 -0.968767 0.094082
vn 0.231817 -0.964556 0.126066
vn 0.0639341 -0.892752 0.44599
vn 0.0829704 -0.980463 0.178348
vn 0.501595 -0.818725 0.279447
vn 0.0307086 -0.921823 0.386394
vn 0.875481 -0.0342094 -0.482041
vn 0.582346 -0.227198 -0.780547
vn 0.793455 -0.22128 -0.566978
vn 0.75209 -0.544438 -0.371413
vn 0.508265 0.0728976 -0.85811
vn 0.554312 -0.704515 -0.443167
vn -0.917289 0.120169 -0.379658
vn -0.312502 0.789664 0.52799
vn -0.975417 0.166644 0.144194
vn -0.501258 0.229721 0.834247
vn -0.701382 -0.354875 -0.618164
vn -0.975124 0.206118 0.0815435
vn -0.871833 -0.487009 0.0522391
vn -0.776556 -0.32083 0.542244
vn -0.920672 -0.380316 0.0878754
vn -0.674075 -0.737367 -0.0437358
vn 0.484725 -0.48049 0.73087
vn 0.404932 -0.43094 0.806425
vn -0.471953 -0.477581 0.741064
vn -0.234362 -0.511459 0.826731
vn 0.401519 -0.712773 0.575098
vn 0.32377 -0.514612 0.793944
vn -0.17843 -0.503699 0.845252
vn 0.135727 -0.351225 0.926401
vn 0.182794 -0.338104 0.923186
vn -0.0591973 -0.243477 0.968099
vn 0.0688246 -0.542643 0.837139
vn 0.503527 -0.231808 0.832302
vn 0.0820763 -0.254101 0.963689
vn 0.211296 -0.442482 0.871529
vn 0.384343 -0.512379 0.767951
vn 0.165844 -0.310392 0.93603
vn 0.112857 -0.321917 0.940018
vn 0.0941822 -0.158255 0.982896
vn 0.884273 -0.431558 0.17838
vn -0.0155466 0.00495242 0.999867
vn -0.200622 -0.424361 0.882989
vn -0.336443 -0.424912 0.84039
vn 0.0945222 -0.483265 0.870357
vn 0.0213588 -0.420135 0.90721
vn 0.342901 -0.362285 0.8667
vn 0.10176 -0.0356784 0.994169
vn 0.270269 -0.491876 0.827655
vn 0.194134 -0.469279 0.861446
vn 0.371282 -0.138382 0.91815
vn 0.348766 -0.214118 0.912423
vn -0.223603 -0.704265 0.673804
vn -0.197381 -0.622462 0.757352
vn -0.367075 -0.0963068 0.925192
vn -0.294286 -0.662693 0.688646
vn -0.106602 -0.479937 0.870802
vn 0.126146 -0.117585 0.985018
vn 0.21812 -0.413049 0.884203
vn 0.447596 -0.192908 0.873181
vn 0.4542 -0.0357498 0.890182
vn 0.120882 -0.00675326 0.992644
vn 0.0882122 0.422952 0.901848
vn 0.368514 -0.0805974 0.926122
vn 0.715896 0.109834 0.689514
vn 0.421881 -0.229985 0.876997
vn 0.377001 0.0122265 0.926132
vn 0.0546793 -0.1919 0.97989
vn 0.0276388 -0.402309 0.915087
vn 0.355094 -0.11364 0.927898
vn -0.264204 -0.541312 0.798234
vn -0.122037 -0.349643 0.928901
vn -0.116103 -0.190165 0.974863
vn -0.0138935 0.0696755 0.997473
vn -0.0325925 -0.0113454 0.999404
vn -0.433512 -0.30405 0.848305
vn -0.296269 -0.145402 0.943972
vn 0.0430307 0.226655 0.973024
vn 0.0438093 0.32296 0.945398
vn -0.0568871 0.115687 0.991655
vn 0.147127 -0.380106 0.913167
vn 0.38099 0.375549 0.844872
vn -0.55153 0.0458391 0.832894
vn 0.121182 0.239973 0.963186
vn -0.126175 0.469895 0.873658
vn 0.186805 0.518848 0.834207
vn -0.47058 0.197538 0.859961
vn 0.77277 0.0236609 0.634245
vn 0.85138 -0.378698 0.36296
vn 0.207759 -0.947516 0.243001
vn -0.167165 0.552014 0.816907
vn -0.277726 0.492573 0.824767
vn -0.214781 0.389176 0.895774
vn -0.288107 -0.889576 -0.354469
vn -0.832349 -0.407281 -0.375921
vn -0.748638 -0.572187 0.334878
vn -0.318907 -0.752551 0.576164
vn -0.647153 -0.608889 0.458745
vn -0.39119 -0.420618 0.818567
vn -0.537887 -0.228711 0.811399
vn -0.434653 -0.480853 0.761483
vn -0.529475 -0.220868 0.819068
vn -0.289182 -0.282561 0.914622
vn -0.258687 -0.600609 0.756538
vn -0.183439 -0.579405 0.794129
vn -0.485171 -0.117286 0.866518
vn -0.495866 -0.499664 0.710249
vn -0.649748 -0.401524 0.64545
vn -0.731382 -0.210489 0.648672
vn -0.283467 0.429198 0.857575
vn -0.24486 0.407535 0.879749
vn -0.290827 0.177349 0.940195
vn -0.437215 0.399699 0.805658
vn -0.415735 0.411249 0.811196
vn -0.0911574 0.845608 0.525963
vn -0.500319 0.477783 0.722083
vn -0.547321 -0.435231 0.714853
vn -0.161748 -0.472198 0.866526
vn -0.542424 0.0736611 0.836869
vn -0.803068 0.188333 0.565343
vn -0.574992 0.527642 0.625282
vn -0.647973 0.202267 0.734315
vn -0.623584 0.231622 0.746655
vn -0.653311 0.291022 0.698922
vn -0.606007 0.46229 0.647335
vn -0.542471 0.352111 0.762721
vn -0.545032 0.497849 0.674601
vn -0.73018 0.375352 0.570919
vn -0.514991 0.311753 0.798495
vn -0.634265 -0.0910401 0.767737
vn -0.734091 0.245385 0.633163
vn -0.434045 0.411976 0.801175
vn -0.578466 0.364611 0.729682
vn -0.437072 0.422283 0.794131
vn -0.683481 -0.114435 0.720943
vn -0.627394 -0.230388 0.743841
vn -0.422332 0.180133 0.888363
vn -0.83363 -0.0353098 0.551194
vn -0.65508 -0.10742 0.747884
vn -0.783981 -0.24326 0.571138
vn -0.471573 -0.103344 0.875751
vn -0.57054 0.145975 0.808193
vn -0.599964 0.174789 0.780699
vn -0.85937 0.0905053 0.503281
vn -0.448788 -0.06381 0.891357
vn -0.332426 -0.238645 0.912437
vn -0.40712 0.0934445 0.908582
vn 0.0155024 0.420242 0.90728
vn -0.800086 -0.262067 0.539613
vn -0.398056 -0.170143 0.901445
vn -0.780782 -0.261687 0.567362
vn -0.744374 -0.331884 0.579448
vn -0.368243 -0.0510389 0.928328
vn -0.498831 -0.125231 0.857604
vn -0.382232 0.165934 0.909046
vn -0.57734 0.181943 0.795974
vn -0.432946 0.816603 0.381728
vn -0.603845 0.711936 0.358495
vn -0.5691 0.0366836 0.821449
vn -0.758869 -0.247495 0.602382
vn -0.532162 -0.342574 0.77424
vn -0.757118 -0.198152 0.622502
vn -0.66824 -0.325952 0.668738
vn 0.0725299 0.242035 0.967553
vn -0.0233123 0.00204198 0.999726
vn -0.47 -0.509509 0.720764
vn -0.653731 -0.507015 0.561757
vn -0.285702 -0.453905 0.844005
vn -0.524262 -0.352037 0.775383
vn -0.406498 -0.43905 0.801245
vn -0.21107 0.0180593 0.977304
vn -0.247297 0.414392 0.875856
vn -0.436421 -0.0647612 0.897409
vn 0.0335483 0.0104258 0.999383
vn 0.395812 -0.0656977 0.915978
vn 0.374189 0.115023 0.920191
vn 0.138155 -0.174173 0.974975
vn 0.265523 -0.0362596 -0.963423
vn 0.280968 0.398089 -0.87326
vn 0.51931 0.420542 -0.74395
vn 0.522623 -0.0913505 -0.847656
vn 0.190943 -0.0197225 -0.981403
vn 0.261474 0.363903 -0.893983
vn 0.429596 0.254601 -0.866387
vn 0.370734 -0.0741935 -0.925771
vn 0.309598 0.771184 -0.556259
vn 0.168976 -0.427514 -0.888076
vn 0.437796 -0.501191 -0.74642
vn 0.345794 -0.487608 -0.801664
vn 0.458887 -0.150005 -0.87574
vn 0.427815 0.391257 -0.814796
vn 0.126207 -0.0467669 -0.990901
vn 0.131604 0.396657 -0.908484
vn 0.342165 -0.38903 -0.855324
vn -0.30329 -0.151359 -0.940801
vn -0.130698 -0.490606 -0.861524
vn -0.335001 -0.0155174 -0.94209
vn -0.318361 0.366986 -0.874052
vn 0.0977244 0.904633 -0.414836
vn -0.330375 0.882127 -0.335715
vn -0.152205 -0.937002 0.314422
vn -0.409579 -0.779189 0.474457
vn -0.176746 -0.912445 -0.369059
vn 0.0387367 -0.883729 -0.466394
vn 0.11017 -0.980805 0.160885
vn 0.945637 0.0220489 -0.324477
vn 0.802047 -0.124457 -0.58415
vn 0.808973 -0.296415 -0.507642
vn 0.703319 -0.200612 -0.681981
vn 0.624929 -0.377962 -0.683087
vn -0.619062 -0.769895 0.154998
vn -0.670574 -0.3418 0.65841
vn -0.484998 -0.376849 0.789153
vn -0.461973 -0.875367 0.142523
vn -0.962823 -0.0431113 -0.266672
vn -0.58546 -0.145965 0.797453
vn 0.648646 -0.0123432 -0.76099
vn 0.481279 -0.485291 -0.729975
vn 0.215379 0.294009 -0.93122
vn 0.844225 -0.535956 0.00590345
vn 0.520813 -0.853664 0.00340947
vn 0.14064 -0.206921 -0.968196
vn 0.044368 0.732538 -0.679279
vn 0.400576 -0.391681 -0.828327
vn 0.475396 -0.879722 0.00938243
vn -0.362708 0.544682 -0.756151
vn -0.766287 0.267177 -0.584312
vn -0.49176 0.696653 -0.522348
vn -0.500712 0.211928 -0.83927
vn -0.590622 0.731005 -0.341757
vn -0.563935 0.680938 -0.467228
vn -0.617655 0.683569 -0.38889
vn -0.688322 0.711403 -0.141837
vn -0.63818 0.643548 -0.422578
vn -0.776772 0.621916 -0.0992258
vn -0.236659 0.68444 -0.689589
vn -0.235256 0.73174 -0.639697
vn -0.168656 0.972558 -0.160271
vn -0.690549 0.268909 -0.671438
vn -0.687012 0.429483 -0.586139
vn -0.391159 0.701911 -0.595245
vn -0.550891 0.786433 -0.279362
vn -0.370434 0.88799 -0.272493
vn -0.380229 0.751465 -0.53919
vn -0.660314 0.667629 -0.343884
vn -0.40548 0.553739 -0.727296
vn -0.591323 0.185025 -0.784922
vn -0.144738 0.895543 -0.420778
vn -0.261172 0.0250097 -0.964968
vn -0.374162 -0.037628 -0.9266
vn -0.388823 0.302857 -0.870112
vn 0.0238909 -0.0859744 -0.996011
vn -0.271466 0.588769 -0.761353
vn 0.108823 0.0016481 -0.99406
vn 0.00960405 0.787064 -0.616797
vn -0.167322 0.670369 -0.722916
vn -0.505311 -0.157908 -0.848367
vn -0.651892 0.434467 -0.62151
vn -0.210304 0.4897 -0.846148
vn -0.729715 -0.157497 -0.665366
vn -0.101898 -0.223953 -0.969258
vn -0.501513 0.527318 -0.685872
vn -0.490627 -0.11881 -0.863232
vn 0.915954 -0.371342 -0.152097
vn 0.579681 -0.632457 -0.513778
vn 0.422943 -0.824824 -0.375211
vn -0.239776 -0.450898 -0.859767
vn -0.461742 0.849107 -0.256537
vn -0.369386 -0.741146 -0.560586
vn -0.713043 0.452263 0.53575
vn -0.988949 -0.103457 -0.106191
vn 0.422943 -0.824824 -0.375211
vn 0.579681 -0.632457 -0.513778
vn 0.346871 -0.522515 -0.778883
vn 0.415856 -0.766023 -0.490176
vn 0.221886 -0.931197 -0.289203
vn 0.418859 -0.619841 -0.663592
vn 0.097693 -0.987023 -0.12744
vn 0.362744 -0.840348 -0.402781
vn 0.233353 -0.554794 -0.798593
vn 0.397857 -0.787203 -0.471192
vn 0.0354637 -0.903428 -0.42727
vn 0.368889 -0.921656 -0.120294
vn 0.352005 -0.718572 -0.599789
vn 0.504731 -0.439112 -0.743255
vn 0.506971 -0.37575 -0.775753
vn 0.311478 -0.52686 -0.790822
vn 0.582346 -0.227198 -0.780547
vn 0.875481 -0.0342094 -0.482041
vn 0.314617 -0.168744 -0.934099
vn -0.0149876 -0.125283 -0.992008
vn 0.0500407 -0.845727 -0.531265
vn -0.466276 -0.0327784 -0.884032
vn 0.508265 0.0728976 -0.85811
vn 0.554312 -0.704515 -0.443167
vn 0.453253 -0.337022 -0.825214
vn 0.915954 -0.371342 -0.152097
vn 0.0238909 -0.0859744 -0.996011
vn 0.0164834 -0.730998 -0.68218
vn 0.396928 -0.522598 -0.754546
vn 0.190629 -0.977753 -0.0875227
vn 0.486988 -0.611286 -0.623837
vn 0.802552 -0.373177 -0.465457
vn 0.0980583 -0.852564 -0.513341
vn 0.0579115 -0.991434 0.11707
vn 0.107982 -0.790362 -0.603049
vn -0.137286 -0.965146 -0.222811
vn -0.0929223 -0.822139 -0.561652
vn -0.00208859 -0.973438 -0.228942
vn 0.165072 -0.791058 -0.589048
vn 0.207749 -0.894862 -0.395048
vn -0.172824 -0.91705 -0.359376
vn -0.446993 -0.429434 -0.784719
vn 0.051458 -0.937004 -0.345507
vn 0.177909 -0.889248 -0.42141
vn 0.167327 -0.948743 -0.268119
vn 0.157587 -0.916025 -0.368868
vn 0.171483 -0.936937 -0.304536
vn 0.0914216 -0.990588 -0.101867
vn 0.363295 -0.794019 -0.487392
vn 0.359321 -0.869185 -0.339713
vn 0.2983 -0.92694 -0.227593
vn 0.147854 -0.983307 -0.10605
vn 0.0791792 -0.968198 -0.237324
vn 0.662767 -0.546935 -0.51147
vn 0.390672 -0.846521 -0.36163
vn 0.349666 -0.847635 -0.39906
vn 0.463276 -0.836651 -0.292217
vn 0.426653 -0.901455 -0.0731123
vn 0.75209 -0.544438 -0.371413
vn 0.793455 -0.22128 -0.566978
vn 0.201701 -0.544562 -0.814106
vn 0.402757 -0.708442 -0.579566
vn 0.26158 -0.689413 -0.675489
vn 0.285438 -0.757656 -0.586926
vn 0.176947 -0.652118 -0.737178
vn 0.0837177 -0.858229 -0.506394
vn 0.0240007 -0.637635 -0.769964
vn -0.192908 -0.784725 -0.589062
vn 0.0384504 -0.65203 -0.757217
vn 0.0305469 -0.540845 -0.840567
vn -0.101898 -0.223953 -0.969258
vn 0.0258894 -0.737313 -0.675055
vn 0.25755 -0.463161 -0.848027
vn 0.0460495 -0.76904 -0.63754
vn 0.108823 0.0016481 -0.99406
vn -0.261172 0.0250097 -0.964968
vn -0.0162497 -0.912811 -0.408058
vn 0.875736 -0.293726 -0.383161
vn 0.89236 -0.436745 -0.113783
vn 0.447623 -0.681628 -0.578807
vn -0.500712 0.211928 -0.83927
vn -0.490627 -0.11881 -0.863232
vn 0.0370029 -0.183886 -0.982251
vn 0.802047 -0.124457 -0.58415
vn 0.0964471 -0.384394 -0.918117
vn 0.624929 -0.377962 -0.683087
vn 0.0241098 -0.468073 -0.883361
vn 0.122724 -0.559293 -0.819836
vn 0.30216 -0.624398 -0.720296
vn 0.703319 -0.200612 -0.681981
vn -0.0519339 -0.413085 -0.909211
vn 0.119204 -0.884908 -0.450254
vn 0.0467262 -0.911027 -0.40969
vn 0.286198 -0.778571 -0.558496
vn 0.222612 -0.866938 -0.445939
vn 0.459214 -0.491926 -0.739683
vn 0.250847 -0.959126 -0.130968
vn 0.251391 -0.379075 -0.890564
vn 0.444021 -0.88631 -0.131528
vn 0.120914 -0.984772 -0.124913
vn -0.758874 0.597127 -0.259905
vn -0.893601 0.448859 -0.00152794
vn -0.343763 0.660907 -0.667105
vn 0.408188 -0.889712 -0.204437
vn -0.00223707 -0.94422 -0.329308
vn -0.0717415 -0.724185 0.685864
vn -0.674075 -0.737367 -0.0437358
vn -0.049363 -0.979322 -0.196195
vn 0.127859 0.848578 -0.513388
vn 0.0689136 0.239433 -0.968464
vn -0.0432398 0.606772 -0.793699
vn 0.167738 0.680712 -0.713088
vn 0.155661 0.591813 -0.790903
vn -0.0682989 0.959774 -0.272341
vn -0.531125 -0.126032 0.837868
vn -0.632222 -0.0539739 0.772905
vn -0.179963 -0.947512 0.264261
vn -0.179503 -0.962644 -0.202718
vn -0.699264 0.628039 0.341463
vn -0.64263 -0.305757 0.702524
vn -0.038848 -0.997983 -0.050203
vn -0.988949 -0.103457 -0.106191
vn -0.0333687 -0.99694 -0.070685
vn -0.369386 -0.741146 -0.560586
vn 0.0399187 -0.892999 -0.448286
vn 0.0111771 -0.991014 -0.133287
vn -0.239776 -0.450898 -0.859767
vn -0.106385 -0.920902 -0.374996
vn -0.00876438 -0.994535 -0.104036
vn 0.117335 -0.932053 -0.342798
vn 0.0329138 -0.98809 -0.150317
vn 0.00015657 -0.999536 -0.0304527
vn 0.023146 -0.996313 -0.0826137
vn -0.0648177 -0.997732 0.0181378
vn -0.0618322 -0.99795 0.0165311
vn -0.00867951 -0.999657 0.0247131
vn 0.0613982 -0.911316 -0.407103
vn 0.016295 -0.934295 -0.356128
vn -0.0270247 -0.998271 0.0521994
vn -0.245364 -0.931224 -0.269478
vn -0.339246 -0.905468 0.255031
vn -0.331739 -0.927635 0.171587
vn -0.131683 -0.985757 0.104609
vn -0.047749 -0.99597 0.0759164
vn -0.0644544 -0.913559 0.401567
vn -0.0400453 -0.925694 0.376149
vn -0.121404 -0.92361 0.3636
vn -0.14062 -0.929324 0.341442
vn -0.105523 -0.923648 0.368429
vn -0.08252 -0.963163 0.255944
vn -0.228574 -0.912229 0.339989
vn -0.0668594 -0.956731 0.283189
vn -0.157545 -0.934796 0.318334
vn -0.212122 -0.867024 0.450858
vn -0.145418 -0.936141 0.320147
vn -0.253632 -0.967024 -0.0231505
vn 0.0915379 -0.889298 -0.448074
vn -0.154078 -0.867465 0.473037
vn -0.350471 -0.831347 0.431314
vn -0.125816 -0.881287 0.455526
vn -0.314371 -0.828648 0.463156
vn -0.507541 -0.801577 0.316032
vn 0.228548 -0.824506 -0.517644
vn -0.45504 -0.7375 0.499032
vn 0.0555122 -0.960622 -0.272257
vn -0.403564 -0.914761 -0.0186613
vn -0.247868 -0.964299 -0.0932133
vn -0.76166 -0.572995 0.302575
vn -0.748141 -0.515153 0.418213
vn -0.706983 -0.402074 0.581818
vn -0.699285 -0.449154 0.556112
vn -0.391845 -0.542648 0.742961
vn -0.536899 -0.724334 0.432527
vn -0.52004 -0.680813 0.515802
vn -0.405161 -0.567435 0.716841
vn -0.562767 -0.663224 0.493383
vn -0.352789 -0.540268 0.76397
vn -0.561489 -0.712536 0.42074
vn -0.437215 -0.439831 0.784469
vn -0.871833 -0.487009 0.0522391
vn -0.663366 -0.619046 0.42039
vn -0.726217 -0.393361 0.563805
vn -0.776556 -0.32083 0.542244
vn -0.625974 -0.510118 0.589861
vn -0.666227 -0.271004 0.694765
vn -0.492795 -0.299841 0.816853
vn -0.369826 -0.641529 0.672064
vn -0.362305 -0.897092 0.252904
vn -0.0717415 -0.724185 0.685864
vn -0.526382 -0.672757 -0.519923
vn -0.049363 -0.979322 -0.196195
vn -0.173317 -0.491986 0.853177
vn -0.116997 -0.612488 0.781774
vn -0.0833327 -0.621196 0.779212
vn -0.291058 -0.755651 0.586751
vn -0.174356 -0.705744 0.686677
vn -0.406828 -0.714868 0.568731
vn -0.303493 -0.580578 0.755527
vn -0.177286 -0.431043 0.884744
vn -0.241802 -0.818602 0.520983
vn -0.233328 -0.763062 0.602739
vn -0.275142 -0.834025 0.478226
vn -0.212058 -0.691879 0.690171
vn -0.281707 -0.752424 0.595399
vn -0.0800921 -0.759991 0.64498
vn -0.312958 -0.444871 0.839134
vn -0.414222 -0.360927 0.835555
vn -0.339287 -0.560292 0.755617
vn -0.0376251 -0.687219 0.725475
vn -0.0579243 -0.397975 0.915566
vn -0.0741116 -0.314817 0.946254
vn -0.113746 -0.787168 0.606159
vn -0.435141 -0.521102 0.734237
vn -0.0777693 -0.772859 0.629794
vn -0.308168 -0.814596 0.491392
vn -0.209256 -0.329899 0.920532
vn -0.378851 -0.721511 0.579563
vn 0.313562 -0.888421 0.335241
vn 0.117054 -0.239243 0.963878
vn -0.674075 -0.737367 -0.0437358
vn -0.205827 -0.842395 0.498003
vn -0.0847662 -0.97835 -0.188801
vn -0.293021 -0.84486 0.447604
vn -0.453163 -0.792509 0.408133
vn -0.28295 -0.935007 -0.21378
vn -0.156355 -0.985672 -0.063269
vn -0.450865 -0.775448 0.442042
vn -0.347248 -0.456538 0.819141
vn -0.393559 -0.677355 0.621532
vn -0.183182 -0.981847 0.0492024
vn -0.256532 -0.30929 0.915713
vn -0.488866 -0.363375 0.793076
vn -0.449989 -0.884869 -0.120481
vn -0.161537 -0.229811 0.959736
vn -0.647153 -0.608889 0.458745
vn -0.537887 -0.228711 0.811399
vn -0.507497 -0.38249 0.772106
vn -0.174984 -0.456216 0.872495
vn 0.11017 -0.980805 0.160885
vn 0.0399707 -0.516123 0.855581
vn -0.152205 -0.937002 0.314422
vn -0.206516 -0.424927 0.881356
vn -0.409579 -0.779189 0.474457
vn -0.304932 -0.638542 0.706598
vn -0.245009 -0.896312 0.369589
vn 0.332573 -0.916212 -0.223497
vn 0.250338 -0.888196 0.385278
vn -0.288107 -0.889576 -0.354469
vn 0.376824 -0.819459 0.431846
vn 0.0909275 0.121417 0.988428
vn -0.0287158 0.0535553 0.998152
vn -0.122041 0.219807 0.96788
vn -0.176746 -0.912445 -0.369059
vn -0.0683956 0.217261 0.973714
vn 0.0325619 0.173273 0.984335
vn -0.23977 0.0330675 0.970266
vn -0.0263217 0.0135572 0.999562
vn -0.290827 0.177349 0.940195
vn -0.391464 0.324376 0.861125
vn -0.202043 0.406586 0.890992
vn -0.285387 0.478386 0.830482
vn -0.0599971 0.435848 0.898018
vn 0.0433268 0.445941 0.894013
vn 0.0655923 0.591319 0.803766
vn -0.105097 -0.990193 -0.0920427
vn -0.383023 -0.911501 0.149864
vn -0.1449 -0.976006 -0.16253
vn -0.547775 -0.789384 0.277157
vn -0.497056 -0.867038 0.0343425
vn 0.102437 -0.925057 -0.365755
vn 0.226387 -0.817868 -0.529
vn -0.196944 -0.893335 -0.403937
vn -0.266207 -0.933437 -0.240476
vn -0.625922 -0.779229 -0.0319954
vn -0.0311887 -0.865523 -0.499898
vn 0.0663117 -0.813861 -0.577263
vn -0.386992 -0.784275 -0.484923
vn -0.0931808 -0.771363 -0.629536
vn -0.563721 -0.803863 -0.189796
vn -0.245364 -0.931224 -0.269478
vn 0.016295 -0.934295 -0.356128
vn -0.419624 -0.870323 0.257788
vn -0.327575 -0.88222 -0.338206
vn -0.752727 -0.563208 0.340879
vn -0.626886 -0.730621 0.270566
vn -0.636361 -0.687252 0.350327
vn -0.598997 -0.706635 0.376656
vn -0.237279 -0.751826 -0.615189
vn -0.149522 -0.862334 0.48376
vn 0.0072593 -0.984715 0.174024
vn 0.0703169 -0.996365 -0.048094
vn -0.0607238 -0.938085 0.341042
vn 0.112876 -0.899184 -0.422762
vn 0.0504582 -0.918984 -0.391054
vn 0.0858403 -0.979041 0.18469
vn 0.0558712 -0.912926 -0.404283
vn 0.136087 -0.930484 -0.340117
vn -0.0332673 -0.987896 0.151508
vn 0.258352 -0.834214 -0.487176
vn 0.107024 -0.944836 -0.309565
vn -0.274134 -0.893696 0.355188
vn -0.0880224 -0.995158 0.0437318
vn 0.0482675 -0.89112 -0.451194
vn -0.0185694 -0.989739 -0.141674
vn -0.177874 -0.899704 0.398614
vn -0.419624 -0.870323 0.257788
vn -0.327575 -0.88222 -0.338206
vn 0.0790845 -0.860956 -0.502494
vn 0.182403 -0.812062 -0.554333
vn 0.313042 -0.786126 -0.532927
vn 0.199041 -0.898207 -0.391927
vn 0.166063 -0.888098 -0.428609
vn -0.156303 -0.742313 -0.651568
vn 0.388394 -0.921458 0.00804329
vn -0.354433 -0.771475 0.528397
vn 0.396439 -0.734284 0.551056
vn -0.0823466 -0.801558 0.592219
vn -0.317073 -0.706192 0.633054
vn -0.237279 -0.751826 -0.615189
vn 0.35358 -0.907792 -0.2256
vn 0.00490836 -0.687333 -0.726326
vn 0.166697 -0.906106 -0.388823
vn -0.29909 -0.648359 -0.700126
vn -0.40256 -0.423841 -0.81136
vn -0.183544 -0.679771 -0.710087
vn 0.41801 -0.777353 -0.470095
vn 0.619718 -0.769026 -0.156678
vn -0.0816445 -0.9431 -0.32233
vn -0.555034 -0.536699 -0.635525
vn -0.566803 -0.706906 -0.423106
vn -0.675571 -0.579438 -0.455911
vn 0.0930746 -0.931971 0.350381
vn -0.496523 -0.84869 0.182184
vn -0.382328 0.34265 -0.858147
vn -0.857851 0.463533 -0.221874
vn 0.124012 0.652963 -0.747168
vn 0.0625116 0.866042 -0.496048
vn -0.651874 0.349937 -0.672759
vn -0.907654 0.330356 0.2589
vn -0.27389 -0.136122 -0.952079
vn -0.611528 0.776842 -0.15017
vn -0.349788 0.550591 -0.757957
vn -0.893601 0.448859 -0.00152794
vn 0.0996141 -0.962021 0.254151
vn 0.824405 -0.406751 -0.393585
vn 0.120383 0.251065 -0.960455
vn -0.662828 0.390752 -0.638727
vn -0.320141 0.365567 -0.873997
vn -0.135287 0.453022 -0.881175
vn -0.227158 0.499901 -0.835762
vn -0.179667 -0.134879 -0.974437
vn -0.0213805 0.951804 -0.305961
vn -0.267451 0.861953 -0.430705
vn -0.254201 0.22892 -0.939669
vn -0.0189793 0.771124 -0.636402
vn -0.0823221 0.00872182 -0.996568
vn -0.171143 -0.144422 -0.974604
vn 0.314543 0.843882 -0.434657
vn 0.290527 0.909189 -0.298277
vn 0.116043 0.960851 -0.251593
vn 0.373101 0.899378 -0.227847
vn 0.0980812 0.988837 -0.112171
vn 0.35006 0.832014 -0.43036
vn 0.308453 0.882252 -0.355652
vn 0.251358 0.890816 -0.378504
vn 0.175453 0.911074 -0.373043
vn 0.330507 0.831258 -0.446963
vn 0.135079 0.958829 -0.249799
vn 0.284894 0.872045 -0.39796
vn 0.265446 0.843928 -0.466181
vn 0.121327 0.977087 -0.174873
vn -0.22886 0.966512 -0.116089
vn -0.01616 0.991894 -0.126034
vn 0.264917 0.78472 -0.560388
vn 0.00822662 0.551838 -0.833911
vn 0.318774 0.858516 -0.401664
vn -0.694501 0.589862 -0.411983
vn -0.660314 0.667629 -0.343884
vn -0.0885048 0.995657 -0.0288772
vn -0.370434 0.88799 -0.272493
vn -0.550891 0.786433 -0.279362
vn -0.144738 0.895543 -0.420778
vn 0.399139 0.727192 -0.558462
vn 0.339226 0.736751 -0.584914
vn 0.134638 0.297334 -0.945233
vn 0.230129 0.873765 -0.428456
vn 0.0238909 -0.0859744 -0.996011
vn 0.356805 0.892051 -0.277372
vn 0.568518 0.684736 -0.455987
vn 0.316636 0.925223 -0.209055
vn 0.467549 0.716631 -0.51753
vn 0.0974887 0.995159 0.0124057
vn -0.000448054 0.999969 0.00789712
vn 0.243997 0.913007 -0.326931
vn -0.022454 0.998291 -0.053945
vn 0.195205 0.839963 -0.506318
vn 0.0748354 0.996063 -0.0475098
vn 0.349716 0.906013 -0.238412
vn 0.0848027 0.91943 -0.384
vn 0.141269 0.984113 -0.107535
vn -0.0271723 0.998964 0.0365037
vn -0.0985969 0.994239 0.0420504
vn 0.0491002 0.981183 -0.186735
vn -0.110881 0.991302 0.0708871
vn -0.00640864 0.990293 -0.13885
vn 0.114308 0.957578 -0.264533
vn 0.0129256 0.996033 -0.0880442
vn 0.059072 0.979896 -0.190561
vn -0.0220629 0.999428 -0.025622
vn 0.300041 0.835444 -0.460445
vn 0.383156 0.856599 -0.345586
vn -0.313058 0.910294 -0.270851
vn 0.234676 0.790844 -0.565237
vn 0.232324 0.758743 -0.608551
vn -0.0504679 0.865017 -0.499198
vn -0.298999 0.94177 0.153847
vn -0.0800518 0.922163 -0.378427
vn 0.121771 0.78027 -0.613474
vn 0.0122178 0.893675 -0.448549
vn 0.108229 0.890419 -0.442087
vn 0.0776704 0.953911 -0.289865
vn -0.232967 0.972376 0.0145565
vn 0.235043 -0.318712 -0.918247
vn 0.405487 0.320183 -0.856191
vn 0.389054 -0.3229 -0.86277
vn 0.24931 0.274625 -0.928669
vn 0.40142 0.193976 -0.895118
vn 0.405221 -0.298063 -0.864265
vn 0.350874 0.738867 -0.575294
vn 0.343614 0.163697 -0.924734
vn 0.426186 -0.291558 -0.856364
vn 0.256374 -0.247594 -0.934329
vn 0.186902 0.147152 -0.971295
vn 0.469668 0.207155 -0.858195
vn 0.481524 -0.32169 -0.815261
vn 0.370065 0.651141 -0.662622
vn 0.237428 0.547429 -0.802464
vn 0.505052 -0.270271 -0.81968
vn 0.421282 0.339963 -0.840801
vn 0.207662 -0.106133 -0.972426
vn 0.187251 0.370337 -0.909828
vn 0.373519 0.215908 -0.902146
vn 0.325352 -0.0693235 -0.943048
vn 0.334047 0.662706 -0.670249
vn 0.522623 -0.0913505 -0.847656
vn 0.258669 0.655273 -0.709724
vn 0.51931 0.420542 -0.74395
vn 0.262881 0.639621 -0.722343
vn 0.521797 0.188189 -0.832053
vn 0.526926 -0.276186 -0.803785
vn 0.530076 -0.219868 -0.818949
vn 0.511962 0.18896 -0.837967
vn 0.450766 0.583681 -0.675371
vn 0.675773 0.178606 -0.715144
vn 0.48183 0.567024 -0.668075
vn 0.433355 0.604544 -0.668379
vn 0.410339 0.570829 -0.71118
vn 0.619661 0.576003 -0.533142
vn 0.36985 0.582708 -0.723645
vn 0.189457 0.838403 -0.511064
vn 0.280968 0.398089 -0.87326
vn 0.6213 0.57322 -0.534234
vn 0.580067 0.268772 -0.76895
vn 0.518443 0.663387 -0.539569
vn 0.516535 0.364397 -0.774859
vn 0.5166 0.298489 -0.802514
vn 0.543551 0.322634 -0.774893
vn 0.529705 0.286432 -0.798354
vn 0.452166 0.34471 -0.822631
vn 0.25506 -0.0139242 -0.966825
vn 0.385386 0.499024 -0.776178
vn 0.342653 -0.0989219 -0.93424
vn 0.374786 0.418115 -0.827475
vn 0.467189 -0.0645455 -0.881798
vn 0.608611 0.581733 -0.53961
vn 0.286267 -0.185169 -0.940087
vn 0.485196 -0.201437 -0.850887
vn 0.166343 0.918903 -0.357696
vn 0.261474 0.363903 -0.893983
vn 0.309598 0.771184 -0.556259
vn 0.427087 -0.106129 -0.897961
vn 0.0302255 0.993728 -0.107659
vn 0.0977244 0.904633 -0.414836
vn -0.902956 0.2984 0.309236
vn -0.705459 0.681478 -0.194721
vn -0.65009 -0.22187 0.726744
vn -0.613085 0.787071 0.0681612
vn -0.551819 0.022889 0.833649
vn -0.996899 0.0292762 0.0730463
vn -0.227375 -0.699559 0.677435
vn -0.0105158 -0.827506 0.561358
vn -0.136593 -0.423759 0.895416
vn -0.437884 0.128086 0.88986
vn -0.9222 0.381775 0.0616077
vn -0.91241 0.409178 -0.00900206
vn -0.608497 -0.322847 0.724915
vn -0.861417 0.269955 0.430215
vn -0.203867 -0.506892 0.837555
vn -0.462177 0.19964 0.864023
vn -0.474876 0.794642 0.378202
vn 0.0726004 -0.158645 0.984663
vn -0.36039 0.582041 0.728935
vn -0.349813 0.236081 0.906585
vn -0.530975 0.791066 0.303778
vn -0.477379 0.82695 0.297093
vn -0.347405 0.911822 0.218841
vn -0.523819 0.851806 0.006342
vn -0.152895 0.911248 0.382426
vn -0.90568 0.303037 -0.2965
vn -0.856379 0.509792 -0.0820153
vn 0.2983 -0.92694 -0.227593
vn 0.662767 -0.546935 -0.51147
vn 0.459214 -0.491926 -0.739683
vn -0.388507 -0.289205 0.874884
vn -0.379464 -0.706961 -0.596836
vn -0.907654 0.330356 0.2589
vn -0.262998 -0.947365 -0.182567
vn -0.115906 -0.108453 0.987322
vn -0.344286 -0.93819 -0.0355817
vn -0.368456 -0.929645 0.00104239
vn -0.131759 -0.263783 -0.955541
vn -0.699264 0.628039 0.341463
vn -0.179503 -0.962644 -0.202718
vn -0.0931784 0.933329 -0.34672
vn -0.174814 -0.255163 0.950964
vn -0.388823 0.302857 -0.870112
vn -0.524119 -0.071545 0.848635
vn -0.56304 0.822267 -0.0828454
vn -0.735545 -0.0612753 -0.674699
vn -0.13178 -0.54084 -0.830738
vn -0.174814 -0.255163 0.950964
vn -0.00867402 -0.842641 -0.538405
vn -0.524119 -0.071545 0.848635
vn -0.735545 -0.0612753 -0.674699
vn -0.487082 -0.867175 -0.103723
vn -0.553004 -0.368757 -0.747131
vn -0.950984 0.194896 0.240094
vn -0.157888 -0.797725 -0.581984
vn -0.812392 0.0309344 -0.58229
vn -0.959352 0.00865424 -0.28208
vn 0.769386 -0.340401 0.54053
vn 0.844922 0.534431 -0.0221312
vn 0.900094 -0.293954 -0.321592
vn 0.927096 -0.373996 -0.0249203
vn 0.954059 -0.298153 -0.0295996
vn -0.369386 -0.741146 -0.560586
vn -0.713043 0.452263 0.53575
vn -0.403564 -0.914761 -0.0186613
vn 0.272966 -0.832308 0.482445
vn 0.357884 -0.925403 -0.124689
vn 0.207759 -0.947516 0.243001
vn -0.292988 -0.730026 0.617431
vn 0.884273 -0.431558 0.17838
vn 0.0238557 -0.93968 0.341221
vn 0.116842 -0.822848 0.556119
vn 0.384343 -0.512379 0.767951
vn -0.180871 0.384711 0.905143
vn -0.37716 -0.0502507 0.924784
vn 0.21778 0.523667 0.823617
vn 0.200903 -0.0170873 0.979462
vn -0.23662 -0.0213137 0.971368
vn 0.165993 0.140035 0.976133
vn 0.117054 -0.239243 0.963878
vn 0.179008 0.381405 0.90691
vn 0.38268 0.418366 0.823727
vn 0.030898 0.499067 0.866012
vn 0.0387017 0.157462 0.986766
vn 0.364553 0.0510132 0.929784
vn 0.648977 -0.342543 0.679333
vn 0.624784 0.121001 0.771365
vn 0.484955 -0.275567 0.829988
vn 0.498318 -0.341367 0.796962
vn -0.10218 -0.320576 0.941695
vn -0.187667 -0.406086 0.894357
vn -0.0378727 -0.17631 0.983606
vn 0.111969 -0.343435 0.932478
vn 0.00817558 -0.0668586 0.997729
vn 0.259334 0.0607189 0.963877
vn 0.209416 0.451351 0.867426
vn 0.083768 0.0391143 0.995717
vn -0.0579243 -0.397975 0.915566
vn -0.0741116 -0.314817 0.946254
vn -0.204566 0.216291 0.954657
vn -0.0961585 -0.19639 0.975799
vn -0.177286 -0.431043 0.884744
vn -0.414222 -0.360927 0.835555
vn 0.0567797 0.521381 0.851433
vn 0.522793 -0.359756 0.772828
vn -0.435141 -0.521102 0.734237
vn -0.498449 0.0977765 0.861388
vn -0.550495 -0.11569 0.826784
vn -0.303493 -0.580578 0.755527
vn 0.313562 -0.888421 0.335241
vn 0.32461 0.365687 0.872297
vn 0.478231 -0.75143 0.454586
vn 0.225925 0.524026 0.821191
vn 0.140021 0.438451 0.887781
vn 0.498136 0.316297 0.807351
vn 0.234911 0.476497 0.847211
vn -0.779246 0.268363 0.566354
vn -0.852345 0.370231 0.369374
vn -0.00850746 0.916987 0.398826
vn -0.0890727 0.359338 0.928947
vn -0.0247643 0.17509 0.984241
vn -0.697701 0.379844 0.607398
vn -0.534514 0.288302 0.794466
vn -0.219399 -0.182714 0.958374
vn -0.387062 0.20602 0.898743
vn -0.465135 0.674936 0.57281
vn -0.424318 0.299992 0.854376
vn -0.854665 0.303795 0.421019
vn -0.837025 -0.111619 0.535658
vn -0.275346 0.20688 0.938821
vn -0.807675 0.123123 0.57663
vn -0.87335 -0.171778 0.455799
vn -0.794646 -0.469128 0.385301
vn -0.827544 -0.389911 0.403908
vn -0.443086 -0.338284 0.830204
vn -0.503914 -0.810865 0.297606
vn -0.522058 -0.510293 0.683416
vn -0.5102 -0.848008 0.143448
vn -0.234362 -0.511459 0.826731
vn -0.471953 -0.477581 0.741064
vn -0.827887 -0.332356 0.451822
vn 0.401519 -0.712773 0.575098
vn -0.697932 -0.302999 0.648909
vn -0.17843 -0.503699 0.845252
vn -0.638367 -0.115924 0.760953
vn -0.59441 -0.376307 0.710683
vn -0.705518 0.0882828 0.703171
vn -0.75904 0.213193 0.615148
vn -0.57775 -0.367478 0.72881
vn -0.402266 -0.382889 0.831612
vn -0.677989 -0.335823 0.653876
vn -0.448555 0.0537284 0.892139
vn -0.46347 -0.508902 0.725406
vn -0.732582 -0.411244 0.542404
vn -0.0591973 -0.243477 0.968099
vn -0.0583082 -0.954964 0.290936
vn -0.337366 -0.929231 0.150714
vn -0.47058 0.197538 0.859961
vn -0.231341 0.340782 0.911235
vn -0.27389 -0.136122 -0.952079
vn -0.907654 0.330356 0.2589
vn -0.379464 -0.706961 -0.596836
vn -0.333032 -0.9409 -0.0616228
vn -0.537649 -0.778786 0.323151
vn -0.442967 -0.714127 -0.542036
vn -0.0329957 -0.985155 -0.168467
vn -0.440759 -0.683718 -0.581603
vn -0.546076 -0.711167 0.442767
vn -0.0534589 -0.637927 -0.768239
vn -0.27498 -0.463591 -0.8423
vn -0.866623 -0.306259 -0.393916
vn -0.772863 -0.265654 0.576291
vn 0.569649 -0.755815 0.322867
vn 0.82079 -0.525785 -0.22328
vn 0.804702 -0.506994 -0.308887
vn 0.496778 -0.846337 -0.192159
vn 0.46565 -0.862992 0.195997
vn 0.488846 -0.779129 0.392411
vn 0.00857902 -0.798364 0.602114
vn 0.000545589 -0.99681 -0.0798099
vn -0.0411393 -0.816239 0.576248
vn 0.530794 -0.464346 0.708972
vn -0.0655018 -0.749753 0.658468
vn 0.53935 -0.466547 0.701024
vn -0.140682 -0.232327 0.96241
vn 0.294999 -0.209541 0.932238
vn 0.559808 -0.4796 0.675721
vn 0.359663 -0.219527 0.90689
vn 0.521287 -0.801835 0.292098
vn 0.434626 -0.332347 0.837046
vn 0.870361 -0.368944 0.326117
vn 0.904084 -0.422141 -0.0665536
vn 0.521662 -0.847622 -0.0969852
vn 0.181052 -0.0718921 0.980842
vn 0.234479 0.0517406 0.970743
vn 0.409816 0.00365446 0.912161
vn 0.928561 -0.0141847 0.370909
vn 0.815657 -0.478985 -0.324465
vn 0.497005 -0.805248 -0.32336
vn 0.371899 0.230538 0.89919
vn 0.89565 0.161595 0.414366
vn 0.999022 -0.0310648 -0.0314718
vn 0.980633 -0.0603742 -0.186316
vn 0.999462 0.0235219 -0.0228692
vn 0.89288 0.433747 0.120949
vn 0.981196 0.0155061 -0.19239
vn 0.909152 0.382327 -0.16513
vn 0.808747 -0.207224 -0.550443
vn 0.803975 0.347337 -0.482682
vn 0.84452 0.0242543 -0.534974
vn 0.70137 0.712784 -0.00426389
vn 0.124012 0.652963 -0.747168
vn 0.301078 0.951712 -0.0599767
vn 0.362981 0.931741 -0.0101833
vn 0.0625116 0.866042 -0.496048
vn 0.360181 0.909747 0.20647
vn 0.248911 0.613318 0.749589
vn 0.307467 0.946951 0.0935296
vn 0.205445 0.794305 0.571727
vn 0.354078 0.829817 0.431315
vn 0.230239 0.891512 0.390123
vn -0.040035 0.998203 0.0445967
vn -0.0385893 0.946276 -0.321049
vn -0.857851 0.463533 -0.221874
vn -0.695426 0.661541 0.280619
vn -0.12038 0.491862 0.862311
vn -0.0130295 0.436709 0.899508
vn -0.754191 0.656555 0.0114196
vn 0.0239435 0.932385 0.360673
vn -0.0482496 0.928231 0.368862
vn 0.110785 0.938521 0.326964
vn -0.515008 0.851611 -0.097594
vn 0.502248 0.765956 0.401322
vn -0.973024 -0.223754 0.0561975
vn -0.718875 -0.636697 0.27899
vn 0.0230834 -0.860958 -0.508153
vn -0.13242 -0.99076 -0.0293289
vn -0.276627 -0.553408 0.785632
vn -0.660531 -0.528654 0.533126
vn -0.146176 -0.145017 0.978572
vn -0.116109 -0.946765 -0.300258
vn -0.572901 -0.181073 0.799373
vn -0.139879 -0.388682 0.910692
vn -0.464744 0.0539191 0.883802
vn 0.243668 -0.573518 0.782114
vn -0.446517 -0.196708 0.872885
vn -0.728527 0.313638 0.608998
vn -0.673187 0.337568 0.657927
vn -0.356021 -0.257756 0.898226
vn -0.640943 -0.375311 0.669577
vn 0.0011273 -0.428427 0.903576
vn -0.190486 -0.714715 0.672976
vn -0.880844 0.465397 0.0867179
vn -0.905808 0.288917 0.309902
vn -0.363913 -0.904116 0.223923
vn -0.538465 -0.832578 -0.129885
vn -0.65491 -0.609601 0.446631
vn -0.236644 -0.484583 0.842127
vn -0.50125 -0.731403 0.462383
vn -0.488063 -0.717233 0.497364
vn 0.0409466 -0.878879 0.475284
vn 0.0567382 -0.513661 0.856115
vn -0.64877 -0.62769 0.430235
vn -0.891697 -0.261111 0.369727
vn -0.479505 -0.724276 0.495479
vn -0.245898 -0.514969 0.821183
vn -0.704033 -0.428979 0.565964
vn -0.920493 0.326127 0.215254
vn -0.852822 -0.052842 0.51952
vn -0.277719 -0.548117 0.788949
vn -0.892467 0.398741 0.21097
vn -0.445627 -0.132215 0.885402
vn -0.890729 0.357474 0.280739
vn -0.686372 -0.0540558 0.725239
vn -0.284044 -0.798187 0.53124
vn 0.152179 -0.726077 0.670562
vn -0.349813 0.236081 0.906585
vn -0.347405 0.911822 0.218841
vn 0.539905 -0.744219 -0.393244
vn 0.783611 -0.552799 -0.283491
vn 0.803711 -0.3823 -0.455956
vn 0.804702 -0.506994 -0.308887
vn 0.0181535 -0.787031 -0.616646
vn 0.496778 -0.846337 -0.192159
vn 0.0972615 -0.40909 -0.907296
vn 0.82079 -0.525785 -0.22328
vn -0.000256548 -0.820427 -0.571752
vn 0.000545589 -0.99681 -0.0798099
vn 0.113567 -0.8046 -0.582856
vn -0.863343 0.376582 -0.335895
vn -0.841041 0.482386 0.244854
vn -0.812981 0.466535 0.348434
vn -0.794257 0.42989 -0.429361
vn -0.400453 0.870865 0.285011
vn -0.330375 0.882127 -0.335715
vn -0.753723 0.308855 -0.580096
vn -0.845297 0.533435 -0.0303157
vn -0.318361 0.366986 -0.874052
vn -0.511813 -0.180789 -0.839859
vn -0.51027 -0.304052 -0.804473
vn -0.0529543 -0.787554 -0.613966
vn -0.732063 -0.0688037 -0.677753
vn -0.905753 -0.0520006 -0.420604
vn -0.229512 -0.401604 -0.886588
vn -0.772413 -0.297377 -0.5612
vn -0.723907 -0.121665 -0.679085
vn -0.30329 -0.151359 -0.940801
vn -0.730606 0.162677 -0.663138
vn -0.130698 -0.490606 -0.861524
vn -0.335001 -0.0155174 -0.94209
vn -0.94502 0.0827268 -0.316375
vn -0.902791 -0.0478702 -0.427407
vn 0.0291821 -0.517382 -0.855257
vn 0.0583447 -0.495661 -0.866554
vn -0.768035 -0.122836 -0.628517
vn -0.530716 -0.330429 -0.780485
vn -0.0648182 -0.870495 -0.487891
vn -0.534984 -0.194178 -0.822245
vn -0.882811 0.23101 -0.408997
vn -0.820196 0.00308327 -0.572075
vn -0.857121 -0.177109 -0.48371
vn -0.933591 -0.208026 -0.291776
vn -0.812911 -0.493237 -0.309667
vn -0.38764 -0.497965 -0.775736
vn -0.321228 -0.912244 -0.254213
vn -0.745117 0.485866 -0.456875
vn -0.970942 0.205449 -0.12273
vn -0.853688 0.496596 -0.156872
vn -0.881363 0.301795 0.363482
vn -0.796845 0.599878 0.0720028
vn -0.915481 -0.130876 0.380482
vn -0.794383 -0.49452 0.352712
vn -0.0162726 -0.866951 -0.498127
vn -0.83426 0.328614 0.442745
vn -0.150323 -0.919494 0.363226
vn 0.394227 -0.654852 0.644789
vn -0.551355 0.498871 0.668682
vn 0.834228 -0.549069 0.0508654
vn -0.202973 0.0489674 0.977959
vn -0.037685 0.998287 -0.0447483
vn -0.891697 -0.261111 0.369727
vn -0.248113 -0.458703 -0.853248
vn -0.330488 -0.0708228 -0.941149
vn -0.198116 0.979674 0.0314358
vn -0.513207 0.855451 0.0694477
vn -0.908286 0.416911 -0.034657
vn -0.682895 -0.177128 0.708717
vn -0.989527 -0.0933011 0.110138
vn -0.8237 0.504439 -0.258958
vn -0.730974 0.672575 -0.115414
vn -0.673187 0.337568 0.657927
vn -0.728527 0.313638 0.608998
vn -0.363913 -0.904116 0.223923
vn -0.422055 -0.904849 -0.0558383
vn -0.226522 -0.95476 -0.192669
vn 0.113567 -0.8046 -0.582856
vn 0.0972615 -0.40909 -0.907296
vn 0.0181535 -0.787031 -0.616646
vn -0.627118 -0.737035 -0.251998
vn -0.79058 -0.602883 -0.107315
vn -0.516867 -0.85575 0.0232552
vn -0.373998 -0.913587 -0.159639
vn -0.89841 -0.43132 -0.0826014
vn -0.000256548 -0.820427 -0.571752
vn 0.000545589 -0.99681 -0.0798099
vn -0.448931 -0.852446 0.267948
vn -0.636063 -0.679999 0.364726
vn -0.620999 -0.644865 0.445545
vn 0.00857902 -0.798364 0.602114
vn -0.76151 -0.104253 0.639714
vn -0.0655018 -0.749753 0.658468
vn -0.522058 -0.510293 0.683416
vn -0.140682 -0.232327 0.96241
vn -0.0411393 -0.816239 0.576248
vn -0.603845 0.711936 0.358495
vn -0.832349 -0.407281 -0.375921
vn -0.354082 0.411985 -0.83958
vn -0.204198 0.978911 0.00601769
vn -0.204939 0.0150136 0.97866
vn -0.541851 0.809558 -0.22586
vn -0.533998 -0.201947 0.821014
vn -0.999951 0.00920323 0.00362273
vn -0.632222 -0.0539739 0.772905
vn -0.531125 -0.126032 0.837868
vn -0.456414 0.709039 0.53754
vn -0.699264 0.628039 0.341463
vn -0.381154 0.7652 0.518836
vn -0.461742 0.849107 -0.256537
vn -0.64263 -0.305757 0.702524
vn -0.988949 -0.103457 -0.106191
vn -0.713043 0.452263 0.53575
vn -0.56285 0.444828 0.696655
vn -0.51492 0.534056 0.670553
vn -0.458206 0.454083 0.764104
vn -0.569778 0.495188 0.655852
vn -0.482329 0.534019 0.694394
vn -0.490856 0.443815 0.749726
vn -0.619188 0.193292 0.761081
vn -0.420431 0.716209 0.55703
vn -0.430645 0.0961374 0.897387
vn -0.571088 0.469933 0.673069
vn -0.46655 0.556346 0.687611
vn -0.467785 0.641969 0.607497
vn -0.398035 0.759516 0.514494
vn -0.460667 0.744469 0.483272
vn -0.402759 0.809841 0.426547
vn -0.481252 0.694278 0.53514
vn -0.510804 0.671757 0.53649
vn -0.375728 0.846721 0.376687
vn -0.480911 0.723952 0.494588
vn -0.446709 0.750306 0.487332
vn -0.343178 0.866848 0.361667
vn -0.371526 0.811174 0.451625
vn -0.375463 0.831783 0.408857
vn -0.300432 0.881464 0.364364
vn -0.399667 0.777394 0.485721
vn -0.446188 0.755152 0.480272
vn -0.34222 0.887804 0.307718
vn -0.524501 0.748689 0.405419
vn -0.525034 0.660472 0.536764
vn -0.472853 0.781261 0.407481
vn -0.371213 0.860132 0.349821
vn -0.408149 0.808677 0.423623
vn -0.394425 0.816382 0.421841
vn -0.329129 0.869502 0.368294
vn -0.329038 0.833981 0.442956
vn -0.329494 0.846084 0.419016
vn -0.298999 0.94177 0.153847
vn -0.393183 0.764902 0.510227
vn -0.400313 0.780987 0.479384
vn -0.340357 0.773659 0.534423
vn -0.278216 0.871495 0.403847
vn -0.232967 0.972376 0.0145565
vn -0.171669 0.983887 0.04996
vn -0.220961 0.939781 0.260744
vn -0.355874 0.7833 0.509701
vn -0.190655 0.844302 -0.500804
vn -0.479135 0.723677 0.496711
vn -0.516251 0.713156 0.47423
vn -0.466625 0.721327 0.511809
vn -0.391146 0.717683 0.576138
vn -0.293886 0.860029 0.417111
vn -0.394751 0.444905 0.803885
vn -0.413491 0.788562 0.455188
vn -0.156083 0.979224 0.129452
vn -0.425575 0.780414 0.458082
vn -0.0985969 0.994239 0.0420504
vn -0.0800518 0.922163 -0.378427
vn -0.110881 0.991302 0.0708871
vn -0.00640864 0.990293 -0.13885
vn -0.124494 0.988315 0.0879435
vn -0.0271723 0.998964 0.0365037
vn -0.246977 0.865342 0.436103
vn -0.0661946 0.99218 0.105815
vn -0.0558639 0.992644 0.107414
vn -0.141452 0.962827 0.230122
vn -0.022454 0.998291 -0.053945
vn -0.000448054 0.999969 0.00789712
vn 0.0974887 0.995159 0.0124057
vn 0.0748354 0.996063 -0.0475098
vn -0.0220629 0.999428 -0.025622
vn -0.313058 0.910294 -0.270851
vn 0.0491002 0.981183 -0.186735
vn -0.800358 0.524068 -0.291168
vn 0.0129256 0.996033 -0.0880442
vn -0.548315 0.419524 -0.72343
vn -0.0360517 0.984943 -0.169077
vn 0.0776704 0.953911 -0.289865
vn 0.0603365 0.991528 -0.115026
vn 0.0186451 0.990016 0.139717
vn -0.0181815 0.999484 -0.0264914
vn -0.0376602 0.998518 0.0392956
vn 0.0615137 0.977789 -0.20036
vn -0.829685 0.360547 -0.42618
vn 0.0122178 0.893675 -0.448549
vn 0.0353409 0.878749 -0.475973
vn 0.189457 0.838403 -0.511064
vn 0.166343 0.918903 -0.357696
vn 0.0302255 0.993728 -0.107659
vn -0.557526 0.401993 0.726337
vn -0.696028 0.359058 0.62179
vn -0.714875 0.361823 0.598363
vn -0.674879 0.38149 0.631667
vn -0.66784 0.392597 0.632343
vn -0.625451 0.398755 0.670676
vn -0.576408 0.429195 0.695375
vn -0.597538 0.470987 0.648937
vn -0.474756 0.606762 0.637531
vn -0.521889 0.37532 0.766007
vn -0.566309 0.414613 0.712313
vn -0.563427 0.399526 0.723138
vn -0.59993 0.418532 0.681847
vn -0.682439 0.433628 0.588425
vn -0.666557 0.466066 0.581794
vn -0.613499 0.0982813 0.783556
vn -0.749493 0.405888 0.522987
vn -0.678402 0.316357 0.663091
vn -0.649834 0.386757 0.654321
vn -0.6618 -0.130651 0.738208
vn -0.578714 -0.170193 0.797574
vn -0.696485 0.451842 0.557447
vn -0.56974 0.457444 0.682745
vn -0.488711 -0.190515 0.851391
vn -0.825637 0.0162635 0.563968
vn -0.606188 0.368088 0.705016
vn -0.661928 0.342949 0.666512
vn -0.670308 0.33443 0.662453
vn -0.709457 0.02159 0.704418
vn -0.70142 0.000174726 0.712748
vn -0.723318 0.273203 0.634169
vn -0.727133 0.0273883 0.68595
vn -0.706141 0.01339 0.707945
vn -0.609039 0.276582 0.743353
vn -0.707422 -0.070493 0.703267
vn -0.673682 -0.0819078 0.734469
vn -0.557108 0.369472 0.743721
vn -0.81394 -0.064832 0.57732
vn -0.840792 -0.146995 0.521019
vn -0.52779 -0.213786 0.82203
vn -0.521164 0.402342 0.752668
vn -0.481002 0.40828 0.775851
vn -0.342636 -0.122858 0.9314
vn -0.337064 0.0191206 0.941288
vn -0.94718 -0.130009 0.293167
vn -0.1527 -0.0297958 0.987823
vn -0.273475 0.438844 0.855937
vn -0.298788 0.11651 0.947181
vn -0.533998 -0.201947 0.821014
vn -0.898756 0.281623 0.336044
vn -0.541851 0.809558 -0.22586
vn 0.769386 -0.340401 0.54053
vn 0.900094 -0.293954 -0.321592
vn 0.5748 -0.817447 0.0372178
vn 0.954059 -0.298153 -0.0295996
vn 0.734362 -0.666392 -0.128975
vn 0.819546 -0.194876 -0.538858
vn -0.245898 -0.514969 0.821183
vn -0.276627 -0.553408 0.785632
vn 0.291693 -0.915783 0.276147
vn 0.778742 -0.6219 -0.0824681
vn -0.13242 -0.99076 -0.0293289
vn 0.0230834 -0.860958 -0.508153
vn -0.116109 -0.946765 -0.300258
vn -0.472276 0.419677 -0.77513
vn -0.573142 -0.8175 0.056576
vn -0.880298 0.313011 0.35651
vn -0.722776 0.68523 -0.0897504
vn -0.585275 0.79386 -0.165046
vn -0.74833 0.556095 -0.361607
vn -0.508738 0.817656 -0.26949
vn -0.558723 0.0485125 -0.827934
vn 0.00822662 0.551838 -0.833911
vn 0.264917 0.78472 -0.560388
vn 0.514918 -0.209916 -0.83114
vn 0.787106 -0.0108338 -0.616723
vn 0.565438 0.43911 -0.698185
vn 0.459171 -0.127638 -0.87913
vn 0.428256 0.256396 -0.866521
vn 0.636457 0.263616 -0.724865
vn 0.465151 0.147156 -0.872914
vn 0.699445 0.374776 -0.608539
vn 0.585043 0.351869 -0.730694
vn 0.578246 0.278322 -0.766921
vn 0.45374 0.700745 -0.550523
vn 0.54272 0.277622 -0.792705
vn 0.433429 0.74492 -0.507182
vn 0.655259 0.474286 -0.587953
vn 0.383885 0.448373 -0.807214
vn 0.553898 0.670222 -0.493962
vn 0.390716 0.631875 -0.669385
vn 0.450458 0.700272 -0.553811
vn 0.302416 0.256011 -0.918152
vn 0.199072 0.656044 -0.727995
vn 0.270659 0.629124 -0.728661
vn 0.446496 -0.00567699 -0.894768
vn 0.34318 -0.290457 -0.893231
vn 0.539003 0.076016 -0.838867
vn 0.55029 -0.214945 -0.806833
vn 0.396363 -0.203949 -0.895154
vn 0.560199 0.0546403 -0.826554
vn 0.184364 -0.352671 -0.917406
vn 0.461685 -0.0279072 -0.886605
vn 0.327283 0.192379 -0.925136
vn 0.419219 -0.134637 -0.897847
vn 0.393805 0.36919 -0.841794
vn 0.2262 -0.122293 -0.966374
vn 0.278966 0.380583 -0.881666
vn 0.379179 0.19936 -0.903592
vn 0.357555 0.674519 -0.645894
vn 0.304383 -0.238768 -0.922139
vn 0.471603 -0.394683 -0.788553
vn 0.519437 0.28522 -0.805503
vn 0.340878 -0.384268 -0.857986
vn 0.313302 0.321771 -0.893479
vn 0.187966 -0.387888 -0.902337
vn 0.235241 0.366795 -0.900068
vn 0.483836 0.317999 -0.81534
vn 0.436729 -0.400735 -0.805406
vn 0.436664 -0.448893 -0.779628
vn 0.401428 0.248609 -0.881504
vn 0.31544 0.769464 -0.555358
vn 0.230099 0.823409 -0.518702
vn 0.163852 0.731098 -0.662306
vn 0.141346 0.86798 -0.476058
vn 0.116833 0.892148 -0.436374
vn 0.400096 0.766228 -0.50281
vn 0.0353925 0.893976 -0.446714
vn 0.08842 0.345443 -0.934265
vn 0.131867 0.916197 -0.37841
vn 0.0649881 0.759328 -0.647455
vn -0.0407365 0.930343 -0.36442
vn 0.111381 0.946038 -0.304312
vn 0.260477 0.321734 -0.910296
vn 0.326359 0.853388 -0.406471
vn 0.466824 0.206632 -0.859871
vn 0.530676 0.216313 -0.819507
vn 0.320716 0.784448 -0.530833
vn 0.493456 0.0348389 -0.869073
vn 0.507865 0.112441 -0.854067
vn -0.0703554 0.892504 -0.445519
vn -0.108915 0.241856 -0.96418
vn -0.181719 0.982415 -0.0428798
vn 0.0945381 0.907086 -0.410192
vn 0.202178 0.824557 -0.528422
vn 0.160331 0.819348 -0.550421
vn 0.188519 0.865315 -0.464425
vn 0.15161 0.988217 0.0210241
vn 0.301144 0.88394 -0.357718
vn 0.16448 0.896502 -0.411375
vn 0.201676 0.849959 -0.48672
vn -0.336751 0.930271 -0.14558
vn -0.100316 0.931037 -0.350866
vn -0.503651 0.714081 -0.486234
vn -0.543258 0.186109 -0.818678
vn 0.0795908 0.990886 -0.108674
vn 0.25085 0.47949 -0.84093
vn 0.151578 0.627355 -0.763839
vn 0.12751 0.459699 -0.878873
vn 0.190599 0.534209 -0.823585
vn 0.306731 0.289073 -0.906837
vn 0.184868 0.368834 -0.910926
vn 0.332865 0.459249 -0.823584
vn 0.340236 0.169577 -0.924923
vn 0.216701 0.584749 -0.781735
vn 0.356251 0.083662 -0.930637
vn 0.2909 0.572105 -0.766859
vn 0.311368 0.528504 -0.789768
vn 0.197415 0.441136 -0.875458
vn 0.190721 0.309384 -0.931615
vn 0.323581 0.625562 -0.709906
vn 0.346114 0.361176 -0.865885
vn 0.311837 0.511647 -0.80061
vn 0.177354 0.241485 -0.95406
vn 0.0842551 0.519398 -0.850368
vn 0.0423465 0.806255 -0.590051
vn 0.242375 0.400414 -0.883699
vn 0.0954628 0.453394 -0.886183
vn 0.18098 0.692243 -0.698603
vn 0.340393 0.45248 -0.824254
vn 0.33875 0.42318 -0.840337
vn 0.336413 0.829941 -0.444999
vn 0.555742 0.105603 -0.824621
vn 0.352412 0.722269 -0.595092
vn 0.148111 0.830938 -0.536288
vn 0.198423 0.426205 -0.882597
vn 0.0575783 0.901723 -0.428463
vn 0.171045 0.430282 -0.886342
vn 0.290726 0.719138 -0.631125
vn 0.186973 0.236102 -0.953571
vn -0.509079 0.556224 -0.656851
vn 0.332349 0.319671 -0.88733
vn -0.139957 0.964455 -0.224138
vn 0.367144 0.468183 -0.803747
vn 0.398877 0.31536 -0.861072
vn 0.191839 0.403198 -0.894779
vn -0.68179 0.205253 -0.702164
vn -0.43074 0.412442 -0.802717
vn -0.170312 0.0978776 -0.980517
vn 0.349388 0.769206 -0.535023
vn 0.192198 0.908427 -0.371241
vn 0.379507 0.820592 -0.427321
vn 0.487373 0.72445 -0.487482
vn 0.471235 0.21859 -0.854491
vn 0.119827 0.575338 -0.809091
vn 0.515106 0.169547 -0.84019
vn 0.246808 0.943539 -0.220955
vn 0.326051 0.0939217 -0.940675
vn 0.414133 0.0956919 -0.905172
vn 0.228407 0.220052 -0.948371
vn 0.398848 0.0945199 -0.912133
vn 0.163524 -0.499913 -0.850498
vn -0.183903 -0.262806 -0.94716
vn -0.138519 0.241868 -0.960371
vn 0.523571 -0.216699 -0.823963
vn 0.150212 -0.47297 -0.868179
vn 0.324344 -0.323 -0.889085
vn 0.357583 0.415569 -0.836323
vn -0.630646 0.31634 -0.708671
vn 0.0620196 0.968437 -0.241421
vn 0.307109 0.885542 -0.348569
vn 0.156066 0.581869 -0.798168
vn -0.200465 0.825733 -0.527236
vn 0.514346 0.773175 -0.37101
vn 0.657079 0.583065 -0.47779
vn 0.143052 0.943687 -0.298313
vn 0.70863 0.280212 -0.647553
vn 0.585106 -0.808641 0.0612537
vn 0.662901 -0.738842 -0.121138
vn 0.306415 -0.890187 0.337161
vn 0.184064 -0.932497 0.310756
vn 0.442265 -0.82518 0.351398
vn -0.812392 0.0309344 -0.58229
vn -0.32078 0.886707 -0.332944
vn -0.950984 0.194896 0.240094
vn -0.959352 0.00865424 -0.28208
vn -0.125605 0.132402 -0.983205
vn 0.0581416 -0.598577 -0.798952
vn -0.346109 -0.460747 -0.817264
vn -0.13178 -0.54084 -0.830738
vn -0.35576 0.00427283 -0.934568
vn -0.190931 -0.449439 -0.872669
vn -0.430653 -0.0481846 -0.90123
vn -0.0931784 0.933329 -0.34672
vn 0.00301676 -0.0484945 -0.998819
vn -0.388823 0.302857 -0.870112
vn -0.0277114 -0.0800462 -0.996406
vn -0.690549 0.268909 -0.671438
vn -0.00867402 -0.842641 -0.538405
vn -0.487082 -0.867175 -0.103723
vn -0.56304 0.822267 -0.0828454
vn -0.455279 -0.418515 -0.785854
vn 0.997546 0.00962907 -0.0693448
vn -0.122057 0.898973 0.420653
vn -0.157926 0.0956257 -0.98281
vn -0.808009 0.583213 -0.0835708
vn -0.441752 0.458709 -0.771
vn -0.457286 0.88929 0.00724151
vn -0.021529 0.411814 -0.911014
vn -0.0751651 0.997151 -0.00630549
vn 0.106036 0.432653 -0.895303
vn 0.132441 0.991138 -0.010221
vn 0.013335 0.502654 -0.864385
vn 0.0110885 0.998873 -0.0461402
vn 0.0698419 0.468836 -0.88052
vn -0.00119585 0.992528 -0.122008
vn 0.252784 0.50567 -0.824863
vn 0.262354 0.916612 -0.30165
vn 0.00631763 -0.15082 -0.988541
vn 0.0892325 -0.103843 -0.990583
vn -0.00299795 -0.0512854 -0.99868
vn 0.145884 -0.0771158 -0.986291
vn 0.0103679 0.01521 -0.999831
vn 0.321559 0.660021 -0.678949
vn 0.471446 0.792737 -0.386402
vn -0.00146234 0.00194629 -0.999997
vn 0.0748312 0.103935 -0.991765
vn 0.123122 -0.413902 -0.901957
vn -0.30773 -0.374406 -0.874713
vn 0.399812 0.839472 -0.368019
vn 0.0792993 0.897396 -0.434041
vn 0.158379 0.182427 -0.970379
vn 0.140729 0.859553 -0.491288
vn 0.238873 0.373916 -0.896173
vn 0.252921 0.75499 -0.604997
vn 0.211496 0.258926 -0.942458
vn 0.0690286 0.368011 -0.927256
vn 0.0150855 0.402854 -0.91514
vn -0.349788 0.550591 -0.757957
vn -0.343763 0.660907 -0.667105
vn 0.0404914 0.972377 -0.229878
vn -0.211111 0.945593 -0.24756
vn -0.893601 0.448859 -0.00152794
vn 0.715202 0.669418 -0.200913
vn 0.207891 0.845875 -0.491199
vn 0.844937 0.404371 -0.350093
vn 0.398765 0.516046 -0.758079
vn 0.338254 0.911148 -0.235358
vn 0.403596 0.743958 -0.532575
vn 0.605647 0.780197 -0.156476
vn 0.64737 0.757488 0.0844071
vn 0.719835 0.691637 0.0589496
vn 0.176117 0.666564 -0.724344
vn 0.598808 0.607077 -0.522386
vn 0.504269 0.363591 -0.783272
vn 0.793357 0.44335 -0.417163
vn 0.693287 0.519844 -0.499114
vn 0.430628 0.442843 -0.786416
vn 0.284455 0.79099 -0.541682
vn 0.169565 0.915417 -0.365048
vn 0.231687 0.847813 -0.477005
vn 0.127859 0.848578 -0.513388
vn 0.473262 0.727616 -0.496585
vn -0.0432398 0.606772 -0.793699
vn -0.00915324 0.838384 -0.545003
vn 0.418198 0.822259 -0.386006
vn -0.110005 0.966258 -0.232902
vn 0.0874103 0.988268 -0.125246
vn 0.37344 0.866309 -0.331741
vn 0.0262414 0.915538 -0.401375
vn 0.155661 0.591813 -0.790903
vn 0.181181 0.893973 -0.409861
vn 0.597132 0.800951 0.0437149
vn 0.898577 0.379362 -0.220554
vn 0.876879 0.184242 -0.444002
vn 0.463729 0.726766 -0.506721
vn 0.664577 0.241364 -0.707164
vn 0.66725 0.247691 -0.702443
vn 0.604148 0.555518 -0.571318
vn 0.623458 0.592514 -0.510124
vn 0.384935 0.26525 -0.884006
vn 0.801794 0.384484 -0.457492
vn 0.678904 0.52907 -0.509092
vn 0.718482 0.335426 -0.609322
vn 0.591787 0.661885 -0.460105
vn 0.746698 0.41517 -0.519687
vn 0.709695 0.424936 -0.561927
vn 0.702797 0.496602 -0.509375
vn 0.774301 0.62765 -0.080707
vn 0.690106 0.489382 -0.533159
vn 0.72665 0.496619 -0.47471
vn 0.777981 0.627853 -0.0233549
vn 0.743562 0.667664 -0.0366047
vn 0.75152 0.238625 -0.615041
vn 0.703009 0.465383 -0.537771
vn 0.625467 0.647744 -0.434993
vn 0.961557 0.185029 -0.20291
vn 0.721642 0.404207 -0.562005
vn 0.478374 0.757577 -0.444112
vn 0.757819 0.224094 -0.612774
vn 0.790142 0.153971 -0.59327
vn 0.444543 0.611174 -0.654865
vn 0.526954 0.329291 -0.783509
vn 0.540304 0.267283 -0.797892
vn 0.743098 0.375777 -0.553712
vn 0.516443 0.351846 -0.780699
vn 0.674076 0.593023 -0.440393
vn 0.244258 0.342991 -0.907025
vn 0.277851 0.190683 -0.941509
vn 0.578679 0.0728691 -0.812293
vn 0.163524 -0.499913 -0.850498
vn -0.183903 -0.262806 -0.94716
vn 0.120182 -0.802186 -0.584853
vn 0.150212 -0.47297 -0.868179
vn 0.304787 -0.640265 -0.7051
vn 0.141804 -0.0741374 -0.987115
vn 0.324344 -0.323 -0.889085
vn 0.399729 -0.0168923 -0.916478
vn 0.00569342 -0.203258 -0.979109
vn -0.339246 -0.313621 -0.886879
vn 0.424336 -0.561815 -0.710143
vn 0.523571 -0.216699 -0.823963
vn 0.603319 -0.00712368 -0.797468
vn 0.35655 -0.320061 -0.877743
vn 0.341084 -0.716554 -0.608451
vn 0.436482 0.00628165 -0.899691
vn 0.354429 -0.00310672 -0.935078
vn 0.420638 -0.459708 -0.782133
vn 0.854649 -0.00852983 -0.519136
vn 0.832412 0.192492 -0.519651
vn -0.455527 -0.334849 -0.824846
vn -0.366475 -0.818212 -0.442973
vn -0.704179 -0.356178 -0.614222
vn 0.805033 -0.58409 -0.103734
vn -0.704033 -0.428979 0.565964
vn -0.037685 0.998287 -0.0447483
vn 0.0204891 -0.719799 0.69388
vn 0.0639341 -0.892752 0.44599
vn 0.181376 -0.72069 0.66911
vn 0.0319219 -0.942109 0.333783
vn -0.229433 -0.968767 0.094082
vn 0.00477378 -0.957511 0.288356
vn 0.157465 -0.783555 0.601038
vn 0.313462 -0.946233 0.0799012
vn 0.0829704 -0.980463 0.178348
vn 0.501595 -0.818725 0.279447
vn 0.446094 -0.794029 0.412937
vn 0.0913905 -0.940767 0.326504
vn 0.573647 -0.818596 -0.0288102
vn 0.428195 -0.898091 0.10041
vn 0.0307086 -0.921823 0.386394
vn -0.992094 -0.0320006 -0.121348
vn -0.524119 -0.071545 0.848635
vn -0.56304 0.822267 -0.0828454
vn -0.487082 -0.867175 -0.103723
vn -0.430653 -0.0481846 -0.90123
vn 0.374189 0.115023 0.920191
vn 0.138155 -0.174173 0.974975
vn -0.069484 -0.00322804 0.997578
vn 0.0155024 0.420242 0.90728
vn -0.332426 -0.238645 0.912437
vn 0.0238909 -0.0859744 -0.996011
vn -0.490627 -0.11881 -0.863232
vn 0.0164834 -0.730998 -0.68218
vn -0.465355 -0.394677 0.792259
vn -0.839002 -0.483259 0.250073
vn -0.496523 -0.84869 0.182184
vn -0.134825 0.918054 0.372826
vn -0.416216 0.401333 0.815902
vn -0.67816 0.624084 0.388094
vn -0.0890727 0.359338 0.928947
vn -0.00850746 0.916987 0.398826
vn 0.775308 0.380432 0.504152
vn -0.0501403 0.968958 -0.242086
vn -0.0796856 0.99672 0.0141113
vn 0.165176 0.986213 0.00999897
vn -0.422055 -0.904849 -0.0558383
vn -0.0785501 -0.975156 -0.207123
vn -0.908286 0.416911 -0.034657
vn 0.0353409 0.878749 -0.475973
vn 0.0615137 0.977789 -0.20036
vn 0.0603365 0.991528 -0.115026
vn -0.503924 -0.522915 0.687474
vn -0.28803 -0.195434 0.937467
vn -0.56892 -0.233148 0.788653
vn -0.507445 -0.517182 0.689219
vn -0.47856 -0.573454 0.66493
vn -0.395277 -0.17988 0.900777
vn -0.162658 -0.342553 0.925311
vn -0.552211 -0.110058 0.826408
vn -0.134704 -0.102245 0.985597
vn -0.404067 -0.635435 0.657991
vn -0.655146 -0.0256957 0.755065
vn -0.652062 -0.236615 0.720298
vn -0.448815 -0.492471 0.745679
vn -0.567418 -0.501535 0.65307
vn -0.64232 -0.450989 0.619705
vn -0.642796 0.0291997 0.76548
vn -0.550495 -0.11569 0.826784
vn -0.182295 -0.716225 0.67364
vn -0.177155 0.038561 0.983427
vn 0.138155 -0.174173 0.974975
vn 0.309952 0.0951831 0.945975
vn 0.395812 -0.0656977 0.915978
vn 0.568136 0.15671 0.807876
vn -0.566305 -0.408408 0.715892
vn -0.7136 -0.4466 0.539744
vn -0.465982 0.0102794 0.884735
vn -0.63814 -0.510704 0.576158
vn -0.396768 -0.573022 0.717092
vn -0.435812 -0.773351 0.460431
vn -0.116031 -0.797379 0.592219
vn -0.132148 -0.251835 0.958705
vn -0.324311 -0.506144 0.79915
vn -0.581257 -0.471664 0.663079
vn -0.71111 -0.321186 0.62543
vn -0.591068 -0.506761 0.627561
vn -0.463876 -0.700635 0.542153
vn -0.5727 -0.504008 0.646522
vn -0.711809 -0.106237 0.694292
vn -0.669333 -0.242158 0.702391
vn -0.821965 -0.110773 0.558662
vn -0.371526 -0.315661 0.873113
vn -0.490796 -0.717953 0.493622
vn -0.646213 -0.18446 0.740529
vn -0.429824 -0.168185 0.88711
vn -0.162836 -0.478633 0.862783
vn -0.440824 -0.48795 0.753379
vn -0.759009 -0.109556 0.641796
vn -0.397564 -0.640918 0.656633
vn -0.156939 -0.7507 0.641732
vn -0.512163 -0.463419 0.72314
vn -0.417484 -0.638928 0.646125
vn -0.399225 -0.676438 0.618911
vn -0.374627 -0.646849 0.66426
vn -0.409558 -0.69399 0.592148
vn -0.355027 -0.840821 0.408627
vn -0.231839 -0.562641 0.793527
vn -0.323373 -0.785312 0.527934
vn -0.311108 -0.508762 0.802729
vn -0.563082 -0.16252 0.810263
vn -0.524358 -0.455504 0.71942
vn -0.787122 -0.256365 0.560996
vn -0.352337 -0.71797 0.600315
vn -0.520437 -0.690043 0.502976
vn -0.599642 -0.408909 0.687912
vn -0.139851 -0.748687 0.648004
vn -0.262015 -0.932732 0.247708
vn -0.0930551 -0.814203 0.573074
vn -0.500747 -0.687633 0.525751
vn -0.346869 -0.445343 0.82544
vn -0.518015 -0.758813 0.394794
vn -0.496914 -0.520509 0.694368
vn -0.736771 0.214263 0.641295
vn -0.863422 -0.0623919 0.500609
vn -0.457125 -0.612985 0.644427
vn -0.0691649 -0.903667 0.422613
vn 0.243226 -0.726629 0.642535
vn -0.318112 -0.534403 0.783083
vn 0.0466328 -0.504474 0.862167
vn 0.121473 -0.445075 0.887216
vn -0.66885 -0.489239 0.559718
vn 0.0874305 -0.910659 0.403802
vn -0.0995634 -0.862651 0.495903
vn -0.00492695 -0.9046 0.426233
vn 0.156746 -0.879691 0.44897
vn -0.0625574 -0.897901 0.435729
vn -0.466966 -0.464572 0.752407
vn -0.659076 -0.344133 0.668723
vn 0.0725299 0.242035 0.967553
vn -0.745916 -0.382732 0.545093
vn -0.72075 -0.388453 0.574128
vn -0.216286 -0.442728 0.870179
vn -0.267839 -0.7957 0.543253
vn -0.787677 -0.471617 0.396412
vn -0.785905 -0.478871 0.391198
vn -0.45504 -0.7375 0.499032
vn -0.350471 -0.831347 0.431314
vn -0.434952 -0.390197 0.811519
vn -0.406314 -0.662722 0.629054
vn -0.509682 -0.459109 0.727629
vn -0.429826 -0.762014 0.484338
vn -0.513347 -0.767995 0.382961
vn -0.518347 -0.77952 0.351659
vn -0.667075 -0.483489 0.566789
vn -0.378278 -0.811661 0.445098
vn -0.662555 -0.456292 0.593985
vn -0.693825 -0.405297 0.595266
vn -0.639669 -0.282454 0.714873
vn -0.56198 -0.383117 0.733075
vn -0.459131 -0.300644 0.835949
vn -0.463772 -0.128896 0.876528
vn -0.641872 -0.268355 0.718321
vn -0.697294 -0.222143 0.681494
vn -0.572288 -0.507352 0.644267
vn -0.567248 -0.356651 0.742314
vn -0.381486 -0.488733 0.784607
vn -0.593781 -0.228721 0.771434
vn -0.508271 -0.154219 0.847276
vn -0.426464 -0.450621 0.784264
vn -0.333003 -0.774086 0.538424
vn -0.496478 -0.440072 0.748229
vn -0.318679 -0.854029 0.41119
vn -0.617154 -0.325477 0.71637
vn -0.623452 -0.272982 0.732658
vn -0.477822 -0.408216 0.777847
vn -0.682849 -0.24295 0.68898
vn -0.525303 -0.440532 0.728003
vn -0.316997 -0.768599 0.55567
vn -0.115016 -0.879496 0.461799
vn -0.553059 -0.372808 0.745077
vn -0.624006 -0.526237 0.577659
vn -0.521249 -0.818911 0.240174
vn -0.20838 -0.920947 0.329292
vn -0.0406614 -0.783544 0.620004
vn -0.41127 -0.558394 0.720453
vn -0.338228 -0.88326 0.324735
vn -0.448489 -0.515621 0.730063
vn -0.80807 -0.412348 0.420703
vn -0.47469 -0.494338 0.728217
vn -0.505152 -0.837161 0.20972
vn -0.809301 -0.398465 0.431576
vn -0.789716 -0.378545 0.482754
vn -0.840792 -0.146995 0.521019
vn -0.81394 -0.064832 0.57732
vn -0.835623 -0.484165 0.259459
vn -0.825637 0.0162635 0.563968
vn -0.94718 -0.130009 0.293167
vn -0.537674 0.00628623 0.843129
vn -0.706721 -0.440031 0.554002
vn -0.374895 -0.583857 0.720115
vn -0.488711 -0.190515 0.851391
vn -0.435141 -0.521102 0.734237
vn -0.308168 -0.814596 0.491392
vn -0.795878 -0.417671 0.438326
vn -0.461293 -0.401472 0.79122
vn -0.258343 -0.0796646 0.962763
vn -0.0654591 -0.16351 0.984368
vn -0.0429419 -0.547651 0.835604
vn -0.1521 -0.442198 0.883927
vn -0.121211 -0.150146 0.981205
vn -0.381198 -0.306866 0.872079
vn -0.259277 -0.371848 0.89135
vn -0.0443385 -0.455426 0.889169
vn -0.143761 -0.423755 0.894295
vn -0.459593 -0.475645 0.750024
vn -0.323263 -0.4059 0.854837
vn -0.0744857 -0.400869 0.913102
vn -0.163758 -0.323205 0.932052
vn -0.285147 -0.037761 0.95774
vn -0.337064 0.0191206 0.941288
vn -0.430645 0.0961374 0.897387
vn -0.613499 0.0982813 0.783556
vn -0.678402 0.316357 0.663091
vn -0.341312 -0.28498 0.895708
vn -0.395677 -0.673266 0.624622
vn -0.182906 -0.935867 0.301163
vn -0.375564 -0.787736 0.488286
vn -0.330837 -0.819066 0.468698
vn -0.00762381 -0.633699 0.773542
vn 0.0246882 -0.844284 0.535327
vn -0.285594 -0.914235 0.287419
vn -0.0391287 -0.950527 0.308168
vn -0.0800115 -0.685505 0.723658
vn 0.184064 -0.932497 0.310756
vn 0.306415 -0.890187 0.337161
vn -0.130933 -0.69839 0.70364
vn -0.824847 -0.340971 0.450961
vn -0.0853842 -0.890301 0.447297
vn -0.041865 -0.552994 0.832133
vn -0.389346 -0.485328 0.782858
vn -0.069484 -0.00322804 0.997578
vn -0.498449 0.0977765 0.861388
vn -0.481223 -0.565912 0.669453
vn -0.475558 -0.327791 0.816332
vn -0.316778 -0.8346 0.45066
vn -0.466966 -0.464572 0.752407
vn -0.553059 -0.372808 0.745077
vn -0.566305 -0.408408 0.715892
vn -0.434952 -0.390197 0.811519
vn -0.624006 -0.526237 0.577659
vn -0.308168 -0.814596 0.491392
vn -0.45504 -0.7375 0.499032
vn -0.692356 -0.510707 0.509727
vn -0.785905 -0.478871 0.391198
vn -0.125816 -0.881287 0.455526
vn -0.0777693 -0.772859 0.629794
vn -0.113746 -0.787168 0.606159
vn -0.7136 -0.4466 0.539744
vn -0.795878 -0.417671 0.438326
vn -0.745916 -0.382732 0.545093
vn -0.518015 -0.758813 0.394794
vn -0.496914 -0.520509 0.694368
vn -0.481223 -0.565912 0.669453
vn -0.72075 -0.388453 0.574128
vn -0.406314 -0.662722 0.629054
vn -0.267839 -0.7957 0.543253
vn -0.316778 -0.8346 0.45066
vn -0.041865 -0.552994 0.832133
vn -0.323373 -0.785312 0.527934
vn -0.374895 -0.583857 0.720115
vn -0.318112 -0.534403 0.783083
vn -0.463876 -0.700635 0.542153
vn -0.66885 -0.489239 0.559718
vn -0.375564 -0.787736 0.488286
vn -0.262015 -0.932732 0.247708
vn -0.824847 -0.340971 0.450961
vn 0.0418234 -0.999125 -0.000665893
vn -0.285594 -0.914235 0.287419
vn -0.341312 -0.28498 0.895708
vn -0.121211 -0.150146 0.981205
vn -0.134704 -0.102245 0.985597
vn -0.285147 -0.037761 0.95774
vn -0.389346 -0.485328 0.782858
vn -0.069484 -0.00322804 0.997578
vn -0.759009 -0.109556 0.641796
vn -0.463772 -0.128896 0.876528
vn -0.599642 -0.408909 0.687912
vn -0.509682 -0.459109 0.727629
vn -0.56198 -0.383117 0.733075
vn -0.525303 -0.440532 0.728003
vn -0.461293 -0.401472 0.79122
vn -0.475558 -0.327791 0.816332
vn -0.47469 -0.494338 0.728217
vn -0.41127 -0.558394 0.720453
vn -0.488711 -0.190515 0.851391
vn -0.475558 -0.327791 0.816332
vn -0.678402 0.316357 0.663091
vn -0.0625574 -0.897901 0.435729
vn -0.0406614 -0.783544 0.620004
vn -0.115016 -0.879496 0.461799
vn -0.669333 -0.242158 0.702391
vn -0.71111 -0.321186 0.62543
vn -0.969349 -0.127596 0.209959
vn -0.795878 -0.417671 0.438326
vn -0.787677 -0.471617 0.396412
vn -0.787122 -0.256365 0.560996
vn -0.481223 -0.565912 0.669453
vn -0.132148 -0.251835 0.958705
vn -0.736771 0.214263 0.641295
vn -0.573557 0.327995 0.750634
vn -0.630391 -0.0448891 0.774979
vn -0.349382 0.0528968 0.935486
vn -0.566691 0.372915 0.734708
vn -0.597435 0.336609 0.72785
vn -0.526509 -0.439503 0.727754
vn -0.65713 0.233847 0.716586
vn -0.420317 0.204131 0.884117
vn -0.458515 -0.0495368 0.887305
vn -0.469208 -0.0593325 0.881092
vn -0.449425 0.316203 0.835484
vn -0.820391 0.0190088 0.571487
vn -0.7258 -0.0603041 0.685257
vn -0.636361 -0.687252 0.350327
vn -0.419624 -0.870323 0.257788
vn -0.177874 -0.899704 0.398614
vn -0.492364 0.364092 0.790579
vn -0.626251 -0.0997555 0.773213
vn -0.480614 -0.0595148 0.87491
vn -0.462201 -0.42194 0.779959
vn -0.545095 -0.411308 0.730546
vn -0.354433 -0.771475 0.528397
vn -0.274134 -0.893696 0.355188
vn -0.444959 -0.412345 0.794973
vn -0.781024 -0.464501 0.41742
vn -0.36804 0.650913 0.663972
vn -0.875713 0.0944252 0.473509
vn -0.317073 -0.706192 0.633054
vn -0.305885 -0.592774 0.745019
vn -0.173014 -0.755077 0.632396
vn -0.296257 -0.401635 0.866557
vn -0.137821 -0.507426 0.850602
vn -0.370057 -0.0140211 0.928903
vn -0.252099 0.0321916 0.967166
vn -0.540332 0.253464 0.80237
vn -0.226069 -0.470562 0.852915
vn -0.149522 -0.862334 0.48376
vn -0.0823466 -0.801558 0.592219
vn -0.500429 -0.0964024 0.860394
vn -0.0607238 -0.938085 0.341042
vn -0.0972465 -0.493879 0.864075
vn 0.396439 -0.734284 0.551056
vn 0.254743 -0.404004 0.878571
vn -0.180526 0.202396 0.962521
vn -0.246441 0.439313 0.86387
vn -0.274394 -0.114311 0.954799
vn -0.20511 0.396048 0.895028
vn -0.0261342 0.345116 0.938196
vn -0.385171 0.5297 0.755686
vn -0.155804 -0.273686 0.949116
vn -0.28823 0.417262 0.861868
vn -0.462201 -0.42194 0.779959
vn -0.281506 -0.416949 0.864238
vn -0.469208 -0.0593325 0.881092
vn -0.354433 -0.771475 0.528397
vn -0.458515 -0.0495368 0.887305
vn -0.177874 -0.899704 0.398614
vn -0.526509 -0.439503 0.727754
vn -0.626251 -0.0997555 0.773213
vn 0.287967 -0.875396 0.388274
vn 0.215703 -0.431202 0.876092
vn -0.224776 -0.918423 0.325539
vn -0.318551 -0.881845 -0.347669
vn 0.170931 -0.898338 -0.404687
vn -0.281467 -0.893301 0.350413
vn 0.198608 -0.921734 -0.333109
vn -0.175286 -0.371139 0.911883
vn 0.54098 -0.787872 0.294275
vn -0.315147 -0.24857 0.915912
vn 0.429051 -0.315783 0.846284
vn 0.332573 -0.916212 -0.223497
vn 0.691736 -0.642036 0.330593
vn 0.713832 -0.623139 0.319595
vn 0.250338 -0.888196 0.385278
vn 0.0909275 0.121417 0.988428
vn 0.779132 -0.599206 0.184134
vn 0.484955 -0.275567 0.829988
vn 0.648977 -0.342543 0.679333
vn 0.687569 -0.714022 0.13199
vn 0.997546 0.00962907 -0.0693448
vn 0.624784 0.121001 0.771365
vn 0.498318 -0.341367 0.796962
vn 0.376824 -0.819459 0.431846
vn 0.431494 -0.891017 0.141073
vn 0.478231 -0.75143 0.454586
vn 0.448948 -0.827179 0.337966
vn 0.547923 -0.7971 0.253796
vn 0.496431 -0.854688 0.15187
vn 0.0920236 -0.974678 0.2038
vn 0.0232463 -0.72154 0.691982
vn 0.140837 -0.975085 0.171387
vn 0.464561 -0.662448 -0.587662
vn 0.737751 -0.659609 0.143666
vn -0.018215 -0.719014 0.694757
vn 0.574166 -0.278956 0.769751
vn 0.747633 0.00593419 0.664086
vn -0.547094 -0.180272 0.817429
vn 0.865044 -0.357345 0.352143
vn 0.376824 -0.819459 0.431846
vn 0.691736 -0.642036 0.330593
vn 0.250338 -0.888196 0.385278
vn -0.603329 -0.623286 0.497502
vn -0.757461 -0.516903 0.39883
vn -0.331367 -0.570008 0.751856
vn -0.292988 -0.730026 0.617431
vn 0.0187461 -0.551034 0.834272
vn -0.385984 -0.806325 0.448169
vn -0.385915 -0.898599 -0.20878
vn 0.113329 -0.875134 0.470423
vn -0.81073 -0.573174 -0.119113
vn 0.034636 -0.976088 -0.214599
vn 0.272966 -0.832308 0.482445
vn -0.88321 -0.294516 0.364965
vn 0.0601917 -0.547371 0.834723
vn -0.689215 -0.585836 0.426356
vn -0.613138 -0.415362 0.671964
vn -0.294286 -0.662693 0.688646
vn -0.428281 -0.825691 0.367163
vn -0.304599 -0.823678 0.478303
vn -0.728135 -0.553533 0.404253
vn -0.458402 -0.633315 0.623522
vn -0.336443 -0.424912 0.84039
vn 0.147127 -0.380106 0.913167
vn -0.527465 -0.578109 0.622552
vn -0.706768 -0.533092 0.465073
vn -0.505434 -0.594406 0.625474
vn -0.749555 -0.516169 0.414411
vn -0.0441362 -0.551584 0.832951
vn -0.489544 -0.417895 0.765317
vn -0.495425 -0.635285 0.592425
vn -0.459593 -0.475645 0.750024
vn -0.495693 -0.538316 0.681545
vn -0.521123 -0.616259 0.590471
vn -0.143761 -0.423755 0.894295
vn -0.285702 -0.453905 0.844005
vn -0.259277 -0.371848 0.89135
vn -0.543988 -0.631314 0.552739
vn -0.744374 -0.331884 0.579448
vn -0.780782 -0.261687 0.567362
vn -0.783981 -0.24326 0.571138
vn -0.47 -0.509509 0.720764
vn -0.381198 -0.306866 0.872079
vn -0.323263 -0.4059 0.854837
vn -0.309343 -0.29758 0.903191
vn -0.448788 -0.06381 0.891357
vn -0.332426 -0.238645 0.912437
vn -0.524262 -0.352037 0.775383
vn -0.0744857 -0.400869 0.913102
vn -0.337011 -0.798736 0.498442
vn -0.069484 -0.00322804 0.997578
vn -0.163758 -0.323205 0.932052
vn -0.285147 -0.037761 0.95774
vn -0.55038 -0.650393 0.523517
vn -0.722647 -0.622112 0.301261
vn -0.692932 -0.573069 0.437535
vn -0.223603 -0.704265 0.673804
vn -0.653731 -0.507015 0.561757
vn -0.197381 -0.622462 0.757352
vn -0.627394 -0.230388 0.743841
vn -0.683481 -0.114435 0.720943
vn 0.207759 -0.947516 0.243001
vn -0.758557 -0.513745 0.400821
vn -0.613963 -0.772627 0.161548
vn -0.60481 -0.588809 0.536198
vn -0.856863 -0.354734 0.374098
vn -0.452977 -0.748491 0.484327
vn -0.6091 -0.740273 0.284593
vn -0.800086 -0.262067 0.539613
vn -0.398056 -0.170143 0.901445
vn -0.689215 -0.585836 0.426356
vn -0.292988 -0.730026 0.617431
vn 0.207759 -0.947516 0.243001
vn -0.458402 -0.633315 0.623522
vn -0.60481 -0.588809 0.536198
vn -0.6091 -0.740273 0.284593
vn -0.0441362 -0.551584 0.832951
vn -0.653731 -0.507015 0.561757
vn -0.683481 -0.114435 0.720943
vn -0.758557 -0.513745 0.400821
vn -0.313058 0.910294 -0.270851
vn -0.558723 0.0485125 -0.827934
vn 0.264917 0.78472 -0.560388
vn -0.829685 0.360547 -0.42618
vn -0.485377 -0.030464 -0.873774
vn -0.591323 0.185025 -0.784922
vn -0.806063 0.0104515 -0.591737
vn -0.590425 -0.351694 -0.726436
vn -0.662742 -0.390236 -0.639131
vn -0.610605 -0.404218 -0.681006
vn -0.793304 -0.111265 -0.598572
vn -0.800358 0.524068 -0.291168
vn -0.408369 -0.144846 -0.901252
vn -0.884372 -0.0649264 -0.462245
vn -0.186629 -0.0263974 -0.982076
vn -0.68179 0.205253 -0.702164
vn -0.0572688 -0.121006 -0.990998
vn -0.903567 -0.0467582 -0.425887
vn -0.681671 -0.118802 -0.721949
vn -0.566282 0.34008 -0.75078
vn -0.678617 -0.191987 -0.708957
vn -0.586389 -0.296761 -0.753712
vn -0.548315 0.419524 -0.72343
vn 0.398877 0.31536 -0.861072
vn -0.49699 -0.0825464 -0.863821
vn -0.716294 -0.450461 -0.532924
vn -0.709421 -0.478394 -0.517553
vn -0.74453 0.0332224 -0.666762
vn -0.492287 -0.433773 -0.754649
vn -0.271466 0.588769 -0.761353
vn -0.40548 0.553739 -0.727296
vn -0.694501 0.589862 -0.411983
vn 0.00822662 0.551838 -0.833911
vn -0.651892 0.434467 -0.62151
vn -0.376095 -0.251759 -0.891723
vn -0.660314 0.667629 -0.343884
vn -0.455279 -0.418515 -0.785854
vn -0.255586 0.299405 -0.919257
vn -0.125605 0.132402 -0.983205
vn -0.157888 -0.797725 -0.581984
vn -0.959352 0.00865424 -0.28208
vn -0.690549 0.268909 -0.671438
vn -0.633567 -0.251865 -0.731544
vn -0.812392 0.0309344 -0.58229
vn -0.190931 -0.449439 -0.872669
vn -0.594413 0.0877008 -0.799363
vn -0.346109 -0.460747 -0.817264
vn -0.508799 0.224234 -0.831169
vn -0.337516 0.440313 -0.83199
vn -0.294538 0.215478 -0.93103
vn -0.14583 0.371025 -0.917101
vn -0.110875 0.412005 -0.904411
vn -0.295038 0.0489335 -0.954232
vn -0.723269 0.0454419 -0.68907
vn 0.000313948 0.422822 -0.906213
vn -0.35576 0.00427283 -0.934568
vn -0.313656 0.390824 -0.865377
vn -0.70053 0.392985 -0.595668
vn -0.623036 0.00103453 -0.782193
vn -0.829265 0.323448 -0.455742
vn -0.995567 0.0199517 -0.0919184
vn -0.0815478 0.20427 -0.975512
vn -0.56039 0.457245 -0.690572
vn -0.562041 0.409936 -0.718375
vn -0.944398 0.23289 -0.232108
vn -0.864128 0.360165 -0.351516
vn -0.750248 0.436178 -0.496867
vn -0.715957 0.59597 -0.363628
vn -0.0263652 0.519835 -0.85386
vn -0.000670793 0.606028 -0.795443
vn -0.566975 0.740368 -0.361102
vn 0.0073161 0.692671 -0.721217
vn -0.637259 0.279334 -0.718244
vn -0.861125 0.212833 -0.461699
vn -0.875303 -0.384632 -0.293091
vn -0.729715 -0.157497 -0.665366
vn -0.912675 -0.0412895 -0.406595
vn -0.700871 -0.523582 -0.484398
vn -0.82315 -0.262726 -0.503388
vn -0.167322 0.670369 -0.722916
vn -0.505311 -0.157908 -0.848367
vn -0.389759 -0.569431 -0.723765
vn -0.735545 -0.0612753 -0.674699
vn -0.687012 0.429483 -0.586139
vn -0.388823 0.302857 -0.870112
vn -0.360943 0.541287 -0.759426
vn -0.374162 -0.037628 -0.9266
vn -0.606684 0.290654 -0.739902
vn -0.849051 -0.0935376 -0.519965
vn -0.000396713 0.361647 -0.932315
vn -0.00399266 -0.0435458 -0.999043
vn -0.813508 -0.421034 -0.401167
vn -0.00234899 -0.423696 -0.905801
vn 0.0460495 -0.76904 -0.63754
vn -0.553004 -0.368757 -0.747131
vn -0.218952 -0.151365 -0.963924
vn -0.791593 0.413825 -0.449588
vn -0.924197 0.28307 -0.256381
vn -0.43074 0.412442 -0.802717
vn -0.806815 0.093139 -0.583417
vn -0.170312 0.0978776 -0.980517
vn -0.630646 0.31634 -0.708671
vn -0.983922 0.0614096 -0.167706
vn -0.509079 0.556224 -0.656851
vn -0.851909 0.446814 -0.273147
vn -0.139957 0.964455 -0.224138
vn 0.0205351 0.523091 -0.852029
vn -0.914908 -0.184415 -0.359075
vn -0.101898 -0.223953 -0.969258
vn -0.501513 0.527318 -0.685872
vn -0.678617 -0.191987 -0.708957
vn -0.591323 0.185025 -0.784922
vn -0.49699 -0.0825464 -0.863821
vn -0.40548 0.553739 -0.727296
vn -0.566282 0.34008 -0.75078
vn -0.623036 0.00103453 -0.782193
vn -0.553004 -0.368757 -0.747131
vn -0.70053 0.392985 -0.595668
vn -0.723269 0.0454419 -0.68907
vn -0.812392 0.0309344 -0.58229
vn -0.553004 -0.368757 -0.747131
vn -0.508799 0.224234 -0.831169
vn -0.995567 0.0199517 -0.0919184
vn -0.903567 -0.0467582 -0.425887
vn -0.806815 0.093139 -0.583417
vn -0.924197 0.28307 -0.256381
vn -0.983922 0.0614096 -0.167706
vn -0.851909 0.446814 -0.273147
vn -0.255586 0.299405 -0.919257
vn -0.32078 0.886707 -0.332944
vn -0.74453 0.0332224 -0.666762
vn -0.812392 0.0309344 -0.58229
vn -0.125605 0.132402 -0.983205
vn -0.593769 0.733785 -0.330149
vn -0.562041 0.409936 -0.718375
vn -0.944398 0.23289 -0.232108
vn -0.0815478 0.20427 -0.975512
vn -0.360943 0.541287 -0.759426
vn -0.566975 0.740368 -0.361102
vn -0.715957 0.59597 -0.363628
vn -0.735545 -0.0612753 -0.674699
vn -0.35576 0.00427283 -0.934568
vn -0.360943 0.541287 -0.759426
vn -0.13178 -0.54084 -0.830738
vn -0.637259 0.279334 -0.718244
vn -0.849051 -0.0935376 -0.519965
vn -0.82315 -0.262726 -0.503388
vn -0.914908 -0.184415 -0.359075
vn -0.505311 -0.157908 -0.848367
vn -0.914908 -0.184415 -0.359075
vn -0.501513 0.527318 -0.685872
vn 0.116842 -0.822848 0.556119
vn 0.384343 -0.512379 0.767951
vn 0.357884 -0.925403 -0.124689
vn 0.0213588 -0.420135 0.90721
vn 0.342901 -0.362285 0.8667
vn 0.278304 -0.873281 0.399908
vn 0.85138 -0.378698 0.36296
vn 0.560598 -0.713625 0.420082
vn 0.299029 -0.574373 0.762022
vn 0.365376 -0.871409 0.327331
vn 0.0354356 -0.872934 0.48655
vn 0.0861371 -0.58172 0.808816
vn 0.154931 -0.461317 0.873604
vn 0.416145 -0.567391 0.710557
vn 0.134556 -0.898102 0.418698
vn 0.00893834 -0.892005 0.451937
vn 0.42515 -0.770964 0.474196
vn 0.0496214 -0.991664 0.118912
vn 0.37096 -0.913165 0.168876
vn 0.0913905 -0.940767 0.326504
vn 0.428195 -0.898091 0.10041
vn 0.0531465 -0.99353 0.100369
vn 0.236115 -0.707569 0.66603
vn 0.0877832 -0.941691 0.324827
vn 0.401519 -0.712773 0.575098
vn 0.0204891 -0.719799 0.69388
vn 0.316747 -0.922665 0.219912
vn 0.300445 -0.923424 0.238791
vn 0.231817 -0.964556 0.126066
vn 0.48441 -0.765706 0.423133
vn 0.263012 -0.964627 -0.0178675
vn 0.650356 -0.6709 0.356272
vn 0.443104 -0.734704 0.513682
vn 0.656956 -0.559695 0.505124
vn 0.455125 -0.572453 0.682026
vn 0.113329 -0.875134 0.470423
vn 0.0601917 -0.547371 0.834723
vn 0.034636 -0.976088 -0.214599
vn 0.0639341 -0.892752 0.44599
vn 0.349631 -0.812913 0.465757
vn 0.0496452 -0.590093 0.805807
vn 0.455497 -0.753167 0.474618
vn 0.333344 -0.668758 0.664564
vn 0.0601917 -0.547371 0.834723
vn 0.455125 -0.572453 0.682026
vn 0.0187461 -0.551034 0.834272
vn 0.656956 -0.559695 0.505124
vn 0.683915 -0.546884 0.482886
vn 0.650356 -0.6709 0.356272
vn 0.116842 -0.822848 0.556119
vn 0.365376 -0.871409 0.327331
vn 0.455497 -0.753167 0.474618
vn 0.0238557 -0.93968 0.341221
vn 0.333344 -0.668758 0.664564
vn 0.116842 -0.822848 0.556119
vn 0.0187461 -0.551034 0.834272
vn 0.272966 -0.832308 0.482445
vn 0.0567797 0.521381 0.851433
vn -0.204566 0.216291 0.954657
vn -0.660362 0.532452 0.529545
vn -0.232032 0.655325 0.718826
vn -0.213944 0.875304 0.433672
vn 0.234911 0.476497 0.847211
vn 0.191983 0.241852 0.951131
vn -0.074599 0.472925 0.877939
vn -0.0782672 0.579567 0.811157
vn -0.16056 0.470048 0.867915
vn -0.0551208 0.336917 0.939919
vn 0.219206 0.472006 0.853908
vn 0.222732 0.498065 0.838046
vn -0.608472 0.303161 0.733387
vn -0.498449 0.0977765 0.861388
vn -0.0211122 0.430221 0.902477
vn -0.0186963 0.321899 0.946589
vn 0.0282077 0.432869 0.901015
vn 0.217283 0.907851 0.358601
vn 0.313088 0.914421 0.256535
vn 0.40247 0.128339 0.906392
vn -0.0126714 0.677615 0.735308
vn 0.00293909 0.395852 0.91831
vn -0.117111 0.639801 0.759566
vn 0.00511075 0.870241 0.4926
vn -0.642796 0.0291997 0.76548
vn -0.655146 -0.0256957 0.755065
vn -0.402196 0.459818 0.791711
vn 0.498136 0.316297 0.807351
vn -0.12635 0.959494 0.251808
vn -0.465982 0.0102794 0.884735
vn -0.0448883 0.717115 0.695508
vn -0.177155 0.038561 0.983427
vn 0.328099 0.797176 0.506815
vn 0.309952 0.0951831 0.945975
vn -0.326647 0.420852 0.846277
vn 0.568136 0.15671 0.807876
vn -0.156213 0.825659 0.542112
vn 0.067691 0.161857 0.98449
vn 0.458849 0.0381985 0.887693
vn 0.419274 -0.0097336 0.907808
vn 0.298896 -0.000335715 0.954286
vn 0.451411 0.335877 0.826689
vn 0.254071 0.232093 0.938925
vn 0.424358 0.561 0.710774
vn 0.959279 -0.0441126 0.278993
vn 0.245633 0.495426 0.833197
vn 0.442633 0.270173 0.855034
vn 0.0895021 0.682262 0.725609
vn -0.0901404 0.845214 0.526772
vn 0.32461 0.365687 0.872297
vn 0.624784 0.121001 0.771365
vn 0.0214496 0.443485 0.896025
vn -0.102885 0.632866 0.767395
vn -0.0101 0.253166 0.96737
vn 0.856382 0.39505 0.332484
vn 0.176194 0.600552 0.779932
vn 0.110253 0.853074 0.510009
vn 0.0336994 0.451976 0.891393
vn 0.226916 0.755746 0.614294
vn 0.140021 0.438451 0.887781
vn -0.211386 0.598366 0.772835
vn -0.183886 0.506263 0.842546
vn 0.0388843 0.920581 0.388611
vn -0.280025 0.853971 0.438542
vn -0.301864 0.786473 0.538831
vn -0.413239 0.341854 0.84402
vn -0.0625019 0.251517 0.965833
vn -0.335837 0.821998 0.459927
vn 0.697413 0.0850314 0.711607
vn -0.465532 0.467384 0.751553
vn 0.0725299 0.242035 0.967553
vn 0.178475 0.551766 0.814678
vn -0.258094 0.679488 0.686792
vn 0.165997 0.808415 0.564722
vn -0.380734 0.708457 0.594248
vn 0.0406352 0.7481 0.662341
vn 0.17728 0.973173 0.146646
vn -0.460509 0.419386 0.782334
vn 0.934959 0.0538156 0.350651
vn -1.13407e-05 0.534014 0.845476
vn -0.00251914 0.836026 0.548684
vn -0.0629976 0.847909 0.526386
vn 0.225925 0.524026 0.821191
vn 0.0796567 0.904909 0.418084
vn -0.907654 0.330356 0.2589
vn -0.637708 0.3865 0.666292
vn -0.365366 0.616589 0.697371
vn -0.514015 0.549507 0.658658
vn -0.611528 0.776842 -0.15017
vn -0.624704 0.679486 0.384765
vn -0.414906 0.630517 0.655974
vn -0.893601 0.448859 -0.00152794
vn -0.388507 -0.289205 0.874884
vn -0.233813 0.668378 0.706118
vn -0.115906 -0.108453 0.987322
vn -0.110639 0.170072 0.979201
vn -0.156588 0.158363 0.974885
vn -0.368456 -0.929645 0.00104239
vn -0.573142 -0.8175 0.056576
vn -0.310953 0.875996 0.368699
vn -0.880298 0.313011 0.35651
vn -0.151839 0.889079 0.431837
vn -0.151122 0.18221 0.971577
vn -0.135447 0.448409 0.883506
vn -0.195731 0.442876 0.874957
vn 0.230239 0.891512 0.390123
vn -0.040035 0.998203 0.0445967
vn 0.502248 0.765956 0.401322
vn -0.354394 0.884895 0.302267
vn -0.15691 0.894558 0.418504
vn 0.0527682 0.308757 0.949676
vn 0.640755 0.76255 0.0891695
vn -0.297819 0.779614 0.550914
vn -0.368755 0.825882 0.426543
vn -0.743699 0.469076 0.476318
vn -0.314193 0.927446 0.202798
vn -0.689075 0.520508 0.50423
vn -0.394014 0.844599 0.3625
vn -0.529551 0.813025 0.242005
vn -0.402196 0.459818 0.791711
vn -0.789851 0.394181 0.469847
vn -0.608472 0.303161 0.733387
vn -0.326647 0.420852 0.846277
vn -0.213944 0.875304 0.433672
vn 0.0796567 0.904909 0.418084
vn -0.0629976 0.847909 0.526386
vn -0.232032 0.655325 0.718826
vn -0.074599 0.472925 0.877939
vn -0.0551208 0.336917 0.939919
vn -0.660362 0.532452 0.529545
vn 0.110253 0.853074 0.510009
vn 0.226916 0.755746 0.614294
vn 0.165997 0.808415 0.564722
vn 0.0406352 0.7481 0.662341
vn 0.114926 0.721249 0.683076
vn -0.380734 0.708457 0.594248
vn -0.365366 0.616589 0.697371
vn 0.0527682 0.308757 0.949676
vn 0.176194 0.600552 0.779932
vn 0.0796567 0.904909 0.418084
vn 0.00511075 0.870241 0.4926
vn -0.0625019 0.251517 0.965833
vn -0.308341 0.3974 0.864291
vn -0.413239 0.341854 0.84402
vn -0.460509 0.419386 0.782334
vn -0.414906 0.630517 0.655974
vn -0.0927402 0.530276 0.842737
vn -0.354394 0.884895 0.302267
vn -0.624704 0.679486 0.384765
vn -0.514015 0.549507 0.658658
vn -0.135447 0.448409 0.883506
vn 0.0336994 0.451976 0.891393
vn 0.0527682 0.308757 0.949676
vn 0.0214496 0.443485 0.896025
vn -0.0101 0.253166 0.96737
vn -0.0927402 0.530276 0.842737
vn -0.0625019 0.251517 0.965833
vn -0.0101 0.253166 0.96737
vn -0.893601 0.448859 -0.00152794
vn -0.758874 0.597127 -0.259905
vn -0.624704 0.679486 0.384765
vn 0.934959 0.0538156 0.350651
vn 0.298896 -0.000335715 0.954286
vn 0.697413 0.0850314 0.711607
vn 0.744741 0.589854 0.312141
vn 0.419274 -0.0097336 0.907808
vn 0.40247 0.128339 0.906392
vn 0.959279 -0.0441126 0.278993
vn 0.378663 -0.905569 0.191205
vn 0.160995 -0.977787 0.134215
vn -0.219504 -0.858654 0.463176
vn 0.0448585 -0.96682 0.25149
vn -0.613963 -0.772627 0.161548
vn 0.0612917 -0.974481 0.215941
vn 0.0174737 -0.999012 0.0408721
vn 0.0129725 -0.999524 0.0279869
vn 0.00655504 -0.999316 0.0364078
vn 0.265657 -0.961779 0.0663829
vn 0.0920391 -0.950894 -0.295515
vn 0.291693 -0.915783 0.276147
vn 0.0517235 -0.939256 0.339298
vn -0.0559004 -0.977516 0.203316
vn -0.116109 -0.946765 -0.300258
vn -0.28814 -0.884381 -0.367214
vn -0.0838109 -0.938969 -0.333637
vn -0.289753 -0.875276 0.387215
vn -0.718875 -0.636697 0.27899
vn 0.662901 -0.738842 -0.121138
vn 0.292912 -0.950131 0.107019
vn -0.274825 -0.957832 0.0838419
vn -0.382614 -0.826216 0.41349
vn -0.393698 -0.902582 0.174203
vn -0.660531 -0.528654 0.533126
vn 0.254112 -0.810609 0.527579
vn 0.277216 -0.835223 0.474925
vn 0.0160369 -0.996778 0.0785915
vn -0.0387615 -0.992198 0.118496
vn 0.0319219 -0.942109 0.333783
vn 0.0564935 -0.998395 -0.00391864
vn 0.00477378 -0.957511 0.288356
vn 0.333358 -0.915184 -0.226518
vn 0.313462 -0.946233 0.0799012
vn 0.0307086 -0.921823 0.386394
vn -0.60481 -0.588809 0.536198
vn -0.0441362 -0.551584 0.832951
vn -0.146176 -0.145017 0.978572
vn 0.624378 -0.776972 0.0804168
vn 0.306415 -0.890187 0.337161
vn 0.251422 -0.914032 0.318328
vn 0.439566 -0.894923 -0.0767762
vn 0.0737415 -0.885344 0.459052
vn -0.130933 -0.69839 0.70364
vn -0.0468581 -0.865856 0.498095
vn -0.316533 -0.894158 0.316684
vn -0.309343 -0.29758 0.903191
vn -0.856863 -0.354734 0.374098
vn 0.160829 -0.913518 -0.373656
vn 0.442265 -0.82518 0.351398
vn 0.442655 -0.882084 0.161195
vn -0.0800115 -0.685505 0.723658
vn 0.585106 -0.808641 0.0612537
vn -0.161938 -0.919523 -0.358125
vn 0.0246882 -0.844284 0.535327
vn -0.074251 -0.996719 0.0322228
vn 0.018052 -0.890529 0.454568
vn -0.0853842 -0.890301 0.447297
vn -0.0695831 -0.830493 0.552666
vn -0.041865 -0.552994 0.832133
vn -0.182906 -0.935867 0.301163
vn -0.103892 -0.897457 0.428692
vn -0.16752 -0.853318 0.493747
vn -0.0371902 -0.90026 0.43376
vn -0.452977 -0.748491 0.484327
vn -0.245898 -0.514969 0.821183
vn -0.213084 -0.827276 0.519816
vn -0.0812078 -0.993441 -0.0804955
vn -0.519397 -0.853959 0.0313276
vn -0.0761601 -0.907035 0.41411
vn 0.231817 -0.964556 0.126066
vn -0.519939 -0.846694 0.113015
vn 0.160995 -0.977787 0.134215
vn -0.25157 -0.945581 0.206369
vn -0.0559004 -0.977516 0.203316
vn 0.0517235 -0.939256 0.339298
vn -0.0761601 -0.907035 0.41411
vn -0.452977 -0.748491 0.484327
vn -0.856863 -0.354734 0.374098
vn -0.316533 -0.894158 0.316684
vn -0.0101507 -0.547135 0.836983
vn -0.0695831 -0.830493 0.552666
vn -0.16752 -0.853318 0.493747
vn -0.041865 -0.552994 0.832133
vn -0.267839 -0.7957 0.543253
vn -0.1521 -0.442198 0.883927
vn -0.0443385 -0.455426 0.889169
vn -0.0371902 -0.90026 0.43376
vn -0.459593 -0.475645 0.750024
vn -0.452977 -0.748491 0.484327
vn -0.0429419 -0.547651 0.835604
vn -0.216286 -0.442728 0.870179
vn 0.0448585 -0.96682 0.25149
vn -0.28814 -0.884381 -0.367214
vn -0.519939 -0.846694 0.113015
vn -0.219504 -0.858654 0.463176
vn -0.0342898 -0.444049 -0.895346
vn 0.00898177 -0.713329 -0.700772
vn -0.175253 -0.647081 -0.742006
vn 0.00909623 -0.805841 -0.592062
vn 0.0386073 -0.836671 -0.546343
vn 0.670956 -0.705439 -0.228415
vn 0.28473 -0.311014 -0.906752
vn 0.649071 -0.619452 -0.441574
vn 0.368354 -0.815946 -0.445587
vn 0.381124 -0.473611 -0.794001
vn 0.357265 -0.269187 -0.894372
vn 0.753775 -0.256533 -0.604991
vn 0.587328 -0.090215 -0.804305
vn 0.431842 -0.0245564 -0.901615
vn 0.357882 0.0476944 -0.932548
vn 0.671259 0.107354 -0.733407
vn 0.682202 0.134793 -0.718632
vn 0.282841 -0.0028879 -0.959162
vn 0.608093 -0.339694 -0.717517
vn 0.89236 -0.436745 -0.113783
vn 0.426313 -0.262399 -0.865681
vn 0.338841 0.00474349 -0.940832
vn 0.637739 -0.0205719 -0.769977
vn 0.58215 0.0186039 -0.812869
vn 0.540304 0.267283 -0.797892
vn 0.790142 0.153971 -0.59327
vn 0.243937 0.393716 -0.886275
vn 0.578679 0.0728691 -0.812293
vn 0.399737 -0.153753 -0.903643
vn 0.462187 0.441645 -0.768982
vn 0.184757 -0.477487 -0.858994
vn 0.508265 0.0728976 -0.85811
vn 0.203763 -0.278185 -0.938666
vn 0.154364 -0.300748 -0.941128
vn 0.793455 -0.22128 -0.566978
vn 0.0179514 0.0524198 -0.998464
vn 0.141465 -0.0965735 -0.985221
vn 0.12759 0.348345 -0.928642
vn 0.198353 -0.762777 -0.615489
vn 0.297944 0.303579 -0.905024
vn 0.655529 -0.227102 -0.720213
vn 0.431821 -0.813517 -0.389513
vn 0.346132 -0.305811 -0.886945
vn 0.453779 -0.187926 -0.871073
vn 0.867665 -0.235469 -0.437849
vn 0.631461 -0.615757 -0.471275
vn 0.580097 -0.659626 -0.477892
vn 0.582821 -0.760525 -0.286219
vn 0.578921 -0.641022 -0.503926
vn 0.713358 -0.698547 -0.056147
vn 0.696848 -0.716177 -0.0386491
vn 0.487681 -0.634799 -0.599331
vn 0.470394 -0.743019 -0.47608
vn 0.507514 -0.790604 -0.3426
vn 0.573647 -0.818596 -0.0288102
vn 0.572351 -0.596915 -0.562234
vn 0.936131 -0.0994413 -0.337298
vn 0.576877 -0.765422 -0.285207
vn 0.488092 -0.808799 -0.32804
vn 0.311698 -0.809381 -0.497741
vn 0.436649 -0.798865 -0.413705
vn 0.510274 -0.44889 -0.733565
vn 0.160829 -0.913518 -0.373656
vn 0.333358 -0.915184 -0.226518
vn 0.242827 -0.766564 -0.594487
vn 0.858109 -0.15142 -0.490633
vn 0.348837 0.145838 -0.925767
vn 0.463896 -0.83841 -0.286127
vn 0.647859 -0.0340083 -0.761001
vn 0.745408 -0.345345 -0.570179
vn 0.439566 -0.894923 -0.0767762
vn 0.669889 -0.638525 -0.378859
vn 0.684212 -0.173206 -0.708416
vn 0.748421 -0.470926 -0.467006
vn 0.683156 -0.49164 -0.539988
vn 0.661598 0.0442668 -0.748551
vn 0.74418 -0.458161 -0.486092
vn 0.564645 -0.792271 0.231265
vn 0.597334 -0.32636 -0.732585
vn 0.676544 -0.680573 -0.281263
vn 0.579054 -0.644806 -0.498921
vn 0.646582 -0.344959 -0.680393
vn 0.428977 -0.903215 -0.0134771
vn 0.612497 -0.107626 -0.783112
vn 0.801794 0.384484 -0.457492
vn 0.351816 -0.266502 -0.897331
vn 0.654341 -0.643354 -0.397408
vn 0.672609 -0.661039 -0.332605
vn 0.707557 -0.40562 -0.57865
vn 0.850584 -0.366592 -0.376986
vn 0.816878 -0.325126 -0.476449
vn 0.266515 -0.347711 -0.898925
vn 0.521184 0.0395463 -0.852527
vn 0.614659 -0.643939 -0.455562
vn 0.368753 -0.11935 -0.921833
vn 0.684937 -0.163744 -0.709964
vn 0.528686 0.262892 -0.807081
vn 0.377523 -0.100994 -0.920476
vn 0.615264 -0.330757 -0.715576
vn 0.608513 -0.331604 -0.720937
vn 0.442825 -0.874897 -0.196114
vn 0.545073 -0.737044 -0.399576
vn 0.293962 -0.365719 -0.883083
vn 0.619223 -0.729809 -0.289728
vn -0.259596 0.304509 -0.916452
vn 0.381227 -0.884576 -0.268686
vn 0.538904 -0.0663331 -0.839751
vn 0.267217 0.829509 -0.490419
vn 0.51109 -0.858736 0.0368687
vn 0.789387 -0.468169 -0.397098
vn 0.560536 -0.359836 -0.745867
vn 0.565954 -0.751317 -0.339441
vn 0.669172 -0.0293916 -0.742526
vn 0.427554 0.451639 -0.783083
vn 0.0713904 0.509705 -0.857382
vn 0.6439 0.120704 -0.755529
vn 0.726259 -0.442889 -0.525734
vn 0.357392 0.213726 -0.909171
vn 0.722623 -0.591647 -0.357451
vn 0.543342 -0.810986 -0.216984
vn 0.2363 -0.0771118 -0.968615
vn 0.677976 -0.297217 -0.672317
vn 0.687981 -0.197387 -0.69837
vn 0.632737 -0.393309 -0.667048
vn 0.623937 -0.187853 -0.75856
vn 0.775447 -0.230381 -0.587883
vn 0.591826 -0.369541 -0.716366
vn 0.717941 -0.383716 -0.580795
vn 0.780404 -0.431947 -0.452098
vn 0.90831 -0.277843 -0.312692
vn 0.659849 -0.549651 -0.512331
vn 0.688898 -0.5799 -0.434897
vn 0.658626 -0.73296 -0.17024
vn 0.807369 -0.271242 -0.524006
vn 0.697133 -0.529465 -0.483397
vn 0.909947 -0.390409 -0.139916
vn 0.762417 -0.433169 -0.480713
vn 0.673993 -0.32233 -0.664708
vn 0.688326 -0.313957 -0.653941
vn 0.682771 -0.385029 -0.620948
vn 0.563668 -0.453844 -0.690147
vn 0.66725 0.247691 -0.702443
vn 0.548005 -0.42867 -0.718284
vn 0.605358 -0.439443 -0.66365
vn 0.822836 -0.273998 -0.497862
vn 0.876879 0.184242 -0.444002
vn 0.664577 0.241364 -0.707164
vn 0.69275 -0.373824 -0.616728
vn 0.492992 -0.33616 -0.802468
vn 0.805422 -0.590528 -0.0507044
vn 0.853678 -0.376876 -0.359442
vn 0.809776 -0.563107 0.164844
vn 0.384935 0.26525 -0.884006
vn 0.875736 -0.293726 -0.383161
vn 0.595858 -0.352405 -0.72164
vn 0.463276 -0.836651 -0.292217
vn 0.873206 -0.254708 -0.415494
vn 0.61158 -0.397903 -0.683844
vn 0.349666 -0.847635 -0.39906
vn 0.57137 -0.421259 -0.704328
vn 0.69788 -0.273715 -0.661849
vn 0.535147 -0.173052 -0.826844
vn 0.701738 -0.280841 -0.654745
vn 0.695774 -0.246042 -0.674805
vn 0.674066 -0.223394 -0.704081
vn 0.681963 0.225673 -0.695699
vn 0.615092 0.245519 -0.749254
vn 0.63459 0.243364 -0.733532
vn 0.681586 -0.326181 -0.655016
vn 0.697294 -0.293696 -0.653852
vn 0.70766 -0.311038 -0.634407
vn 0.693203 -0.339885 -0.635569
vn 0.601276 -0.361972 -0.71235
vn 0.727721 -0.136255 -0.672203
vn 0.721589 -0.155167 -0.67471
vn 0.724506 0.232451 -0.648889
vn 0.777551 -0.338511 -0.529929
vn 0.799206 -0.346993 -0.49078
vn 0.479362 -0.415893 -0.772816
vn 0.495406 -0.455256 -0.739807
vn 0.608593 -0.456089 -0.649305
vn 0.529175 -0.445234 -0.722316
vn 0.550433 -0.471211 -0.68919
vn 0.472494 -0.50306 -0.723658
vn 0.402757 -0.708442 -0.579566
vn 0.228854 -0.436048 -0.870338
vn 0.377524 -0.195836 -0.905055
vn 0.207749 -0.894862 -0.395048
vn 0.363295 -0.794019 -0.487392
vn 0.642965 -0.375892 -0.667309
vn 0.57233 -0.168207 -0.802586
vn 0.601044 -0.16172 -0.782683
vn 0.594084 0.225197 -0.772237
vn 0.536426 0.160263 -0.828591
vn 0.390672 -0.846521 -0.36163
vn 0.359321 -0.869185 -0.339713
vn 0.603867 -0.136624 -0.785289
vn 0.572408 -0.368774 -0.732362
vn 0.676277 -0.280494 -0.681155
vn 0.683242 0.221617 -0.695749
vn 0.732602 0.222917 -0.643119
vn 0.68987 -0.180885 -0.700971
vn 0.568767 -0.428937 -0.701796
vn 0.899852 -0.161837 -0.405061
vn 0.704422 -0.0991581 -0.702821
vn 0.900094 -0.293954 -0.321592
vn 0.571203 0.240991 -0.784634
vn 0.927096 -0.373996 -0.0249203
vn 0.447623 -0.681628 -0.578807
vn 0.408415 -0.239976 -0.880687
vn 0.604382 -0.401171 -0.68832
vn 0.313462 -0.946233 0.0799012
vn 0.0813814 -0.218869 -0.972355
vn 0.173929 0.406658 -0.896871
vn -0.112224 0.0537085 -0.99223
vn 0.400576 -0.391681 -0.828327
vn -0.362708 0.544682 -0.756151
vn 0.542398 -0.793525 -0.275903
vn 0.757456 -0.324611 -0.56647
vn 0.709683 0.134951 -0.691476
vn 0.728328 0.192648 -0.657591
vn 0.101918 -0.533622 -0.83956
vn 0.762531 -0.288392 -0.579117
vn 0.580505 -0.391889 -0.713748
vn 0.291426 -0.546839 -0.784881
vn 0.802985 -0.344055 -0.486663
vn 0.314617 -0.168744 -0.934099
vn 0.479325 -0.567918 -0.669117
vn 0.604382 -0.401171 -0.68832
vn 0.753775 -0.256533 -0.604991
vn 0.812112 -0.338324 -0.475407
vn 0.762531 -0.288392 -0.579117
vn 0.676277 -0.280494 -0.681155
vn 0.695774 -0.246042 -0.674805
vn 0.728328 0.192648 -0.657591
vn 0.683242 0.221617 -0.695749
vn 0.873206 -0.254708 -0.415494
vn 0.899852 -0.161837 -0.405061
vn 0.68987 -0.180885 -0.700971
vn 0.721589 -0.155167 -0.67471
vn 0.63459 0.243364 -0.733532
vn 0.732602 0.222917 -0.643119
vn 0.349666 -0.847635 -0.39906
vn 0.390672 -0.846521 -0.36163
vn 0.568767 -0.428937 -0.701796
vn 0.431842 -0.0245564 -0.901615
vn 0.399737 -0.153753 -0.903643
vn 0.426313 -0.262399 -0.865681
vn 0.101918 -0.533622 -0.83956
vn 0.2363 -0.0771118 -0.968615
vn 0.242827 -0.766564 -0.594487
vn 0.0813814 -0.218869 -0.972355
vn 0.551994 -0.616207 -0.561775
vn 0.507514 -0.790604 -0.3426
vn 0.647859 -0.0340083 -0.761001
vn 0.655529 -0.227102 -0.720213
vn 0.463896 -0.83841 -0.286127
vn 0.101918 -0.533622 -0.83956
vn 0.605358 -0.439443 -0.66365
vn 0.00909623 -0.805841 -0.592062
vn 0.479325 -0.567918 -0.669117
vn 0.291426 -0.546839 -0.784881
vn 0.69275 -0.373824 -0.616728
vn 0.697133 -0.529465 -0.483397
vn 0.682771 -0.385029 -0.620948
vn 0.479325 -0.567918 -0.669117
vn 0.858109 -0.15142 -0.490633
vn 0.802985 -0.344055 -0.486663
vn 0.807369 -0.271242 -0.524006
vn 0.936131 -0.0994413 -0.337298
vn 0.802985 -0.344055 -0.486663
vn 0.900094 -0.293954 -0.321592
vn -0.394887 -0.918117 -0.0335401
vn -0.518347 -0.77952 0.351659
vn -0.348016 -0.934986 0.0684555
vn -0.521249 -0.818911 0.240174
vn -0.408525 -0.866332 -0.287359
vn -0.258849 -0.867423 -0.424941
vn -0.103358 -0.98785 -0.116056
vn -0.11612 -0.887294 -0.446347
vn -0.121238 -0.909552 -0.397513
vn -0.074696 -0.882166 -0.464977
vn -0.144252 -0.987148 0.0687729
vn -0.0762042 -0.911789 -0.403527
vn -0.17996 -0.923427 -0.338964
vn -0.0448173 -0.837718 -0.544261
vn 0.0213959 -0.908684 -0.416936
vn -0.00964383 -0.99786 -0.0646698
vn 0.0110226 -0.994171 -0.107251
vn 0.238725 -0.834134 -0.497222
vn 0.0210375 -0.845123 -0.534158
vn 0.257284 -0.924914 -0.279891
vn -0.0850603 -0.930642 -0.355908
vn 0.28498 -0.869654 -0.403099
vn 0.161237 -0.924743 -0.344751
vn -0.108605 -0.993663 -0.0289528
vn 0.398117 -0.587874 -0.704207
vn 0.708423 -0.634986 -0.308106
vn 0.489922 -0.839727 -0.234169
vn -0.0197928 -0.94214 -0.334636
vn -0.0191932 -0.999815 0.00149244
vn 0.615635 -0.734284 -0.286041
vn -0.0601291 -0.918788 -0.390144
vn 0.166728 -0.4497 -0.87748
vn 0.5929 -0.562578 -0.576173
vn -0.258505 -0.939282 -0.225663
vn 0.602603 -0.762016 -0.23707
vn 0.231628 -0.924699 -0.302125
vn 0.201268 -0.807164 -0.554958
vn 0.424359 -0.897889 -0.117111
vn 0.156746 -0.879691 0.44897
vn 0.170859 -0.931078 0.322337
vn 0.0682818 -0.876837 0.475914
vn 0.176041 -0.942755 0.283235
vn 0.391513 -0.782758 -0.483743
vn -0.00492695 -0.9046 0.426233
vn -0.0413267 -0.933627 0.355855
vn 0.251554 -0.939468 -0.232639
vn -0.576018 -0.816983 0.02723
vn -0.0914289 -0.994739 0.0462158
vn -0.378278 -0.811661 0.445098
vn -0.20838 -0.920947 0.329292
vn -0.0172173 -0.999665 0.0193171
vn -0.0875116 -0.984813 0.149948
vn -0.333003 -0.774086 0.538424
vn -0.00866291 -0.999867 0.0137912
vn -0.318679 -0.854029 0.41119
vn 0.0261792 -0.999611 -0.00962356
vn -0.0352886 -0.997569 0.0600913
vn 0.0179076 -0.998327 -0.0549824
vn 0.0253837 -0.997267 -0.0693781
vn 0.0780162 -0.990829 -0.110325
vn 0.263351 -0.893118 -0.364672
vn 0.263703 -0.831778 -0.488473
vn 0.455242 -0.638038 -0.621017
vn 0.440027 -0.637131 -0.632803
vn 0.299957 -0.734674 -0.608506
vn 0.346084 -0.573218 -0.742729
vn 0.116571 -0.670786 -0.732433
vn 0.33217 -0.61358 -0.716368
vn 0.146008 -0.8465 -0.511977
vn -0.0454612 -0.606856 -0.79351
vn -0.133182 -0.560723 -0.817222
vn 0.327381 -0.457442 -0.826782
vn 0.547103 -0.473334 -0.690387
vn 0.419741 -0.500968 -0.756867
vn -0.245161 -0.530981 -0.811145
vn 0.342653 -0.0989219 -0.93424
vn -0.179667 -0.134879 -0.974437
vn -0.477154 -0.449637 -0.755083
vn -0.276356 -0.485495 -0.82941
vn -0.28858 -0.619634 -0.729914
vn 0.130964 -0.599076 -0.789909
vn 0.143611 -0.458301 -0.877118
vn 0.302956 -0.47778 -0.824587
vn 0.0213405 -0.585861 -0.810131
vn 0.379524 -0.601379 -0.703068
vn 0.490502 -0.608342 -0.623962
vn 0.424315 -0.702323 -0.571576
vn 0.415629 -0.271889 -0.867945
vn 0.253848 -0.84499 -0.470694
vn 0.380666 -0.732396 -0.564525
vn 0.63349 -0.444835 -0.633097
vn 0.489734 -0.349272 -0.798855
vn 0.217933 -0.295766 -0.930069
vn -0.264501 -0.627452 -0.732355
vn 0.300886 -0.487029 -0.819921
vn 0.32445 -0.427597 -0.843737
vn 0.407969 -0.431579 -0.80455
vn 0.372424 -0.575867 -0.72779
vn 0.0859225 -0.912996 -0.398819
vn -0.20884 -0.826584 -0.522632
vn 0.433059 -0.611682 -0.662047
vn 0.945637 0.0220489 -0.324477
vn 0.808973 -0.296415 -0.507642
vn -0.0335924 -0.995956 -0.0833309
vn -0.338228 -0.88326 0.324735
vn -0.0825724 -0.996433 -0.0174153
vn -0.505152 -0.837161 0.20972
vn -0.420656 -0.905227 -0.0601082
vn -0.835623 -0.484165 0.259459
vn -0.682914 -0.718193 0.133518
vn -0.297879 -0.918406 -0.260381
vn -0.357677 -0.932792 -0.0443333
vn -0.0655721 -0.819677 -0.56906
vn 0.146326 -0.88164 -0.448664
vn 0.201721 -0.890857 -0.407041
vn 0.225249 -0.875639 -0.427222
vn 0.00364117 -0.915178 -0.403033
vn 0.278338 -0.737279 -0.615588
vn 0.307632 -0.750943 -0.584335
vn 0.40837 -0.718001 -0.563656
vn 0.235938 -0.932096 -0.274829
vn -0.191354 -0.958944 -0.20931
vn -0.188755 -0.981336 0.0367638
vn -0.508938 -0.752476 0.418046
vn -0.403938 -0.855345 0.324375
vn -0.128876 -0.99035 0.0509789
vn -0.426849 -0.817192 0.387295
vn -0.0869119 -0.993146 0.0781459
vn 0.0105991 -0.995268 -0.0965851
vn -0.348595 -0.849408 0.396216
vn 0.00944496 -0.998604 -0.0519601
vn -0.067966 -0.945208 0.319316
vn 0.166757 -0.980046 -0.108178
vn 0.347715 -0.82676 -0.442225
vn 0.355054 -0.798665 -0.485871
vn 0.201628 -0.903585 -0.377995
vn 0.214278 -0.474087 -0.854006
vn 0.367882 -0.516845 -0.773004
vn 0.207662 -0.106133 -0.972426
vn 0.505052 -0.270271 -0.81968
vn 0.565515 -0.597645 -0.568342
vn 0.405221 -0.298063 -0.864265
vn 0.521901 -0.607839 -0.598457
vn 0.325352 -0.0693235 -0.943048
vn 0.411268 -0.334971 -0.847734
vn 0.522623 -0.0913505 -0.847656
vn 0.345794 -0.487608 -0.801664
vn 0.235043 -0.318712 -0.918247
vn 0.352821 -0.693636 -0.628002
vn 0.389054 -0.3229 -0.86277
vn 0.364114 -0.686915 -0.628943
vn 0.338506 -0.763891 -0.549439
vn 0.426186 -0.291558 -0.856364
vn 0.245621 -0.681555 -0.689314
vn 0.151726 -0.866112 -0.476266
vn 0.286668 -0.757493 -0.586537
vn 0.309672 -0.590894 -0.744948
vn 0.0590458 -0.974749 -0.215355
vn 0.387507 -0.661011 -0.642575
vn 0.413383 -0.494195 -0.764779
vn 0.481524 -0.32169 -0.815261
vn 0.526926 -0.276186 -0.803785
vn 0.275486 -0.551892 -0.787098
vn 0.256374 -0.247594 -0.934329
vn 0.530076 -0.219868 -0.818949
vn 0.484437 -0.494487 -0.721667
vn 0.493003 -0.198631 -0.84705
vn 0.427087 -0.106129 -0.897961
vn 0.675773 0.178606 -0.715144
vn 0.580067 0.268772 -0.76895
vn 0.589265 -0.460004 -0.664201
vn 0.489246 -0.530245 -0.692443
vn 0.286267 -0.185169 -0.940087
vn 0.415042 -0.5233 -0.744243
vn 0.324416 -0.732259 -0.598792
vn 0.399721 -0.639654 -0.656556
vn 0.586806 -0.581538 -0.563447
vn 0.076031 -0.99673 0.0273719
vn 0.116211 -0.940171 -0.32027
vn -0.0361652 -0.987384 -0.154156
vn 0.485196 -0.201437 -0.850887
vn 0.432526 -0.532415 -0.727637
vn 0.60282 -0.208545 -0.770141
vn 0.269792 -0.537666 -0.798829
vn 0.5166 0.298489 -0.802514
vn 0.516535 0.364397 -0.774859
vn 0.446562 -0.627321 -0.638005
vn 0.584412 -0.118265 -0.802793
vn 0.393995 -0.535998 -0.746642
vn 0.424606 -0.449442 -0.785947
vn 0.467189 -0.0645455 -0.881798
vn 0.515464 -0.396091 -0.759874
vn 0.529705 0.286432 -0.798354
vn -0.0220476 -0.90257 0.429977
vn -0.285161 -0.809785 0.512768
vn 0.206499 -0.970757 0.122433
vn 0.0772531 -0.777495 0.624126
vn 0.33399 -0.906949 0.256697
vn 0.543551 0.322634 -0.774893
vn 0.503198 -0.595335 -0.626393
vn 0.488063 -0.275908 -0.828051
vn 0.405946 -0.710873 -0.574341
vn 0.200716 -0.673992 -0.710948
vn 0.25506 -0.0139242 -0.966825
vn -0.0530278 -0.904388 0.423404
vn -0.355027 -0.840821 0.408627
vn -0.0968521 -0.97692 0.190387
vn -0.316997 -0.768599 0.55567
vn -0.115016 -0.879496 0.461799
vn -0.0444296 -0.994052 0.0994315
vn -0.0625574 -0.897901 0.435729
vn -0.0370498 -0.996801 0.0708123
vn -0.0361619 -0.997907 -0.0536058
vn -0.0273626 -0.999446 0.0189346
vn -0.185919 -0.966865 0.174947
vn -0.129877 -0.409206 -0.903151
vn 0.0433194 -0.960303 -0.275577
vn 0.364006 -0.858884 -0.360304
vn -0.0126915 -0.959528 -0.281328
vn 0.359045 -0.694486 -0.623519
vn 0.658975 -0.55055 -0.51249
vn 0.462337 -0.81183 -0.356617
vn 0.510289 -0.651776 -0.561064
vn 0.505784 -0.80573 -0.308192
vn 0.471056 -0.841453 -0.264694
vn 0.133516 -0.900945 -0.412883
vn 0.42582 -0.807915 -0.40737
vn 0.125956 -0.989924 -0.0647025
vn 0.228915 -0.855201 -0.465005
vn 0.726776 -0.536301 -0.429161
vn 0.627775 -0.586885 -0.511336
vn 0.436066 -0.871052 -0.226086
vn 0.499753 -0.712527 -0.492497
vn 0.1112 -0.910715 -0.397785
vn 0.682376 -0.714222 -0.155723
vn -0.363913 -0.904116 0.223923
vn -0.158676 -0.333903 -0.929156
vn 0.767716 -0.577902 -0.276843
vn 0.445239 -0.481504 -0.754928
vn 0.508097 -0.818194 -0.269065
vn 0.578119 -0.71512 -0.392915
vn 0.260042 -0.923488 -0.282043
vn 0.723934 -0.68596 0.073336
vn 0.191089 -0.861341 -0.47072
vn 0.0244759 -0.993029 -0.115297
vn 0.0585615 -0.990797 -0.122035
vn 0.120914 -0.984772 -0.124913
vn 0.119204 -0.884908 -0.450254
vn 0.0467262 -0.911027 -0.40969
vn 0.222612 -0.866938 -0.445939
vn 0.383211 -0.738866 -0.55428
vn 0.341892 -0.813804 -0.469929
vn 0.624929 -0.377962 -0.683087
vn 0.317134 -0.647685 -0.69277
vn 0.446183 -0.755285 -0.480068
vn 0.385549 -0.739555 -0.551734
vn 0.327179 -0.783985 -0.527562
vn 0.234876 -0.78451 -0.573914
vn 0.399816 -0.636386 -0.659667
vn 0.464888 -0.503453 -0.728296
vn 0.437796 -0.501191 -0.74642
vn 0.5256 -0.566781 -0.634432
vn 0.370734 -0.0741935 -0.925771
vn 0.458887 -0.150005 -0.87574
vn 0.342165 -0.38903 -0.855324
vn 0.467223 -0.538238 -0.701429
vn -0.130698 -0.490606 -0.861524
vn 0.467558 -0.617461 -0.632559
vn -0.0529543 -0.787554 -0.613966
vn 0.2865 -0.852694 -0.436842
vn 0.435776 -0.756524 -0.487617
vn 0.239655 -0.724807 -0.645926
vn -0.511813 -0.180789 -0.839859
vn 0.360043 -0.735122 -0.574425
vn -0.229512 -0.401604 -0.886588
vn 0.616745 -0.785782 -0.0466026
vn 0.440223 -0.782071 -0.441099
vn 0.58415 -0.726334 -0.362225
vn 0.831767 -0.537523 -0.138683
vn 0.336611 -0.594323 -0.730393
vn 0.272032 -0.92919 -0.250209
vn 0.21565 -0.770532 -0.599813
vn 0.420005 -0.494609 -0.760893
vn 0.168976 -0.427514 -0.888076
vn 0.422975 -0.906088 0.00984339
vn 0.17238 -0.984022 0.0445632
vn 0.891875 -0.346937 -0.290162
vn 0.43996 -0.819623 0.366951
vn 0.4868 -0.836837 -0.250458
vn 0.894818 -0.322905 -0.308274
vn 0.812416 -0.458266 -0.360516
vn 0.442655 -0.882084 0.161195
vn 0.649344 -0.733529 -0.200716
vn 0.624378 -0.776972 0.0804168
vn 0.596094 -0.797818 0.0903251
vn 0.375074 -0.854399 -0.359615
vn 0.392142 -0.919676 -0.0204995
vn 0.316857 -0.800705 -0.508402
vn 0.0920391 -0.950894 -0.295515
vn 0.303146 -0.762492 -0.571583
vn -0.538465 -0.832578 -0.129885
vn -0.704033 -0.428979 0.565964
vn -0.0148474 -0.999474 -0.0288354
vn 0.0344646 -0.961914 -0.271172
vn 0.177332 -0.887269 -0.425802
vn 0.396487 -0.831001 -0.390173
vn 0.0291821 -0.517382 -0.855257
vn 0.0583447 -0.495661 -0.866554
vn 0.750228 -0.497162 -0.435876
vn -0.0648182 -0.870495 -0.487891
vn 0.768407 -0.637493 0.0561521
vn 0.766909 -0.639075 -0.0585979
vn -0.0162726 -0.866951 -0.498127
vn 0.282211 -0.9555 -0.0858865
vn -0.38764 -0.497965 -0.775736
vn -0.321228 -0.912244 -0.254213
vn -0.534984 -0.194178 -0.822245
vn 0.689966 -0.603095 -0.40028
vn 0.440263 -0.779185 -0.446139
vn 0.49437 -0.749576 -0.440152
vn 0.385684 -0.524965 -0.758722
vn 0.391024 -0.527237 -0.754401
vn 0.41146 -0.895195 0.17125
vn -0.1315 -0.989556 -0.0590406
vn -0.0625574 -0.897901 0.435729
vn -0.0370498 -0.996801 0.0708123
vn -0.00492695 -0.9046 0.426233
vn -0.0413267 -0.933627 0.355855
vn -0.139508 -0.967756 0.209728
vn -0.0530278 -0.904388 0.423404
vn -0.258505 -0.939282 -0.225663
vn -0.185919 -0.966865 0.174947
vn -0.0191932 -0.999815 0.00149244
vn -0.0444296 -0.994052 0.0994315
vn -0.0273626 -0.999446 0.0189346
vn -0.0914289 -0.994739 0.0462158
vn -0.0172173 -0.999665 0.0193171
vn -0.576018 -0.816983 0.02723
vn -0.1315 -0.989556 -0.0590406
vn 0.0253837 -0.997267 -0.0693781
vn -0.17996 -0.923427 -0.338964
vn -0.1315 -0.989556 -0.0590406
vn 0.0433194 -0.960303 -0.275577
vn -0.0126915 -0.959528 -0.281328
vn -0.20884 -0.826584 -0.522632
vn -0.0215288 -0.88946 -0.456506
vn -0.264501 -0.627452 -0.732355
vn 0.0213405 -0.585861 -0.810131
vn 0.245927 -0.828149 -0.503675
vn 0.300886 -0.487029 -0.819921
vn 0.110082 -0.977188 -0.181619
vn 0.650331 -0.378008 -0.658923
vn -0.317189 -0.48543 -0.814708
vn -0.129877 -0.409206 -0.903151
vn -0.0454612 -0.606856 -0.79351
vn 0.490502 -0.608342 -0.623962
vn 0.63349 -0.444835 -0.633097
vn 0.585043 -0.445089 -0.677953
vn 0.32445 -0.427597 -0.843737
vn 0.433059 -0.611682 -0.662047
vn 0.524364 -0.756819 -0.390214
vn 0.808973 -0.296415 -0.507642
vn 0.446183 -0.755285 -0.480068
vn 0.254447 -0.819864 -0.512913
vn 0.624929 -0.377962 -0.683087
vn 0.560764 -0.777921 -0.283518
vn -0.133182 -0.560723 -0.817222
vn -0.0601291 -0.918788 -0.390144
vn 0.146008 -0.8465 -0.511977
vn 0.299957 -0.734674 -0.608506
vn 0.0433194 -0.960303 -0.275577
vn 0.224835 -0.429405 -0.874678
vn 0.317134 -0.647685 -0.69277
vn 0.393995 -0.535998 -0.746642
vn 0.440263 -0.779185 -0.446139
vn 0.396487 -0.831001 -0.390173
vn 0.391024 -0.527237 -0.754401
vn 0.166728 -0.4497 -0.87748
vn 0.449685 -0.680872 -0.578098
vn 0.385684 -0.524965 -0.758722
vn 0.0210375 -0.845123 -0.534158
vn 0.16679 -0.918452 -0.358646
vn 0.238725 -0.834134 -0.497222
vn 0.398117 -0.587874 -0.704207
vn 0.480328 -0.821972 -0.306018
vn 0.110082 -0.977188 -0.181619
vn 0.385684 -0.524965 -0.758722
vn 0.16679 -0.918452 -0.358646
vn 0.480328 -0.821972 -0.306018
vn 0.398117 -0.587874 -0.704207
vn 0.0859225 -0.912996 -0.398819
vn 0.0344646 -0.961914 -0.271172
vn 0.278338 -0.737279 -0.615588
vn 0.21565 -0.770532 -0.599813
vn 0.41146 -0.895195 0.17125
vn -0.0530278 -0.904388 0.423404
vn 0.161237 -0.924743 -0.344751
vn 0.170859 -0.931078 0.322337
vn 0.0590458 -0.974749 -0.215355
vn 0.177332 -0.887269 -0.425802
vn -0.0361619 -0.997907 -0.0536058
vn 0.0105991 -0.995268 -0.0965851
vn 0.151726 -0.866112 -0.476266
vn 0.116211 -0.940171 -0.32027
vn 0.682376 -0.714222 -0.155723
vn 0.649344 -0.733529 -0.200716
vn 0.894818 -0.322905 -0.308274
vn 0.891875 -0.346937 -0.290162
vn 0.323008 -0.896905 0.302039
vn 0.42582 -0.807915 -0.40737
vn 0.391024 -0.527237 -0.754401
vn 0.383211 -0.738866 -0.55428
vn 0.0585615 -0.990797 -0.122035
vn 0.201268 -0.807164 -0.554958
vn 0.251554 -0.939468 -0.232639
vn 0.462337 -0.81183 -0.356617
vn 0.440263 -0.779185 -0.446139
vn 0.467189 -0.0645455 -0.881798
vn 0.407969 -0.431579 -0.80455
vn 0.515464 -0.396091 -0.759874
vn 0.25506 -0.0139242 -0.966825
vn 0.503198 -0.595335 -0.626393
vn 0.372424 -0.575867 -0.72779
vn 0.424606 -0.449442 -0.785947
vn 0.269792 -0.537666 -0.798829
vn 0.200716 -0.673992 -0.710948
vn 0.489246 -0.530245 -0.692443
vn 0.446562 -0.627321 -0.638005
vn 0.40837 -0.718001 -0.563656
vn 0.589265 -0.460004 -0.664201
vn 0.200716 -0.673992 -0.710948
vn 0.405946 -0.710873 -0.574341
vn 0.21565 -0.770532 -0.599813
vn 0.116571 -0.670786 -0.732433
vn 0.521901 -0.607839 -0.598457
vn 0.399721 -0.639654 -0.656556
vn 0.347715 -0.82676 -0.442225
vn 0.116211 -0.940171 -0.32027
vn 0.586806 -0.581538 -0.563447
vn 0.33399 -0.906949 0.256697
vn 0.272032 -0.92919 -0.250209
vn 0.49437 -0.749576 -0.440152
vn -0.0329039 -0.880834 0.472281
vn 0.17238 -0.984022 0.0445632
vn 0.316857 -0.800705 -0.508402
vn -0.317916 -0.031685 0.947589
vn -0.779246 0.268363 0.566354
vn -0.0890727 0.359338 0.928947
vn -0.807675 0.123123 0.57663
vn 0.117788 0.515165 0.848959
vn 0.199983 0.276138 0.940082
vn 0.461625 0.307838 0.831949
vn -0.427014 0.491175 0.759214
vn 0.474468 0.483016 0.735918
vn 0.371899 0.230538 0.89919
vn 0.409816 0.00365446 0.912161
vn 0.234479 0.0517406 0.970743
vn 0.510439 0.260247 0.819587
vn 0.181052 -0.0718921 0.980842
vn -0.0247643 0.17509 0.984241
vn 0.359663 -0.219527 0.90689
vn 0.434626 -0.332347 0.837046
vn 0.775308 0.380432 0.504152
vn -0.00850746 0.916987 0.398826
vn -0.0247643 0.17509 0.984241
vn 0.775308 0.380432 0.504152
vn -0.248113 -0.458703 -0.853248
vn 0.0473085 -0.996515 -0.0687035
vn -0.0568409 -0.998373 0.00442245
vn -0.330488 -0.0708228 -0.941149
vn -0.422055 -0.904849 -0.0558383
vn 0.166009 -0.955313 -0.244578
vn 0.0125934 -0.987816 -0.155118
vn -0.0785501 -0.975156 -0.207123
vn 0.03564 -0.946905 -0.319533
vn 0.508097 -0.818194 -0.269065
vn 0.0354637 -0.903428 -0.42727
vn 0.0500407 -0.845727 -0.531265
vn 0.352005 -0.718572 -0.599789
vn 0.445239 -0.481504 -0.754928
vn 0.392142 -0.919676 -0.0204995
vn -0.466276 -0.0327784 -0.884032
vn 0.834228 -0.549069 0.0508654
vn 0.578119 -0.71512 -0.392915
vn 0.368889 -0.921656 -0.120294
vn -0.989527 -0.0933011 0.110138
vn 0.311478 -0.52686 -0.790822
vn 0.363396 -0.307778 -0.879327
vn -0.682895 -0.177128 0.708717
vn 0.303146 -0.762492 -0.571583
vn 0.196772 -0.979536 -0.0423194
vn 0.805033 -0.58409 -0.103734
vn -0.274825 -0.957832 0.0838419
vn 0.394227 -0.654852 0.644789
vn 0.323008 -0.896905 0.302039
vn 0.250847 -0.959126 -0.130968
vn 0.444021 -0.88631 -0.131528
vn 0.915954 -0.371342 -0.152097
vn 0.120914 -0.984772 -0.124913
vn 0.422943 -0.824824 -0.375211
vn -0.0785501 -0.975156 -0.207123
vn -0.466276 -0.0327784 -0.884032
vn -0.908286 0.416911 -0.034657
vn -0.925898 0.376964 -0.0247352
vn -0.754191 0.656555 0.0114196
vn -0.562249 0.819912 0.107798
vn -0.515008 0.851611 -0.097594
vn -0.620181 0.72792 0.292417
vn -0.521339 0.851437 -0.0571013
vn -0.515576 0.805591 0.291898
vn -0.286847 0.898132 0.333284
vn -0.586182 0.748893 -0.309112
vn -0.190595 0.981617 -0.010046
vn -0.110005 0.966258 -0.232902
vn 0.0874103 0.988268 -0.125246
vn 0.0778632 0.99397 0.0772033
vn -0.00915324 0.838384 -0.545003
vn -0.430226 0.826655 -0.362694
vn -0.0432398 0.606772 -0.793699
vn -0.0682989 0.959774 -0.272341
vn -0.498697 0.808592 -0.312219
vn -0.0482496 0.928231 0.368862
vn -0.0284827 0.998976 0.0351625
vn 0.349534 0.93147 -0.100941
vn 0.452776 0.768153 -0.452697
vn 0.167738 0.680712 -0.713088
vn 0.433946 0.80506 -0.404436
vn 0.455994 0.869926 -0.18788
vn 0.571639 0.786205 -0.234758
vn 0.420411 0.815762 -0.397224
vn 0.480823 0.778111 -0.404169
vn 0.667052 0.482628 -0.567549
vn 0.700458 0.448576 -0.555101
vn 0.776751 0.479501 -0.408333
vn 0.509839 0.569657 -0.644636
vn 0.663402 0.405736 -0.62871
vn 0.749863 0.379962 -0.541603
vn 0.401345 0.36858 -0.838493
vn 0.380493 0.547094 -0.745596
vn 0.332284 0.25825 -0.907135
vn 0.355871 0.346242 -0.868028
vn 0.464199 0.502909 -0.72911
vn 0.462187 0.441645 -0.768982
vn 0.29604 0.496719 -0.815862
vn 0.243937 0.393716 -0.886275
vn 0.540304 0.267283 -0.797892
vn 0.555043 0.501369 -0.663744
vn 0.444543 0.611174 -0.654865
vn 0.526954 0.329291 -0.783509
vn 0.542609 0.546106 -0.638234
vn 0.277851 0.190683 -0.941509
vn 0.645519 0.435797 -0.627205
vn 0.460234 0.786659 -0.411524
vn 0.482387 0.796017 -0.365596
vn 0.434659 0.386558 -0.813415
vn 0.518069 0.492157 -0.699561
vn 0.671259 0.107354 -0.733407
vn 0.513418 0.733103 -0.446051
vn 0.233883 0.701114 -0.6736
vn 0.197115 0.685506 -0.700876
vn 0.684988 0.584035 -0.43554
vn 0.480386 0.56885 -0.667562
vn 0.736151 0.584835 -0.34066
vn 0.743704 0.330147 -0.581299
vn 0.748964 0.388539 -0.53674
vn 0.498924 0.240332 -0.832655
vn 0.492105 0.303732 -0.81583
vn 0.487311 0.487013 -0.724808
vn 0.689841 0.577343 -0.436801
vn 0.674484 0.546741 -0.49613
vn 0.785027 0.434301 -0.441718
vn 0.565373 0.412034 -0.714549
vn 0.540143 0.279382 -0.793846
vn 0.609908 0.42087 -0.671477
vn 0.501773 0.37636 -0.778831
vn 0.542484 0.506369 -0.6703
vn 0.333293 0.369717 -0.867309
vn 0.520365 0.48656 -0.701769
vn 0.515502 0.61739 -0.594212
vn 0.426561 0.583621 -0.690965
vn 0.502047 0.621004 -0.601916
vn 0.345789 0.303588 -0.887842
vn 0.421245 0.53882 -0.729538
vn 0.0231268 0.570506 -0.820968
vn 0.015609 0.814835 -0.579483
vn -0.271122 0.869312 -0.413268
vn -0.341805 0.852211 -0.396113
vn -0.34775 0.851731 -0.39195
vn 0.16278 0.12343 -0.978912
vn 0.394328 0.392418 -0.830972
vn -0.538399 0.631523 -0.557947
vn -0.141002 0.885838 -0.442052
vn -0.142973 0.888374 -0.436292
vn -0.243497 0.646668 -0.722862
vn 0.00180743 0.913374 -0.407117
vn -0.108912 0.993675 -0.0273425
vn -0.0142422 0.935018 -0.354315
vn 0.0205351 0.523091 -0.852029
vn -0.047906 0.539161 -0.840839
vn -0.14583 0.371025 -0.917101
vn -0.110875 0.412005 -0.904411
vn -0.56039 0.457245 -0.690572
vn 0.000313948 0.422822 -0.906213
vn -0.277249 0.895181 -0.348975
vn -0.313656 0.390824 -0.865377
vn -0.829265 0.323448 -0.455742
vn -0.549262 0.819482 -0.163586
vn -0.165844 0.981039 0.100288
vn -0.188403 0.947905 -0.256866
vn -0.106044 0.855131 -0.50745
vn -0.100952 0.652715 -0.750848
vn -0.291165 0.776807 -0.558385
vn -0.0855846 0.983493 -0.159425
vn -0.442538 0.861589 -0.248646
vn -0.145993 0.920902 -0.361422
vn -0.243772 0.968194 -0.0563506
vn -0.272912 0.959746 -0.0663876
vn -0.0601501 0.986841 0.150088
vn -0.409334 0.868094 -0.280817
vn -0.373451 0.91323 0.162928
vn -0.139957 0.964455 -0.224138
vn -0.851909 0.446814 -0.273147
vn -0.374588 0.66501 -0.6461
vn -0.924197 0.28307 -0.256381
vn -0.48421 0.754918 -0.442311
vn -0.791593 0.413825 -0.449588
vn -0.628024 0.650105 -0.427726
vn -0.620281 0.703865 -0.346157
vn -0.566282 0.34008 -0.75078
vn -0.70053 0.392985 -0.595668
vn -0.354879 0.850424 -0.388382
vn -0.389858 0.909806 0.142351
vn -0.307447 0.949025 -0.0694886
vn 0.143052 0.943687 -0.298313
vn -0.179948 0.983382 0.0240441
vn -0.0315589 0.968288 -0.247835
vn 0.0370653 0.924561 -0.379227
vn 0.113709 0.99273 0.0394668
vn 0.587678 0.744512 -0.316758
vn 0.925138 0.375726 0.0543162
vn 0.70863 0.280212 -0.647553
vn -3.28981e-05 0.991607 0.129285
vn 0.499436 0.660156 -0.561032
vn 0.0508933 0.987112 0.151722
vn 0.0537691 0.982214 0.1799
vn -0.0901404 0.845214 0.526772
vn 0.217283 0.907851 0.358601
vn -0.12635 0.959494 0.251808
vn -0.314193 0.927446 0.202798
vn 0.500515 0.862079 0.0794048
vn -0.0240932 0.983205 0.180905
vn -0.156213 0.825659 0.542112
vn 0.313088 0.914421 0.256535
vn 0.744741 0.589854 0.312141
vn 0.40247 0.128339 0.906392
vn -0.567648 0.812062 0.135392
vn -0.160296 0.817499 -0.553173
vn -0.120734 0.989759 -0.0761652
vn -0.146424 0.989096 -0.0157642
vn -0.409027 0.896746 -0.168946
vn -0.128748 0.922705 -0.363373
vn -0.383936 0.894496 -0.229063
vn -0.379136 0.866969 -0.323451
vn -0.6407 0.766987 0.0351219
vn -0.312686 0.949799 0.0104564
vn -0.469945 0.790733 0.392291
vn -0.076398 0.995801 -0.0504318
vn -0.142821 0.96781 -0.207233
vn -0.0786285 0.989065 -0.12477
vn -0.13493 0.926119 -0.352275
vn -0.132698 0.935634 -0.327077
vn -0.261299 0.963454 -0.0589794
vn -0.160815 0.986522 -0.0302157
vn -0.172741 0.984864 0.014246
vn -0.103672 0.96095 0.256567
vn 0.0628661 0.978411 0.196876
vn 0.214123 0.916419 0.338124
vn 0.269244 0.95208 0.145092
vn 0.0388843 0.920581 0.388611
vn 0.193332 0.836251 0.513135
vn 0.433386 0.888244 -0.152315
vn 0.320592 0.837043 -0.443373
vn 0.194575 0.901794 0.385887
vn 0.15303 0.816074 0.557319
vn -0.0235055 0.773481 0.633383
vn 0.0187477 0.687756 0.7257
vn 0.0997745 0.982862 0.155007
vn -0.0865585 0.940994 0.327166
vn 0.0454079 0.996919 -0.0639576
vn 0.168802 0.93127 -0.322866
vn 0.197898 0.941235 0.273703
vn 0.261683 0.923465 -0.280595
vn 0.17728 0.973173 0.146646
vn 0.069012 0.986541 0.148239
vn 0.00880572 0.994679 0.102648
vn 0.102321 0.994343 -0.0285118
vn 0.640755 0.76255 0.0891695
vn 0.0745902 0.888678 0.452425
vn -0.301864 0.786473 0.538831
vn 0.0678463 0.876843 0.475965
vn 0.110785 0.938521 0.326964
vn 0.0239435 0.932385 0.360673
vn 0.193857 0.841115 0.504921
vn 0.319059 0.901887 -0.291205
vn 0.306202 0.943407 -0.127369
vn 0.18742 0.972162 -0.140621
vn 0.142987 0.882079 -0.448879
vn 0.333854 0.794306 -0.507563
vn 0.248911 0.839123 -0.483648
vn 0.484748 0.824384 -0.292251
vn 0.352356 0.907787 -0.227526
vn 0.402138 0.803309 -0.439294
vn 0.389234 0.782409 -0.48614
vn 0.217179 0.95622 -0.196153
vn 0.394888 0.889269 -0.230791
vn 0.565159 0.824744 0.0198182
vn 0.443542 0.862105 -0.245042
vn 0.437301 0.893119 0.105393
vn 0.405088 0.793275 -0.454552
vn 0.269675 0.816008 -0.51128
vn 0.091802 0.814749 -0.572501
vn 0.107169 0.883886 -0.455258
vn 0.0117528 0.921637 -0.387875
vn 0.0317026 0.747286 -0.663745
vn -0.0198162 0.949442 -0.313318
vn 0.00857571 0.741871 -0.670487
vn 0.00648394 0.92482 -0.380351
vn -0.328377 0.911052 -0.249305
vn -0.262114 0.787933 -0.557187
vn 0.169107 0.921926 -0.348505
vn 0.0391257 0.921226 -0.387055
vn -0.131717 0.950855 -0.280223
vn -0.186626 0.92318 -0.33602
vn 0.0209048 0.991555 -0.127991
vn 0.268476 0.914146 -0.303738
vn -0.0730683 0.849998 -0.521695
vn 0.42042 0.733356 -0.534262
vn 0.272523 0.849771 -0.451244
vn 0.335598 0.87514 -0.348575
vn 0.355218 0.87314 -0.333836
vn 0.146563 0.942724 -0.299652
vn 0.227497 0.713863 -0.662302
vn 0.238818 0.901556 -0.360781
vn 0.307498 0.864383 -0.397854
vn 0.508932 0.779568 -0.36505
vn 0.661692 0.622366 -0.41812
vn 0.729013 0.520645 -0.444375
vn 0.398171 0.439235 -0.805315
vn 0.458114 0.485128 -0.744837
vn 0.427058 0.76003 -0.489873
vn 0.376722 0.631704 -0.677518
vn -0.0845054 0.899727 -0.428195
vn 0.334975 0.639478 -0.691997
vn -0.419815 0.715309 -0.558649
vn -0.0941092 0.988914 -0.114861
vn 0.401226 0.691738 -0.60043
vn -0.158652 0.978087 0.134813
vn -0.0144113 0.992552 0.120963
vn -0.211268 0.94343 0.255551
vn -0.544166 0.783596 -0.299767
vn -0.401091 0.845959 0.351395
vn -0.315489 0.902568 -0.292982
vn -0.404504 0.864255 0.299064
vn -0.294326 0.945428 0.139778
vn -0.15691 0.894558 0.418504
vn -0.332934 0.921439 0.200263
vn -0.855483 0.355369 -0.376645
vn 0.130092 0.949752 0.284686
vn -0.0703254 0.995391 0.065204
vn -0.209165 0.886354 -0.41307
vn -0.376757 0.905719 -0.194237
vn -0.380221 0.845727 -0.374404
vn -0.307364 0.680936 -0.664721
vn 0.461224 0.557211 -0.690499
vn 0.237715 0.452517 -0.859488
vn 0.536426 0.160263 -0.828591
vn 0.533505 0.46955 -0.703488
vn 0.566524 0.371513 -0.735546
vn 0.646848 0.466543 -0.603262
vn 0.524 0.551218 -0.649294
vn 0.724506 0.232451 -0.648889
vn 0.637698 0.480703 -0.601885
vn 0.656548 0.334602 -0.676007
vn 0.166098 0.4433 -0.88085
vn 0.325849 0.777211 -0.538298
vn 0.0262414 0.915538 -0.401375
vn 0.181181 0.893973 -0.409861
vn 0.631578 0.622003 -0.462841
vn 0.396391 0.443872 -0.803649
vn 0.739478 0.481244 -0.470719
vn 0.649689 0.451712 -0.611441
vn 0.709683 0.134951 -0.691476
vn 0.735581 0.468366 -0.489442
vn 0.770354 0.497586 -0.398701
vn 0.728328 0.192648 -0.657591
vn 0.683242 0.221617 -0.695749
vn 0.681963 0.225673 -0.695699
vn 0.79807 0.460714 -0.388364
vn 0.675688 0.420975 -0.605166
vn 0.615092 0.245519 -0.749254
vn 0.63459 0.243364 -0.733532
vn 0.661005 0.361975 -0.657303
vn 0.471955 0.826353 -0.307244
vn 0.138499 0.938965 0.314901
vn 0.755112 0.466031 -0.461109
vn 0.594084 0.225197 -0.772237
vn 0.502248 0.765956 0.401322
vn 0.244258 0.342991 -0.907025
vn 0.319867 0.61876 0.717511
vn -0.394014 0.844599 0.3625
vn -0.349765 0.933798 0.0754099
vn -0.529551 0.813025 0.242005
vn -0.0858991 0.996287 -0.00574454
vn -0.365742 0.919481 0.144177
vn -0.493813 0.86151 0.118108
vn 0.357882 0.0476944 -0.932548
vn 0.682202 0.134793 -0.718632
vn 0.732602 0.222917 -0.643119
vn 0.41918 0.560276 -0.714408
vn 0.0920797 0.626029 0.774344
vn -0.281972 0.950807 0.12829
vn 0.11598 0.987408 -0.107579
vn -0.334025 0.932405 0.138015
vn 0.44246 0.790717 -0.423078
vn 0.155661 0.591813 -0.790903
vn -0.191721 0.97956 0.0608774
vn -0.0293377 0.989195 -0.143638
vn -0.253377 0.967154 0.0203259
vn 0.535432 0.423922 -0.730481
vn -0.335837 0.821998 0.459927
vn -0.508738 0.817656 -0.26949
vn 0.55618 0.450507 -0.69836
vn 0.705848 0.457298 -0.540978
vn 0.571203 0.240991 -0.784634
vn -0.235464 0.97163 -0.0221943
vn 0.47286 0.750901 -0.461032
vn -0.280025 0.853971 0.438542
vn 0.332394 0.846578 -0.415717
vn -0.636233 0.73713 0.227701
vn -0.490083 0.85942 0.145656
vn -0.588469 0.807396 -0.0426214
vn -0.327337 0.943219 0.0564646
vn 0.0723824 0.962389 0.261854
vn 0.0239435 0.932385 0.360673
vn -0.0482496 0.928231 0.368862
vn 0.138499 0.938965 0.314901
vn 0.102321 0.994343 -0.0285118
vn 0.320592 0.837043 -0.443373
vn 0.640755 0.76255 0.0891695
vn 0.502248 0.765956 0.401322
vn 0.130092 0.949752 0.284686
vn 0.197898 0.941235 0.273703
vn 0.0920797 0.626029 0.774344
vn 0.11598 0.987408 -0.107579
vn 0.138499 0.938965 0.314901
vn 0.319867 0.61876 0.717511
vn 0.0920797 0.626029 0.774344
vn 0.349534 0.93147 -0.100941
vn 0.0745902 0.888678 0.452425
vn 0.565159 0.824744 0.0198182
vn 0.217179 0.95622 -0.196153
vn 0.471955 0.826353 -0.307244
vn -0.0858991 0.996287 -0.00574454
vn -0.365742 0.919481 0.144177
vn -0.490083 0.85942 0.145656
vn -0.179948 0.983382 0.0240441
vn -0.389858 0.909806 0.142351
vn -0.636233 0.73713 0.227701
vn -0.0293377 0.989195 -0.143638
vn 0.744741 0.589854 0.312141
vn 0.500515 0.862079 0.0794048
vn 0.925138 0.375726 0.0543162
vn -0.0703254 0.995391 0.065204
vn -0.106044 0.855131 -0.50745
vn -0.108912 0.993675 -0.0273425
vn -0.549961 0.791558 -0.26642
vn -0.160296 0.817499 -0.553173
vn -0.376757 0.905719 -0.194237
vn -0.399308 0.805706 -0.437482
vn -0.380221 0.845727 -0.374404
vn -0.401964 0.904168 -0.144585
vn -0.131717 0.950855 -0.280223
vn -0.186626 0.92318 -0.33602
vn -0.196259 0.747564 -0.634531
vn -0.209165 0.886354 -0.41307
vn -0.141002 0.885838 -0.442052
vn -0.142973 0.888374 -0.436292
vn -0.508738 0.817656 -0.26949
vn -0.419815 0.715309 -0.558649
vn -0.0845054 0.899727 -0.428195
vn -0.0273061 0.969909 -0.241933
vn -0.341805 0.852211 -0.396113
vn 0.015609 0.814835 -0.579483
vn 0.304048 0.849739 -0.430695
vn 0.461224 0.557211 -0.690499
vn 0.502047 0.621004 -0.601916
vn 0.272523 0.849771 -0.451244
vn 0.376722 0.631704 -0.677518
vn 0.146563 0.942724 -0.299652
vn 0.341035 0.439471 -0.831
vn 0.515502 0.61739 -0.594212
vn 0.542484 0.506369 -0.6703
vn 0.458114 0.485128 -0.744837
vn 0.533505 0.46955 -0.703488
vn 0.565373 0.412034 -0.714549
vn 0.729013 0.520645 -0.444375
vn 0.705848 0.457298 -0.540978
vn 0.398171 0.439235 -0.805315
vn 0.335598 0.87514 -0.348575
vn -0.128748 0.922705 -0.363373
vn -0.145993 0.920902 -0.361422
vn -0.529551 0.813025 0.242005
vn -0.294326 0.945428 0.139778
vn -0.493813 0.86151 0.118108
vn -0.588469 0.807396 -0.0426214
vn -0.368755 0.825882 0.426543
vn -0.15691 0.894558 0.418504
vn -0.508738 0.817656 -0.26949
vn -0.120734 0.989759 -0.0761652
vn -0.722776 0.68523 -0.0897504
vn -0.409027 0.896746 -0.168946
vn -0.585275 0.79386 -0.165046
vn -0.379136 0.866969 -0.323451
vn -0.142821 0.96781 -0.207233
vn -0.281972 0.950807 0.12829
vn -0.328377 0.911052 -0.249305
vn -0.281972 0.950807 0.12829
vn -0.0786285 0.989065 -0.12477
vn -0.158652 0.978087 0.134813
vn -0.132698 0.935634 -0.327077
vn -0.253377 0.967154 0.0203259
vn -0.160815 0.986522 -0.0302157
vn -0.335729 0.883359 0.327053
vn -0.0144113 0.992552 0.120963
vn -0.327337 0.943219 0.0564646
vn -0.235464 0.97163 -0.0221943
vn 0.0454079 0.996919 -0.0639576
vn 0.319059 0.901887 -0.291205
vn -0.585275 0.79386 -0.165046
vn -0.328377 0.911052 -0.249305
vn -0.74833 0.556095 -0.361607
vn -0.262114 0.787933 -0.557187
vn -0.508738 0.817656 -0.26949
vn -0.620281 0.703865 -0.346157
vn -0.315489 0.902568 -0.292982
vn -0.549262 0.819482 -0.163586
vn -0.855483 0.355369 -0.376645
vn -0.855483 0.355369 -0.376645
vn -0.829265 0.323448 -0.455742
vn -0.70053 0.392985 -0.595668
vn -0.56039 0.457245 -0.690572
vn -0.307364 0.680936 -0.664721
vn -0.36273 0.840022 -0.403473
vn -0.864128 0.360165 -0.351516
vn -0.750248 0.436178 -0.496867
vn -0.018974 0.821682 -0.56963
vn -0.0263652 0.519835 -0.85386
vn 0.79807 0.460714 -0.388364
vn 0.656548 0.334602 -0.676007
vn 0.55618 0.450507 -0.69836
vn 0.675688 0.420975 -0.605166
vn 0.661005 0.361975 -0.657303
vn 0.646848 0.466543 -0.603262
vn 0.498924 0.240332 -0.832655
vn 0.487311 0.487013 -0.724808
vn 0.63459 0.243364 -0.733532
vn 0.732602 0.222917 -0.643119
vn 0.649689 0.451712 -0.611441
vn 0.535432 0.423922 -0.730481
vn 0.749863 0.379962 -0.541603
vn 0.739478 0.481244 -0.470719
vn 0.755112 0.466031 -0.461109
vn 0.755112 0.466031 -0.461109
vn 0.663402 0.405736 -0.62871
vn 0.396391 0.443872 -0.803649
vn 0.661692 0.622366 -0.41812
vn 0.736151 0.584835 -0.34066
vn 0.705848 0.457298 -0.540978
vn 0.508932 0.779568 -0.36505
vn 0.524 0.551218 -0.649294
vn 0.461239 0.617187 -0.637447
vn 0.47286 0.750901 -0.461032
vn 0.41918 0.560276 -0.714408
vn 0.332394 0.846578 -0.415717
vn 0.394888 0.889269 -0.230791
vn 0.269675 0.816008 -0.51128
vn 0.631578 0.622003 -0.462841
vn 0.524 0.551218 -0.649294
vn 0.471955 0.826353 -0.307244
vn 0.166098 0.4433 -0.88085
vn 0.480386 0.56885 -0.667562
vn 0.427058 0.76003 -0.489873
vn 0.334975 0.639478 -0.691997
vn 0.401226 0.691738 -0.60043
vn 0.268476 0.914146 -0.303738
vn 0.107169 0.883886 -0.455258
vn 0.401226 0.691738 -0.60043
vn 0.0391257 0.921226 -0.387055
vn 0.091802 0.814749 -0.572501
vn -0.699264 0.628039 0.341463
vn -0.131759 -0.263783 -0.955541
vn -0.190655 0.844302 -0.500804
vn -0.0762885 0.227238 -0.970846
vn -0.548315 0.419524 -0.72343
vn -0.218952 -0.151365 -0.963924
vn 0.252269 -0.325551 -0.91125
vn -0.376095 -0.251759 -0.891723
vn 0.329847 -0.518269 -0.789049
vn -0.0572688 -0.121006 -0.990998
vn 0.369616 -0.208707 -0.905442
vn 0.262837 -0.359721 -0.895275
vn 0.131689 -0.132311 -0.982421
vn 0.282793 -0.336206 -0.898328
vn 0.270441 -0.288015 -0.918645
vn 0.555742 0.105603 -0.824621
vn 0.356251 0.083662 -0.930637
vn 0.340236 0.169577 -0.924923
vn 0.127162 -0.183713 -0.97472
vn 0.398877 0.31536 -0.861072
vn 0.257375 -0.521137 -0.813741
vn 0.32768 -0.49186 -0.80666
vn 0.353228 -0.677458 -0.645198
vn 0.228548 -0.824506 -0.517644
vn 0.117335 -0.932053 -0.342798
vn 0.170499 -0.558633 -0.811701
vn 0.0938167 -0.49521 -0.863693
vn 0.299671 -0.265272 -0.916421
vn 0.313852 -0.373921 -0.872743
vn 0.225389 -0.49884 -0.836875
vn 0.0915379 -0.889298 -0.448074
vn 0.0656503 -0.500557 -0.863211
vn 0.253697 -0.386864 -0.886552
vn 0.149398 -0.483109 -0.86272
vn 0.277068 -0.672475 -0.686302
vn 0.213515 -0.628913 -0.747582
vn 0.335559 -0.683614 -0.64813
vn 0.787106 -0.0108338 -0.616723
vn 0.514918 -0.209916 -0.83114
vn 0.459171 -0.127638 -0.87913
vn 0.170054 -0.634466 -0.754012
vn 0.373813 -0.67917 -0.631658
vn 0.226387 -0.817868 -0.529
vn 0.0925873 -0.842099 -0.531317
vn 0.309765 -0.685552 -0.658836
vn 0.130889 -0.764506 -0.631188
vn 0.102437 -0.925057 -0.365755
vn 0.262152 -0.677258 -0.687458
vn 0.131951 -0.749501 -0.64872
vn 0.330984 -0.614079 -0.716489
vn 0.146959 -0.600028 -0.786365
vn -0.237279 -0.751826 -0.615189
vn 0.182403 -0.812062 -0.554333
vn 0.202479 -0.488093 -0.84898
vn 0.107274 -0.521239 -0.846642
vn 0.0790845 -0.860956 -0.502494
vn 0.127699 -0.624583 -0.770447
vn 0.29544 -0.504571 -0.811248
vn 0.258703 -0.612075 -0.747287
vn 0.340878 -0.384268 -0.857986
vn 0.471603 -0.394683 -0.788553
vn 0.187966 -0.387888 -0.902337
vn 0.230318 -0.79725 -0.557984
vn 0.0482675 -0.89112 -0.451194
vn 0.436729 -0.400735 -0.805406
vn 0.37217 -0.587287 -0.718737
vn 0.370897 -0.716859 -0.59038
vn 0.436664 -0.448893 -0.779628
vn 0.224655 -0.353832 -0.907928
vn 0.401428 0.248609 -0.881504
vn 0.08842 0.345443 -0.934265
vn 0.180071 -0.179623 -0.967114
vn 0.305704 -0.552165 -0.775667
vn 0.152906 -0.550303 -0.820845
vn 0.42496 -0.238288 -0.873285
vn 0.272923 -0.535196 -0.799424
vn 0.399055 -0.383996 -0.832648
vn 0.207814 -0.472165 -0.856664
vn 0.530676 0.216313 -0.819507
vn 0.493456 0.0348389 -0.869073
vn 0.42975 -0.390583 -0.8141
vn 0.507865 0.112441 -0.854067
vn -0.012572 -0.498025 -0.867072
vn 0.451827 -0.543991 -0.707055
vn -0.108915 0.241856 -0.96418
vn -0.548724 -0.449869 -0.704642
vn -0.543258 0.186109 -0.818678
vn 0.061518 -0.690614 -0.720602
vn 0.112876 -0.899184 -0.422762
vn 0.0504582 -0.918984 -0.391054
vn 0.23834 -0.78943 -0.56568
vn 0.134756 -0.714871 -0.686149
vn 0.140952 -0.863278 -0.484648
vn 0.0558712 -0.912926 -0.404283
vn -0.314729 -0.6847 -0.657367
vn -0.156303 -0.742313 -0.651568
vn -0.380999 -0.679461 -0.627035
vn 0.313042 -0.786126 -0.532927
vn 0.260477 0.321734 -0.910296
vn 0.315932 -0.694453 -0.646469
vn 0.353609 -0.578281 -0.735222
vn 0.466824 0.206632 -0.859871
vn 0.224674 -0.789446 -0.571224
vn 0.258352 -0.834214 -0.487176
vn 0.438255 -0.513512 -0.737725
vn 0.304383 -0.238768 -0.922139
vn 0.419219 -0.134637 -0.897847
vn 0.461685 -0.0279072 -0.886605
vn 0.2262 -0.122293 -0.966374
vn 0.394853 -0.468995 -0.790022
vn 0.0663117 -0.813861 -0.577263
vn 0.34318 -0.290457 -0.893231
vn -0.0311887 -0.865523 -0.499898
vn -0.0931808 -0.771363 -0.629536
vn 0.393097 -0.546559 -0.739424
vn 0.0613982 -0.911316 -0.407103
vn 0.0566254 -0.605312 -0.793972
vn 0.323617 -0.661957 -0.676081
vn 0.265312 -0.619203 -0.739052
vn 0.016295 -0.934295 -0.356128
vn 0.0594254 -0.788471 -0.612194
vn 0.230631 -0.703977 -0.671733
vn 0.338828 -0.421342 -0.841229
vn 0.184364 -0.352671 -0.917406
vn 0.396363 -0.203949 -0.895154
vn 0.136087 -0.930484 -0.340117
vn 0.55029 -0.214945 -0.806833
vn 0.107024 -0.944836 -0.309565
vn -0.386992 -0.784275 -0.484923
vn 0.461108 -0.399239 -0.792457
vn 0.306731 0.289073 -0.906837
vn 0.151206 -0.731436 -0.664935
vn 0.369309 -0.74667 -0.553258
vn -0.491277 -0.613714 -0.618064
vn 0.393097 -0.546559 -0.739424
vn 0.461108 -0.399239 -0.792457
vn 0.313852 -0.373921 -0.872743
vn 0.338828 -0.421342 -0.841229
vn 0.170499 -0.558633 -0.811701
vn -0.179503 -0.962644 -0.202718
vn 0.117335 -0.932053 -0.342798
vn -0.131759 -0.263783 -0.955541
vn 0.225389 -0.49884 -0.836875
vn 0.32768 -0.49186 -0.80666
vn 0.136087 -0.930484 -0.340117
vn 0.313042 -0.786126 -0.532927
vn 0.369309 -0.74667 -0.553258
vn 0.236115 -0.707569 0.66603
vn 0.416145 -0.567391 0.710557
vn 0.720408 -0.527614 0.450151
vn 0.711935 -0.508108 0.484743
vn 0.888817 -0.449385 0.0897645
vn 0.42515 -0.770964 0.474196
vn 0.912986 -0.39889 0.0856914
vn 0.826876 -0.522337 0.208422
vn 0.883714 -0.459634 -0.08824
vn 0.879101 -0.476147 -0.0216009
vn 0.734362 -0.666392 -0.128975
vn 0.757974 -0.652084 -0.0161585
vn 0.719891 -0.693484 0.0289222
vn 0.914824 -0.403782 0.00748809
vn 0.909947 -0.390409 -0.139916
vn 0.998376 -0.0545768 -0.0163022
vn 0.994533 -0.096938 -0.0388301
vn 0.997864 -0.0591525 -0.0277067
vn 0.999845 -0.0174713 0.00217503
vn 0.910264 -0.413932 0.00888718
vn 0.994646 -0.0672021 -0.0785062
vn 0.819546 -0.194876 -0.538858
vn 0.844922 0.534431 -0.0221312
vn 0.927096 -0.373996 -0.0249203
vn 0.954059 -0.298153 -0.0295996
vn 0.997395 0.0663528 -0.0282827
vn 0.876879 0.184242 -0.444002
vn 0.822836 -0.273998 -0.497862
vn 0.898577 0.379362 -0.220554
vn 0.844954 -0.526463 0.0942789
vn 0.90831 -0.277843 -0.312692
vn 0.819674 -0.531667 0.213224
vn 0.795303 -0.603369 0.0586343
vn 0.995914 0.0902262 -0.00374227
vn 0.628762 -0.656933 0.416049
vn 0.612462 -0.69657 0.37374
vn 0.332007 -0.919554 0.210219
vn 0.417191 -0.894324 -0.161667
vn 0.83681 -0.537242 -0.105451
vn 0.80427 -0.486426 -0.34138
vn 0.0877832 -0.941691 0.324827
vn 0.729842 -0.490028 -0.476658
vn 0.011762 -0.966375 0.256868
vn 0.307822 -0.843145 -0.440855
vn 0.74231 -0.124947 -0.658304
vn 0.59597 -0.133634 -0.791809
vn 0.769006 0.231597 -0.595812
vn 0.323125 -0.824466 -0.464592
vn 0.893225 -0.43458 -0.115284
vn 0.897665 -0.434959 -0.0707622
vn 0.823297 -0.542307 -0.167589
vn 0.860008 -0.412609 -0.300234
vn 0.429851 -0.447937 -0.783952
vn 0.576886 -0.536194 -0.616197
vn 0.562702 -0.520071 -0.642567
vn 0.562461 -0.224239 -0.795836
vn 0.808747 -0.207224 -0.550443
vn 0.556467 -0.550045 -0.622732
vn 0.782568 -0.0571125 -0.619939
vn 0.971234 -0.0261666 -0.236683
vn 0.890366 -0.122301 -0.438509
vn 0.658626 -0.73296 -0.17024
vn 0.915918 0.297163 -0.269794
vn 0.446676 -0.8931 -0.0534234
vn 0.990068 0.1175 -0.0771904
vn 0.746698 0.41517 -0.519687
vn 0.961557 0.185029 -0.20291
vn 0.9958 0.0889653 -0.0216173
vn 0.90938 0.392901 0.136587
vn 0.986012 0.160435 0.0451822
vn 0.80441 0.522577 0.282555
vn 0.907534 0.408457 0.0977008
vn 0.994315 0.10262 0.0284123
vn 0.997603 0.0685672 0.00928207
vn 0.883912 0.448784 0.131503
vn 0.978543 0.129353 -0.160377
vn 0.998557 0.0535504 0.00399596
vn 0.815657 -0.478985 -0.324465
vn 0.66804 -0.586019 0.45859
vn 0.996571 0.0827448 0.000479339
vn 0.807369 -0.271242 -0.524006
vn 0.900094 -0.293954 -0.321592
vn 0.497005 -0.805248 -0.32336
vn 0.828924 0.354862 -0.432386
vn 0.37096 -0.913165 0.168876
vn 0.996753 -0.0791462 -0.0147976
vn 0.802364 -0.591401 -0.0803585
vn 0.428195 -0.898091 0.10041
vn 0.795303 -0.603369 0.0586343
vn 0.83681 -0.537242 -0.105451
vn 0.66804 -0.586019 0.45859
vn 0.802364 -0.591401 -0.0803585
vn 0.819674 -0.531667 0.213224
vn 0.687604 -0.583856 0.431641
vn 0.883714 -0.459634 -0.08824
vn 0.927096 -0.373996 -0.0249203
vn 0.713358 -0.698547 -0.056147
vn 0.844954 -0.526463 0.0942789
vn 0.428195 -0.898091 0.10041
vn 0.446094 -0.794029 0.412937
vn 0.696848 -0.716177 -0.0386491
vn 0.573647 -0.818596 -0.0288102
vn 0.802364 -0.591401 -0.0803585
vn 0.910264 -0.413932 0.00888718
vn 0.893225 -0.43458 -0.115284
vn 0.996753 -0.0791462 -0.0147976
vn 0.897665 -0.434959 -0.0707622
vn 0.737291 -0.609983 -0.290384
vn 0.729842 -0.490028 -0.476658
vn 0.74231 -0.124947 -0.658304
vn 0.769006 0.231597 -0.595812
vn 0.606679 -0.330095 -0.723172
vn 0.446676 -0.8931 -0.0534234
vn 0.925404 -0.369788 -0.0829762
vn 0.890366 -0.122301 -0.438509
vn 0.723712 0.388041 -0.570671
vn 0.828924 0.354862 -0.432386
vn 0.777267 0.351061 -0.522123
vn 0.978543 0.129353 -0.160377
vn 0.915918 0.297163 -0.269794
vn 0.999851 0.0167113 -0.00440949
vn 0.994315 0.10262 0.0284123
vn 0.998557 0.0535504 0.00399596
vn 0.999881 -0.015405 -0.000122739
vn 0.996571 0.0827448 0.000479339
vn 0.999845 -0.0174713 0.00217503
vn 0.996753 -0.0791462 -0.0147976
vn 0.971234 -0.0261666 -0.236683
vn 0.514817 0.767581 -0.381816
vn 0.675224 -0.167701 -0.718295
vn 0.507377 0.179825 -0.842753
vn 0.997603 0.0685672 0.00928207
vn 0.776279 0.616673 -0.130788
vn 0.978543 0.129353 -0.160377
vn 0.883912 0.448784 0.131503
vn 0.777267 0.351061 -0.522123
vn -0.962823 -0.0431113 -0.266672
vn -0.709456 0.401685 -0.579069
vn -0.975417 0.166644 0.144194
vn -0.781554 0.299574 0.547201
vn -0.908745 0.0404637 0.415387
vn -0.86236 0.0664589 -0.501914
vn -0.853243 -0.284157 0.437299
vn -0.58546 -0.145965 0.797453
vn -0.718664 -0.44474 -0.534536
vn -0.442967 -0.714127 -0.542036
vn -0.537649 -0.778786 0.323151
vn -0.688952 -0.299046 0.66024
vn -0.5311 -0.299732 0.792523
vn -0.357409 -0.106422 0.927865
vn -0.546076 -0.711167 0.442767
vn -0.772863 -0.265654 0.576291
vn -0.501258 0.229721 0.834247
vn -0.437164 -0.347406 0.829576
vn -0.492795 -0.299841 0.816853
vn -0.666227 -0.271004 0.694765
vn -0.369826 -0.641529 0.672064
vn -0.541489 -0.346027 0.766195
vn -0.454666 -0.645701 0.613473
vn -0.328455 -0.642686 0.69215
vn -0.212122 -0.867024 0.450858
vn -0.339246 -0.905468 0.255031
vn -0.670574 -0.3418 0.65841
vn -0.484998 -0.376849 0.789153
vn -0.975124 0.206118 0.0815435
vn -0.776556 -0.32083 0.542244
vn -0.601312 0.277094 0.749428
vn -0.920672 -0.380316 0.0878754
vn -0.156308 0.154627 0.97553
vn -0.137634 0.207798 0.968441
vn -0.180071 0.144761 0.972943
vn -0.394603 0.188454 0.899318
vn -0.347927 0.0591461 0.935654
vn -0.41113 -0.115598 0.904218
vn -0.508438 -0.477087 0.716853
vn -0.811415 -0.071168 0.580122
vn -0.721261 0.338306 0.604427
vn -0.817482 -0.115248 0.564306
vn -0.732046 0.319786 0.601536
vn -0.833003 0.288347 0.47219
vn -0.706524 0.299087 0.641382
vn -0.865242 -0.0552459 0.498302
vn -0.820391 0.0190088 0.571487
vn -0.875713 0.0944252 0.473509
vn -0.518225 0.320326 0.79299
vn -0.670383 -0.468708 0.575239
vn -0.872172 -0.377236 0.311465
vn -0.725588 -0.615998 0.306706
vn -0.509244 -0.614147 0.602904
vn -0.625922 -0.779229 -0.0319954
vn -0.563721 -0.803863 -0.189796
vn -0.547775 -0.789384 0.277157
vn -0.81645 -0.435769 0.378833
vn -0.752727 -0.563208 0.340879
vn -0.571808 -0.746956 0.339254
vn -0.808764 -0.414003 0.417735
vn -0.52004 -0.680813 0.515802
vn -0.5039 -0.608905 0.612633
vn -0.718017 0.0624313 0.69322
vn -0.781024 -0.464501 0.41742
vn -0.404086 -0.691337 0.598972
vn -0.312502 0.789664 0.52799
vn -0.59626 -0.616588 0.514094
vn -0.642462 0.332218 0.69056
vn -0.883976 0.0741967 0.461607
vn -0.4653 0.0719107 0.882227
vn -0.852236 0.364198 0.37557
vn -0.489167 0.283122 0.824959
vn -0.866691 0.49489 0.0626994
vn -0.384022 0.185473 0.904503
vn -0.769733 0.573223 0.280938
vn -0.870899 0.238456 0.429737
vn -0.536899 -0.724334 0.432527
vn -0.828796 0.467278 0.307813
vn -0.60921 0.21538 0.7632
vn -0.145418 -0.936141 0.320147
vn -0.65713 0.233847 0.716586
vn -0.42817 -0.693868 0.57898
vn -0.419753 0.223102 0.879791
vn -0.29018 0.562962 0.773866
vn -0.441783 -0.344864 0.828188
vn -0.718017 0.0624313 0.69322
vn -0.688952 -0.299046 0.66024
vn -0.975417 0.166644 0.144194
vn -0.772863 -0.265654 0.576291
vn -0.921833 0.358042 -0.148427
vn -0.60921 0.21538 0.7632
vn -0.769733 0.573223 0.280938
vn -0.999304 0.0367428 -0.00643087
vn -0.917617 -0.0572128 -0.393326
vn -0.60921 0.21538 0.7632
vn -0.384022 0.185473 0.904503
vn -0.394603 0.188454 0.899318
vn -0.419753 0.223102 0.879791
vn -0.642462 0.332218 0.69056
vn -0.518225 0.320326 0.79299
vn -0.419753 0.223102 0.879791
vn -0.721261 0.338306 0.604427
vn -0.347927 0.0591461 0.935654
vn -0.601312 0.277094 0.749428
vn -0.29018 0.562962 0.773866
vn -0.441783 -0.344864 0.828188
vn -0.312502 0.789664 0.52799
vn -0.29018 0.562962 0.773866
vn -0.501258 0.229721 0.834247
vn -0.339246 -0.905468 0.255031
vn -0.571808 -0.746956 0.339254
vn -0.563721 -0.803863 -0.189796
vn -0.42817 -0.693868 0.57898
vn -0.245364 -0.931224 -0.269478
vn -0.5039 -0.608905 0.612633
vn -0.42817 -0.693868 0.57898
vn -0.404086 -0.691337 0.598972
vn -0.441783 -0.344864 0.828188
vn -0.808764 -0.414003 0.417735
vn -0.865242 -0.0552459 0.498302
vn -0.752727 -0.563208 0.340879
vn -0.781024 -0.464501 0.41742
vn -0.636361 -0.687252 0.350327
vn -0.277295 0.731664 0.622716
vn -0.319512 0.742068 0.589277
vn -0.235713 0.590817 0.771605
vn -0.0346265 0.700324 0.712984
vn -0.259985 0.537574 0.802136
vn -0.44711 0.58776 0.674263
vn -0.277883 0.751553 0.598288
vn -0.163806 0.555861 0.814976
vn -0.103259 0.933045 0.344622
vn -0.337871 0.691691 0.638285
vn -0.11523 0.666719 0.736348
vn -0.0773527 0.555165 0.828135
vn -0.0830422 0.582707 0.808429
vn -0.0363757 0.984849 0.169558
vn -0.117833 0.855347 0.504476
vn -0.283071 0.534034 0.796667
vn -0.152099 0.79513 0.587055
vn -0.257802 0.885477 0.386613
vn -0.152216 0.652835 0.742049
vn -0.326556 0.623781 0.710112
vn 0.0895021 0.682262 0.725609
vn 0.245633 0.495426 0.833197
vn 0.286461 0.566405 0.772739
vn -0.134542 0.80486 0.578013
vn -0.0730513 0.992477 -0.0982497
vn 0.0812292 0.97809 -0.19168
vn -0.00317859 0.999476 0.0322082
vn -0.371341 0.903102 -0.215667
vn -0.499071 0.699248 -0.511841
vn -0.741574 0.280782 -0.609286
vn -0.901063 0.373334 -0.220698
vn 0.158167 0.90441 -0.396266
vn 0.054793 0.991563 -0.117473
vn -0.0381469 0.910522 0.411697
vn -0.119341 0.899196 -0.420956
vn 0.245164 0.903935 0.350422
vn 0.387015 0.872246 -0.29901
vn 0.645935 0.748692 0.149092
vn 0.101165 0.699844 0.707096
vn -0.0675148 0.507064 0.85926
vn -0.128897 0.684349 0.717671
vn -0.400754 0.824299 0.399909
vn 0.47043 0.740697 0.47965
vn 0.427284 0.793962 0.432496
vn 0.824551 0.410675 0.38918
vn 0.406739 0.505761 0.760769
vn 0.449476 0.578219 0.680907
vn 0.557174 0.684493 0.470135
vn 0.429557 0.446271 0.785062
vn -0.130755 0.86942 0.476458
vn 0.691059 0.716754 0.0932804
vn -0.158849 0.644857 0.747613
vn -0.0247703 0.690367 0.723035
vn 0.115495 0.655485 0.746324
vn -0.08612 0.575739 0.813085
vn 0.22451 0.718323 0.658488
vn -0.148375 0.617586 0.772381
vn -0.0818272 0.741175 0.666306
vn -0.306113 0.61565 0.726133
vn -0.220945 0.913721 0.341024
vn -0.221524 0.878129 0.424048
vn -0.0961294 0.807217 0.582374
vn -0.210389 0.913808 0.347406
vn -0.220678 0.774802 0.592438
vn 0.137687 0.697273 0.703457
vn 0.223007 0.713062 0.664688
vn -0.076511 0.963298 0.2573
vn 0.320355 0.476125 0.818949
vn 0.194583 0.675192 0.711514
vn 0.23507 0.426313 0.873498
vn -0.208539 0.558446 0.8029
vn -0.380334 0.724026 0.57544
vn -0.173211 0.837635 0.518041
vn -0.350683 0.863387 0.362744
vn -0.0447574 0.699407 0.713321
vn -0.373072 0.827573 0.419453
vn -0.160204 0.647061 0.745417
vn 0.0316963 0.664972 0.746195
vn 0.395915 0.356087 0.846436
vn 0.420747 0.237047 0.87566
vn 0.0264797 0.934221 0.355709
vn 0.412193 0.578922 0.703525
vn -0.144293 0.908153 0.392986
vn -0.434839 0.418363 0.797425
vn -0.11818 0.394182 0.911402
vn -0.389413 0.385184 0.836654
vn -0.274696 0.805316 0.525365
vn -0.316703 0.155254 0.935733
vn 0.00567307 0.483578 0.875283
vn -0.0272221 0.638428 0.7692
vn -0.333233 0.689915 0.642629
vn -0.350454 0.56372 0.747931
vn -0.703131 0.549609 0.45115
vn -0.221366 0.683733 0.695346
vn -0.693536 0.687737 0.214536
vn -0.453358 0.755096 0.473599
vn -0.319681 0.808265 0.49448
vn -0.143702 0.770426 0.621123
vn -0.129158 0.787292 0.602901
vn -0.73806 0.581776 0.341766
vn -0.0655474 0.941961 0.329262
vn -0.283146 0.722674 0.630532
vn -0.126657 0.628558 0.767381
vn -0.167312 0.889099 0.42604
vn -0.181585 0.831769 0.524583
vn -0.922694 0.385215 0.0156854
vn -0.0663622 0.691114 0.719692
vn -0.152895 0.911248 0.382426
vn -0.0745295 0.717895 0.692151
vn 0.17157 0.898416 0.404243
vn -0.523819 0.851806 0.006342
vn -0.344774 0.791505 0.50463
vn -0.456828 0.685447 0.566984
vn -0.426737 0.613088 0.664844
vn -0.430086 0.68635 0.586472
vn -0.253846 0.873129 0.416182
vn -0.798809 0.509444 0.319955
vn -0.282482 0.828486 0.483544
vn -0.776724 0.629514 0.0203073
vn -0.840616 0.27069 0.469139
vn -0.355843 0.332163 0.873523
vn -0.114142 0.782321 0.612327
vn -0.329589 0.561225 0.759208
vn -0.856379 0.509792 -0.0820153
vn -0.994266 0.101304 0.0342464
vn 0.368799 0.730425 0.574862
vn -0.103933 0.566947 0.817172
vn -0.845247 0.416098 0.33529
vn -0.114316 0.876205 0.468184
vn -0.0847726 0.670481 0.737068
vn -0.90568 0.303037 -0.2965
vn -0.294985 0.602778 0.741379
vn -0.121348 0.71485 0.688669
vn -0.266725 0.552499 0.789685
vn 0.424358 0.561 0.710774
vn 0.537553 0.783747 0.311089
vn 0.451411 0.335877 0.826689
vn 0.856382 0.39505 0.332484
vn 0.810659 0.560215 0.17027
vn -0.150216 0.312465 0.937977
vn -0.149852 0.504349 0.850398
vn -0.026279 0.744602 0.666991
vn 0.446323 0.53408 0.718021
vn -0.817137 0.492464 0.29961
vn -0.00243104 0.721791 0.692107
vn 0.0388514 0.699986 0.713099
vn 0.00908018 0.894289 0.447397
vn -0.0381469 0.910522 0.411697
vn -0.11523 0.666719 0.736348
vn -0.0675148 0.507064 0.85926
vn -0.130755 0.86942 0.476458
vn -0.103933 0.566947 0.817172
vn -0.00243104 0.721791 0.692107
vn 0.0388514 0.699986 0.713099
vn -0.134542 0.80486 0.578013
vn -0.326556 0.623781 0.710112
vn 0.0895021 0.682262 0.725609
vn 0.449476 0.578219 0.680907
vn 0.429557 0.446271 0.785062
vn 0.424358 0.561 0.710774
vn 0.427284 0.793962 0.432496
vn -0.44711 0.58776 0.674263
vn -0.149852 0.504349 0.850398
vn -0.266725 0.552499 0.789685
vn -0.817137 0.492464 0.29961
vn -0.901063 0.373334 -0.220698
vn -0.994266 0.101304 0.0342464
vn -0.181585 0.831769 0.524583
vn -0.294985 0.602778 0.741379
vn -0.208539 0.558446 0.8029
vn -0.114316 0.876205 0.468184
vn -0.0545563 0.916953 0.395247
vn -0.0655474 0.941961 0.329262
vn -0.117833 0.855347 0.504476
vn -0.143702 0.770426 0.621123
vn -0.266725 0.552499 0.789685
vn -0.128897 0.684349 0.717671
vn -0.0830422 0.582707 0.808429
vn 0.00908018 0.894289 0.447397
vn -0.294985 0.602778 0.741379
vn -0.329589 0.561225 0.759208
vn -0.0337626 0.866827 0.497465
vn -0.0847726 0.670481 0.737068
vn -0.114142 0.782321 0.612327
vn -0.274696 0.805316 0.525365
vn -0.150216 0.312465 0.937977
vn -0.144293 0.908153 0.392986
vn -0.0447574 0.699407 0.713321
vn -0.0272221 0.638428 0.7692
vn -0.121348 0.71485 0.688669
vn 0.17157 0.898416 0.404243
vn -0.121348 0.71485 0.688669
vn 0.0264797 0.934221 0.355709
vn 0.00908018 0.894289 0.447397
vn 0.368799 0.730425 0.574862
vn 0.412193 0.578922 0.703525
vn 0.446323 0.53408 0.718021
vn -0.382879 0.437703 0.813523
vn -0.231912 0.45309 0.860771
vn -0.240811 0.522984 0.817617
vn -0.180526 0.202396 0.962521
vn -0.0261342 0.345116 0.938196
vn -0.16746 0.64486 0.74573
vn -0.145124 0.915685 0.374779
vn -0.385171 0.5297 0.755686
vn -0.122379 0.669929 0.732269
vn -0.170081 0.847971 0.502014
vn -0.0529842 0.994416 0.091262
vn 0.00305192 0.999823 -0.0185734
vn 0.0795908 0.990886 -0.108674
vn 0.326359 0.853388 -0.406471
vn -0.0836332 0.98624 0.142604
vn 0.111381 0.946038 -0.304312
vn -0.0558942 0.972617 0.225593
vn -0.339214 0.748466 0.569852
vn -0.0422746 0.952037 0.303049
vn 0.165176 0.986213 0.00999897
vn -0.0796856 0.99672 0.0141113
vn -0.322424 0.946592 0.00262493
vn -0.0703554 0.892504 -0.445519
vn -0.239966 0.756183 0.608773
vn -0.371767 0.889414 0.265956
vn -0.415304 0.478801 0.773481
vn -0.129151 0.515833 0.846898
vn -0.295193 0.700216 0.650045
vn -0.872575 0.379637 0.30739
vn -0.866218 0.473464 -0.159681
vn -0.391535 0.92014 -0.00659072
vn -0.00342401 0.783765 0.621048
vn -0.228446 0.852653 0.469888
vn -0.222086 0.646175 0.730161
vn 0.0606765 0.655355 0.75288
vn -0.757658 0.528248 0.383286
vn 0.316287 0.633479 0.706163
vn 0.363184 0.420382 0.831491
vn 0.391071 0.505814 0.768906
vn -0.1307 0.631063 0.764642
vn 0.026602 0.190444 0.981338
vn -0.461089 0.207378 0.862781
vn -0.465355 -0.394677 0.792259
vn -0.884022 0.226037 0.409159
vn -0.487578 0.741585 0.460781
vn -0.710457 0.690551 -0.135611
vn -0.839002 -0.483259 0.250073
vn 0.103656 -0.410002 0.906175
vn -0.52878 0.690781 0.493167
vn 0.554641 0.0123984 0.831997
vn -0.904029 0.421663 -0.0702306
vn -0.26071 0.655844 0.708448
vn -0.175947 0.718473 0.672934
vn 0.0353925 0.893976 -0.446714
vn -0.100316 0.931037 -0.350866
vn -0.13627 0.990595 -0.0123619
vn -0.336751 0.930271 -0.14558
vn -0.304715 0.907885 0.287913
vn -0.159788 0.896039 0.414224
vn -0.296717 0.893543 0.336956
vn -0.178637 0.86073 0.476689
vn 0.15161 0.988217 0.0210241
vn -0.274037 0.788284 0.550919
vn -0.19715 0.886288 0.419076
vn -0.260336 0.896415 0.358701
vn -0.313132 0.85438 0.414708
vn 0.202178 0.824557 -0.528422
vn -0.181719 0.982415 -0.0428798
vn -0.246587 0.864567 0.437857
vn -0.145159 0.919265 0.365897
vn 0.16448 0.896502 -0.411375
vn -0.29285 0.888876 0.352333
vn -0.16246 0.927325 0.337158
vn -0.341853 0.857117 0.385339
vn -0.378369 0.775616 0.50523
vn -0.36804 0.650913 0.663972
vn -0.566691 0.372915 0.734708
vn -0.573557 0.327995 0.750634
vn -0.828796 0.467278 0.307813
vn -0.65713 0.233847 0.716586
vn -0.870899 0.238456 0.429737
vn -0.27611 0.928585 0.24798
vn -0.256962 0.87017 0.420447
vn -0.299196 0.766449 0.568364
vn -0.497508 0.821626 0.278239
vn -0.866691 0.49489 0.0626994
vn -0.363018 0.928325 -0.0801892
vn -0.415375 0.872799 0.256291
vn -0.0458607 0.991005 0.125724
vn -0.769733 0.573223 0.280938
vn -0.118853 0.980085 -0.159086
vn -0.489167 0.283122 0.824959
vn -0.0255805 0.993381 -0.111979
vn -0.852236 0.364198 0.37557
vn 0.0620196 0.968437 -0.241421
vn 0.0575783 0.901723 -0.428463
vn 0.192198 0.908427 -0.371241
vn -0.200465 0.825733 -0.527236
vn -0.167368 0.721839 -0.671518
vn -0.264743 0.963821 0.0309841
vn -0.140921 0.966805 0.21314
vn -0.839888 0.510626 0.183982
vn -0.0407365 0.930343 -0.36442
vn 0.246808 0.943539 -0.220955
vn -0.309658 0.807588 0.50191
vn -0.492364 0.364092 0.790579
vn -0.20511 0.396048 0.895028
vn -0.28823 0.417262 0.861868
vn 0.141346 0.86798 -0.476058
vn -0.449425 0.316203 0.835484
vn -0.460506 0.503121 0.731302
vn -0.500429 -0.0964024 0.860394
vn -0.540332 0.253464 0.80237
vn -0.449148 0.884388 -0.126982
vn -0.226297 0.907965 0.352688
vn -0.263307 0.676009 0.688246
vn -0.0501403 0.968958 -0.242086
vn -0.52304 0.732678 0.435445
vn -0.122379 0.669929 0.732269
vn -0.263307 0.676009 0.688246
vn -0.175947 0.718473 0.672934
vn -0.174628 0.562181 0.808367
vn -0.0261342 0.345116 0.938196
vn 0.207132 0.101224 0.973062
vn 0.0606765 0.655355 0.75288
vn 0.363184 0.420382 0.831491
vn -0.226297 0.907965 0.352688
vn -0.385171 0.5297 0.755686
vn -0.246441 0.439313 0.86387
vn -0.460506 0.503121 0.731302
vn -0.27611 0.928585 0.24798
vn -0.299674 0.793256 0.530039
vn -0.299196 0.766449 0.568364
vn -0.140921 0.966805 0.21314
vn -0.264743 0.963821 0.0309841
vn 0.246808 0.943539 -0.220955
vn 0.141346 0.86798 -0.476058
vn -0.497508 0.821626 0.278239
vn -0.1307 0.631063 0.764642
vn -0.26071 0.655844 0.708448
vn -0.52878 0.690781 0.493167
vn -0.839888 0.510626 0.183982
vn -0.52304 0.732678 0.435445
vn -0.710457 0.690551 -0.135611
vn -0.0703554 0.892504 -0.445519
vn -0.449148 0.884388 -0.126982
vn -0.0501403 0.968958 -0.242086
vn -0.338061 0.911904 -0.232692
vn -0.218452 0.880939 0.419793
vn -0.505874 0.862392 0.0192687
vn -0.298324 0.953079 0.0514076
vn -0.302231 0.878536 0.369906
vn -0.0279635 0.919069 0.393103
vn -0.180501 0.976792 0.11531
vn 0.418157 0.899576 0.126125
vn -0.193236 0.981051 0.0141078
vn 0.000831124 0.999689 0.0249288
vn -0.0323893 0.999474 -0.00172875
vn -0.0167533 0.999153 0.0375722
vn -0.230336 0.93643 -0.264658
vn -0.0300506 0.928224 0.370806
vn 0.208566 0.889958 0.405554
vn 0.0195864 0.715451 0.698388
vn 0.0499797 0.994648 -0.0904321
vn 0.307787 0.910392 0.276502
vn 0.0027207 0.833711 0.552195
vn 0.72251 0.441403 0.532112
vn 0.10386 0.79088 0.603093
vn 0.311004 0.425295 0.849942
vn -0.00253448 0.999195 -0.0400396
vn -0.316412 0.861363 -0.397413
vn -0.326646 0.930311 0.166807
vn -0.562249 0.819912 0.107798
vn -0.241067 0.912813 -0.329635
vn -0.0211066 0.919747 0.391944
vn 0.0836312 0.996319 -0.0188305
vn -0.515576 0.805591 0.291898
vn 0.250559 0.962834 0.100848
vn -0.151551 0.869586 0.469949
vn 0.0382637 0.9076 0.418089
vn 0.313162 0.70654 0.634611
vn 0.188739 0.819852 0.540574
vn 0.186805 0.518848 0.834207
vn 0.259822 0.644134 0.719433
vn -0.126175 0.469895 0.873658
vn 0.0430307 0.226655 0.973024
vn 0.0438093 0.32296 0.945398
vn 0.38099 0.375549 0.844872
vn -0.0911574 0.845608 0.525963
vn 0.449572 0.695144 0.560945
vn -0.415735 0.411249 0.811196
vn 0.580069 0.371828 0.724751
vn 0.77277 0.0236609 0.634245
vn 0.377001 0.0122265 0.926132
vn 0.567435 0.289259 0.770939
vn 0.339574 0.677146 0.652811
vn -0.0201031 0.95294 0.302491
vn 0.715896 0.109834 0.689514
vn 0.742118 0.249313 0.622176
vn 0.585037 0.175954 0.791689
vn 0.603419 0.119621 0.788401
vn 0.367032 0.614483 0.698354
vn 0.0882122 0.422952 0.901848
vn -0.0448119 0.755921 0.653128
vn -0.214781 0.389176 0.895774
vn -0.361622 0.834973 0.414789
vn -0.0390213 0.761288 0.647238
vn 0.0225751 0.691805 0.721731
vn 0.0889837 0.551667 0.829304
vn 0.441954 0.614129 0.653852
vn 0.324059 0.879523 0.348462
vn 0.259582 0.964987 0.0376574
vn 0.530843 0.702736 0.473675
vn 0.215563 0.964444 0.152904
vn 0.189659 0.92407 0.331849
vn -0.0492841 0.978468 0.20043
vn 0.0962868 0.970066 -0.222936
vn 0.274709 0.865011 0.41987
vn 0.284728 0.934758 -0.212503
vn 0.506463 0.842763 0.182335
vn 0.794458 0.581923 -0.173785
vn 0.75105 0.591973 -0.292389
vn 0.456034 0.879638 -0.135163
vn 0.909152 0.382327 -0.16513
vn 0.803975 0.347337 -0.482682
vn 0.149169 0.946173 0.287238
vn 0.89288 0.433747 0.120949
vn 0.387278 0.903639 0.182901
vn 0.700859 0.512652 0.495968
vn 0.89565 0.161595 0.414366
vn 0.474468 0.483016 0.735918
vn 0.371899 0.230538 0.89919
vn 0.470573 0.782667 0.407424
vn 0.397889 0.889766 0.223607
vn 0.65026 0.675519 0.347614
vn 0.883912 0.448784 0.131503
vn 0.240188 0.936896 0.254038
vn 0.738706 0.616078 0.273425
vn 0.477559 0.744184 0.467042
vn 0.421893 0.897037 -0.131648
vn 0.307636 0.909488 -0.279627
vn 0.034187 0.999395 -0.0063316
vn 0.48732 0.436446 0.756329
vn -0.67816 0.624084 0.388094
vn -0.286847 0.898132 0.333284
vn -0.416216 0.401333 0.815902
vn -0.153771 0.738032 0.657011
vn 0.0723824 0.962389 0.261854
vn 0.325784 0.79596 0.510209
vn -0.102956 0.864454 0.492056
vn 0.352106 0.907439 0.229293
vn 0.573818 0.694454 0.434127
vn 0.402643 0.894773 0.193029
vn 0.461052 0.876877 0.136078
vn 0.565872 0.678736 0.468089
vn 0.738803 0.49858 0.453418
vn 0.903801 0.368855 0.217002
vn 0.64737 0.757488 0.0844071
vn 0.0778632 0.99397 0.0772033
vn 0.854613 0.446377 0.265302
vn 0.773855 0.535351 0.338449
vn 0.671064 0.617024 0.411041
vn 0.650376 0.696792 0.302477
vn 0.78699 0.603852 0.126526
vn 0.265411 0.95859 0.103262
vn 0.250507 0.680096 0.688996
vn -0.310984 0.57812 0.754364
vn 0.712956 0.500764 0.490846
vn 0.709176 0.636826 0.302526
vn 0.519991 0.471701 0.712115
vn 0.460986 0.753996 0.467955
vn 0.647599 0.460463 0.607115
vn 0.488932 0.701956 0.517883
vn 0.605071 0.465913 0.645612
vn 0.346813 0.920828 0.178318
vn 0.563058 0.392917 0.727037
vn 0.357774 0.933102 0.0363205
vn 0.457548 0.650003 0.60675
vn 0.462572 0.689552 0.557266
vn 0.381271 0.666238 0.640905
vn -0.100436 0.994812 0.0161455
vn 0.134261 0.86815 0.477796
vn 0.353874 0.891101 0.284097
vn 0.810522 0.583562 0.0500984
vn 0.718921 0.659069 0.220864
vn 0.833242 0.476199 0.280967
vn 0.69701 0.623729 0.353749
vn 0.743562 0.667664 -0.0366047
vn 0.597132 0.800951 0.0437149
vn 0.777981 0.627853 -0.0233549
vn 0.774301 0.62765 -0.080707
vn 0.90938 0.392901 0.136587
vn 0.961557 0.185029 -0.20291
vn 0.79174 0.560422 0.243054
vn 0.715202 0.669418 -0.200913
vn -0.113222 0.928546 0.353531
vn 0.467345 0.542416 0.698122
vn 0.00745367 0.94333 -0.331773
vn -0.134825 0.918054 0.372826
vn 0.117788 0.515165 0.848959
vn -0.202209 0.826513 0.525345
vn 0.719835 0.691637 0.0589496
vn 0.113893 0.989265 0.0915542
vn 0.338254 0.911148 -0.235358
vn 0.0874103 0.988268 -0.125246
vn 0.199983 0.276138 0.940082
vn 0.592508 0.517336 0.617493
vn 0.43548 0.855889 0.278946
vn 0.391299 0.748735 0.535052
vn -0.24486 0.407535 0.879749
vn -0.283467 0.429198 0.857575
vn -0.146952 0.8181 0.555984
vn 0.317552 0.560172 0.765093
vn -0.500319 0.477783 0.722083
vn -0.285387 0.478386 0.830482
vn -0.290827 0.177349 0.940195
vn 0.0655923 0.591319 0.803766
vn 0.228765 0.803543 0.549532
vn 0.236913 0.857864 0.456007
vn 0.0433268 0.445941 0.894013
vn 0.0525698 0.895847 0.441242
vn -0.0599971 0.435848 0.898018
vn -0.0415805 0.882664 0.468161
vn 0.0476254 0.991449 -0.121494
vn -0.202043 0.406586 0.890992
vn -0.130373 0.837533 0.530605
vn 0.00706163 0.998983 0.0445315
vn 0.0404914 0.972377 -0.229878
vn -0.391464 0.324376 0.861125
vn -0.250446 0.728837 0.637239
vn -0.0589545 0.990082 -0.127524
vn -0.33878 0.902356 -0.266424
vn -0.0385893 0.946276 -0.321049
vn -0.273222 0.819404 -0.503912
vn -0.354394 0.884895 0.302267
vn -0.040035 0.998203 0.0445967
vn -0.758874 0.597127 -0.259905
vn -0.624704 0.679486 0.384765
vn -0.211111 0.945593 -0.24756
vn -0.343763 0.660907 -0.667105
vn -0.0196638 0.982841 0.183404
vn 0.140729 0.859553 -0.491288
vn 0.203964 0.921382 0.33084
vn 0.0792993 0.897396 -0.434041
vn 0.399812 0.839472 -0.368019
vn 0.471446 0.792737 -0.386402
vn 0.331646 0.875648 0.351073
vn 0.262354 0.916612 -0.30165
vn 0.0126829 0.860455 0.509369
vn -0.00119585 0.992528 -0.122008
vn -0.222687 0.711311 0.666669
vn 0.0110885 0.998873 -0.0461402
vn -0.0341678 0.909023 0.415343
vn 0.0421084 0.828573 0.558296
vn -0.018313 0.894145 0.447402
vn 0.00059551 0.806661 0.591015
vn -0.0871581 0.683669 0.724569
vn -0.204828 0.618541 0.758586
vn 0.252921 0.75499 -0.604997
vn -0.134825 0.918054 0.372826
vn 0.307787 0.910392 0.276502
vn -0.310984 0.57812 0.754364
vn -0.102956 0.864454 0.492056
vn 0.457612 0.64382 0.613259
vn 0.623532 0.613127 0.485061
vn 0.250507 0.680096 0.688996
vn 0.72251 0.441403 0.532112
vn 0.457548 0.650003 0.60675
vn 0.546074 0.626656 0.555973
vn 0.462572 0.689552 0.557266
vn 0.76739 0.432744 0.473123
vn 0.605071 0.465913 0.645612
vn 0.355945 0.820267 0.447733
vn 0.652219 0.466879 0.597189
vn 0.712956 0.500764 0.490846
vn 0.573818 0.694454 0.434127
vn 0.565872 0.678736 0.468089
vn 0.488932 0.701956 0.517883
vn 0.452037 0.637638 0.623763
vn 0.311004 0.425295 0.849942
vn 0.317552 0.560172 0.765093
vn 0.381271 0.666238 0.640905
vn 0.339574 0.677146 0.652811
vn 0.467345 0.542416 0.698122
vn 0.563058 0.392917 0.727037
vn 0.441954 0.614129 0.653852
vn 0.48732 0.436446 0.756329
vn 0.603419 0.119621 0.788401
vn 0.533121 0.444278 0.719999
vn 0.0225751 0.691805 0.721731
vn -0.0448119 0.755921 0.653128
vn 0.324059 0.879523 0.348462
vn 0.742118 0.249313 0.622176
vn 0.367032 0.614483 0.698354
vn 0.460986 0.753996 0.467955
vn 0.592508 0.517336 0.617493
vn 0.812079 0.380055 0.442815
vn 0.738706 0.616078 0.273425
vn 0.819579 0.431905 0.376495
vn 0.907534 0.408457 0.0977008
vn 0.883912 0.448784 0.131503
vn 0.80441 0.522577 0.282555
vn 0.584071 0.743966 0.324616
vn 0.671064 0.617024 0.411041
vn 0.738803 0.49858 0.453418
vn 0.650376 0.696792 0.302477
vn 0.79174 0.560422 0.243054
vn 0.90938 0.392901 0.136587
vn 0.833242 0.476199 0.280967
vn 0.78699 0.603852 0.126526
vn 0.155165 0.979966 -0.124865
vn 0.250559 0.962834 0.100848
vn -0.211111 0.945593 -0.24756
vn 0.0404914 0.972377 -0.229878
vn 0.228765 0.803543 0.549532
vn 0.236913 0.857864 0.456007
vn -0.218452 0.880939 0.419793
vn 0.134261 0.86815 0.477796
vn 0.418157 0.899576 0.126125
vn 0.250559 0.962834 0.100848
vn -0.338061 0.911904 -0.232692
vn -0.100436 0.994812 0.0161455
vn 0.883912 0.448784 0.131503
vn 0.65026 0.675519 0.347614
vn 0.776279 0.616673 -0.130788
vn 0.422525 0.755171 -0.501188
vn 0.514817 0.767581 -0.381816
vn 0.259582 0.964987 0.0376574
vn 0.507377 0.179825 -0.842753
vn 0.240188 0.936896 0.254038
vn 0.777267 0.351061 -0.522123
vn 0.355945 0.820267 0.447733
vn 0.324059 0.879523 0.348462
vn 0.470573 0.782667 0.407424
vn 0.652219 0.466879 0.597189
vn -0.0201031 0.95294 0.302491
vn -0.151551 0.869586 0.469949
vn -0.113222 0.928546 0.353531
vn -0.202209 0.826513 0.525345
vn 0.113893 0.989265 0.0915542
vn 0.149169 0.946173 0.287238
vn 0.43548 0.855889 0.278946
vn 0.353874 0.891101 0.284097
vn 0.477559 0.744184 0.467042
vn 0.113893 0.989265 0.0915542
vn 0.199983 0.276138 0.940082
vn -0.00495047 -0.015381 -0.999869
vn -0.00505021 0.989359 -0.145408
vn 0.989337 -0.016008 -0.144761
vn -0.00333718 -0.0106801 0.999937
vn -0.00505021 0.989359 -0.145408
vn -0.00495047 -0.015381 -0.999869
vn -0.989418 -0.0160634 -0.144203
vn -0.00333718 -0.0106801 0.999937
vn -0.00333718 -0.0106801 0.999937
vn -0.00514005 -0.989555 -0.144061
vn 0.989337 -0.016008 -0.144761
vn -0.00495047 -0.015381 -0.999869
vn -0.00514005 -0.989555 -0.144061
vn -0.989418 -0.0160634 -0.144203
vn -0.00495047 -0.015381 -0.999869
vn -0.00333718 -0.0106801 0.999937
vn 0.979569 -0.200232 -0.0187551
vn 0.0113031 0.488919 0.872256
vn 0.00160979 -0.196481 0.980506
vn 0.902503 0.422979 0.0811009
vn 0.000585132 0.993172 0.116658
vn -0.00375702 -0.999748 -0.0221487
vn 0.00160979 -0.196481 0.980506
vn -0.876678 0.466449 0.11773
vn -0.96987 -0.243256 0.0133431
vn 0.0113031 0.488919 0.872256
vn 0.000585132 0.993172 0.116658
vn -0.00375702 -0.999748 -0.0221487
vn 0.979569 -0.200232 -0.0187551
vn 0.0417564 -0.337085 -0.940548
vn 0.902503 0.422979 0.0811009
vn 0.0496836 0.407492 -0.911856
vn 0.000585132 0.993172 0.116658
vn -0.00375702 -0.999748 -0.0221487
vn 0.0417564 -0.337085 -0.940548
vn -0.96987 -0.243256 0.0133431
vn 0.0496836 0.407492 -0.911856
vn -0.876678 0.466449 0.11773
vn 0.000585132 0.993172 0.116658
vn -0.00375702 -0.999748 -0.0221487
vn 0.0650898 0.927896 0.367113
vn 0.976897 -0.0524967 0.207164
vn 0.1327 -0.0625622 -0.98918
vn -0.993271 -0.0241313 0.113272
vn 0.1327 -0.0625622 -0.98918
vn 0.0326541 -0.956434 0.290116
vn -0.993271 -0.0241313 0.113272
vn 0.976897 -0.0524967 0.207164
vn 0.0359416 -0.176635 0.98362
vn 0.0359416 -0.176635 0.98362
vn 0.0650898 0.927896 0.367113
vn -0.993271 -0.0241313 0.113272
vn 0.976897 -0.0524967 0.207164
vt 0 0
vt 0 0
vt 0 0
vt 0 0
vt 0 0
vt 0 0
vt 0 0
vt 0 0
vt 0 0
vt 0 0
vt 0 0
vt 0 0
vt 0 0
vt 0 0
vt 0 0
vt 0 0
vt 0 0
vt 0 0
vt 0 0
vt 0 0
vt 0 0
vt 0 0
vt 0 0
vt 0 0
vt 0 0
vt 0 0
vt 0 0
vt 0 0
vt 0 0
vt 0 0
vt 0 0
vt 0 0
vt 0 0
vt 0 0
vt 0 0
vt 0 0
vt 0 0
vt 0 0
vt 0 0
vt 0 0
vt 0 0
vt 0 0
vt 0 0
vt 0 0
vt 0 0
vt 0 0
vt 0 0
vt 0 0
vt 0 0
vt 0 0
vt 0 0
vt 0 0
vt 0 0
vt 0 0
vt 0 0
vt 0 0
vt 0 0
vt 0 0
vt 0 0
vt 0 0
vt 0 0
vt 0 0
vt 0 0
vt 0 0
vt 0 0
vt 0 0
vt 0 0
vt 0 0
vt 0 0
vt 0 0
vt 0 0
vt 0 0
vt 0 0
vt 0 0
vt 0 0
vt 0 0
vt 0 0
vt 0 0
vt 0 0
vt 0 0
vt 0 0
vt 0 0
vt 0 0
vt 0 0
vt 0 0
vt 0 0
vt 0 0
vt 0 0
vt 0 0
vt 0 0
vt 0 0
vt 0 0
vt 0 0
vt 0 0
vt 0 0
vt 0 0
vt 0 0
vt 0 0
vt 0 0
vt 0 0
vt 0 0
vt 0 0
vt 0 0
vt 0 0
vt 0 0
vt 0 0
vt 0 0
vt 0 0
vt 0 0
vt 0 0
vt 0 0
vt 0 0
vt 0 0
vt 0 0
vt 0 0
vt 0 0
vt 0 0
vt 0 0
vt 0 0
vt 0 0
vt 0 0
vt 0 0
vt 0 0
vt 0 0
vt 0.252967 0.450731
vt 0.241446 0.459199
vt 0.256998 0.459199
vt 0.791213 0.960964
vt 0.772209 0.960701
vt 0.791073 0.974216
vt 0.771773 0.973982
vt 0.791213 0.984899
vt 0.772011 0.987298
vt 0.776421 0.946962
vt 0.787491 0.947116
vt 0.782152 0.938799
vt 0.453485 0.937058
vt 0.458191 0.920947
vt 0.467311 0.937922
vt 0.470481 0.926998
vt 0.440164 0.929733
vt 0.47954 0.935663
vt 0.478922 0.952077
vt 0.482886 0.93813
vt 0.493883 0.949701
vt 0.50008 0.931852
vt 0.500794 0.932428
vt 0.495772 0.950016
vt 0.513608 0.945363
vt 0.495665 0.950468
vt 0.50853 0.963347
vt 0.491206 0.968052
vt 0.478397 0.965405
vt 0.478242 0.965256
vt 0.483091 0.93587
vt 0.488042 0.91959
vt 0.465836 0.951303
vt 0.465343 0.95524
vt 0.478172 0.965554
vt 0.462439 0.968052
vt 0.456948 0.950683
vt 0.451201 0.951749
vt 0.452767 0.946311
vt 0.448593 0.967519
vt 0.446552 0.936726
vt 0.437323 0.938142
vt 0.435991 0.952267
vt 0.427653 0.921594
vt 0.422449 0.937876
vt 0.435239 0.965749
vt 0.422618 0.951288
vt 0.445787 0.915735
vt 0.421669 0.964609
vt 0.475859 0.914165
vt 0.512378 0.924844
vt 0.411825 0.922766
vt 0.410187 0.927835
vt 0.505645 0.927031
vt 0.508296 0.920467
vt 0.0846382 0.790504
vt 0.0964994 0.783702
vt 0.102481 0.795288
vt 0.0790535 0.779513
vt 0.0893895 0.773082
vt 0.0994817 0.765222
vt 0.0969977 0.783421
vt 0.102723 0.795089
vt 0.112156 0.777602
vt 0.118515 0.787685
vt 0.129418 0.780128
vt 0.121147 0.770608
vt 0.0725517 0.796382
vt 0.0661117 0.784893
vt 0.0638541 0.786499
vt 0.0656811 0.766855
vt 0.0685502 0.769703
vt 0.0554932 0.776268
vt 0.0432836 0.784783
vt 0.136268 0.791351
vt 0.136529 0.791152
vt 0.130202 0.779734
vt 0.144692 0.773536
vt 0.151696 0.783358
vt 0.12963 0.760695
vt 0.0423535 0.76491
vt 0.0566623 0.755419
vt 0.0369235 0.779571
vt 0.0362707 0.787982
vt 0.0763222 0.75728
vt 0.0410893 0.764302
vt 0.0438773 0.747026
vt 0.0410266 0.765751
vt 0.134046 0.763985
vt 0.101107 0.76671
vt 0.0783012 0.75958
vt 0.153163 0.764912
vt 0.155803 0.78048
vt 0.157558 0.769085
vt 0.143232 0.755351
vt 0.165772 0.775988
vt 0.110707 0.757974
vt 0.123185 0.752431
vt 0.175261 0.767168
vt 0.167321 0.759144
vt 0.184403 0.779075
vt 0.188688 0.76011
vt 0.184847 0.779171
vt 0.188705 0.759872
vt 0.175231 0.746173
vt 0.195537 0.745387
vt 0.203167 0.753615
vt 0.188959 0.760183
vt 0.202699 0.772873
vt 0.211648 0.766326
vt 0.212207 0.762305
vt 0.215356 0.764692
vt 0.210998 0.784318
vt 0.228227 0.777513
vt 0.208335 0.785246
vt 0.17168 0.787408
vt 0.190488 0.792263
vt 0.163541 0.791762
vt 0.226019 0.796382
vt 0.156206 0.749721
vt 0.0291602 0.742951
vt 0.207497 0.742534
vt 0.21215 0.740185
vt 0.22229 0.750402
vt 0.26903 0.430746
vt 0.268725 0.430694
vt 0.269987 0.417475
vt 0.271383 0.417725
vt 0.282185 0.433078
vt 0.284514 0.420057
vt 0.260141 0.405312
vt 0.251546 0.427993
vt 0.25452 0.415025
vt 0.241227 0.412289
vt 0.302194 0.423441
vt 0.299479 0.436374
vt 0.238418 0.425219
vt 0.234913 0.410957
vt 0.236955 0.425165
vt 0.220451 0.423215
vt 0.225252 0.409851
vt 0.227612 0.440724
vt 0.300859 0.436634
vt 0.226524 0.438291
vt 0.305626 0.423855
vt 0.318429 0.426983
vt 0.317357 0.440724
vt 0.315725 0.415448
vt 0.593389 0.0230917
vt 0.59694 0.0406574
vt 0.596463 0.024671
vt 0.585663 0.0345373
vt 0.600339 0.0361397
vt 0.609504 0.0224894
vt 0.612364 0.0165123
vt 0.599576 0.0103926
vt 0.595492 0.0440163
vt 0.583996 0.0384473
vt 0.580482 0.0486821
vt 0.579065 0.0147562
vt 0.606714 0.0308862
vt 0.593002 0.0542725
vt 0.583073 0.0346755
vt 0.568818 0.0331362
vt 0.573508 0.0241886
vt 0.597936 0.0412424
vt 0.612364 0.0505909
vt 0.105631 0.82367
vt 0.117507 0.824198
vt 0.103558 0.824325
vt 0.11658 0.819188
vt 0.100301 0.806423
vt 0.13089 0.82332
vt 0.129538 0.815416
vt 0.103478 0.824032
vt 0.106484 0.840826
vt 0.11997 0.840017
vt 0.0903828 0.827004
vt 0.0931865 0.842279
vt 0.143988 0.821218
vt 0.133188 0.838295
vt 0.133633 0.838261
vt 0.142633 0.813321
vt 0.0872066 0.808545
vt 0.0901875 0.826271
vt 0.113361 0.803986
vt 0.126525 0.801772
vt 0.0749207 0.822312
vt 0.0895231 0.82674
vt 0.0759163 0.83501
vt 0.0615803 0.825937
vt 0.0619757 0.831752
vt 0.047887 0.826245
vt 0.0487712 0.833849
vt 0.0604542 0.809944
vt 0.0737915 0.809113
vt 0.0470294 0.810699
vt 0.0325566 0.823113
vt 0.035164 0.841482
vt 0.0192655 0.825635
vt 0.0216604 0.842571
vt 0.140446 0.800231
vt 0.00505443 0.834922
vt 0.00536265 0.837373
vt 0.155795 0.811101
vt 0.146703 0.828501
vt 0.156783 0.817358
vt 0.159353 0.824299
vt 0.162841 0.841548
vt 0.149335 0.842571
vt 0.164972 0.841776
vt 0.171314 0.817866
vt 0.171817 0.81911
vt 0.176973 0.831626
vt 0.189347 0.826481
vt 0.184453 0.814656
vt 0.182107 0.814869
vt 0.012417 0.813971
vt 0.0118299 0.813964
vt 0.033602 0.578504
vt 0.0353738 0.582515
vt 0.0168597 0.578864
vt 0.0381769 0.57933
vt 0.0269716 0.563374
vt 0.0285764 0.59371
vt 0.0435157 0.597008
vt 0.0536687 0.583449
vt 0.0550627 0.581847
vt 0.0430742 0.597705
vt 0.0330029 0.611166
vt 0.0234604 0.601197
vt 0.0463198 0.572376
vt 0.0392299 0.558507
vt 0.0552331 0.560598
vt 0.057154 0.558537
vt 0.0234383 0.620524
vt 0.023795 0.620999
vt 0.0397526 0.617935
vt 0.0429795 0.622432
vt 0.0342177 0.63581
vt 0.0128846 0.628892
vt 0.0229445 0.643196
vt 0.0240224 0.645223
vt 0.0380867 0.641304
vt 0.0429128 0.649679
vt 0.0321472 0.659353
vt 0.0154042 0.659353
vt 0.0139866 0.566165
vt 0.00816485 0.567465
vt 0.109466 0.697862
vt 0.113718 0.714247
vt 0.10456 0.703202
vt 0.108261 0.712147
vt 0.0997626 0.709975
vt 0.0947181 0.693384
vt 0.0864052 0.706912
vt 0.0779412 0.696483
vt 0.0821129 0.705545
vt 0.0724412 0.703568
vt 0.065018 0.714295
vt 0.0823132 0.718863
vt 0.0827879 0.718887
vt 0.0636593 0.718393
vt 0.0667047 0.728954
vt 0.0526285 0.729033
vt 0.0452811 0.717029
vt 0.062553 0.71342
vt 0.0486657 0.711199
vt 0.0376422 0.704912
vt 0.0571052 0.701348
vt 0.0379317 0.704639
vt 0.0484884 0.692033
vt 0.0332196 0.699667
vt 0.0244514 0.71673
vt 0.0283496 0.695467
vt 0.0296979 0.694313
vt 0.0156514 0.706969
vt 0.00676836 0.697132
vt 0.0307513 0.724267
vt 0.0641627 0.694511
vt 0.0666985 0.691247
vt 0.0349329 0.725312
vt 0.0850992 0.686226
vt 0.0146219 0.725391
vt 0.0132751 0.708995
vt 0.0144825 0.725301
vt 0.00660964 0.697539
vt 0.119272 0.703992
vt 0.116849 0.68666
vt 0.127213 0.692979
vt 0.130738 0.708964
vt 0.135486 0.703409
vt 0.137425 0.710976
vt 0.125402 0.719945
vt 0.139017 0.697437
vt 0.143739 0.713655
vt 0.149381 0.703299
vt 0.148634 0.685008
vt 0.157246 0.694059
vt 0.161442 0.706177
vt 0.166008 0.707138
vt 0.174968 0.696222
vt 0.17988 0.710058
vt 0.184256 0.711552
vt 0.177652 0.692329
vt 0.194115 0.697218
vt 0.187283 0.679369
vt 0.196871 0.694374
vt 0.197884 0.698363
vt 0.201087 0.715481
vt 0.209026 0.680363
vt 0.159879 0.719178
vt 0.222276 0.689443
vt 0.208015 0.706314
vt 0.220416 0.716953
vt 0.235019 0.699465
vt 0.236524 0.72453
vt 0.247429 0.711005
vt 0.249247 0.728385
vt 0.269731 0.716337
vt 0.248771 0.708843
vt 0.265384 0.694284
vt 0.271709 0.71396
vt 0.289313 0.73008
vt 0.291301 0.727074
vt 0.295101 0.731717
vt 0.162026 0.719651
vt 0.134255 0.723233
vt 0.140456 0.725514
vt 0.177591 0.723334
vt 0.166918 0.685489
vt 0.135156 0.680543
vt 0.131138 0.685934
vt 0.0998706 0.723245
vt 0.153908 0.730535
vt 0.100137 0.721813
vt 0.099654 0.723091
vt 0.0825694 0.731717
vt 0.0797075 0.73106
vt 0.102758 0.684559
vt 0.0533848 0.730399
vt 0.245659 0.686774
vt 0.738551 0.116965
vt 0.733248 0.12482
vt 0.737916 0.126516
vt 0.750875 0.130812
vt 0.718853 0.119772
vt 0.739995 0.14281
vt 0.722278 0.13724
vt 0.757319 0.148492
vt 0.72225 0.135664
vt 0.743697 0.112525
vt 0.737168 0.110413
vt 0.735806 0.0941389
vt 0.718724 0.115454
vt 0.752502 0.0999068
vt 0.740003 0.143705
vt 0.75042 0.160161
vt 0.74188 0.157436
vt 0.739516 0.143272
vt 0.757034 0.0926825
vt 0.727077 0.106355
vt 0.735045 0.0938072
vt 0.716486 0.103308
vt 0.735692 0.0931077
vt 0.754816 0.0842523
vt 0.732444 0.0765759
vt 0.747057 0.0804712
vt 0.749491 0.0650592
vt 0.75182 0.0730497
vt 0.717339 0.0889497
vt 0.763353 0.0865546
vt 0.757583 0.0670649
vt 0.748382 0.0490293
vt 0.76642 0.0535706
vt 0.743553 0.166238
vt 0.769216 0.0477328
vt 0.765415 0.0360252
vt 0.777516 0.0384006
vt 0.784245 0.0229739
vt 0.763959 0.0196305
vt 0.760555 0.150179
vt 0.725586 0.153454
vt 0.784992 0.0248601
vt 0.706707 0.134131
vt 0.733234 0.0624521
vt 0.772033 0.0734555
vt 0.709277 0.145239
vt 0.719935 0.13713
vt 0.716868 0.118703
vt 0.700094 0.113864
vt 0.704275 0.130008
vt 0.756346 0.118924
vt 0.755848 0.161471
vt 0.757837 0.174678
vt 0.767716 0.166375
vt 0.702206 0.100816
vt 0.749168 0.0365447
vt 0.772846 0.156716
vt 0.718391 0.0752768
vt 0.776568 0.172913
vt 0.765172 0.183842
vt 0.73012 0.162015
vt 0.730811 0.165512
vt 0.762733 0.136456
vt 0.78285 0.163058
vt 0.70379 0.0875508
vt 0.774345 0.141385
vt 0.773556 0.142459
vt 0.768012 0.12459
vt 0.761859 0.107221
vt 0.687014 0.111957
vt 0.68894 0.098982
vt 0.782618 0.183895
vt 0.776039 0.190201
vt 0.784992 0.192841
vt 0.693207 0.0333846
vt 0.686319 0.0208174
vt 0.702235 0.0157985
vt 0.703701 0.0180974
vt 0.702867 0.0303791
vt 0.699084 0.0459368
vt 0.703888 0.0445052
vt 0.704246 0.0558489
vt 0.689112 0.0635087
vt 0.704899 0.0586358
vt 0.697645 0.00326571
vt 0.683327 0.00706721
vt 0.699539 0.00269438
vt 0.704899 0.0149059
vt 0.681927 0.0118424
vt 0.697941 0.0750577
vt 0.68586 0.050996
vt 0.680721 0.0384549
vt 0.673974 0.0258898
vt 0.672864 0.0262606
vt 0.666796 0.0434376
vt 0.673428 0.0251121
vt 0.892738 0.615072
vt 0.881484 0.620363
vt 0.897063 0.632513
vt 0.881045 0.610769
vt 0.880528 0.601665
vt 0.891179 0.634238
vt 0.881889 0.629896
vt 0.882323 0.639373
vt 0.89848 0.650163
vt 0.897783 0.636495
vt 0.892668 0.653149
vt 0.898347 0.655179
vt 0.898622 0.670791
vt 0.882887 0.658997
vt 0.882374 0.648132
vt 0.90966 0.642973
vt 0.911199 0.661807
vt 0.913627 0.680442
vt 0.910881 0.62394
vt 0.896067 0.615465
vt 0.895952 0.614408
vt 0.891327 0.595985
vt 0.880065 0.591201
vt 0.879785 0.582371
vt 0.910869 0.604878
vt 0.895499 0.596515
vt 0.896368 0.672323
vt 0.898351 0.673325
vt 0.881214 0.681495
vt 0.8821 0.665125
vt 0.895322 0.595409
vt 0.913071 0.603249
vt 0.881014 0.681695
vt 0.908325 0.692501
vt 0.893625 0.685801
vt 0.90205 0.704053
vt 0.889437 0.697632
vt 0.888307 0.712989
vt 0.885101 0.713083
vt 0.874362 0.708005
vt 0.906649 0.707711
vt 0.888011 0.713927
vt 0.873457 0.715703
vt 0.9012 0.719551
vt 0.911233 0.724237
vt 0.897092 0.732253
vt 0.903474 0.735318
vt 0.884345 0.728364
vt 0.871306 0.723186
vt 0.877161 0.694326
vt 0.916407 0.712138
vt 0.916407 0.742494
vt 0.878722 0.740376
vt 0.908338 0.590601
vt 0.862455 0.924333
vt 0.85666 0.917844
vt 0.855137 0.913701
vt 0.864521 0.906213
vt 0.872589 0.916155
vt 0.852809 0.899122
vt 0.881144 0.925983
vt 0.890065 0.91676
vt 0.890441 0.935452
vt 0.852246 0.93445
vt 0.872093 0.936497
vt 0.862454 0.945727
vt 0.840717 0.945294
vt 0.828776 0.933017
vt 0.816815 0.945727
vt 0.804649 0.933531
vt 0.881699 0.945432
vt 0.827285 0.931285
vt 0.808538 0.929157
vt 0.791991 0.922168
vt 0.795288 0.918466
vt 0.793331 0.901192
vt 0.856503 0.896053
vt 0.874371 0.897561
vt 0.881814 0.906348
vt 0.842501 0.891385
vt 0.848616 0.886451
vt 0.835949 0.890796
vt 0.891491 0.89757
vt 0.899127 0.90776
vt 0.909409 0.899544
vt 0.906623 0.916183
vt 0.894066 0.921072
vt 0.834164 0.694048
vt 0.820965 0.686482
vt 0.823675 0.704611
vt 0.821022 0.70298
vt 0.820844 0.70801
vt 0.821032 0.720564
vt 0.819812 0.688028
vt 0.820073 0.686032
vt 0.808103 0.697122
vt 0.838777 0.712043
vt 0.804884 0.678613
vt 0.811574 0.714145
vt 0.825019 0.723623
vt 0.839045 0.713886
vt 0.841199 0.73172
vt 0.840806 0.732582
vt 0.834069 0.74322
vt 0.836387 0.74439
vt 0.831407 0.757101
vt 0.826671 0.754615
vt 0.818676 0.735311
vt 0.8124 0.746998
vt 0.827168 0.675022
vt 0.841426 0.682855
vt 0.826072 0.674387
vt 0.811257 0.667819
vt 0.845458 0.700455
vt 0.846833 0.701235
vt 0.823798 0.657782
vt 0.841117 0.664295
vt 0.84127 0.731743
vt 0.85693 0.739151
vt 0.857124 0.722981
vt 0.845988 0.764049
vt 0.851204 0.751386
vt 0.846664 0.670429
vt 0.800733 0.707998
vt 0.797081 0.689578
vt 0.793781 0.670874
vt 0.801546 0.659552
vt 0.791029 0.669045
vt 0.799525 0.658373
vt 0.785856 0.64979
vt 0.804769 0.652355
vt 0.780004 0.662221
vt 0.810529 0.648519
vt 0.807052 0.72909
vt 0.809096 0.724867
vt 0.805547 0.645507
vt 0.812435 0.639727
vt 0.816059 0.635614
vt 0.799529 0.625921
vt 0.791727 0.637248
vt 0.814931 0.634923
vt 0.82989 0.643815
vt 0.787138 0.634365
vt 0.797885 0.624656
vt 0.78425 0.613934
vt 0.777496 0.626505
vt 0.824089 0.655958
vt 0.77543 0.638458
vt 0.786013 0.681982
vt 0.795968 0.721927
vt 0.773328 0.64432
vt 0.854218 0.716033
vt 0.848183 0.711895
vt 0.826833 0.759986
vt 0.788375 0.701028
vt 0.836215 0.661772
vt 0.842021 0.649668
vt 0.854159 0.655544
vt 0.849581 0.665002
vt 0.857124 0.656993
vt 0.857309 0.649453
vt 0.856075 0.641535
vt 0.841398 0.637209
vt 0.84619 0.666551
vt 0.710504 0.352964
vt 0.710862 0.35577
vt 0.723913 0.355274
vt 0.697179 0.355092
vt 0.725793 0.368312
vt 0.712224 0.368262
vt 0.697153 0.356378
vt 0.72461 0.35563
vt 0.724612 0.354971
vt 0.725856 0.386922
vt 0.711964 0.401021
vt 0.725805 0.402059
vt 0.712012 0.388166
vt 0.725766 0.406253
vt 0.712187 0.382838
vt 0.725755 0.382205
vt 0.712149 0.40643
vt 0.712119 0.421519
vt 0.725793 0.421533
vt 0.725894 0.424557
vt 0.698089 0.394106
vt 0.697298 0.374936
vt 0.697123 0.393846
vt 0.697142 0.394245
vt 0.697218 0.374881
vt 0.571491 0.624055
vt 0.560109 0.619675
vt 0.576419 0.61213
vt 0.563889 0.606684
vt 0.551711 0.63164
vt 0.589134 0.615378
vt 0.590641 0.600833
vt 0.575513 0.598486
vt 0.602782 0.616286
vt 0.604001 0.601757
vt 0.616163 0.617444
vt 0.615573 0.630853
vt 0.617581 0.603164
vt 0.630249 0.617762
vt 0.620441 0.63164
vt 0.629944 0.627082
vt 0.604588 0.591553
vt 0.591051 0.590839
vt 0.618199 0.591774
vt 0.582339 0.595702
vt 0.588189 0.978245
vt 0.577713 0.983704
vt 0.577208 0.97108
vt 0.595175 0.973765
vt 0.59503 0.962705
vt 0.604742 0.967896
vt 0.613103 0.981364
vt 0.612211 0.972169
vt 0.578022 0.96418
vt 0.585322 0.958418
vt 0.57845 0.955254
vt 0.559677 0.961046
vt 0.614451 0.957684
vt 0.57451 0.968838
vt 0.560018 0.977277
vt 0.600807 0.950246
vt 0.599897 0.98722
vt 0.564933 0.949085
vt 0.617807 0.994226
vt 0.58888 0.944188
vt 0.584316 0.950931
vt 0.565215 0.989175
vt 0.588069 0.994226
vt 0.590367 0.992877
vt 0.546268 0.964576
vt 0.546443 0.974185
vt 0.636946 0.830813
vt 0.628773 0.837195
vt 0.62726 0.825954
vt 0.621238 0.822888
vt 0.635319 0.850031
vt 0.649143 0.837629
vt 0.654247 0.854196
vt 0.651852 0.839142
vt 0.667585 0.849014
vt 0.666497 0.842299
vt 0.672239 0.861817
vt 0.66739 0.827836
vt 0.625338 0.841406
vt 0.609411 0.834117
vt 0.611885 0.852344
vt 0.608269 0.835009
vt 0.608007 0.833522
vt 0.608252 0.817343
vt 0.594958 0.842054
vt 0.592924 0.831432
vt 0.652734 0.833126
vt 0.660772 0.826782
vt 0.652902 0.822815
vt 0.639497 0.816727
vt 0.594527 0.817897
vt 0.63962 0.816397
vt 0.621766 0.861817
vt 0.633935 0.851413
vt 0.598848 0.856121
vt 0.484633 0.140474
vt 0.496428 0.126624
vt 0.502614 0.144059
vt 0.514717 0.133168
vt 0.513464 0.128335
vt 0.519037 0.128696
vt 0.529938 0.129839
vt 0.518007 0.144342
vt 0.503985 0.143854
vt 0.528429 0.115884
vt 0.512292 0.114392
vt 0.496904 0.126261
vt 0.52517 0.115631
vt 0.505146 0.112779
vt 0.483281 0.144342
vt 0.502694 0.144233
vt 0.495755 0.112996
vt 0.495389 0.125621
vt 0.483527 0.120348
vt 0.930176 0.666025
vt 0.938846 0.652356
vt 0.931657 0.652716
vt 0.936816 0.639129
vt 0.938593 0.666011
vt 0.956554 0.665187
vt 0.922628 0.652545
vt 0.923755 0.665941
vt 0.955604 0.651552
vt 0.957139 0.663484
vt 0.937029 0.638685
vt 0.957291 0.666842
vt 0.957754 0.665142
vt 0.959795 0.651435
vt 0.972348 0.651364
vt 0.960588 0.638075
vt 0.973086 0.637976
vt 0.951307 0.637028
vt 0.97314 0.664241
vt 0.97106 0.678396
vt 0.965646 0.67915
vt 0.936581 0.638674
vt 0.970356 0.683862
vt 0.986406 0.638245
vt 0.956611 0.678698
vt 0.969245 0.693108
vt 0.985827 0.651716
vt 0.955707 0.69222
vt 0.943103 0.677859
vt 0.985661 0.664984
vt 0.999439 0.652339
vt 0.999611 0.639075
vt 0.998794 0.665514
vt 0.984645 0.68189
vt 0.97527 0.680563
vt 0.9849 0.679106
vt 0.982818 0.695356
vt 0.968201 0.709392
vt 0.999611 0.684988
vt 0.160134 0.866436
vt 0.144659 0.855962
vt 0.162908 0.850269
vt 0.143477 0.857029
vt 0.137247 0.866436
vt 0.325844 0.923729
vt 0.345576 0.930194
vt 0.33308 0.935345
vt 0.337857 0.917342
vt 0.314629 0.930895
vt 0.319461 0.914333
vt 0.320135 0.911706
vt 0.312865 0.928623
vt 0.331636 0.904927
vt 0.353251 0.913741
vt 0.3523 0.928976
vt 0.305007 0.917462
vt 0.317537 0.912114
vt 0.298938 0.908255
vt 0.349726 0.935918
vt 0.338737 0.944733
vt 0.355488 0.942851
vt 0.360875 0.92428
vt 0.366874 0.936484
vt 0.37453 0.948714
vt 0.383577 0.930854
vt 0.383753 0.94732
vt 0.378639 0.917327
vt 0.379682 0.956342
vt 0.288769 0.91649
vt 0.400855 0.944248
vt 0.363798 0.958779
vt 0.364622 0.960354
vt 0.344288 0.956246
vt 0.296069 0.927997
vt 0.297043 0.929941
vt 0.303941 0.944997
vt 0.305116 0.945024
vt 0.321998 0.946303
vt 0.327315 0.945089
vt 0.362839 0.96021
vt 0.345426 0.958442
vt 0.343139 0.958422
vt 0.326445 0.960256
vt 0.294314 0.929964
vt 0.281882 0.923397
vt 0.324835 0.957929
vt 0.323573 0.960354
vt 0.275381 0.984432
vt 0.261748 0.985006
vt 0.261342 0.971319
vt 0.275043 0.971117
vt 0.247942 0.972064
vt 0.274821 0.961364
vt 0.288744 0.984038
vt 0.275991 0.997571
vt 0.26283 0.998297
vt 0.261112 0.968428
vt 0.247403 0.968018
vt 0.288948 0.970805
vt 0.247565 0.986168
vt 0.24978 0.999615
vt 0.234161 0.988723
vt 0.229985 0.975363
vt 0.246256 0.957099
vt 0.23197 0.955425
vt 0.259601 0.953426
vt 0.274383 0.956799
vt 0.293546 0.999615
vt 0.215785 0.983923
vt 0.222038 0.995194
vt 0.2417 0.998553
vt 0.866777 0.96715
vt 0.861979 0.984988
vt 0.867227 0.982987
vt 0.878891 0.978583
vt 0.868613 0.966352
vt 0.867405 0.965107
vt 0.89086 0.971069
vt 0.856451 0.973822
vt 0.897874 0.982568
vt 0.841359 0.980636
vt 0.845008 0.962091
vt 0.838758 0.977645
vt 0.838575 0.9817
vt 0.833401 0.968925
vt 0.844235 0.961158
vt 0.855661 0.954196
vt 0.822317 0.984988
vt 0.87887 0.958625
vt 0.900385 0.963008
vt 0.907262 0.97207
vt 0.906117 0.976822
vt 0.910187 0.975132
vt 0.520984 0.708636
vt 0.527373 0.726246
vt 0.509527 0.7199
vt 0.506589 0.704003
vt 0.526975 0.727098
vt 0.509879 0.72194
vt 0.527605 0.711981
vt 0.478298 0.727098
vt 0.467729 0.723728
vt 0.480264 0.708889
vt 0.483211 0.72469
vt 0.483566 0.726836
vt 0.496481 0.722912
vt 0.493284 0.705712
vt 0.496714 0.724147
vt 0.957328 0.372359
vt 0.960678 0.385469
vt 0.944445 0.375542
vt 0.973815 0.380797
vt 0.965879 0.398175
vt 0.979393 0.392769
vt 0.971537 0.410227
vt 0.963977 0.398994
vt 0.959092 0.386285
vt 0.960912 0.415848
vt 0.966263 0.4282
vt 0.96054 0.417625
vt 0.961359 0.431021
vt 0.948547 0.404031
vt 0.95915 0.416408
vt 0.9444 0.393117
vt 0.936347 0.408959
vt 0.942928 0.421943
vt 0.935632 0.409139
vt 0.938386 0.423278
vt 0.950085 0.434086
vt 0.929352 0.396326
vt 0.924749 0.426961
vt 0.918783 0.41514
vt 0.914745 0.402731
vt 0.932021 0.395729
vt 0.957773 0.442263
vt 0.978523 0.442263
vt 0.93382 0.436375
vt 0.93937 0.441451
vt 0.91577 0.386927
vt 0.930325 0.377563
vt 0.944516 0.377285
vt 0.915699 0.384636
vt 0.921736 0.366326
vt 0.931703 0.377166
vt 0.92886 0.364561
vt 0.942245 0.362283
vt 0.913352 0.370501
vt 0.93163 0.377858
vt 0.913297 0.361881
vt 0.915058 0.346035
vt 0.93096 0.352301
vt 0.230635 0.855299
vt 0.226173 0.875227
vt 0.215732 0.859681
vt 0.21299 0.861577
vt 0.237817 0.868556
vt 0.250176 0.861603
vt 0.205732 0.871033
vt 0.21758 0.858166
vt 0.21335 0.856536
vt 0.195503 0.860909
vt 0.195596 0.880139
vt 0.215322 0.882172
vt 0.204965 0.88951
vt 0.190339 0.875446
vt 0.186442 0.887278
vt 0.20813 0.851566
vt 0.198917 0.841134
vt 0.211561 0.831794
vt 0.195953 0.896679
vt 0.211736 0.831938
vt 0.194025 0.861879
vt 0.185775 0.870037
vt 0.170868 0.876951
vt 0.194494 0.860246
vt 0.173347 0.861451
vt 0.170434 0.878221
vt 0.192134 0.844907
vt 0.18496 0.888539
vt 0.169129 0.895214
vt 0.169186 0.897554
vt 0.182381 0.905479
vt 0.169411 0.913748
vt 0.180669 0.850302
vt 0.187916 0.839088
vt 0.234566 0.890902
vt 0.240431 0.903844
vt 0.232133 0.892662
vt 0.222843 0.897713
vt 0.229676 0.909635
vt 0.210742 0.904472
vt 0.243498 0.905047
vt 0.222623 0.897304
vt 0.208398 0.899989
vt 0.192644 0.898746
vt 0.198802 0.909751
vt 0.24579 0.881503
vt 0.234752 0.925712
vt 0.216632 0.922316
vt 0.216978 0.922413
vt 0.203452 0.925712
vt 0.2485 0.922806
vt 0.243039 0.901995
vt 0.260886 0.907332
vt 0.256585 0.891661
vt 0.1866 0.921243
vt 0.184407 0.920836
vt 0.25956 0.873927
vt 0.943875 0.126035
vt 0.958942 0.138848
vt 0.954243 0.119757
vt 0.943031 0.115246
vt 0.944554 0.100771
vt 0.9623 0.1074
vt 0.949384 0.0881511
vt 0.967006 0.0947973
vt 0.954891 0.0760512
vt 0.954248 0.0758484
vt 0.970285 0.0818588
vt 0.965528 0.0649009
vt 0.971161 0.0685726
vt 0.959718 0.12098
vt 0.961331 0.139798
vt 0.955676 0.158017
vt 0.952762 0.157162
vt 0.952821 0.162048
vt 0.975505 0.129378
vt 0.957059 0.0635255
vt 0.943835 0.0612204
vt 0.944259 0.0476537
vt 0.958837 0.0512129
vt 0.941121 0.0465743
vt 0.932737 0.0574045
vt 0.975402 0.112021
vt 0.972009 0.0631595
vt 0.975505 0.0508302
vt 0.268663 0.940339
vt 0.262431 0.924942
vt 0.250778 0.940339
vt 0.751427 0.903738
vt 0.749246 0.914327
vt 0.74896 0.900048
vt 0.753315 0.896393
vt 0.754546 0.88758
vt 0.73586 0.889891
vt 0.748376 0.881532
vt 0.733782 0.905412
vt 0.760293 0.912297
vt 0.764775 0.912288
vt 0.723289 0.887855
vt 0.721894 0.905147
vt 0.709958 0.887186
vt 0.70883 0.904706
vt 0.696317 0.88564
vt 0.69504 0.904412
vt 0.682924 0.884334
vt 0.723338 0.887343
vt 0.737035 0.8859
vt 0.72561 0.869637
vt 0.738705 0.873947
vt 0.682297 0.88439
vt 0.682359 0.884009
vt 0.667957 0.879648
vt 0.667546 0.886429
vt 0.680951 0.903707
vt 0.666656 0.903224
vt 0.653188 0.884105
vt 0.653313 0.880812
vt 0.652224 0.902682
vt 0.712323 0.869065
vt 0.710339 0.884574
vt 0.698977 0.868745
vt 0.648538 0.882304
vt 0.637235 0.898436
vt 0.646149 0.903243
vt 0.63647 0.906367
vt 0.722172 0.918014
vt 0.73542 0.91732
vt 0.68048 0.918014
vt 0.99554 0.441568
vt 0.982504 0.429365
vt 0.993469 0.4421
vt 0.998641 0.424982
vt 0.998834 0.454478
vt 0.996863 0.454984
vt 0.998641 0.45766
vt 0.98665 0.41301
vt 0.305988 0.96991
vt 0.323305 0.972902
vt 0.309009 0.984943
vt 0.319224 0.986009
vt 0.325833 0.986938
vt 0.329476 0.974037
vt 0.339397 0.976121
vt 0.33629 0.989095
vt 0.352471 0.979174
vt 0.35063 0.992976
vt 0.365782 0.981433
vt 0.367608 0.968052
vt 0.354917 0.993586
vt 0.364277 0.99221
vt 0.38081 0.969669
vt 0.37909 0.983357
vt 0.377321 0.996536
vt 0.369446 0.995512
vt 0.363619 0.996536
vt 0.393857 0.983504
vt 0.900636 0.941109
vt 0.893079 0.954196
vt 0.913297 0.954196
vt 0.90051 0.941202
vt 0.763219 0.97883
vt 0.749746 0.997286
vt 0.763219 0.997306
vt 0.749716 0.97912
vt 0.736059 0.995787
vt 0.736029 0.980713
vt 0.722008 0.991773
vt 0.722006 0.984684
vt 0.0601052 0.0956581
vt 0.0596227 0.114601
vt 0.0731078 0.108894
vt 0.0733532 0.122212
vt 0.0734901 0.126499
vt 0.0891827 0.111037
vt 0.0812391 0.105071
vt 0.0764533 0.124806
vt 0.0726545 0.140677
vt 0.0894139 0.132095
vt 0.0901281 0.118288
vt 0.0581731 0.115367
vt 0.059842 0.129904
vt 0.0597302 0.13766
vt 0.0526 0.133835
vt 0.0431571 0.123036
vt 0.0742192 0.1034
vt 0.0738358 0.0874275
vt 0.0774862 0.0858353
vt 0.0567643 0.1505
vt 0.044964 0.145222
vt 0.0856469 0.145142
vt 0.102255 0.136252
vt 0.0503897 0.104871
vt 0.092964 0.116158
vt 0.0887337 0.0931115
vt 0.0994771 0.102027
vt 0.102255 0.0879707
vt 0.373704 0.515785
vt 0.362957 0.5
vt 0.374559 0.513227
vt 0.387175 0.517912
vt 0.36046 0.513393
vt 0.359851 0.516719
vt 0.345539 0.520015
vt 0.347154 0.510566
vt 0.386503 0.519924
vt 0.330871 0.505027
vt 0.387636 0.520015
vt 0.133359 0.0866051
vt 0.115474 0.0877993
vt 0.133359 0.100462
vt 0.115627 0.0876337
vt 0.943156 0.0183893
vt 0.947654 0.0143536
vt 0.95041 0.0350269
vt 0.941231 0.0142417
vt 0.959176 0.02065
vt 0.928849 0.0236053
vt 0.932347 0.0350269
vt 0.612938 0.33538
vt 0.606223 0.334385
vt 0.615911 0.351186
vt 0.6007 0.349225
vt 0.628444 0.340838
vt 0.632582 0.359129
vt 0.616027 0.35325
vt 0.613105 0.330639
vt 0.624749 0.371052
vt 0.632582 0.333696
vt 0.613647 0.366694
vt 0.6183 0.382987
vt 0.609983 0.3791
vt 0.260326 0.1873
vt 0.265633 0.179808
vt 0.26944 0.198001
vt 0.26944 0.177444
vt 0.258694 0.185746
vt 0.257844 0.186638
vt 0.25 0.199769
vt 0.91563 0.195128
vt 0.918086 0.180106
vt 0.931849 0.191038
vt 0.93196 0.189029
vt 0.915923 0.204388
vt 0.931849 0.176674
vt 0.994887 0.855517
vt 0.994946 0.855658
vt 0.98416 0.84565
vt 0.972395 0.855658
vt 0.915481 0.889439
vt 0.915971 0.88817
vt 0.897977 0.884868
vt 0.916407 0.874904
vt 0.91579 0.88953
vt 0.895412 0.88953
vt 0.536946 0.651354
vt 0.535626 0.658901
vt 0.542176 0.64806
vt 0.53805 0.643138
vt 0.551788 0.655859
vt 0.529981 0.653942
vt 0.532969 0.638741
vt 0.529103 0.668819
vt 0.522281 0.644637
vt 0.526002 0.629051
vt 0.519454 0.641057
vt 0.522307 0.630687
vt 0.513567 0.633901
vt 0.521289 0.661103
vt 0.527508 0.672934
vt 0.520804 0.677635
vt 0.511435 0.668148
vt 0.513191 0.651988
vt 0.532648 0.682583
vt 0.521405 0.618168
vt 0.506043 0.643178
vt 0.512719 0.685916
vt 0.502851 0.675656
vt 0.530419 0.670388
vt 0.538834 0.663915
vt 0.503946 0.659418
vt 0.501765 0.674438
vt 0.497102 0.680473
vt 0.502294 0.660719
vt 0.492238 0.667063
vt 0.495125 0.684466
vt 0.492953 0.682528
vt 0.48565 0.673512
vt 0.510843 0.689641
vt 0.505475 0.643036
vt 0.496602 0.650329
vt 0.494951 0.648802
vt 0.495452 0.651345
vt 0.515759 0.620807
vt 0.514593 0.605911
vt 0.527085 0.598546
vt 0.513278 0.606693
vt 0.507749 0.593978
vt 0.499961 0.613874
vt 0.491679 0.603192
vt 0.488681 0.620891
vt 0.496491 0.631717
vt 0.507598 0.62514
vt 0.505289 0.642635
vt 0.486191 0.64034
vt 0.478367 0.628343
vt 0.481291 0.610575
vt 0.470874 0.617926
vt 0.467781 0.635604
vt 0.460369 0.625185
vt 0.46346 0.607573
vt 0.473814 0.600177
vt 0.453127 0.614811
vt 0.528317 0.686085
vt 0.484143 0.59276
vt 0.44318 0.621842
vt 0.485533 0.658617
vt 0.445194 0.604966
vt 0.455262 0.596643
vt 0.524261 0.617043
vt 0.507274 0.594577
vt 0.552488 0.657627
vt 0.53317 0.688104
vt 0.53096 0.602822
vt 0.552488 0.588767
vt 0.543701 0.580831
vt 0.396375 0.673064
vt 0.398401 0.674287
vt 0.405209 0.661851
vt 0.421506 0.669772
vt 0.402674 0.660103
vt 0.419423 0.65249
vt 0.408283 0.642336
vt 0.417387 0.64676
vt 0.41644 0.637389
vt 0.428647 0.630673
vt 0.432262 0.648731
vt 0.432124 0.648978
vt 0.432308 0.6289
vt 0.432602 0.648763
vt 0.44673 0.635688
vt 0.434648 0.66576
vt 0.420763 0.620156
vt 0.430756 0.612497
vt 0.404686 0.629193
vt 0.432647 0.615148
vt 0.433179 0.61071
vt 0.435182 0.597228
vt 0.407391 0.627559
vt 0.433031 0.666594
vt 0.423862 0.67379
vt 0.413228 0.683355
vt 0.442162 0.701655
vt 0.436788 0.68545
vt 0.42358 0.702213
vt 0.452929 0.690778
vt 0.45676 0.686864
vt 0.452979 0.673072
vt 0.466073 0.677907
vt 0.436642 0.682758
vt 0.449377 0.671769
vt 0.43445 0.684374
vt 0.421112 0.699124
vt 0.45163 0.669916
vt 0.470164 0.66329
vt 0.472026 0.671242
vt 0.476831 0.667055
vt 0.478693 0.682252
vt 0.476469 0.685514
vt 0.464863 0.658777
vt 0.443884 0.658024
vt 0.454812 0.64901
vt 0.466174 0.697078
vt 0.420715 0.699563
vt 0.41872 0.723184
vt 0.428926 0.71385
vt 0.434296 0.708726
vt 0.433139 0.732949
vt 0.418707 0.746936
vt 0.409354 0.732109
vt 0.41461 0.745113
vt 0.444995 0.719871
vt 0.441212 0.724144
vt 0.46216 0.701591
vt 0.453529 0.710806
vt 0.39649 0.721547
vt 0.408066 0.710787
vt 0.383937 0.710543
vt 0.398534 0.697685
vt 0.381688 0.691516
vt 0.399255 0.678085
vt 0.403083 0.693245
vt 0.447244 0.636972
vt 0.419894 0.698613
vt 0.447774 0.636506
vt 0.458666 0.644972
vt 0.382704 0.711612
vt 0.393255 0.724381
vt 0.442113 0.748653
vt 0.491408 0.684892
vt 0.455838 0.732177
vt 0.44754 0.724262
vt 0.473826 0.648984
vt 0.474413 0.649564
vt 0.475148 0.6503
vt 0.475573 0.648598
vt 0.404898 0.736745
vt 0.385005 0.73142
vt 0.403144 0.738686
vt 0.379082 0.73761
vt 0.0175638 0.943613
vt 0.0206692 0.93038
vt 0.00568877 0.926394
vt 0.00349922 0.940346
vt 0.0310231 0.946933
vt 0.0341923 0.933795
vt 0.0385096 0.934806
vt 0.0320643 0.947151
vt 0.0488779 0.92767
vt 0.0274058 0.960123
vt 0.0404285 0.963407
vt 0.0134343 0.956939
vt 0.0478453 0.951901
vt 0.0499668 0.939105
vt 0.0613332 0.953677
vt 0.0628333 0.941028
vt 0.059369 0.967028
vt 0.0730168 0.968401
vt 0.0712519 0.981909
vt 0.0746108 0.955068
vt 0.0758165 0.941803
vt 0.0624893 0.924592
vt 0.0758165 0.924172
vt 0.0198289 0.49779
vt 0.0198427 0.513857
vt 0.0338258 0.513291
vt 0.0338258 0.49836
vt 0.0198594 0.485373
vt 0.734448 0.363398
vt 0.746112 0.354677
vt 0.736052 0.344539
vt 0.746112 0.373749
vt 0.737243 0.342956
vt 0.375181 0.260865
vt 0.387121 0.262223
vt 0.381715 0.246748
vt 0.381558 0.246728
vt 0.370529 0.266744
vt 0.389969 0.266744
vt 0.705652 0.173669
vt 0.708196 0.191611
vt 0.718544 0.181678
vt 0.702012 0.187885
vt 0.701866 0.19499
vt 0.719673 0.200539
vt 0.719468 0.16712
vt 0.70329 0.172525
vt 0.690902 0.183543
vt 0.719673 0.162818
vt 0.14685 0.931717
vt 0.145744 0.93232
vt 0.145717 0.930938
vt 0.148039 0.947626
vt 0.159412 0.941189
vt 0.167856 0.95233
vt 0.15272 0.960997
vt 0.141392 0.9511
vt 0.151245 0.961942
vt 0.131708 0.945377
vt 0.131578 0.937786
vt 0.15952 0.972708
vt 0.137373 0.969952
vt 0.1325 0.966441
vt 0.131389 0.957072
vt 0.167519 0.950135
vt 0.16948 0.951098
vt 0.172153 0.968175
vt 0.184457 0.958095
vt 0.1731 0.971648
vt 0.187792 0.97652
vt 0.163452 0.940103
vt 0.131504 0.926516
vt 0.118531 0.962142
vt 0.129397 0.97652
vt 0.154289 0.921093
vt 0.159864 0.973416
vt 0.11825 0.925288
vt 0.118166 0.938567
vt 0.11825 0.947156
vt 0.105005 0.944778
vt 0.155862 0.975217
vt 0.11839 0.958471
vt 0.114237 0.96122
vt 0.104588 0.928582
vt 0.10466 0.935463
vt 0.149436 0.927344
vt 0.386858 0.593353
vt 0.396967 0.58468
vt 0.396967 0.604696
vt 0.261607 0.761452
vt 0.263369 0.760415
vt 0.252333 0.750453
vt 0.264775 0.742494
vt 0.264775 0.765589
vt 0.765886 0.483028
vt 0.795944 0.482525
vt 0.775528 0.468306
vt 0.794713 0.47553
vt 0.798856 0.477768
vt 0.798034 0.494868
vt 0.794458 0.451535
vt 0.790853 0.455904
vt 0.769143 0.466892
vt 0.790444 0.448161
vt 0.74676 0.459719
vt 0.763804 0.486182
vt 0.757267 0.441247
vt 0.769343 0.445136
vt 0.767612 0.432055
vt 0.742185 0.411713
vt 0.768159 0.419351
vt 0.762469 0.393845
vt 0.7383 0.411392
vt 0.736455 0.435354
vt 0.737874 0.435501
vt 0.73056 0.459092
vt 0.754479 0.379138
vt 0.788944 0.427891
vt 0.785672 0.496429
vt 0.783056 0.484991
vt 0.805859 0.594688
vt 0.809125 0.585759
vt 0.804263 0.584509
vt 0.80414 0.575645
vt 0.803049 0.578301
vt 0.801467 0.574986
vt 0.811193 0.57856
vt 0.806832 0.569515
vt 0.814942 0.571893
vt 0.807779 0.56225
vt 0.816683 0.564712
vt 0.810847 0.553517
vt 0.81945 0.557158
vt 0.815188 0.545149
vt 0.802987 0.560415
vt 0.799409 0.563593
vt 0.806921 0.551877
vt 0.806932 0.540778
vt 0.811096 0.530525
vt 0.807395 0.537715
vt 0.808192 0.528999
vt 0.80707 0.514276
vt 0.817401 0.520678
vt 0.813938 0.504701
vt 0.805695 0.515552
vt 0.803575 0.497752
vt 0.797979 0.508089
vt 0.797395 0.509896
vt 0.811917 0.486506
vt 0.809471 0.463753
vt 0.807799 0.436981
vt 0.793293 0.42352
vt 0.781075 0.411644
vt 0.780245 0.408848
vt 0.797805 0.507995
vt 0.822236 0.535749
vt 0.798934 0.525378
vt 0.805709 0.540314
vt 0.79366 0.536299
vt 0.800008 0.549667
vt 0.789969 0.54667
vt 0.797996 0.558746
vt 0.78806 0.556571
vt 0.786529 0.565799
vt 0.818274 0.572926
vt 0.821332 0.566495
vt 0.82521 0.559829
vt 0.825428 0.567895
vt 0.818364 0.580461
vt 0.815858 0.587504
vt 0.800412 0.568295
vt 0.825428 0.420872
vt 0.813074 0.405472
vt 0.799703 0.391092
vt 0.811451 0.594618
vt 0.808653 0.593556
vt 0.785852 0.565837
vt 0.785946 0.569508
vt 0.785809 0.556235
vt 0.77601 0.566336
vt 0.787977 0.546258
vt 0.78959 0.535564
vt 0.790165 0.52367
vt 0.797761 0.571809
vt 0.797399 0.567491
vt 0.775881 0.53301
vt 0.773697 0.543688
vt 0.78 0.521533
vt 0.771923 0.553773
vt 0.787272 0.510859
vt 0.770864 0.506158
vt 0.786825 0.50886
vt 0.775613 0.4942
vt 0.767376 0.51812
vt 0.989502 0.479215
vt 0.989502 0.493072
vt 0.974728 0.480042
vt 0.615897 0.418688
vt 0.625583 0.41224
vt 0.615151 0.422479
vt 0.625583 0.431486
vt 0.611586 0.420173
vt 0.641913 0.342186
vt 0.650907 0.332053
vt 0.661639 0.342186
vt 0.651502 0.331409
vt 0.650639 0.331782
vt 0.673795 0.333526
vt 0.289196 0.769764
vt 0.290885 0.76703
vt 0.290899 0.769982
vt 0.29039 0.783414
vt 0.276714 0.782162
vt 0.301772 0.757037
vt 0.304612 0.757131
vt 0.30477 0.752142
vt 0.304263 0.770361
vt 0.309827 0.770449
vt 0.310248 0.783618
vt 0.304101 0.783714
vt 0.305653 0.757157
vt 0.307465 0.797569
vt 0.304167 0.797526
vt 0.290287 0.796812
vt 0.289135 0.810234
vt 0.302813 0.811372
vt 0.287893 0.82376
vt 0.301579 0.824945
vt 0.316348 0.812781
vt 0.286677 0.83737
vt 0.272887 0.836098
vt 0.27154 0.849818
vt 0.2854 0.851081
vt 0.270218 0.863667
vt 0.284172 0.864896
vt 0.315134 0.826169
vt 0.329497 0.814235
vt 0.331442 0.801256
vt 0.344275 0.803811
vt 0.347502 0.791303
vt 0.338213 0.789099
vt 0.345501 0.77719
vt 0.332076 0.79851
vt 0.35083 0.778367
vt 0.3529 0.767499
vt 0.355662 0.76548
vt 0.331063 0.801187
vt 0.299317 0.852337
vt 0.300557 0.838603
vt 0.31636 0.81173
vt 0.27405 0.822416
vt 0.366476 0.767836
vt 0.358183 0.752167
vt 0.370002 0.755115
vt 0.341976 0.816048
vt 0.328526 0.827234
vt 0.27502 0.808819
vt 0.371437 0.748367
vt 0.320295 0.783519
vt 0.320984 0.770363
vt 0.322598 0.797014
vt 0.317007 0.844238
vt 0.329974 0.839919
vt 0.340553 0.832199
vt 0.344046 0.829904
vt 0.355132 0.820743
vt 0.317145 0.844513
vt 0.316943 0.844267
vt 0.360117 0.823152
vt 0.361977 0.834836
vt 0.371079 0.827031
vt 0.362491 0.840163
vt 0.375997 0.844934
vt 0.364991 0.855056
vt 0.353513 0.839878
vt 0.347815 0.837922
vt 0.34878 0.843723
vt 0.332854 0.849165
vt 0.338464 0.851325
vt 0.333944 0.85502
vt 0.314386 0.857766
vt 0.382214 0.848794
vt 0.37975 0.862866
vt 0.382299 0.860984
vt 0.383412 0.864896
vt 0.378634 0.81506
vt 0.36146 0.809297
vt 0.360989 0.809097
vt 0.381375 0.808041
vt 0.365156 0.796721
vt 0.380487 0.800602
vt 0.386413 0.802635
vt 0.394569 0.790952
vt 0.380904 0.78622
vt 0.365151 0.796627
vt 0.372607 0.784661
vt 0.365123 0.796555
vt 0.366588 0.782939
vt 0.38267 0.773033
vt 0.381253 0.816223
vt 0.395377 0.81985
vt 0.386115 0.831397
vt 0.383508 0.773262
vt 0.399121 0.77842
vt 0.404404 0.765962
vt 0.388031 0.760591
vt 0.396098 0.747883
vt 0.385927 0.759951
vt 0.388705 0.754615
vt 0.383839 0.833786
vt 0.385491 0.835047
vt 0.397916 0.839676
vt 0.407076 0.826196
vt 0.366976 0.860039
vt 0.465591 0.879654
vt 0.461426 0.867154
vt 0.478276 0.875533
vt 0.477758 0.874029
vt 0.461776 0.867191
vt 0.449028 0.871496
vt 0.479446 0.874892
vt 0.494783 0.880323
vt 0.452982 0.88667
vt 0.436337 0.875888
vt 0.468259 0.893559
vt 0.454478 0.892426
vt 0.475391 0.858741
vt 0.481031 0.893176
vt 0.492601 0.865504
vt 0.501337 0.880867
vt 0.448431 0.891126
vt 0.438602 0.890851
vt 0.423085 0.878737
vt 0.424516 0.89164
vt 0.409327 0.878129
vt 0.41078 0.894404
vt 0.39481 0.885936
vt 0.394713 0.889404
vt 0.390321 0.887208
vt 0.380604 0.872222
vt 0.380203 0.881755
vt 0.487519 0.853349
vt 0.380543 0.887737
vt 0.37986 0.906094
vt 0.393753 0.907124
vt 0.407608 0.908006
vt 0.394453 0.872036
vt 0.439421 0.904782
vt 0.42605 0.905924
vt 0.444848 0.904581
vt 0.494274 0.893725
vt 0.504986 0.894167
vt 0.453914 0.905352
vt 0.467392 0.906141
vt 0.507387 0.895976
vt 0.480515 0.906417
vt 0.493594 0.907012
vt 0.506783 0.908006
vt 0.361087 0.300491
vt 0.347033 0.30113
vt 0.346909 0.287804
vt 0.347396 0.314697
vt 0.333938 0.288068
vt 0.360029 0.286795
vt 0.373545 0.285295
vt 0.367151 0.299991
vt 0.361563 0.304566
vt 0.356953 0.314462
vt 0.374494 0.296028
vt 0.345277 0.273889
vt 0.331656 0.274678
vt 0.375477 0.3002
vt 0.36371 0.315281
vt 0.378965 0.316012
vt 0.392302 0.313404
vt 0.322317 0.288242
vt 0.326611 0.274578
vt 0.334929 0.316012
vt 0.331075 0.302806
vt 0.329534 0.302943
vt 0.329789 0.300528
vt 0.329712 0.270593
vt 0.502942 0.842881
vt 0.488412 0.830469
vt 0.501829 0.829428
vt 0.516295 0.841465
vt 0.48748 0.817222
vt 0.47421 0.818095
vt 0.475068 0.831289
vt 0.460918 0.818955
vt 0.515187 0.82835
vt 0.529721 0.84058
vt 0.528448 0.827071
vt 0.543076 0.838726
vt 0.545117 0.8517
vt 0.55832 0.849713
vt 0.556148 0.836523
vt 0.571479 0.847638
vt 0.573518 0.86066
vt 0.577725 0.860009
vt 0.580783 0.846246
vt 0.569217 0.834089
vt 0.58228 0.831567
vt 0.501215 0.815627
vt 0.460881 0.820786
vt 0.451567 0.818337
vt 0.447784 0.816416
vt 0.474054 0.831331
vt 0.559904 0.863356
vt 0.476086 0.845863
vt 0.489409 0.845389
vt 0.530233 0.856837
vt 0.58437 0.842779
vt 0.459086 0.835512
vt 0.447355 0.818937
vt 0.445641 0.834934
vt 0.432205 0.834243
vt 0.433894 0.817266
vt 0.432012 0.835676
vt 0.445137 0.843179
vt 0.443745 0.850629
vt 0.428766 0.85285
vt 0.415477 0.840295
vt 0.415015 0.842738
vt 0.413033 0.841116
vt 0.420518 0.863356
vt 0.408631 0.855587
vt 0.988645 0.0610349
vt 0.99475 0.0742879
vt 0.998834 0.0703988
vt 0.998834 0.0511932
vt 0.98717 0.0624046
vt 0.888414 0.563895
vt 0.888414 0.546959
vt 0.877171 0.559468
vt 0.875761 0.551509
vt 0.870529 0.557355
vt 0.0229393 0.667821
vt 0.0229393 0.681678
vt 0.00894246 0.68118
vt 0.663369 0.286115
vt 0.676629 0.296497
vt 0.667081 0.282175
vt 0.661983 0.284603
vt 0.675067 0.278907
vt 0.646256 0.291713
vt 0.661929 0.301825
vt 0.679782 0.30346
vt 0.679695 0.309257
vt 0.683696 0.308125
vt 0.684681 0.287845
vt 0.639757 0.232086
vt 0.639671 0.232739
vt 0.640079 0.232548
vt 0.634882 0.247717
vt 0.636688 0.250425
vt 0.647577 0.243425
vt 0.631435 0.253839
vt 0.643727 0.261255
vt 0.635974 0.265879
vt 0.635039 0.272214
vt 0.639515 0.279509
vt 0.634216 0.282218
vt 0.632605 0.295209
vt 0.633404 0.296951
vt 0.638109 0.308409
vt 0.627051 0.313095
vt 0.6269 0.31224
vt 0.626457 0.313254
vt 0.632337 0.297285
vt 0.627402 0.314069
vt 0.638676 0.310471
vt 0.64985 0.304643
vt 0.652908 0.315104
vt 0.654684 0.316127
vt 0.665135 0.313583
vt 0.652691 0.225487
vt 0.652884 0.272553
vt 0.683751 0.31727
vt 0.6242 0.256945
vt 0.684681 0.321401
vt 0.629859 0.221318
vt 0.642575 0.213972
vt 0.6315 0.2027
vt 0.643575 0.195389
vt 0.621193 0.210735
vt 0.623416 0.192294
vt 0.634195 0.184669
vt 0.62677 0.173701
vt 0.638445 0.167001
vt 0.61891 0.22881
vt 0.626189 0.238992
vt 0.63256 0.155147
vt 0.61618 0.246474
vt 0.60872 0.236175
vt 0.605443 0.253354
vt 0.612067 0.263751
vt 0.620293 0.161659
vt 0.625727 0.143046
vt 0.618415 0.274341
vt 0.607517 0.280138
vt 0.613136 0.290755
vt 0.602255 0.296209
vt 0.624833 0.285249
vt 0.618619 0.301337
vt 0.607641 0.306863
vt 0.630434 0.268186
vt 0.639582 0.136206
vt 0.632551 0.124237
vt 0.619614 0.130459
vt 0.627122 0.111112
vt 0.64064 0.120234
vt 0.631388 0.108653
vt 0.641152 0.103768
vt 0.634633 0.0907869
vt 0.618887 0.099622
vt 0.675146 0.127137
vt 0.663014 0.142348
vt 0.676613 0.141181
vt 0.660883 0.128372
vt 0.660605 0.124905
vt 0.674951 0.123659
vt 0.648812 0.116129
vt 0.663197 0.158137
vt 0.677105 0.157033
vt 0.677108 0.158654
vt 0.663266 0.159066
vt 0.664585 0.172208
vt 0.677693 0.172757
vt 0.64995 0.147853
vt 0.649547 0.16245
vt 0.67436 0.109804
vt 0.660758 0.110805
vt 0.672501 0.0951284
vt 0.658376 0.0971651
vt 0.656357 0.0862044
vt 0.671505 0.0888125
vt 0.652137 0.0835657
vt 0.670925 0.0781718
vt 0.645656 0.149689
vt 0.65654 0.0815464
vt 0.644804 0.133944
vt 0.664003 0.187387
vt 0.677605 0.186065
vt 0.677427 0.190132
vt 0.66396 0.189061
vt 0.650109 0.177924
vt 0.663191 0.205446
vt 0.649092 0.193215
vt 0.648916 0.178272
vt 0.648843 0.17638
vt 0.648234 0.199114
vt 0.644473 0.140463
vt 0.641155 0.0703679
vt 0.65619 0.0647456
vt 0.659334 0.207064
vt 0.662512 0.20957
vt 0.644177 0.215273
vt 0.66281 0.221507
vt 0.661301 0.232272
vt 0.66154 0.238034
vt 0.659392 0.25339
vt 0.659404 0.255054
vt 0.671839 0.253712
vt 0.660616 0.26904
vt 0.673561 0.266089
vt 0.660661 0.279139
vt 0.671789 0.253163
vt 0.644549 0.2133
vt 0.676037 0.206826
vt 0.67645 0.220584
vt 0.633703 0.0564682
vt 0.652617 0.0494814
vt 0.640824 0.035075
vt 0.671385 0.206798
vt 0.625908 0.0427646
vt 0.631895 0.0211701
vt 0.186107 0.659564
vt 0.17568 0.667821
vt 0.177947 0.648175
vt 0.172587 0.665793
vt 0.174553 0.649738
vt 0.159798 0.656936
vt 0.160238 0.639973
vt 0.17878 0.633949
vt 0.189662 0.640192
vt 0.199272 0.650032
vt 0.200519 0.666489
vt 0.202071 0.667821
vt 0.203987 0.648221
vt 0.212466 0.658906
vt 0.212388 0.639904
vt 0.222202 0.648381
vt 0.227221 0.662049
vt 0.232052 0.63999
vt 0.240049 0.652727
vt 0.251065 0.643277
vt 0.234293 0.660919
vt 0.244422 0.661684
vt 0.258554 0.65826
vt 0.989451 0.716539
vt 0.998056 0.704773
vt 0.998056 0.726624
vt 0.984837 0.727098
vt 0.708009 0.984219
vt 0.708009 0.998075
vt 0.694012 0.998058
vt 0.0920362 0.428053
vt 0.103033 0.439954
vt 0.103033 0.423788
vt 0.0898975 0.436589
vt 0.0776438 0.427344
vt 0.0774156 0.428725
vt 0.0664852 0.425598
vt 0.855754 0.301051
vt 0.868974 0.295997
vt 0.868974 0.309854
vt 0.7534 0.538776
vt 0.757914 0.539821
vt 0.75 0.551578
vt 0.759194 0.526385
vt 0.758096 0.526174
vt 0.764775 0.551578
vt 0.986392 0.36759
vt 0.974576 0.360569
vt 0.973564 0.363707
vt 0.960965 0.359062
vt 0.986392 0.353734
vt 0.960731 0.359857
vt 0.245334 0.766359
vt 0.235842 0.753501
vt 0.233591 0.756168
vt 0.245334 0.747883
vt 0.231337 0.754479
vt 0.786203 0.0689505
vt 0.793757 0.069716
vt 0.779549 0.078137
vt 0.798989 0.078137
vt 0.789753 0.06505
vt 0.852644 0.278291
vt 0.867418 0.278291
vt 0.857252 0.267513
vt 0.465392 0.783705
vt 0.461474 0.778482
vt 0.450622 0.779285
vt 0.464461 0.792533
vt 0.452262 0.772321
vt 0.465397 0.778479
vt 0.465392 0.765107
vt 0.458842 0.7602
vt 0.0363071 0.277697
vt 0.0333713 0.27974
vt 0.0434866 0.288245
vt 0.0373014 0.289745
vt 0.0317119 0.276032
vt 0.0458909 0.273883
vt 0.0278862 0.266194
vt 0.0510363 0.285682
vt 0.0637814 0.280876
vt 0.0567798 0.297652
vt 0.0431376 0.302691
vt 0.0400196 0.29601
vt 0.0576821 0.268651
vt 0.0719285 0.278722
vt 0.0429305 0.266607
vt 0.0357875 0.263684
vt 0.0197853 0.283862
vt 0.0300795 0.280226
vt 0.0247996 0.296108
vt 0.0319791 0.292973
vt 0.030476 0.308466
vt 0.0482879 0.314883
vt 0.059172 0.309956
vt 0.0363334 0.32105
vt 0.0175073 0.314126
vt 0.0233169 0.326863
vt 0.042178 0.333636
vt 0.0291851 0.339994
vt 0.0119057 0.301653
vt 0.0144705 0.271128
vt 0.0562981 0.327587
vt 0.0268565 0.262598
vt 0.0147935 0.346185
vt 0.0448754 0.338507
vt 0.0342854 0.349885
vt 0.00505443 0.288796
vt 0.0112758 0.254069
vt 0.0680591 0.286622
vt 0.0259483 0.244419
vt 0.0719285 0.306274
vt 0.0657017 0.295157
vt 0.0682631 0.319722
vt 0.0622115 0.3268
vt 0.925981 0.262811
vt 0.927858 0.256693
vt 0.911899 0.249853
vt 0.910187 0.253003
vt 0.925841 0.2398
vt 0.932981 0.257233
vt 0.927152 0.2692
vt 0.940998 0.253034
vt 0.94246 0.261053
vt 0.931504 0.275083
vt 0.945266 0.266462
vt 0.945663 0.282579
vt 0.944564 0.290884
vt 0.92957 0.275921
vt 0.91779 0.277697
vt 0.960294 0.294656
vt 0.960953 0.294306
vt 0.958164 0.281283
vt 0.958313 0.267053
vt 0.971168 0.274738
vt 0.977061 0.262259
vt 0.976867 0.28649
vt 0.953202 0.335045
vt 0.961459 0.337287
vt 0.960851 0.334092
vt 0.975696 0.344496
vt 0.945676 0.320644
vt 0.946018 0.330488
vt 0.931891 0.322994
vt 0.945344 0.309991
vt 0.931481 0.308887
vt 0.931172 0.305032
vt 0.956134 0.315024
vt 0.960799 0.315578
vt 0.945497 0.298468
vt 0.928941 0.289059
vt 0.961623 0.312542
vt 0.960614 0.294685
vt 0.931834 0.326883
vt 0.977061 0.324885
vt 0.973901 0.305209
vt 0.918295 0.323567
vt 0.917916 0.309195
vt 0.521384 0.875674
vt 0.516727 0.859507
vt 0.51283 0.875674
vt 0.939814 0.708044
vt 0.938442 0.699776
vt 0.924183 0.699384
vt 0.925958 0.710406
vt 0.928232 0.724018
vt 0.94684 0.706642
vt 0.925415 0.710464
vt 0.926675 0.723965
vt 0.943513 0.723965
vt 0.95451 0.711492
vt 0.960769 0.817432
vt 0.976253 0.819488
vt 0.975392 0.814446
vt 0.972645 0.800578
vt 0.957778 0.802932
vt 0.960941 0.828866
vt 0.96178 0.834472
vt 0.979393 0.838722
vt 0.956413 0.832379
vt 0.946395 0.813028
vt 0.944068 0.829579
vt 0.941623 0.819101
vt 0.933938 0.826501
vt 0.93146 0.807149
vt 0.937189 0.808496
vt 0.935366 0.802974
vt 0.95533 0.799202
vt 0.939072 0.794952
vt 0.950569 0.784533
vt 0.961056 0.779848
vt 0.967519 0.794033
vt 0.920295 0.799678
vt 0.928139 0.790745
vt 0.930381 0.78517
vt 0.944396 0.774916
vt 0.97302 0.774995
vt 0.978893 0.786964
vt 0.92311 0.774354
vt 0.937327 0.764412
vt 0.955289 0.768918
vt 0.966799 0.763183
vt 0.948944 0.75775
vt 0.942408 0.74606
vt 0.960768 0.751559
vt 0.954483 0.739767
vt 0.979393 0.757176
vt 0.967243 0.733256
vt 0.973488 0.745143
vt 0.899709 0.386292
vt 0.901633 0.386177
vt 0.899827 0.38677
vt 0.895424 0.368578
vt 0.899562 0.367552
vt 0.893035 0.388825
vt 0.885698 0.386717
vt 0.882095 0.37113
vt 0.880119 0.371288
vt 0.881663 0.366745
vt 0.890824 0.35605
vt 0.893056 0.355531
vt 0.898068 0.354591
vt 0.90131 0.391605
vt 0.881009 0.399234
vt 0.873902 0.397748
vt 0.877151 0.384648
vt 0.873608 0.402232
vt 0.859953 0.380669
vt 0.857204 0.393823
vt 0.862957 0.367602
vt 0.854199 0.402232
vt 0.875483 0.353734
vt 0.889596 0.0100081
vt 0.911002 0.0121705
vt 0.893284 0.00660969
vt 0.888305 0.00837135
vt 0.884454 0.0133265
vt 0.898944 0.0214466
vt 0.896706 0.0228477
vt 0.906909 0.00577367
vt 0.905292 0.108883
vt 0.911358 0.0967813
vt 0.89985 0.0903535
vt 0.917963 0.0860668
vt 0.90014 0.0896252
vt 0.888805 0.0825445
vt 0.887356 0.0853346
vt 0.905808 0.0746401
vt 0.894157 0.0702034
vt 0.912491 0.0644513
vt 0.916488 0.0850782
vt 0.880582 0.0960846
vt 0.890501 0.106112
vt 0.870529 0.0864095
vt 0.875654 0.0694047
vt 0.89486 0.0653263
vt 0.910213 0.0623882
vt 0.900683 0.0503615
vt 0.901676 0.046909
vt 0.917257 0.0438395
vt 0.907844 0.0324095
vt 0.891444 0.0658203
vt 0.880475 0.0515021
vt 0.899291 0.0477508
vt 0.887469 0.0338984
vt 0.881176 0.0525354
vt 0.893203 0.108528
vt 0.900251 0.11743
vt 0.910258 0.118142
vt 0.89365 0.12883
vt 0.90967 0.132364
vt 0.893817 0.129303
vt 0.90111 0.144362
vt 0.915971 0.144811
vt 0.917963 0.1505
vt 0.899449 0.146694
vt 0.883507 0.144951
vt 0.76956 0.366821
vt 0.76797 0.365864
vt 0.76963 0.366114
vt 0.757924 0.35499
vt 0.776354 0.348954
vt 0.75311 0.366819
vt 0.7878 0.363053
vt 0.758138 0.35051
vt 0.775708 0.348313
vt 0.76484 0.334488
vt 0.78888 0.366819
vt 0.0326523 0.901457
vt 0.0418408 0.911257
vt 0.0364712 0.913427
vt 0.0424223 0.89604
vt 0.0198444 0.918014
vt 0.0159409 0.905268
vt 0.0445923 0.895517
vt 0.0536475 0.907729
vt 0.0216138 0.888587
vt 0.0664032 0.879136
vt 0.064119 0.87563
vt 0.0690672 0.862587
vt 0.0547394 0.886355
vt 0.0764294 0.892734
vt 0.0784138 0.872193
vt 0.0869248 0.883826
vt 0.0546798 0.886305
vt 0.0432465 0.871919
vt 0.0431735 0.893864
vt 0.0552433 0.86473
vt 0.0319825 0.879813
vt 0.0655553 0.900546
vt 0.0519518 0.888495
vt 0.0927825 0.870677
vt 0.0961947 0.869454
vt 0.0914018 0.888951
vt 0.106948 0.884936
vt 0.114633 0.867611
vt 0.107111 0.884851
vt 0.083211 0.901224
vt 0.0982541 0.897317
vt 0.106624 0.885095
vt 0.11645 0.899946
vt 0.125936 0.890949
vt 0.121192 0.881051
vt 0.132899 0.882319
vt 0.0862594 0.904324
vt 0.106746 0.907575
vt 0.0823228 0.905365
vt 0.0730946 0.911643
vt 0.0951626 0.915314
vt 0.124958 0.909503
vt 0.135437 0.899535
vt 0.117817 0.868503
vt 0.114381 0.918014
vt 0.142691 0.891594
vt 0.950137 0.62058
vt 0.953533 0.607352
vt 0.954445 0.622402
vt 0.939107 0.605029
vt 0.981523 0.610462
vt 0.978186 0.58776
vt 0.982082 0.61006
vt 0.991058 0.620012
vt 0.989314 0.621239
vt 0.970679 0.618202
vt 0.970744 0.618361
vt 0.988397 0.622053
vt 0.990215 0.622402
vt 0.96078 0.604486
vt 0.957838 0.599379
vt 0.945759 0.589394
vt 0.949332 0.589252
vt 0.937403 0.604627
vt 0.970511 0.618998
vt 0.849762 0.159738
vt 0.866641 0.160456
vt 0.865143 0.16425
vt 0.853736 0.178962
vt 0.845764 0.162428
vt 0.834564 0.173286
vt 0.829522 0.162008
vt 0.845109 0.161121
vt 0.836432 0.178197
vt 0.853122 0.179834
vt 0.842979 0.193484
vt 0.817956 0.169946
vt 0.820732 0.176607
vt 0.825665 0.188871
vt 0.827651 0.19361
vt 0.806661 0.18406
vt 0.810796 0.193484
vt 0.81398 0.175839
vt 0.800544 0.192389
vt 0.822593 0.193189
vt 0.274106 0.918784
vt 0.270995 0.916653
vt 0.274106 0.901078
vt 0.451192 0.331461
vt 0.451192 0.333691
vt 0.464619 0.331409
vt 0.464619 0.333718
vt 0.448289 0.332535
vt 0.665565 0.611805
vt 0.664903 0.608664
vt 0.663375 0.609672
vt 0.665026 0.591045
vt 0.664787 0.590841
vt 0.662134 0.628546
vt 0.664919 0.626654
vt 0.665905 0.63241
vt 0.647395 0.618609
vt 0.648206 0.599946
vt 0.647396 0.618525
vt 0.64817 0.599543
vt 0.647549 0.58256
vt 0.651056 0.58076
vt 0.64757 0.578742
vt 0.632954 0.588006
vt 0.658518 0.561875
vt 0.632915 0.573226
vt 0.647319 0.61855
vt 0.66264 0.576322
vt 0.662939 0.566568
vt 0.671023 0.572061
vt 0.663409 0.55835
vt 0.672643 0.553555
vt 0.663867 0.547386
vt 0.663771 0.540657
vt 0.674439 0.534954
vt 0.664811 0.528253
vt 0.665297 0.521729
vt 0.675707 0.516317
vt 0.665364 0.508292
vt 0.665421 0.504536
vt 0.677185 0.497621
vt 0.665848 0.488771
vt 0.665722 0.486874
vt 0.678836 0.479186
vt 0.667175 0.470452
vt 0.659305 0.543381
vt 0.668092 0.46688
vt 0.679294 0.460543
vt 0.669026 0.452315
vt 0.66924 0.448455
vt 0.680685 0.441682
vt 0.669618 0.432496
vt 0.669476 0.430922
vt 0.682683 0.422955
vt 0.669174 0.413914
vt 0.67132 0.412679
vt 0.669044 0.411315
vt 0.665952 0.398161
vt 0.671854 0.393659
vt 0.663558 0.388064
vt 0.680761 0.582377
vt 0.665064 0.590674
vt 0.679323 0.600981
vt 0.664692 0.487607
vt 0.665448 0.468928
vt 0.661145 0.524677
vt 0.658589 0.421342
vt 0.668741 0.431489
vt 0.645433 0.568153
vt 0.663416 0.506138
vt 0.682026 0.563693
vt 0.666959 0.450198
vt 0.683348 0.545005
vt 0.681033 0.403393
vt 0.689744 0.451782
vt 0.691263 0.433151
vt 0.688605 0.470425
vt 0.684675 0.526345
vt 0.660644 0.403804
vt 0.687519 0.489012
vt 0.685977 0.507656
vt 0.659693 0.385282
vt 0.698678 0.461664
vt 0.697536 0.480321
vt 0.696225 0.498974
vt 0.694741 0.517664
vt 0.68947 0.59236
vt 0.69819 0.602381
vt 0.692118 0.555002
vt 0.690115 0.609377
vt 0.690831 0.573661
vt 0.687169 0.610004
vt 0.676083 0.383638
vt 0.677597 0.380473
vt 0.669004 0.375592
vt 0.665091 0.376047
vt 0.660437 0.370661
vt 0.65499 0.367496
vt 0.666244 0.374025
vt 0.698678 0.602981
vt 0.686385 0.394205
vt 0.666701 0.37317
vt 0.673022 0.36233
vt 0.661368 0.356132
vt 0.649872 0.349885
vt 0.647757 0.51365
vt 0.648648 0.496544
vt 0.648809 0.4951
vt 0.649905 0.478155
vt 0.650063 0.476307
vt 0.65093 0.459062
vt 0.650961 0.458077
vt 0.651368 0.440596
vt 0.652934 0.43983
vt 0.651469 0.438858
vt 0.647842 0.515957
vt 0.647096 0.531545
vt 0.647223 0.535883
vt 0.646363 0.549647
vt 0.645915 0.553771
vt 0.631229 0.555903
vt 0.639583 0.551633
vt 0.631343 0.547114
vt 0.636291 0.532739
vt 0.637011 0.444447
vt 0.63756 0.433618
vt 0.633019 0.534331
vt 0.633175 0.530832
vt 0.617807 0.540357
vt 0.61845 0.52369
vt 0.642491 0.514283
vt 0.645404 0.477028
vt 0.644732 0.495701
vt 0.634348 0.489961
vt 0.633723 0.500145
vt 0.633253 0.508694
vt 0.635088 0.481097
vt 0.635673 0.471713
vt 0.648195 0.458435
vt 0.636272 0.4624
vt 0.636816 0.453098
vt 0.632703 0.518535
vt 0.619364 0.519956
vt 0.619883 0.506382
vt 0.637349 0.427308
vt 0.650914 0.425571
vt 0.651066 0.414699
vt 0.637286 0.410834
vt 0.632418 0.570507
vt 0.621632 0.492914
vt 0.637251 0.4104
vt 0.650649 0.409059
vt 0.636109 0.397026
vt 0.543157 0.396074
vt 0.543157 0.415319
vt 0.540824 0.396183
vt 0.769694 0.878296
vt 0.780327 0.874134
vt 0.767057 0.882499
vt 0.764983 0.88105
vt 0.780327 0.894149
vt 0.763997 0.884599
vt 0.0594868 0.177444
vt 0.0401521 0.177444
vt 0.0588889 0.175745
vt 0.0422673 0.171999
vt 0.0400467 0.171576
vt 0.0420906 0.167222
vt 0.0505682 0.158199
vt 0.830093 0.771747
vt 0.816874 0.769792
vt 0.830093 0.769438
vt 0.979586 0.461509
vt 0.973173 0.463209
vt 0.987074 0.463818
vt 0.98717 0.463209
vt 0.461509 0.0373364
vt 0.459953 0.0236329
vt 0.461509 0.0234796
vt 0.52585 0.579879
vt 0.52499 0.580226
vt 0.513533 0.568134
vt 0.509791 0.581792
vt 0.513812 0.566083
vt 0.512394 0.56631
vt 0.49662 0.568817
vt 0.509097 0.553674
vt 0.495872 0.555704
vt 0.4885 0.556524
vt 0.482259 0.549254
vt 0.479263 0.557832
vt 0.499866 0.543988
vt 0.514898 0.552178
vt 0.518494 0.541485
vt 0.472974 0.541875
vt 0.469175 0.542808
vt 0.470232 0.539155
vt 0.465551 0.558272
vt 0.455148 0.542548
vt 0.453166 0.550502
vt 0.466315 0.571085
vt 0.496518 0.581927
vt 0.488872 0.569428
vt 0.49464 0.582077
vt 0.480182 0.583823
vt 0.480918 0.570347
vt 0.467036 0.583911
vt 0.464503 0.571195
vt 0.461643 0.558218
vt 0.450868 0.572162
vt 0.450511 0.55936
vt 0.437143 0.572396
vt 0.436928 0.55911
vt 0.426886 0.559293
vt 0.423061 0.555645
vt 0.425452 0.572857
vt 0.423507 0.573006
vt 0.421739 0.55978
vt 0.40814 0.574008
vt 0.406874 0.561117
vt 0.3945 0.574705
vt 0.392947 0.560905
vt 0.390195 0.561087
vt 0.389431 0.575732
vt 0.378918 0.577995
vt 0.373551 0.564751
vt 0.377855 0.549207
vt 0.410128 0.547287
vt 0.440528 0.544825
vt 0.458415 0.531649
vt 0.397236 0.542295
vt 0.392825 0.540375
vt 0.364433 0.543928
vt 0.359261 0.562151
vt 0.427678 0.53947
vt 0.441894 0.539889
vt 0.445752 0.527092
vt 0.350375 0.539245
vt 0.344724 0.559064
vt 0.330109 0.545668
vt 0.343934 0.559218
vt 0.324719 0.56361
vt 0.309461 0.552545
vt 0.320175 0.56394
vt 0.304754 0.567088
vt 0.295537 0.544872
vt 0.288803 0.564804
vt 0.432512 0.524218
vt 0.4285 0.537081
vt 0.414991 0.53374
vt 0.419363 0.536244
vt 0.414306 0.536249
vt 0.402324 0.527592
vt 0.39951 0.537126
vt 0.383739 0.532361
vt 0.380458 0.542629
vt 0.370007 0.528658
vt 0.366871 0.537563
vt 0.278153 0.544834
vt 0.274883 0.55455
vt 0.316444 0.538387
vt 0.557078 0.552798
vt 0.542978 0.556171
vt 0.543997 0.551261
vt 0.530571 0.552057
vt 0.540172 0.568172
vt 0.527041 0.566878
vt 0.526488 0.549472
vt 0.554168 0.567505
vt 0.555105 0.563635
vt 0.566957 0.569038
vt 0.567119 0.568402
vt 0.570864 0.55373
vt 0.560521 0.539735
vt 0.572624 0.54651
vt 0.556724 0.536674
vt 0.578981 0.553577
vt 0.545974 0.537892
vt 0.530887 0.55005
vt 0.561003 0.537151
vt 0.565399 0.520199
vt 0.556407 0.517656
vt 0.573699 0.539993
vt 0.578285 0.524168
vt 0.578745 0.521535
vt 0.586072 0.54169
vt 0.590038 0.529831
vt 0.567618 0.568926
vt 0.548141 0.53004
vt 0.536253 0.523119
vt 0.532335 0.537377
vt 0.523891 0.519212
vt 0.519367 0.53548
vt 0.506405 0.528853
vt 0.585194 0.554047
vt 0.600977 0.540402
vt 0.584172 0.560903
vt 0.60138 0.539619
vt 0.511816 0.534742
vt 0.582667 0.567389
vt 0.589218 0.567324
vt 0.590698 0.583911
vt 0.595147 0.569711
vt 0.595407 0.568709
vt 0.503919 0.535774
vt 0.494299 0.521693
vt 0.489266 0.535658
vt 0.596028 0.518758
vt 0.580904 0.507396
vt 0.565687 0.518917
vt 0.589488 0.506074
vt 0.476117 0.525276
vt 0.567411 0.50604
vt 0.560045 0.505295
vt 0.555617 0.494019
vt 0.552926 0.504679
vt 0.550161 0.490779
vt 0.543131 0.489992
vt 0.54044 0.503095
vt 0.582933 0.494748
vt 0.555962 0.491846
vt 0.568894 0.493371
vt 0.552651 0.517424
vt 0.597625 0.556513
vt 0.51163 0.514746
vt 0.488546 0.536792
vt 0.53872 0.516032
vt 0.525664 0.513577
vt 0.487749 0.536183
vt 0.596726 0.518756
vt 0.609254 0.529768
vt 0.60801 0.511279
vt 0.192086 0.561286
vt 0.190126 0.563087
vt 0.184681 0.573903
vt 0.204899 0.573903
vt 0.192259 0.560816
vt 0.99339 0.93341
vt 0.990317 0.947455
vt 0.992084 0.944318
vt 0.99339 0.948807
vt 0.99028 0.947523
vt 0.237529 0.546885
vt 0.233617 0.540951
vt 0.239847 0.552862
vt 0.224339 0.559573
vt 0.236029 0.539923
vt 0.250567 0.577477
vt 0.248537 0.563863
vt 0.245446 0.565057
vt 0.243725 0.551354
vt 0.240345 0.552654
vt 0.251555 0.544025
vt 0.244555 0.5654
vt 0.249849 0.577752
vt 0.251555 0.577098
vt 0.247356 0.534642
vt 0.89268 0.189991
vt 0.881274 0.175135
vt 0.892348 0.190444
vt 0.874683 0.180805
vt 0.879444 0.191717
vt 0.867506 0.190521
vt 0.881016 0.203736
vt 0.864308 0.203411
vt 0.880531 0.216038
vt 0.865421 0.216314
vt 0.879783 0.229131
vt 0.867055 0.229373
vt 0.880429 0.242165
vt 0.866393 0.242591
vt 0.879199 0.255338
vt 0.868989 0.256025
vt 0.89373 0.229106
vt 0.893712 0.216013
vt 0.89388 0.242342
vt 0.893644 0.255719
vt 0.893339 0.203188
vt 0.876045 0.269753
vt 0.874627 0.269802
vt 0.893966 0.269244
vt 0.894112 0.282938
vt 0.906299 0.202536
vt 0.905477 0.189595
vt 0.875314 0.271161
vt 0.876921 0.283636
vt 0.893927 0.296824
vt 0.878393 0.29747
vt 0.891323 0.311293
vt 0.882308 0.311703
vt 0.887452 0.325701
vt 0.887346 0.326534
vt 0.888391 0.326607
vt 0.903398 0.327504
vt 0.88737 0.32779
vt 0.867362 0.327361
vt 0.8847 0.341416
vt 0.906299 0.336049
vt 0.846132 0.794975
vt 0.864498 0.789623
vt 0.846129 0.794564
vt 0.864009 0.789071
vt 0.850469 0.776878
vt 0.870868 0.776089
vt 0.843842 0.79408
vt 0.833375 0.788765
vt 0.832031 0.794268
vt 0.867478 0.785699
vt 0.871483 0.814809
vt 0.870048 0.811808
vt 0.853699 0.816155
vt 0.853668 0.820748
vt 0.872479 0.810558
vt 0.87601 0.797465
vt 0.88552 0.805851
vt 0.883335 0.785878
vt 0.896188 0.797175
vt 0.885573 0.78183
vt 0.89738 0.778039
vt 0.889242 0.770136
vt 0.877765 0.782378
vt 0.877366 0.76251
vt 0.858821 0.766526
vt 0.857808 0.800587
vt 0.897202 0.797919
vt 0.904901 0.787793
vt 0.889168 0.808328
vt 0.840542 0.808212
vt 0.845672 0.863784
vt 0.858208 0.878753
vt 0.863388 0.860979
vt 0.876224 0.874666
vt 0.877209 0.874381
vt 0.863683 0.860358
vt 0.882552 0.856787
vt 0.895052 0.8702
vt 0.882694 0.856067
vt 0.881638 0.856172
vt 0.864965 0.845337
vt 0.862572 0.860478
vt 0.847477 0.848522
vt 0.853561 0.847307
vt 0.849104 0.842987
vt 0.833326 0.835465
vt 0.841138 0.833689
vt 0.850441 0.832554
vt 0.835499 0.827917
vt 0.83749 0.818322
vt 0.874213 0.843311
vt 0.865982 0.830897
vt 0.866313 0.829614
vt 0.831649 0.850347
vt 0.867274 0.830702
vt 0.883025 0.820669
vt 0.882863 0.841723
vt 0.897654 0.854165
vt 0.900094 0.844964
vt 0.893948 0.838472
vt 0.907076 0.851486
vt 0.880716 0.829141
vt 0.889178 0.826864
vt 0.848054 0.815796
vt 0.901739 0.820951
vt 0.907076 0.832866
vt 0.903338 0.863788
vt 0.550336 0.456585
vt 0.542936 0.456149
vt 0.55642 0.455524
vt 0.556471 0.455812
vt 0.569585 0.451586
vt 0.554176 0.437644
vt 0.570135 0.455924
vt 0.567954 0.438163
vt 0.540831 0.438889
vt 0.527605 0.441849
vt 0.583502 0.442419
vt 0.584736 0.45847
vt 0.583458 0.442124
vt 0.590905 0.460359
vt 0.599194 0.458906
vt 0.583737 0.442215
vt 0.596858 0.440961
vt 0.599347 0.45974
vt 0.61356 0.44783
vt 0.61703 0.465358
vt 0.540045 0.45769
vt 0.529373 0.457846
vt 0.529656 0.465358
vt 0.456893 0.347575
vt 0.480171 0.346805
vt 0.456843 0.346805
vt 0.341759 0.406458
vt 0.330554 0.405847
vt 0.344099 0.406261
vt 0.316331 0.389385
vt 0.325901 0.407109
vt 0.329781 0.387981
vt 0.316992 0.407106
vt 0.343246 0.387606
vt 0.31701 0.407621
vt 0.315837 0.407546
vt 0.358087 0.400698
vt 0.3441 0.40629
vt 0.357875 0.391825
vt 0.357584 0.407621
vt 0.301322 0.401387
vt 0.00142562 0.426282
vt 0.00194401 0.426284
vt 0.00143684 0.427637
vt 0.00143684 0.425327
vt 0.00116641 0.426285
vt 0.456379 0.0134719
vt 0.43818 0.0134719
vt 0.447014 0.000384911
vt 0.465814 0.0083868
vt 0.467729 0.00511497
vt 0.758083 0.930331
vt 0.755443 0.938029
vt 0.770218 0.938029
vt 0.443624 0.501157
vt 0.452177 0.496151
vt 0.452177 0.506159
vt 0.243779 0.148961
vt 0.241921 0.144342
vt 0.224339 0.148961
vt 0.991835 0.810239
vt 0.987947 0.809145
vt 0.991835 0.790993
vt 0.823095 0.853349
vt 0.819466 0.84642
vt 0.812986 0.853349
vt 0.942846 0.999615
vt 0.962286 0.999615
vt 0.942938 0.998845
vt 0.299767 0.385296
vt 0.299767 0.386836
vt 0.295879 0.386078
vt 0.475166 0.461993
vt 0.486338 0.47432
vt 0.472563 0.48046
vt 0.467547 0.475481
vt 0.47223 0.462732
vt 0.489968 0.487556
vt 0.502821 0.482766
vt 0.477056 0.492805
vt 0.497555 0.468072
vt 0.493752 0.493463
vt 0.488612 0.50352
vt 0.465705 0.482303
vt 0.462289 0.468491
vt 0.453023 0.458347
vt 0.453414 0.454461
vt 0.482938 0.504578
vt 0.471461 0.494725
vt 0.503465 0.48375
vt 0.512543 0.498018
vt 0.515678 0.477982
vt 0.523819 0.491364
vt 0.519585 0.473577
vt 0.534205 0.477585
vt 0.47293 0.459556
vt 0.449334 0.472234
vt 0.499671 0.502827
vt 0.450172 0.455237
vt 0.43928 0.445161
vt 0.45661 0.438389
vt 0.444638 0.43303
vt 0.444477 0.432925
vt 0.436884 0.443614
vt 0.423414 0.435145
vt 0.422807 0.453188
vt 0.420126 0.437345
vt 0.419839 0.433403
vt 0.409044 0.445276
vt 0.43533 0.427389
vt 0.421798 0.453867
vt 0.407165 0.463934
vt 0.403906 0.448934
vt 0.435011 0.422798
vt 0.439162 0.424813
vt 0.397791 0.454732
vt 0.397851 0.436287
vt 0.38751 0.445301
vt 0.383407 0.464404
vt 0.379595 0.439499
vt 0.385047 0.426836
vt 0.378473 0.449238
vt 0.363056 0.43895
vt 0.360927 0.443917
vt 0.372815 0.434383
vt 0.358472 0.442209
vt 0.346576 0.433398
vt 0.406485 0.426378
vt 0.421661 0.41978
vt 0.450864 0.414547
vt 0.409705 0.467839
vt 0.416465 0.473727
vt 0.42983 0.464197
vt 0.429715 0.481774
vt 0.412542 0.476569
vt 0.381349 0.463631
vt 0.38278 0.425268
vt 0.436053 0.407398
vt 0.392288 0.415923
vt 0.344076 0.448205
vt 0.4041 0.442522
vt 0.457399 0.436536
vt 0.453985 0.416937
vt 0.440073 0.429843
vt 0.406231 0.464644
vt 0.407675 0.425467
vt 0.409985 0.410055
vt 0.398274 0.404189
vt 0.421789 0.418742
vt 0.395868 0.403352
vt 0.399881 0.390864
vt 0.430046 0.408587
vt 0.412278 0.395022
vt 0.403804 0.378244
vt 0.379527 0.396755
vt 0.385108 0.384689
vt 0.375268 0.409125
vt 0.475643 0.443863
vt 0.476144 0.436394
vt 0.534603 0.477134
vt 0.471488 0.430321
vt 0.474261 0.429327
vt 0.489033 0.423186
vt 0.477002 0.413667
vt 0.429937 0.464258
vt 0.443988 0.469093
vt 0.443888 0.477993
vt 0.431447 0.482658
vt 0.468717 0.449708
vt 0.458093 0.409854
vt 0.358146 0.460198
vt 0.343336 0.449965
vt 0.340867 0.448654
vt 0.327555 0.452245
vt 0.339154 0.467001
vt 0.325566 0.45599
vt 0.338347 0.467198
vt 0.339159 0.468368
vt 0.354421 0.477847
vt 0.356961 0.463198
vt 0.367241 0.473962
vt 0.378216 0.46676
vt 0.350203 0.479467
vt 0.336224 0.483683
vt 0.321342 0.472397
vt 0.321316 0.473311
vt 0.320914 0.472544
vt 0.316828 0.48888
vt 0.314042 0.489741
vt 0.308032 0.477718
vt 0.301187 0.468125
vt 0.295361 0.479498
vt 0.282435 0.467753
vt 0.294108 0.489092
vt 0.297861 0.494046
vt 0.291838 0.480501
vt 0.331765 0.485255
vt 0.35659 0.461505
vt 0.364619 0.428329
vt 0.370773 0.416464
vt 0.481451 0.442368
vt 0.449178 0.479984
vt 0.330368 0.440151
vt 0.309202 0.459527
vt 0.391079 0.41537
vt 0.27506 0.482784
vt 0.263907 0.468707
vt 0.274689 0.482954
vt 0.256741 0.484717
vt 0.274801 0.483213
vt 0.245644 0.472217
vt 0.254529 0.484392
vt 0.256172 0.487629
vt 0.249775 0.499925
vt 0.263241 0.499542
vt 0.239462 0.485108
vt 0.267612 0.49965
vt 0.236781 0.497751
vt 0.393198 0.474055
vt 0.399782 0.48551
vt 0.406874 0.427333
vt 0.284709 0.498203
vt 0.455425 0.485931
vt 0.446391 0.489074
vt 0.438381 0.460118
vt 0.373152 0.453389
vt 0.495982 0.435105
vt 0.507879 0.428191
vt 0.500976 0.415391
vt 0.514667 0.410042
vt 0.502726 0.447063
vt 0.515184 0.424946
vt 0.518112 0.417326
vt 0.527194 0.404295
vt 0.527581 0.405104
vt 0.531807 0.402146
vt 0.512729 0.438497
vt 0.506016 0.444683
vt 0.502909 0.447312
vt 0.501605 0.46303
vt 0.318284 0.502997
vt 0.321128 0.502145
vt 0.303359 0.50728
vt 0.294286 0.509238
vt 0.491301 0.45521
vt 0.458162 0.401955
vt 0.44236 0.39367
vt 0.421488 0.401327
vt 0.442006 0.393415
vt 0.450943 0.38132
vt 0.451452 0.381684
vt 0.426219 0.38199
vt 0.434279 0.369209
vt 0.459861 0.369212
vt 0.443744 0.357512
vt 0.466189 0.354503
vt 0.461533 0.367502
vt 0.421981 0.398047
vt 0.462128 0.385486
vt 0.478026 0.395566
vt 0.510772 0.478878
vt 0.51678 0.465206
vt 0.472316 0.509238
vt 0.445931 0.43295
vt 0.293393 0.494236
vt 0.465505 0.406333
vt 0.907333 0.229797
vt 0.911742 0.234411
vt 0.911742 0.216705
vt 0.902411 0.22253
vt 0.979393 0.0250347
vt 0.979605 0.0348314
vt 0.996027 0.0253506
vt 0.988869 0.0202947
vt 0.996079 0.016231
vt 0.998056 0.0318695
vt 0.983491 0.0395126
vt 0.981596 0.0404157
vt 0.980889 0.0171398
vt 0.998056 0.00885296
vt 0.00915192 0.789164
vt 0.0157427 0.80348
vt 0.0238566 0.790768
vt 0.027605 0.810239
vt 0.00738725 0.786702
vt 0.027605 0.782525
vt 0.380404 0.668591
vt 0.384526 0.677059
vt 0.368974 0.677059
vt 0.658768 0.716205
vt 0.63958 0.721074
vt 0.656862 0.7225
vt 0.647909 0.707123
vt 0.669999 0.725923
vt 0.671705 0.720224
vt 0.676128 0.707082
vt 0.672045 0.725822
vt 0.65892 0.732597
vt 0.676128 0.742494
vt 0.00738725 0.232871
vt 0.00761185 0.219195
vt 0.021003 0.232871
vt 0.0210267 0.230517
vt 0.0346034 0.22441
vt 0.0192985 0.215166
vt 0.928552 0.63087
vt 0.928849 0.630288
vt 0.928196 0.630317
vt 0.926774 0.60783
vt 0.928552 0.608125
vt 0.927355 0.607005
vt 0.917963 0.622108
vt 0.621695 0.485373
vt 0.599922 0.485373
vt 0.599958 0.484604
vt 0.784992 0.389915
vt 0.784992 0.379138
vt 0.770995 0.382599
vt 0.994168 0.528483
vt 0.994168 0.511547
vt 0.980171 0.527722
vt 0.498834 0.36588
vt 0.497967 0.366821
vt 0.488417 0.356885
vt 0.478616 0.366821
vt 0.488351 0.356813
vt 0.488479 0.35682
vt 0.375972 0.375289
vt 0.375972 0.372979
vt 0.367418 0.372981
vt 0.544485 0.231738
vt 0.560786 0.244675
vt 0.558207 0.229287
vt 0.547094 0.247682
vt 0.570703 0.226457
vt 0.575462 0.245234
vt 0.543939 0.228365
vt 0.54769 0.251854
vt 0.56171 0.251115
vt 0.563325 0.260305
vt 0.549592 0.262648
vt 0.556515 0.219784
vt 0.572214 0.226857
vt 0.590144 0.233338
vt 0.595257 0.249147
vt 0.592963 0.252955
vt 0.552447 0.278971
vt 0.57489 0.245669
vt 0.566347 0.277467
vt 0.577503 0.259646
vt 0.579811 0.27207
vt 0.589338 0.263694
vt 0.595165 0.282358
vt 0.580109 0.277145
vt 0.573288 0.226016
vt 0.543935 0.24988
vt 0.572017 0.225625
vt 0.584466 0.294271
vt 0.581161 0.29314
vt 0.580424 0.300484
vt 0.577225 0.306282
vt 0.578662 0.306702
vt 0.563221 0.312126
vt 0.56218 0.316583
vt 0.552273 0.300679
vt 0.575649 0.320196
vt 0.588385 0.325327
vt 0.580711 0.336994
vt 0.564891 0.300641
vt 0.595257 0.31269
vt 0.572816 0.333851
vt 0.576205 0.349885
vt 0.56723 0.346295
vt 0.559485 0.329259
vt 0.551795 0.300581
vt 0.566386 0.27763
vt 0.552814 0.280634
vt 0.554581 0.341404
vt 0.548398 0.314698
vt 0.567373 0.290227
vt 0.556101 0.290269
vt 0.502652 0.387995
vt 0.504749 0.373815
vt 0.516266 0.389145
vt 0.490644 0.389145
vt 0.517496 0.380036
vt 0.486392 0.375665
vt 0.504758 0.373749
vt 0.505299 0.373883
vt 0.960871 0.510931
vt 0.946466 0.500389
vt 0.952609 0.521625
vt 0.963461 0.529768
vt 0.953114 0.543391
vt 0.94322 0.532761
vt 0.971768 0.519047
vt 0.937523 0.512868
vt 0.937652 0.551883
vt 0.931711 0.533721
vt 0.928044 0.536294
vt 0.980949 0.506357
vt 0.963105 0.493061
vt 0.941186 0.558952
vt 0.972459 0.495966
vt 0.948805 0.481524
vt 0.959927 0.555248
vt 0.947598 0.563774
vt 0.962319 0.557508
vt 0.961833 0.554267
vt 0.977784 0.546388
vt 0.980949 0.560762
vt 0.939979 0.566975
vt 0.963149 0.492245
vt 0.920756 0.559883
vt 0.921355 0.562371
vt 0.914874 0.561423
vt 0.917275 0.546888
vt 0.915071 0.547434
vt 0.8993 0.550382
vt 0.902997 0.536717
vt 0.906225 0.56513
vt 0.955451 0.544353
vt 0.937387 0.553061
vt 0.903416 0.534114
vt 0.920638 0.529799
vt 0.927423 0.536279
vt 0.936063 0.52607
vt 0.930248 0.544027
vt 0.06493 0.551578
vt 0.0633748 0.551578
vt 0.0639901 0.54542
vt 0.50165 0.0634868
vt 0.50174 0.0826521
vt 0.493899 0.0764723
vt 0.497047 0.0652744
vt 0.484785 0.0588968
vt 0.492524 0.0863309
vt 0.4952 0.0998775
vt 0.479393 0.0893231
vt 0.509237 0.09428
vt 0.482087 0.102771
vt 0.489884 0.0600498
vt 0.513966 0.0752166
vt 0.479817 0.0743601
vt 0.496588 0.0572436
vt 0.499379 0.0479505
vt 0.506073 0.0451497
vt 0.512189 0.0628792
vt 0.514762 0.0481649
vt 0.525434 0.0587938
vt 0.529196 0.0727272
vt 0.501965 0.0422305
vt 0.483363 0.046334
vt 0.491419 0.0518781
vt 0.530739 0.0667146
vt 0.535542 0.071245
vt 0.532804 0.0555931
vt 0.525297 0.0823926
vt 0.5439 0.0784978
vt 0.545503 0.069761
vt 0.552095 0.0850454
vt 0.556267 0.0666638
vt 0.5484 0.0593201
vt 0.557073 0.0856965
vt 0.561444 0.0691696
vt 0.572092 0.0844204
vt 0.550004 0.0516431
vt 0.561229 0.0484831
vt 0.552892 0.0403798
vt 0.549464 0.0357842
vt 0.574041 0.0771069
vt 0.579756 0.082241
vt 0.592146 0.0770188
vt 0.535586 0.0890079
vt 0.579419 0.0632939
vt 0.592969 0.074049
vt 0.565776 0.0613834
vt 0.601404 0.0777556
vt 0.514924 0.0460548
vt 0.61024 0.0626499
vt 0.605701 0.0786937
vt 0.621695 0.0726629
vt 0.541267 0.0532335
vt 0.534833 0.0460964
vt 0.534671 0.0400771
vt 0.517524 0.0297815
vt 0.520737 0.0288499
vt 0.518316 0.026542
vt 0.538876 0.0252154
vt 0.535999 0.0227098
vt 0.481775 0.0532739
vt 0.532013 0.04084
vt 0.515931 0.0905073
vt 0.517811 0.0810152
vt 0.545079 0.0957653
vt 0.555821 0.102771
vt 0.515613 0.0745432
vt 0.567265 0.0567732
vt 0.570462 0.0600575
vt 0.00194401 0.614348
vt 0.00894245 0.619323
vt 0.00894246 0.600077
vt 0.290435 0.740185
vt 0.275848 0.750962
vt 0.275661 0.743212
vt 0.289878 0.750962
vt 0.21112 0.817167
vt 0.195568 0.817167
vt 0.20613 0.801001
vt 0.508501 0.79747
vt 0.525803 0.793617
vt 0.528032 0.80639
vt 0.508734 0.796757
vt 0.523145 0.780997
vt 0.527757 0.79324
vt 0.507265 0.78389
vt 0.522337 0.771393
vt 0.519968 0.76808
vt 0.523194 0.767423
vt 0.503777 0.784459
vt 0.498436 0.798289
vt 0.526272 0.752259
vt 0.511135 0.755357
vt 0.539234 0.753919
vt 0.502137 0.771665
vt 0.487362 0.773846
vt 0.504674 0.771646
vt 0.537564 0.767116
vt 0.524402 0.73945
vt 0.53446 0.782107
vt 0.487904 0.787071
vt 0.497288 0.799285
vt 0.485621 0.761072
vt 0.528889 0.78064
vt 0.539881 0.771602
vt 0.543102 0.781043
vt 0.542225 0.767131
vt 0.548855 0.793036
vt 0.548223 0.795926
vt 0.5351 0.795822
vt 0.529678 0.805999
vt 0.528328 0.806257
vt 0.552869 0.796713
vt 0.487115 0.784372
vt 0.542509 0.804055
vt 0.554707 0.780965
vt 0.540123 0.762592
vt 0.551922 0.752644
vt 0.551911 0.75252
vt 0.554716 0.752368
vt 0.564386 0.782377
vt 0.556827 0.767776
vt 0.555881 0.755053
vt 0.557952 0.769862
vt 0.560886 0.755227
vt 0.559006 0.76779
vt 0.558624 0.747392
vt 0.572975 0.741586
vt 0.560381 0.74192
vt 0.568643 0.73193
vt 0.585472 0.738093
vt 0.558068 0.742152
vt 0.543515 0.743358
vt 0.568405 0.727756
vt 0.575687 0.754822
vt 0.556396 0.729706
vt 0.539467 0.736703
vt 0.536322 0.743821
vt 0.539751 0.730198
vt 0.49964 0.760302
vt 0.589017 0.751336
vt 0.59884 0.734621
vt 0.602381 0.747863
vt 0.603444 0.747636
vt 0.600635 0.734236
vt 0.615654 0.730967
vt 0.617186 0.745501
vt 0.624003 0.727876
vt 0.632948 0.739834
vt 0.616505 0.748185
vt 0.634663 0.741216
vt 0.629813 0.758934
vt 0.613549 0.765392
vt 0.619286 0.777865
vt 0.606688 0.783745
vt 0.608889 0.767078
vt 0.624511 0.793005
vt 0.634266 0.776858
vt 0.60936 0.79883
vt 0.623442 0.798754
vt 0.603344 0.78062
vt 0.595943 0.767655
vt 0.586845 0.781923
vt 0.581713 0.772018
vt 0.597643 0.759099
vt 0.60214 0.783293
vt 0.632409 0.757669
vt 0.637581 0.770408
vt 0.647155 0.751327
vt 0.653538 0.763233
vt 0.644758 0.782044
vt 0.657465 0.776351
vt 0.656144 0.789919
vt 0.539503 0.748141
vt 0.487574 0.78712
vt 0.509443 0.741983
vt 0.495257 0.746786
vt 0.493977 0.760284
vt 0.494105 0.759408
vt 0.493829 0.759445
vt 0.49198 0.748173
vt 0.493039 0.748072
vt 0.481495 0.737299
vt 0.492451 0.736682
vt 0.480949 0.736875
vt 0.579401 0.727098
vt 0.630442 0.793155
vt 0.642995 0.806257
vt 0.634771 0.802681
vt 0.260109 0.395888
vt 0.274106 0.383757
vt 0.260151 0.387573
vt 0.274106 0.399153
vt 0.239891 0.19515
vt 0.235376 0.186318
vt 0.226672 0.185526
vt 0.239891 0.178984
vt 0.0378072 0.668965
vt 0.0546264 0.677829
vt 0.0361586 0.677829
vt 0.0548212 0.668591
vt 0.132073 0.999598
vt 0.118585 0.999615
vt 0.132075 0.985769
vt 0.145554 0.999615
vt 0.145536 0.985758
vt 0.15902 0.985794
vt 0.210602 0.257999
vt 0.226653 0.259745
vt 0.208787 0.252962
vt 0.226672 0.245958
vt 0.226672 0.259815
vt 0.0115706 0.748213
vt 0.0104977 0.747683
vt 0.0109907 0.748592
vt 0.015554 0.735566
vt 0.0213841 0.738014
vt 0.0213841 0.756996
vt 0.0186286 0.75943
vt 0.781551 0.588643
vt 0.77295 0.600077
vt 0.770218 0.58545
vt 0.789658 0.600077
vt 0.466952 0.997306
vt 0.478765 0.990377
vt 0.479955 0.993662
vt 0.496501 0.997306
vt 0.8021 0.608545
vt 0.804947 0.603926
vt 0.812208 0.608545
vt 0.977528 0.889525
vt 0.995723 0.884535
vt 0.979735 0.87624
vt 0.995649 0.889312
vt 0.995723 0.902249
vt 0.977636 0.902461
vt 0.986889 0.917923
vt 0.983453 0.920098
vt 0.970995 0.920032
vt 0.965077 0.905032
vt 0.978118 0.933933
vt 0.97582 0.933952
vt 0.964243 0.932123
vt 0.961349 0.94543
vt 0.948654 0.932282
vt 0.948762 0.919341
vt 0.951749 0.945518
vt 0.935768 0.934825
vt 0.937642 0.94763
vt 0.92281 0.936694
vt 0.924685 0.949577
vt 0.934181 0.921149
vt 0.97041 0.946692
vt 0.980855 0.947688
vt 0.988122 0.919807
vt 0.922431 0.934357
vt 0.924307 0.922715
vt 0.933691 0.918195
vt 0.930883 0.905516
vt 0.941367 0.907682
vt 0.941614 0.889139
vt 0.946828 0.903987
vt 0.957329 0.889411
vt 0.958967 0.894056
vt 0.962218 0.890333
vt 0.956313 0.874904
vt 0.968697 0.8772
vt 0.941791 0.875106
vt 0.920295 0.922948
vt 0.947085 0.906443
vt 0.964879 0.919213
vt 0.963525 0.907048
vt 0.714751 0.0394864
vt 0.732893 0.0472623
vt 0.730249 0.0332536
vt 0.719295 0.051963
vt 0.730372 0.0284607
vt 0.715079 0.0212322
vt 0.732893 0.0134719
vt 0.71423 0.0398287
vt 0.714925 0.021146
vt 0.715153 0.0209275
vt 0.138602 0.428518
vt 0.152022 0.429176
vt 0.152022 0.428406
vt 0.138601 0.428854
vt 0.133359 0.42866
vt 0.102602 0.469205
vt 0.104726 0.45406
vt 0.118859 0.466949
vt 0.113542 0.483368
vt 0.13243 0.479853
vt 0.101048 0.474848
vt 0.0997896 0.483946
vt 0.113141 0.486129
vt 0.110921 0.501041
vt 0.125811 0.500332
vt 0.126737 0.486786
vt 0.0972211 0.497492
vt 0.0837876 0.494328
vt 0.1189 0.466518
vt 0.109967 0.453695
vt 0.139317 0.501159
vt 0.140229 0.487697
vt 0.152813 0.502032
vt 0.0960215 0.510413
vt 0.0822058 0.511255
vt 0.0673605 0.504414
vt 0.151488 0.519561
vt 0.15342 0.493468
vt 0.142789 0.487846
vt 0.154735 0.486658
vt 0.122158 0.451125
vt 0.129056 0.449948
vt 0.136864 0.458273
vt 0.0970147 0.483293
vt 0.121818 0.5156
vt 0.140219 0.447652
vt 0.149188 0.465122
vt 0.15431 0.448972
vt 0.162051 0.469258
vt 0.167255 0.452851
vt 0.135639 0.46368
vt 0.179557 0.465678
vt 0.136893 0.518379
vt 0.0706754 0.490826
vt 0.0540827 0.500271
vt 0.0624879 0.517282
vt 0.0496498 0.51295
vt 0.058223 0.530136
vt 0.0451861 0.525591
vt 0.0415441 0.540545
vt 0.0782808 0.524253
vt 0.0280461 0.534069
vt 0.0439793 0.525112
vt 0.0244946 0.549269
vt 0.109949 0.508179
vt 0.063414 0.488855
vt 0.0556086 0.494437
vt 0.16505 0.519791
vt 0.151453 0.520024
vt 0.164924 0.5212
vt 0.0715374 0.536009
vt 0.164954 0.490737
vt 0.157392 0.477995
vt 0.166269 0.504008
vt 0.161895 0.472665
vt 0.0722817 0.484976
vt 0.163644 0.535397
vt 0.177232 0.536086
vt 0.175464 0.549269
vt 0.162156 0.545964
vt 0.191351 0.536402
vt 0.189069 0.534817
vt 0.17755 0.522375
vt 0.149319 0.539258
vt 0.0495087 0.512896
vt 0.191777 0.534004
vt 0.180051 0.466054
vt 0.173983 0.479642
vt 0.186086 0.486097
vt 0.170558 0.488851
vt 0.183753 0.492111
vt 0.148541 0.468442
vt 0.204627 0.542979
vt 0.190274 0.520052
vt 0.0526848 0.499792
vt 0.206456 0.53126
vt 0.140285 0.487284
vt 0.126739 0.486742
vt 0.0843692 0.491314
vt 0.142758 0.477589
vt 0.188418 0.500607
vt 0.175267 0.50511
vt 0.174381 0.503479
vt 0.182519 0.51857
vt 0.194727 0.510485
vt 0.189247 0.517945
vt 0.18587 0.523568
vt 0.19856 0.515994
vt 0.19988 0.4993
vt 0.200554 0.486097
vt 0.213942 0.499416
vt 0.214109 0.486301
vt 0.227354 0.486468
vt 0.224968 0.499557
vt 0.227197 0.498898
vt 0.227366 0.485681
vt 0.228227 0.486437
vt 0.214165 0.485236
vt 0.174239 0.50509
vt 0.173353 0.51834
vt 0.204905 0.517236
vt 0.218708 0.515797
vt 0.218397 0.513305
vt 0.222796 0.531483
vt 0.20463 0.513515
vt 0.148102 0.538913
vt 0.16438 0.497433
vt 0.219699 0.536496
vt 0.137283 0.520375
vt 0.135058 0.534845
vt 0.126429 0.527418
vt 0.121537 0.522816
vt 0.122907 0.529963
vt 0.115584 0.534701
vt 0.121847 0.537689
vt 0.222006 0.964203
vt 0.202647 0.960763
vt 0.202651 0.961161
vt 0.220815 0.958806
vt 0.210616 0.944014
vt 0.222006 0.936951
vt 0.203527 0.932681
vt 0.192048 0.93991
vt 0.190902 0.937374
vt 0.203509 0.93264
vt 0.202469 0.96072
vt 0.521574 0.271876
vt 0.535381 0.277077
vt 0.528694 0.260145
vt 0.531405 0.289838
vt 0.515385 0.253956
vt 0.535381 0.248398
vt 0.521591 0.242109
vt 0.51478 0.253705
vt 0.513833 0.256179
vt 0.515504 0.283864
vt 0.51283 0.267844
vt 0.95536 0.988105
vt 0.959878 0.984716
vt 0.972252 0.991917
vt 0.967055 0.978348
vt 0.963181 0.967424
vt 0.954183 0.985949
vt 0.977838 0.967397
vt 0.961401 0.961124
vt 0.957078 0.966068
vt 0.948831 0.970655
vt 0.936042 0.975481
vt 0.931182 0.962549
vt 0.941328 0.990567
vt 0.941794 0.991917
vt 0.405507 0.961894
vt 0.405521 0.964203
vt 0.391524 0.964203
vt 0.531982 0.422248
vt 0.543157 0.429946
vt 0.52605 0.429946
vt 0.267885 0.306774
vt 0.253888 0.306774
vt 0.253922 0.306005
vt 0.407159 0.601566
vt 0.421073 0.58622
vt 0.407076 0.588382
vt 0.421073 0.603156
vt 0.805621 0.0913383
vt 0.807321 0.105575
vt 0.806055 0.0906124
vt 0.822151 0.0934712
vt 0.791224 0.0954833
vt 0.821789 0.107036
vt 0.83528 0.107519
vt 0.834756 0.120816
vt 0.848256 0.121375
vt 0.847576 0.134755
vt 0.861803 0.122239
vt 0.835835 0.0942039
vt 0.794138 0.108556
vt 0.820605 0.120309
vt 0.822692 0.0801495
vt 0.808766 0.0798752
vt 0.808922 0.066579
vt 0.813247 0.0661779
vt 0.823435 0.073297
vt 0.844886 0.134637
vt 0.83439 0.127945
vt 0.848953 0.108022
vt 0.824401 0.0622926
vt 0.838259 0.0612774
vt 0.836814 0.0766216
vt 0.851119 0.0606009
vt 0.85193 0.0593628
vt 0.851174 0.0472675
vt 0.837654 0.0479586
vt 0.836954 0.034687
vt 0.850469 0.0339958
vt 0.836358 0.0213543
vt 0.850038 0.0205076
vt 0.835572 0.00808314
vt 0.824016 0.0487233
vt 0.781882 0.0967247
vt 0.782701 0.110059
vt 0.838036 0.0785341
vt 0.86183 0.122776
vt 0.833022 0.135801
vt 0.858457 0.0468408
vt 0.864308 0.0410358
vt 0.827182 0.131643
vt 0.823166 0.143257
vt 0.821682 0.144787
vt 0.795855 0.121738
vt 0.784591 0.123219
vt 0.791655 0.133101
vt 0.863889 0.0333235
vt 0.848107 0.134798
vt 0.864308 0.139184
vt 0.821903 0.144969
vt 0.847567 0.135035
vt 0.804554 0.090786
vt 0.81292 0.154892
vt 0.805578 0.0905807
vt 0.81111 0.135965
vt 0.802521 0.146358
vt 0.80039 0.125684
vt 0.790485 0.134747
vt 0.80431 0.165127
vt 0.809214 0.115574
vt 0.79859 0.123893
vt 0.808277 0.114632
vt 0.810889 0.112134
vt 0.837614 0.093883
vt 0.809427 0.0526149
vt 0.80626 0.0532182
vt 0.805556 0.0479521
vt 0.820328 0.128506
vt 0.807901 0.0366312
vt 0.805533 0.0903724
vt 0.120376 0.643187
vt 0.118875 0.657026
vt 0.104305 0.655482
vt 0.13432 0.644692
vt 0.103033 0.669361
vt 0.121274 0.669361
vt 0.134914 0.66624
vt 0.132657 0.656166
vt 0.836712 0.369728
vt 0.823607 0.362972
vt 0.823075 0.36543
vt 0.837021 0.363899
vt 0.850311 0.367184
vt 0.822052 0.382987
vt 0.808614 0.38277
vt 0.809698 0.364268
vt 0.803655 0.382594
vt 0.806091 0.363958
vt 0.836467 0.380304
vt 0.850311 0.382927
vt 0.410187 0.10739
vt 0.390747 0.10739
vt 0.401724 0.0927637
vt 0.402112 0.0928753
vt 0.473596 0.226074
vt 0.473661 0.225924
vt 0.472638 0.225647
vt 0.458045 0.228367
vt 0.483689 0.230302
vt 0.486079 0.230551
vt 0.479959 0.244759
vt 0.491173 0.219014
vt 0.479085 0.213517
vt 0.496642 0.204856
vt 0.484075 0.200642
vt 0.500902 0.204553
vt 0.488266 0.187952
vt 0.478146 0.18324
vt 0.481807 0.170287
vt 0.496139 0.176836
vt 0.499186 0.178229
vt 0.47386 0.180949
vt 0.497303 0.191321
vt 0.492552 0.220705
vt 0.469642 0.201132
vt 0.480162 0.169409
vt 0.465599 0.161733
vt 0.460779 0.174414
vt 0.473796 0.150864
vt 0.465298 0.146682
vt 0.486136 0.157602
vt 0.461599 0.159573
vt 0.467581 0.192517
vt 0.494231 0.161916
vt 0.467343 0.24039
vt 0.475267 0.257204
vt 0.463135 0.248803
vt 0.453113 0.238697
vt 0.493458 0.248618
vt 0.461154 0.253344
vt 0.448988 0.248147
vt 0.460831 0.254091
vt 0.45558 0.237196
vt 0.443999 0.259611
vt 0.443239 0.259984
vt 0.426856 0.251783
vt 0.43947 0.239023
vt 0.448707 0.229559
vt 0.421991 0.234591
vt 0.409501 0.24271
vt 0.412303 0.251839
vt 0.420316 0.254757
vt 0.41364 0.26036
vt 0.396206 0.253557
vt 0.39822 0.2641
vt 0.405577 0.266647
vt 0.418455 0.273931
vt 0.430926 0.269134
vt 0.399412 0.271594
vt 0.40249 0.248762
vt 0.415829 0.235202
vt 0.419174 0.274157
vt 0.432567 0.27354
vt 0.443921 0.278039
vt 0.434777 0.285195
vt 0.454962 0.286589
vt 0.440865 0.297613
vt 0.423012 0.291661
vt 0.448354 0.275356
vt 0.428161 0.220382
vt 0.466473 0.255499
vt 0.427498 0.254384
vt 0.443841 0.260434
vt 0.455249 0.286669
vt 0.445245 0.304089
vt 0.458893 0.303347
vt 0.472033 0.290122
vt 0.461653 0.304098
vt 0.472844 0.293075
vt 0.474983 0.290923
vt 0.473618 0.304747
vt 0.446981 0.311252
vt 0.486052 0.307368
vt 0.459629 0.306081
vt 0.418191 0.274707
vt 0.452977 0.185605
vt 0.46382 0.322344
vt 0.452471 0.17022
vt 0.451941 0.141349
vt 0.455959 0.284847
vt 0.476723 0.317092
vt 0.477912 0.322443
vt 0.494926 0.323214
vt 0.492242 0.326027
vt 0.494834 0.326168
vt 0.513146 0.32861
vt 0.503225 0.311931
vt 0.501953 0.343127
vt 0.52143 0.33437
vt 0.521861 0.342786
vt 0.525779 0.335549
vt 0.538638 0.352766
vt 0.520586 0.348387
vt 0.520408 0.348343
vt 0.508646 0.362807
vt 0.526901 0.365862
vt 0.544321 0.37018
vt 0.527165 0.36652
vt 0.550273 0.358659
vt 0.532703 0.382983
vt 0.54677 0.371646
vt 0.560813 0.367666
vt 0.536011 0.386678
vt 0.549117 0.385015
vt 0.55779 0.385393
vt 0.553185 0.392667
vt 0.568677 0.386423
vt 0.572796 0.380962
vt 0.571971 0.372777
vt 0.575175 0.387361
vt 0.571405 0.392391
vt 0.559085 0.375234
vt 0.501957 0.344441
vt 0.481776 0.336356
vt 0.458652 0.271233
vt 0.449206 0.183894
vt 0.433688 0.17747
vt 0.433963 0.175507
vt 0.432785 0.176986
vt 0.416006 0.168876
vt 0.416277 0.167882
vt 0.415526 0.168673
vt 0.401932 0.17867
vt 0.399659 0.16051
vt 0.398256 0.176865
vt 0.398307 0.180562
vt 0.383057 0.187739
vt 0.39748 0.193812
vt 0.412919 0.194691
vt 0.38297 0.170217
vt 0.412651 0.181899
vt 0.433139 0.15967
vt 0.429344 0.157968
vt 0.429302 0.190354
vt 0.442581 0.196661
vt 0.437532 0.146734
vt 0.449758 0.187882
vt 0.448169 0.199407
vt 0.416189 0.151714
vt 0.420594 0.138953
vt 0.43665 0.146455
vt 0.425203 0.188279
vt 0.446498 0.166219
vt 0.561914 0.403986
vt 0.574158 0.400069
vt 0.562028 0.404295
vt 0.453382 0.154736
vt 0.504786 0.216716
vt 0.519353 0.210909
vt 0.516917 0.226347
vt 0.515678 0.198673
vt 0.522187 0.210246
vt 0.533509 0.2191
vt 0.536679 0.203895
vt 0.530532 0.192496
vt 0.534748 0.197653
vt 0.533597 0.191126
vt 0.52085 0.182094
vt 0.532191 0.176952
vt 0.514177 0.171082
vt 0.528103 0.164781
vt 0.53119 0.163459
vt 0.545917 0.185288
vt 0.551222 0.190209
vt 0.551055 0.18304
vt 0.561159 0.178028
vt 0.568164 0.183806
vt 0.553537 0.167357
vt 0.548307 0.169892
vt 0.547058 0.156332
vt 0.554511 0.196086
vt 0.552272 0.197197
vt 0.569799 0.189386
vt 0.572814 0.188298
vt 0.582138 0.171201
vt 0.584726 0.182666
vt 0.59187 0.179744
vt 0.599498 0.175922
vt 0.599137 0.184213
vt 0.613142 0.172343
vt 0.598189 0.162216
vt 0.612414 0.188932
vt 0.584581 0.195289
vt 0.582649 0.168153
vt 0.580299 0.154414
vt 0.571937 0.157922
vt 0.565239 0.146346
vt 0.576549 0.141594
vt 0.54778 0.21007
vt 0.568646 0.206078
vt 0.56475 0.161363
vt 0.568868 0.174355
vt 0.515677 0.184422
vt 0.51163 0.172226
vt 0.543565 0.158041
vt 0.537469 0.174713
vt 0.537821 0.202663
vt 0.516037 0.198979
vt 0.491353 0.309444
vt 0.406669 0.233666
vt 0.560053 0.14908
vt 0.394953 0.246293
vt 0.486127 0.231597
vt 0.589411 0.398316
vt 0.498678 0.198671
vt 0.403825 0.286074
vt 0.469717 0.274609
vt 0.58843 0.386698
vt 0.601124 0.397378
vt 0.602034 0.409022
vt 0.613142 0.396701
vt 0.585132 0.41301
vt 0.50387 0.193646
vt 0.511935 0.183651
vt 0.514631 0.184768
vt 0.460259 0.20958
vt 0.511168 0.195772
vt 0.580833 0.169519
vt 0.453357 0.236357
vt 0.412118 0.208027
vt 0.485242 0.284142
vt 0.441573 0.216089
vt 0.528708 0.901848
vt 0.523717 0.896481
vt 0.532154 0.881877
vt 0.542552 0.894365
vt 0.548347 0.882633
vt 0.550948 0.877213
vt 0.553908 0.901848
vt 0.561042 0.887394
vt 0.532091 0.881884
vt 0.532119 0.881851
vt 0.921073 0.676607
vt 0.921077 0.689177
vt 0.93507 0.67552
vt 0.93507 0.690146
vt 0.953732 0.575511
vt 0.970062 0.58545
vt 0.970062 0.570054
vt 0.984712 0.0966128
vt 0.984059 0.110842
vt 0.987947 0.109771
vt 0.987947 0.124326
vt 0.725661 0.494455
vt 0.733787 0.508468
vt 0.715008 0.503577
vt 0.743274 0.493762
vt 0.752934 0.508468
vt 0.742873 0.49308
vt 0.743666 0.493072
vt 0.760886 0.494238
vt 0.0361586 0.856392
vt 0.0271998 0.864896
vt 0.0246074 0.852579
vt 0.00972006 0.864896
vt 0.0100461 0.853606
vt 0.25 0.521966
vt 0.260229 0.531592
vt 0.250565 0.518155
vt 0.264705 0.513087
vt 0.264775 0.531218
vt 0.264705 0.538491
vt 0.997232 0.742494
vt 0.987947 0.756351
vt 0.988514 0.742509
vt 0.998056 0.756351
vt 0.290169 0.0937188
vt 0.285564 0.112294
vt 0.2757 0.102234
vt 0.296806 0.105445
vt 0.26937 0.0903042
vt 0.282029 0.0826458
vt 0.301613 0.0860926
vt 0.293379 0.0749934
vt 0.274865 0.0742941
vt 0.284179 0.0643144
vt 0.309062 0.0978454
vt 0.304502 0.0671349
vt 0.267596 0.0880665
vt 0.293367 0.0541533
vt 0.315057 0.0587063
vt 0.323638 0.0691763
vt 0.334151 0.0607136
vt 0.325492 0.0500315
vt 0.304482 0.0453392
vt 0.344707 0.0523038
vt 0.339535 0.0673526
vt 0.349629 0.0583722
vt 0.354727 0.0644621
vt 0.334601 0.0775807
vt 0.334644 0.036457
vt 0.36545 0.0524722
vt 0.3554 0.0428811
vt 0.29297 0.0536641
vt 0.332128 0.0795933
vt 0.365116 0.0358092
vt 0.282243 0.061882
vt 0.335515 0.0360331
vt 0.359878 0.0577863
vt 0.344258 0.0723666
vt 0.370465 0.0493579
vt 0.377393 0.0683096
vt 0.380658 0.0537458
vt 0.366651 0.0685104
vt 0.36425 0.0821739
vt 0.363644 0.0719416
vt 0.378816 0.0822683
vt 0.392672 0.0797616
vt 0.391468 0.0671031
vt 0.350693 0.0828318
vt 0.350178 0.0737044
vt 0.379672 0.0462853
vt 0.275139 0.101387
vt 0.275666 0.102251
vt 0.281683 0.114367
vt 0.26353 0.108288
vt 0.25749 0.0962534
vt 0.245367 0.102245
vt 0.251216 0.115089
vt 0.239328 0.0902198
vt 0.233144 0.10823
vt 0.251453 0.0842372
vt 0.227239 0.0961141
vt 0.233293 0.0782026
vt 0.263587 0.0782529
vt 0.245426 0.072209
vt 0.257606 0.0660973
vt 0.239486 0.0598716
vt 0.252276 0.049465
vt 0.253014 0.0495889
vt 0.270382 0.0582779
vt 0.236137 0.0457473
vt 0.222425 0.047116
vt 0.268781 0.0518025
vt 0.281209 0.0522197
vt 0.283137 0.0514771
vt 0.283202 0.0516996
vt 0.266565 0.0361671
vt 0.265875 0.0360499
vt 0.266477 0.0353094
vt 0.279715 0.0278146
vt 0.263728 0.0188275
vt 0.278237 0.0199152
vt 0.287791 0.0319122
vt 0.297145 0.0240468
vt 0.299431 0.035718
vt 0.312826 0.0336097
vt 0.310364 0.0210449
vt 0.32608 0.0257989
vt 0.313397 0.0386509
vt 0.325604 0.0233695
vt 0.328314 0.0241085
vt 0.339253 0.0177233
vt 0.337211 0.00732591
vt 0.344479 0.0312088
vt 0.357004 0.0259404
vt 0.343969 0.0315155
vt 0.346866 0.010174
vt 0.324013 0.00821973
vt 0.30058 0.0414726
vt 0.32655 0.0379561
vt 0.34462 0.0316621
vt 0.249012 0.0317301
vt 0.23523 0.0397306
vt 0.227027 0.065373
vt 0.284312 0.0427581
vt 0.357894 0.0283956
vt 0.369922 0.0138103
vt 0.374361 0.0323226
vt 0.312857 0.077861
vt 0.215126 0.101957
vt 0.209237 0.0899495
vt 0.196977 0.0959037
vt 0.191061 0.0839126
vt 0.183335 0.102578
vt 0.177039 0.0907665
vt 0.184052 0.0723976
vt 0.169903 0.0793392
vt 0.174331 0.0612161
vt 0.193997 0.0633409
vt 0.17793 0.0561404
vt 0.185551 0.0528092
vt 0.171946 0.0579801
vt 0.203337 0.0529531
vt 0.199812 0.0481836
vt 0.192818 0.0400227
vt 0.183634 0.0508108
vt 0.167889 0.0641497
vt 0.169305 0.0796183
vt 0.174614 0.0919646
vt 0.156853 0.0851122
vt 0.151509 0.0728147
vt 0.138898 0.078469
vt 0.133841 0.0657587
vt 0.146234 0.0605324
vt 0.121335 0.0711103
vt 0.116188 0.0586614
vt 0.103739 0.0637695
vt 0.0985954 0.0514262
vt 0.111298 0.0457267
vt 0.0935988 0.0387115
vt 0.0809517 0.0443053
vt 0.0764676 0.0274966
vt 0.0904588 0.0267028
vt 0.0885551 0.0129073
vt 0.102595 0.0121535
vt 0.106941 0.0237934
vt 0.115814 0.0138396
vt 0.109541 0.0300778
vt 0.0825094 0.0134571
vt 0.0760004 0.0235256
vt 0.0724948 0.0124838
vt 0.0602866 0.0270146
vt 0.11931 0.0133032
vt 0.125275 0.0305418
vt 0.132774 0.0106346
vt 0.137501 0.024145
vt 0.125575 0.0306162
vt 0.148196 0.0126759
vt 0.139275 0.0286429
vt 0.14382 0.0412639
vt 0.156033 0.0346437
vt 0.153105 0.0264368
vt 0.161919 0.0481384
vt 0.163012 0.0276433
vt 0.168078 0.0233614
vt 0.163882 0.0104854
vt 0.177172 0.0124499
vt 0.168801 0.0268858
vt 0.149546 0.0120709
vt 0.181191 0.0125045
vt 0.1836 0.0268393
vt 0.198633 0.0142229
vt 0.199402 0.00966506
vt 0.198338 0.00049698
vt 0.202386 0.00094178
vt 0.191925 0.0278138
vt 0.201298 0.0284515
vt 0.199067 0.0142306
vt 0.07336 0.0277245
vt 0.0638884 0.0366413
vt 0.125371 0.0308282
vt 0.103009 0.0296846
vt 0.0860744 0.0566054
vt 0.129354 0.0520271
vt 0.203052 0.0762839
vt 0.212959 0.0134109
vt 0.217192 0.0266238
vt 0.227809 0.015909
vt 0.217856 0.0304706
vt 0.227537 0.00214318
vt 0.216561 0.000384911
vt 0.21238 0.0306753
vt 0.230342 0.0162937
vt 0.351787 0.0316353
vt 0.231721 0.0300373
vt 0.247775 0.0177509
vt 0.243633 0.03104
vt 0.248181 0.00441549
vt 0.0913656 0.0689311
vt 0.079034 0.0742478
vt 0.0847882 0.0571201
vt 0.0764733 0.0688085
vt 0.0709261 0.0596046
vt 0.232765 0.00319711
vt 0.252795 0.0489557
vt 0.352853 0.0096966
vt 0.182284 0.036238
vt 0.222204 0.0464446
vt 0.24966 0.0178619
vt 0.356209 0.071434
vt 0.316068 0.110057
vt 0.328174 0.102881
vt 0.335218 0.115858
vt 0.347296 0.108153
vt 0.340284 0.0959285
vt 0.359392 0.101112
vt 0.352395 0.0889895
vt 0.163267 0.0676422
vt 0.321209 0.0898935
vt 0.349803 0.0830165
vt 0.281294 0.0347389
vt 0.273622 0.0713747
vt 0.0731892 0.0471283
vt 0.303572 0.0449655
vt 0.393003 0.0583984
vt 0.400327 0.0643553
vt 0.394263 0.0502896
vt 0.410692 0.058958
vt 0.405828 0.0466695
vt 0.410905 0.0541356
vt 0.40884 0.0458964
vt 0.406099 0.0286482
vt 0.424251 0.0550702
vt 0.421281 0.0426299
vt 0.397851 0.0367028
vt 0.407737 0.0722384
vt 0.436717 0.0517614
vt 0.434649 0.0378408
vt 0.420858 0.0281915
vt 0.42757 0.0672319
vt 0.438375 0.064607
vt 0.439887 0.064069
vt 0.450465 0.0462009
vt 0.455461 0.0547642
vt 0.454046 0.0445459
vt 0.440584 0.0353251
vt 0.418057 0.057436
vt 0.411645 0.0756476
vt 0.40691 0.0282013
vt 0.420459 0.0257589
vt 0.406875 0.0279854
vt 0.434043 0.0235494
vt 0.418232 0.0122019
vt 0.404628 0.0145232
vt 0.391054 0.016778
vt 0.391092 0.0171333
vt 0.390452 0.016885
vt 0.375594 0.00708375
vt 0.375606 0.0295397
vt 0.374915 0.0235366
vt 0.0683793 0.0463374
vt 0.0539147 0.0460357
vt 0.0528544 0.043868
vt 0.0497711 0.0458141
vt 0.0351289 0.0328398
vt 0.0354772 0.0323529
vt 0.0348738 0.0323018
vt 0.044634 0.0184043
vt 0.0294516 0.0177259
vt 0.0193737 0.0323119
vt 0.0249859 0.0458011
vt 0.00950713 0.046934
vt 0.0236829 0.0474236
vt 0.0148715 0.0583653
vt 0.0324436 0.0613209
vt 0.0275553 0.0654256
vt 0.0188133 0.0646789
vt 0.000388802 0.0637972
vt 0.0222274 0.0723718
vt 0.0075696 0.0703454
vt 0.0398415 0.074501
vt 0.0360736 0.0663542
vt 0.0298232 0.0841661
vt 0.0300395 0.0844192
vt 0.0255165 0.0472803
vt 0.0587203 0.0589725
vt 0.210694 0.0466509
vt 0.0382407 0.0454182
vt 0.0473386 0.0290622
vt 0.0449518 0.0674215
vt 0.0498854 0.0632644
vt 0.427134 0.0684105
vt 0.411683 0.0807905
vt 0.42931 0.0844139
vt 0.427527 0.0688725
vt 0.442457 0.0782799
vt 0.433986 0.0975529
vt 0.451079 0.0673463
vt 0.451588 0.0883826
vt 0.407005 0.0771274
vt 0.435053 0.0320062
vt 0.450431 0.0324375
vt 0.0422914 0.0543539
vt 0.45215 0.0881589
vt 0.451197 0.06742
vt 0.453277 0.0883061
vt 0.464619 0.105185
vt 0.221704 0.08407
vt 0.215067 0.0695569
vt 0.169646 0.0448112
vt 0.390642 0.0397463
vt 0.0129912 0.0802949
vt 0.0133359 0.0834306
vt 0.0297996 0.0842185
vt 0.0203959 0.0977758
vt 0.0377728 0.0957467
vt 0.0350475 0.100649
vt 0.0223244 0.0999213
vt 0.0283101 0.110896
vt 0.0123347 0.106813
vt 0.0173075 0.115858
vt 0.00556219 0.0959115
vt 0.364543 0.0628266
vt 0.374335 0.0350181
vt 0.0696365 0.0500432
vt 0.335077 0.0351763
vt 0.390638 0.0327216
vt 0.365168 0.0665645
vt 0.266228 0.0919097
vt 0.105365 0.558165
vt 0.0953918 0.548785
vt 0.0956889 0.567744
vt 0.0889688 0.561389
vt 0.0950853 0.549092
vt 0.0843701 0.557715
vt 0.0850387 0.538754
vt 0.0951001 0.548489
vt 0.0957857 0.530505
vt 0.104979 0.539836
vt 0.105365 0.521555
vt 0.909409 0.302155
vt 0.909409 0.28291
vt 0.908654 0.30143
vt 0.901633 0.290392
vt 0.739891 0.193376
vt 0.749222 0.185431
vt 0.748419 0.182063
vt 0.749222 0.203618
vt 0.745977 0.562596
vt 0.731709 0.549987
vt 0.732446 0.563143
vt 0.718103 0.54989
vt 0.71716 0.563035
vt 0.731756 0.576276
vt 0.717679 0.576178
vt 0.746026 0.576243
vt 0.724602 0.590274
vt 0.725007 0.535638
vt 0.707256 0.534545
vt 0.724872 0.535137
vt 0.704899 0.581729
vt 0.712877 0.596603
vt 0.725205 0.591405
vt 0.713172 0.597161
vt 0.719143 0.609024
vt 0.735365 0.60637
vt 0.729221 0.622088
vt 0.746177 0.62168
vt 0.748639 0.608461
vt 0.730616 0.623439
vt 0.736005 0.603688
vt 0.725127 0.535163
vt 0.743461 0.535142
vt 0.725047 0.533168
vt 0.728314 0.521555
vt 0.743843 0.522022
vt 0.748711 0.608461
vt 0.75157 0.622008
vt 0.762878 0.607123
vt 0.763997 0.623263
vt 0.760827 0.636259
vt 0.752083 0.635385
vt 0.759887 0.593485
vt 0.748677 0.608304
vt 0.756022 0.592256
vt 0.74722 0.562599
vt 0.747916 0.576246
vt 0.763997 0.576069
vt 0.757092 0.59122
vt 0.7421 0.590908
vt 0.805643 0.97729
vt 0.818918 0.963576
vt 0.807473 0.97729
vt 0.80521 0.963433
vt 0.819207 0.96461
vt 0.599922 0.376059
vt 0.599922 0.362202
vt 0.583838 0.362528
vt 0.58126 0.370963
vt 0.577372 0.794804
vt 0.567263 0.804435
vt 0.577372 0.814088
vt 0.574503 0.791763
vt 0.437982 0.113904
vt 0.447512 0.104311
vt 0.447464 0.123557
vt 0.428434 0.123442
vt 0.418764 0.11358
vt 0.409409 0.123557
vt 0.99028 0.573503
vt 0.989525 0.550808
vt 0.988725 0.573487
vt 0.989525 0.573903
vt 0.989982 0.550904
vt 0.17565 0.437576
vt 0.193235 0.446882
vt 0.193235 0.431486
vt 0.17535 0.437423
vt 0.7905 0.32525
vt 0.792609 0.327734
vt 0.782659 0.338337
vt 0.8021 0.338337
vt 0.0929238 0.67338
vt 0.0792615 0.672414
vt 0.0801043 0.667421
vt 0.0928323 0.67398
vt 0.0618196 0.67398
vt 0.0729092 0.657766
vt 0.084482 0.656277
vt 0.0851685 0.642417
vt 0.0679584 0.644502
vt 0.33465 0.8773
vt 0.345526 0.874134
vt 0.342556 0.885185
vt 0.325933 0.880615
vt 0.362011 0.883887
vt 0.323872 0.888761
vt 0.358422 0.888761
vt 0.362753 0.884572
vt 0.486213 0.00789744
vt 0.481726 0.0230218
vt 0.495723 0.0150818
vt 0.495723 0.0342571
vt 0.486962 0.00115473
vt 0.301886 0.28137
vt 0.308321 0.299233
vt 0.315319 0.286125
vt 0.295879 0.293299
vt 0.302398 0.311278
vt 0.315319 0.316782
vt 0.0681972 0.459233
vt 0.0587996 0.469899
vt 0.0576975 0.450829
vt 0.0781493 0.473056
vt 0.0660515 0.440423
vt 0.0469391 0.44243
vt 0.0386175 0.452854
vt 0.0773696 0.448203
vt 0.0352765 0.433025
vt 0.02733 0.445698
vt 0.0201367 0.456936
vt 0.0229857 0.458752
vt 0.0372363 0.455103
vt 0.0320903 0.466775
vt 0.0518403 0.466462
vt 0.0206261 0.473056
vt 0.0128305 0.468123
vt 0.0390065 0.453369
vt 0.272551 0.684758
vt 0.272551 0.666282
vt 0.256221 0.675314
vt 0.96823 0.245544
vt 0.968022 0.244891
vt 0.955155 0.248982
vt 0.955795 0.25099
vt 0.963919 0.232018
vt 0.976849 0.227822
vt 0.959869 0.219086
vt 0.946968 0.223232
vt 0.955886 0.205579
vt 0.969178 0.202326
vt 0.942897 0.210118
vt 0.934083 0.227269
vt 0.928981 0.212894
vt 0.972403 0.212894
vt 0.96556 0.189125
vt 0.947912 0.226282
vt 0.969786 0.216215
vt 0.976479 0.187175
vt 0.95145 0.191261
vt 0.953807 0.249418
vt 0.921073 0.231162
vt 0.978321 0.230373
vt 0.954793 0.24789
vt 0.989502 0.222599
vt 0.989459 0.222506
vt 0.968229 0.244834
vt 0.989502 0.253657
vt 0.973537 0.218242
vt 0.98937 0.22228
vt 0.96542 0.175554
vt 0.951997 0.17688
vt 0.94043 0.179791
vt 0.978301 0.175135
vt 0.949061 0.191666
vt 0.341757 0.903387
vt 0.344042 0.901078
vt 0.361198 0.903387
vt 0.348604 0.13495
vt 0.336761 0.131948
vt 0.351823 0.122888
vt 0.345579 0.147254
vt 0.358782 0.123524
vt 0.359231 0.137846
vt 0.355848 0.116749
vt 0.373077 0.112109
vt 0.351398 0.149503
vt 0.371643 0.144424
vt 0.365699 0.156335
vt 0.383646 0.150319
vt 0.389598 0.138351
vt 0.357397 0.167737
vt 0.345998 0.162984
vt 0.348574 0.174952
vt 0.342525 0.160605
vt 0.346693 0.154237
vt 0.338232 0.142932
vt 0.331474 0.153898
vt 0.324706 0.164889
vt 0.336607 0.173788
vt 0.347497 0.181176
vt 0.333963 0.181249
vt 0.330914 0.187688
vt 0.328227 0.185907
vt 0.324201 0.19873
vt 0.313661 0.192395
vt 0.316324 0.213095
vt 0.31918 0.212245
vt 0.333433 0.209474
vt 0.341089 0.205658
vt 0.340115 0.220527
vt 0.327961 0.226906
vt 0.353365 0.220127
vt 0.354184 0.205444
vt 0.35824 0.204241
vt 0.368901 0.216095
vt 0.353986 0.229427
vt 0.358456 0.23311
vt 0.369415 0.216397
vt 0.367352 0.233053
vt 0.381053 0.231604
vt 0.352746 0.235162
vt 0.38236 0.222656
vt 0.383284 0.214238
vt 0.337793 0.238415
vt 0.369417 0.216058
vt 0.318646 0.217493
vt 0.305005 0.2022
vt 0.312295 0.192566
vt 0.301075 0.217146
vt 0.301933 0.225506
vt 0.352703 0.249459
vt 0.299977 0.198857
vt 0.288164 0.219384
vt 0.355119 0.201412
vt 0.285409 0.233463
vt 0.286192 0.218777
vt 0.27832 0.22928
vt 0.280591 0.247331
vt 0.286346 0.241756
vt 0.291492 0.25524
vt 0.289002 0.25713
vt 0.292421 0.256583
vt 0.27669 0.266854
vt 0.276574 0.267566
vt 0.276331 0.267455
vt 0.263467 0.261261
vt 0.26414 0.280053
vt 0.265752 0.282425
vt 0.262459 0.281504
vt 0.247566 0.276714
vt 0.252574 0.292047
vt 0.245583 0.278945
vt 0.244682 0.276163
vt 0.228817 0.274504
vt 0.239857 0.261267
vt 0.233965 0.288703
vt 0.225822 0.274312
vt 0.216266 0.283777
vt 0.212444 0.272297
vt 0.200784 0.28252
vt 0.194789 0.267145
vt 0.200771 0.28252
vt 0.222746 0.295268
vt 0.217104 0.298766
vt 0.184727 0.277931
vt 0.177243 0.261539
vt 0.188739 0.255616
vt 0.181792 0.277567
vt 0.164857 0.265325
vt 0.161055 0.253031
vt 0.15247 0.269089
vt 0.169761 0.281464
vt 0.170572 0.284105
vt 0.159064 0.289718
vt 0.175216 0.297317
vt 0.187427 0.293912
vt 0.15759 0.285535
vt 0.140258 0.273019
vt 0.145285 0.289166
vt 0.128561 0.285293
vt 0.121438 0.272631
vt 0.131291 0.263779
vt 0.122388 0.254515
vt 0.131846 0.245773
vt 0.130364 0.243817
vt 0.118374 0.249787
vt 0.103914 0.253901
vt 0.111999 0.242219
vt 0.120904 0.232652
vt 0.111617 0.223759
vt 0.107743 0.250187
vt 0.095387 0.245255
vt 0.0951622 0.262378
vt 0.0866463 0.253724
vt 0.0751399 0.264867
vt 0.0840152 0.27324
vt 0.0994916 0.277669
vt 0.0884743 0.289765
vt 0.0996853 0.278394
vt 0.099309 0.296541
vt 0.106358 0.28949
vt 0.111791 0.284196
vt 0.108986 0.299076
vt 0.122779 0.294844
vt 0.102157 0.277074
vt 0.100949 0.239862
vt 0.0753555 0.246937
vt 0.0664417 0.256351
vt 0.0850537 0.236542
vt 0.0670212 0.236357
vt 0.0570883 0.243368
vt 0.0599554 0.226498
vt 0.0568138 0.228672
vt 0.0515471 0.217565
vt 0.0508983 0.247469
vt 0.0698899 0.219479
vt 0.0546673 0.239921
vt 0.0627096 0.209326
vt 0.0727441 0.202447
vt 0.0652824 0.191978
vt 0.0552044 0.199795
vt 0.0772059 0.185872
vt 0.0843938 0.197031
vt 0.0534155 0.21622
vt 0.0785839 0.213272
vt 0.0873262 0.179087
vt 0.045734 0.207173
vt 0.0430685 0.209182
vt 0.031493 0.207436
vt 0.102468 0.235949
vt 0.139562 0.237423
vt 0.120478 0.214458
vt 0.111188 0.205624
vt 0.127543 0.207006
vt 0.129766 0.223319
vt 0.114617 0.202022
vt 0.120917 0.19409
vt 0.102595 0.194293
vt 0.11254 0.183032
vt 0.0991999 0.176591
vt 0.122697 0.175231
vt 0.130839 0.185587
vt 0.140878 0.177628
vt 0.134038 0.168887
vt 0.145898 0.163235
vt 0.132574 0.16693
vt 0.150943 0.169707
vt 0.130869 0.168831
vt 0.129799 0.165214
vt 0.123449 0.158571
vt 0.132183 0.149831
vt 0.123719 0.140176
vt 0.114969 0.149608
vt 0.140857 0.140645
vt 0.128045 0.134538
vt 0.127788 0.127937
vt 0.136391 0.134433
vt 0.150311 0.133008
vt 0.148786 0.151672
vt 0.157374 0.142446
vt 0.160928 0.147478
vt 0.149427 0.152601
vt 0.154274 0.163629
vt 0.16414 0.155105
vt 0.170861 0.141642
vt 0.154988 0.163479
vt 0.116767 0.124297
vt 0.144457 0.124897
vt 0.143008 0.12284
vt 0.131975 0.129649
vt 0.124449 0.114689
vt 0.159907 0.125689
vt 0.113572 0.13398
vt 0.138303 0.157295
vt 0.152903 0.115881
vt 0.162787 0.10893
vt 0.155396 0.127871
vt 0.156425 0.175504
vt 0.158476 0.175032
vt 0.168772 0.172837
vt 0.159609 0.187204
vt 0.171946 0.184955
vt 0.175711 0.194805
vt 0.181101 0.170582
vt 0.178538 0.158751
vt 0.192943 0.156727
vt 0.193423 0.156099
vt 0.1936 0.156407
vt 0.199095 0.16716
vt 0.198642 0.140576
vt 0.193721 0.16907
vt 0.184245 0.143477
vt 0.183632 0.185964
vt 0.176606 0.199397
vt 0.164997 0.201186
vt 0.165057 0.20203
vt 0.147927 0.190648
vt 0.153887 0.206052
vt 0.136591 0.194889
vt 0.142666 0.210598
vt 0.142746 0.210806
vt 0.12544 0.199631
vt 0.131382 0.214972
vt 0.157058 0.176951
vt 0.154127 0.206682
vt 0.131411 0.215047
vt 0.135736 0.226393
vt 0.146995 0.222097
vt 0.158463 0.21806
vt 0.151291 0.233446
vt 0.163877 0.230038
vt 0.166881 0.235015
vt 0.170197 0.229716
vt 0.175163 0.219159
vt 0.177327 0.228032
vt 0.177616 0.215624
vt 0.186335 0.213613
vt 0.189137 0.225275
vt 0.198468 0.210838
vt 0.204785 0.221504
vt 0.204468 0.223876
vt 0.197329 0.237512
vt 0.202058 0.241123
vt 0.194815 0.199784
vt 0.184516 0.243649
vt 0.157869 0.244368
vt 0.18563 0.212016
vt 0.141772 0.243548
vt 0.146366 0.184937
vt 0.172297 0.215445
vt 0.136349 0.18424
vt 0.140207 0.158521
vt 0.112719 0.165907
vt 0.105855 0.200304
vt 0.0966524 0.191938
vt 0.112107 0.265854
vt 0.094198 0.181627
vt 0.0899831 0.187673
vt 0.0866835 0.169919
vt 0.0887576 0.170841
vt 0.12225 0.285507
vt 0.173508 0.148031
vt 0.144589 0.255937
vt 0.176861 0.260042
vt 0.164028 0.252077
vt 0.175441 0.246012
vt 0.182465 0.279855
vt 0.228055 0.272699
vt 0.241626 0.299076
vt 0.270779 0.29458
vt 0.256849 0.268125
vt 0.269491 0.255805
vt 0.292842 0.236751
vt 0.233934 0.204537
vt 0.294632 0.274063
vt 0.301459 0.231155
vt 0.304067 0.245084
vt 0.288177 0.21877
vt 0.342608 0.197433
vt 0.358416 0.185702
vt 0.371073 0.188359
vt 0.312724 0.191394
vt 0.340742 0.22106
vt 0.337503 0.238194
vt 0.33744 0.238537
vt 0.335779 0.254393
vt 0.321463 0.243932
vt 0.321019 0.244903
vt 0.332937 0.255518
vt 0.318989 0.260788
vt 0.316414 0.261714
vt 0.320715 0.244568
vt 0.304579 0.251567
vt 0.302412 0.266994
vt 0.299233 0.267839
vt 0.303883 0.250734
vt 0.294946 0.171211
vt 0.270229 0.137692
vt 0.340183 0.221062
vt 0.278209 0.285903
vt 0.136003 0.112387
vt 0.367988 0.20429
vt 0.188191 0.129939
vt 0.0830034 0.211921
vt 0.0844139 0.223377
vt 0.0915681 0.209656
vt 0.0820226 0.224115
vt 0.0849274 0.233333
vt 0.0939423 0.216011
vt 0.36751 0.244726
vt 0.349453 0.249912
vt 0.29725 0.27104
vt 0.288425 0.203358
vt 0.166325 0.127039
vt 0.130728 0.190736
vt 0.166638 0.160987
vt 0.103744 0.21634
vt 0.186928 0.18218
vt 0.348073 0.182719
vt 0.375558 0.128492
vt 0.0751316 0.227999
vt 0.153531 0.164034
vt 0.317509 0.230743
vt 0.0872329 0.168741
vt 0.128016 0.212439
vt 0.307365 0.231507
vt 0.251003 0.236566
vt 0.28211 0.284308
vt 0.145841 0.178763
vt 0.292702 0.190747
vt 0.0993758 0.156125
vt 0.18798 0.186318
vt 0.093116 0.231249
vt 0.0926441 0.23202
vt 0.0983926 0.199365
vt 0.143759 0.181982
vt 0.394635 0.117012
vt 0.671462 0.809469
vt 0.671462 0.795612
vt 0.657465 0.809433
vt 0.570373 0.0973826
vt 0.572566 0.0943033
vt 0.588161 0.0944174
vt 0.589813 0.0973826
vt 0.58021 0.470747
vt 0.580555 0.471557
vt 0.562597 0.477675
vt 0.598367 0.477675
vt 0.0226915 0.986293
vt 0.0243731 0.988059
vt 0.0143276 0.997306
vt 0.0411825 0.981139
vt 0.0136081 0.996549
vt 0.0409451 0.981866
vt 0.0518404 0.997306
vt 0.0548212 0.983481
vt 0.0861552 0.973441
vt 0.0855496 0.962103
vt 0.0862815 0.960065
vt 0.0999222 0.959498
vt 0.0895841 0.946497
vt 0.0851477 0.960006
vt 0.0998564 0.973441
vt 0.542379 0.10816
vt 0.527605 0.10816
vt 0.52892 0.104311
vt 0.653997 0.910894
vt 0.661133 0.92215
vt 0.642697 0.918029
vt 0.649339 0.928757
vt 0.651182 0.92851
vt 0.639983 0.919741
vt 0.649618 0.929523
vt 0.629143 0.927515
vt 0.635682 0.939421
vt 0.624037 0.946298
vt 0.617445 0.93454
vt 0.610819 0.918788
vt 0.623321 0.914066
vt 0.622671 0.912599
vt 0.610439 0.917925
vt 0.642385 0.951116
vt 0.609345 0.918841
vt 0.593828 0.917201
vt 0.591976 0.914255
vt 0.603047 0.906655
vt 0.584574 0.902617
vt 0.580516 0.921165
vt 0.569735 0.908712
vt 0.56344 0.924508
vt 0.58534 0.928814
vt 0.564969 0.926205
vt 0.576081 0.939568
vt 0.562652 0.926769
vt 0.552702 0.912354
vt 0.54976 0.913024
vt 0.550443 0.931743
vt 0.543902 0.924549
vt 0.540824 0.933772
vt 0.550074 0.951116
vt 0.547961 0.950995
vt 0.555862 0.93627
vt 0.583095 0.935411
vt 0.654832 0.945687
vt 0.668351 0.939781
vt 0.41563 0.776942
vt 0.428345 0.784188
vt 0.422778 0.765589
vt 0.432737 0.770869
vt 0.420776 0.795407
vt 0.432737 0.80254
vt 0.411368 0.339107
vt 0.397745 0.325842
vt 0.411379 0.3316
vt 0.408609 0.325775
vt 0.412391 0.325297
vt 0.413484 0.311393
vt 0.427297 0.311628
vt 0.426868 0.325067
vt 0.428849 0.339107
vt 0.999611 0.215935
vt 0.999611 0.19669
vt 0.989502 0.206011
vt 0.579244 0.637227
vt 0.565765 0.643889
vt 0.578482 0.645858
vt 0.576628 0.653778
vt 0.579705 0.63164
vt 0.579705 0.660123
vt 0.575137 0.659853
vt 0.56471 0.643707
vt 0.56182 0.656931
vt 0.685459 0.787914
vt 0.685459 0.766704
vt 0.674009 0.780652
vt 0.667574 0.763279
vt 0.673632 0.780986
vt 0.681485 0.627021
vt 0.698678 0.630166
vt 0.68642 0.636259
vt 0.67535 0.636259
vt 0.0968118 0.93341
vt 0.0913686 0.93341
vt 0.0914688 0.925712
vt 0.412897 0.513319
vt 0.404743 0.499022
vt 0.423939 0.497691
vt 0.414622 0.513851
vt 0.429419 0.516936
vt 0.433847 0.509414
vt 0.43818 0.516936
vt 0.858865 0.574768
vt 0.850249 0.558598
vt 0.842954 0.576212
vt 0.85109 0.557815
vt 0.84992 0.557997
vt 0.834759 0.560104
vt 0.841495 0.542025
vt 0.842818 0.540953
vt 0.858865 0.541305
vt 0.852046 0.528483
vt 0.980949 0.982082
vt 0.996501 0.996536
vt 0.995628 0.984306
vt 0.981251 0.981843
vt 0.996501 0.970362
vt 0.00116641 0.449192
vt 0.000388802 0.449192
vt 0.000767417 0.448422
vt 0.356385 0.372191
vt 0.347786 0.360662
vt 0.359642 0.372209
vt 0.34242 0.372209
vt 0.328538 0.368124
vt 0.250735 0.819933
vt 0.25458 0.80058
vt 0.245522 0.806338
vt 0.265259 0.81016
vt 0.265552 0.791399
vt 0.265275 0.828934
vt 0.251342 0.781022
vt 0.249008 0.819172
vt 0.265275 0.772517
vt 0.232115 0.812188
vt 0.232795 0.814163
vt 0.249149 0.820953
vt 0.250879 0.837842
vt 0.259232 0.84873
vt 0.0834515 0.984988
vt 0.0958518 0.999458
vt 0.0789269 0.999615
vt 0.0972517 0.986313
vt 0.0975894 0.999615
vt 0.0863386 0.581217
vt 0.0887407 0.594228
vt 0.0753561 0.594377
vt 0.0757492 0.596338
vt 0.0641524 0.598143
vt 0.0777605 0.609291
vt 0.0801604 0.608959
vt 0.0781719 0.612113
vt 0.0926267 0.608602
vt 0.0800625 0.622655
vt 0.0946904 0.621927
vt 0.106353 0.607458
vt 0.108178 0.620644
vt 0.0967773 0.63455
vt 0.109237 0.628516
vt 0.0962305 0.635456
vt 0.0970209 0.635475
vt 0.110231 0.633776
vt 0.119522 0.605938
vt 0.0806205 0.635489
vt 0.117616 0.592655
vt 0.101597 0.591563
vt 0.101876 0.591323
vt 0.113219 0.581045
vt 0.0953101 0.575046
vt 0.101557 0.591385
vt 0.130713 0.590358
vt 0.113574 0.61996
vt 0.120382 0.612191
vt 0.089813 0.601631
vt 0.125712 0.57561
vt 0.143714 0.586587
vt 0.13325 0.598669
vt 0.145017 0.590826
vt 0.149816 0.602871
vt 0.163752 0.600496
vt 0.152002 0.60812
vt 0.140592 0.619733
vt 0.139634 0.619352
vt 0.15656 0.620786
vt 0.156782 0.582977
vt 0.164328 0.600407
vt 0.175408 0.588656
vt 0.158777 0.581837
vt 0.180772 0.6016
vt 0.194087 0.598134
vt 0.187465 0.582279
vt 0.197857 0.597173
vt 0.194456 0.598983
vt 0.213719 0.609966
vt 0.209419 0.596852
vt 0.222011 0.591081
vt 0.22623 0.601989
vt 0.22923 0.612683
vt 0.242526 0.609931
vt 0.23904 0.597515
vt 0.255928 0.607467
vt 0.24545 0.622712
vt 0.257216 0.61172
vt 0.261694 0.62434
vt 0.245981 0.624147
vt 0.275426 0.62194
vt 0.269345 0.605
vt 0.251866 0.593114
vt 0.280889 0.620739
vt 0.287838 0.612706
vt 0.270864 0.604026
vt 0.291528 0.621934
vt 0.305469 0.619569
vt 0.294959 0.635489
vt 0.308281 0.632787
vt 0.318821 0.61688
vt 0.315419 0.603027
vt 0.329329 0.600944
vt 0.321207 0.616496
vt 0.330216 0.60409
vt 0.336562 0.617576
vt 0.349579 0.613285
vt 0.341036 0.630356
vt 0.344845 0.629324
vt 0.35057 0.615835
vt 0.358466 0.627827
vt 0.36681 0.610676
vt 0.35185 0.612577
vt 0.371748 0.623547
vt 0.381135 0.603234
vt 0.385303 0.617035
vt 0.342436 0.597577
vt 0.32446 0.584564
vt 0.33732 0.580381
vt 0.351527 0.595415
vt 0.355324 0.591821
vt 0.356729 0.596003
vt 0.35008 0.575911
vt 0.368481 0.588412
vt 0.363327 0.572647
vt 0.369259 0.590713
vt 0.311745 0.591624
vt 0.321557 0.630077
vt 0.299525 0.603951
vt 0.285901 0.605286
vt 0.32185 0.631217
vt 0.269056 0.604318
vt 0.281028 0.592934
vt 0.214362 0.612274
vt 0.243835 0.624135
vt 0.216359 0.626777
vt 0.202391 0.625759
vt 0.231614 0.626236
vt 0.21184 0.611926
vt 0.20629 0.58875
vt 0.170238 0.618276
vt 0.170118 0.579065
vt 0.168203 0.575022
vt 0.135303 0.604184
vt 0.138209 0.570206
vt 0.156747 0.582892
vt 0.182525 0.605867
vt 0.163916 0.6009
vt 0.149206 0.566205
vt 0.361532 0.602002
vt 0.299286 0.602655
vt 0.128926 0.604605
vt 0.200798 0.614369
vt 0.18817 0.618254
vt 0.293444 0.587167
vt 0.172741 0.617925
vt 0.262603 0.589775
vt 0.220562 0.586544
vt 0.123323 0.620542
vt 0.125258 0.634539
vt 0.342975 0.598052
vt 0.301966 0.60213
vt 0.376964 0.602099
vt 0.756998 0.863356
vt 0.737558 0.863356
vt 0.743168 0.855658
vt 0.753949 0.857651
vt 0.0268274 0.131614
vt 0.0126992 0.148581
vt 0.0268176 0.149731
vt 0.0127065 0.133048
vt 0.0120529 0.124326
vt 0.0268176 0.131406
vt 0.793546 0.0373364
vt 0.780327 0.0516747
vt 0.793546 0.0550423
vt 0.70712 0.85086
vt 0.699203 0.845638
vt 0.714014 0.832023
vt 0.699802 0.835757
vt 0.698573 0.821145
vt 0.690659 0.839765
vt 0.704602 0.820037
vt 0.714577 0.816695
vt 0.710633 0.803794
vt 0.724242 0.799503
vt 0.720032 0.786696
vt 0.726086 0.798935
vt 0.729355 0.812044
vt 0.741683 0.794197
vt 0.738507 0.781044
vt 0.751762 0.777976
vt 0.755059 0.791123
vt 0.765114 0.774891
vt 0.76828 0.787986
vt 0.745264 0.807178
vt 0.761983 0.761783
vt 0.702942 0.794085
vt 0.696045 0.795541
vt 0.691321 0.804159
vt 0.699821 0.790652
vt 0.775208 0.758684
vt 0.772074 0.745574
vt 0.758607 0.748489
vt 0.788556 0.755485
vt 0.695964 0.807878
vt 0.748696 0.764871
vt 0.700412 0.807218
vt 0.728616 0.812267
vt 0.778342 0.771778
vt 0.714481 0.832341
vt 0.71576 0.847037
vt 0.724045 0.84315
vt 0.734498 0.834508
vt 0.728582 0.820615
vt 0.733617 0.824848
vt 0.71491 0.856653
vt 0.742257 0.829186
vt 0.718501 0.861817
vt 0.752203 0.841988
vt 0.751654 0.834118
vt 0.758743 0.837513
vt 0.759428 0.827175
vt 0.768341 0.85288
vt 0.744463 0.809754
vt 0.753651 0.81978
vt 0.755422 0.818336
vt 0.753472 0.801911
vt 0.767588 0.840195
vt 0.779167 0.84579
vt 0.784681 0.841655
vt 0.78401 0.83026
vt 0.794231 0.835264
vt 0.784449 0.848132
vt 0.755686 0.800574
vt 0.753381 0.799215
vt 0.769706 0.809981
vt 0.721741 0.786166
vt 0.756171 0.797707
vt 0.761958 0.83027
vt 0.791837 0.768563
vt 0.803491 0.752081
vt 0.805482 0.767641
vt 0.792836 0.782008
vt 0.806463 0.781244
vt 0.793519 0.795487
vt 0.807543 0.794734
vt 0.794788 0.809052
vt 0.780936 0.809899
vt 0.781776 0.823339
vt 0.795382 0.822625
vt 0.768207 0.824171
vt 0.779918 0.79635
vt 0.796963 0.854218
vt 0.715015 0.831783
vt 0.780298 0.783925
vt 0.711032 0.774982
vt 0.70053 0.783513
vt 0.785356 0.861817
vt 0.772265 0.7935
vt 0.680829 0.825802
vt 0.751841 0.797481
vt 0.732701 0.821605
vt 0.67846 0.811648
vt 0.272551 0.532465
vt 0.286526 0.532064
vt 0.286547 0.513857
vt 0.286547 0.534642
vt 0.984059 0.309143
vt 0.991656 0.312909
vt 0.984209 0.297537
vt 0.999611 0.308863
vt 0.999361 0.31733
vt 0.984762 0.314447
vt 0.985083 0.331038
vt 0.991782 0.332225
vt 0.99939 0.328272
vt 0.999611 0.336028
vt 0.788103 0.0111624
vt 0.767332 0.0111624
vt 0.776146 0.00115473
vt 0.756998 0.00248943
vt 0.746508 0.965761
vt 0.752022 0.954712
vt 0.758509 0.971901
vt 0.762442 0.963079
vt 0.756203 0.955903
vt 0.752456 0.953509
vt 0.751543 0.954335
vt 0.738175 0.940796
vt 0.729296 0.951128
vt 0.727877 0.932012
vt 0.713891 0.944835
vt 0.713075 0.943065
vt 0.71259 0.943479
vt 0.710485 0.960922
vt 0.702762 0.95278
vt 0.693446 0.942957
vt 0.683622 0.952267
vt 0.692935 0.962081
vt 0.673795 0.961569
vt 0.683108 0.971384
vt 0.702253 0.971901
vt 0.710648 0.963949
vt 0.710851 0.924942
vt 0.739022 0.939847
vt 0.728259 0.931641
vt 0.823872 0.82061
vt 0.809876 0.820574
vt 0.823858 0.834031
vt 0.823858 0.807159
vt 0.823203 0.834103
vt 0.894722 0.518301
vt 0.90198 0.51597
vt 0.890094 0.506548
vt 0.901017 0.502897
vt 0.903566 0.50195
vt 0.908777 0.513668
vt 0.906668 0.50049
vt 0.878102 0.511437
vt 0.918088 0.509002
vt 0.921073 0.507145
vt 0.915862 0.495389
vt 0.900251 0.48476
vt 0.905604 0.482608
vt 0.899961 0.482795
vt 0.914607 0.485459
vt 0.91273 0.476895
vt 0.876268 0.501932
vt 0.863754 0.504173
vt 0.865459 0.512926
vt 0.866423 0.51845
vt 0.848923 0.504284
vt 0.856432 0.491318
vt 0.838449 0.489952
vt 0.846194 0.504402
vt 0.830943 0.504321
vt 0.82154 0.48919
vt 0.87895 0.516396
vt 0.881481 0.531294
vt 0.880273 0.531563
vt 0.868187 0.530477
vt 0.870002 0.485527
vt 0.881527 0.531546
vt 0.887601 0.495718
vt 0.887267 0.483137
vt 0.886936 0.470523
vt 0.899799 0.469824
vt 0.874159 0.471003
vt 0.873796 0.458416
vt 0.859271 0.458259
vt 0.868667 0.444066
vt 0.881886 0.442436
vt 0.867646 0.440353
vt 0.878878 0.432564
vt 0.87694 0.42719
vt 0.884237 0.427591
vt 0.863263 0.428147
vt 0.876129 0.414663
vt 0.860727 0.416244
vt 0.886336 0.45549
vt 0.857466 0.453172
vt 0.851258 0.439559
vt 0.839886 0.449544
vt 0.841504 0.454483
vt 0.831838 0.439788
vt 0.826993 0.444149
vt 0.837592 0.432836
vt 0.849209 0.435976
vt 0.84605 0.424478
vt 0.836219 0.453176
vt 0.854513 0.437311
vt 0.847608 0.516986
vt 0.853831 0.457242
vt 0.90312 0.500992
vt 0.859655 0.415617
vt 0.838541 0.489666
vt 0.887589 0.495719
vt 0.887628 0.495719
vt 0.893738 0.442985
vt 0.890506 0.425689
vt 0.896432 0.441756
vt 0.902567 0.421861
vt 0.908182 0.437096
vt 0.898625 0.409931
vt 0.910045 0.441795
vt 0.921073 0.445486
vt 0.889788 0.423558
vt 0.847681 0.516987
vt 0.898448 0.409979
vt 0.911881 0.462981
vt 0.831148 0.516985
vt 0.886457 0.411536
vt 0.842361 0.476435
vt 0.898929 0.447546
vt 0.88601 0.48519
vt 0.85881 0.48106
vt 0.705676 0.274442
vt 0.687792 0.274442
vt 0.701963 0.259815
vt 0.966053 0.467661
vt 0.951474 0.453953
vt 0.966174 0.458141
vt 0.955544 0.453041
vt 0.952526 0.469977
vt 0.938958 0.469977
vt 0.404052 0.981318
vt 0.403966 0.992409
vt 0.417963 0.98037
vt 0.417963 0.994996
vt 0.501142 0.27686
vt 0.491835 0.268536
vt 0.501166 0.2806
vt 0.501166 0.264434
vt 0.287312 0.447652
vt 0.286769 0.448998
vt 0.270218 0.453041
vt 0.299767 0.453041
vt 0.720451 0.453041
vt 0.710342 0.462217
vt 0.720451 0.475366
vt 0.940513 0.150988
vt 0.924961 0.150887
vt 0.925378 0.164285
vt 0.93461 0.134334
vt 0.940513 0.164357
vt 0.804432 0.0234796
vt 0.811787 0.00885296
vt 0.811955 0.00903344
vt 0.823095 0.0234796
vt 0.215008 0.438414
vt 0.201011 0.441662
vt 0.215008 0.455029
vt 0.201369 0.455686
vt 0.213319 0.469207
vt 0.797353 0.261006
vt 0.803369 0.257205
vt 0.803772 0.246999
vt 0.804814 0.271596
vt 0.78637 0.267756
vt 0.785599 0.254584
vt 0.812113 0.252856
vt 0.802605 0.241752
vt 0.818912 0.235067
vt 0.798943 0.229234
vt 0.808134 0.269665
vt 0.792584 0.279122
vt 0.77459 0.274408
vt 0.824828 0.246533
vt 0.768894 0.261769
vt 0.785563 0.283161
vt 0.797305 0.2915
vt 0.778804 0.288478
vt 0.78343 0.302006
vt 0.802923 0.297267
vt 0.803989 0.303406
vt 0.791627 0.312108
vt 0.789351 0.313708
vt 0.799883 0.289586
vt 0.830524 0.229227
vt 0.836441 0.240691
vt 0.830743 0.257999
vt 0.824609 0.217761
vt 0.838521 0.210686
vt 0.838167 0.205583
vt 0.82333 0.200539
vt 0.842425 0.252163
vt 0.836636 0.269476
vt 0.825001 0.275306
vt 0.842535 0.224285
vt 0.830903 0.286779
vt 0.842535 0.280974
vt 0.837875 0.300115
vt 0.819477 0.299443
vt 0.809891 0.286762
vt 0.777273 0.27871
vt 0.812311 0.22153
vt 0.833831 0.304542
vt 0.82697 0.310282
vt 0.834075 0.32306
vt 0.819243 0.322903
vt 0.810559 0.319704
vt 0.821074 0.336887
vt 0.81659 0.329887
vt 0.819665 0.263477
vt 0.83978 0.305114
vt 0.800684 0.24239
vt 0.783409 0.30202
vt 0.769193 0.311637
vt 0.761599 0.301173
vt 0.767253 0.312943
vt 0.759166 0.3028
vt 0.745943 0.312107
vt 0.748477 0.293625
vt 0.741251 0.298935
vt 0.740536 0.287416
vt 0.739417 0.283031
vt 0.737218 0.302675
vt 0.744846 0.310831
vt 0.747081 0.314529
vt 0.7535 0.322658
vt 0.737789 0.28436
vt 0.77715 0.321884
vt 0.752827 0.323135
vt 0.739298 0.33277
vt 0.756041 0.289669
vt 0.724658 0.293566
vt 0.727005 0.31207
vt 0.71988 0.296295
vt 0.717512 0.286204
vt 0.717767 0.306184
vt 0.7179 0.317156
vt 0.710321 0.320983
vt 0.70947 0.330272
vt 0.713205 0.335521
vt 0.730197 0.273811
vt 0.726652 0.327473
vt 0.713818 0.30229
vt 0.701822 0.316926
vt 0.698859 0.311452
vt 0.693462 0.299548
vt 0.705397 0.292239
vt 0.692229 0.284555
vt 0.702236 0.325529
vt 0.71557 0.28359
vt 0.795711 0.23029
vt 0.78091 0.23504
vt 0.784239 0.220037
vt 0.776948 0.235689
vt 0.781688 0.2179
vt 0.769248 0.224409
vt 0.761722 0.227424
vt 0.763369 0.241299
vt 0.760921 0.242354
vt 0.762998 0.219495
vt 0.766923 0.253984
vt 0.752973 0.260163
vt 0.745788 0.248081
vt 0.740697 0.236088
vt 0.760546 0.27159
vt 0.770113 0.206864
vt 0.743015 0.249146
vt 0.739538 0.236445
vt 0.724485 0.241953
vt 0.724966 0.249776
vt 0.732117 0.224672
vt 0.755062 0.230997
vt 0.721092 0.228061
vt 0.720576 0.238319
vt 0.715595 0.229968
vt 0.702115 0.233991
vt 0.705604 0.220758
vt 0.699434 0.235586
vt 0.700983 0.216786
vt 0.686813 0.223065
vt 0.682348 0.240069
vt 0.704693 0.247375
vt 0.746913 0.254329
vt 0.724095 0.216964
vt 0.791779 0.209204
vt 0.732879 0.32369
vt 0.811127 0.282605
vt 0.746067 0.222107
vt 0.77487 0.292567
vt 0.704949 0.247277
vt 0.73354 0.217572
vt 0.748272 0.267489
vt 0.72 0.247527
vt 0.781053 0.24953
vt 0.813104 0.337431
vt 0.827302 0.343065
vt 0.820263 0.356043
vt 0.835162 0.355552
vt 0.837926 0.334432
vt 0.686199 0.253276
vt 0.784296 0.249187
vt 0.745234 0.312636
vt 0.733732 0.327553
vt 0.802995 0.213124
vt 0.818512 0.300265
vt 0.80732 0.310767
vt 0.7287 0.266186
vt 0.554869 0.137413
vt 0.553743 0.116516
vt 0.56522 0.123557
vt 0.544712 0.128608
vt 0.567362 0.120349
vt 0.577055 0.129942
vt 0.586926 0.117723
vt 0.57565 0.10893
vt 0.583879 0.111884
vt 0.590239 0.113149
vt 0.592792 0.118238
vt 0.604463 0.119949
vt 0.609254 0.113424
vt 0.59006 0.137413
vt 0.924183 0.98037
vt 0.921073 0.982856
vt 0.924183 0.984988
vt 0.282659 0.641647
vt 0.268663 0.642004
vt 0.282659 0.655504
vt 0.0187648 0.188015
vt 0.00194401 0.183418
vt 0.00792946 0.196077
vt 0.0287121 0.19746
vt 0.02923 0.178728
vt 0.0199753 0.169012
vt 0.0214873 0.167665
vt 0.0123893 0.157813
vt 0.0330482 0.157429
vt 0.0330482 0.182611
vt 0.0293696 0.178605
vt 0.588258 0.220554
vt 0.606845 0.211316
vt 0.607698 0.220554
vt 0.97959 0.150624
vt 0.992731 0.148025
vt 0.992781 0.148292
vt 0.98203 0.164057
vt 0.998834 0.165897
vt 0.968507 0.165897
vt 0.976101 0.151184
vt 0.979582 0.150579
vt 0.989708 0.132025
vt 0.930799 0.488453
vt 0.938958 0.490762
vt 0.924616 0.490762
vt 0.924183 0.488699
vt 0.921851 0.10662
vt 0.917185 0.10906
vt 0.921851 0.112009
vt 0.706048 0.685734
vt 0.70998 0.687748
vt 0.708146 0.690809
vt 0.699424 0.70101
vt 0.709627 0.709684
vt 0.722048 0.694092
vt 0.720056 0.67363
vt 0.694172 0.682898
vt 0.718584 0.699199
vt 0.730245 0.682581
vt 0.739042 0.672018
vt 0.728764 0.663432
vt 0.747724 0.661853
vt 0.73745 0.653138
vt 0.7098 0.664948
vt 0.718476 0.654859
vt 0.749332 0.680635
vt 0.701277 0.675057
vt 0.75467 0.674407
vt 0.752259 0.665592
vt 0.760261 0.669815
vt 0.761763 0.675207
vt 0.766687 0.660106
vt 0.740252 0.692439
vt 0.76011 0.688624
vt 0.749634 0.703577
vt 0.748424 0.702973
vt 0.749551 0.703732
vt 0.767885 0.705657
vt 0.767439 0.714405
vt 0.752813 0.716846
vt 0.733849 0.709313
vt 0.739676 0.721765
vt 0.730309 0.724217
vt 0.729131 0.710557
vt 0.737236 0.731237
vt 0.71425 0.714215
vt 0.712304 0.711996
vt 0.711895 0.714854
vt 0.713055 0.728601
vt 0.698266 0.731642
vt 0.702159 0.744609
vt 0.689151 0.748957
vt 0.704673 0.758098
vt 0.715207 0.749156
vt 0.725411 0.75866
vt 0.690969 0.75866
vt 0.685336 0.735301
vt 0.719082 0.738148
vt 0.697241 0.717789
vt 0.752527 0.734598
vt 0.720183 0.726951
vt 0.73083 0.700769
vt 0.708265 0.646266
vt 0.70406 0.651139
vt 0.707921 0.663384
vt 0.697353 0.657086
vt 0.694354 0.667071
vt 0.679191 0.662571
vt 0.689182 0.669495
vt 0.6774 0.67226
vt 0.665845 0.660995
vt 0.67513 0.678633
vt 0.66419 0.670077
vt 0.648708 0.669049
vt 0.655087 0.673265
vt 0.652741 0.656085
vt 0.635448 0.665658
vt 0.647891 0.675745
vt 0.662564 0.675208
vt 0.683114 0.650141
vt 0.633613 0.678515
vt 0.63304 0.681073
vt 0.630944 0.68058
vt 0.617301 0.691586
vt 0.631454 0.697554
vt 0.631284 0.701588
vt 0.616491 0.706826
vt 0.59964 0.698535
vt 0.613484 0.708228
vt 0.599982 0.715462
vt 0.604769 0.686376
vt 0.618158 0.674518
vt 0.618155 0.686827
vt 0.604742 0.686365
vt 0.599462 0.698459
vt 0.583089 0.691495
vt 0.57772 0.703551
vt 0.565516 0.698242
vt 0.560119 0.710744
vt 0.553313 0.692935
vt 0.573349 0.720083
vt 0.570872 0.686181
vt 0.591673 0.712795
vt 0.558686 0.680855
vt 0.5465 0.675528
vt 0.576317 0.673801
vt 0.543935 0.681199
vt 0.55204 0.692394
vt 0.589096 0.679367
vt 0.604808 0.67354
vt 0.73096 0.743173
vt 0.620654 0.661436
vt 0.594689 0.666617
vt 0.645787 0.684257
vt 0.6592 0.693428
vt 0.660864 0.693225
vt 0.673475 0.693251
vt 0.606587 0.659523
vt 0.644421 0.699412
vt 0.688806 0.687572
vt 0.688916 0.702654
vt 0.689111 0.687946
vt 0.767732 0.679476
vt 0.692198 0.668443
vt 0.736613 0.698653
vt 0.763009 0.668635
vt 0.728133 0.75458
vt 0.961509 0.849753
vt 0.95983 0.865666
vt 0.951011 0.858943
vt 0.94452 0.853977
vt 0.951073 0.841801
vt 0.932122 0.845943
vt 0.937555 0.865666
vt 0.924961 0.85447
vt 0.137247 0.744034
vt 0.116252 0.744034
vt 0.123141 0.731109
vt 0.123246 0.730947
vt 0.590523 0.876643
vt 0.590545 0.876652
vt 0.588258 0.8903
vt 0.60621 0.883084
vt 0.601824 0.864896
vt 0.613523 0.871903
vt 0.617807 0.8903
vt 0.590541 0.876619
vt 0.901633 0.581946
vt 0.905878 0.575443
vt 0.90906 0.582371
vt 0.924757 0.579825
vt 0.923601 0.581804
vt 0.925739 0.581946
vt 0.601477 0.650115
vt 0.601477 0.63087
vt 0.595257 0.644575
vt 0.218057 0.367044
vt 0.217018 0.369013
vt 0.219673 0.356849
vt 0.203519 0.353611
vt 0.201599 0.36592
vt 0.220511 0.354265
vt 0.218253 0.342817
vt 0.223063 0.35605
vt 0.205113 0.341286
vt 0.191109 0.35202
vt 0.192668 0.339664
vt 0.178693 0.350493
vt 0.206705 0.328959
vt 0.177162 0.362827
vt 0.164731 0.361328
vt 0.175763 0.37844
vt 0.166268 0.348988
vt 0.153842 0.347435
vt 0.188251 0.379264
vt 0.147792 0.362513
vt 0.175608 0.38013
vt 0.160485 0.376935
vt 0.194271 0.327239
vt 0.196033 0.314936
vt 0.181823 0.325437
vt 0.188401 0.313712
vt 0.219691 0.33062
vt 0.18948 0.364228
vt 0.180148 0.338002
vt 0.182669 0.318603
vt 0.235618 0.358764
vt 0.217259 0.369998
vt 0.188088 0.381078
vt 0.174131 0.395323
vt 0.187105 0.394767
vt 0.185866 0.403087
vt 0.173617 0.398794
vt 0.198105 0.407101
vt 0.18269 0.416129
vt 0.170545 0.412965
vt 0.158359 0.410124
vt 0.200003 0.394425
vt 0.160661 0.39688
vt 0.210553 0.402459
vt 0.148067 0.40151
vt 0.13848 0.409917
vt 0.151447 0.420708
vt 0.14524 0.399292
vt 0.161528 0.392581
vt 0.200436 0.381866
vt 0.137905 0.409428
vt 0.124646 0.398532
vt 0.133308 0.389493
vt 0.132156 0.388566
vt 0.124577 0.398568
vt 0.120933 0.414502
vt 0.11229 0.396182
vt 0.108582 0.412341
vt 0.095948 0.403502
vt 0.100562 0.391779
vt 0.112616 0.395435
vt 0.101155 0.390452
vt 0.119598 0.380139
vt 0.108236 0.374904
vt 0.0895945 0.385689
vt 0.0919838 0.375621
vt 0.0835245 0.39656
vt 0.0697772 0.3894
vt 0.075933 0.40692
vt 0.0782591 0.378866
vt 0.0605058 0.380528
vt 0.0688508 0.370535
vt 0.053415 0.376815
vt 0.057004 0.364332
vt 0.050727 0.361642
vt 0.0468572 0.374225
vt 0.0336366 0.366535
vt 0.0427518 0.357038
vt 0.0543895 0.385923
vt 0.0271019 0.377131
vt 0.0407835 0.385091
vt 0.0240552 0.390529
vt 0.0112306 0.384901
vt 0.0233726 0.397997
vt 0.00972006 0.401256
vt 0.107818 0.362489
vt 0.095389 0.360541
vt 0.0895049 0.376131
vt 0.0802029 0.363831
vt 0.0919937 0.377988
vt 0.094399 0.348373
vt 0.0302764 0.39457
vt 0.063455 0.400516
vt 0.0616648 0.401518
vt 0.0620848 0.400112
vt 0.138887 0.377667
vt 0.180498 0.325127
vt 0.164623 0.321516
vt 0.169284 0.336993
vt 0.156509 0.33912
vt 0.152689 0.325464
vt 0.144336 0.342087
vt 0.157796 0.343483
vt 0.140714 0.329276
vt 0.139416 0.344944
vt 0.129246 0.335731
vt 0.126734 0.336795
vt 0.130385 0.349924
vt 0.122502 0.354868
vt 0.112236 0.345933
vt 0.123101 0.323978
vt 0.148958 0.313564
vt 0.106957 0.351647
vt 0.112633 0.363354
vt 0.111668 0.364096
vt 0.101903 0.355588
vt 0.102825 0.337799
vt 0.136134 0.317743
vt 0.145196 0.347705
vt 0.161276 0.340323
vt 0.112725 0.364556
vt 0.123415 0.330149
vt 0.147089 0.383705
vt 0.143297 0.366305
vt 0.131153 0.368231
vt 0.144389 0.356138
vt 0.127632 0.36413
vt 0.0603831 0.415296
vt 0.119997 0.37397
vt 0.0501605 0.409377
vt 0.141626 0.352992
vt 0.131417 0.352506
vt 0.151375 0.382889
vt 0.220613 0.356852
vt 0.229778 0.368291
vt 0.0463448 0.408119
vt 0.103148 0.337462
vt 0.101167 0.335828
vt 0.0910922 0.349772
vt 0.0862775 0.345858
vt 0.0898805 0.331412
vt 0.0969378 0.324588
vt 0.0838277 0.338115
vt 0.0786596 0.3432
vt 0.0798804 0.361125
vt 0.0697005 0.353715
vt 0.0894012 0.351719
vt 0.108231 0.317286
vt 0.216659 0.381785
vt 0.150008 0.386232
vt 0.232232 0.332168
vt 0.168947 0.338
vt 0.052739 0.420708
vt 0.201374 0.380322
vt 0.115579 0.32702
vt 0.0509187 0.39299
vt 0.131298 0.305139
vt 0.144321 0.300616
vt 0.030643 0.415938
vt 0.107912 0.36232
vt 0.064768 0.393877
vt 0.170445 0.396685
vt 0.216869 0.401154
vt 0.231591 0.399568
vt 0.231413 0.381541
vt 0.162114 0.381049
vt 0.249099 0.391883
vt 0.249061 0.38891
vt 0.252376 0.390379
vt 0.246935 0.374303
vt 0.229876 0.363696
vt 0.247277 0.358542
vt 0.263307 0.376113
vt 0.263715 0.357438
vt 0.279653 0.376251
vt 0.280052 0.358007
vt 0.280579 0.341547
vt 0.296074 0.375291
vt 0.296416 0.359655
vt 0.297252 0.34239
vt 0.263565 0.341071
vt 0.312829 0.372282
vt 0.313027 0.363334
vt 0.232681 0.343259
vt 0.243354 0.331951
vt 0.231606 0.324555
vt 0.24266 0.324169
vt 0.242105 0.318605
vt 0.230984 0.320314
vt 0.249351 0.328465
vt 0.256364 0.316527
vt 0.247212 0.341069
vt 0.25738 0.337487
vt 0.314187 0.343803
vt 0.298075 0.32552
vt 0.32596 0.344386
vt 0.315138 0.326825
vt 0.330643 0.327846
vt 0.332587 0.328063
vt 0.331728 0.344909
vt 0.351184 0.329677
vt 0.34883 0.346654
vt 0.368419 0.331316
vt 0.365763 0.352001
vt 0.385142 0.334236
vt 0.383003 0.351766
vt 0.399731 0.354486
vt 0.382647 0.355016
vt 0.399463 0.357069
vt 0.416407 0.357973
vt 0.36642 0.352769
vt 0.280818 0.322671
vt 0.366641 0.648575
vt 0.350567 0.657796
vt 0.364331 0.658325
vt 0.359922 0.660942
vt 0.344109 0.671366
vt 0.334002 0.656315
vt 0.35714 0.673521
vt 0.333623 0.655861
vt 0.34117 0.674625
vt 0.343326 0.685849
vt 0.336369 0.683992
vt 0.328483 0.693906
vt 0.323642 0.682326
vt 0.310271 0.68513
vt 0.317195 0.701429
vt 0.335586 0.704361
vt 0.359162 0.679128
vt 0.352941 0.687786
vt 0.339775 0.670817
vt 0.333268 0.656244
vt 0.324596 0.640878
vt 0.320375 0.642659
vt 0.317227 0.656163
vt 0.308182 0.643149
vt 0.31269 0.656372
vt 0.310699 0.68446
vt 0.309911 0.684429
vt 0.314075 0.664879
vt 0.301439 0.669373
vt 0.289757 0.67515
vt 0.292578 0.687697
vt 0.291737 0.687854
vt 0.306599 0.696865
vt 0.289715 0.675078
vt 0.289658 0.675169
vt 0.330094 0.669054
vt 0.31725 0.70161
vt 0.323865 0.718723
vt 0.320879 0.720436
vt 0.326181 0.723014
vt 0.309805 0.729528
vt 0.300051 0.719996
vt 0.328335 0.734943
vt 0.337722 0.726891
vt 0.336034 0.70558
vt 0.346989 0.695051
vt 0.344737 0.718099
vt 0.349406 0.735704
vt 0.337612 0.746343
vt 0.352137 0.733956
vt 0.366641 0.719525
vt 0.833935 0.603524
vt 0.843133 0.613757
vt 0.823872 0.615473
vt 0.823898 0.594778
vt 0.855012 0.605049
vt 0.843677 0.593918
vt 0.86353 0.615473
vt 0.858133 0.602941
vt 0.874226 0.00577519
vt 0.858865 0.00626199
vt 0.875972 0.017321
vt 0.875972 0.00577367
vt 0.800544 0.888807
vt 0.813631 0.898983
vt 0.81876 0.883227
vt 0.823893 0.883985
vt 0.819334 0.881861
vt 0.826205 0.904157
vt 0.826205 0.864896
vt 0.815859 0.90154
vt 0.805331 0.870447
vt 0.84409 0.926482
vt 0.84409 0.913395
vt 0.830148 0.913402
vt 0.830093 0.91361
vt 0.463069 0.119828
vt 0.476283 0.133564
vt 0.463064 0.133564
vt 0.465063 0.119707
vt 0.770218 0.734026
vt 0.772893 0.728637
vt 0.78577 0.734026
vt 0.640358 0.981688
vt 0.625583 0.976809
vt 0.63596 0.994226
vt 0.640358 0.964203
vt 0.991835 0.396019
vt 0.991018 0.396844
vt 0.991018 0.395304
vt 0.989502 0.396019
vt 0.274921 0.874904
vt 0.274106 0.87406
vt 0.274921 0.873364
vt 0.276439 0.87406
vt 0.678466 0.931871
vt 0.679238 0.930365
vt 0.677683 0.930365
vt 0.678466 0.929561
vt 0.282659 0.390653
vt 0.281104 0.390653
vt 0.281868 0.391455
vt 0.281868 0.389145
vt 0.43923 0.9796
vt 0.449336 0.994996
vt 0.435023 0.994996
vt 0.451665 0.986058
vt 0.458398 0.992703
vt 0.424961 0.982983
vt 0.53004 0.996536
vt 0.513369 0.987501
vt 0.525841 0.981139
vt 0.515692 0.996536
vt 0.50661 0.994213
vt 0.540047 0.984345
vt 0.284338 0.896459
vt 0.287017 0.881062
vt 0.298827 0.896459
vt 0.301197 0.882255
vt 0.306765 0.893869
vt 0.274883 0.888297
vt 0.649689 0.977682
vt 0.665241 0.975105
vt 0.650862 0.991709
vt 0.665241 0.989431
vt 0.662449 0.997306
vt 0.656927 0.965743
vt 0.883748 0.117443
vt 0.883587 0.114319
vt 0.880638 0.117455
vt 0.883587 0.124326
vt 0.231337 0.831709
vt 0.234564 0.831707
vt 0.234523 0.824865
vt 0.234523 0.834873
vt 0.235225 0.831723
vt 0.482437 0.981909
vt 0.482434 0.983449
vt 0.475505 0.982115
vt 0.485614 0.982115
usemtl medis_PBR
f 2323/2323/2323 2322/2322/2322 2331/2331/2331
f 4382/4382/4382 4383/4383/4383 4384/4384/4384
f 2331/2331/2331 2322/2322/2322 2329/2329/2329
f 2329/2329/2329 2322/2322/2322 2328/2328/2328
f 4383/4383/4383 4382/4382/4382 4381/4381/4381
f 4382/4382/4382 4380/4380/4380 4381/4381/4381
f 1464/1464/1464 1463/1463/1463 1462/1462/1462
f 4377/4377/4377 4375/4375/4375 4380/4380/4380
f 4380/4380/4380 4375/4375/4375 4381/4381/4381
f 4377/4377/4377 4376/4376/4376 4375/4375/4375
f 2334/2334/2334 2318/2318/2318 2330/2330/2330
f 2334/2334/2334 2330/2330/2330 2328/2328/2328
f 2330/2330/2330 2329/2329/2329 2328/2328/2328
f 2330/2330/2330 2332/2332/2332 2329/2329/2329
f 1463/1463/1463 1460/1460/1460 1462/1462/1462
f 1463/1463/1463 1465/1465/1465 1460/1460/1460
f 4380/4380/4380 4379/4379/4379 4377/4377/4377
f 1462/1462/1462 1460/1460/1460 1458/1458/1458
f 4376/4376/4376 4377/4377/4377 4378/4378/4378
f 4378/4378/4378 4377/4377/4377 4379/4379/4379
f 2318/2318/2318 2315/2315/2315 2330/2330/2330
f 2312/2312/2312 2320/2320/2320 2315/2315/2315
f 2320/2320/2320 2330/2330/2330 2315/2315/2315
f 2320/2320/2320 2332/2332/2332 2330/2330/2330
f 1465/1465/1465 1461/1461/1461 1460/1460/1460
f 1465/1465/1465 1466/1466/1466 1461/1461/1461
f 1460/1460/1460 1459/1459/1459 1458/1458/1458
f 1460/1460/1460 1461/1461/1461 1459/1459/1459
f 1453/1453/1453 1458/1458/1458 1452/1452/1452
f 1452/1452/1452 1458/1458/1458 1459/1459/1459
f 2312/2312/2312 2317/2317/2317 2320/2320/2320
f 1466/1466/1466 1468/1468/1468 1461/1461/1461
f 1461/1461/1461 1468/1468/1468 1467/1467/1467
f 1461/1461/1461 1467/1467/1467 1459/1459/1459
f 1459/1459/1459 1467/1467/1467 1454/1454/1454
f 1459/1459/1459 1454/1454/1454 1452/1452/1452
f 2335/2335/2335 2327/2327/2327 2326/2326/2326
f 4387/4387/4387 4389/4389/4389 4390/4390/4390
f 4390/4390/4390 4389/4389/4389 4422/4422/4422
f 4387/4387/4387 4386/4386/4386 4389/4389/4389
f 2326/2326/2326 2327/2327/2327 2321/2321/2321
f 2321/2321/2321 2327/2327/2327 2325/2325/2325
f 2321/2321/2321 2322/2322/2322 2323/2323/2323
f 4387/4387/4387 4388/4388/4388 4384/4384/4384
f 4390/4390/4390 4388/4388/4388 4387/4387/4387
f 4395/4395/4395 4385/4385/4385 4383/4383/4383
f 4383/4383/4383 4385/4385/4385 4384/4384/4384
f 4385/4385/4385 4386/4386/4386 4384/4384/4384
f 4386/4386/4386 4387/4387/4387 4384/4384/4384
f 4398/4398/4398 4413/4413/4413 4395/4395/4395
f 4395/4395/4395 4413/4413/4413 4385/4385/4385
f 4398/4398/4398 4374/4374/4374 4413/4413/4413
f 2321/2321/2321 2325/2325/2325 2324/2324/2324
f 2324/2324/2324 2325/2325/2325 2333/2333/2333
f 2324/2324/2324 2328/2328/2328 2322/2322/2322
f 2324/2324/2324 2322/2322/2322 2321/2321/2321
f 4381/4381/4381 4395/4395/4395 4383/4383/4383
f 4395/4395/4395 4381/4381/4381 4375/4375/4375
f 4395/4395/4395 4375/4375/4375 4398/4398/4398
f 4399/4399/4399 4373/4373/4373 4376/4376/4376
f 4376/4376/4376 4373/4373/4373 4375/4375/4375
f 4373/4373/4373 4374/4374/4374 4375/4375/4375
f 4374/4374/4374 4398/4398/4398 4375/4375/4375
f 4262/4262/4262 4290/4290/4290 4399/4399/4399
f 4399/4399/4399 4290/4290/4290 4373/4373/4373
f 4262/4262/4262 4289/4289/4289 4290/4290/4290
f 2324/2324/2324 2333/2333/2333 2334/2334/2334
f 2333/2333/2333 2318/2318/2318 2334/2334/2334
f 2333/2333/2333 2319/2319/2319 2318/2318/2318
f 2324/2324/2324 2334/2334/2334 2328/2328/2328
f 1453/1453/1453 1450/1450/1450 1455/1455/1455
f 1453/1453/1453 1455/1455/1455 1456/1456/1456
f 1455/1455/1455 1446/1446/1446 1457/1457/1457
f 1455/1455/1455 1450/1450/1450 1446/1446/1446
f 4289/4289/4289 4262/4262/4262 4260/4260/4260
f 4262/4262/4262 4261/4261/4261 4260/4260/4260
f 1457/1457/1457 1446/1446/1446 1449/1449/1449
f 4261/4261/4261 4259/4259/4259 4260/4260/4260
f 2319/2319/2319 2313/2313/2313 2318/2318/2318
f 2318/2318/2318 2313/2313/2313 2315/2315/2315
f 2312/2312/2312 2315/2315/2315 2313/2313/2313
f 2312/2312/2312 2313/2313/2313 2314/2314/2314
f 1452/1452/1452 1451/1451/1451 1450/1450/1450
f 1452/1452/1452 1450/1450/1450 1453/1453/1453
f 1450/1450/1450 1447/1447/1447 1446/1446/1446
f 1450/1450/1450 1451/1451/1451 1447/1447/1447
f 1446/1446/1446 1448/1448/1448 1449/1449/1449
f 1446/1446/1446 1447/1447/1447 1448/1448/1448
f 1982/1982/1982 1984/1984/1984 1981/1981/1981
f 1981/1981/1981 1984/1984/1984 1986/1986/1986
f 2314/2314/2314 2316/2316/2316 2312/2312/2312
f 2312/2312/2312 2316/2316/2316 2317/2317/2317
f 536/536/536 521/521/521 537/537/537
f 515/515/515 521/521/521 536/536/536
f 2022/2022/2022 2021/2021/2021 2019/2019/2019
f 521/521/521 531/531/531 537/537/537
f 1452/1452/1452 1454/1454/1454 1451/1451/1451
f 2019/2019/2019 2017/2017/2017 2018/2018/2018
f 2019/2019/2019 2021/2021/2021 2017/2017/2017
f 2018/2018/2018 2017/2017/2017 2000/2000/2000
f 2000/2000/2000 2017/2017/2017 1999/1999/1999
f 2000/2000/2000 1999/1999/1999 1986/1986/1986
f 1986/1986/1986 1999/1999/1999 1983/1983/1983
f 1986/1986/1986 1983/1983/1983 1981/1981/1981
f 2339/2339/2339 2338/2338/2338 2336/2336/2336
f 4423/4423/4423 4424/4424/4424 4425/4425/4425
f 2343/2343/2343 2342/2342/2342 2337/2337/2337
f 2343/2343/2343 2337/2337/2337 2338/2338/2338
f 2338/2338/2338 2337/2337/2337 2336/2336/2336
f 2337/2337/2337 2327/2327/2327 2336/2336/2336
f 2327/2327/2327 2335/2335/2335 2336/2336/2336
f 4393/4393/4393 4424/4424/4424 4423/4423/4423
f 4422/4422/4422 4393/4393/4393 4423/4423/4423
f 4389/4389/4389 4393/4393/4393 4422/4422/4422
f 4392/4392/4392 4391/4391/4391 4386/4386/4386
f 4391/4391/4391 4389/4389/4389 4386/4386/4386
f 4391/4391/4391 4393/4393/4393 4389/4389/4389
f 4392/4392/4392 4400/4400/4400 4391/4391/4391
f 2337/2337/2337 2342/2342/2342 2341/2341/2341
f 2341/2341/2341 2342/2342/2342 2348/2348/2348
f 2341/2341/2341 2325/2325/2325 2327/2327/2327
f 2341/2341/2341 2327/2327/2327 2337/2337/2337
f 4385/4385/4385 4392/4392/4392 4386/4386/4386
f 4401/4401/4401 4400/4400/4400 4392/4392/4392
f 4385/4385/4385 4401/4401/4401 4392/4392/4392
f 4413/4413/4413 4401/4401/4401 4385/4385/4385
f 4372/4372/4372 4396/4396/4396 4374/4374/4374
f 4396/4396/4396 4413/4413/4413 4374/4374/4374
f 4556/4556/4556 4559/4559/4559 4560/4560/4560
f 4371/4371/4371 4435/4435/4435 4372/4372/4372
f 4372/4372/4372 4435/4435/4435 4396/4396/4396
f 4371/4371/4371 4333/4333/4333 4435/4435/4435
f 2348/2348/2348 2350/2350/2350 2341/2341/2341
f 2325/2325/2325 2341/2341/2341 2350/2350/2350
f 2351/2351/2351 2325/2325/2325 2350/2350/2350
f 2333/2333/2333 2325/2325/2325 2351/2351/2351
f 4373/4373/4373 4372/4372/4372 4374/4374/4374
f 4372/4372/4372 4373/4373/4373 4290/4290/4290
f 4372/4372/4372 4290/4290/4290 4371/4371/4371
f 4252/4252/4252 4251/4251/4251 4289/4289/4289
f 4289/4289/4289 4251/4251/4251 4290/4290/4290
f 4251/4251/4251 4333/4333/4333 4290/4290/4290
f 4333/4333/4333 4371/4371/4371 4290/4290/4290
f 4253/4253/4253 4250/4250/4250 4252/4252/4252
f 4252/4252/4252 4250/4250/4250 4251/4251/4251
f 4253/4253/4253 4292/4292/4292 4250/4250/4250
f 513/513/513 512/512/512 473/473/473
f 512/512/512 507/507/507 473/473/473
f 2319/2319/2319 2333/2333/2333 2351/2351/2351
f 475/475/475 513/513/513 473/473/473
f 4260/4260/4260 4252/4252/4252 4289/4289/4289
f 4252/4252/4252 4260/4260/4260 4259/4259/4259
f 4254/4254/4254 4252/4252/4252 4259/4259/4259
f 4253/4253/4253 4252/4252/4252 4254/4254/4254
f 4292/4292/4292 4253/4253/4253 4256/4256/4256
f 4253/4253/4253 4255/4255/4255 4256/4256/4256
f 4253/4253/4253 4254/4254/4254 4255/4255/4255
f 4255/4255/4255 4257/4257/4257 4256/4256/4256
f 513/513/513 509/509/509 512/512/512
f 471/471/471 514/514/514 516/516/516
f 471/471/471 516/516/516 509/509/509
f 475/475/475 471/471/471 509/509/509
f 513/513/513 475/475/475 509/509/509
f 479/479/479 514/514/514 471/471/471
f 1981/1981/1981 1980/1980/1980 1979/1979/1979
f 1981/1981/1981 1979/1979/1979 1982/1982/1982
f 1979/1979/1979 1978/1978/1978 1977/1977/1977
f 1979/1979/1979 1980/1980/1980 1978/1978/1978
f 1967/1967/1967 1977/1977/1977 1966/1966/1966
f 1966/1966/1966 1977/1977/1977 1978/1978/1978
f 514/514/514 515/515/515 516/516/516
f 479/479/479 488/488/488 514/514/514
f 488/488/488 515/515/515 514/514/514
f 488/488/488 521/521/521 515/515/515
f 521/521/521 495/495/495 531/531/531
f 488/488/488 495/495/495 521/521/521
f 2501/2501/2501 2494/2494/2494 2500/2500/2500
f 495/495/495 524/524/524 531/531/531
f 2494/2494/2494 2493/2493/2493 2498/2498/2498
f 2499/2499/2499 2494/2494/2494 2498/2498/2498
f 2500/2500/2500 2494/2494/2494 2499/2499/2499
f 2499/2499/2499 2498/2498/2498 2491/2491/2491
f 2490/2490/2490 2499/2499/2499 2491/2491/2491
f 1983/1983/1983 1999/1999/1999 1960/1960/1960
f 1981/1981/1981 1983/1983/1983 1980/1980/1980
f 1983/1983/1983 1959/1959/1959 1980/1980/1980
f 1983/1983/1983 1960/1960/1960 1959/1959/1959
f 1980/1980/1980 1959/1959/1959 1978/1978/1978
f 1978/1978/1978 1959/1959/1959 1968/1968/1968
f 1978/1978/1978 1968/1968/1968 1966/1966/1966
f 2493/2493/2493 2495/2495/2495 2498/2498/2498
f 2931/2931/2931 2932/2932/2932 2933/2933/2933
f 2347/2347/2347 2345/2345/2345 2346/2346/2346
f 4428/4428/4428 4429/4429/4429 4430/4430/4430
f 4430/4430/4430 4429/4429/4429 4431/4431/4431
f 4428/4428/4428 4427/4427/4427 4429/4429/4429
f 2346/2346/2346 2345/2345/2345 2340/2340/2340
f 2340/2340/2340 2345/2345/2345 2344/2344/2344
f 2340/2340/2340 2338/2338/2338 2339/2339/2339
f 2355/2355/2355 2340/2340/2340 2339/2339/2339
f 4430/4430/4430 4432/4432/4432 4428/4428/4428
f 821/821/821 800/800/800 823/823/823
f 4424/4424/4424 4426/4426/4426 4425/4425/4425
f 4426/4426/4426 4427/4427/4427 4425/4425/4425
f 4427/4427/4427 4428/4428/4428 4425/4425/4425
f 821/821/821 798/798/798 800/800/800
f 2340/2340/2340 2344/2344/2344 2343/2343/2343
f 2344/2344/2344 2342/2342/2342 2343/2343/2343
f 2344/2344/2344 2349/2349/2349 2342/2342/2342
f 1/1/1 2/2/2 3/3/3
f 4/4/4 5/5/5 6/6/6
f 4393/4393/4393 4391/4391/4391 4394/4394/4394
f 820/820/820 803/803/803 821/821/821
f 803/803/803 798/798/798 821/821/821
f 820/820/820 818/818/818 803/803/803
f 819/819/819 818/818/818 820/820/820
f 2349/2349/2349 2348/2348/2348 2342/2342/2342
f 2352/2352/2352 2348/2348/2348 2349/2349/2349
f 805/805/805 803/803/803 818/818/818
f 805/805/805 818/818/818 819/819/819
f 809/809/809 805/805/805 819/819/819
f 807/807/807 805/805/805 809/809/809
f 4558/4558/4558 4559/4559/4559 4556/4556/4556
f 607/607/607 609/609/609 614/614/614
f 4555/4555/4555 4556/4556/4556 4557/4557/4557
f 4555/4555/4555 4558/4558/4558 4556/4556/4556
f 4435/4435/4435 4333/4333/4333 4313/4313/4313
f 4313/4313/4313 4333/4333/4333 4311/4311/4311
f 500/500/500 483/483/483 528/528/528
f 528/528/528 483/483/483 527/527/527
f 481/481/481 484/484/484 507/507/507
f 527/527/527 481/481/481 507/507/507
f 483/483/483 481/481/481 527/527/527
f 7/7/7 8/8/8 9/9/9
f 4293/4293/4293 4311/4311/4311 4333/4333/4333
f 4293/4293/4293 4333/4333/4333 4251/4251/4251
f 4248/4248/4248 4251/4251/4251 4250/4250/4250
f 4248/4248/4248 4293/4293/4293 4251/4251/4251
f 4550/4550/4550 4552/4552/4552 4554/4554/4554
f 4249/4249/4249 4250/4250/4250 4292/4292/4292
f 4249/4249/4249 4248/4248/4248 4250/4250/4250
f 4264/4264/4264 4291/4291/4291 4258/4258/4258
f 4550/4550/4550 4551/4551/4551 4552/4552/4552
f 10/10/10 11/11/11 12/12/12
f 484/484/484 473/473/473 507/507/507
f 469/469/469 468/468/468 475/475/475
f 469/469/469 475/475/475 473/473/473
f 472/472/472 469/469/469 473/473/473
f 484/484/484 472/472/472 473/473/473
f 467/467/467 468/468/468 469/469/469
f 4256/4256/4256 4258/4258/4258 4292/4292/4292
f 4258/4258/4258 4256/4256/4256 4257/4257/4257
f 4263/4263/4263 4258/4258/4258 4257/4257/4257
f 4264/4264/4264 4258/4258/4258 4263/4263/4263
f 4267/4267/4267 4264/4264/4264 4266/4266/4266
f 4264/4264/4264 4265/4265/4265 4266/4266/4266
f 4264/4264/4264 4263/4263/4263 4265/4265/4265
f 4265/4265/4265 4268/4268/4268 4266/4266/4266
f 468/468/468 471/471/471 475/475/475
f 477/477/477 486/486/486 479/479/479
f 477/477/477 479/479/479 471/471/471
f 467/467/467 477/477/477 471/471/471
f 468/468/468 467/467/467 471/471/471
f 478/478/478 487/487/487 486/486/486
f 478/478/478 486/486/486 477/477/477
f 489/489/489 487/487/487 478/478/478
f 1966/1966/1966 1965/1965/1965 1962/1962/1962
f 1966/1966/1966 1962/1962/1962 1967/1967/1967
f 1962/1962/1962 1963/1963/1963 1964/1964/1964
f 1962/1962/1962 1965/1965/1965 1963/1963/1963
f 1970/1970/1970 1964/1964/1964 1969/1969/1969
f 1969/1969/1969 1964/1964/1964 1963/1963/1963
f 486/486/486 488/488/488 479/479/479
f 488/488/488 486/486/486 495/495/495
f 495/495/495 486/486/486 487/487/487
f 489/489/489 491/491/491 487/487/487
f 491/491/491 495/495/495 487/487/487
f 491/491/491 524/524/524 495/495/495
f 2478/2478/2478 2492/2492/2492 2493/2493/2493
f 2494/2494/2494 2478/2478/2478 2493/2493/2493
f 491/491/491 510/510/510 524/524/524
f 2478/2478/2478 2491/2491/2491 2492/2492/2492
f 2478/2478/2478 2490/2490/2490 2491/2491/2491
f 2478/2478/2478 2456/2456/2456 2489/2489/2489
f 2490/2490/2490 2478/2478/2478 2489/2489/2489
f 1958/1958/1958 1959/1959/1959 1960/1960/1960
f 2497/2497/2497 2490/2490/2490 2489/2489/2489
f 1957/1957/1957 1968/1968/1968 1959/1959/1959
f 1957/1957/1957 1959/1959/1959 1958/1958/1958
f 1965/1965/1965 1966/1966/1966 1968/1968/1968
f 1957/1957/1957 1965/1965/1965 1968/1968/1968
f 1987/1987/1987 1965/1965/1965 1957/1957/1957
f 1975/1975/1975 1963/1963/1963 1998/1998/1998
f 1963/1963/1963 1987/1987/1987 1998/1998/1998
f 1963/1963/1963 1965/1965/1965 1987/1987/1987
f 1963/1963/1963 1975/1975/1975 1969/1969/1969
f 2492/2492/2492 2495/2495/2495 2493/2493/2493
f 2456/2456/2456 2455/2455/2455 2489/2489/2489
f 2495/2495/2495 2492/2492/2492 2491/2491/2491
f 2489/2489/2489 2455/2455/2455 2497/2497/2497
f 1958/1958/1958 1961/1961/1961 1956/1956/1956
f 1958/1958/1958 1956/1956/1956 1957/1957/1957
f 1957/1957/1957 1956/1956/1956 1954/1954/1954
f 1957/1957/1957 1954/1954/1954 1987/1987/1987
f 1987/1987/1987 1954/1954/1954 1953/1953/1953
f 1987/1987/1987 1953/1953/1953 1998/1998/1998
f 2357/2357/2357 2354/2354/2354 2347/2347/2347
f 2347/2347/2347 2354/2354/2354 2345/2345/2345
f 814/814/814 822/822/822 815/815/815
f 814/814/814 817/817/817 822/822/822
f 815/815/815 801/801/801 814/814/814
f 814/814/814 801/801/801 811/811/811
f 2354/2354/2354 2344/2344/2344 2345/2345/2345
f 2353/2353/2353 2344/2344/2344 2354/2354/2354
f 801/801/801 800/800/800 799/799/799
f 810/810/810 801/801/801 799/799/799
f 811/811/811 801/801/801 810/810/810
f 798/798/798 799/799/799 800/800/800
f 2353/2353/2353 2349/2349/2349 2344/2344/2344
f 2356/2356/2356 2349/2349/2349 2353/2353/2353
f 810/810/810 799/799/799 802/802/802
f 810/810/810 802/802/802 825/825/825
f 803/803/803 802/802/802 798/798/798
f 798/798/798 802/802/802 799/799/799
f 482/482/482 500/500/500 518/518/518
f 500/500/500 519/519/519 518/518/518
f 2352/2352/2352 2349/2349/2349 2356/2356/2356
f 506/506/506 474/474/474 482/482/482
f 506/506/506 482/482/482 518/518/518
f 474/474/474 506/506/506 533/533/533
f 532/532/532 474/474/474 533/533/533
f 529/529/529 474/474/474 532/532/532
f 805/805/805 804/804/804 803/803/803
f 804/804/804 802/802/802 803/803/803
f 534/534/534 529/529/529 532/532/532
f 807/807/807 806/806/806 805/805/805
f 805/805/805 806/806/806 804/804/804
f 607/607/607 606/606/606 609/609/609
f 609/609/609 606/606/606 608/608/608
f 613/613/613 603/603/603 607/607/607
f 607/607/607 603/603/603 606/606/606
f 4311/4311/4311 4312/4312/4312 4313/4313/4313
f 482/482/482 483/483/483 500/500/500
f 483/483/483 482/482/482 481/481/481
f 481/481/481 482/482/482 474/474/474
f 481/481/481 474/474/474 472/472/472
f 474/474/474 470/470/470 472/472/472
f 474/474/474 529/529/529 470/470/470
f 517/517/517 529/529/529 534/534/534
f 470/470/470 529/529/529 517/517/517
f 808/808/808 804/804/804 806/806/806
f 517/517/517 534/534/534 535/535/535
f 604/604/604 608/608/608 606/606/606
f 610/610/610 608/608/608 604/604/604
f 603/603/603 598/598/598 600/600/600
f 604/604/604 603/603/603 600/600/600
f 606/606/606 603/603/603 604/604/604
f 4310/4310/4310 4312/4312/4312 4311/4311/4311
f 4293/4293/4293 4310/4310/4310 4311/4311/4311
f 4309/4309/4309 4310/4310/4310 4293/4293/4293
f 4247/4247/4247 4293/4293/4293 4248/4248/4248
f 4247/4247/4247 4309/4309/4309 4293/4293/4293
f 4246/4246/4246 4248/4248/4248 4249/4249/4249
f 4246/4246/4246 4247/4247/4247 4248/4248/4248
f 4553/4553/4553 4552/4552/4552 4551/4551/4551
f 4294/4294/4294 4246/4246/4246 4249/4249/4249
f 4269/4269/4269 4270/4270/4270 4267/4267/4267
f 4270/4270/4270 4291/4291/4291 4267/4267/4267
f 4270/4270/4270 4294/4294/4294 4291/4291/4291
f 4272/4272/4272 4271/4271/4271 4269/4269/4269
f 4269/4269/4269 4271/4271/4271 4270/4270/4270
f 4272/4272/4272 4274/4274/4274 4271/4271/4271
f 470/470/470 469/469/469 472/472/472
f 469/469/469 470/470/470 467/467/467
f 470/470/470 476/476/476 467/467/467
f 470/470/470 517/517/517 476/476/476
f 611/611/611 615/615/615 610/610/610
f 476/476/476 517/517/517 480/480/480
f 604/604/604 601/601/601 605/605/605
f 611/611/611 604/604/604 605/605/605
f 610/610/610 604/604/604 611/611/611
f 601/601/601 604/604/604 600/600/600
f 4266/4266/4266 4269/4269/4269 4267/4267/4267
f 4269/4269/4269 4266/4266/4266 4268/4268/4268
f 4279/4279/4279 4269/4269/4269 4268/4268/4268
f 4272/4272/4272 4269/4269/4269 4279/4279/4279
f 4274/4274/4274 4272/4272/4272 4275/4275/4275
f 4272/4272/4272 4276/4276/4276 4275/4275/4275
f 4272/4272/4272 4279/4279/4279 4276/4276/4276
f 4276/4276/4276 4277/4277/4277 4275/4275/4275
f 476/476/476 477/477/477 467/467/467
f 477/477/477 476/476/476 478/478/478
f 478/478/478 476/476/476 480/480/480
f 490/490/490 492/492/492 489/489/489
f 490/490/490 489/489/489 478/478/478
f 485/485/485 490/490/490 478/478/478
f 480/480/480 485/485/485 478/478/478
f 494/494/494 492/492/492 490/490/490
f 1969/1969/1969 1972/1972/1972 1971/1971/1971
f 1969/1969/1969 1971/1971/1971 1970/1970/1970
f 1971/1971/1971 1973/1973/1973 1974/1974/1974
f 1971/1971/1971 1972/1972/1972 1973/1973/1973
f 1989/1989/1989 1974/1974/1974 1988/1988/1988
f 1988/1988/1988 1974/1974/1974 1973/1973/1973
f 492/492/492 491/491/491 489/489/489
f 494/494/494 493/493/493 492/492/492
f 493/493/493 491/491/491 492/492/492
f 493/493/493 510/510/510 491/491/491
f 2475/2475/2475 2454/2454/2454 2456/2456/2456
f 2478/2478/2478 2475/2475/2475 2456/2456/2456
f 493/493/493 498/498/498 510/510/510
f 2453/2453/2453 2454/2454/2454 2475/2475/2475
f 1998/1998/1998 1985/1985/1985 1975/1975/1975
f 1972/1972/1972 1969/1969/1969 1975/1975/1975
f 1985/1985/1985 1972/1972/1972 1975/1975/1975
f 1976/1976/1976 1972/1972/1972 1985/1985/1985
f 1992/1992/1992 1973/1973/1973 1996/1996/1996
f 1973/1973/1973 1976/1976/1976 1996/1996/1996
f 1973/1973/1973 1972/1972/1972 1976/1976/1976
f 1973/1973/1973 1992/1992/1992 1988/1988/1988
f 2454/2454/2454 2455/2455/2455 2456/2456/2456
f 2453/2453/2453 2452/2452/2452 2454/2454/2454
f 2452/2452/2452 2455/2455/2455 2454/2454/2454
f 2452/2452/2452 2470/2470/2470 2455/2455/2455
f 1956/1956/1956 1955/1955/1955 1954/1954/1954
f 2452/2452/2452 2450/2450/2450 2470/2470/2470
f 1954/1954/1954 1944/1944/1944 1953/1953/1953
f 1955/1955/1955 1944/1944/1944 1954/1954/1954
f 1998/1998/1998 1953/1953/1953 1985/1985/1985
f 1953/1953/1953 1938/1938/1938 1985/1985/1985
f 1953/1953/1953 1944/1944/1944 1938/1938/1938
f 1985/1985/1985 1938/1938/1938 1976/1976/1976
f 1976/1976/1976 1938/1938/1938 1935/1935/1935
f 1976/1976/1976 1935/1935/1935 1996/1996/1996
f 538/538/538 539/539/539 540/540/540
f 814/814/814 813/813/813 817/817/817
f 817/817/817 813/813/813 816/816/816
f 811/811/811 813/813/813 814/814/814
f 525/525/525 526/526/526 538/538/538
f 538/538/538 526/526/526 539/539/539
f 812/812/812 816/816/816 813/813/813
f 826/826/826 816/816/816 812/812/812
f 810/810/810 812/812/812 811/811/811
f 811/811/811 812/812/812 813/813/813
f 520/520/520 519/519/519 525/525/525
f 525/525/525 519/519/519 526/526/526
f 523/523/523 525/525/525 530/530/530
f 520/520/520 525/525/525 523/523/523
f 825/825/825 824/824/824 810/810/810
f 810/810/810 824/824/824 812/812/812
f 520/520/520 518/518/518 519/519/519
f 518/518/518 520/520/520 506/506/506
f 506/506/506 520/520/520 523/523/523
f 506/506/506 523/523/523 533/533/533
f 599/599/599 600/600/600 598/598/598
f 596/596/596 597/597/597 598/598/598
f 598/598/598 597/597/597 599/599/599
f 580/580/580 590/590/590 596/596/596
f 596/596/596 590/590/590 597/597/597
f 590/590/590 580/580/580 575/575/575
f 580/580/580 579/579/579 575/575/575
f 4247/4247/4247 4246/4246/4246 4245/4245/4245
f 4243/4243/4243 4246/4246/4246 4294/4294/4294
f 4243/4243/4243 4245/4245/4245 4246/4246/4246
f 4517/4517/4517 4519/4519/4519 4518/4518/4518
f 4244/4244/4244 4243/4243/4243 4294/4294/4294
f 4273/4273/4273 4270/4270/4270 4271/4271/4271
f 4514/4514/4514 4517/4517/4517 4518/4518/4518
f 4278/4278/4278 4420/4420/4420 4274/4274/4274
f 4420/4420/4420 4271/4271/4271 4274/4274/4274
f 4420/4420/4420 4273/4273/4273 4271/4271/4271
f 4281/4281/4281 4317/4317/4317 4278/4278/4278
f 4278/4278/4278 4317/4317/4317 4420/4420/4420
f 4281/4281/4281 4286/4286/4286 4317/4317/4317
f 602/602/602 605/605/605 601/601/601
f 600/600/600 599/599/599 601/601/601
f 599/599/599 602/602/602 601/601/601
f 599/599/599 612/612/612 602/602/602
f 595/595/595 599/599/599 597/597/597
f 612/612/612 599/599/599 595/595/595
f 590/590/590 589/589/589 591/591/591
f 595/595/595 590/590/590 591/591/591
f 597/597/597 590/590/590 595/595/595
f 589/589/589 590/590/590 575/575/575
f 4275/4275/4275 4278/4278/4278 4274/4274/4274
f 4278/4278/4278 4275/4275/4275 4277/4277/4277
f 4280/4280/4280 4278/4278/4278 4277/4277/4277
f 4281/4281/4281 4278/4278/4278 4280/4280/4280
f 4286/4286/4286 4281/4281/4281 4282/4282/4282
f 4282/4282/4282 4281/4281/4281 4280/4280/4280
f 496/496/496 490/490/490 485/485/485
f 490/490/490 496/496/496 494/494/494
f 496/496/496 497/497/497 494/494/494
f 496/496/496 511/511/511 497/497/497
f 2548/2548/2548 2549/2549/2549 2547/2547/2547
f 497/497/497 511/511/511 499/499/499
f 2547/2547/2547 2544/2544/2544 2543/2543/2543
f 2547/2547/2547 2543/2543/2543 2548/2548/2548
f 1988/1988/1988 1991/1991/1991 1990/1990/1990
f 1988/1988/1988 1990/1990/1990 1989/1989/1989
f 4282/4282/4282 4280/4280/4280 4283/4283/4283
f 4280/4280/4280 4284/4284/4284 4283/4283/4283
f 1990/1990/1990 1991/1991/1991 1993/1993/1993
f 4284/4284/4284 4285/4285/4285 4283/4283/4283
f 497/497/497 493/493/493 494/494/494
f 493/493/493 497/497/497 498/498/498
f 498/498/498 497/497/497 499/499/499
f 2463/2463/2463 2451/2451/2451 2453/2453/2453
f 502/502/502 522/522/522 498/498/498
f 501/501/501 502/502/502 498/498/498
f 499/499/499 501/501/501 498/498/498
f 2464/2464/2464 2449/2449/2449 2451/2451/2451
f 2464/2464/2464 2451/2451/2451 2463/2463/2463
f 2448/2448/2448 2449/2449/2449 2464/2464/2464
f 1996/1996/1996 1995/1995/1995 1992/1992/1992
f 1991/1991/1991 1988/1988/1988 1992/1992/1992
f 1995/1995/1995 1991/1991/1991 1992/1992/1992
f 1994/1994/1994 1991/1991/1991 1995/1995/1995
f 2001/2001/2001 1993/1993/1993 1997/1997/1997
f 1993/1993/1993 1994/1994/1994 1997/1997/1997
f 1993/1993/1993 1991/1991/1991 1994/1994/1994
f 1993/1993/1993 2001/2001/2001 2002/2002/2002
f 2451/2451/2451 2452/2452/2452 2453/2453/2453
f 2452/2452/2452 2451/2451/2451 2450/2450/2450
f 2450/2450/2450 2451/2451/2451 2449/2449/2449
f 2448/2448/2448 2447/2447/2447 2449/2449/2449
f 2447/2447/2447 2450/2450/2450 2449/2449/2449
f 2447/2447/2447 2472/2472/2472 2450/2450/2450
f 1944/1944/1944 1943/1943/1943 1938/1938/1938
f 2447/2447/2447 2471/2471/2471 2472/2472/2472
f 1938/1938/1938 1934/1934/1934 1935/1935/1935
f 1943/1943/1943 1934/1934/1934 1938/1938/1938
f 1996/1996/1996 1935/1935/1935 1995/1995/1995
f 1935/1935/1935 1933/1933/1933 1995/1995/1995
f 1935/1935/1935 1934/1934/1934 1933/1933/1933
f 1995/1995/1995 1933/1933/1933 1994/1994/1994
f 1994/1994/1994 1933/1933/1933 1930/1930/1930
f 1994/1994/1994 1930/1930/1930 1997/1997/1997
f 925/925/925 916/916/916 917/917/917
f 5197/5197/5197 5235/5235/5235 5200/5200/5200
f 5200/5200/5200 5235/5235/5235 5248/5248/5248
f 5197/5197/5197 5198/5198/5198 5235/5235/5235
f 917/917/917 916/916/916 913/913/913
f 913/913/913 916/916/916 909/909/909
f 5200/5200/5200 5199/5199/5199 5197/5197/5197
f 5200/5200/5200 5201/5201/5201 5199/5199/5199
f 5198/5198/5198 5197/5197/5197 5195/5195/5195
f 5197/5197/5197 5196/5196/5196 5195/5195/5195
f 5197/5197/5197 5199/5199/5199 5196/5196/5196
f 5196/5196/5196 5194/5194/5194 5195/5195/5195
f 909/909/909 911/911/911 913/913/913
f 2656/2656/2656 2655/2655/2655 2643/2643/2643
f 2643/2643/2643 2655/2655/2655 2642/2642/2642
f 2643/2643/2643 2642/2642/2642 2641/2641/2641
f 2641/2641/2641 2642/2642/2642 2639/2639/2639
f 2641/2641/2641 2639/2639/2639 2640/2640/2640
f 4228/4228/4228 4237/4237/4237 4232/4232/4232
f 4232/4232/4232 4230/4230/4230 4228/4228/4228
f 574/574/574 575/575/575 579/579/579
f 574/574/574 579/579/579 571/571/571
f 579/579/579 578/578/578 571/571/571
f 4245/4245/4245 4243/4243/4243 4242/4242/4242
f 4241/4241/4241 4243/4243/4243 4244/4244/4244
f 4241/4241/4241 4242/4242/4242 4243/4243/4243
f 4516/4516/4516 4517/4517/4517 4514/4514/4514
f 4328/4328/4328 4241/4241/4241 4244/4244/4244
f 4420/4420/4420 4232/4232/4232 4237/4237/4237
f 4328/4328/4328 4420/4420/4420 4237/4237/4237
f 4514/4514/4514 4515/4515/4515 4516/4516/4516
f 4236/4236/4236 4230/4230/4230 4232/4232/4232
f 4420/4420/4420 4236/4236/4236 4232/4232/4232
f 4317/4317/4317 4236/4236/4236 4420/4420/4420
f 4542/4542/4542 4544/4544/4544 4545/4545/4545
f 4544/4544/4544 4547/4547/4547 4545/4545/4545
f 4235/4235/4235 4236/4236/4236 4317/4317/4317
f 4542/4542/4542 4543/4543/4543 4544/4544/4544
f 592/592/592 591/591/591 589/589/589
f 576/576/576 592/592/592 589/589/589
f 576/576/576 589/589/589 575/575/575
f 573/573/573 576/576/576 575/575/575
f 574/574/574 573/573/573 575/575/575
f 573/573/573 574/574/574 571/571/571
f 4282/4282/4282 4288/4288/4288 4287/4287/4287
f 4282/4282/4282 4287/4287/4287 4286/4286/4286
f 4302/4302/4302 4287/4287/4287 4297/4297/4297
f 4287/4287/4287 4296/4296/4296 4297/4297/4297
f 4287/4287/4287 4288/4288/4288 4296/4296/4296
f 4296/4296/4296 4298/4298/4298 4297/4297/4297
f 2542/2542/2542 2543/2543/2543 2541/2541/2541
f 2541/2541/2541 2543/2543/2543 2544/2544/2544
f 2541/2541/2541 2522/2522/2522 2511/2511/2511
f 2541/2541/2541 2511/2511/2511 2542/2542/2542
f 4283/4283/4283 4288/4288/4288 4282/4282/4282
f 2015/2015/2015 2020/2020/2020 2002/2002/2002
f 2004/2004/2004 2015/2015/2015 2002/2002/2002
f 2016/2016/2016 2015/2015/2015 2004/2004/2004
f 4298/4298/4298 4296/4296/4296 4300/4300/4300
f 4300/4300/4300 4296/4296/4296 4301/4301/4301
f 503/503/503 502/502/502 501/501/501
f 508/508/508 504/504/504 503/503/503
f 504/504/504 502/502/502 503/503/503
f 504/504/504 505/505/505 502/502/502
f 2468/2468/2468 2446/2446/2446 2448/2448/2448
f 2464/2464/2464 2468/2468/2468 2448/2448/2448
f 2510/2510/2510 2468/2468/2468 2464/2464/2464
f 2445/2445/2445 2446/2446/2446 2468/2468/2468
f 1997/1997/1997 2014/2014/2014 2001/2001/2001
f 2014/2014/2014 2003/2003/2003 2001/2001/2001
f 2001/2001/2001 2003/2003/2003 2002/2002/2002
f 2003/2003/2003 1922/1922/1922 2002/2002/2002
f 1922/1922/1922 2004/2004/2004 2002/2002/2002
f 2004/2004/2004 1922/1922/1922 2005/2005/2005
f 2446/2446/2446 2447/2447/2447 2448/2448/2448
f 2445/2445/2445 2444/2444/2444 2446/2446/2446
f 2444/2444/2444 2447/2447/2447 2446/2446/2446
f 2444/2444/2444 2471/2471/2471 2447/2447/2447
f 2471/2471/2471 2473/2473/2473 2479/2479/2479
f 2444/2444/2444 2473/2473/2473 2471/2471/2471
f 1934/1934/1934 1932/1932/1932 1933/1933/1933
f 2473/2473/2473 2480/2480/2480 2479/2479/2479
f 1933/1933/1933 1929/1929/1929 1930/1930/1930
f 1932/1932/1932 1929/1929/1929 1933/1933/1933
f 1997/1997/1997 1930/1930/1930 2014/2014/2014
f 1930/1930/1930 1928/1928/1928 2014/2014/2014
f 1930/1930/1930 1929/1929/1929 1928/1928/1928
f 2014/2014/2014 1928/1928/1928 2003/2003/2003
f 3464/3464/3464 3462/3462/3462 3463/3463/3463
f 1016/1016/1016 1013/1013/1013 1022/1022/1022
f 3463/3463/3463 3462/3462/3462 3461/3461/3461
f 3461/3461/3461 3462/3462/3462 3459/3459/3459
f 1013/1013/1013 1016/1016/1016 1012/1012/1012
f 1012/1012/1012 1016/1016/1016 1017/1017/1017
f 927/927/927 918/918/918 926/926/926
f 5207/5207/5207 5206/5206/5206 5211/5211/5211
f 5211/5211/5211 5206/5206/5206 5209/5209/5209
f 5207/5207/5207 5205/5205/5205 5206/5206/5206
f 3461/3461/3461 3459/3459/3459 3460/3460/3460
f 3460/3460/3460 3459/3459/3459 3458/3458/3458
f 1012/1012/1012 1017/1017/1017 1015/1015/1015
f 1015/1015/1015 1017/1017/1017 1018/1018/1018
f 926/926/926 918/918/918 925/925/925
f 918/918/918 916/916/916 925/925/925
f 918/918/918 906/906/906 916/916/916
f 5211/5211/5211 5248/5248/5248 5235/5235/5235
f 5211/5211/5211 5235/5235/5235 5207/5207/5207
f 5192/5192/5192 5246/5246/5246 5198/5198/5198
f 5198/5198/5198 5246/5246/5246 5235/5235/5235
f 5246/5246/5246 5205/5205/5205 5235/5235/5235
f 5205/5205/5205 5207/5207/5207 5235/5235/5235
f 5191/5191/5191 5190/5190/5190 5192/5192/5192
f 5192/5192/5192 5190/5190/5190 5246/5246/5246
f 5191/5191/5191 5189/5189/5189 5190/5190/5190
f 3458/3458/3458 3442/3442/3442 3460/3460/3460
f 1018/1018/1018 1024/1024/1024 1015/1015/1015
f 906/906/906 909/909/909 916/916/916
f 908/908/908 909/909/909 906/906/906
f 5195/5195/5195 5192/5192/5192 5198/5198/5198
f 5192/5192/5192 5195/5195/5195 5194/5194/5194
f 5193/5193/5193 5192/5192/5192 5194/5194/5194
f 5191/5191/5191 5192/5192/5192 5193/5193/5193
f 5189/5189/5189 5191/5191/5191 5216/5216/5216
f 5216/5216/5216 5191/5191/5191 5193/5193/5193
f 908/908/908 910/910/910 909/909/909
f 909/909/909 910/910/910 911/911/911
f 5831/5831/5831 5739/5739/5739 5834/5834/5834
f 5862/5862/5862 5863/5863/5863 5864/5864/5864
f 911/911/911 910/910/910 915/915/915
f 5740/5740/5740 5834/5834/5834 5737/5737/5737
f 5730/5730/5730 5740/5740/5740 5737/5737/5737
f 2639/2639/2639 2642/2642/2642 2657/2657/2657
f 2640/2640/2640 2639/2639/2639 2638/2638/2638
f 2639/2639/2639 2636/2636/2636 2638/2638/2638
f 2639/2639/2639 2657/2657/2657 2636/2636/2636
f 2638/2638/2638 2636/2636/2636 2637/2637/2637
f 5739/5739/5739 5738/5738/5738 5834/5834/5834
f 2925/2925/2925 2926/2926/2926 2927/2927/2927
f 4226/4226/4226 4227/4227/4227 4228/4228/4228
f 4228/4228/4228 4227/4227/4227 4237/4237/4237
f 4231/4231/4231 4229/4229/4229 4230/4230/4230
f 4229/4229/4229 4228/4228/4228 4230/4230/4230
f 4229/4229/4229 4226/4226/4226 4228/4228/4228
f 4234/4234/4234 4233/4233/4233 4231/4231/4231
f 4231/4231/4231 4233/4233/4233 4229/4229/4229
f 4234/4234/4234 4397/4397/4397 4233/4233/4233
f 572/572/572 571/571/571 578/578/578
f 572/572/572 578/578/578 565/565/565
f 578/578/578 581/581/581 565/565/565
f 4242/4242/4242 4241/4241/4241 4240/4240/4240
f 4238/4238/4238 4241/4241/4241 4328/4328/4328
f 4238/4238/4238 4240/4240/4240 4241/4241/4241
f 4328/4328/4328 4237/4237/4237 4227/4227/4227
f 4328/4328/4328 4227/4227/4227 4238/4238/4238
f 4236/4236/4236 4231/4231/4231 4230/4230/4230
f 4231/4231/4231 4236/4236/4236 4235/4235/4235
f 4231/4231/4231 4235/4235/4235 4234/4234/4234
f 4299/4299/4299 4318/4318/4318 4302/4302/4302
f 4543/4543/4543 4546/4546/4546 4544/4544/4544
f 4546/4546/4546 4548/4548/4548 4544/4544/4544
f 4397/4397/4397 4234/4234/4234 4235/4235/4235
f 4539/4539/4539 4538/4538/4538 4540/4540/4540
f 4540/4540/4540 4538/4538/4538 4541/4541/4541
f 4539/4539/4539 4535/4535/4535 4538/4538/4538
f 577/577/577 576/576/576 573/573/573
f 570/570/570 577/577/577 573/573/573
f 570/570/570 573/573/573 571/571/571
f 568/568/568 570/570/570 571/571/571
f 572/572/572 568/568/568 571/571/571
f 568/568/568 572/572/572 565/565/565
f 4297/4297/4297 4299/4299/4299 4302/4302/4302
f 4299/4299/4299 4297/4297/4297 4298/4298/4298
f 4303/4303/4303 4299/4299/4299 4298/4298/4298
f 4305/4305/4305 4299/4299/4299 4303/4303/4303
f 4307/4307/4307 4305/4305/4305 4306/4306/4306
f 4306/4306/4306 4305/4305/4305 4303/4303/4303
f 2509/2509/2509 2511/2511/2511 2521/2521/2521
f 2521/2521/2521 2511/2511/2511 2522/2522/2522
f 2521/2521/2521 2537/2537/2537 2535/2535/2535
f 2508/2508/2508 2521/2521/2521 2535/2535/2535
f 2509/2509/2509 2521/2521/2521 2508/2508/2508
f 2507/2507/2507 2508/2508/2508 2535/2535/2535
f 4300/4300/4300 4314/4314/4314 4303/4303/4303
f 4300/4300/4300 4303/4303/4303 4298/4298/4298
f 4306/4306/4306 4303/4303/4303 4308/4308/4308
f 4308/4308/4308 4303/4303/4303 4314/4314/4314
f 1186/1186/1186 1190/1190/1190 1191/1191/1191
f 1191/1191/1191 1185/1185/1185 1186/1186/1186
f 2509/2509/2509 2510/2510/2510 2511/2511/2511
f 2510/2510/2510 2509/2509/2509 2468/2468/2468
f 2468/2468/2468 2509/2509/2509 2508/2508/2508
f 2461/2461/2461 2443/2443/2443 2445/2445/2445
f 2461/2461/2461 2445/2445/2445 2468/2468/2468
f 2507/2507/2507 2461/2461/2461 2468/2468/2468
f 2508/2508/2508 2507/2507/2507 2468/2468/2468
f 2441/2441/2441 2443/2443/2443 2461/2461/2461
f 1897/1897/1897 1899/1899/1899 1922/1922/1922
f 1897/1897/1897 1922/1922/1922 2003/2003/2003
f 2005/2005/2005 1922/1922/1922 2006/2006/2006
f 1922/1922/1922 1902/1902/1902 2006/2006/2006
f 1922/1922/1922 1899/1899/1899 1902/1902/1902
f 2006/2006/2006 1902/1902/1902 2007/2007/2007
f 1893/1893/1893 1894/1894/1894 1895/1895/1895
f 1495/1495/1495 1497/1497/1497 1531/1531/1531
f 1895/1895/1895 1894/1894/1894 1924/1924/1924
f 1615/1615/1615 1567/1567/1567 1620/1620/1620
f 1620/1620/1620 1567/1567/1567 1621/1621/1621
f 1614/1614/1614 1572/1572/1572 1615/1615/1615
f 1615/1615/1615 1572/1572/1572 1567/1567/1567
f 1610/1610/1610 1574/1574/1574 1614/1614/1614
f 1614/1614/1614 1574/1574/1574 1572/1572/1572
f 1611/1611/1611 1576/1576/1576 1610/1610/1610
f 1610/1610/1610 1576/1576/1576 1574/1574/1574
f 1612/1612/1612 1578/1578/1578 1611/1611/1611
f 1611/1611/1611 1578/1578/1578 1576/1576/1576
f 1014/1014/1014 1006/1006/1006 1020/1020/1020
f 2443/2443/2443 2444/2444/2444 2445/2445/2445
f 2441/2441/2441 2440/2440/2440 2443/2443/2443
f 2440/2440/2440 2444/2444/2444 2443/2443/2443
f 2440/2440/2440 2473/2473/2473 2444/2444/2444
f 2473/2473/2473 2476/2476/2476 2480/2480/2480
f 2440/2440/2440 2476/2476/2476 2473/2473/2473
f 1932/1932/1932 1931/1931/1931 1929/1929/1929
f 2476/2476/2476 2481/2481/2481 2480/2480/2480
f 1929/1929/1929 1927/1927/1927 1928/1928/1928
f 1931/1931/1931 1927/1927/1927 1929/1929/1929
f 2003/2003/2003 1928/1928/1928 1897/1897/1897
f 1897/1897/1897 1928/1928/1928 1927/1927/1927
f 1495/1495/1495 1496/1496/1496 1497/1497/1497
f 1497/1497/1497 1496/1496/1496 1517/1517/1517
f 1517/1517/1517 1496/1496/1496 1505/1505/1505
f 1517/1517/1517 1505/1505/1505 1522/1522/1522
f 1522/1522/1522 1505/1505/1505 1523/1523/1523
f 1522/1522/1522 1523/1523/1523 1529/1529/1529
f 1529/1529/1529 1523/1523/1523 1530/1530/1530
f 3478/3478/3478 3462/3462/3462 3464/3464/3464
f 3479/3479/3479 3478/3478/3478 3464/3464/3464
f 1611/1611/1611 1610/1610/1610 1613/1613/1613
f 3480/3480/3480 3478/3478/3478 3479/3479/3479
f 1023/1023/1023 1022/1022/1022 1013/1013/1013
f 1011/1011/1011 1023/1023/1023 1013/1013/1013
f 1014/1014/1014 1023/1023/1023 1011/1011/1011
f 1006/1006/1006 1014/1014/1014 1005/1005/1005
f 1014/1014/1014 1008/1008/1008 1005/1005/1005
f 1014/1014/1014 1011/1011/1011 1008/1008/1008
f 1008/1008/1008 1003/1003/1003 1005/1005/1005
f 932/932/932 931/931/931 928/928/928
f 1852/1852/1852 1851/1851/1851 1860/1860/1860
f 3448/3448/3448 3445/3445/3445 3449/3449/3449
f 3478/3478/3478 3448/3448/3448 3449/3449/3449
f 3516/3516/3516 3518/3518/3518 3517/3517/3517
f 3462/3462/3462 3478/3478/3478 3459/3459/3459
f 1012/1012/1012 1010/1010/1010 1011/1011/1011
f 1012/1012/1012 1011/1011/1011 1013/1013/1013
f 1011/1011/1011 1007/1007/1007 1008/1008/1008
f 1011/1011/1011 1010/1010/1010 1007/1007/1007
f 1003/1003/1003 1008/1008/1008 1001/1001/1001
f 1001/1001/1001 1008/1008/1008 1007/1007/1007
f 924/924/924 892/892/892 905/905/905
f 924/924/924 905/905/905 931/931/931
f 931/931/931 905/905/905 928/928/928
f 905/905/905 918/918/918 928/928/928
f 918/918/918 927/927/927 928/928/928
f 1835/1835/1835 1851/1851/1851 1852/1852/1852
f 5209/5209/5209 5208/5208/5208 5210/5210/5210
f 5206/5206/5206 5208/5208/5208 5209/5209/5209
f 5202/5202/5202 5204/5204/5204 5205/5205/5205
f 5204/5204/5204 5206/5206/5206 5205/5205/5205
f 5204/5204/5204 5208/5208/5208 5206/5206/5206
f 5188/5188/5188 5203/5203/5203 5202/5202/5202
f 5202/5202/5202 5203/5203/5203 5204/5204/5204
f 5187/5187/5187 5212/5212/5212 5188/5188/5188
f 5188/5188/5188 5212/5212/5212 5203/5203/5203
f 5187/5187/5187 5247/5247/5247 5212/5212/5212
f 3449/3449/3449 3445/3445/3445 3443/3443/3443
f 3443/3443/3443 3445/3445/3445 3444/3444/3444
f 3443/3443/3443 3458/3458/3458 3459/3459/3459
f 3515/3515/3515 3516/3516/3516 3517/3517/3517
f 1015/1015/1015 1019/1019/1019 1010/1010/1010
f 1015/1015/1015 1010/1010/1010 1012/1012/1012
f 1010/1010/1010 1009/1009/1009 1007/1007/1007
f 1010/1010/1010 1019/1019/1019 1009/1009/1009
f 1001/1001/1001 1007/1007/1007 1002/1002/1002
f 1002/1002/1002 1007/1007/1007 1009/1009/1009
f 905/905/905 892/892/892 904/904/904
f 904/904/904 892/892/892 891/891/891
f 904/904/904 906/906/906 918/918/918
f 904/904/904 918/918/918 905/905/905
f 5246/5246/5246 5202/5202/5202 5205/5205/5205
f 5202/5202/5202 5246/5246/5246 5190/5190/5190
f 5202/5202/5202 5190/5190/5190 5188/5188/5188
f 5188/5188/5188 5190/5190/5190 5189/5189/5189
f 5186/5186/5186 5188/5188/5188 5189/5189/5189
f 5187/5187/5187 5188/5188/5188 5186/5186/5186
f 5247/5247/5247 5187/5187/5187 5214/5214/5214
f 5187/5187/5187 5183/5183/5183 5214/5214/5214
f 5187/5187/5187 5186/5186/5186 5183/5183/5183
f 5182/5182/5182 5180/5180/5180 5183/5183/5183
f 5183/5183/5183 5180/5180/5180 5214/5214/5214
f 5182/5182/5182 5179/5179/5179 5180/5180/5180
f 3444/3444/3444 3441/3441/3441 3443/3443/3443
f 3441/3441/3441 3438/3438/3438 3440/3440/3440
f 3441/3441/3441 3440/3440/3440 3442/3442/3442
f 3443/3443/3443 3441/3441/3441 3442/3442/3442
f 3458/3458/3458 3443/3443/3443 3442/3442/3442
f 1027/1027/1027 1025/1025/1025 1024/1024/1024
f 1024/1024/1024 1025/1025/1025 1015/1015/1015
f 1025/1025/1025 1033/1033/1033 1015/1015/1015
f 1033/1033/1033 1019/1019/1019 1015/1015/1015
f 1019/1019/1019 1033/1033/1033 1009/1009/1009
f 1009/1009/1009 1033/1033/1033 1026/1026/1026
f 1009/1009/1009 1026/1026/1026 1002/1002/1002
f 891/891/891 900/900/900 904/904/904
f 906/906/906 904/904/904 900/900/900
f 907/907/907 906/906/906 900/900/900
f 908/908/908 906/906/906 907/907/907
f 5216/5216/5216 5213/5213/5213 5186/5186/5186
f 5216/5216/5216 5186/5186/5186 5189/5189/5189
f 5186/5186/5186 5185/5185/5185 5183/5183/5183
f 5186/5186/5186 5213/5213/5213 5185/5185/5185
f 5183/5183/5183 5184/5184/5184 5182/5182/5182
f 5183/5183/5183 5185/5185/5185 5184/5184/5184
f 2620/2620/2620 2621/2621/2621 2619/2619/2619
f 2619/2619/2619 2621/2621/2621 2622/2622/2622
f 3440/3440/3440 3438/3438/3438 3439/3439/3439
f 3439/3439/3439 3438/3438/3438 3437/3437/3437
f 1025/1025/1025 1027/1027/1027 1028/1028/1028
f 1028/1028/1028 1027/1027/1027 1032/1032/1032
f 907/907/907 912/912/912 908/908/908
f 908/908/908 912/912/912 910/910/910
f 5734/5734/5734 5736/5736/5736 5739/5739/5739
f 5831/5831/5831 5734/5734/5734 5739/5739/5739
f 5742/5742/5742 5734/5734/5734 5831/5831/5831
f 5730/5730/5730 5737/5737/5737 5736/5736/5736
f 5734/5734/5734 5730/5730/5730 5736/5736/5736
f 5728/5728/5728 5730/5730/5730 5734/5734/5734
f 5730/5730/5730 5729/5729/5729 5731/5731/5731
f 5728/5728/5728 5729/5729/5729 5730/5730/5730
f 2637/2637/2637 2636/2636/2636 2635/2635/2635
f 2636/2636/2636 2634/2634/2634 2635/2635/2635
f 5731/5731/5731 5729/5729/5729 5733/5733/5733
f 2635/2635/2635 2634/2634/2634 2630/2630/2630
f 2630/2630/2630 2634/2634/2634 2629/2629/2629
f 2630/2630/2630 2629/2629/2629 2622/2622/2622
f 2622/2622/2622 2629/2629/2629 2623/2623/2623
f 2622/2622/2622 2623/2623/2623 2619/2619/2619
f 5070/5070/5070 5071/5071/5071 5072/5072/5072
f 1032/1032/1032 1034/1034/1034 1028/1028/1028
f 5736/5736/5736 5738/5738/5738 5739/5739/5739
f 5738/5738/5738 5736/5736/5736 5737/5737/5737
f 6176/6176/6176 6177/6177/6177 6178/6178/6178
f 6175/6175/6175 6174/6174/6174 6173/6173/6173
f 6203/6203/6203 6199/6199/6199 6198/6198/6198
f 6168/6168/6168 6169/6169/6169 6170/6170/6170
f 6193/6193/6193 6192/6192/6192 6197/6197/6197
f 6164/6164/6164 6165/6165/6165 6166/6166/6166
f 6198/6198/6198 6199/6199/6199 6200/6200/6200
f 6200/6200/6200 6199/6199/6199 6201/6201/6201
f 6192/6192/6192 6193/6193/6193 6194/6194/6194
f 6194/6194/6194 6193/6193/6193 6195/6195/6195
f 6201/6201/6201 6202/6202/6202 6200/6200/6200
f 6195/6195/6195 6196/6196/6196 6194/6194/6194
f 4223/4223/4223 4225/4225/4225 4226/4226/4226
f 4226/4226/4226 4225/4225/4225 4227/4227/4227
f 4295/4295/4295 4226/4226/4226 4229/4229/4229
f 4295/4295/4295 4223/4223/4223 4226/4226/4226
f 4419/4419/4419 4229/4229/4229 4233/4233/4233
f 4419/4419/4419 4295/4295/4295 4229/4229/4229
f 4182/4182/4182 4214/4214/4214 4397/4397/4397
f 4506/4506/4506 4508/4508/4508 4509/4509/4509
f 4506/4506/4506 4507/4507/4507 4508/4508/4508
f 4181/4181/4181 4177/4177/4177 4182/4182/4182
f 4182/4182/4182 4177/4177/4177 4214/4214/4214
f 4181/4181/4181 4178/4178/4178 4177/4177/4177
f 582/582/582 565/565/565 581/581/581
f 582/582/582 581/581/581 583/583/583
f 581/581/581 587/587/587 583/583/583
f 4240/4240/4240 4238/4238/4238 4239/4239/4239
f 4238/4238/4238 4227/4227/4227 4225/4225/4225
f 4238/4238/4238 4225/4225/4225 4239/4239/4239
f 4546/4546/4546 4549/4549/4549 4548/4548/4548
f 4182/4182/4182 4318/4318/4318 4213/4213/4213
f 4182/4182/4182 4213/4213/4213 4181/4181/4181
f 4534/4534/4534 4537/4537/4537 4535/4535/4535
f 4535/4535/4535 4537/4537/4537 4538/4538/4538
f 4315/4315/4315 4178/4178/4178 4213/4213/4213
f 4178/4178/4178 4181/4181/4181 4213/4213/4213
f 4212/4212/4212 4188/4188/4188 4315/4315/4315
f 4195/4195/4195 4193/4193/4193 4194/4194/4194
f 4197/4197/4197 4196/4196/4196 4194/4194/4194
f 4194/4194/4194 4196/4196/4196 4195/4195/4195
f 4200/4200/4200 4198/4198/4198 4197/4197/4197
f 4197/4197/4197 4198/4198/4198 4196/4196/4196
f 4200/4200/4200 4201/4201/4201 4198/4198/4198
f 569/569/569 570/570/570 568/568/568
f 564/564/564 569/569/569 568/568/568
f 564/564/564 568/568/568 565/565/565
f 563/563/563 564/564/564 565/565/565
f 582/582/582 563/563/563 565/565/565
f 563/563/563 582/582/582 583/583/583
f 4533/4533/4533 4536/4536/4536 4534/4534/4534
f 4533/4533/4533 4534/4534/4534 4535/4535/4535
f 4188/4188/4188 4212/4212/4212 4189/4189/4189
f 4212/4212/4212 4191/4191/4191 4189/4189/4189
f 4212/4212/4212 4319/4319/4319 4191/4191/4191
f 4192/4192/4192 4190/4190/4190 4191/4191/4191
f 4191/4191/4191 4190/4190/4190 4189/4189/4189
f 4190/4190/4190 4192/4192/4192 4193/4193/4193
f 4192/4192/4192 4194/4194/4194 4193/4193/4193
f 1192/1192/1192 1188/1188/1188 1187/1187/1187
f 1187/1187/1187 1183/1183/1183 1184/1184/1184
f 1187/1187/1187 1188/1188/1188 1183/1183/1183
f 4197/4197/4197 4208/4208/4208 4200/4200/4200
f 1184/1184/1184 1183/1183/1183 1181/1181/1181
f 4201/4201/4201 4200/4200/4200 4202/4202/4202
f 4200/4200/4200 4203/4203/4203 4202/4202/4202
f 4200/4200/4200 4208/4208/4208 4203/4203/4203
f 4203/4203/4203 4207/4207/4207 4202/4202/4202
f 2536/2536/2536 2535/2535/2535 2537/2537/2537
f 2528/2528/2528 2506/2506/2506 2507/2507/2507
f 2528/2528/2528 2507/2507/2507 2535/2535/2535
f 2534/2534/2534 2528/2528/2528 2535/2535/2535
f 2536/2536/2536 2534/2534/2534 2535/2535/2535
f 2505/2505/2505 2506/2506/2506 2528/2528/2528
f 2007/2007/2007 2008/2008/2008 2009/2009/2009
f 2007/2007/2007 2009/2009/2009 2013/2013/2013
f 2009/2009/2009 2010/2010/2010 2011/2011/2011
f 2009/2009/2009 2008/2008/2008 2010/2010/2010
f 1888/1888/1888 1890/1890/1890 2012/2012/2012
f 1890/1890/1890 2010/2010/2010 2012/2012/2012
f 1890/1890/1890 2011/2011/2011 2010/2010/2010
f 1886/1886/1886 1887/1887/1887 1888/1888/1888
f 1887/1887/1887 1890/1890/1890 1888/1888/1888
f 1887/1887/1887 1896/1896/1896 1890/1890/1890
f 1189/1189/1189 1190/1190/1190 1186/1186/1186
f 1183/1183/1183 1189/1189/1189 1186/1186/1186
f 1188/1188/1188 1189/1189/1189 1183/1183/1183
f 1183/1183/1183 1186/1186/1186 1185/1185/1185
f 1182/1182/1182 1183/1183/1183 1185/1185/1185
f 1181/1181/1181 1183/1183/1183 1182/1182/1182
f 1181/1181/1181 1180/1180/1180 1179/1179/1179
f 1181/1181/1181 1182/1182/1182 1180/1180/1180
f 1178/1178/1178 1179/1179/1179 1177/1177/1177
f 1177/1177/1177 1179/1179/1179 1180/1180/1180
f 2506/2506/2506 2461/2461/2461 2507/2507/2507
f 2460/2460/2460 2439/2439/2439 2441/2441/2441
f 2460/2460/2460 2441/2441/2441 2461/2461/2461
f 2505/2505/2505 2460/2460/2460 2461/2461/2461
f 2506/2506/2506 2505/2505/2505 2461/2461/2461
f 2438/2438/2438 2439/2439/2439 2460/2460/2460
f 1897/1897/1897 1898/1898/1898 1899/1899/1899
f 1899/1899/1899 1898/1898/1898 1900/1900/1900
f 1901/1901/1901 1899/1899/1899 1900/1900/1900
f 1902/1902/1902 1899/1899/1899 1901/1901/1901
f 2007/2007/2007 1902/1902/1902 2008/2008/2008
f 1902/1902/1902 1904/1904/1904 2008/2008/2008
f 1902/1902/1902 1901/1901/1901 1904/1904/1904
f 2008/2008/2008 1904/1904/1904 2010/2010/2010
f 2010/2010/2010 1904/1904/1904 1923/1923/1923
f 2010/2010/2010 1923/1923/1923 2012/2012/2012
f 1886/1886/1886 1892/1892/1892 1887/1887/1887
f 1887/1887/1887 1892/1892/1892 1893/1893/1893
f 1892/1892/1892 1894/1894/1894 1893/1893/1893
f 1892/1892/1892 1921/1921/1921 1894/1894/1894
f 1921/1921/1921 1924/1924/1924 1894/1894/1894
f 1924/1924/1924 1921/1921/1921 1926/1926/1926
f 1499/1499/1499 1520/1520/1520 1516/1516/1516
f 1520/1520/1520 1499/1499/1499 1531/1531/1531
f 1495/1495/1495 1531/1531/1531 1499/1499/1499
f 2913/2913/2913 2914/2914/2914 2915/2915/2915
f 1566/1566/1566 1567/1567/1567 1568/1568/1568
f 1569/1569/1569 1570/1570/1570 1568/1568/1568
f 1567/1567/1567 1569/1569/1569 1568/1568/1568
f 1572/1572/1572 1569/1569/1569 1567/1567/1567
f 1573/1573/1573 1572/1572/1572 1574/1574/1574
f 1573/1573/1573 1569/1569/1569 1572/1572/1572
f 1575/1575/1575 1574/1574/1574 1576/1576/1576
f 1575/1575/1575 1573/1573/1573 1574/1574/1574
f 1577/1577/1577 1576/1576/1576 1578/1578/1578
f 1577/1577/1577 1575/1575/1575 1576/1576/1576
f 1004/1004/1004 1021/1021/1021 1006/1006/1006
f 1021/1021/1021 1020/1020/1020 1006/1006/1006
f 1579/1579/1579 1577/1577/1577 1578/1578/1578
f 4027/4027/4027 4028/4028/4028 4029/4029/4029
f 4029/4029/4029 4028/4028/4028 4031/4031/4031
f 4027/4027/4027 4026/4026/4026 4028/4028/4028
f 2439/2439/2439 2440/2440/2440 2441/2441/2441
f 2438/2438/2438 2437/2437/2437 2439/2439/2439
f 2437/2437/2437 2440/2440/2440 2439/2439/2439
f 2437/2437/2437 2476/2476/2476 2440/2440/2440
f 2476/2476/2476 2477/2477/2477 2481/2481/2481
f 2437/2437/2437 2477/2477/2477 2476/2476/2476
f 1931/1931/1931 1936/1936/1936 1927/1927/1927
f 2477/2477/2477 2482/2482/2482 2481/2481/2481
f 1897/1897/1897 1927/1927/1927 1898/1898/1898
f 1927/1927/1927 1937/1937/1937 1898/1898/1898
f 1927/1927/1927 1936/1936/1936 1937/1937/1937
f 1898/1898/1898 1937/1937/1937 1900/1900/1900
f 1499/1499/1499 1498/1498/1498 1495/1495/1495
f 1495/1495/1495 1498/1498/1498 1496/1496/1496
f 1498/1498/1498 1502/1502/1502 1504/1504/1504
f 1505/1505/1505 1498/1498/1498 1504/1504/1504
f 1496/1496/1496 1498/1498/1498 1505/1505/1505
f 1524/1524/1524 1523/1523/1523 1505/1505/1505
f 1524/1524/1524 1505/1505/1505 1504/1504/1504
f 1525/1525/1525 1530/1530/1530 1523/1523/1523
f 1525/1525/1525 1523/1523/1523 1524/1524/1524
f 3519/3519/3519 3520/3520/3520 3521/3521/3521
f 1005/1005/1005 1004/1004/1004 1006/1006/1006
f 1004/1004/1004 1005/1005/1005 1003/1003/1003
f 1000/1000/1000 1004/1004/1004 1003/1003/1003
f 4027/4027/4027 4029/4029/4029 4030/4030/4030
f 4026/4026/4026 4027/4027/4027 4024/4024/4024
f 4027/4027/4027 4033/4033/4033 4024/4024/4024
f 4027/4027/4027 4030/4030/4030 4033/4033/4033
f 4033/4033/4033 4067/4067/4067 4024/4024/4024
f 922/922/922 894/894/894 923/923/923
f 931/931/931 932/932/932 923/923/923
f 1860/1860/1860 1862/1862/1862 1863/1863/1863
f 1860/1860/1860 1861/1861/1861 1862/1862/1862
f 1850/1850/1850 1859/1859/1859 1851/1851/1851
f 1859/1859/1859 1860/1860/1860 1851/1851/1851
f 1859/1859/1859 1861/1861/1861 1860/1860/1860
f 1850/1850/1850 1853/1853/1853 1859/1859/1859
f 1502/1502/1502 1509/1509/1509 1504/1504/1504
f 1504/1504/1504 1509/1509/1509 1524/1524/1524
f 1524/1524/1524 1509/1509/1509 1527/1527/1527
f 3446/3446/3446 3445/3445/3445 3448/3448/3448
f 3450/3450/3450 3446/3446/3446 3448/3448/3448
f 3451/3451/3451 3450/3450/3450 3448/3448/3448
f 1527/1527/1527 1528/1528/1528 1524/1524/1524
f 3451/3451/3451 3448/3448/3448 3478/3478/3478
f 1001/1001/1001 998/998/998 1000/1000/1000
f 1001/1001/1001 1000/1000/1000 1003/1003/1003
f 4030/4030/4030 4034/4034/4034 4033/4033/4033
f 1000/1000/1000 998/998/998 999/999/999
f 4067/4067/4067 4033/4033/4033 4035/4035/4035
f 4035/4035/4035 4033/4033/4033 4034/4034/4034
f 923/923/923 894/894/894 924/924/924
f 894/894/894 892/892/892 924/924/924
f 894/894/894 890/890/890 892/892/892
f 923/923/923 924/924/924 931/931/931
f 1835/1835/1835 1850/1850/1850 1851/1851/1851
f 1834/1834/1834 1853/1853/1853 1850/1850/1850
f 1835/1835/1835 1834/1834/1834 1850/1850/1850
f 1833/1833/1833 1834/1834/1834 1835/1835/1835
f 1829/1829/1829 1833/1833/1833 1832/1832/1832
f 1829/1829/1829 1834/1834/1834 1833/1833/1833
f 1830/1830/1830 1832/1832/1832 1849/1849/1849
f 1830/1830/1830 1829/1829/1829 1832/1832/1832
f 5236/5236/5236 5240/5240/5240 5247/5247/5247
f 5259/5259/5259 5260/5260/5260 5261/5261/5261
f 1836/1836/1836 1830/1830/1830 1849/1849/1849
f 5215/5215/5215 5218/5218/5218 5236/5236/5236
f 5236/5236/5236 5218/5218/5218 5240/5240/5240
f 5215/5215/5215 5181/5181/5181 5218/5218/5218
f 3452/3452/3452 3453/3453/3453 3447/3447/3447
f 3446/3446/3446 3452/3452/3452 3447/3447/3447
f 3444/3444/3444 3446/3446/3446 3447/3447/3447
f 3445/3445/3445 3446/3446/3446 3444/3444/3444
f 1002/1002/1002 995/995/995 998/998/998
f 1002/1002/1002 998/998/998 1001/1001/1001
f 998/998/998 997/997/997 999/999/999
f 998/998/998 995/995/995 997/997/997
f 4035/4035/4035 4034/4034/4034 4036/4036/4036
f 4036/4036/4036 4034/4034/4034 4037/4037/4037
f 890/890/890 891/891/891 892/892/892
f 893/893/893 891/891/891 890/890/890
f 5214/5214/5214 5236/5236/5236 5247/5247/5247
f 5236/5236/5236 5214/5214/5214 5180/5180/5180
f 5236/5236/5236 5180/5180/5180 5215/5215/5215
f 5176/5176/5176 5177/5177/5177 5179/5179/5179
f 5179/5179/5179 5177/5177/5177 5180/5180/5180
f 5177/5177/5177 5181/5181/5181 5180/5180/5180
f 5181/5181/5181 5215/5215/5215 5180/5180/5180
f 5174/5174/5174 5173/5173/5173 5176/5176/5176
f 5176/5176/5176 5173/5173/5173 5177/5177/5177
f 5175/5175/5175 5172/5172/5172 5174/5174/5174
f 5174/5174/5174 5172/5172/5172 5173/5173/5173
f 5175/5175/5175 5220/5220/5220 5172/5172/5172
f 3453/3453/3453 3456/3456/3456 3447/3447/3447
f 3447/3447/3447 3456/3456/3456 3444/3444/3444
f 3456/3456/3456 3441/3441/3441 3444/3444/3444
f 3508/3508/3508 3504/3504/3504 3509/3509/3509
f 3510/3510/3510 3509/3509/3509 3504/3504/3504
f 3510/3510/3510 3504/3504/3504 3506/3506/3506
f 1025/1025/1025 1029/1029/1029 1033/1033/1033
f 996/996/996 1026/1026/1026 1033/1033/1033
f 996/996/996 1033/1033/1033 1029/1029/1029
f 995/995/995 1002/1002/1002 1026/1026/1026
f 996/996/996 995/995/995 1026/1026/1026
f 994/994/994 995/995/995 996/996/996
f 4689/4689/4689 4891/4891/4891 4690/4690/4690
f 4891/4891/4891 4692/4692/4692 4690/4690/4690
f 997/997/997 995/995/995 994/994/994
f 4891/4891/4891 4689/4689/4689 4921/4921/4921
f 893/893/893 899/899/899 891/891/891
f 891/891/891 899/899/899 900/900/900
f 5745/5745/5745 5743/5743/5743 5746/5746/5746
f 5747/5747/5747 5745/5745/5745 5746/5746/5746
f 5748/5748/5748 5745/5745/5745 5747/5747/5747
f 5744/5744/5744 5743/5743/5743 5745/5745/5745
f 2619/2619/2619 2618/2618/2618 2617/2617/2617
f 2619/2619/2619 2617/2617/2617 2620/2620/2620
f 2617/2617/2617 2616/2616/2616 2615/2615/2615
f 2617/2617/2617 2618/2618/2618 2616/2616/2616
f 2615/2615/2615 2614/2614/2614 2613/2613/2613
f 2615/2615/2615 2616/2616/2616 2614/2614/2614
f 2612/2612/2612 2613/2613/2613 2610/2610/2610
f 2610/2610/2610 2613/2613/2613 2614/2614/2614
f 3435/3435/3435 3437/3437/3437 3438/3438/3438
f 3436/3436/3436 3437/3437/3437 3435/3435/3435
f 1028/1028/1028 1030/1030/1030 1029/1029/1029
f 1028/1028/1028 1029/1029/1029 1025/1025/1025
f 1029/1029/1029 1031/1031/1031 996/996/996
f 1029/1029/1029 1030/1030/1030 1031/1031/1031
f 4890/4890/4890 4693/4693/4693 4692/4692/4692
f 4890/4890/4890 4697/4697/4697 4693/4693/4693
f 4690/4690/4690 4692/4692/4692 4691/4691/4691
f 4691/4691/4691 4692/4692/4692 4693/4693/4693
f 5743/5743/5743 5742/5742/5742 5746/5746/5746
f 5744/5744/5744 5741/5741/5741 5743/5743/5743
f 5741/5741/5741 5742/5742/5742 5743/5743/5743
f 5741/5741/5741 5734/5734/5734 5742/5742/5742
f 5734/5734/5734 5727/5727/5727 5728/5728/5728
f 5741/5741/5741 5727/5727/5727 5734/5734/5734
f 5728/5728/5728 5724/5724/5724 5729/5729/5729
f 5727/5727/5727 5724/5724/5724 5728/5728/5728
f 5729/5729/5729 5732/5732/5732 5733/5733/5733
f 5724/5724/5724 5732/5732/5732 5729/5729/5729
f 5732/5732/5732 5773/5773/5773 5772/5772/5772
f 5771/5771/5771 5732/5732/5732 5772/5772/5772
f 5733/5733/5733 5732/5732/5732 5771/5771/5771
f 2652/2652/2652 2623/2623/2623 2629/2629/2629
f 2652/2652/2652 2629/2629/2629 2654/2654/2654
f 2652/2652/2652 2628/2628/2628 2623/2623/2623
f 2623/2623/2623 2628/2628/2628 2619/2619/2619
f 2628/2628/2628 2627/2627/2627 2619/2619/2619
f 2627/2627/2627 2618/2618/2618 2619/2619/2619
f 2618/2618/2618 2627/2627/2627 2616/2616/2616
f 2616/2616/2616 2627/2627/2627 2624/2624/2624
f 2616/2616/2616 2624/2624/2624 2614/2614/2614
f 2614/2614/2614 2624/2624/2624 2611/2611/2611
f 2614/2614/2614 2611/2611/2611 2610/2610/2610
f 5069/5069/5069 5068/5068/5068 5070/5070/5070
f 5070/5070/5070 5068/5068/5068 5071/5071/5071
f 1034/1034/1034 1035/1035/1035 1028/1028/1028
f 1035/1035/1035 1036/1036/1036 1028/1028/1028
f 4699/4699/4699 4704/4704/4704 4705/4705/4705
f 13/13/13 14/14/14 15/15/15
f 4695/4695/4695 4697/4697/4697 4698/4698/4698
f 4697/4697/4697 4699/4699/4699 4698/4698/4698
f 4697/4697/4697 4704/4704/4704 4699/4699/4699
f 4697/4697/4697 4695/4695/4695 4693/4693/4693
f 4693/4693/4693 4695/4695/4695 4694/4694/4694
f 4693/4693/4693 4694/4694/4694 4691/4691/4691
f 5773/5773/5773 5774/5774/5774 5772/5772/5772
f 2654/2654/2654 2653/2653/2653 2652/2652/2652
f 2652/2652/2652 2653/2653/2653 2651/2651/2651
f 2652/2652/2652 2651/2651/2651 2628/2628/2628
f 4701/4701/4701 4700/4700/4700 4699/4699/4699
f 4699/4699/4699 4700/4700/4700 4698/4698/4698
f 6179/6179/6179 6177/6177/6177 6176/6176/6176
f 6172/6172/6172 6173/6173/6173 6174/6174/6174
f 1170/1170/1170 1171/1171/1171 1169/1169/1169
f 1165/1165/1165 1167/1167/1167 1169/1169/1169
f 1169/1169/1169 1167/1167/1167 1170/1170/1170
f 1168/1168/1168 1166/1166/1166 1165/1165/1165
f 1165/1165/1165 1166/1166/1166 1167/1167/1167
f 1168/1168/1168 1172/1172/1172 1166/1166/1166
f 6186/6186/6186 6188/6188/6188 6191/6191/6191
f 6170/6170/6170 6171/6171/6171 6168/6168/6168
f 6182/6182/6182 6185/6185/6185 6180/6180/6180
f 450/450/450 448/448/448 449/449/449
f 6165/6165/6165 6167/6167/6167 6166/6166/6166
f 449/449/449 448/448/448 447/447/447
f 447/447/447 448/448/448 444/444/444
f 447/447/447 444/444/444 446/446/446
f 446/446/446 444/444/444 445/445/445
f 446/446/446 445/445/445 466/466/466
f 6189/6189/6189 6187/6187/6187 6186/6186/6186
f 6186/6186/6186 6187/6187/6187 6188/6188/6188
f 6183/6183/6183 6181/6181/6181 6180/6180/6180
f 6180/6180/6180 6181/6181/6181 6182/6182/6182
f 6189/6189/6189 6190/6190/6190 6187/6187/6187
f 6184/6184/6184 6181/6181/6181 6183/6183/6183
f 4222/4222/4222 4224/4224/4224 4223/4223/4223
f 4223/4223/4223 4224/4224/4224 4225/4225/4225
f 4221/4221/4221 4223/4223/4223 4295/4295/4295
f 4221/4221/4221 4222/4222/4222 4223/4223/4223
f 4418/4418/4418 4295/4295/4295 4419/4419/4419
f 4418/4418/4418 4221/4221/4221 4295/4295/4295
f 4173/4173/4173 4419/4419/4419 4214/4214/4214
f 4173/4173/4173 4418/4418/4418 4419/4419/4419
f 4175/4175/4175 4214/4214/4214 4177/4177/4177
f 4175/4175/4175 4173/4173/4173 4214/4214/4214
f 4179/4179/4179 4176/4176/4176 4178/4178/4178
f 4176/4176/4176 4177/4177/4177 4178/4178/4178
f 4176/4176/4176 4175/4175/4175 4177/4177/4177
f 4183/4183/4183 4180/4180/4180 4179/4179/4179
f 4179/4179/4179 4180/4180/4180 4176/4176/4176
f 4183/4183/4183 4184/4184/4184 4180/4180/4180
f 4460/4460/4460 4468/4468/4468 4462/4462/4462
f 4463/4463/4463 4461/4461/4461 4462/4462/4462
f 4462/4462/4462 4461/4461/4461 4460/4460/4460
f 4465/4465/4465 4464/4464/4464 4463/4463/4463
f 4463/4463/4463 4464/4464/4464 4461/4461/4461
f 4465/4465/4465 4467/4467/4467 4464/4464/4464
f 588/588/588 583/583/583 587/587/587
f 593/593/593 588/588/588 587/587/587
f 594/594/594 593/593/593 587/587/587
f 616/616/616 593/593/593 594/594/594
f 4315/4315/4315 4179/4179/4179 4178/4178/4178
f 4179/4179/4179 4315/4315/4315 4188/4188/4188
f 4187/4187/4187 4179/4179/4179 4188/4188/4188
f 4183/4183/4183 4179/4179/4179 4187/4187/4187
f 4184/4184/4184 4183/4183/4183 4185/4185/4185
f 4183/4183/4183 4331/4331/4331 4185/4185/4185
f 4183/4183/4183 4187/4187/4187 4331/4331/4331
f 4470/4470/4470 4469/4469/4469 4468/4468/4468
f 4468/4468/4468 4469/4469/4469 4462/4462/4462
f 4331/4331/4331 4193/4193/4193 4209/4209/4209
f 4193/4193/4193 4195/4195/4195 4209/4209/4209
f 4209/4209/4209 4195/4195/4195 4196/4196/4196
f 4209/4209/4209 4196/4196/4196 4199/4199/4199
f 4199/4199/4199 4196/4196/4196 4198/4198/4198
f 4199/4199/4199 4198/4198/4198 4210/4210/4210
f 4198/4198/4198 4201/4201/4201 4210/4210/4210
f 4471/4471/4471 4467/4467/4467 4465/4465/4465
f 4471/4471/4471 4472/4472/4472 4467/4467/4467
f 566/566/566 564/564/564 563/563/563
f 567/567/567 566/566/566 563/563/563
f 567/567/567 563/563/563 583/583/583
f 584/584/584 567/567/567 583/583/583
f 588/588/588 584/584/584 583/583/583
f 584/584/584 588/588/588 593/593/593
f 4189/4189/4189 4187/4187/4187 4188/4188/4188
f 4187/4187/4187 4189/4189/4189 4190/4190/4190
f 4187/4187/4187 4190/4190/4190 4331/4331/4331
f 4331/4331/4331 4190/4190/4190 4193/4193/4193
f 4204/4204/4204 4206/4206/4206 4201/4201/4201
f 4204/4204/4204 4201/4201/4201 4202/4202/4202
f 4316/4316/4316 4205/4205/4205 4207/4207/4207
f 4205/4205/4205 4202/4202/4202 4207/4207/4207
f 4205/4205/4205 4204/4204/4204 4202/4202/4202
f 4316/4316/4316 4217/4217/4217 4205/4205/4205
f 2533/2533/2533 2528/2528/2528 2534/2534/2534
f 2529/2529/2529 2504/2504/2504 2505/2505/2505
f 2529/2529/2529 2505/2505/2505 2528/2528/2528
f 2530/2530/2530 2529/2529/2529 2528/2528/2528
f 2533/2533/2533 2530/2530/2530 2528/2528/2528
f 2503/2503/2503 2504/2504/2504 2529/2529/2529
f 2012/2012/2012 1889/1889/1889 1888/1888/1888
f 1889/1889/1889 1886/1886/1886 1888/1888/1888
f 1177/1177/1177 1176/1176/1176 1174/1174/1174
f 1177/1177/1177 1174/1174/1174 1178/1178/1178
f 1173/1173/1173 1174/1174/1174 1175/1175/1175
f 1175/1175/1175 1174/1174/1174 1176/1176/1176
f 1607/1607/1607 1581/1581/1581 1580/1580/1580
f 1582/1582/1582 1605/1605/1605 1580/1580/1580
f 1580/1580/1580 1605/1605/1605 1607/1607/1607
f 1583/1583/1583 1603/1603/1603 1582/1582/1582
f 1582/1582/1582 1603/1603/1603 1605/1605/1605
f 1583/1583/1583 1585/1585/1585 1603/1603/1603
f 2504/2504/2504 2460/2460/2460 2505/2505/2505
f 2466/2466/2466 2436/2436/2436 2438/2438/2438
f 2466/2466/2466 2438/2438/2438 2460/2460/2460
f 2503/2503/2503 2466/2466/2466 2460/2460/2460
f 2504/2504/2504 2503/2503/2503 2460/2460/2460
f 2435/2435/2435 2436/2436/2436 2466/2466/2466
f 1900/1900/1900 1903/1903/1903 1901/1901/1901
f 1905/1905/1905 1904/1904/1904 1901/1901/1901
f 1905/1905/1905 1901/1901/1901 1903/1903/1903
f 1904/1904/1904 1905/1905/1905 1906/1906/1906
f 1907/1907/1907 1904/1904/1904 1906/1906/1906
f 1923/1923/1923 1904/1904/1904 1907/1907/1907
f 2012/2012/2012 1923/1923/1923 1889/1889/1889
f 1923/1923/1923 1891/1891/1891 1889/1889/1889
f 1923/1923/1923 1907/1907/1907 1891/1891/1891
f 1889/1889/1889 1891/1891/1891 1886/1886/1886
f 1891/1891/1891 1892/1892/1892 1886/1886/1886
f 1891/1891/1891 1918/1918/1918 1892/1892/1892
f 1918/1918/1918 1919/1919/1919 1920/1920/1920
f 1921/1921/1921 1918/1918/1918 1920/1920/1920
f 1892/1892/1892 1918/1918/1918 1921/1921/1921
f 1510/1510/1510 1499/1499/1499 1516/1516/1516
f 1569/1569/1569 1571/1571/1571 1570/1570/1570
f 1616/1616/1616 1629/1629/1629 1571/1571/1571
f 1569/1569/1569 1616/1616/1616 1571/1571/1571
f 1573/1573/1573 1616/1616/1616 1569/1569/1569
f 1575/1575/1575 1580/1580/1580 1581/1581/1581
f 1616/1616/1616 1575/1575/1575 1581/1581/1581
f 1573/1573/1573 1575/1575/1575 1616/1616/1616
f 1580/1580/1580 1575/1575/1575 1577/1577/1577
f 1580/1580/1580 1577/1577/1577 1582/1582/1582
f 1582/1582/1582 1577/1577/1577 1579/1579/1579
f 1582/1582/1582 1579/1579/1579 1583/1583/1583
f 1584/1584/1584 1585/1585/1585 1583/1583/1583
f 1579/1579/1579 1584/1584/1584 1583/1583/1583
f 1601/1601/1601 1584/1584/1584 1579/1579/1579
f 4025/4025/4025 4032/4032/4032 4026/4026/4026
f 4032/4032/4032 4028/4028/4028 4026/4026/4026
f 1588/1588/1588 1584/1584/1584 1601/1601/1601
f 4025/4025/4025 4023/4023/4023 4032/4032/4032
f 1869/1869/1869 1870/1870/1870 1868/1868/1868
f 1864/1864/1864 1867/1867/1867 1868/1868/1868
f 1868/1868/1868 1867/1867/1867 1869/1869/1869
f 1865/1865/1865 1866/1866/1866 1864/1864/1864
f 1864/1864/1864 1866/1866/1866 1867/1867/1867
f 792/792/792 781/781/781 782/782/782
f 2436/2436/2436 2437/2437/2437 2438/2438/2438
f 2435/2435/2435 2434/2434/2434 2436/2436/2436
f 2434/2434/2434 2437/2437/2437 2436/2436/2436
f 2434/2434/2434 2477/2477/2477 2437/2437/2437
f 2477/2477/2477 2474/2474/2474 2482/2482/2482
f 2434/2434/2434 2474/2474/2474 2477/2477/2477
f 1936/1936/1936 1939/1939/1939 1937/1937/1937
f 1940/1940/1940 1939/1939/1939 1936/1936/1936
f 1900/1900/1900 1937/1937/1937 1903/1903/1903
f 1937/1937/1937 1925/1925/1925 1903/1903/1903
f 1937/1937/1937 1939/1939/1939 1925/1925/1925
f 1903/1903/1903 1925/1925/1925 1905/1905/1905
f 1905/1905/1905 1925/1925/1925 1952/1952/1952
f 1905/1905/1905 1952/1952/1952 1906/1906/1906
f 1511/1511/1511 1500/1500/1500 1510/1510/1510
f 1510/1510/1510 1500/1500/1500 1499/1499/1499
f 1500/1500/1500 1498/1498/1498 1499/1499/1499
f 1500/1500/1500 1501/1501/1501 1498/1498/1498
f 1502/1502/1502 1498/1498/1498 1501/1501/1501
f 1502/1502/1502 1501/1501/1501 1503/1503/1503
f 4024/4024/4024 4025/4025/4025 4026/4026/4026
f 4041/4041/4041 4016/4016/4016 4067/4067/4067
f 4067/4067/4067 4016/4016/4016 4024/4024/4024
f 4016/4016/4016 4023/4023/4023 4024/4024/4024
f 4023/4023/4023 4025/4025/4025 4024/4024/4024
f 4041/4041/4041 4015/4015/4015 4016/4016/4016
f 920/920/920 919/919/919 897/897/897
f 897/897/897 919/919/919 901/901/901
f 897/897/897 894/894/894 922/922/922
f 921/921/921 897/897/897 922/922/922
f 920/920/920 897/897/897 921/921/921
f 1864/1864/1864 1862/1862/1862 1861/1861/1861
f 1864/1864/1864 1861/1861/1861 1865/1865/1865
f 776/776/776 781/781/781 792/792/792
f 791/791/791 776/776/776 792/792/792
f 787/787/787 776/776/776 791/791/791
f 787/787/787 784/784/784 776/776/776
f 776/776/776 784/784/784 777/777/777
f 1509/1509/1509 1502/1502/1502 1508/1508/1508
f 1502/1502/1502 1507/1507/1507 1508/1508/1508
f 1502/1502/1502 1503/1503/1503 1507/1507/1507
f 1518/1518/1518 1527/1527/1527 1509/1509/1509
f 1518/1518/1518 1509/1509/1509 1508/1508/1508
f 1518/1518/1518 1528/1528/1528 1527/1527/1527
f 4035/4035/4035 4040/4040/4040 4041/4041/4041
f 4035/4035/4035 4041/4041/4041 4067/4067/4067
f 4015/4015/4015 4041/4041/4041 4017/4017/4017
f 4017/4017/4017 4041/4041/4041 4040/4040/4040
f 897/897/897 901/901/901 895/895/895
f 895/895/895 901/901/901 902/902/902
f 895/895/895 890/890/890 894/894/894
f 895/895/895 894/894/894 897/897/897
f 779/779/779 777/777/777 784/784/784
f 1855/1855/1855 1853/1853/1853 1834/1834/1834
f 1856/1856/1856 1834/1834/1834 1829/1829/1829
f 1856/1856/1856 1855/1855/1855 1834/1834/1834
f 1828/1828/1828 1829/1829/1829 1830/1830/1830
f 1828/1828/1828 1856/1856/1856 1829/1829/1829
f 1831/1831/1831 1830/1830/1830 1836/1836/1836
f 1831/1831/1831 1828/1828/1828 1830/1830/1830
f 1837/1837/1837 1836/1836/1836 1838/1838/1838
f 1837/1837/1837 1831/1831/1831 1836/1836/1836
f 5217/5217/5217 5242/5242/5242 5181/5181/5181
f 5242/5242/5242 5218/5218/5218 5181/5181/5181
f 1839/1839/1839 1837/1837/1837 1838/1838/1838
f 5171/5171/5171 5178/5178/5178 5217/5217/5217
f 5217/5217/5217 5178/5178/5178 5242/5242/5242
f 5169/5169/5169 5170/5170/5170 5171/5171/5171
f 5171/5171/5171 5170/5170/5170 5178/5178/5178
f 5168/5168/5168 5167/5167/5167 5169/5169/5169
f 5169/5169/5169 5167/5167/5167 5170/5170/5170
f 5219/5219/5219 5164/5164/5164 5168/5168/5168
f 5168/5168/5168 5164/5164/5164 5167/5167/5167
f 5219/5219/5219 5224/5224/5224 5164/5164/5164
f 3415/3415/3415 3413/3413/3413 3417/3417/3417
f 1519/1519/1519 1508/1508/1508 1507/1507/1507
f 2740/2740/2740 2739/2739/2739 2743/2743/2743
f 2063/2063/2063 2064/2064/2064 2065/2065/2065
f 2068/2068/2068 2065/2065/2065 2064/2064/2064
f 3455/3455/3455 3453/3453/3453 3454/3454/3454
f 3452/3452/3452 3454/3454/3454 3453/3453/3453
f 3454/3454/3454 3452/3452/3452 3457/3457/3457
f 3457/3457/3457 3452/3452/3452 3446/3446/3446
f 2066/2066/2066 2063/2063/2063 2067/2067/2067
f 2063/2063/2063 2066/2066/2066 2064/2064/2064
f 2903/2903/2903 2904/2904/2904 2905/2905/2905
f 4036/4036/4036 4050/4050/4050 4040/4040/4040
f 4036/4036/4036 4040/4040/4040 4035/4035/4035
f 4017/4017/4017 4040/4040/4040 4019/4019/4019
f 4019/4019/4019 4040/4040/4040 4050/4050/4050
f 902/902/902 896/896/896 895/895/895
f 890/890/890 895/895/895 896/896/896
f 898/898/898 890/890/890 896/896/896
f 893/893/893 890/890/890 898/898/898
f 5177/5177/5177 5217/5217/5217 5181/5181/5181
f 5217/5217/5217 5177/5177/5177 5173/5173/5173
f 5217/5217/5217 5173/5173/5173 5171/5171/5171
f 5171/5171/5171 5173/5173/5173 5172/5172/5172
f 5171/5171/5171 5172/5172/5172 5169/5169/5169
f 5169/5169/5169 5172/5172/5172 5220/5220/5220
f 5223/5223/5223 5169/5169/5169 5220/5220/5220
f 5168/5168/5168 5169/5169/5169 5223/5223/5223
f 5168/5168/5168 5221/5221/5221 5219/5219/5219
f 5168/5168/5168 5223/5223/5223 5221/5221/5221
f 5224/5224/5224 5219/5219/5219 5222/5222/5222
f 5222/5222/5222 5219/5219/5219 5221/5221/5221
f 3417/3417/3417 3413/3413/3413 3416/3416/3416
f 3416/3416/3416 3413/3413/3413 3414/3414/3414
f 2739/2739/2739 2740/2740/2740 2741/2741/2741
f 2740/2740/2740 2742/2742/2742 2741/2741/2741
f 3417/3417/3417 3416/3416/3416 3426/3426/3426
f 2069/2069/2069 2070/2070/2070 2071/2071/2071
f 2070/2070/2070 2069/2069/2069 2073/2073/2073
f 3512/3512/3512 3511/3511/3511 3514/3514/3514
f 3511/3511/3511 3512/3512/3512 3513/3513/3513
f 3432/3432/3432 3456/3456/3456 3426/3426/3426
f 2071/2071/2071 2072/2072/2072 2074/2074/2074
f 2072/2072/2072 2071/2071/2071 2070/2070/2070
f 3505/3505/3505 3504/3504/3504 3507/3507/3507
f 3508/3508/3508 3507/3507/3507 3504/3504/3504
f 2904/2904/2904 2903/2903/2903 2906/2906/2906
f 3504/3504/3504 3505/3505/3505 3506/3506/3506
f 4690/4690/4690 4688/4688/4688 4689/4689/4689
f 4688/4688/4688 4686/4686/4686 4689/4689/4689
f 4689/4689/4689 4686/4686/4686 4921/4921/4921
f 4686/4686/4686 4685/4685/4685 4921/4921/4921
f 4685/4685/4685 4949/4949/4949 4921/4921/4921
f 4949/4949/4949 4685/4685/4685 4896/4896/4896
f 5753/5753/5753 5750/5750/5750 5768/5768/5768
f 5768/5768/5768 5750/5750/5750 5748/5748/5748
f 5748/5748/5748 5749/5749/5749 5745/5745/5745
f 5750/5750/5750 5749/5749/5749 5748/5748/5748
f 5770/5770/5770 5833/5833/5833 5744/5744/5744
f 5745/5745/5745 5770/5770/5770 5744/5744/5744
f 5749/5749/5749 5770/5770/5770 5745/5745/5745
f 5726/5726/5726 5723/5723/5723 5833/5833/5833
f 5836/5836/5836 5837/5837/5837 5838/5838/5838
f 5720/5720/5720 5719/5719/5719 5723/5723/5723
f 5720/5720/5720 5723/5723/5723 5726/5726/5726
f 5718/5718/5718 5719/5719/5719 5720/5720/5720
f 2610/2610/2610 2609/2609/2609 2608/2608/2608
f 2610/2610/2610 2608/2608/2608 2612/2612/2612
f 2608/2608/2608 2607/2607/2607 2606/2606/2606
f 2608/2608/2608 2609/2609/2609 2607/2607/2607
f 2604/2604/2604 2606/2606/2606 2605/2605/2605
f 2605/2605/2605 2606/2606/2606 2607/2607/2607
f 3414/3414/3414 3418/3418/3418 3416/3416/3416
f 3420/3420/3420 3419/3419/3419 3418/3418/3418
f 3419/3419/3419 3416/3416/3416 3418/3418/3418
f 3419/3419/3419 3426/3426/3426 3416/3416/3416
f 3426/3426/3426 3422/3422/3422 3432/3432/3432
f 3426/3426/3426 3419/3419/3419 3422/3422/3422
f 3432/3432/3432 3433/3433/3433 3434/3434/3434
f 3432/3432/3432 3422/3422/3422 3433/3433/3433
f 3433/3433/3433 3436/3436/3436 3435/3435/3435
f 3433/3433/3433 3435/3435/3435 3434/3434/3434
f 4691/4691/4691 4892/4892/4892 4688/4688/4688
f 4691/4691/4691 4688/4688/4688 4690/4690/4690
f 4686/4686/4686 4688/4688/4688 4687/4687/4687
f 4687/4687/4687 4688/4688/4688 4892/4892/4892
f 5833/5833/5833 5741/5741/5741 5744/5744/5744
f 5741/5741/5741 5833/5833/5833 5727/5727/5727
f 5727/5727/5727 5833/5833/5833 5723/5723/5723
f 5727/5727/5727 5723/5723/5723 5724/5724/5724
f 5724/5724/5724 5723/5723/5723 5719/5719/5719
f 5718/5718/5718 5735/5735/5735 5719/5719/5719
f 5735/5735/5735 5724/5724/5724 5719/5719/5719
f 5735/5735/5735 5732/5732/5732 5724/5724/5724
f 5832/5832/5832 5775/5775/5775 5773/5773/5773
f 5732/5732/5732 5832/5832/5832 5773/5773/5773
f 5735/5735/5735 5832/5832/5832 5732/5732/5732
f 5777/5777/5777 5775/5775/5775 5832/5832/5832
f 2628/2628/2628 2650/2650/2650 2627/2627/2627
f 2648/2648/2648 2624/2624/2624 2627/2627/2627
f 2648/2648/2648 2627/2627/2627 2650/2650/2650
f 2624/2624/2624 2648/2648/2648 2647/2647/2647
f 2631/2631/2631 2624/2624/2624 2647/2647/2647
f 2611/2611/2611 2624/2624/2624 2631/2631/2631
f 2610/2610/2610 2611/2611/2611 2609/2609/2609
f 2611/2611/2611 2625/2625/2625 2609/2609/2609
f 2611/2611/2611 2631/2631/2631 2625/2625/2625
f 2609/2609/2609 2625/2625/2625 2607/2607/2607
f 2607/2607/2607 2625/2625/2625 2596/2596/2596
f 2607/2607/2607 2596/2596/2596 2605/2605/2605
f 3420/3420/3420 3421/3421/3421 3419/3419/3419
f 3419/3419/3419 3421/3421/3421 3422/3422/3422
f 4716/4716/4716 4715/4715/4715 4714/4714/4714
f 4716/4716/4716 4714/4714/4714 4717/4717/4717
f 4717/4717/4717 4714/4714/4714 4888/4888/4888
f 4888/4888/4888 4706/4706/4706 4703/4703/4703
f 16/16/16 17/17/17 14/14/14
f 5066/5066/5066 5067/5067/5067 5068/5068/5068
f 5069/5069/5069 5066/5066/5066 5068/5068/5068
f 17/17/17 15/15/15 14/14/14
f 4698/4698/4698 4889/4889/4889 4695/4695/4695
f 4696/4696/4696 4694/4694/4694 4695/4695/4695
f 4696/4696/4696 4695/4695/4695 4889/4889/4889
f 5011/5011/5011 5015/5015/5015 5016/5016/5016
f 5016/5016/5016 5015/5015/5015 5017/5017/5017
f 5015/5015/5015 5018/5018/5018 5017/5017/5017
f 5018/5018/5018 5019/5019/5019 5017/5017/5017
f 5019/5019/5019 5018/5018/5018 5020/5020/5020
f 5775/5775/5775 5774/5774/5774 5773/5773/5773
f 5777/5777/5777 5776/5776/5776 5775/5775/5775
f 5776/5776/5776 5774/5774/5774 5775/5775/5775
f 5776/5776/5776 5788/5788/5788 5774/5774/5774
f 2628/2628/2628 2651/2651/2651 2650/2650/2650
f 2651/2651/2651 2649/2649/2649 2650/2650/2650
f 5788/5788/5788 5776/5776/5776 5779/5779/5779
f 2650/2650/2650 2649/2649/2649 2648/2648/2648
f 2648/2648/2648 2649/2649/2649 2646/2646/2646
f 2648/2648/2648 2646/2646/2646 2647/2647/2647
f 4706/4706/4706 4702/4702/4702 4703/4703/4703
f 4703/4703/4703 4702/4702/4702 4701/4701/4701
f 4702/4702/4702 4700/4700/4700 4701/4701/4701
f 5007/5007/5007 5006/5006/5006 5008/5008/5008
f 4698/4698/4698 4700/4700/4700 4889/4889/4889
f 5008/5008/5008 5009/5009/5009 5010/5010/5010
f 5008/5008/5008 5006/5006/5006 5009/5009/5009
f 5010/5010/5010 5009/5009/5009 5011/5011/5011
f 5011/5011/5011 5009/5009/5009 5013/5013/5013
f 5011/5011/5011 5013/5013/5013 5015/5015/5015
f 1110/1110/1110 1111/1111/1111 1109/1109/1109
f 1108/1108/1108 1095/1095/1095 1109/1109/1109
f 1109/1109/1109 1095/1095/1095 1110/1110/1110
f 1112/1112/1112 1107/1107/1107 1108/1108/1108
f 1108/1108/1108 1107/1107/1107 1095/1095/1095
f 1119/1119/1119 1107/1107/1107 1112/1112/1112
f 2401/2401/2401 2400/2400/2400 2404/2404/2404
f 2400/2400/2400 2401/2401/2401 2402/2402/2402
f 2402/2402/2402 2401/2401/2401 2403/2403/2403
f 444/444/444 442/442/442 445/445/445
f 442/442/442 444/444/444 443/443/443
f 2550/2550/2550 2551/2551/2551 2552/2552/2552
f 1094/1094/1094 1095/1095/1095 1096/1096/1096
f 1107/1107/1107 1096/1096/1096 1095/1095/1095
f 1096/1096/1096 1107/1107/1107 1099/1099/1099
f 1119/1119/1119 1099/1099/1099 1107/1107/1107
f 1883/1883/1883 1884/1884/1884 1885/1885/1885
f 445/445/445 440/440/440 466/466/466
f 440/440/440 445/445/445 442/442/442
f 1200/1200/1200 1198/1198/1198 1197/1197/1197
f 1197/1197/1197 1198/1198/1198 1199/1199/1199
f 1202/1202/1202 1201/1201/1201 1200/1200/1200
f 1200/1200/1200 1201/1201/1201 1198/1198/1198
f 1204/1204/1204 1203/1203/1203 1202/1202/1202
f 1202/1202/1202 1203/1203/1203 1201/1201/1201
f 1486/1486/1486 1488/1488/1488 1489/1489/1489
f 443/443/443 441/441/441 442/442/442
f 442/442/442 441/441/441 440/440/440
f 440/440/440 441/441/441 439/439/439
f 440/440/440 439/439/439 437/437/437
f 437/437/437 439/439/439 438/438/438
f 433/433/433 432/432/432 438/438/438
f 432/432/432 437/437/437 438/438/438
f 432/432/432 435/435/435 437/437/437
f 1490/1490/1490 1487/1487/1487 1486/1486/1486
f 435/435/435 432/432/432 431/431/431
f 1488/1488/1488 1486/1486/1486 1485/1485/1485
f 1485/1485/1485 1486/1486/1486 1487/1487/1487
f 433/433/433 430/430/430 432/432/432
f 432/432/432 430/430/430 431/431/431
f 431/431/431 430/430/430 429/429/429
f 1487/1487/1487 1491/1491/1491 1485/1485/1485
f 3073/3073/3073 3077/3077/3077 3072/3072/3072
f 3073/3073/3073 3072/3072/3072 3070/3070/3070
f 3072/3072/3072 3068/3068/3068 3070/3070/3070
f 4222/4222/4222 4221/4221/4221 4220/4220/4220
f 4172/4172/4172 4221/4221/4221 4418/4418/4418
f 4172/4172/4172 4220/4220/4220 4221/4221/4221
f 4169/4169/4169 4418/4418/4418 4173/4173/4173
f 4169/4169/4169 4172/4172/4172 4418/4418/4418
f 4171/4171/4171 4173/4173/4173 4175/4175/4175
f 4171/4171/4171 4169/4169/4169 4173/4173/4173
f 4174/4174/4174 4175/4175/4175 4176/4176/4176
f 4174/4174/4174 4171/4171/4171 4175/4175/4175
f 4332/4332/4332 4176/4176/4176 4180/4180/4180
f 4332/4332/4332 4174/4174/4174 4176/4176/4176
f 4482/4482/4482 4483/4483/4483 4484/4484/4484
f 4483/4483/4483 4485/4485/4485 4484/4484/4484
f 4483/4483/4483 4486/4486/4486 4485/4485/4485
f 4468/4468/4468 4460/4460/4460 4482/4482/4482
f 4460/4460/4460 4483/4483/4483 4482/4482/4482
f 4215/4215/4215 4143/4143/4143 4146/4146/4146
f 4459/4459/4459 4460/4460/4460 4461/4461/4461
f 4334/4334/4334 4143/4143/4143 4215/4215/4215
f 4466/4466/4466 4461/4461/4461 4464/4464/4464
f 4466/4466/4466 4459/4459/4459 4461/4461/4461
f 4473/4473/4473 4500/4500/4500 4467/4467/4467
f 4500/4500/4500 4464/4464/4464 4467/4467/4467
f 4500/4500/4500 4466/4466/4466 4464/4464/4464
f 4473/4473/4473 4481/4481/4481 4500/4500/4500
f 3074/3074/3074 3075/3075/3075 3073/3073/3073
f 3075/3075/3075 3077/3077/3077 3073/3073/3073
f 3075/3075/3075 3079/3079/3079 3077/3077/3077
f 3074/3074/3074 3073/3073/3073 3070/3070/3070
f 4185/4185/4185 4186/4186/4186 4184/4184/4184
f 18/18/18 19/19/19 20/20/20
f 4472/4472/4472 4474/4474/4474 4473/4473/4473
f 4472/4472/4472 4473/4473/4473 4467/4467/4467
f 4481/4481/4481 4473/4473/4473 4476/4476/4476
f 4473/4473/4473 4475/4475/4475 4476/4476/4476
f 4473/4473/4473 4474/4474/4474 4475/4475/4475
f 4475/4475/4475 4477/4477/4477 4476/4476/4476
f 585/585/585 567/567/567 584/584/584
f 586/586/586 585/585/585 584/584/584
f 593/593/593 586/586/586 584/584/584
f 2540/2540/2540 2532/2532/2532 2546/2546/2546
f 4204/4204/4204 4211/4211/4211 4206/4206/4206
f 4211/4211/4211 4204/4204/4204 4205/4205/4205
f 4211/4211/4211 4205/4205/4205 4216/4216/4216
f 4205/4205/4205 4217/4217/4217 4216/4216/4216
f 4217/4217/4217 4218/4218/4218 4216/4216/4216
f 1474/1474/1474 1475/1475/1475 1476/1476/1476
f 2531/2531/2531 2529/2529/2529 2530/2530/2530
f 2527/2527/2527 2502/2502/2502 2503/2503/2503
f 2527/2527/2527 2503/2503/2503 2529/2529/2529
f 2532/2532/2532 2527/2527/2527 2529/2529/2529
f 2531/2531/2531 2532/2532/2532 2529/2529/2529
f 2512/2512/2512 2502/2502/2502 2527/2527/2527
f 1629/1629/1629 1630/1630/1630 1609/1609/1609
f 1623/1623/1623 1629/1629/1629 1609/1609/1609
f 1474/1474/1474 1477/1477/1477 1475/1475/1475
f 1581/1581/1581 1607/1607/1607 1630/1630/1630
f 1607/1607/1607 1609/1609/1609 1630/1630/1630
f 1607/1607/1607 1608/1608/1608 1609/1609/1609
f 1606/1606/1606 1607/1607/1607 1605/1605/1605
f 1606/1606/1606 1608/1608/1608 1607/1607/1607
f 1604/1604/1604 1605/1605/1605 1603/1603/1603
f 1604/1604/1604 1606/1606/1606 1605/1605/1605
f 1586/1586/1586 1602/1602/1602 1585/1585/1585
f 1602/1602/1602 1603/1603/1603 1585/1585/1585
f 1602/1602/1602 1604/1604/1604 1603/1603/1603
f 1586/1586/1586 1590/1590/1590 1602/1602/1602
f 2502/2502/2502 2466/2466/2466 2503/2503/2503
f 2462/2462/2462 2433/2433/2433 2435/2435/2435
f 2462/2462/2462 2435/2435/2435 2466/2466/2466
f 2512/2512/2512 2462/2462/2462 2466/2466/2466
f 2502/2502/2502 2512/2512/2512 2466/2466/2466
f 2432/2432/2432 2433/2433/2433 2462/2462/2462
f 1906/1906/1906 1908/1908/1908 1907/1907/1907
f 1907/1907/1907 1908/1908/1908 1909/1909/1909
f 1910/1910/1910 1907/1907/1907 1909/1909/1909
f 1891/1891/1891 1907/1907/1907 1910/1910/1910
f 1891/1891/1891 1911/1911/1911 1918/1918/1918
f 1910/1910/1910 1911/1911/1911 1891/1891/1891
f 1919/1919/1919 1918/1918/1918 1911/1911/1911
f 1919/1919/1919 1911/1911/1911 1917/1917/1917
f 1616/1616/1616 1630/1630/1630 1629/1629/1629
f 1630/1630/1630 1616/1616/1616 1581/1581/1581
f 1584/1584/1584 1586/1586/1586 1585/1585/1585
f 1587/1587/1587 1590/1590/1590 1586/1586/1586
f 1584/1584/1584 1587/1587/1587 1586/1586/1586
f 1588/1588/1588 1587/1587/1587 1584/1584/1584
f 4022/4022/4022 4039/4039/4039 4023/4023/4023
f 4039/4039/4039 4032/4032/4032 4023/4023/4023
f 1589/1589/1589 1587/1587/1587 1588/1588/1588
f 4022/4022/4022 4020/4020/4020 4039/4039/4039
f 930/930/930 914/914/914 929/929/929
f 929/929/929 914/914/914 919/919/919
f 1871/1871/1871 1869/1869/1869 1867/1867/1867
f 1871/1871/1871 1872/1872/1872 1869/1869/1869
f 785/785/785 783/783/783 780/780/780
f 783/783/783 782/782/782 780/780/780
f 783/783/783 789/789/789 782/782/782
f 781/781/781 780/780/780 782/782/782
f 2433/2433/2433 2434/2434/2434 2435/2435/2435
f 2432/2432/2432 2431/2431/2431 2433/2433/2433
f 2431/2431/2431 2434/2434/2434 2433/2433/2433
f 2431/2431/2431 2474/2474/2474 2434/2434/2434
f 1940/1940/1940 1941/1941/1941 1939/1939/1939
f 2431/2431/2431 2469/2469/2469 2474/2474/2474
f 1939/1939/1939 1942/1942/1942 1925/1925/1925
f 1941/1941/1941 1942/1942/1942 1939/1939/1939
f 1925/1925/1925 1945/1945/1945 1952/1952/1952
f 1942/1942/1942 1945/1945/1945 1925/1925/1925
f 1906/1906/1906 1952/1952/1952 1908/1908/1908
f 1952/1952/1952 1949/1949/1949 1908/1908/1908
f 1952/1952/1952 1945/1945/1945 1949/1949/1949
f 1908/1908/1908 1949/1949/1949 1909/1909/1909
f 1513/1513/1513 1512/1512/1512 1511/1511/1511
f 1511/1511/1511 1512/1512/1512 1500/1500/1500
f 1500/1500/1500 1506/1506/1506 1501/1501/1501
f 1512/1512/1512 1506/1506/1506 1500/1500/1500
f 1503/1503/1503 1501/1501/1501 1506/1506/1506
f 1503/1503/1503 1506/1506/1506 1526/1526/1526
f 4016/4016/4016 4022/4022/4022 4023/4023/4023
f 4014/4014/4014 4013/4013/4013 4015/4015/4015
f 4015/4015/4015 4013/4013/4013 4016/4016/4016
f 4013/4013/4013 4020/4020/4020 4016/4016/4016
f 4020/4020/4020 4022/4022/4022 4016/4016/4016
f 4014/4014/4014 4012/4012/4012 4013/4013/4013
f 914/914/914 901/901/901 919/919/919
f 903/903/903 901/901/901 914/914/914
f 774/774/774 785/785/785 780/780/780
f 772/772/772 774/774/774 775/775/775
f 775/775/775 774/774/774 776/776/776
f 774/774/774 780/780/780 776/776/776
f 780/780/780 781/781/781 776/776/776
f 777/777/777 775/775/775 776/776/776
f 1816/1816/1816 1822/1822/1822 1827/1827/1827
f 5165/5165/5165 5225/5225/5225 5166/5166/5166
f 5166/5166/5166 5225/5225/5225 5243/5243/5243
f 5165/5165/5165 5162/5162/5162 5225/5225/5225
f 3399/3399/3399 3397/3397/3397 3407/3407/3407
f 3404/3404/3404 3399/3399/3399 3407/3407/3407
f 3412/3412/3412 3404/3404/3404 3407/3407/3407
f 1503/1503/1503 1526/1526/1526 1507/1507/1507
f 4017/4017/4017 4018/4018/4018 4014/4014/4014
f 4017/4017/4017 4014/4014/4014 4015/4015/4015
f 4012/4012/4012 4014/4014/4014 4045/4045/4045
f 4045/4045/4045 4014/4014/4014 4018/4018/4018
f 5835/5835/5835 5763/5763/5763 5762/5762/5762
f 5763/5763/5763 5761/5761/5761 5762/5762/5762
f 902/902/902 901/901/901 903/903/903
f 5766/5766/5766 5835/5835/5835 5762/5762/5762
f 772/772/772 775/775/775 788/788/788
f 772/772/772 788/788/788 795/795/795
f 779/779/779 778/778/778 777/777/777
f 778/778/778 775/775/775 777/777/777
f 778/778/778 788/788/788 775/775/775
f 3229/3229/3229 3232/3232/3232 3233/3233/3233
f 3233/3233/3233 3232/3232/3232 3234/3234/3234
f 3228/3228/3228 3227/3227/3227 3229/3229/3229
f 3229/3229/3229 3227/3227/3227 3232/3232/3232
f 3231/3231/3231 3223/3223/3223 3228/3228/3228
f 3228/3228/3228 3223/3223/3223 3227/3227/3227
f 3223/3223/3223 3231/3231/3231 3221/3221/3221
f 3231/3231/3231 3219/3219/3219 3221/3221/3221
f 1831/1831/1831 1837/1837/1837 1857/1857/1857
f 1840/1840/1840 1837/1837/1837 1839/1839/1839
f 1840/1840/1840 1857/1857/1857 1837/1837/1837
f 1841/1841/1841 1839/1839/1839 1842/1842/1842
f 1841/1841/1841 1840/1840/1840 1839/1839/1839
f 1843/1843/1843 1842/1842/1842 1847/1847/1847
f 1843/1843/1843 1841/1841/1841 1842/1842/1842
f 1848/1848/1848 1858/1858/1858 1846/1846/1846
f 1843/1843/1843 1848/1848/1848 1846/1846/1846
f 1847/1847/1847 1848/1848/1848 1843/1843/1843
f 5166/5166/5166 5167/5167/5167 5164/5164/5164
f 5166/5166/5166 5164/5164/5164 5165/5165/5165
f 5238/5238/5238 5163/5163/5163 5224/5224/5224
f 5224/5224/5224 5163/5163/5163 5164/5164/5164
f 5163/5163/5163 5162/5162/5162 5164/5164/5164
f 5162/5162/5162 5165/5165/5165 5164/5164/5164
f 5239/5239/5239 5232/5232/5232 5238/5238/5238
f 5238/5238/5238 5232/5232/5232 5163/5163/5163
f 5239/5239/5239 5241/5241/5241 5232/5232/5232
f 3396/3396/3396 3389/3389/3389 3398/3398/3398
f 3396/3396/3396 3398/3398/3398 3397/3397/3397
f 3397/3397/3397 3398/3398/3398 3407/3407/3407
f 3398/3398/3398 3413/3413/3413 3407/3407/3407
f 3413/3413/3413 3415/3415/3415 3407/3407/3407
f 2748/2748/2748 2743/2743/2743 2739/2739/2739
f 2748/2748/2748 2753/2753/2753 2743/2743/2743
f 2748/2748/2748 2747/2747/2747 2749/2749/2749
f 2753/2753/2753 2748/2748/2748 2749/2749/2749
f 2746/2746/2746 2745/2745/2745 2747/2747/2747
f 2746/2746/2746 2747/2747/2747 2748/2748/2748
f 2744/2744/2744 2752/2752/2752 2745/2745/2745
f 2744/2744/2744 2745/2745/2745 2746/2746/2746
f 2907/2907/2907 2903/2903/2903 2905/2905/2905
f 4019/4019/4019 4044/4044/4044 4018/4018/4018
f 4019/4019/4019 4018/4018/4018 4017/4017/4017
f 4082/4082/4082 4083/4083/4083 4084/4084/4084
f 4084/4084/4084 4083/4083/4083 4085/4085/4085
f 5860/5860/5860 5859/5859/5859 5861/5861/5861
f 5769/5769/5769 5751/5751/5751 5753/5753/5753
f 5769/5769/5769 5753/5753/5753 5819/5819/5819
f 5858/5858/5858 5857/5857/5857 5859/5859/5859
f 5860/5860/5860 5858/5858/5858 5859/5859/5859
f 5754/5754/5754 5752/5752/5752 5751/5751/5751
f 5754/5754/5754 5751/5751/5751 5769/5769/5769
f 5752/5752/5752 5754/5754/5754 5755/5755/5755
f 5841/5841/5841 5842/5842/5842 5843/5843/5843
f 5839/5839/5839 5842/5842/5842 5841/5841/5841
f 790/790/790 788/788/788 778/778/778
f 5839/5839/5839 5841/5841/5841 5840/5840/5840
f 3235/3235/3235 3234/3234/3234 3232/3232/3232
f 3239/3239/3239 3234/3234/3234 3235/3235/3235
f 3225/3225/3225 3232/3232/3232 3227/3227/3227
f 3235/3235/3235 3232/3232/3232 3225/3225/3225
f 3223/3223/3223 3222/3222/3222 3224/3224/3224
f 3225/3225/3225 3223/3223/3223 3224/3224/3224
f 3227/3227/3227 3223/3223/3223 3225/3225/3225
f 3222/3222/3222 3223/3223/3223 3221/3221/3221
f 2604/2604/2604 2597/2597/2597 2603/2603/2603
f 5222/5222/5222 5238/5238/5238 5224/5224/5224
f 2603/2603/2603 2602/2602/2602 2601/2601/2601
f 2603/2603/2603 2597/2597/2597 2602/2602/2602
f 2600/2600/2600 2601/2601/2601 2599/2599/2599
f 2599/2599/2599 2601/2601/2601 2602/2602/2602
f 3389/3389/3389 3408/3408/3408 3398/3398/3398
f 3414/3414/3414 3413/3413/3413 3398/3398/3398
f 3500/3500/3500 3502/3502/3502 3501/3501/3501
f 3499/3499/3499 3500/3500/3500 3501/3501/3501
f 2734/2734/2734 2735/2735/2735 2736/2736/2736
f 2739/2739/2739 2741/2741/2741 2748/2748/2748
f 2736/2736/2736 2735/2735/2735 2737/2737/2737
f 2748/2748/2748 2741/2741/2741 2750/2750/2750
f 2748/2748/2748 2750/2750/2750 2746/2746/2746
f 2746/2746/2746 2750/2750/2750 2751/2751/2751
f 2746/2746/2746 2751/2751/2751 2744/2744/2744
f 2907/2907/2907 2906/2906/2906 2903/2903/2903
f 4686/4686/4686 4684/4684/4684 4685/4685/4685
f 4684/4684/4684 4682/4682/4682 4685/4685/4685
f 4685/4685/4685 4682/4682/4682 4896/4896/4896
f 4682/4682/4682 4683/4683/4683 4896/4896/4896
f 4683/4683/4683 4933/4933/4933 4896/4896/4896
f 5082/5082/5082 5080/5080/5080 5081/5081/5081
f 5751/5751/5751 5750/5750/5750 5753/5753/5753
f 5750/5750/5750 5751/5751/5751 5749/5749/5749
f 5749/5749/5749 5751/5751/5751 5752/5752/5752
f 5749/5749/5749 5752/5752/5752 5770/5770/5770
f 5838/5838/5838 5842/5842/5842 5839/5839/5839
f 5838/5838/5838 5839/5839/5839 5836/5836/5836
f 5836/5836/5836 5839/5839/5839 5840/5840/5840
f 5726/5726/5726 5722/5722/5722 5720/5720/5720
f 5720/5720/5720 5722/5722/5722 5721/5721/5721
f 5720/5720/5720 5721/5721/5721 5718/5718/5718
f 5721/5721/5721 5725/5725/5725 5718/5718/5718
f 3235/3235/3235 3225/3225/3225 3240/3240/3240
f 3225/3225/3225 3224/3224/3224 3226/3226/3226
f 3236/3236/3236 3225/3225/3225 3226/3226/3226
f 3240/3240/3240 3225/3225/3225 3236/3236/3236
f 21/21/21 22/22/22 23/23/23
f 2605/2605/2605 2594/2594/2594 2597/2597/2597
f 2605/2605/2605 2597/2597/2597 2604/2604/2604
f 2597/2597/2597 2587/2587/2587 2602/2602/2602
f 2597/2597/2597 2594/2594/2594 2587/2587/2587
f 2599/2599/2599 2602/2602/2602 2585/2585/2585
f 2585/2585/2585 2602/2602/2602 2587/2587/2587
f 3465/3465/3465 3429/3429/3429 3424/3424/3424
f 2075/2075/2075 2076/2076/2076 2077/2077/2077
f 2076/2076/2076 2075/2075/2075 2078/2078/2078
f 3489/3489/3489 3490/3490/3490 3491/3491/3491
f 3490/3490/3490 3489/3489/3489 3492/3492/3492
f 3423/3423/3423 3418/3418/3418 3424/3424/3424
f 2076/2076/2076 2079/2079/2079 2077/2077/2077
f 3418/3418/3418 3423/3423/3423 3420/3420/3420
f 4687/4687/4687 4893/4893/4893 4684/4684/4684
f 4687/4687/4687 4684/4684/4684 4686/4686/4686
f 4682/4682/4682 4684/4684/4684 4679/4679/4679
f 4679/4679/4679 4684/4684/4684 4893/4893/4893
f 5725/5725/5725 5735/5735/5735 5718/5718/5718
f 5735/5735/5735 5725/5725/5725 5832/5832/5832
f 5844/5844/5844 5845/5845/5845 5846/5846/5846
f 5780/5780/5780 5778/5778/5778 5777/5777/5777
f 5780/5780/5780 5777/5777/5777 5832/5832/5832
f 5828/5828/5828 5780/5780/5780 5832/5832/5832
f 5846/5846/5846 5847/5847/5847 5844/5844/5844
f 5787/5787/5787 5781/5781/5781 5778/5778/5778
f 5787/5787/5787 5778/5778/5778 5780/5780/5780
f 5783/5783/5783 5781/5781/5781 5787/5787/5787
f 2647/2647/2647 2645/2645/2645 2631/2631/2631
f 2632/2632/2632 2625/2625/2625 2631/2631/2631
f 2632/2632/2632 2631/2631/2631 2645/2645/2645
f 2595/2595/2595 2596/2596/2596 2625/2625/2625
f 2595/2595/2595 2625/2625/2625 2632/2632/2632
f 2594/2594/2594 2605/2605/2605 2596/2596/2596
f 2595/2595/2595 2594/2594/2594 2596/2596/2596
f 2592/2592/2592 2594/2594/2594 2595/2595/2595
f 2586/2586/2586 2587/2587/2587 2591/2591/2591
f 2587/2587/2587 2592/2592/2592 2591/2591/2591
f 2587/2587/2587 2594/2594/2594 2592/2592/2592
f 2587/2587/2587 2586/2586/2586 2585/2585/2585
f 3429/3429/3429 3428/3428/3428 3424/3424/3424
f 3430/3430/3430 3427/3427/3427 3428/3428/3428
f 3427/3427/3427 3424/3424/3424 3428/3428/3428
f 3427/3427/3427 3423/3423/3423 3424/3424/3424
f 3425/3425/3425 3421/3421/3421 3420/3420/3420
f 3423/3423/3423 3425/3425/3425 3420/3420/3420
f 3427/3427/3427 3425/3425/3425 3423/3423/3423
f 4713/4713/4713 4714/4714/4714 4715/4715/4715
f 3477/3477/3477 3421/3421/3421 3425/3425/3425
f 4709/4709/4709 4888/4888/4888 4714/4714/4714
f 4709/4709/4709 4714/4714/4714 4713/4713/4713
f 4709/4709/4709 4706/4706/4706 4888/4888/4888
f 5015/5015/5015 5023/5023/5023 5018/5018/5018
f 4863/4863/4863 4862/4862/4862 4864/4864/4864
f 5018/5018/5018 5021/5021/5021 5020/5020/5020
f 5021/5021/5021 5022/5022/5022 5020/5020/5020
f 4948/4948/4948 4893/4893/4893 4687/4687/4687
f 4893/4893/4893 4948/4948/4948 4679/4679/4679
f 5778/5778/5778 5776/5776/5776 5777/5777/5777
f 5776/5776/5776 5778/5778/5778 5779/5779/5779
f 5779/5779/5779 5778/5778/5778 5781/5781/5781
f 5783/5783/5783 5782/5782/5782 5781/5781/5781
f 5782/5782/5782 5779/5779/5779 5781/5781/5781
f 5782/5782/5782 5784/5784/5784 5779/5779/5779
f 2647/2647/2647 2646/2646/2646 2645/2645/2645
f 2646/2646/2646 2644/2644/2644 2645/2645/2645
f 5784/5784/5784 5782/5782/5782 5785/5785/5785
f 2645/2645/2645 2644/2644/2644 2632/2632/2632
f 2632/2632/2632 2644/2644/2644 2633/2633/2633
f 2632/2632/2632 2633/2633/2633 2595/2595/2595
f 2595/2595/2595 2633/2633/2633 2626/2626/2626
f 2595/2595/2595 2626/2626/2626 2592/2592/2592
f 2592/2592/2592 2626/2626/2626 2593/2593/2593
f 2592/2592/2592 2593/2593/2593 2591/2591/2591
f 4721/4721/4721 4719/4719/4719 4720/4720/4720
f 4720/4720/4720 4719/4719/4719 4718/4718/4718
f 4718/4718/4718 4719/4719/4719 4712/4712/4712
f 4718/4718/4718 4712/4712/4712 4713/4713/4713
f 4713/4713/4713 4712/4712/4712 4710/4710/4710
f 4713/4713/4713 4710/4710/4710 4709/4709/4709
f 4709/4709/4709 4710/4710/4710 4707/4707/4707
f 4709/4709/4709 4707/4707/4707 4706/4706/4706
f 4707/4707/4707 4702/4702/4702 4706/4706/4706
f 4707/4707/4707 4708/4708/4708 4702/4702/4702
f 5002/5002/5002 5004/5004/5004 5005/5005/5005
f 5006/5006/5006 5002/5002/5002 5005/5005/5005
f 5007/5007/5007 5002/5002/5002 5006/5006/5006
f 5012/5012/5012 5009/5009/5009 5006/5006/5006
f 5012/5012/5012 5006/5006/5006 5005/5005/5005
f 5009/5009/5009 5012/5012/5012 5024/5024/5024
f 5014/5014/5014 5009/5009/5009 5024/5024/5024
f 5013/5013/5013 5009/5009/5009 5014/5014/5014
f 5015/5015/5015 5013/5013/5013 5023/5023/5023
f 4866/4866/4866 4859/4859/4859 4863/4863/4863
f 4866/4866/4866 4856/4856/4856 4859/4859/4859
f 4863/4863/4863 4859/4859/4859 4862/4862/4862
f 4869/4869/4869 4851/4851/4851 4867/4867/4867
f 4867/4867/4867 4851/4851/4851 4853/4853/4853
f 4853/4853/4853 4851/4851/4851 4852/4852/4852
f 4853/4853/4853 4852/4852/4852 4854/4854/4854
f 1097/1097/1097 1094/1094/1094 1096/1096/1096
f 1099/1099/1099 1098/1098/1098 1096/1096/1096
f 1096/1096/1096 1098/1098/1098 1097/1097/1097
f 1101/1101/1101 1100/1100/1100 1099/1099/1099
f 1099/1099/1099 1100/1100/1100 1098/1098/1098
f 1104/1104/1104 1102/1102/1102 1101/1101/1101
f 1101/1101/1101 1102/1102/1102 1100/1100/1100
f 1106/1106/1106 1105/1105/1105 1104/1104/1104
f 1104/1104/1104 1105/1105/1105 1102/1102/1102
f 1120/1120/1120 1105/1105/1105 1106/1106/1106
f 134/134/134 135/135/135 136/136/136
f 135/135/135 134/134/134 128/128/128
f 128/128/128 134/134/134 129/129/129
f 128/128/128 129/129/129 130/130/130
f 130/130/130 129/129/129 131/131/131
f 1100/1100/1100 1102/1102/1102 1103/1103/1103
f 132/132/132 131/131/131 133/133/133
f 1122/1122/1122 1123/1123/1123 1124/1124/1124
f 131/131/131 132/132/132 130/130/130
f 1103/1103/1103 1102/1102/1102 1105/1105/1105
f 1103/1103/1103 1105/1105/1105 1113/1113/1113
f 1120/1120/1120 1121/1121/1121 1105/1105/1105
f 1121/1121/1121 1116/1116/1116 1105/1105/1105
f 1116/1116/1116 1113/1113/1113 1105/1105/1105
f 1493/1493/1493 1485/1485/1485 1492/1492/1492
f 243/243/243 237/237/237 238/238/238
f 434/434/434 428/428/428 433/433/433
f 433/433/433 428/428/428 430/430/430
f 428/428/428 427/427/427 426/426/426
f 429/429/429 428/428/428 426/426/426
f 430/430/430 428/428/428 429/429/429
f 1492/1492/1492 1485/1485/1485 1491/1491/1491
f 1494/1494/1494 1492/1492/1492 1491/1491/1491
f 4058/4058/4058 4059/4059/4059 4060/4060/4060
f 237/237/237 243/243/243 239/239/239
f 4059/4059/4059 4053/4053/4053 4061/4061/4061
f 4059/4059/4059 4058/4058/4058 4053/4053/4053
f 4053/4053/4053 3994/3994/3994 4061/4061/4061
f 427/427/427 425/425/425 426/426/426
f 424/424/424 423/423/423 425/425/425
f 423/423/423 426/426/426 425/425/425
f 423/423/423 455/455/455 426/426/426
f 4058/4058/4058 4057/4057/4057 4053/4053/4053
f 455/455/455 423/423/423 422/422/422
f 3994/3994/3994 4053/4053/4053 3960/3960/3960
f 4053/4053/4053 3959/3959/3959 3960/3960/3960
f 4053/4053/4053 4057/4057/4057 3959/3959/3959
f 3959/3959/3959 3956/3956/3956 3960/3960/3960
f 424/424/424 421/421/421 423/423/423
f 423/423/423 421/421/421 422/422/422
f 422/422/422 421/421/421 419/419/419
f 422/422/422 419/419/419 456/456/456
f 456/456/456 419/419/419 457/457/457
f 3959/3959/3959 3957/3957/3957 3956/3956/3956
f 4120/4120/4120 4439/4439/4439 4128/4128/4128
f 4124/4124/4124 4121/4121/4121 4128/4128/4128
f 4128/4128/4128 4121/4121/4121 4120/4120/4120
f 4125/4125/4125 4123/4123/4123 4124/4124/4124
f 4124/4124/4124 4123/4123/4123 4121/4121/4121
f 4129/4129/4129 4127/4127/4127 4125/4125/4125
f 4125/4125/4125 4127/4127/4127 4123/4123/4123
f 4134/4134/4134 4130/4130/4130 4129/4129/4129
f 4129/4129/4129 4130/4130/4130 4127/4127/4127
f 4497/4497/4497 4498/4498/4498 4496/4496/4496
f 4134/4134/4134 4133/4133/4133 4130/4130/4130
f 4497/4497/4497 4499/4499/4499 4498/4498/4498
f 3069/3069/3069 3070/3070/3070 3068/3068/3068
f 3069/3069/3069 3068/3068/3068 3067/3067/3067
f 3068/3068/3068 3054/3054/3054 3067/3067/3067
f 4220/4220/4220 4172/4172/4172 4170/4170/4170
f 4167/4167/4167 4172/4172/4172 4169/4169/4169
f 4167/4167/4167 4170/4170/4170 4172/4172/4172
f 4166/4166/4166 4169/4169/4169 4171/4171/4171
f 4166/4166/4166 4167/4167/4167 4169/4169/4169
f 4455/4455/4455 4456/4456/4456 4457/4457/4457
f 4166/4166/4166 4174/4174/4174 4439/4439/4439
f 4171/4171/4171 4174/4174/4174 4166/4166/4166
f 4456/4456/4456 4455/4455/4455 4458/4458/4458
f 4128/4128/4128 4332/4332/4332 4124/4124/4124
f 4124/4124/4124 4332/4332/4332 4146/4146/4146
f 4124/4124/4124 4146/4146/4146 4125/4125/4125
f 4125/4125/4125 4146/4146/4146 4143/4143/4143
f 4125/4125/4125 4143/4143/4143 4129/4129/4129
f 4129/4129/4129 4143/4143/4143 4334/4334/4334
f 4129/4129/4129 4334/4334/4334 4134/4134/4134
f 4496/4496/4496 4459/4459/4459 4466/4466/4466
f 4496/4496/4496 4466/4466/4466 4497/4497/4497
f 4502/4502/4502 4505/4505/4505 4503/4503/4503
f 4501/4501/4501 4502/4502/4502 4503/4503/4503
f 4504/4504/4504 4502/4502/4502 4501/4501/4501
f 4500/4500/4500 4481/4481/4481 4495/4495/4495
f 4495/4495/4495 4481/4481/4481 4494/4494/4494
f 3076/3076/3076 3075/3075/3075 3074/3074/3074
f 3078/3078/3078 3076/3076/3076 3074/3074/3074
f 3078/3078/3078 3074/3074/3074 3070/3070/3070
f 3071/3071/3071 3078/3078/3078 3070/3070/3070
f 3069/3069/3069 3071/3071/3071 3070/3070/3070
f 24/24/24 25/25/25 26/26/26
f 4479/4479/4479 4494/4494/4494 4481/4481/4481
f 4479/4479/4479 4481/4481/4481 4476/4476/4476
f 4480/4480/4480 4478/4478/4478 4477/4477/4477
f 4478/4478/4478 4476/4476/4476 4477/4477/4477
f 4478/4478/4478 4479/4479/4479 4476/4476/4476
f 4368/4368/4368 4367/4367/4367 4370/4370/4370
f 2538/2538/2538 2532/2532/2532 2539/2539/2539
f 2539/2539/2539 2532/2532/2532 2540/2540/2540
f 2539/2539/2539 2526/2526/2526 2524/2524/2524
f 2539/2539/2539 2524/2524/2524 2538/2538/2538
f 1623/1623/1623 1622/1622/1622 1625/1625/1625
f 1475/1475/1475 1478/1478/1478 1476/1476/1476
f 4367/4367/4367 4368/4368/4368 4365/4365/4365
f 1625/1625/1625 1624/1624/1624 1634/1634/1634
f 1625/1625/1625 1622/1622/1622 1624/1624/1624
f 1626/1626/1626 1632/1632/1632 1624/1624/1624
f 1624/1624/1624 1632/1632/1632 1634/1634/1634
f 1627/1627/1627 1631/1631/1631 1626/1626/1626
f 1626/1626/1626 1631/1631/1631 1632/1632/1632
f 1628/1628/1628 1633/1633/1633 1627/1627/1627
f 1627/1627/1627 1633/1633/1633 1631/1631/1631
f 1628/1628/1628 1635/1635/1635 1633/1633/1633
f 2538/2538/2538 2527/2527/2527 2532/2532/2532
f 2520/2520/2520 2513/2513/2513 2512/2512/2512
f 2520/2520/2520 2512/2512/2512 2527/2527/2527
f 2524/2524/2524 2520/2520/2520 2527/2527/2527
f 2538/2538/2538 2524/2524/2524 2527/2527/2527
f 2514/2514/2514 2513/2513/2513 2520/2520/2520
f 1609/1609/1609 1622/1622/1622 1623/1623/1623
f 1622/1622/1622 1609/1609/1609 1608/1608/1608
f 1622/1622/1622 1608/1608/1608 1624/1624/1624
f 1624/1624/1624 1608/1608/1608 1606/1606/1606
f 1624/1624/1624 1606/1606/1606 1626/1626/1626
f 1626/1626/1626 1606/1606/1606 1604/1604/1604
f 1626/1626/1626 1604/1604/1604 1627/1627/1627
f 1627/1627/1627 1604/1604/1604 1602/1602/1602
f 1627/1627/1627 1602/1602/1602 1628/1628/1628
f 1602/1602/1602 1590/1590/1590 1628/1628/1628
f 1590/1590/1590 1635/1635/1635 1628/1628/1628
f 2050/2050/2050 2051/2051/2051 2052/2052/2052
f 2513/2513/2513 2462/2462/2462 2512/2512/2512
f 2442/2442/2442 2430/2430/2430 2432/2432/2432
f 2442/2442/2442 2432/2432/2432 2462/2462/2462
f 2514/2514/2514 2442/2442/2442 2462/2462/2462
f 2513/2513/2513 2514/2514/2514 2462/2462/2462
f 2429/2429/2429 2430/2430/2430 2442/2442/2442
f 1909/1909/1909 1915/1915/1915 1910/1910/1910
f 1910/1910/1910 1915/1915/1915 1913/1913/1913
f 1912/1912/1912 1910/1910/1910 1913/1913/1913
f 1911/1911/1911 1910/1910/1910 1912/1912/1912
f 1917/1917/1917 1911/1911/1911 1912/1912/1912
f 1917/1917/1917 1912/1912/1912 1916/1916/1916
f 1592/1592/1592 1593/1593/1593 1590/1590/1590
f 1592/1592/1592 1590/1590/1590 1587/1587/1587
f 1591/1591/1591 1587/1587/1587 1589/1589/1589
f 1591/1591/1591 1592/1592/1592 1587/1587/1587
f 4021/4021/4021 4038/4038/4038 4020/4020/4020
f 4038/4038/4038 4039/4039/4039 4020/4020/4020
f 1594/1594/1594 1591/1591/1591 1589/1589/1589
f 4021/4021/4021 4046/4046/4046 4038/4038/4038
f 2916/2916/2916 2917/2917/2917 2918/2918/2918
f 783/783/783 786/786/786 796/796/796
f 796/796/796 786/786/786 797/797/797
f 785/785/785 786/786/786 783/783/783
f 2430/2430/2430 2431/2431/2431 2432/2432/2432
f 2429/2429/2429 2428/2428/2428 2430/2430/2430
f 2428/2428/2428 2431/2431/2431 2430/2430/2430
f 2428/2428/2428 2469/2469/2469 2431/2431/2431
f 2469/2469/2469 2467/2467/2467 2485/2485/2485
f 2428/2428/2428 2467/2467/2467 2469/2469/2469
f 1942/1942/1942 1946/1946/1946 1945/1945/1945
f 2467/2467/2467 2487/2487/2487 2485/2485/2485
f 1945/1945/1945 1947/1947/1947 1949/1949/1949
f 1946/1946/1946 1947/1947/1947 1945/1945/1945
f 1909/1909/1909 1949/1949/1949 1915/1915/1915
f 1949/1949/1949 1950/1950/1950 1915/1915/1915
f 1949/1949/1949 1947/1947/1947 1950/1950/1950
f 1915/1915/1915 1950/1950/1950 1913/1913/1913
f 1512/1512/1512 1513/1513/1513 1514/1514/1514
f 1513/1513/1513 1515/1515/1515 1514/1514/1514
f 3406/3406/3406 3402/3402/3402 3376/3376/3376
f 1521/1521/1521 1506/1506/1506 1512/1512/1512
f 1521/1521/1521 1512/1512/1512 1514/1514/1514
f 1521/1521/1521 1526/1526/1526 1506/1506/1506
f 4013/4013/4013 4021/4021/4021 4020/4020/4020
f 4006/4006/4006 4005/4005/4005 4012/4012/4012
f 4012/4012/4012 4005/4005/4005 4013/4013/4013
f 4005/4005/4005 4046/4046/4046 4013/4013/4013
f 4046/4046/4046 4021/4021/4021 4013/4013/4013
f 4006/4006/4006 4004/4004/4004 4005/4005/4005
f 5759/5759/5759 5761/5761/5761 5760/5760/5760
f 5760/5760/5760 5761/5761/5761 5764/5764/5764
f 5758/5758/5758 5760/5760/5760 5765/5765/5765
f 5759/5759/5759 5760/5760/5760 5758/5758/5758
f 774/774/774 773/773/773 785/785/785
f 773/773/773 786/786/786 785/785/785
f 773/773/773 793/793/793 786/786/786
f 772/772/772 773/773/773 774/774/774
f 1808/1808/1808 1821/1821/1821 1816/1816/1816
f 1816/1816/1816 1821/1821/1821 1822/1822/1822
f 1806/1806/1806 1816/1816/1816 1815/1815/1815
f 1806/1806/1806 1808/1808/1808 1816/1816/1816
f 5160/5160/5160 5161/5161/5161 5162/5162/5162
f 5161/5161/5161 5225/5225/5225 5162/5162/5162
f 1809/1809/1809 1806/1806/1806 1815/1815/1815
f 5159/5159/5159 5157/5157/5157 5160/5160/5160
f 5160/5160/5160 5157/5157/5157 5161/5161/5161
f 5159/5159/5159 5156/5156/5156 5157/5157/5157
f 3484/3484/3484 3482/3482/3482 3481/3481/3481
f 3481/3481/3481 3482/3482/3482 3483/3483/3483
f 3391/3391/3391 3397/3397/3397 3399/3399/3399
f 3400/3400/3400 3391/3391/3391 3399/3399/3399
f 3401/3401/3401 3391/3391/3391 3400/3400/3400
f 3400/3400/3400 3399/3399/3399 3404/3404/3404
f 4045/4045/4045 4008/4008/4008 4006/4006/4006
f 4045/4045/4045 4006/4006/4006 4012/4012/4012
f 4004/4004/4004 4006/4006/4006 4007/4007/4007
f 4007/4007/4007 4006/4006/4006 4008/4008/4008
f 5759/5759/5759 5762/5762/5762 5761/5761/5761
f 5762/5762/5762 5759/5759/5759 5766/5766/5766
f 5759/5759/5759 5757/5757/5757 5766/5766/5766
f 5759/5759/5759 5758/5758/5758 5757/5757/5757
f 5756/5756/5756 5758/5758/5758 5767/5767/5767
f 5757/5757/5757 5758/5758/5758 5756/5756/5756
f 795/795/795 794/794/794 772/772/772
f 772/772/772 794/794/794 773/773/773
f 3220/3220/3220 3221/3221/3221 3219/3219/3219
f 3214/3214/3214 3215/3215/3215 3219/3219/3219
f 3219/3219/3219 3215/3215/3215 3220/3220/3220
f 3215/3215/3215 3214/3214/3214 3212/3212/3212
f 3214/3214/3214 3213/3213/3213 3212/3212/3212
f 1840/1840/1840 1841/1841/1841 1854/1854/1854
f 1844/1844/1844 1841/1841/1841 1843/1843/1843
f 1844/1844/1844 1854/1854/1854 1841/1841/1841
f 1843/1843/1843 1846/1846/1846 1845/1845/1845
f 1843/1843/1843 1845/1845/1845 1844/1844/1844
f 5163/5163/5163 5160/5160/5160 5162/5162/5162
f 5160/5160/5160 5163/5163/5163 5232/5232/5232
f 5160/5160/5160 5232/5232/5232 5159/5159/5159
f 5226/5226/5226 5233/5233/5233 5241/5241/5241
f 5241/5241/5241 5233/5233/5233 5232/5232/5232
f 5233/5233/5233 5156/5156/5156 5232/5232/5232
f 5156/5156/5156 5159/5159/5159 5232/5232/5232
f 5154/5154/5154 5151/5151/5151 5226/5226/5226
f 5226/5226/5226 5151/5151/5151 5233/5233/5233
f 5154/5154/5154 5152/5152/5152 5151/5151/5151
f 3378/3378/3378 3379/3379/3379 3380/3380/3380
f 3378/3378/3378 3380/3380/3380 3395/3395/3395
f 3395/3395/3395 3380/3380/3380 3391/3391/3391
f 3380/3380/3380 3389/3389/3389 3391/3391/3391
f 3389/3389/3389 3396/3396/3396 3391/3391/3391
f 3391/3391/3391 3396/3396/3396 3397/3397/3397
f 4011/4011/4011 4010/4010/4010 4008/4008/4008
f 4011/4011/4011 4008/4008/4008 4045/4045/4045
f 4007/4007/4007 4008/4008/4008 4009/4009/4009
f 4009/4009/4009 4008/4008/4008 4010/4010/4010
f 5856/5856/5856 5857/5857/5857 5858/5858/5858
f 5769/5769/5769 5757/5757/5757 5754/5754/5754
f 5754/5754/5754 5757/5757/5757 5756/5756/5756
f 5754/5754/5754 5756/5756/5756 5755/5755/5755
f 3230/3230/3230 3224/3224/3224 3222/3222/3222
f 3221/3221/3221 3220/3220/3220 3222/3222/3222
f 3220/3220/3220 3230/3230/3230 3222/3222/3222
f 3220/3220/3220 3241/3241/3241 3230/3230/3230
f 3237/3237/3237 3220/3220/3220 3215/3215/3215
f 3241/3241/3241 3220/3220/3220 3237/3237/3237
f 3215/3215/3215 3212/3212/3212 3210/3210/3210
f 3215/3215/3215 3210/3210/3210 3237/3237/3237
f 2599/2599/2599 2582/2582/2582 2598/2598/2598
f 2599/2599/2599 2598/2598/2598 2600/2600/2600
f 2578/2578/2578 2579/2579/2579 2581/2581/2581
f 2579/2579/2579 2582/2582/2582 2581/2581/2581
f 2579/2579/2579 2598/2598/2598 2582/2582/2582
f 2579/2579/2579 2578/2578/2578 2577/2577/2577
f 3380/3380/3380 3379/3379/3379 3383/3383/3383
f 3383/3383/3383 3379/3379/3379 3384/3384/3384
f 3385/3385/3385 3408/3408/3408 3389/3389/3389
f 3380/3380/3380 3385/3385/3385 3389/3389/3389
f 3383/3383/3383 3385/3385/3385 3380/3380/3380
f 3503/3503/3503 3500/3500/3500 3499/3499/3499
f 3409/3409/3409 3408/3408/3408 3385/3385/3385
f 2738/2738/2738 2737/2737/2737 2735/2735/2735
f 4682/4682/4682 4681/4681/4681 4683/4683/4683
f 5079/5079/5079 5077/5077/5077 5080/5080/5080
f 5080/5080/5080 5077/5077/5077 5081/5081/5081
f 4917/4917/4917 4914/4914/4914 4916/4916/4916
f 4914/4914/4914 4915/4915/4915 4916/4916/4916
f 4915/4915/4915 4914/4914/4914 4912/4912/4912
f 3230/3230/3230 3226/3226/3226 3224/3224/3224
f 5830/5830/5830 5829/5829/5829 5828/5828/5828
f 5829/5829/5829 5825/5825/5825 5828/5828/5828
f 3230/3230/3230 3241/3241/3241 3242/3242/3242
f 3238/3238/3238 3241/3241/3241 3237/3237/3237
f 3242/3242/3242 3241/3241/3241 3238/3238/3238
f 3237/3237/3237 3210/3210/3210 3208/3208/3208
f 3237/3237/3237 3208/3208/3208 3238/3238/3238
f 2585/2585/2585 2584/2584/2584 2582/2582/2582
f 2585/2585/2585 2582/2582/2582 2599/2599/2599
f 2581/2581/2581 2582/2582/2582 2583/2583/2583
f 2583/2583/2583 2582/2582/2582 2584/2584/2584
f 3383/3383/3383 3384/3384/3384 3390/3390/3390
f 3390/3390/3390 3384/3384/3384 3467/3467/3467
f 3485/3485/3485 3486/3486/3486 3487/3487/3487
f 3385/3385/3385 3390/3390/3390 3465/3465/3465
f 3383/3383/3383 3390/3390/3390 3385/3385/3385
f 3385/3385/3385 3465/3465/3465 3410/3410/3410
f 3385/3385/3385 3410/3410/3410 3409/3409/3409
f 3409/3409/3409 3410/3410/3410 3411/3411/3411
f 4679/4679/4679 4680/4680/4680 4681/4681/4681
f 4679/4679/4679 4681/4681/4681 4682/4682/4682
f 5077/5077/5077 5079/5079/5079 5078/5078/5078
f 4894/4894/4894 4681/4681/4681 4680/4680/4680
f 5825/5825/5825 5780/5780/5780 5828/5828/5828
f 5780/5780/5780 5825/5825/5825 5787/5787/5787
f 5787/5787/5787 5825/5825/5825 5824/5824/5824
f 5822/5822/5822 5786/5786/5786 5783/5783/5783
f 5822/5822/5822 5783/5783/5783 5787/5787/5787
f 5823/5823/5823 5822/5822/5822 5787/5787/5787
f 5824/5824/5824 5823/5823/5823 5787/5787/5787
f 5790/5790/5790 5789/5789/5789 5786/5786/5786
f 5790/5790/5790 5786/5786/5786 5822/5822/5822
f 5791/5791/5791 5789/5789/5789 5790/5790/5790
f 2725/2725/2725 2722/2722/2722 2586/2586/2586
f 2725/2725/2725 2586/2586/2586 2591/2591/2591
f 2585/2585/2585 2586/2586/2586 2584/2584/2584
f 2586/2586/2586 2588/2588/2588 2584/2584/2584
f 2586/2586/2586 2722/2722/2722 2588/2588/2588
f 2584/2584/2584 2588/2588/2588 2583/2583/2583
f 4741/4741/4741 4742/4742/4742 4744/4744/4744
f 4742/4742/4742 4743/4743/4743 4882/4882/4882
f 4742/4742/4742 4882/4882/4882 4745/4745/4745
f 4744/4744/4744 4742/4742/4742 4745/4745/4745
f 3486/3486/3486 3485/3485/3485 3488/3488/3488
f 5063/5063/5063 5064/5064/5064 5065/5065/5065
f 4862/4862/4862 4861/4861/4861 4948/4948/4948
f 5091/5091/5091 5092/5092/5092 5093/5093/5093
f 4948/4948/4948 4678/4678/4678 4679/4679/4679
f 4678/4678/4678 4676/4676/4676 4679/4679/4679
f 4676/4676/4676 4680/4680/4680 4679/4679/4679
f 4680/4680/4680 4676/4676/4676 4894/4894/4894
f 5786/5786/5786 5782/5782/5782 5783/5783/5783
f 5782/5782/5782 5786/5786/5786 5785/5785/5785
f 5785/5785/5785 5786/5786/5786 5789/5789/5789
f 5791/5791/5791 5800/5800/5800 5789/5789/5789
f 5800/5800/5800 5785/5785/5785 5789/5789/5789
f 5800/5800/5800 5820/5820/5820 5785/5785/5785
f 5820/5820/5820 5818/5818/5818 5826/5826/5826
f 5800/5800/5800 5818/5818/5818 5820/5820/5820
f 2626/2626/2626 2708/2708/2708 2593/2593/2593
f 5851/5851/5851 5853/5853/5853 5854/5854/5854
f 2591/2591/2591 2593/2593/2593 2725/2725/2725
f 2725/2725/2725 2593/2593/2593 2708/2708/2708
f 5059/5059/5059 5061/5061/5061 5062/5062/5062
f 4882/4882/4882 4722/4722/4722 4721/4721/4721
f 4722/4722/4722 4719/4719/4719 4721/4721/4721
f 4722/4722/4722 4723/4723/4723 4719/4719/4719
f 4719/4719/4719 4884/4884/4884 4712/4712/4712
f 4723/4723/4723 4884/4884/4884 4719/4719/4719
f 4712/4712/4712 4711/4711/4711 4710/4710/4710
f 4884/4884/4884 4711/4711/4711 4712/4712/4712
f 4711/4711/4711 4886/4886/4886 4885/4885/4885
f 4707/4707/4707 4711/4711/4711 4885/4885/4885
f 4710/4710/4710 4711/4711/4711 4707/4707/4707
f 4999/4999/4999 5002/5002/5002 5001/5001/5001
f 4999/4999/4999 5001/5001/5001 5000/5000/5000
f 4999/4999/4999 5004/5004/5004 5002/5002/5002
f 4854/4854/4854 4855/4855/4855 4856/4856/4856
f 4856/4856/4856 4855/4855/4855 4857/4857/4857
f 4858/4858/4858 4856/4856/4856 4857/4857/4857
f 4859/4859/4859 4856/4856/4856 4858/4858/4858
f 4862/4862/4862 4859/4859/4859 4861/4861/4861
f 4859/4859/4859 4860/4860/4860 4861/4861/4861
f 4859/4859/4859 4858/4858/4858 4860/4860/4860
f 5091/5091/5091 5094/5094/5094 5092/5092/5092
f 4886/4886/4886 4887/4887/4887 4885/4885/4885
f 5000/5000/5000 4995/4995/4995 4999/4999/4999
f 4999/4999/4999 4995/4995/4995 4998/4998/4998
f 4999/4999/4999 4998/4998/4998 5004/5004/5004
f 4848/4848/4848 4851/4851/4851 4869/4869/4869
f 4848/4848/4848 4849/4849/4849 4851/4851/4851
f 4851/4851/4851 4850/4850/4850 4852/4852/4852
f 4849/4849/4849 4850/4850/4850 4851/4851/4851
f 4854/4854/4854 4852/4852/4852 4855/4855/4855
f 4852/4852/4852 4871/4871/4871 4855/4855/4855
f 4852/4852/4852 4850/4850/4850 4871/4871/4871
f 4855/4855/4855 4871/4871/4871 4857/4857/4857
f 2027/2027/2027 2028/2028/2028 2029/2029/2029
f 2027/2027/2027 2029/2029/2029 2025/2025/2025
f 2029/2029/2029 2030/2030/2030 2025/2025/2025
f 1103/1103/1103 1113/1113/1113 1114/1114/1114
f 1115/1115/1115 1113/1113/1113 1116/1116/1116
f 1115/1115/1115 1114/1114/1114 1113/1113/1113
f 238/238/238 237/237/237 236/236/236
f 236/236/236 237/237/237 234/234/234
f 2027/2027/2027 2026/2026/2026 2028/2028/2028
f 2024/2024/2024 2026/2026/2026 2027/2027/2027
f 2025/2025/2025 2024/2024/2024 2027/2027/2027
f 2023/2023/2023 2024/2024/2024 2025/2025/2025
f 233/233/233 234/234/234 237/237/237
f 233/233/233 237/237/237 239/239/239
f 239/239/239 241/241/241 233/233/233
f 233/233/233 241/241/241 227/227/227
f 454/454/454 451/451/451 427/427/427
f 427/427/427 451/451/451 425/425/425
f 424/424/424 425/425/425 451/451/451
f 424/424/424 451/451/451 436/436/436
f 3993/3993/3993 3995/3995/3995 3994/3994/3994
f 3993/3993/3993 3994/3994/3994 3960/3960/3960
f 3954/3954/3954 3955/3955/3955 3956/3956/3956
f 3955/3955/3955 3960/3960/3960 3956/3956/3956
f 3955/3955/3955 3993/3993/3993 3960/3960/3960
f 3954/3954/3954 3953/3953/3953 3955/3955/3955
f 436/436/436 420/420/420 424/424/424
f 424/424/424 420/420/420 421/421/421
f 420/420/420 417/417/417 416/416/416
f 419/419/419 420/420/420 416/416/416
f 421/421/421 420/420/420 419/419/419
f 414/414/414 457/457/457 419/419/419
f 414/414/414 419/419/419 416/416/416
f 3954/3954/3954 3956/3956/3956 3957/3957/3957
f 3958/3958/3958 3954/3954/3954 3957/3957/3957
f 3961/3961/3961 3954/3954/3954 3958/3958/3958
f 3953/3953/3953 3954/3954/3954 3950/3950/3950
f 3950/3950/3950 3954/3954/3954 3961/3961/3961
f 417/417/417 415/415/415 416/416/416
f 416/416/416 415/415/415 414/414/414
f 414/414/414 415/415/415 412/412/412
f 414/414/414 412/412/412 413/413/413
f 413/413/413 412/412/412 374/374/374
f 3961/3961/3961 3951/3951/3951 3950/3950/3950
f 4162/4162/4162 4439/4439/4439 4120/4120/4120
f 4162/4162/4162 4120/4120/4120 4118/4118/4118
f 4120/4120/4120 4116/4116/4116 4118/4118/4118
f 4120/4120/4120 4121/4121/4121 4116/4116/4116
f 4122/4122/4122 4121/4121/4121 4123/4123/4123
f 4122/4122/4122 4116/4116/4116 4121/4121/4121
f 4219/4219/4219 4123/4123/4123 4127/4127/4127
f 4219/4219/4219 4122/4122/4122 4123/4123/4123
f 4131/4131/4131 4127/4127/4127 4130/4130/4130
f 4131/4131/4131 4219/4219/4219 4127/4127/4127
f 4132/4132/4132 4130/4130/4130 4133/4133/4133
f 4132/4132/4132 4131/4131/4131 4130/4130/4130
f 4147/4147/4147 4135/4135/4135 4140/4140/4140
f 4135/4135/4135 4133/4133/4133 4140/4140/4140
f 4135/4135/4135 4132/4132/4132 4133/4133/4133
f 4304/4304/4304 4142/4142/4142 4147/4147/4147
f 4147/4147/4147 4142/4142/4142 4135/4135/4135
f 4304/4304/4304 4145/4145/4145 4142/4142/4142
f 3057/3057/3057 3067/3067/3067 3054/3054/3054
f 3057/3057/3057 3054/3054/3054 3053/3053/3053
f 3054/3054/3054 3052/3052/3052 3053/3053/3053
f 4170/4170/4170 4167/4167/4167 4168/4168/4168
f 4165/4165/4165 4167/4167/4167 4166/4166/4166
f 4165/4165/4165 4168/4168/4168 4167/4167/4167
f 4452/4452/4452 4454/4454/4454 4453/4453/4453
f 4451/4451/4451 4452/4452/4452 4453/4453/4453
f 4165/4165/4165 4166/4166/4166 4163/4163/4163
f 27/27/27 28/28/28 29/29/29
f 4436/4436/4436 4147/4147/4147 4140/4140/4140
f 4493/4493/4493 4495/4495/4495 4494/4494/4494
f 4487/4487/4487 4493/4493/4493 4494/4494/4494
f 4489/4489/4489 4493/4493/4493 4487/4487/4487
f 4145/4145/4145 4304/4304/4304 4434/4434/4434
f 4489/4489/4489 4488/4488/4488 4490/4490/4490
f 4489/4489/4489 4487/4487/4487 4488/4488/4488
f 4492/4492/4492 4491/4491/4491 4488/4488/4488
f 4488/4488/4488 4491/4491/4491 4490/4490/4490
f 4437/4437/4437 4345/4345/4345 4421/4421/4421
f 3083/3083/3083 3078/3078/3078 3071/3071/3071
f 3126/3126/3126 3083/3083/3083 3071/3071/3071
f 3174/3174/3174 3175/3175/3175 3176/3176/3176
f 3055/3055/3055 3126/3126/3126 3067/3067/3067
f 3057/3057/3057 3055/3055/3055 3067/3067/3067
f 3055/3055/3055 3057/3057/3057 3053/3053/3053
f 30/30/30 31/31/31 32/32/32
f 4487/4487/4487 4479/4479/4479 4478/4478/4478
f 4487/4487/4487 4478/4478/4478 4488/4488/4488
f 4369/4369/4369 4370/4370/4370 4367/4367/4367
f 4366/4366/4366 4369/4369/4369 4367/4367/4367
f 4437/4437/4437 4369/4369/4369 4366/4366/4366
f 4345/4345/4345 4437/4437/4437 4342/4342/4342
f 4525/4525/4525 4526/4526/4526 4527/4527/4527
f 2523/2523/2523 2524/2524/2524 2525/2525/2525
f 2525/2525/2525 2524/2524/2524 2526/2526/2526
f 3177/3177/3177 3178/3178/3178 3179/3179/3179
f 2525/2525/2525 2519/2519/2519 2523/2523/2523
f 4365/4365/4365 4366/4366/4366 4367/4367/4367
f 4528/4528/4528 4525/4525/4525 4527/4527/4527
f 4365/4365/4365 4361/4361/4361 4366/4366/4366
f 4364/4364/4364 4361/4361/4361 4365/4365/4365
f 4360/4360/4360 4364/4364/4364 4363/4363/4363
f 4360/4360/4360 4361/4361/4361 4364/4364/4364
f 1639/1639/1639 1631/1631/1631 1633/1633/1633
f 4362/4362/4362 4360/4360/4360 4363/4363/4363
f 1637/1637/1637 1636/1636/1636 1635/1635/1635
f 1636/1636/1636 1633/1633/1633 1635/1635/1635
f 1636/1636/1636 1639/1639/1639 1633/1633/1633
f 1564/1564/1564 1638/1638/1638 1637/1637/1637
f 1637/1637/1637 1638/1638/1638 1636/1636/1636
f 1564/1564/1564 1565/1565/1565 1638/1638/1638
f 2523/2523/2523 2520/2520/2520 2524/2524/2524
f 2518/2518/2518 2515/2515/2515 2514/2514/2514
f 2518/2518/2518 2514/2514/2514 2520/2520/2520
f 2519/2519/2519 2518/2518/2518 2520/2520/2520
f 2523/2523/2523 2519/2519/2519 2520/2520/2520
f 2516/2516/2516 2515/2515/2515 2518/2518/2518
f 1593/1593/1593 1600/1600/1600 1637/1637/1637
f 1593/1593/1593 1637/1637/1637 1635/1635/1635
f 1637/1637/1637 1545/1545/1545 1564/1564/1564
f 1637/1637/1637 1600/1600/1600 1545/1545/1545
f 1565/1565/1565 1564/1564/1564 1541/1541/1541
f 1541/1541/1541 1564/1564/1564 1545/1545/1545
f 2515/2515/2515 2442/2442/2442 2514/2514/2514
f 2421/2421/2421 2427/2427/2427 2429/2429/2429
f 2421/2421/2421 2429/2429/2429 2442/2442/2442
f 2516/2516/2516 2421/2421/2421 2442/2442/2442
f 2515/2515/2515 2516/2516/2516 2442/2442/2442
f 2425/2425/2425 2427/2427/2427 2421/2421/2421
f 1913/1913/1913 1914/1914/1914 1912/1912/1912
f 1914/1914/1914 1916/1916/1916 1912/1912/1912
f 1592/1592/1592 1600/1600/1600 1593/1593/1593
f 1600/1600/1600 1592/1592/1592 1591/1591/1591
f 1600/1600/1600 1591/1591/1591 1545/1545/1545
f 1544/1544/1544 1541/1541/1541 1545/1545/1545
f 1591/1591/1591 1544/1544/1544 1545/1545/1545
f 1594/1594/1594 1544/1544/1544 1591/1591/1591
f 4003/4003/4003 4002/4002/4002 4046/4046/4046
f 4086/4086/4086 4087/4087/4087 4088/4088/4088
f 1595/1595/1595 1544/1544/1544 1594/1594/1594
f 4003/4003/4003 4001/4001/4001 4002/4002/4002
f 1817/1817/1817 1811/1811/1811 1814/1814/1814
f 5227/5227/5227 5158/5158/5158 5228/5228/5228
f 2427/2427/2427 2428/2428/2428 2429/2429/2429
f 2425/2425/2425 2426/2426/2426 2427/2427/2427
f 2426/2426/2426 2428/2428/2428 2427/2427/2427
f 2426/2426/2426 2467/2467/2467 2428/2428/2428
f 2467/2467/2467 2457/2457/2457 2487/2487/2487
f 2426/2426/2426 2457/2457/2457 2467/2467/2467
f 1946/1946/1946 1948/1948/1948 1947/1947/1947
f 2457/2457/2457 2483/2483/2483 2487/2487/2487
f 1947/1947/1947 1951/1951/1951 1950/1950/1950
f 1948/1948/1948 1951/1951/1951 1947/1947/1947
f 1950/1950/1950 1951/1951/1951 1913/1913/1913
f 3371/3371/3371 3372/3372/3372 3373/3373/3373
f 2573/2573/2573 2574/2574/2574 2575/2575/2575
f 3372/3372/3372 3371/3371/3371 3374/3374/3374
f 3372/3372/3372 3376/3376/3376 3402/3402/3402
f 3372/3372/3372 3402/3402/3402 3403/3403/3403
f 4005/4005/4005 4003/4003/4003 4046/4046/4046
f 4005/4005/4005 4004/4004/4004 4003/4003/4003
f 4004/4004/4004 4001/4001/4001 4003/4003/4003
f 4004/4004/4004 4047/4047/4047 4001/4001/4001
f 1826/1826/1826 1821/1821/1821 1808/1808/1808
f 1826/1826/1826 1808/1808/1808 1824/1824/1824
f 1808/1808/1808 1805/1805/1805 1824/1824/1824
f 1808/1808/1808 1806/1806/1806 1805/1805/1805
f 1804/1804/1804 1806/1806/1806 1809/1809/1809
f 1804/1804/1804 1805/1805/1805 1806/1806/1806
f 1810/1810/1810 1814/1814/1814 1811/1811/1811
f 1804/1804/1804 1810/1810/1810 1811/1811/1811
f 1809/1809/1809 1810/1810/1810 1804/1804/1804
f 5150/5150/5150 5155/5155/5155 5156/5156/5156
f 5156/5156/5156 5155/5155/5155 5157/5157/5157
f 5155/5155/5155 5158/5158/5158 5157/5157/5157
f 5158/5158/5158 5227/5227/5227 5157/5157/5157
f 5149/5149/5149 5148/5148/5148 5150/5150/5150
f 5150/5150/5150 5148/5148/5148 5155/5155/5155
f 5229/5229/5229 5147/5147/5147 5149/5149/5149
f 5149/5149/5149 5147/5147/5147 5148/5148/5148
f 5229/5229/5229 5237/5237/5237 5147/5147/5147
f 3372/3372/3372 3374/3374/3374 3375/3375/3375
f 3375/3375/3375 3374/3374/3374 3377/3377/3377
f 3375/3375/3375 3395/3395/3395 3376/3376/3376
f 3375/3375/3375 3376/3376/3376 3372/3372/3372
f 4077/4077/4077 4076/4076/4076 4074/4074/4074
f 4081/4081/4081 4077/4077/4077 4074/4074/4074
f 4004/4004/4004 4007/4007/4007 4047/4047/4047
f 4076/4076/4076 4075/4075/4075 4074/4074/4074
f 3211/3211/3211 3212/3212/3212 3213/3213/3213
f 3248/3248/3248 3244/3244/3244 3246/3246/3246
f 3246/3246/3246 3244/3244/3244 3243/3243/3243
f 3249/3249/3249 3244/3244/3244 3248/3248/3248
f 3197/3197/3197 3207/3207/3207 3206/3206/3206
f 3205/3205/3205 3197/3197/3197 3206/3206/3206
f 1826/1826/1826 1825/1825/1825 1821/1821/1821
f 1825/1825/1825 1826/1826/1826 1824/1824/1824
f 5233/5233/5233 5150/5150/5150 5156/5156/5156
f 5150/5150/5150 5233/5233/5233 5151/5151/5151
f 5150/5150/5150 5151/5151/5151 5149/5149/5149
f 5149/5149/5149 5151/5151/5151 5152/5152/5152
f 5153/5153/5153 5149/5149/5149 5152/5152/5152
f 5229/5229/5229 5149/5149/5149 5153/5153/5153
f 5252/5252/5252 5249/5249/5249 5251/5251/5251
f 5249/5249/5249 5250/5250/5250 5251/5251/5251
f 5229/5229/5229 5153/5153/5153 5244/5244/5244
f 5244/5244/5244 5142/5142/5142 5143/5143/5143
f 3375/3375/3375 3377/3377/3377 3378/3378/3378
f 3377/3377/3377 3379/3379/3379 3378/3378/3378
f 3377/3377/3377 3388/3388/3388 3379/3379/3379
f 3375/3375/3375 3378/3378/3378 3395/3395/3395
f 4009/4009/4009 4043/4043/4043 4042/4042/4042
f 4009/4009/4009 4042/4042/4042 4007/4007/4007
f 4075/4075/4075 4076/4076/4076 4078/4078/4078
f 4078/4078/4078 4076/4076/4076 4079/4079/4079
f 3201/3201/3201 3210/3210/3210 3211/3211/3211
f 3211/3211/3211 3210/3210/3210 3212/3212/3212
f 3244/3244/3244 3250/3250/3250 3247/3247/3247
f 3245/3245/3245 3244/3244/3244 3247/3247/3247
f 3243/3243/3243 3244/3244/3244 3245/3245/3245
f 33/33/33 34/34/34 35/35/35
f 2581/2581/2581 2580/2580/2580 2578/2578/2578
f 2576/2576/2576 2577/2577/2577 2578/2578/2578
f 2580/2580/2580 2576/2576/2576 2578/2578/2578
f 2663/2663/2663 2576/2576/2576 2580/2580/2580
f 5153/5153/5153 5245/5245/5245 5244/5244/5244
f 2576/2576/2576 2663/2663/2663 2662/2662/2662
f 5142/5142/5142 5244/5244/5244 5129/5129/5129
f 5244/5244/5244 5132/5132/5132 5129/5129/5129
f 5244/5244/5244 5245/5245/5245 5132/5132/5132
f 5131/5131/5131 5128/5128/5128 5132/5132/5132
f 5132/5132/5132 5128/5128/5128 5129/5129/5129
f 5131/5131/5131 5130/5130/5130 5128/5128/5128
f 3388/3388/3388 3384/3384/3384 3379/3379/3379
f 3431/3431/3431 3384/3384/3384 3388/3388/3388
f 5077/5077/5077 5074/5074/5074 5076/5076/5076
f 5074/5074/5074 5073/5073/5073 5076/5076/5076
f 4914/4914/4914 4913/4913/4913 4912/4912/4912
f 4913/4913/4913 4909/4909/4909 4912/4912/4912
f 4909/4909/4909 4911/4911/4911 4912/4912/4912
f 4911/4911/4911 4909/4909/4909 4910/4910/4910
f 3202/3202/3202 3208/3208/3208 3201/3201/3201
f 3201/3201/3201 3208/3208/3208 3210/3210/3210
f 3201/3201/3201 3200/3200/3200 3199/3199/3199
f 3201/3201/3201 3199/3199/3199 3202/3202/3202
f 2583/2583/2583 2589/2589/2589 2580/2580/2580
f 2583/2583/2583 2580/2580/2580 2581/2581/2581
f 2661/2661/2661 2663/2663/2663 2664/2664/2664
f 2663/2663/2663 2589/2589/2589 2664/2664/2664
f 2663/2663/2663 2580/2580/2580 2589/2589/2589
f 2663/2663/2663 2661/2661/2661 2662/2662/2662
f 2662/2662/2662 2661/2661/2661 2659/2659/2659
f 2662/2662/2662 2659/2659/2659 2665/2665/2665
f 2665/2665/2665 2659/2659/2659 2666/2666/2666
f 2665/2665/2665 2666/2666/2666 2667/2667/2667
f 2667/2667/2667 2666/2666/2666 2668/2668/2668
f 2667/2667/2667 2668/2668/2668 2684/2684/2684
f 3431/3431/3431 3467/3467/3467 3384/3384/3384
f 3468/3468/3468 3467/3467/3467 3431/3431/3431
f 4894/4894/4894 4897/4897/4897 4898/4898/4898
f 5078/5078/5078 5074/5074/5074 5077/5077/5077
f 5073/5073/5073 5074/5074/5074 5075/5075/5075
f 4947/4947/4947 4898/4898/4898 4897/4897/4897
f 5827/5827/5827 5822/5822/5822 5823/5823/5823
f 3199/3199/3199 3217/3217/3217 3202/3202/3202
f 5793/5793/5793 5822/5822/5822 5827/5827/5827
f 5793/5793/5793 5790/5790/5790 5822/5822/5822
f 5792/5792/5792 5801/5801/5801 5791/5791/5791
f 5790/5790/5790 5792/5792/5792 5791/5791/5791
f 5793/5793/5793 5792/5792/5792 5790/5790/5790
f 5848/5848/5848 5849/5849/5849 5850/5850/5850
f 5799/5799/5799 5801/5801/5801 5792/5792/5792
f 36/36/36 37/37/37 38/38/38
f 2725/2725/2725 2703/2703/2703 2722/2722/2722
f 2701/2701/2701 2588/2588/2588 2722/2722/2722
f 2701/2701/2701 2722/2722/2722 2703/2703/2703
f 2701/2701/2701 2695/2695/2695 2588/2588/2588
f 2588/2588/2588 2695/2695/2695 2583/2583/2583
f 2695/2695/2695 2590/2590/2590 2583/2583/2583
f 2590/2590/2590 2589/2589/2589 2583/2583/2583
f 2589/2589/2589 2590/2590/2590 2664/2664/2664
f 4739/4739/4739 4740/4740/4740 4741/4741/4741
f 4741/4741/4741 4740/4740/4740 4742/4742/4742
f 4743/4743/4743 4742/4742/4742 4740/4740/4740
f 4743/4743/4743 4740/4740/4740 4746/4746/4746
f 4677/4677/4677 4674/4674/4674 4676/4676/4676
f 4677/4677/4677 4676/4676/4676 4678/4678/4678
f 4894/4894/4894 4676/4676/4676 4897/4897/4897
f 4676/4676/4676 4671/4671/4671 4897/4897/4897
f 4676/4676/4676 4674/4674/4674 4671/4671/4671
f 4897/4897/4897 4671/4671/4671 4947/4947/4947
f 5801/5801/5801 5800/5800/5800 5791/5791/5791
f 5800/5800/5800 5801/5801/5801 5818/5818/5818
f 5851/5851/5851 5850/5850/5850 5849/5849/5849
f 5855/5855/5855 5852/5852/5852 5849/5849/5849
f 5852/5852/5852 5851/5851/5851 5849/5849/5849
f 5852/5852/5852 5853/5853/5853 5851/5851/5851
f 2725/2725/2725 2708/2708/2708 2703/2703/2703
f 2708/2708/2708 2702/2702/2702 2703/2703/2703
f 5821/5821/5821 5817/5817/5817 5814/5814/5814
f 2703/2703/2703 2702/2702/2702 2701/2701/2701
f 2701/2701/2701 2702/2702/2702 2690/2690/2690
f 2701/2701/2701 2690/2690/2690 2695/2695/2695
f 4746/4746/4746 4877/4877/4877 4743/4743/4743
f 5059/5059/5059 5060/5060/5060 5061/5061/5061
f 4722/4722/4722 4724/4724/4724 4723/4723/4723
f 4877/4877/4877 4724/4724/4724 4722/4722/4722
f 4723/4723/4723 4725/4725/4725 4884/4884/4884
f 4724/4724/4724 4725/4725/4725 4723/4723/4723
f 4989/4989/4989 4992/4992/4992 4991/4991/4991
f 4990/4990/4990 4989/4989/4989 4991/4991/4991
f 4988/4988/4988 4989/4989/4989 4990/4990/4990
f 4991/4991/4991 4993/4993/4993 4990/4990/4990
f 4857/4857/4857 4868/4868/4868 4858/4858/4858
f 4865/4865/4865 4860/4860/4860 4858/4858/4858
f 4865/4865/4865 4858/4858/4858 4868/4868/4868
f 4865/4865/4865 4895/4895/4895 4860/4860/4860
f 5095/5095/5095 5092/5092/5092 5094/5094/5094
f 4895/4895/4895 4677/4677/4677 4678/4678/4678
f 4992/4992/4992 4994/4994/4994 4991/4991/4991
f 4991/4991/4991 4994/4994/4994 4993/4993/4993
f 4994/4994/4994 4995/4995/4995 4993/4993/4993
f 4994/4994/4994 4996/4996/4996 4995/4995/4995
f 4995/4995/4995 4997/4997/4997 4998/4998/4998
f 4996/4996/4996 4997/4997/4997 4995/4995/4995
f 4848/4848/4848 4842/4842/4842 4849/4849/4849
f 4847/4847/4847 4842/4842/4842 4848/4848/4848
f 4849/4849/4849 4846/4846/4846 4850/4850/4850
f 4842/4842/4842 4846/4846/4846 4849/4849/4849
f 5110/5110/5110 5111/5111/5111 5112/5112/5112
f 5113/5113/5113 5111/5111/5111 5110/5110/5110
f 4857/4857/4857 4871/4871/4871 4868/4868/4868
f 5109/5109/5109 5101/5101/5101 5108/5108/5108
f 4871/4871/4871 4837/4837/4837 4835/4835/4835
f 5108/5108/5108 5101/5101/5101 5107/5107/5107
f 5107/5107/5107 5101/5101/5101 5096/5096/5096
f 5107/5107/5107 5096/5096/5096 5103/5103/5103
f 2031/2031/2031 2025/2025/2025 2030/2030/2030
f 1115/1115/1115 1117/1117/1117 1114/1114/1114
f 1114/1114/1114 1117/1117/1117 1118/1118/1118
f 234/234/234 235/235/235 236/236/236
f 2032/2032/2032 2023/2023/2023 2031/2031/2031
f 2031/2031/2031 2023/2023/2023 2025/2025/2025
f 235/235/235 231/231/231 246/246/246
f 247/247/247 235/235/235 246/246/246
f 248/248/248 235/235/235 247/247/247
f 231/231/231 235/235/235 234/234/234
f 233/233/233 231/231/231 234/234/234
f 232/232/232 231/231/231 233/233/233
f 233/233/233 227/227/227 232/232/232
f 232/232/232 227/227/227 226/226/226
f 2032/2032/2032 2033/2033/2033 2023/2023/2023
f 2034/2034/2034 2033/2033/2033 2032/2032/2032
f 2035/2035/2035 2034/2034/2034 2032/2032/2032
f 2036/2036/2036 2034/2034/2034 2035/2035/2035
f 223/223/223 226/226/226 227/227/227
f 223/223/223 227/227/227 225/225/225
f 220/220/220 225/225/225 240/240/240
f 220/220/220 223/223/223 225/225/225
f 240/240/240 242/242/242 220/220/220
f 220/220/220 242/242/242 217/217/217
f 459/459/459 453/453/453 436/436/436
f 436/436/436 453/453/453 420/420/420
f 417/417/417 420/420/420 453/453/453
f 417/417/417 453/453/453 452/452/452
f 3950/3950/3950 3946/3946/3946 3949/3949/3949
f 3952/3952/3952 3950/3950/3950 3949/3949/3949
f 3953/3953/3953 3950/3950/3950 3952/3952/3952
f 3946/3946/3946 3947/3947/3947 3949/3949/3949
f 452/452/452 418/418/418 417/417/417
f 417/417/417 418/418/418 415/415/415
f 415/415/415 375/375/375 412/412/412
f 418/418/418 375/375/375 415/415/415
f 375/375/375 377/377/377 376/376/376
f 374/374/374 375/375/375 376/376/376
f 412/412/412 375/375/375 374/374/374
f 3946/3946/3946 3950/3950/3950 3951/3951/3951
f 376/376/376 464/464/464 374/374/374
f 379/379/379 464/464/464 376/376/376
f 3947/3947/3947 3946/3946/3946 3945/3945/3945
f 3946/3946/3946 3941/3941/3941 3945/3945/3945
f 3946/3946/3946 3948/3948/3948 3941/3941/3941
f 3941/3941/3941 3942/3942/3942 3945/3945/3945
f 4149/4149/4149 4139/4139/4139 4136/4136/4136
f 4137/4137/4137 4138/4138/4138 4136/4136/4136
f 4136/4136/4136 4138/4138/4138 4149/4149/4149
f 4137/4137/4137 4148/4148/4148 4138/4138/4138
f 377/377/377 378/378/378 376/376/376
f 376/376/376 378/378/378 379/379/379
f 379/379/379 378/378/378 380/380/380
f 382/382/382 381/381/381 380/380/380
f 381/381/381 379/379/379 380/380/380
f 381/381/381 407/407/407 379/379/379
f 3942/3942/3942 3941/3941/3941 3939/3939/3939
f 3941/3941/3941 3940/3940/3940 3939/3939/3939
f 407/407/407 381/381/381 405/405/405
f 3940/3940/3940 3938/3938/3938 3939/3939/3939
f 4119/4119/4119 4117/4117/4117 4116/4116/4116
f 4116/4116/4116 4117/4117/4117 4118/4118/4118
f 4126/4126/4126 4116/4116/4116 4122/4122/4122
f 4126/4126/4126 4119/4119/4119 4116/4116/4116
f 4329/4329/4329 4122/4122/4122 4219/4219/4219
f 4329/4329/4329 4126/4126/4126 4122/4122/4122
f 4144/4144/4144 4219/4219/4219 4131/4131/4131
f 4144/4144/4144 4329/4329/4329 4219/4219/4219
f 4132/4132/4132 4136/4136/4136 4139/4139/4139
f 4144/4144/4144 4132/4132/4132 4139/4139/4139
f 4131/4131/4131 4132/4132/4132 4144/4144/4144
f 4136/4136/4136 4132/4132/4132 4135/4135/4135
f 4136/4136/4136 4135/4135/4135 4137/4137/4137
f 4141/4141/4141 4148/4148/4148 4137/4137/4137
f 4135/4135/4135 4141/4141/4141 4137/4137/4137
f 4142/4142/4142 4141/4141/4141 4135/4135/4135
f 4142/4142/4142 4145/4145/4145 4141/4141/4141
f 4141/4141/4141 4145/4145/4145 4150/4150/4150
f 382/382/382 383/383/383 381/381/381
f 381/381/381 383/383/383 405/405/405
f 405/405/405 383/383/383 404/404/404
f 978/978/978 976/976/976 977/977/977
f 3051/3051/3051 3053/3053/3053 3052/3052/3052
f 3065/3065/3065 3048/3048/3048 3052/3052/3052
f 3052/3052/3052 3048/3048/3048 3051/3051/3051
f 3048/3048/3048 3065/3065/3065 3046/3046/3046
f 3065/3065/3065 3037/3037/3037 3046/3046/3046
f 4165/4165/4165 4163/4163/4163 4164/4164/4164
f 4163/4163/4163 4118/4118/4118 4117/4117/4117
f 4163/4163/4163 4117/4117/4117 4164/4164/4164
f 4161/4161/4161 4150/4150/4150 4145/4145/4145
f 4161/4161/4161 4145/4145/4145 4434/4434/4434
f 4337/4337/4337 4434/4434/4434 4421/4421/4421
f 4531/4531/4531 4530/4530/4530 4532/4532/4532
f 4421/4421/4421 4345/4345/4345 4337/4337/4337
f 4337/4337/4337 4345/4345/4345 4339/4339/4339
f 3056/3056/3056 3126/3126/3126 3055/3055/3055
f 3053/3053/3053 3051/3051/3051 3055/3055/3055
f 3051/3051/3051 3056/3056/3056 3055/3055/3055
f 3051/3051/3051 3050/3050/3050 3056/3056/3056
f 3048/3048/3048 3047/3047/3047 3049/3049/3049
f 3050/3050/3050 3048/3048/3048 3049/3049/3049
f 3051/3051/3051 3048/3048/3048 3050/3050/3050
f 3047/3047/3047 3048/3048/3048 3046/3046/3046
f 4342/4342/4342 4359/4359/4359 4341/4341/4341
f 4339/4339/4339 4342/4342/4342 4341/4341/4341
f 4345/4345/4345 4342/4342/4342 4339/4339/4339
f 4349/4349/4349 4344/4344/4344 4359/4359/4359
f 4359/4359/4359 4344/4344/4344 4341/4341/4341
f 4411/4411/4411 4348/4348/4348 4349/4349/4349
f 4349/4349/4349 4348/4348/4348 4344/4344/4344
f 4411/4411/4411 4356/4356/4356 4348/4348/4348
f 3104/3104/3104 3105/3105/3105 3056/3056/3056
f 3056/3056/3056 3105/3105/3105 3126/3126/3126
f 3102/3102/3102 3056/3056/3056 3050/3050/3050
f 3104/3104/3104 3056/3056/3056 3102/3102/3102
f 746/746/746 745/745/745 744/744/744
f 3050/3050/3050 3103/3103/3103 3102/3102/3102
f 39/39/39 40/40/40 41/41/41
f 4359/4359/4359 4361/4361/4361 4360/4360/4360
f 4359/4359/4359 4360/4360/4360 4349/4349/4349
f 4349/4349/4349 4360/4360/4360 4362/4362/4362
f 4349/4349/4349 4362/4362/4362 4411/4411/4411
f 4412/4412/4412 4356/4356/4356 4411/4411/4411
f 4362/4362/4362 4412/4412/4412 4411/4411/4411
f 4611/4611/4611 4596/4596/4596 4614/4614/4614
f 4600/4600/4600 4611/4611/4611 4612/4612/4612
f 4600/4600/4600 4596/4596/4596 4611/4611/4611
f 4612/4612/4612 4613/4613/4613 4600/4600/4600
f 4600/4600/4600 4613/4613/4613 4615/4615/4615
f 2517/2517/2517 2518/2518/2518 2519/2519/2519
f 2518/2518/2518 2517/2517/2517 2516/2516/2516
f 2517/2517/2517 2465/2465/2465 2516/2516/2516
f 2517/2517/2517 2545/2545/2545 2465/2465/2465
f 2545/2545/2545 2422/2422/2422 2419/2419/2419
f 2545/2545/2545 2419/2419/2419 2465/2465/2465
f 1541/1541/1541 1543/1543/1543 1542/1542/1542
f 1540/1540/1540 1541/1541/1541 1542/1542/1542
f 1532/1532/1532 1533/1533/1533 1534/1534/1534
f 1543/1543/1543 1547/1547/1547 1542/1542/1542
f 2465/2465/2465 2421/2421/2421 2516/2516/2516
f 2418/2418/2418 2424/2424/2424 2425/2425/2425
f 2418/2418/2418 2425/2425/2425 2421/2421/2421
f 2419/2419/2419 2418/2418/2418 2421/2421/2421
f 2465/2465/2465 2419/2419/2419 2421/2421/2421
f 2409/2409/2409 2458/2458/2458 2424/2424/2424
f 2409/2409/2409 2424/2424/2424 2418/2418/2418
f 42/42/42 43/43/43 44/44/44
f 1544/1544/1544 1543/1543/1543 1541/1541/1541
f 1546/1546/1546 1547/1547/1547 1543/1543/1543
f 1544/1544/1544 1546/1546/1546 1543/1543/1543
f 1595/1595/1595 1546/1546/1546 1544/1544/1544
f 3998/3998/3998 3999/3999/3999 4001/4001/4001
f 3999/3999/3999 4002/4002/4002 4001/4001/4001
f 1596/1596/1596 1546/1546/1546 1595/1595/1595
f 3998/3998/3998 3997/3997/3997 3999/3999/3999
f 1818/1818/1818 1813/1813/1813 1812/1812/1812
f 1811/1811/1811 1817/1817/1817 1812/1812/1812
f 1817/1817/1817 1818/1818/1818 1812/1812/1812
f 1817/1817/1817 1819/1819/1819 1818/1818/1818
f 5231/5231/5231 5234/5234/5234 5158/5158/5158
f 5234/5234/5234 5228/5228/5228 5158/5158/5158
f 1820/1820/1820 1819/1819/1819 1817/1817/1817
f 5146/5146/5146 5230/5230/5230 5231/5231/5231
f 5231/5231/5231 5230/5230/5230 5234/5234/5234
f 5141/5141/5141 5145/5145/5145 5146/5146/5146
f 5146/5146/5146 5145/5145/5145 5230/5230/5230
f 5135/5135/5135 5138/5138/5138 5141/5141/5141
f 5141/5141/5141 5138/5138/5138 5145/5145/5145
f 2424/2424/2424 2426/2426/2426 2425/2425/2425
f 5137/5137/5137 5138/5138/5138 5135/5135/5135
f 2426/2426/2426 2424/2424/2424 2457/2457/2457
f 2457/2457/2457 2424/2424/2424 2458/2458/2458
f 2408/2408/2408 2459/2459/2459 2458/2458/2458
f 2459/2459/2459 2457/2457/2457 2458/2458/2458
f 2459/2459/2459 2483/2483/2483 2457/2457/2457
f 2459/2459/2459 2488/2488/2488 2486/2486/2486
f 2484/2484/2484 2459/2459/2459 2486/2486/2486
f 2483/2483/2483 2459/2459/2459 2484/2484/2484
f 2486/2486/2486 2496/2496/2496 2484/2484/2484
f 4047/4047/4047 4000/4000/4000 3998/3998/3998
f 4047/4047/4047 3998/3998/3998 4001/4001/4001
f 3997/3997/3997 3998/3998/3998 3855/3855/3855
f 3855/3855/3855 3998/3998/3998 4000/4000/4000
f 1807/1807/1807 1823/1823/1823 1805/1805/1805
f 1805/1805/1805 1823/1823/1823 1824/1824/1824
f 1804/1804/1804 1812/1812/1812 1813/1813/1813
f 1807/1807/1807 1804/1804/1804 1813/1813/1813
f 1805/1805/1805 1804/1804/1804 1807/1807/1807
f 1812/1812/1812 1804/1804/1804 1811/1811/1811
f 5155/5155/5155 5231/5231/5231 5158/5158/5158
f 5231/5231/5231 5155/5155/5155 5148/5148/5148
f 5231/5231/5231 5148/5148/5148 5146/5146/5146
f 5146/5146/5146 5148/5148/5148 5147/5147/5147
f 5146/5146/5146 5147/5147/5147 5141/5141/5141
f 5141/5141/5141 5147/5147/5147 5237/5237/5237
f 5133/5133/5133 5141/5141/5141 5237/5237/5237
f 5135/5135/5135 5141/5141/5141 5133/5133/5133
f 5137/5137/5137 5135/5135/5135 5136/5136/5136
f 5135/5135/5135 5126/5126/5126 5136/5136/5136
f 5135/5135/5135 5133/5133/5133 5126/5126/5126
f 5123/5123/5123 5144/5144/5144 5126/5126/5126
f 5126/5126/5126 5144/5144/5144 5136/5136/5136
f 5123/5123/5123 5121/5121/5121 5144/5144/5144
f 3382/3382/3382 3393/3393/3393 3381/3381/3381
f 3381/3381/3381 3393/3393/3393 3392/3392/3392
f 3381/3381/3381 3377/3377/3377 3374/3374/3374
f 3381/3381/3381 3374/3374/3374 3382/3382/3382
f 45/45/45 46/46/46 47/47/47
f 4062/4062/4062 4054/4054/4054 4066/4066/4066
f 4075/4075/4075 4072/4072/4072 4074/4074/4074
f 4072/4072/4072 4073/4073/4073 4074/4074/4074
f 4073/4073/4073 4080/4080/4080 4074/4074/4074
f 4062/4062/4062 3862/3862/3862 4054/4054/4054
f 3216/3216/3216 3204/3204/3204 3205/3205/3205
f 3205/3205/3205 3204/3204/3204 3197/3197/3197
f 1825/1825/1825 1824/1824/1824 1823/1823/1823
f 5520/5520/5520 5518/5518/5518 5519/5519/5519
f 5143/5143/5143 5133/5133/5133 5237/5237/5237
f 5133/5133/5133 5143/5143/5143 5142/5142/5142
f 5127/5127/5127 5133/5133/5133 5142/5142/5142
f 5126/5126/5126 5133/5133/5133 5127/5127/5127
f 5126/5126/5126 5125/5125/5125 5123/5123/5123
f 5126/5126/5126 5127/5127/5127 5125/5125/5125
f 5121/5121/5121 5123/5123/5123 5122/5122/5122
f 5123/5123/5123 5124/5124/5124 5122/5122/5122
f 5123/5123/5123 5125/5125/5125 5124/5124/5124
f 3405/3405/3405 3387/3387/3387 3392/3392/3392
f 3387/3387/3387 3381/3381/3381 3392/3392/3392
f 3387/3387/3387 3386/3386/3386 3381/3381/3381
f 3386/3386/3386 3388/3388/3388 3377/3377/3377
f 3386/3386/3386 3377/3377/3377 3381/3381/3381
f 4064/4064/4064 4063/4063/4063 4062/4062/4062
f 4064/4064/4064 4062/4062/4062 4066/4066/4066
f 3862/3862/3862 4062/4062/4062 3860/3860/3860
f 3860/3860/3860 4062/4062/4062 4063/4063/4063
f 3193/3193/3193 3200/3200/3200 3209/3209/3209
f 3197/3197/3197 3204/3204/3204 3196/3196/3196
f 3193/3193/3193 3197/3197/3197 3196/3196/3196
f 3194/3194/3194 3193/3193/3193 3196/3196/3196
f 3209/3209/3209 3197/3197/3197 3193/3193/3193
f 3203/3203/3203 3194/3194/3194 3196/3196/3196
f 5129/5129/5129 5127/5127/5127 5142/5142/5142
f 5127/5127/5127 5129/5129/5129 5128/5128/5128
f 5127/5127/5127 5128/5128/5128 5125/5125/5125
f 5125/5125/5125 5128/5128/5128 5130/5130/5130
f 5134/5134/5134 5125/5125/5125 5130/5130/5130
f 5124/5124/5124 5125/5125/5125 5134/5134/5134
f 2699/2699/2699 2698/2698/2698 2697/2697/2697
f 2698/2698/2698 2696/2696/2696 2697/2697/2697
f 3386/3386/3386 3387/3387/3387 3394/3394/3394
f 3388/3388/3388 3386/3386/3386 3469/3469/3469
f 3470/3470/3470 3388/3388/3388 3469/3469/3469
f 3493/3493/3493 3494/3494/3494 3495/3495/3495
f 4913/4913/4913 4908/4908/4908 4909/4909/4909
f 4907/4907/4907 4910/4910/4910 4909/4909/4909
f 4908/4908/4908 4907/4907/4907 4909/4909/4909
f 4906/4906/4906 4907/4907/4907 4908/4908/4908
f 4932/4932/4932 4907/4907/4907 4665/4665/4665
f 4665/4665/4665 4907/4907/4907 4906/4906/4906
f 3195/3195/3195 3199/3199/3199 3193/3193/3193
f 3193/3193/3193 3199/3199/3199 3200/3200/3200
f 3192/3192/3192 3193/3193/3193 3194/3194/3194
f 3195/3195/3195 3193/3193/3193 3192/3192/3192
f 3194/3194/3194 3203/3203/3203 3198/3198/3198
f 3194/3194/3194 3198/3198/3198 3192/3192/3192
f 2664/2664/2664 2675/2675/2675 2661/2661/2661
f 2660/2660/2660 2659/2659/2659 2661/2661/2661
f 2660/2660/2660 2661/2661/2661 2675/2675/2675
f 2658/2658/2658 2666/2666/2666 2659/2659/2659
f 2658/2658/2658 2659/2659/2659 2660/2660/2660
f 2669/2669/2669 2668/2668/2668 2666/2666/2666
f 2669/2669/2669 2666/2666/2666 2658/2658/2658
f 2669/2669/2669 2673/2673/2673 2668/2668/2668
f 2668/2668/2668 2673/2673/2673 2684/2684/2684
f 2673/2673/2673 2693/2693/2693 2684/2684/2684
f 2693/2693/2693 2696/2696/2696 2684/2684/2684
f 2696/2696/2696 2693/2693/2693 2697/2697/2697
f 3495/3495/3495 3496/3496/3496 3493/3493/3493
f 3497/3497/3497 3496/3496/3496 3495/3495/3495
f 4947/4947/4947 4944/4944/4944 4908/4908/4908
f 4947/4947/4947 4908/4908/4908 4913/4913/4913
f 5086/5086/5086 5083/5083/5083 5085/5085/5085
f 5083/5083/5083 5084/5084/5084 5085/5085/5085
f 4906/4906/4906 4908/4908/4908 4944/4944/4944
f 4906/4906/4906 4905/4905/4905 4665/4665/4665
f 3195/3195/3195 3217/3217/3217 3199/3199/3199
f 5793/5793/5793 5794/5794/5794 5792/5792/5792
f 5792/5792/5792 5794/5794/5794 5795/5795/5795
f 5797/5797/5797 5796/5796/5796 5795/5795/5795
f 5796/5796/5796 5792/5792/5792 5795/5795/5795
f 5796/5796/5796 5799/5799/5799 5792/5792/5792
f 5802/5802/5802 5799/5799/5799 5796/5796/5796
f 5802/5802/5802 5796/5796/5796 5803/5803/5803
f 2695/2695/2695 2689/2689/2689 2590/2590/2590
f 2675/2675/2675 2664/2664/2664 2590/2590/2590
f 2689/2689/2689 2675/2675/2675 2590/2590/2590
f 2687/2687/2687 2675/2675/2675 2689/2689/2689
f 2675/2675/2675 2674/2674/2674 2660/2660/2660
f 2675/2675/2675 2687/2687/2687 2674/2674/2674
f 2670/2670/2670 2658/2658/2658 2672/2672/2672
f 2658/2658/2658 2674/2674/2674 2672/2672/2672
f 2658/2658/2658 2660/2660/2660 2674/2674/2674
f 2658/2658/2658 2670/2670/2670 2669/2669/2669
f 2669/2669/2669 2670/2670/2670 2671/2671/2671
f 2669/2669/2669 2671/2671/2671 2673/2673/2673
f 4740/4740/4740 4739/4739/4739 4738/4738/4738
f 4739/4739/4739 4737/4737/4737 4738/4738/4738
f 3496/3496/3496 3497/3497/3497 3498/3498/3498
f 4738/4738/4738 4746/4746/4746 4740/4740/4740
f 4677/4677/4677 4899/4899/4899 4674/4674/4674
f 4670/4670/4670 4671/4671/4671 4674/4674/4674
f 4670/4670/4670 4674/4674/4674 4899/4899/4899
f 4670/4670/4670 4647/4647/4647 4671/4671/4671
f 4671/4671/4671 4647/4647/4647 4947/4947/4947
f 4647/4647/4647 4667/4667/4667 4947/4947/4947
f 4667/4667/4667 4944/4944/4944 4947/4947/4947
f 4944/4944/4944 4667/4667/4667 4652/4652/4652
f 5803/5803/5803 5804/5804/5804 5802/5802/5802
f 5802/5802/5802 5804/5804/5804 5817/5817/5817
f 5817/5817/5817 5810/5810/5810 5814/5814/5814
f 5804/5804/5804 5810/5810/5810 5817/5817/5817
f 2702/2702/2702 2721/2721/2721 2690/2690/2690
f 5810/5810/5810 5812/5812/5812 5814/5814/5814
f 2695/2695/2695 2690/2690/2690 2689/2689/2689
f 2690/2690/2690 2688/2688/2688 2689/2689/2689
f 2690/2690/2690 2721/2721/2721 2688/2688/2688
f 2689/2689/2689 2688/2688/2688 2687/2687/2687
f 2687/2687/2687 2688/2688/2688 2686/2686/2686
f 2687/2687/2687 2686/2686/2686 2674/2674/2674
f 2674/2674/2674 2686/2686/2686 2685/2685/2685
f 2674/2674/2674 2685/2685/2685 2672/2672/2672
f 4737/4737/4737 4734/4734/4734 4738/4738/4738
f 4738/4738/4738 4734/4734/4734 4746/4746/4746
f 4734/4734/4734 4877/4877/4877 4746/4746/4746
f 4734/4734/4734 4728/4728/4728 4877/4877/4877
f 4728/4728/4728 4732/4732/4732 4727/4727/4727
f 4724/4724/4724 4728/4728/4728 4727/4727/4727
f 4877/4877/4877 4728/4728/4728 4724/4724/4724
f 4726/4726/4726 4725/4725/4725 4724/4724/4724
f 4726/4726/4726 4724/4724/4724 4727/4727/4727
f 4726/4726/4726 4772/4772/4772 4725/4725/4725
f 5103/5103/5103 5098/5098/5098 5105/5105/5105
f 5103/5103/5103 5105/5105/5105 5106/5106/5106
f 4668/4668/4668 4670/4670/4670 4673/4673/4673
f 4670/4670/4670 4934/4934/4934 4673/4673/4673
f 4670/4670/4670 4899/4899/4899 4934/4934/4934
f 4670/4670/4670 4668/4668/4668 4647/4647/4647
f 4732/4732/4732 4729/4729/4729 4727/4727/4727
f 4727/4727/4727 4729/4729/4729 4726/4726/4726
f 4726/4726/4726 4729/4729/4729 4730/4730/4730
f 4726/4726/4726 4730/4730/4730 4772/4772/4772
f 5026/5026/5026 4994/4994/4994 4992/4992/4992
f 5026/5026/5026 5025/5025/5025 4994/4994/4994
f 4994/4994/4994 5003/5003/5003 4996/4996/4996
f 5025/5025/5025 5003/5003/5003 4994/4994/4994
f 5058/5058/5058 5056/5056/5056 5057/5057/5057
f 4847/4847/4847 4946/4946/4946 4844/4844/4844
f 4996/4996/4996 5003/5003/5003 4997/4997/4997
f 4841/4841/4841 4842/4842/4842 4847/4847/4847
f 4841/4841/4841 4847/4847/4847 4844/4844/4844
f 4839/4839/4839 4846/4846/4846 4842/4842/4842
f 4839/4839/4839 4842/4842/4842 4841/4841/4841
f 5114/5114/5114 5111/5111/5111 5113/5113/5113
f 4836/4836/4836 4846/4846/4846 4839/4839/4839
f 4824/4824/4824 4835/4835/4835 4837/4837/4837
f 4824/4824/4824 4837/4837/4837 4836/4836/4836
f 4835/4835/4835 4824/4824/4824 4834/4834/4834
f 4953/4953/4953 4835/4835/4835 4834/4834/4834
f 5096/5096/5096 5101/5101/5101 5099/5099/5099
f 5103/5103/5103 5096/5096/5096 5098/5098/5098
f 5096/5096/5096 5097/5097/5097 5098/5098/5098
f 5096/5096/5096 5099/5099/5099 5097/5097/5097
f 4934/4934/4934 4951/4951/4951 4673/4673/4673
f 5056/5056/5056 5055/5055/5055 5057/5057/5057
f 4844/4844/4844 4843/4843/4843 4841/4841/4841
f 4841/4841/4841 4843/4843/4843 4840/4840/4840
f 4841/4841/4841 4840/4840/4840 4839/4839/4839
f 4839/4839/4839 4840/4840/4840 4838/4838/4838
f 4839/4839/4839 4838/4838/4838 4836/4836/4836
f 4836/4836/4836 4838/4838/4838 4822/4822/4822
f 4836/4836/4836 4822/4822/4822 4824/4824/4824
f 4824/4824/4824 4822/4822/4822 4823/4823/4823
f 4824/4824/4824 4823/4823/4823 4834/4834/4834
f 230/230/230 246/246/246 231/231/231
f 232/232/232 228/228/228 231/231/231
f 231/231/231 228/228/228 230/230/230
f 48/48/48 49/49/49 50/50/50
f 2038/2038/2038 2036/2036/2036 2037/2037/2037
f 2037/2037/2037 2036/2036/2036 2035/2035/2035
f 229/229/229 230/230/230 228/228/228
f 2038/2038/2038 2037/2037/2037 2040/2040/2040
f 223/223/223 224/224/224 226/226/226
f 224/224/224 228/228/228 226/226/226
f 224/224/224 229/229/229 228/228/228
f 220/220/220 218/218/218 223/223/223
f 223/223/223 218/218/218 224/224/224
f 217/217/217 218/218/218 220/220/220
f 2038/2038/2038 2039/2039/2039 2036/2036/2036
f 2039/2039/2039 2038/2038/2038 2043/2043/2043
f 2038/2038/2038 2041/2041/2041 2043/2043/2043
f 2038/2038/2038 2040/2040/2040 2041/2041/2041
f 244/244/244 229/229/229 224/224/224
f 2041/2041/2041 2040/2040/2040 2042/2042/2042
f 2298/2298/2298 2297/2297/2297 2296/2296/2296
f 2299/2299/2299 2298/2298/2298 2296/2296/2296
f 224/224/224 218/218/218 244/244/244
f 216/216/216 218/218/218 217/217/217
f 203/203/203 216/216/216 217/217/217
f 202/202/202 216/216/216 203/203/203
f 203/203/203 200/200/200 202/202/202
f 202/202/202 200/200/200 201/201/201
f 2041/2041/2041 2044/2044/2044 2043/2043/2043
f 2044/2044/2044 2041/2041/2041 2045/2045/2045
f 2045/2045/2045 2041/2041/2041 2042/2042/2042
f 458/458/458 460/460/460 377/377/377
f 458/458/458 377/377/377 375/375/375
f 2296/2296/2296 2295/2295/2295 2300/2300/2300
f 2299/2299/2299 2296/2296/2296 2300/2300/2300
f 461/461/461 460/460/460 458/458/458
f 190/190/190 201/201/201 200/200/200
f 190/190/190 200/200/200 199/199/199
f 3943/3943/3943 3944/3944/3944 3942/3942/3942
f 3944/3944/3944 3945/3945/3945 3942/3942/3942
f 189/189/189 190/190/190 199/199/199
f 3943/3943/3943 3962/3962/3962 3944/3944/3944
f 4330/4330/4330 4139/4139/4139 4149/4149/4149
f 4447/4447/4447 4446/4446/4446 4444/4444/4444
f 4446/4446/4446 4445/4445/4445 4444/4444/4444
f 4149/4149/4149 4138/4138/4138 4320/4320/4320
f 4433/4433/4433 4438/4438/4438 4148/4148/4148
f 4438/4438/4438 4138/4138/4138 4148/4148/4148
f 4510/4510/4510 4511/4511/4511 4512/4512/4512
f 4433/4433/4433 4153/4153/4153 4438/4438/4438
f 460/460/460 378/378/378 377/377/377
f 461/461/461 386/386/386 460/460/460
f 386/386/386 378/378/378 460/460/460
f 386/386/386 380/380/380 378/378/378
f 382/382/382 380/380/380 386/386/386
f 382/382/382 386/386/386 385/385/385
f 3939/3939/3939 3943/3943/3943 3942/3942/3942
f 3935/3935/3935 3937/3937/3937 3938/3938/3938
f 3938/3938/3938 3937/3937/3937 3939/3939/3939
f 3937/3937/3937 3962/3962/3962 3939/3939/3939
f 3962/3962/3962 3943/3943/3943 3939/3939/3939
f 3935/3935/3935 3934/3934/3934 3937/3937/3937
f 3034/3034/3034 3035/3035/3035 3064/3064/3064
f 3034/3034/3034 3064/3064/3064 3001/3001/3001
f 3064/3064/3064 2988/2988/2988 3001/3001/3001
f 4119/4119/4119 4126/4126/4126 4321/4321/4321
f 4322/4322/4322 4126/4126/4126 4329/4329/4329
f 4322/4322/4322 4321/4321/4321 4126/4126/4126
f 4449/4449/4449 4450/4450/4450 4448/4448/4448
f 4325/4325/4325 4322/4322/4322 4329/4329/4329
f 4144/4144/4144 4139/4139/4139 4330/4330/4330
f 4441/4441/4441 4448/4448/4448 4447/4447/4447
f 4449/4449/4449 4448/4448/4448 4441/4441/4441
f 4441/4441/4441 4447/4447/4447 4444/4444/4444
f 4141/4141/4141 4433/4433/4433 4148/4148/4148
f 4152/4152/4152 4151/4151/4151 4150/4150/4150
f 4150/4150/4150 4151/4151/4151 4141/4141/4141
f 4151/4151/4151 4153/4153/4153 4141/4141/4141
f 4153/4153/4153 4433/4433/4433 4141/4141/4141
f 4335/4335/4335 4158/4158/4158 4152/4152/4152
f 4152/4152/4152 4158/4158/4158 4151/4151/4151
f 4335/4335/4335 4336/4336/4336 4158/4158/4158
f 385/385/385 384/384/384 382/382/382
f 382/382/382 384/384/384 383/383/383
f 384/384/384 391/391/391 394/394/394
f 404/404/404 384/384/384 394/394/394
f 383/383/383 384/384/384 404/404/404
f 965/965/965 977/977/977 976/976/976
f 975/975/975 965/965/965 976/976/976
f 963/963/963 965/965/965 975/975/975
f 3934/3934/3934 3935/3935/3935 3932/3932/3932
f 3935/3935/3935 3936/3936/3936 3932/3932/3932
f 965/965/965 963/963/963 960/960/960
f 3936/3936/3936 4048/4048/4048 3932/3932/3932
f 3038/3038/3038 3046/3046/3046 3037/3037/3037
f 3036/3036/3036 3038/3038/3038 3037/3037/3037
f 3036/3036/3036 3037/3037/3037 3035/3035/3035
f 3033/3033/3033 3036/3036/3036 3035/3035/3035
f 3034/3034/3034 3033/3033/3033 3035/3035/3035
f 3033/3033/3033 3034/3034/3034 3001/3001/3001
f 4161/4161/4161 4152/4152/4152 4150/4150/4150
f 4529/4529/4529 4530/4530/4530 4531/4531/4531
f 4152/4152/4152 4337/4337/4337 4335/4335/4335
f 4340/4340/4340 4338/4338/4338 4339/4339/4339
f 4339/4339/4339 4338/4338/4338 4337/4337/4337
f 4338/4338/4338 4336/4336/4336 4337/4337/4337
f 4336/4336/4336 4335/4335/4335 4337/4337/4337
f 4340/4340/4340 4357/4357/4357 4338/4338/4338
f 391/391/391 392/392/392 394/394/394
f 394/394/394 392/392/392 396/396/396
f 396/396/396 392/392/392 395/395/395
f 397/397/397 400/400/400 395/395/395
f 961/961/961 963/963/963 974/974/974
f 961/961/961 960/960/960 963/963/963
f 959/959/959 960/960/960 957/957/957
f 957/957/957 960/960/960 961/961/961
f 3058/3058/3058 3049/3049/3049 3047/3047/3047
f 3045/3045/3045 3058/3058/3058 3047/3047/3047
f 3045/3045/3045 3047/3047/3047 3046/3046/3046
f 3039/3039/3039 3045/3045/3045 3046/3046/3046
f 3038/3038/3038 3039/3039/3039 3046/3046/3046
f 3039/3039/3039 3038/3038/3038 3036/3036/3036
f 4341/4341/4341 4340/4340/4340 4339/4339/4339
f 4343/4343/4343 4357/4357/4357 4340/4340/4340
f 4341/4341/4341 4343/4343/4343 4340/4340/4340
f 4344/4344/4344 4343/4343/4343 4341/4341/4341
f 4347/4347/4347 4344/4344/4344 4348/4348/4348
f 4347/4347/4347 4343/4343/4343 4344/4344/4344
f 4348/4348/4348 4356/4356/4356 4347/4347/4347
f 4347/4347/4347 4356/4356/4356 4353/4353/4353
f 397/397/397 399/399/399 400/400/400
f 961/961/961 962/962/962 957/957/957
f 743/743/743 744/744/744 740/740/740
f 740/740/740 744/744/744 745/745/745
f 740/740/740 738/738/738 737/737/737
f 740/740/740 737/737/737 743/743/743
f 4355/4355/4355 4353/4353/4353 4356/4356/4356
f 4591/4591/4591 4599/4599/4599 4596/4596/4596
f 4590/4590/4590 4596/4596/4596 4600/4600/4600
f 4590/4590/4590 4591/4591/4591 4596/4596/4596
f 1548/1548/1548 1550/1550/1550 1540/1540/1540
f 1550/1550/1550 1551/1551/1551 1540/1540/1540
f 4592/4592/4592 4590/4590/4590 4600/4600/4600
f 1553/1553/1553 1552/1552/1552 1548/1548/1548
f 1548/1548/1548 1552/1552/1552 1550/1550/1550
f 1553/1553/1553 1554/1554/1554 1552/1552/1552
f 2417/2417/2417 2419/2419/2419 2420/2420/2420
f 2420/2420/2420 2419/2419/2419 2422/2422/2422
f 743/743/743 737/737/737 747/747/747
f 750/750/750 743/743/743 747/747/747
f 2417/2417/2417 2420/2420/2420 2416/2416/2416
f 749/749/749 750/750/750 747/747/747
f 1542/1542/1542 1548/1548/1548 1540/1540/1540
f 1548/1548/1548 1542/1542/1542 1547/1547/1547
f 1549/1549/1549 1548/1548/1548 1547/1547/1547
f 1553/1553/1553 1548/1548/1548 1549/1549/1549
f 1554/1554/1554 1553/1553/1553 1563/1563/1563
f 1563/1563/1563 1553/1553/1553 1549/1549/1549
f 2417/2417/2417 2418/2418/2418 2419/2419/2419
f 2418/2418/2418 2417/2417/2417 2409/2409/2409
f 2409/2409/2409 2417/2417/2417 2416/2416/2416
f 2407/2407/2407 2406/2406/2406 2408/2408/2408
f 2407/2407/2407 2408/2408/2408 2409/2409/2409
f 2414/2414/2414 2407/2407/2407 2409/2409/2409
f 2416/2416/2416 2414/2414/2414 2409/2409/2409
f 2405/2405/2405 2406/2406/2406 2407/2407/2407
f 1546/1546/1546 1549/1549/1549 1547/1547/1547
f 1597/1597/1597 1563/1563/1563 1549/1549/1549
f 1546/1546/1546 1597/1597/1597 1549/1549/1549
f 1596/1596/1596 1597/1597/1597 1546/1546/1546
f 1596/1596/1596 1617/1617/1617 1597/1597/1597
f 1597/1597/1597 1617/1617/1617 1618/1618/1618
f 5456/5456/5456 5449/5449/5449 5452/5452/5452
f 5452/5452/5452 5449/5449/5449 5451/5451/5451
f 5507/5507/5507 5509/5509/5509 5511/5511/5511
f 5507/5507/5507 5508/5508/5508 5509/5509/5509
f 1678/1678/1678 1679/1679/1679 1677/1677/1677
f 1678/1678/1678 1680/1680/1680 1679/1679/1679
f 1675/1675/1675 1677/1677/1677 1676/1676/1676
f 1675/1675/1675 1678/1678/1678 1677/1677/1677
f 1672/1672/1672 1676/1676/1676 1696/1696/1696
f 1672/1672/1672 1675/1675/1675 1676/1676/1676
f 1670/1670/1670 1696/1696/1696 1702/1702/1702
f 1670/1670/1670 1672/1672/1672 1696/1696/1696
f 5140/5140/5140 5139/5139/5139 5137/5137/5137
f 5139/5139/5139 5138/5138/5138 5137/5137/5137
f 1669/1669/1669 1670/1670/1670 1702/1702/1702
f 5256/5256/5256 5254/5254/5254 5253/5253/5253
f 5253/5253/5253 5254/5254/5254 5255/5255/5255
f 1657/1657/1657 1654/1654/1654 1656/1656/1656
f 1654/1654/1654 1657/1657/1657 1658/1658/1658
f 2060/2060/2060 2061/2061/2061 2062/2062/2062
f 5115/5115/5115 5116/5116/5116 5117/5117/5117
f 5118/5118/5118 5117/5117/5117 5116/5116/5116
f 1654/1654/1654 1655/1655/1655 1656/1656/1656
f 5117/5117/5117 5118/5118/5118 5119/5119/5119
f 3855/3855/3855 3853/3853/3853 3851/3851/3851
f 3863/3863/3863 3855/3855/3855 3851/3851/3851
f 3997/3997/3997 3855/3855/3855 3863/3863/3863
f 3854/3854/3854 3852/3852/3852 3853/3853/3853
f 3853/3853/3853 3852/3852/3852 3851/3851/3851
f 3854/3854/3854 3864/3864/3864 3852/3852/3852
f 5454/5454/5454 5455/5455/5455 5453/5453/5453
f 5448/5448/5448 5454/5454/5454 5453/5453/5453
f 5451/5451/5451 5448/5448/5448 5453/5453/5453
f 5449/5449/5449 5448/5448/5448 5451/5451/5451
f 51/51/51 52/52/52 53/53/53
f 5253/5253/5253 5258/5258/5258 5257/5257/5257
f 5253/5253/5253 5257/5257/5257 5256/5256/5256
f 5116/5116/5116 5144/5144/5144 5121/5121/5121
f 5120/5120/5120 5116/5116/5116 5121/5121/5121
f 5118/5118/5118 5116/5116/5116 5120/5120/5120
f 3466/3466/3466 3392/3392/3392 3393/3393/3393
f 5120/5120/5120 5119/5119/5119 5118/5118/5118
f 4054/4054/4054 3853/3853/3853 3855/3855/3855
f 3853/3853/3853 4054/4054/4054 3862/3862/3862
f 3856/3856/3856 3853/3853/3853 3862/3862/3862
f 3854/3854/3854 3853/3853/3853 3856/3856/3856
f 3864/3864/3864 3854/3854/3854 3857/3857/3857
f 3857/3857/3857 3854/3854/3854 3856/3856/3856
f 3218/3218/3218 3204/3204/3204 3216/3216/3216
f 5443/5443/5443 5445/5445/5445 5461/5461/5461
f 5517/5517/5517 5519/5519/5519 5518/5518/5518
f 5516/5516/5516 5517/5517/5517 5518/5518/5518
f 5454/5454/5454 5457/5457/5457 5455/5455/5455
f 5457/5457/5457 5454/5454/5454 5448/5448/5448
f 5122/5122/5122 5120/5120/5120 5121/5121/5121
f 3466/3466/3466 3405/3405/3405 3392/3392/3392
f 3860/3860/3860 3859/3859/3859 3856/3856/3856
f 3860/3860/3860 3856/3856/3856 3862/3862/3862
f 3857/3857/3857 3856/3856/3856 3858/3858/3858
f 3858/3858/3858 3856/3856/3856 3859/3859/3859
f 3218/3218/3218 3196/3196/3196 3204/3204/3204
f 3203/3203/3203 3196/3196/3196 3218/3218/3218
f 5443/5443/5443 5444/5444/5444 5445/5445/5445
f 5441/5441/5441 5444/5444/5444 5443/5443/5443
f 2697/2697/2697 2700/2700/2700 2699/2699/2699
f 3471/3471/3471 3470/3470/3470 3469/3469/3469
f 4665/4665/4665 4662/4662/4662 4672/4672/4672
f 4665/4665/4665 4672/4672/4672 4932/4932/4932
f 4931/4931/4931 4672/4672/4672 4658/4658/4658
f 4658/4658/4658 4672/4672/4672 4662/4662/4662
f 5473/5473/5473 5478/5478/5478 5442/5442/5442
f 5478/5478/5478 5441/5441/5441 5442/5442/5442
f 5478/5478/5478 5444/5444/5444 5441/5441/5441
f 5466/5466/5466 5473/5473/5473 5442/5442/5442
f 2673/2673/2673 2691/2691/2691 2693/2693/2693
f 2700/2700/2700 2697/2697/2697 2693/2693/2693
f 2691/2691/2691 2700/2700/2700 2693/2693/2693
f 2720/2720/2720 2700/2700/2700 2691/2691/2691
f 3472/3472/3472 3473/3473/3473 3470/3470/3470
f 3472/3472/3472 3470/3470/3470 3471/3471/3471
f 5085/5085/5085 5087/5087/5087 5086/5086/5086
f 4920/4920/4920 4904/4904/4904 4905/4905/4905
f 4905/4905/4905 4904/4904/4904 4665/4665/4665
f 4904/4904/4904 4657/4657/4657 4665/4665/4665
f 4657/4657/4657 4662/4662/4662 4665/4665/4665
f 4662/4662/4662 4657/4657/4657 4658/4658/4658
f 5798/5798/5798 5796/5796/5796 5797/5797/5797
f 5470/5470/5470 5475/5475/5475 5473/5473/5473
f 5466/5466/5466 5470/5470/5470 5473/5473/5473
f 5468/5468/5468 5470/5470/5470 5466/5466/5466
f 2672/2672/2672 2676/2676/2676 2670/2670/2670
f 2679/2679/2679 2671/2671/2671 2670/2670/2670
f 2679/2679/2679 2670/2670/2670 2676/2676/2676
f 2691/2691/2691 2673/2673/2673 2671/2671/2671
f 2679/2679/2679 2691/2691/2691 2671/2671/2671
f 2682/2682/2682 2691/2691/2691 2679/2679/2679
f 2691/2691/2691 2692/2692/2692 2720/2720/2720
f 2691/2691/2691 2682/2682/2682 2692/2692/2692
f 3474/3474/3474 3475/3475/3475 3473/3473/3473
f 3474/3474/3474 3473/3473/3473 3472/3472/3472
f 4647/4647/4647 4648/4648/4648 4667/4667/4667
f 4648/4648/4648 4649/4649/4649 4667/4667/4667
f 4667/4667/4667 4649/4649/4649 4652/4652/4652
f 4649/4649/4649 4651/4651/4651 4652/4652/4652
f 4651/4651/4651 4920/4920/4920 4652/4652/4652
f 5088/5088/5088 5089/5089/5089 5090/5090/5090
f 5811/5811/5811 5805/5805/5805 5803/5803/5803
f 5803/5803/5803 5805/5805/5805 5804/5804/5804
f 5804/5804/5804 5806/5806/5806 5810/5810/5810
f 5805/5805/5805 5806/5806/5806 5804/5804/5804
f 5810/5810/5810 5808/5808/5808 5812/5812/5812
f 5806/5806/5806 5808/5808/5808 5810/5810/5810
f 5808/5808/5808 5816/5816/5816 5815/5815/5815
f 5813/5813/5813 5808/5808/5808 5815/5815/5815
f 5812/5812/5812 5808/5808/5808 5813/5813/5813
f 2723/2723/2723 2686/2686/2686 2688/2688/2688
f 2723/2723/2723 2688/2688/2688 2724/2724/2724
f 2719/2719/2719 2685/2685/2685 2686/2686/2686
f 2719/2719/2719 2686/2686/2686 2723/2723/2723
f 2719/2719/2719 2678/2678/2678 2685/2685/2685
f 2685/2685/2685 2678/2678/2678 2672/2672/2672
f 2678/2678/2678 2677/2677/2677 2672/2672/2672
f 2677/2677/2677 2676/2676/2676 2672/2672/2672
f 2676/2676/2676 2677/2677/2677 2679/2679/2679
f 2679/2679/2679 2677/2677/2677 2680/2680/2680
f 2679/2679/2679 2680/2680/2680 2682/2682/2682
f 2682/2682/2682 2680/2680/2680 2683/2683/2683
f 2682/2682/2682 2683/2683/2683 2692/2692/2692
f 2692/2692/2692 2683/2683/2683 2694/2694/2694
f 3474/3474/3474 3476/3476/3476 3475/3475/3475
f 4736/4736/4736 4734/4734/4734 4737/4737/4737
f 4736/4736/4736 4735/4735/4735 4734/4734/4734
f 4734/4734/4734 4733/4733/4733 4728/4728/4728
f 4735/4735/4735 4733/4733/4733 4734/4734/4734
f 4732/4732/4732 4728/4728/4728 4733/4733/4733
f 4732/4732/4732 4733/4733/4733 4747/4747/4747
f 4673/4673/4673 4669/4669/4669 4668/4668/4668
f 4669/4669/4669 4646/4646/4646 4668/4668/4668
f 4668/4668/4668 4646/4646/4646 4647/4647/4647
f 4646/4646/4646 4645/4645/4645 4647/4647/4647
f 4645/4645/4645 4648/4648/4648 4647/4647/4647
f 4648/4648/4648 4645/4645/4645 4649/4649/4649
f 835/835/835 830/830/830 834/834/834
f 832/832/832 833/833/833 830/830/830
f 833/833/833 834/834/834 830/830/830
f 2715/2715/2715 2723/2723/2723 2724/2724/2724
f 2723/2723/2723 2712/2712/2712 2719/2719/2719
f 2723/2723/2723 2715/2715/2715 2712/2712/2712
f 2678/2678/2678 2719/2719/2719 2710/2710/2710
f 2710/2710/2710 2719/2719/2719 2712/2712/2712
f 4747/4747/4747 4771/4771/4771 4732/4732/4732
f 4732/4732/4732 4771/4771/4771 4729/4729/4729
f 4729/4729/4729 4731/4731/4731 4730/4730/4730
f 4771/4771/4771 4731/4731/4731 4729/4729/4729
f 4730/4730/4730 4773/4773/4773 4776/4776/4776
f 4731/4731/4731 4773/4773/4773 4730/4730/4730
f 5034/5034/5034 5036/5036/5036 5035/5035/5035
f 5033/5033/5033 5034/5034/5034 5035/5035/5035
f 4776/4776/4776 4773/4773/4773 4946/4946/4946
f 2569/2569/2569 2571/2571/2571 2572/2572/2572
f 4834/4834/4834 4939/4939/4939 4953/4953/4953
f 4953/4953/4953 4939/4939/4939 4832/4832/4832
f 4830/4830/4830 4953/4953/4953 4832/4832/4832
f 5097/5097/5097 5099/5099/5099 5100/5100/5100
f 4673/4673/4673 4951/4951/4951 4669/4669/4669
f 4951/4951/4951 4903/4903/4903 4669/4669/4669
f 5097/5097/5097 5100/5100/5100 5102/5102/5102
f 4669/4669/4669 4903/4903/4903 4646/4646/4646
f 833/833/833 832/832/832 836/836/836
f 836/836/836 832/832/832 839/839/839
f 2711/2711/2711 2712/2712/2712 2713/2713/2713
f 2712/2712/2712 2714/2714/2714 2713/2713/2713
f 2712/2712/2712 2715/2715/2715 2714/2714/2714
f 2712/2712/2712 2711/2711/2711 2710/2710/2710
f 5036/5036/5036 5037/5037/5037 5035/5035/5035
f 2569/2569/2569 2570/2570/2570 2571/2571/2571
f 5054/5054/5054 5055/5055/5055 5056/5056/5056
f 5037/5037/5037 5040/5040/5040 5041/5041/5041
f 4843/4843/4843 4872/4872/4872 4840/4840/4840
f 4936/4936/4936 4872/4872/4872 4843/4843/4843
f 4872/4872/4872 4957/4957/4957 4870/4870/4870
f 4838/4838/4838 4872/4872/4872 4870/4870/4870
f 4840/4840/4840 4872/4872/4872 4838/4838/4838
f 4845/4845/4845 4822/4822/4822 4838/4838/4838
f 4845/4845/4845 4838/4838/4838 4870/4870/4870
f 4822/4822/4822 4845/4845/4845 4820/4820/4820
f 4821/4821/4821 4822/4822/4822 4820/4820/4820
f 4823/4823/4823 4822/4822/4822 4821/4821/4821
f 4834/4834/4834 4823/4823/4823 4939/4939/4939
f 4823/4823/4823 4825/4825/4825 4939/4939/4939
f 4823/4823/4823 4821/4821/4821 4825/4825/4825
f 4939/4939/4939 4825/4825/4825 4832/4832/4832
f 682/682/682 680/680/680 681/681/681
f 2883/2883/2883 2871/2871/2871 2882/2882/2882
f 2871/2871/2871 2863/2863/2863 2882/2882/2882
f 2871/2871/2871 2870/2870/2870 2863/2863/2863
f 2862/2862/2862 2863/2863/2863 2864/2864/2864
f 2863/2863/2863 2867/2867/2867 2864/2864/2864
f 2863/2863/2863 2870/2870/2870 2867/2867/2867
f 2869/2869/2869 2866/2866/2866 2867/2867/2867
f 2867/2867/2867 2866/2866/2866 2864/2864/2864
f 2874/2874/2874 2872/2872/2872 2869/2869/2869
f 2869/2869/2869 2872/2872/2872 2866/2866/2866
f 54/54/54 55/55/55 56/56/56
f 4957/4957/4957 4950/4950/4950 4870/4870/4870
f 4870/4870/4870 4950/4950/4950 4845/4845/4845
f 4845/4845/4845 4950/4950/4950 4819/4819/4819
f 4845/4845/4845 4819/4819/4819 4820/4820/4820
f 665/665/665 666/666/666 667/667/667
f 665/665/665 667/667/667 680/680/680
f 667/667/667 681/681/681 680/680/680
f 667/667/667 684/684/684 681/681/681
f 173/173/173 167/167/167 170/170/170
f 173/173/173 171/171/171 167/167/167
f 170/170/170 162/162/162 164/164/164
f 170/170/170 167/167/167 162/162/162
f 158/158/158 160/160/160 161/161/161
f 160/160/160 162/162/162 161/161/161
f 160/160/160 164/164/164 162/162/162
f 160/160/160 158/158/158 159/159/159
f 159/159/159 158/158/158 154/154/154
f 54/54/54 57/57/57 55/55/55
f 667/667/667 666/666/666 668/668/668
f 668/668/668 666/666/666 669/669/669
f 667/667/667 683/683/683 684/684/684
f 667/667/667 668/668/668 683/683/683
f 171/171/171 166/166/166 167/167/167
f 171/171/171 169/169/169 166/166/166
f 163/163/163 162/162/162 165/165/165
f 162/162/162 166/166/166 165/165/165
f 162/162/162 167/167/167 166/166/166
f 162/162/162 163/163/163 161/161/161
f 669/669/669 716/716/716 668/668/668
f 177/177/177 176/176/176 169/169/169
f 169/169/169 176/176/176 168/168/168
f 169/169/169 168/168/168 166/166/166
f 166/166/166 168/168/168 141/141/141
f 166/166/166 141/141/141 165/165/165
f 2294/2294/2294 2296/2296/2296 2297/2297/2297
f 202/202/202 213/213/213 216/216/216
f 216/216/216 213/213/213 219/219/219
f 201/201/201 213/213/213 202/202/202
f 2294/2294/2294 2295/2295/2295 2296/2296/2296
f 219/219/219 213/213/213 204/204/204
f 2293/2293/2293 2294/2294/2294 2292/2292/2292
f 2291/2291/2291 2293/2293/2293 2292/2292/2292
f 2294/2294/2294 2293/2293/2293 2295/2295/2295
f 204/204/204 213/213/213 201/201/201
f 190/190/190 204/204/204 201/201/201
f 191/191/191 204/204/204 190/190/190
f 188/188/188 190/190/190 189/189/189
f 188/188/188 191/191/191 190/190/190
f 189/189/189 187/187/187 188/188/188
f 188/188/188 187/187/187 186/186/186
f 4443/4443/4443 4444/4444/4444 4445/4445/4445
f 4510/4510/4510 4513/4513/4513 4511/4511/4511
f 4320/4320/4320 4155/4155/4155 4160/4160/4160
f 4153/4153/4153 4155/4155/4155 4438/4438/4438
f 2291/2291/2291 2290/2290/2290 2293/2293/2293
f 461/461/461 462/462/462 386/386/386
f 385/385/385 386/386/386 462/462/462
f 385/385/385 462/462/462 463/463/463
f 181/181/181 186/186/186 187/187/187
f 181/181/181 187/187/187 182/182/182
f 3933/3933/3933 3963/3963/3963 3934/3934/3934
f 3963/3963/3963 3937/3937/3937 3934/3934/3934
f 180/180/180 181/181/181 182/182/182
f 3933/3933/3933 3931/3931/3931 3963/3963/3963
f 2987/2987/2987 3001/3001/3001 2988/2988/2988
f 2987/2987/2987 2988/2988/2988 2984/2984/2984
f 2988/2988/2988 3060/3060/3060 2984/2984/2984
f 4321/4321/4321 4322/4322/4322 4323/4323/4323
f 4324/4324/4324 4322/4322/4322 4325/4325/4325
f 4324/4324/4324 4323/4323/4323 4322/4322/4322
f 4326/4326/4326 4325/4325/4325 4327/4327/4327
f 4326/4326/4326 4324/4324/4324 4325/4325/4325
f 4441/4441/4441 4444/4444/4444 4443/4443/4443
f 4442/4442/4442 4441/4441/4441 4443/4443/4443
f 4440/4440/4440 4441/4441/4441 4442/4442/4442
f 4159/4159/4159 4160/4160/4160 4155/4155/4155
f 4159/4159/4159 4155/4155/4155 4154/4154/4154
f 4154/4154/4154 4155/4155/4155 4153/4153/4153
f 4151/4151/4151 4154/4154/4154 4153/4153/4153
f 4156/4156/4156 4154/4154/4154 4151/4151/4151
f 4157/4157/4157 4151/4151/4151 4158/4158/4158
f 4157/4157/4157 4156/4156/4156 4151/4151/4151
f 4346/4346/4346 4410/4410/4410 4336/4336/4336
f 4410/4410/4410 4158/4158/4158 4336/4336/4336
f 4410/4410/4410 4157/4157/4157 4158/4158/4158
f 4346/4346/4346 4358/4358/4358 4410/4410/4410
f 384/384/384 385/385/385 387/387/387
f 385/385/385 388/388/388 387/387/387
f 385/385/385 463/463/463 388/388/388
f 387/387/387 391/391/391 384/384/384
f 3932/3932/3932 3933/3933/3933 3934/3934/3934
f 3922/3922/3922 3930/3930/3930 4048/4048/4048
f 4048/4048/4048 3930/3930/3930 3932/3932/3932
f 3930/3930/3930 3931/3931/3931 3932/3932/3932
f 3931/3931/3931 3933/3933/3933 3932/3932/3932
f 3922/3922/3922 3920/3920/3920 3930/3930/3930
f 3059/3059/3059 3036/3036/3036 3033/3033/3033
f 3032/3032/3032 3059/3059/3059 3033/3033/3033
f 3032/3032/3032 3033/3033/3033 3001/3001/3001
f 2985/2985/2985 3032/3032/3032 3001/3001/3001
f 2987/2987/2987 2985/2985/2985 3001/3001/3001
f 2985/2985/2985 2987/2987/2987 2984/2984/2984
f 4338/4338/4338 4346/4346/4346 4336/4336/4336
f 4338/4338/4338 4357/4357/4357 4346/4346/4346
f 4357/4357/4357 4358/4358/4358 4346/4346/4346
f 4357/4357/4357 4402/4402/4402 4358/4358/4358
f 387/387/387 388/388/388 389/389/389
f 389/389/389 388/388/388 465/465/465
f 390/390/390 392/392/392 391/391/391
f 387/387/387 390/390/390 391/391/391
f 389/389/389 390/390/390 387/387/387
f 393/393/393 395/395/395 392/392/392
f 393/393/393 392/392/392 390/390/390
f 393/393/393 397/397/397 395/395/395
f 957/957/957 964/964/964 958/958/958
f 957/957/957 958/958/958 959/959/959
f 3920/3920/3920 3922/3922/3922 3918/3918/3918
f 3922/3922/3922 3919/3919/3919 3918/3918/3918
f 958/958/958 964/964/964 966/966/966
f 3919/3919/3919 3916/3916/3916 3918/3918/3918
f 3044/3044/3044 3045/3045/3045 3039/3039/3039
f 3040/3040/3040 3044/3044/3044 3039/3039/3039
f 3040/3040/3040 3039/3039/3039 3036/3036/3036
f 3041/3041/3041 3040/3040/3040 3036/3036/3036
f 3059/3059/3059 3041/3041/3041 3036/3036/3036
f 3171/3171/3171 3172/3172/3172 3170/3170/3170
f 4350/4350/4350 4402/4402/4402 4357/4357/4357
f 4350/4350/4350 4357/4357/4357 4343/4343/4343
f 4347/4347/4347 4352/4352/4352 4351/4351/4351
f 4350/4350/4350 4347/4347/4347 4351/4351/4351
f 4343/4343/4343 4347/4347/4347 4350/4350/4350
f 4352/4352/4352 4347/4347/4347 4353/4353/4353
f 4354/4354/4354 4352/4352/4352 4353/4353/4353
f 390/390/390 389/389/389 406/406/406
f 398/398/398 393/393/393 403/403/403
f 393/393/393 406/406/406 403/403/403
f 393/393/393 390/390/390 406/406/406
f 393/393/393 398/398/398 397/397/397
f 398/398/398 399/399/399 397/397/397
f 398/398/398 401/401/401 399/399/399
f 957/957/957 962/962/962 964/964/964
f 962/962/962 967/967/967 964/964/964
f 399/399/399 401/401/401 402/402/402
f 964/964/964 967/967/967 966/966/966
f 966/966/966 967/967/967 968/968/968
f 966/966/966 968/968/968 969/969/969
f 739/739/739 737/737/737 736/736/736
f 736/736/736 737/737/737 738/738/738
f 736/736/736 742/742/742 741/741/741
f 736/736/736 741/741/741 739/739/739
f 4355/4355/4355 4354/4354/4354 4353/4353/4353
f 4588/4588/4588 4598/4598/4598 4595/4595/4595
f 4591/4591/4591 4588/4588/4588 4595/4595/4595
f 4590/4590/4590 4588/4588/4588 4591/4591/4591
f 4589/4589/4589 4590/4590/4590 4592/4592/4592
f 4589/4589/4589 4588/4588/4588 4590/4590/4590
f 4593/4593/4593 4592/4592/4592 4594/4594/4594
f 4593/4593/4593 4589/4589/4589 4592/4592/4592
f 1556/1556/1556 1555/1555/1555 1554/1554/1554
f 1555/1555/1555 1552/1552/1552 1554/1554/1554
f 4602/4602/4602 4593/4593/4593 4594/4594/4594
f 1556/1556/1556 1557/1557/1557 1555/1555/1555
f 739/739/739 747/747/747 737/737/737
f 2423/2423/2423 2415/2415/2415 2414/2414/2414
f 748/748/748 749/749/749 747/747/747
f 741/741/741 748/748/748 747/747/747
f 739/739/739 741/741/741 747/747/747
f 58/58/58 59/59/59 60/60/60
f 1280/1280/1280 1278/1278/1278 1276/1276/1276
f 1563/1563/1563 1556/1556/1556 1554/1554/1554
f 1275/1275/1275 1276/1276/1276 1277/1277/1277
f 1277/1277/1277 1276/1276/1276 1278/1278/1278
f 2415/2415/2415 2407/2407/2407 2414/2414/2414
f 2410/2410/2410 2411/2411/2411 2405/2405/2405
f 2410/2410/2410 2405/2405/2405 2407/2407/2407
f 2413/2413/2413 2410/2410/2410 2407/2407/2407
f 2415/2415/2415 2413/2413/2413 2407/2407/2407
f 2412/2412/2412 2411/2411/2411 2410/2410/2410
f 1597/1597/1597 1598/1598/1598 1563/1563/1563
f 3849/3849/3849 4052/4052/4052 3863/3863/3863
f 1618/1618/1618 1619/1619/1619 1597/1597/1597
f 1619/1619/1619 1599/1599/1599 1597/1597/1597
f 1599/1599/1599 1598/1598/1598 1597/1597/1597
f 3849/3849/3849 3848/3848/3848 4052/4052/4052
f 3847/3847/3847 3846/3846/3846 4065/4065/4065
f 4101/4101/4101 4102/4102/4102 4103/4103/4103
f 5450/5450/5450 5449/5449/5449 5456/5456/5456
f 5507/5507/5507 5510/5510/5510 5508/5508/5508
f 5456/5456/5456 5479/5479/5479 5450/5450/5450
f 5479/5479/5479 5423/5423/5423 5420/5420/5420
f 5423/5423/5423 5422/5422/5422 5420/5420/5420
f 1680/1680/1680 1678/1678/1678 1693/1693/1693
f 1694/1694/1694 1678/1678/1678 1675/1675/1675
f 1694/1694/1694 1693/1693/1693 1678/1678/1678
f 1673/1673/1673 1675/1675/1675 1672/1672/1672
f 1673/1673/1673 1694/1694/1694 1675/1675/1675
f 1671/1671/1671 1672/1672/1672 1670/1670/1670
f 1671/1671/1671 1673/1673/1673 1672/1672/1672
f 1668/1668/1668 1670/1670/1670 1669/1669/1669
f 1668/1668/1668 1671/1671/1671 1670/1670/1670
f 1665/1665/1665 1669/1669/1669 1657/1657/1657
f 1665/1665/1665 1668/1668/1668 1669/1669/1669
f 1662/1662/1662 1657/1657/1657 1656/1656/1656
f 1662/1662/1662 1665/1665/1665 1657/1657/1657
f 1656/1656/1656 1655/1655/1655 1659/1659/1659
f 1660/1660/1660 1656/1656/1656 1659/1659/1659
f 1662/1662/1662 1656/1656/1656 1660/1660/1660
f 1660/1660/1660 1659/1659/1659 1661/1661/1661
f 3851/3851/3851 3849/3849/3849 3863/3863/3863
f 3845/3845/3845 3848/3848/3848 3849/3849/3849
f 3851/3851/3851 3845/3845/3845 3849/3849/3849
f 3852/3852/3852 3845/3845/3845 3851/3851/3851
f 4090/4090/4090 4092/4092/4092 4091/4091/4091
f 4065/4065/4065 3845/3845/3845 3864/3864/3864
f 3845/3845/3845 3852/3852/3852 3864/3864/3864
f 4065/4065/4065 3846/3846/3846 3845/3845/3845
f 3987/3987/3987 4065/4065/4065 3986/3986/3986
f 4065/4065/4065 3925/3925/3925 3986/3986/3986
f 4065/4065/4065 3872/3872/3872 3925/3925/3925
f 3925/3925/3925 3965/3965/3965 3986/3986/3986
f 5459/5459/5459 5447/5447/5447 5450/5450/5450
f 5447/5447/5447 5449/5449/5449 5450/5450/5450
f 5447/5447/5447 5448/5448/5448 5449/5449/5449
f 5459/5459/5459 5450/5450/5450 5479/5479/5479
f 5512/5512/5512 5513/5513/5513 5514/5514/5514
f 61/61/61 62/62/62 63/63/63
f 3857/3857/3857 3861/3861/3861 3872/3872/3872
f 4089/4089/4089 4090/4090/4090 4091/4091/4091
f 3872/3872/3872 3867/3867/3867 3925/3925/3925
f 3872/3872/3872 3861/3861/3861 3867/3867/3867
f 3965/3965/3965 3925/3925/3925 3927/3927/3927
f 3927/3927/3927 3925/3925/3925 3867/3867/3867
f 5439/5439/5439 5443/5443/5443 5457/5457/5457
f 5437/5437/5437 5439/5439/5439 5457/5457/5457
f 5448/5448/5448 5437/5437/5437 5457/5457/5457
f 5447/5447/5447 5437/5437/5437 5448/5448/5448
f 3858/3858/3858 3865/3865/3865 3861/3861/3861
f 3858/3858/3858 3861/3861/3861 3857/3857/3857
f 3861/3861/3861 3866/3866/3866 3867/3867/3867
f 3861/3861/3861 3865/3865/3865 3866/3866/3866
f 3927/3927/3927 3867/3867/3867 3871/3871/3871
f 3871/3871/3871 3867/3867/3867 3866/3866/3866
f 5440/5440/5440 5441/5441/5441 5439/5439/5439
f 5439/5439/5439 5441/5441/5441 5443/5443/5443
f 5439/5439/5439 5437/5437/5437 5438/5438/5438
f 5439/5439/5439 5438/5438/5438 5440/5440/5440
f 3873/3873/3873 3870/3870/3870 3865/3865/3865
f 3873/3873/3873 3865/3865/3865 3858/3858/3858
f 3865/3865/3865 3868/3868/3868 3866/3866/3866
f 3865/3865/3865 3870/3870/3870 3868/3868/3868
f 3871/3871/3871 3866/3866/3866 3869/3869/3869
f 3869/3869/3869 3866/3866/3866 3868/3868/3868
f 5440/5440/5440 5442/5442/5442 5441/5441/5441
f 5465/5465/5465 5467/5467/5467 5466/5466/5466
f 5465/5465/5465 5466/5466/5466 5442/5442/5442
f 5438/5438/5438 5465/5465/5465 5442/5442/5442
f 5440/5440/5440 5438/5438/5438 5442/5442/5442
f 5480/5480/5480 5467/5467/5467 5465/5465/5465
f 4904/4904/4904 4653/4653/4653 4657/4657/4657
f 4653/4653/4653 4656/4656/4656 4657/4657/4657
f 4657/4657/4657 4656/4656/4656 4658/4658/4658
f 4656/4656/4656 4659/4659/4659 4658/4658/4658
f 4659/4659/4659 4660/4660/4660 4658/4658/4658
f 4660/4660/4660 4659/4659/4659 4661/4661/4661
f 4661/4661/4661 4659/4659/4659 4663/4663/4663
f 2855/2855/2855 2853/2853/2853 2852/2852/2852
f 5469/5469/5469 5468/5468/5468 5467/5467/5467
f 5467/5467/5467 5468/5468/5468 5466/5466/5466
f 5467/5467/5467 5480/5480/5480 5471/5471/5471
f 5467/5467/5467 5471/5471/5471 5469/5469/5469
f 4649/4649/4649 4650/4650/4650 4651/4651/4651
f 4653/4653/4653 4904/4904/4904 4651/4651/4651
f 4650/4650/4650 4653/4653/4653 4651/4651/4651
f 4654/4654/4654 4653/4653/4653 4650/4650/4650
f 4656/4656/4656 4653/4653/4653 4655/4655/4655
f 4655/4655/4655 4653/4653/4653 4654/4654/4654
f 5809/5809/5809 5805/5805/5805 5811/5811/5811
f 5471/5471/5471 5472/5472/5472 5469/5469/5469
f 5807/5807/5807 5805/5805/5805 5809/5809/5809
f 5807/5807/5807 5806/5806/5806 5805/5805/5805
f 841/841/841 827/827/827 829/829/829
f 842/842/842 841/841/841 829/829/829
f 5806/5806/5806 5807/5807/5807 5808/5808/5808
f 829/829/829 835/835/835 842/842/842
f 2678/2678/2678 2706/2706/2706 2677/2677/2677
f 2681/2681/2681 2680/2680/2680 2677/2677/2677
f 2681/2681/2681 2677/2677/2677 2706/2706/2706
f 2704/2704/2704 2683/2683/2683 2680/2680/2680
f 2704/2704/2704 2680/2680/2680 2681/2681/2681
f 2683/2683/2683 2704/2704/2704 2726/2726/2726
f 2727/2727/2727 2683/2683/2683 2726/2726/2726
f 2694/2694/2694 2683/2683/2683 2727/2727/2727
f 4736/4736/4736 4748/4748/4748 4735/4735/4735
f 4749/4749/4749 4748/4748/4748 4736/4736/4736
f 4735/4735/4735 4750/4750/4750 4733/4733/4733
f 4748/4748/4748 4750/4750/4750 4735/4735/4735
f 4747/4747/4747 4733/4733/4733 4750/4750/4750
f 4982/4982/4982 4981/4981/4981 4980/4980/4980
f 4644/4644/4644 4643/4643/4643 4645/4645/4645
f 4644/4644/4644 4645/4645/4645 4646/4646/4646
f 4649/4649/4649 4645/4645/4645 4650/4650/4650
f 4645/4645/4645 4900/4900/4900 4650/4650/4650
f 4645/4645/4645 4643/4643/4643 4900/4900/4900
f 4650/4650/4650 4900/4900/4900 4654/4654/4654
f 4654/4654/4654 4900/4900/4900 4675/4675/4675
f 4654/4654/4654 4675/4675/4675 4655/4655/4655
f 827/827/827 828/828/828 829/829/829
f 828/828/828 838/838/838 831/831/831
f 828/828/828 831/831/831 830/830/830
f 829/829/829 828/828/828 830/830/830
f 835/835/835 829/829/829 830/830/830
f 831/831/831 832/832/832 830/830/830
f 2710/2710/2710 2709/2709/2709 2706/2706/2706
f 2710/2710/2710 2706/2706/2706 2678/2678/2678
f 2706/2706/2706 2705/2705/2705 2681/2681/2681
f 2706/2706/2706 2709/2709/2709 2705/2705/2705
f 849/849/849 867/867/867 848/848/848
f 2704/2704/2704 2705/2705/2705 2707/2707/2707
f 2704/2704/2704 2681/2681/2681 2705/2705/2705
f 867/867/867 849/849/849 856/856/856
f 4955/4955/4955 4954/4954/4954 4747/4747/4747
f 4747/4747/4747 4954/4954/4954 4771/4771/4771
f 4771/4771/4771 4938/4938/4938 4731/4731/4731
f 4954/4954/4954 4938/4938/4938 4771/4771/4771
f 4731/4731/4731 4774/4774/4774 4773/4773/4773
f 4938/4938/4938 4774/4774/4774 4731/4731/4731
f 4775/4775/4775 4773/4773/4773 4774/4774/4774
f 4775/4775/4775 4774/4774/4774 4777/4777/4777
f 4827/4827/4827 4829/4829/4829 4830/4830/4830
f 4827/4827/4827 4830/4830/4830 4832/4832/4832
f 5100/5100/5100 5104/5104/5104 5102/5102/5102
f 4829/4829/4829 4918/4918/4918 4830/4830/4830
f 4646/4646/4646 4903/4903/4903 4644/4644/4644
f 4644/4644/4644 4903/4903/4903 4918/4918/4918
f 831/831/831 838/838/838 837/837/837
f 837/837/837 838/838/838 840/840/840
f 837/837/837 839/839/839 832/832/832
f 837/837/837 832/832/832 831/831/831
f 2713/2713/2713 2717/2717/2717 2711/2711/2711
f 2709/2709/2709 2710/2710/2710 2711/2711/2711
f 2717/2717/2717 2709/2709/2709 2711/2711/2711
f 2718/2718/2718 2709/2709/2709 2717/2717/2717
f 2709/2709/2709 2716/2716/2716 2705/2705/2705
f 2709/2709/2709 2718/2718/2718 2716/2716/2716
f 848/848/848 852/852/852 846/846/846
f 846/846/846 852/852/852 853/853/853
f 4777/4777/4777 4778/4778/4778 4775/4775/4775
f 5036/5036/5036 5038/5038/5038 5037/5037/5037
f 5037/5037/5037 5039/5039/5039 5040/5040/5040
f 5038/5038/5038 5039/5039/5039 5037/5037/5037
f 5042/5042/5042 5043/5043/5043 5044/5044/5044
f 4783/4783/4783 4784/4784/4784 4936/4936/4936
f 5047/5047/5047 5048/5048/5048 5050/5050/5050
f 4872/4872/4872 4788/4788/4788 4957/4957/4957
f 4784/4784/4784 4788/4788/4788 4872/4872/4872
f 5046/5046/5046 5048/5048/5048 5047/5047/5047
f 4807/4807/4807 4937/4937/4937 4821/4821/4821
f 4807/4807/4807 4821/4821/4821 4820/4820/4820
f 4821/4821/4821 4826/4826/4826 4825/4825/4825
f 4937/4937/4937 4826/4826/4826 4821/4821/4821
f 4832/4832/4832 4825/4825/4825 4827/4827/4827
f 4827/4827/4827 4825/4825/4825 4826/4826/4826
f 663/663/663 662/662/662 664/664/664
f 663/663/663 664/664/664 715/715/715
f 715/715/715 664/664/664 714/714/714
f 664/664/664 680/680/680 714/714/714
f 680/680/680 682/682/682 714/714/714
f 2884/2884/2884 2883/2883/2883 2882/2882/2882
f 2864/2864/2864 2865/2865/2865 2862/2862/2862
f 2865/2865/2865 2864/2864/2864 2866/2866/2866
f 2865/2865/2865 2866/2866/2866 2868/2868/2868
f 2868/2868/2868 2866/2866/2866 2872/2872/2872
f 2868/2868/2868 2872/2872/2872 2873/2873/2873
f 2878/2878/2878 2876/2876/2876 2877/2877/2877
f 2877/2877/2877 2876/2876/2876 2872/2872/2872
f 2876/2876/2876 2875/2875/2875 2872/2872/2872
f 2875/2875/2875 2873/2873/2873 2872/2872/2872
f 2878/2878/2878 2880/2880/2880 2876/2876/2876
f 5048/5048/5048 5051/5051/5051 5050/5050/5050
f 5046/5046/5046 5052/5052/5052 5048/5048/5048
f 5052/5052/5052 5051/5051/5051 5048/5048/5048
f 5052/5052/5052 5053/5053/5053 5051/5051/5051
f 4820/4820/4820 4819/4819/4819 4807/4807/4807
f 4807/4807/4807 4819/4819/4819 4804/4804/4804
f 664/664/664 662/662/662 665/665/665
f 662/662/662 666/666/666 665/665/665
f 662/662/662 670/670/670 666/666/666
f 64/64/64 65/65/65 66/66/66
f 161/161/161 157/157/157 158/158/158
f 143/143/143 154/154/154 158/158/158
f 143/143/143 158/158/158 157/157/157
f 143/143/143 145/145/145 154/154/154
f 154/154/154 145/145/145 153/153/153
f 145/145/145 150/150/150 153/153/153
f 150/150/150 152/152/152 153/153/153
f 152/152/152 150/150/150 151/151/151
f 670/670/670 669/669/669 666/666/666
f 671/671/671 669/669/669 670/670/670
f 165/165/165 137/137/137 163/163/163
f 157/157/157 161/161/161 163/163/163
f 137/137/137 157/157/157 163/163/163
f 139/139/139 157/157/157 137/137/137
f 144/144/144 143/143/143 142/142/142
f 143/143/143 139/139/139 142/142/142
f 143/143/143 157/157/157 139/139/139
f 143/143/143 144/144/144 145/145/145
f 5551/5551/5551 5548/5548/5548 5550/5550/5550
f 5550/5550/5550 5548/5548/5548 5549/5549/5549
f 5549/5549/5549 5545/5545/5545 5555/5555/5555
f 5548/5548/5548 5545/5545/5545 5549/5549/5549
f 168/168/168 172/172/172 141/141/141
f 5545/5545/5545 5546/5546/5546 5555/5555/5555
f 165/165/165 141/141/141 137/137/137
f 141/141/141 138/138/138 137/137/137
f 141/141/141 172/172/172 138/138/138
f 137/137/137 138/138/138 139/139/139
f 139/139/139 138/138/138 140/140/140
f 139/139/139 140/140/140 142/142/142
f 2264/2264/2264 2291/2291/2291 2292/2292/2292
f 191/191/191 221/221/221 204/204/204
f 204/204/204 221/221/221 222/222/222
f 188/188/188 214/214/214 191/191/191
f 191/191/191 214/214/214 221/221/221
f 186/186/186 214/214/214 188/188/188
f 2264/2264/2264 2290/2290/2290 2291/2291/2291
f 2290/2290/2290 2264/2264/2264 2276/2276/2276
f 2264/2264/2264 2266/2266/2266 2276/2276/2276
f 2264/2264/2264 2265/2265/2265 2266/2266/2266
f 2267/2267/2267 2274/2274/2274 2268/2268/2268
f 2266/2266/2266 2267/2267/2267 2268/2268/2268
f 2265/2265/2265 2267/2267/2267 2266/2266/2266
f 185/185/185 214/214/214 186/186/186
f 181/181/181 185/185/185 186/186/186
f 184/184/184 185/185/185 181/181/181
f 183/183/183 181/181/181 180/180/180
f 183/183/183 184/184/184 181/181/181
f 180/180/180 192/192/192 183/183/183
f 183/183/183 192/192/192 193/193/193
f 2986/2986/2986 2984/2984/2984 3060/3060/3060
f 3061/3061/3061 2998/2998/2998 3060/3060/3060
f 3060/3060/3060 2998/2998/2998 2986/2986/2986
f 3180/3180/3180 3181/3181/3181 3182/3182/3182
f 3061/3061/3061 3066/3066/3066 2998/2998/2998
f 3016/3016/3016 3011/3011/3011 3018/3018/3018
f 3018/3018/3018 3011/3011/3011 3066/3066/3066
f 3017/3017/3017 3012/3012/3012 3016/3016/3016
f 3016/3016/3016 3012/3012/3012 3011/3011/3011
f 949/949/949 943/943/943 950/950/950
f 3017/3017/3017 3015/3015/3015 3012/3012/3012
f 951/951/951 942/942/942 949/949/949
f 949/949/949 942/942/942 943/943/943
f 952/952/952 938/938/938 951/951/951
f 951/951/951 938/938/938 942/942/942
f 4358/4358/4358 4403/4403/4403 4410/4410/4410
f 2270/2270/2270 2275/2275/2275 2266/2266/2266
f 2266/2266/2266 2275/2275/2275 2276/2276/2276
f 2266/2266/2266 2268/2268/2268 2269/2269/2269
f 2266/2266/2266 2269/2269/2269 2270/2270/2270
f 194/194/194 193/193/193 192/192/192
f 3926/3926/3926 3931/3931/3931 3930/3930/3930
f 3917/3917/3917 3923/3923/3923 3920/3920/3920
f 3923/3923/3923 3930/3930/3930 3920/3920/3920
f 3923/3923/3923 3926/3926/3926 3930/3930/3930
f 3917/3917/3917 3915/3915/3915 3923/3923/3923
f 3087/3087/3087 3032/3032/3032 2985/2985/2985
f 2983/2983/2983 3087/3087/3087 2985/2985/2985
f 2983/2983/2983 2985/2985/2985 2984/2984/2984
f 2981/2981/2981 2983/2983/2983 2984/2984/2984
f 2986/2986/2986 2981/2981/2981 2984/2984/2984
f 2981/2981/2981 2986/2986/2986 2998/2998/2998
f 2981/2981/2981 2998/2998/2998 2982/2982/2982
f 2982/2982/2982 2998/2998/2998 3066/3066/3066
f 2982/2982/2982 3066/3066/3066 3000/3000/3000
f 3000/3000/3000 3066/3066/3066 3011/3011/3011
f 3000/3000/3000 3011/3011/3011 3009/3009/3009
f 3009/3009/3009 3011/3011/3011 3012/3012/3012
f 3009/3009/3009 3012/3012/3012 3014/3014/3014
f 3014/3014/3014 3012/3012/3012 3015/3015/3015
f 948/948/948 943/943/943 937/937/937
f 937/937/937 943/943/943 942/942/942
f 937/937/937 942/942/942 935/935/935
f 935/935/935 942/942/942 938/938/938
f 935/935/935 938/938/938 936/936/936
f 4358/4358/4358 4402/4402/4402 4403/4403/4403
f 4402/4402/4402 4404/4404/4404 4403/4403/4403
f 944/944/944 936/936/936 938/938/938
f 4404/4404/4404 4402/4402/4402 4405/4405/4405
f 4405/4405/4405 4406/4406/4406 4404/4404/4404
f 2270/2270/2270 2277/2277/2277 2275/2275/2275
f 2375/2375/2375 2373/2373/2373 2361/2361/2361
f 2373/2373/2373 2374/2374/2374 2372/2372/2372
f 2359/2359/2359 2373/2373/2373 2372/2372/2372
f 2361/2361/2361 2373/2373/2373 2359/2359/2359
f 2371/2371/2371 2359/2359/2359 2372/2372/2372
f 3918/3918/3918 3917/3917/3917 3920/3920/3920
f 3918/3918/3918 3916/3916/3916 3917/3917/3917
f 3916/3916/3916 3915/3915/3915 3917/3917/3917
f 3916/3916/3916 3913/3913/3913 3915/3915/3915
f 3042/3042/3042 3040/3040/3040 3041/3041/3041
f 3043/3043/3043 3042/3042/3042 3041/3041/3041
f 3168/3168/3168 3171/3171/3171 3170/3170/3170
f 3169/3169/3169 3168/3168/3168 3170/3170/3170
f 3173/3173/3173 3169/3169/3169 3170/3170/3170
f 2997/2997/2997 3087/3087/3087 2983/2983/2983
f 4520/4520/4520 4522/4522/4522 4523/4523/4523
f 4406/4406/4406 4405/4405/4405 4408/4408/4408
f 4520/4520/4520 4521/4521/4521 4522/4522/4522
f 4521/4521/4521 4520/4520/4520 4524/4524/4524
f 888/888/888 885/885/885 889/889/889
f 885/885/885 888/888/888 886/886/886
f 2358/2358/2358 2361/2361/2361 2359/2359/2359
f 885/885/885 886/886/886 887/887/887
f 408/408/408 398/398/398 403/403/403
f 2359/2359/2359 2367/2367/2367 2360/2360/2360
f 2358/2358/2358 2359/2359/2359 2360/2360/2360
f 2367/2367/2367 2359/2359/2359 2371/2371/2371
f 408/408/408 410/410/410 409/409/409
f 401/401/401 408/408/408 409/409/409
f 398/398/398 408/408/408 401/401/401
f 971/971/971 967/967/967 972/972/972
f 411/411/411 401/401/401 409/409/409
f 970/970/970 968/968/968 967/967/967
f 970/970/970 967/967/967 971/971/971
f 3913/3913/3913 3916/3916/3916 3929/3929/3929
f 969/969/969 970/970/970 973/973/973
f 4070/4070/4070 4056/4056/4056 3929/3929/3929
f 969/969/969 968/968/968 970/970/970
f 4093/4093/4093 4094/4094/4094 4095/4095/4095
f 4056/4056/4056 3908/3908/3908 3929/3929/3929
f 4098/4098/4098 4096/4096/4096 4093/4093/4093
f 4093/4093/4093 4096/4096/4096 4094/4094/4094
f 4098/4098/4098 4099/4099/4099 4096/4096/4096
f 732/732/732 741/741/741 731/731/731
f 731/731/731 741/741/741 742/742/742
f 731/731/731 734/734/734 729/729/729
f 728/728/728 731/731/731 729/729/729
f 732/732/732 731/731/731 728/728/728
f 727/727/727 728/728/728 729/729/729
f 67/67/67 68/68/68 69/69/69
f 4606/4606/4606 4610/4610/4610 4609/4609/4609
f 4606/4606/4606 4609/4609/4609 4587/4587/4587
f 4587/4587/4587 4609/4609/4609 4598/4598/4598
f 4588/4588/4588 4587/4587/4587 4598/4598/4598
f 4586/4586/4586 4587/4587/4587 4588/4588/4588
f 4616/4616/4616 4617/4617/4617 4618/4618/4618
f 2928/2928/2928 2929/2929/2929 2930/2930/2930
f 4588/4588/4588 4589/4589/4589 4586/4586/4586
f 4597/4597/4597 4589/4589/4589 4593/4593/4593
f 1561/1561/1561 1560/1560/1560 1559/1559/1559
f 1559/1559/1559 1560/1560/1560 1555/1555/1555
f 1559/1559/1559 1555/1555/1555 1558/1558/1558
f 1558/1558/1558 1555/1555/1555 1557/1557/1557
f 1562/1562/1562 1558/1558/1558 1557/1557/1557
f 4056/4056/4056 4070/4070/4070 3875/3875/3875
f 3881/3881/3881 3964/3964/3964 3910/3910/3910
f 3964/3964/3964 3875/3875/3875 3910/3910/3910
f 3964/3964/3964 4056/4056/4056 3875/3875/3875
f 3964/3964/3964 3881/3881/3881 3912/3912/3912
f 3912/3912/3912 3881/3881/3881 3883/3883/3883
f 3912/3912/3912 3883/3883/3883 3884/3884/3884
f 732/732/732 748/748/748 741/741/741
f 748/748/748 732/732/732 751/751/751
f 732/732/732 733/733/733 751/751/751
f 732/732/732 728/728/728 733/733/733
f 728/728/728 727/727/727 730/730/730
f 728/728/728 730/730/730 733/733/733
f 3878/3878/3878 3850/3850/3850 3875/3875/3875
f 1277/1277/1277 1279/1279/1279 1275/1275/1275
f 3910/3910/3910 3875/3875/3875 3876/3876/3876
f 3875/3875/3875 3874/3874/3874 3876/3876/3876
f 3875/3875/3875 3850/3850/3850 3874/3874/3874
f 3882/3882/3882 3877/3877/3877 3874/3874/3874
f 3874/3874/3874 3877/3877/3877 3876/3876/3876
f 3882/3882/3882 4068/4068/4068 3877/3877/3877
f 1706/1706/1706 1695/1695/1695 1667/1667/1667
f 1664/1664/1664 1704/1704/1704 1667/1667/1667
f 1667/1667/1667 1704/1704/1704 1706/1706/1706
f 1663/1663/1663 1705/1705/1705 1664/1664/1664
f 1664/1664/1664 1705/1705/1705 1704/1704/1704
f 558/558/558 560/560/560 559/559/559
f 560/560/560 558/558/558 561/561/561
f 2085/2085/2085 2086/2086/2086 2087/2087/2087
f 1538/1538/1538 1537/1537/1537 1536/1536/1536
f 1535/1535/1535 1536/1536/1536 1537/1537/1537
f 560/560/560 562/562/562 559/559/559
f 1536/1536/1536 1535/1535/1535 1539/1539/1539
f 4052/4052/4052 3850/3850/3850 3878/3878/3878
f 3850/3850/3850 4052/4052/4052 3848/3848/3848
f 3844/3844/3844 3850/3850/3850 3848/3848/3848
f 3874/3874/3874 3850/3850/3850 3844/3844/3844
f 3844/3844/3844 3846/3846/3846 3847/3847/3847
f 3882/3882/3882 3844/3844/3844 3847/3847/3847
f 3874/3874/3874 3844/3844/3844 3882/3882/3882
f 3984/3984/3984 4071/4071/4071 3987/3987/3987
f 4102/4102/4102 4104/4104/4104 4103/4103/4103
f 4104/4104/4104 4105/4105/4105 4103/4103/4103
f 4068/4068/4068 3882/3882/3882 3847/3847/3847
f 3984/3984/3984 3983/3983/3983 4071/4071/4071
f 5421/5421/5421 5420/5420/5420 5422/5422/5422
f 5477/5477/5477 5458/5458/5458 5422/5422/5422
f 5422/5422/5422 5458/5458/5458 5421/5421/5421
f 1713/1713/1713 1694/1694/1694 1707/1707/1707
f 1694/1694/1694 1681/1681/1681 1707/1707/1707
f 1694/1694/1694 1673/1673/1673 1681/1681/1681
f 1674/1674/1674 1673/1673/1673 1671/1671/1671
f 1674/1674/1674 1681/1681/1681 1673/1673/1673
f 1668/1668/1668 1667/1667/1667 1695/1695/1695
f 1674/1674/1674 1668/1668/1668 1695/1695/1695
f 1671/1671/1671 1668/1668/1668 1674/1674/1674
f 1667/1667/1667 1668/1668/1668 1665/1665/1665
f 1667/1667/1667 1665/1665/1665 1664/1664/1664
f 1664/1664/1664 1665/1665/1665 1662/1662/1662
f 1664/1664/1664 1662/1662/1662 1663/1663/1663
f 1663/1663/1663 1662/1662/1662 1660/1660/1660
f 1663/1663/1663 1660/1660/1660 1666/1666/1666
f 1666/1666/1666 1660/1660/1660 1661/1661/1661
f 3845/3845/3845 3844/3844/3844 3848/3848/3848
f 3844/3844/3844 3845/3845/3845 3846/3846/3846
f 3986/3986/3986 3984/3984/3984 3987/3987/3987
f 3986/3986/3986 3965/3965/3965 3984/3984/3984
f 3965/3965/3965 3983/3983/3983 3984/3984/3984
f 3965/3965/3965 3966/3966/3966 3983/3983/3983
f 5436/5436/5436 5447/5447/5447 5459/5459/5459
f 5514/5514/5514 5515/5515/5515 5512/5512/5512
f 5459/5459/5459 5482/5482/5482 5436/5436/5436
f 5419/5419/5419 5482/5482/5482 5462/5462/5462
f 5419/5419/5419 5462/5462/5462 5420/5420/5420
f 5418/5418/5418 5419/5419/5419 5420/5420/5420
f 5421/5421/5421 5418/5418/5418 5420/5420/5420
f 5418/5418/5418 5421/5421/5421 5458/5458/5458
f 5418/5418/5418 5458/5458/5458 5474/5474/5474
f 70/70/70 71/71/71 72/72/72
f 3927/3927/3927 3992/3992/3992 3967/3967/3967
f 3966/3966/3966 3927/3927/3927 3967/3967/3967
f 3965/3965/3965 3927/3927/3927 3966/3966/3966
f 3992/3992/3992 3981/3981/3981 3967/3967/3967
f 5435/5435/5435 5437/5437/5437 5436/5436/5436
f 5436/5436/5436 5437/5437/5437 5447/5447/5447
f 5434/5434/5434 5436/5436/5436 5482/5482/5482
f 5435/5435/5435 5436/5436/5436 5434/5434/5434
f 5482/5482/5482 5419/5419/5419 5428/5428/5428
f 5503/5503/5503 5501/5501/5501 5500/5500/5500
f 3871/3871/3871 3996/3996/3996 3992/3992/3992
f 3871/3871/3871 3992/3992/3992 3927/3927/3927
f 3981/3981/3981 3992/3992/3992 3985/3985/3985
f 3985/3985/3985 3992/3992/3992 3996/3996/3996
f 5446/5446/5446 5438/5438/5438 5435/5435/5435
f 5435/5435/5435 5438/5438/5438 5437/5437/5437
f 5432/5432/5432 5435/5435/5435 5434/5434/5434
f 5446/5446/5446 5435/5435/5435 5432/5432/5432
f 5500/5500/5500 5501/5501/5501 5502/5502/5502
f 5431/5431/5431 5434/5434/5434 5481/5481/5481
f 5432/5432/5432 5434/5434/5434 5431/5431/5431
f 5463/5463/5463 5430/5430/5430 5431/5431/5431
f 5463/5463/5463 5431/5431/5431 5481/5481/5481
f 73/73/73 74/74/74 75/75/75
f 2833/2833/2833 2831/2831/2831 2832/2832/2832
f 2861/2861/2861 2833/2833/2833 2832/2832/2832
f 3869/3869/3869 3928/3928/3928 3871/3871/3871
f 2832/2832/2832 2831/2831/2831 2829/2829/2829
f 5497/5497/5497 5496/5496/5496 5499/5499/5499
f 5496/5496/5496 5497/5497/5497 5498/5498/5498
f 5446/5446/5446 5433/5433/5433 5480/5480/5480
f 5446/5446/5446 5432/5432/5432 5433/5433/5433
f 5411/5411/5411 5432/5432/5432 5431/5431/5431
f 5433/5433/5433 5432/5432/5432 5411/5411/5411
f 5430/5430/5430 5464/5464/5464 5409/5409/5409
f 5411/5411/5411 5430/5430/5430 5409/5409/5409
f 5431/5431/5431 5430/5430/5430 5411/5411/5411
f 76/76/76 74/74/74 73/73/73
f 4656/4656/4656 4666/4666/4666 4659/4659/4659
f 4664/4664/4664 4663/4663/4663 4659/4659/4659
f 4664/4664/4664 4659/4659/4659 4666/4666/4666
f 2854/2854/2854 2851/2851/2851 2853/2853/2853
f 2851/2851/2851 2852/2852/2852 2853/2853/2853
f 2851/2851/2851 2833/2833/2833 2852/2852/2852
f 5492/5492/5492 5493/5493/5493 5494/5494/5494
f 5494/5494/5494 5493/5493/5493 5495/5495/5495
f 5411/5411/5411 5410/5410/5410 5413/5413/5413
f 5476/5476/5476 5411/5411/5411 5413/5413/5413
f 5433/5433/5433 5411/5411/5411 5476/5476/5476
f 5410/5410/5410 5411/5411/5411 5409/5409/5409
f 4655/4655/4655 4923/4923/4923 4666/4666/4666
f 4655/4655/4655 4666/4666/4666 4656/4656/4656
f 2860/2860/2860 2857/2857/2857 2854/2854/2854
f 2860/2860/2860 2859/2859/2859 2857/2857/2857
f 2851/2851/2851 2854/2854/2854 2856/2856/2856
f 2856/2856/2856 2854/2854/2854 2857/2857/2857
f 5476/5476/5476 5472/5472/5472 5471/5471/5471
f 5487/5487/5487 5489/5489/5489 5488/5488/5488
f 5486/5486/5486 5487/5487/5487 5488/5488/5488
f 5490/5490/5490 5487/5487/5487 5486/5486/5486
f 4756/4756/4756 4752/4752/4752 4749/4749/4749
f 2728/2728/2728 2727/2727/2727 2726/2726/2726
f 4749/4749/4749 4751/4751/4751 4748/4748/4748
f 4752/4752/4752 4751/4751/4751 4749/4749/4749
f 4748/4748/4748 4942/4942/4942 4750/4750/4750
f 4751/4751/4751 4942/4942/4942 4748/4748/4748
f 4978/4978/4978 4979/4979/4979 4980/4980/4980
f 4981/4981/4981 4978/4978/4978 4980/4980/4980
f 4984/4984/4984 4978/4978/4978 4981/4981/4981
f 4926/4926/4926 4929/4929/4929 4928/4928/4928
f 4644/4644/4644 4642/4642/4642 4643/4643/4643
f 4643/4643/4643 4642/4642/4642 4641/4641/4641
f 4940/4940/4940 4643/4643/4643 4641/4641/4641
f 4900/4900/4900 4643/4643/4643 4940/4940/4940
f 4900/4900/4900 4901/4901/4901 4675/4675/4675
f 4940/4940/4940 4901/4901/4901 4900/4900/4900
f 4655/4655/4655 4675/4675/4675 4923/4923/4923
f 4675/4675/4675 4902/4902/4902 4923/4923/4923
f 4675/4675/4675 4901/4901/4901 4902/4902/4902
f 2859/2859/2859 2823/2823/2823 2857/2857/2857
f 2857/2857/2857 2823/2823/2823 2850/2850/2850
f 2857/2857/2857 2850/2850/2850 2856/2856/2856
f 828/828/828 827/827/827 844/844/844
f 827/827/827 845/845/845 844/844/844
f 5487/5487/5487 5490/5490/5490 5491/5491/5491
f 844/844/844 838/838/838 828/828/828
f 848/848/848 847/847/847 849/849/849
f 847/847/847 854/854/854 849/849/849
f 854/854/854 856/856/856 849/849/849
f 854/854/854 863/863/863 856/856/856
f 4979/4979/4979 4983/4983/4983 4980/4980/4980
f 4926/4926/4926 4930/4930/4930 4929/4929/4929
f 4930/4930/4930 4954/4954/4954 4929/4929/4929
f 4930/4930/4930 4938/4938/4938 4954/4954/4954
f 4930/4930/4930 4956/4956/4956 4875/4875/4875
f 4774/4774/4774 4930/4930/4930 4875/4875/4875
f 4938/4938/4938 4930/4930/4930 4774/4774/4774
f 4875/4875/4875 4777/4777/4777 4774/4774/4774
f 4827/4827/4827 4828/4828/4828 4829/4829/4829
f 4829/4829/4829 4828/4828/4828 4831/4831/4831
f 4973/4973/4973 4976/4976/4976 4975/4975/4975
f 4977/4977/4977 4976/4976/4976 4973/4973/4973
f 4644/4644/4644 4918/4918/4918 4642/4642/4642
f 4918/4918/4918 4640/4640/4640 4642/4642/4642
f 4918/4918/4918 4639/4639/4639 4640/4640/4640
f 4642/4642/4642 4640/4640/4640 4641/4641/4641
f 676/676/676 650/650/650 659/659/659
f 659/659/659 650/650/650 652/652/652
f 843/843/843 840/840/840 838/838/838
f 659/659/659 677/677/677 676/676/676
f 846/846/846 850/850/850 847/847/847
f 846/846/846 847/847/847 848/848/848
f 854/854/854 847/847/847 855/855/855
f 847/847/847 851/851/851 855/855/855
f 847/847/847 850/850/850 851/851/851
f 851/851/851 858/858/858 855/855/855
f 4956/4956/4956 4779/4779/4779 4875/4875/4875
f 4875/4875/4875 4779/4779/4779 4777/4777/4777
f 4779/4779/4779 4778/4778/4778 4777/4777/4777
f 4779/4779/4779 4780/4780/4780 4778/4778/4778
f 4778/4778/4778 4782/4782/4782 4783/4783/4783
f 4780/4780/4780 4782/4782/4782 4778/4778/4778
f 4782/4782/4782 4789/4789/4789 4785/4785/4785
f 4784/4784/4784 4782/4782/4782 4785/4785/4785
f 4783/4783/4783 4782/4782/4782 4784/4784/4784
f 4786/4786/4786 4788/4788/4788 4784/4784/4784
f 4786/4786/4786 4784/4784/4784 4785/4785/4785
f 5045/5045/5045 5046/5046/5046 5047/5047/5047
f 4807/4807/4807 4805/4805/4805 4937/4937/4937
f 4937/4937/4937 4805/4805/4805 4806/4806/4806
f 4966/4966/4966 4969/4969/4969 4967/4967/4967
f 4826/4826/4826 4937/4937/4937 4883/4883/4883
f 4827/4827/4827 4826/4826/4826 4828/4828/4828
f 4826/4826/4826 4833/4833/4833 4828/4828/4828
f 4826/4826/4826 4883/4883/4883 4833/4833/4833
f 4828/4828/4828 4833/4833/4833 4831/4831/4831
f 654/654/654 661/661/661 655/655/655
f 654/654/654 655/655/655 652/652/652
f 652/652/652 655/655/655 659/659/659
f 655/655/655 662/662/662 659/659/659
f 662/662/662 663/663/663 659/659/659
f 659/659/659 663/663/663 715/715/715
f 2876/2876/2876 2879/2879/2879 2875/2875/2875
f 851/851/851 850/850/850 857/857/857
f 2879/2879/2879 2880/2880/2880 2881/2881/2881
f 874/874/874 870/870/870 857/857/857
f 2880/2880/2880 2879/2879/2879 2876/2876/2876
f 851/851/851 857/857/857 858/858/858
f 4789/4789/4789 4787/4787/4787 4785/4785/4785
f 4785/4785/4785 4787/4787/4787 4786/4786/4786
f 4786/4786/4786 4787/4787/4787 4873/4873/4873
f 5045/5045/5045 5049/5049/5049 5046/5046/5046
f 4873/4873/4873 4804/4804/4804 4943/4943/4943
f 4873/4873/4873 4803/4803/4803 4804/4804/4804
f 4807/4807/4807 4804/4804/4804 4805/4805/4805
f 4804/4804/4804 4802/4802/4802 4805/4805/4805
f 4804/4804/4804 4803/4803/4803 4802/4802/4802
f 4805/4805/4805 4802/4802/4802 4806/4806/4806
f 661/661/661 697/697/697 655/655/655
f 662/662/662 655/655/655 697/697/697
f 696/696/696 662/662/662 697/697/697
f 670/670/670 662/662/662 696/696/696
f 145/145/145 148/148/148 150/150/150
f 148/148/148 149/149/149 150/150/150
f 149/149/149 151/151/151 150/150/150
f 873/873/873 870/870/870 874/874/874
f 696/696/696 671/671/671 670/670/670
f 5685/5685/5685 5686/5686/5686 5687/5687/5687
f 142/142/142 155/155/155 144/144/144
f 155/155/155 146/146/146 144/144/144
f 144/144/144 146/146/146 145/145/145
f 146/146/146 147/147/147 145/145/145
f 147/147/147 148/148/148 145/145/145
f 148/148/148 147/147/147 149/149/149
f 5664/5664/5664 5562/5562/5562 5551/5551/5551
f 5551/5551/5551 5562/5562/5562 5548/5548/5548
f 5548/5548/5548 5529/5529/5529 5545/5545/5545
f 5562/5562/5562 5529/5529/5529 5548/5548/5548
f 5545/5545/5545 5534/5534/5534 5546/5546/5546
f 5529/5529/5529 5534/5534/5534 5545/5545/5545
f 5546/5546/5546 5547/5547/5547 5552/5552/5552
f 5534/5534/5534 5547/5547/5547 5546/5546/5546
f 138/138/138 174/174/174 140/140/140
f 5547/5547/5547 5553/5553/5553 5552/5552/5552
f 142/142/142 140/140/140 155/155/155
f 140/140/140 156/156/156 155/155/155
f 140/140/140 174/174/174 156/156/156
f 155/155/155 156/156/156 146/146/146
f 2271/2271/2271 2268/2268/2268 2274/2274/2274
f 184/184/184 215/215/215 185/185/185
f 2274/2274/2274 2273/2273/2273 2271/2271/2271
f 183/183/183 196/196/196 184/184/184
f 184/184/184 196/196/196 215/215/215
f 193/193/193 196/196/196 183/183/183
f 2272/2272/2272 2269/2269/2269 2271/2271/2271
f 2271/2271/2271 2269/2269/2269 2268/2268/2268
f 2273/2273/2273 2280/2280/2280 2279/2279/2279
f 2272/2272/2272 2273/2273/2273 2279/2279/2279
f 2271/2271/2271 2273/2273/2273 2272/2272/2272
f 209/209/209 215/215/215 196/196/196
f 209/209/209 196/196/196 195/195/195
f 195/195/195 196/196/196 193/193/193
f 194/194/194 195/195/195 193/193/193
f 197/197/197 195/195/195 194/194/194
f 3921/3921/3921 3926/3926/3926 3923/3923/3923
f 198/198/198 197/197/197 194/194/194
f 3923/3923/3923 3915/3915/3915 3921/3921/3921
f 3921/3921/3921 3915/3915/3915 3914/3914/3914
f 2979/2979/2979 2983/2983/2983 2981/2981/2981
f 2982/2982/2982 2978/2978/2978 2981/2981/2981
f 2981/2981/2981 2978/2978/2978 2979/2979/2979
f 3000/3000/3000 2989/2989/2989 2982/2982/2982
f 2982/2982/2982 2989/2989/2989 2978/2978/2978
f 2989/2989/2989 3000/3000/3000 3007/3007/3007
f 3000/3000/3000 3008/3008/3008 3007/3007/3007
f 3000/3000/3000 3009/3009/3009 3008/3008/3008
f 947/947/947 954/954/954 948/948/948
f 947/947/947 955/955/955 954/954/954
f 945/945/945 948/948/948 937/937/937
f 945/945/945 947/947/947 948/948/948
f 934/934/934 937/937/937 935/935/935
f 934/934/934 945/945/945 937/937/937
f 933/933/933 935/935/935 936/936/936
f 933/933/933 934/934/934 935/935/935
f 939/939/939 936/936/936 944/944/944
f 939/939/939 933/933/933 936/936/936
f 4404/4404/4404 4406/4406/4406 4407/4407/4407
f 4407/4407/4407 4406/4406/4406 4409/4409/4409
f 1248/1248/1248 1249/1249/1249 1250/1250/1250
f 1249/1249/1249 1252/1252/1252 1250/1250/1250
f 2278/2278/2278 2269/2269/2269 2272/2272/2272
f 2285/2285/2285 2278/2278/2278 2272/2272/2272
f 2272/2272/2272 2279/2279/2279 2285/2285/2285
f 1249/1249/1249 1248/1248/1248 1251/1251/1251
f 3913/3913/3913 3905/3905/3905 3906/3906/3906
f 3914/3914/3914 3913/3913/3913 3906/3906/3906
f 3915/3915/3915 3913/3913/3913 3914/3914/3914
f 3903/3903/3903 3904/3904/3904 3905/3905/3905
f 3905/3905/3905 3904/3904/3904 3906/3906/3906
f 3903/3903/3903 3902/3902/3902 3904/3904/3904
f 3167/3167/3167 3168/3168/3168 3169/3169/3169
f 2983/2983/2983 2979/2979/2979 2997/2997/2997
f 2979/2979/2979 2980/2980/2980 2997/2997/2997
f 2979/2979/2979 2977/2977/2977 2980/2980/2980
f 2978/2978/2978 3002/3002/3002 2974/2974/2974
f 2977/2977/2977 2978/2978/2978 2974/2974/2974
f 2979/2979/2979 2978/2978/2978 2977/2977/2977
f 3002/3002/3002 2978/2978/2978 2989/2989/2989
f 3002/3002/3002 2989/2989/2989 3082/3082/3082
f 3082/3082/3082 2989/2989/2989 3007/3007/3007
f 4408/4408/4408 4415/4415/4415 4414/4414/4414
f 4409/4409/4409 4408/4408/4408 4414/4414/4414
f 4406/4406/4406 4408/4408/4408 4409/4409/4409
f 4414/4414/4414 4415/4415/4415 4416/4416/4416
f 1254/1254/1254 1248/1248/1248 1250/1250/1250
f 1254/1254/1254 1253/1253/1253 1248/1248/1248
f 1248/1248/1248 1253/1253/1253 1251/1251/1251
f 1244/1244/1244 1245/1245/1245 1246/1246/1246
f 2362/2362/2362 2367/2367/2367 2371/2371/2371
f 1244/1244/1244 1247/1247/1247 1245/1245/1245
f 2366/2366/2366 2369/2369/2369 2368/2368/2368
f 2367/2367/2367 2366/2366/2366 2368/2368/2368
f 2362/2362/2362 2366/2366/2366 2367/2367/2367
f 2370/2370/2370 2369/2369/2369 2366/2366/2366
f 3929/3929/3929 3905/3905/3905 3913/3913/3913
f 3905/3905/3905 3929/3929/3929 3908/3908/3908
f 3905/3905/3905 3908/3908/3908 3903/3903/3903
f 3897/3897/3897 3902/3902/3902 3903/3903/3903
f 3908/3908/3908 3897/3897/3897 3903/3903/3903
f 4096/4096/4096 4097/4097/4097 4094/4094/4094
f 4096/4096/4096 4099/4099/4099 4097/4097/4097
f 4097/4097/4097 4099/4099/4099 4100/4100/4100
f 735/735/735 729/729/729 734/734/734
f 729/729/729 735/735/735 727/727/727
f 2980/2980/2980 3006/3006/3006 3080/3080/3080
f 2980/2980/2980 2977/2977/2977 3006/3006/3006
f 2977/2977/2977 2974/2974/2974 2973/2973/2973
f 2977/2977/2977 2973/2973/2973 3006/3006/3006
f 67/67/67 77/77/77 68/68/68
f 4605/4605/4605 4606/4606/4606 4587/4587/4587
f 4605/4605/4605 4587/4587/4587 4603/4603/4603
f 4583/4583/4583 4607/4607/4607 4603/4603/4603
f 4587/4587/4587 4583/4583/4583 4603/4603/4603
f 4586/4586/4586 4583/4583/4583 4587/4587/4587
f 2376/2376/2376 2368/2368/2368 2369/2369/2369
f 4584/4584/4584 4586/4586/4586 4604/4604/4604
f 4583/4583/4583 4586/4586/4586 4584/4584/4584
f 4584/4584/4584 4604/4604/4604 4601/4601/4601
f 3910/3910/3910 3879/3879/3879 3881/3881/3881
f 3880/3880/3880 3883/3883/3883 3881/3881/3881
f 3880/3880/3880 3881/3881/3881 3879/3879/3879
f 3911/3911/3911 3884/3884/3884 3885/3885/3885
f 3884/3884/3884 3880/3880/3880 3885/3885/3885
f 3880/3880/3880 3886/3886/3886 3885/3885/3885
f 3884/3884/3884 3883/3883/3883 3880/3880/3880
f 3886/3886/3886 3888/3888/3888 3885/3885/3885
f 2992/2992/2992 2996/2996/2996 3006/3006/3006
f 2996/2996/2996 3080/3080/3080 3006/3006/3006
f 2996/2996/2996 3081/3081/3081 3080/3080/3080
f 2992/2992/2992 3006/3006/3006 2973/2973/2973
f 3876/3876/3876 3879/3879/3879 3910/3910/3910
f 3879/3879/3879 3876/3876/3876 3877/3877/3877
f 3879/3879/3879 3877/3877/3877 3880/3880/3880
f 3880/3880/3880 3877/3877/3877 4068/4068/4068
f 3887/3887/3887 3880/3880/3880 4068/4068/4068
f 3886/3886/3886 3880/3880/3880 3887/3887/3887
f 3888/3888/3888 3886/3886/3886 3909/3909/3909
f 3909/3909/3909 3886/3886/3886 3887/3887/3887
f 550/550/550 556/556/556 549/549/549
f 550/550/550 549/549/549 548/548/548
f 549/549/549 546/546/546 548/548/548
f 549/549/549 557/557/557 546/546/546
f 541/541/541 557/557/557 558/558/558
f 541/541/541 546/546/546 557/557/557
f 542/542/542 558/558/558 559/559/559
f 542/542/542 541/541/541 558/558/558
f 559/559/559 562/562/562 555/555/555
f 559/559/559 555/555/555 542/542/542
f 4071/4071/4071 3887/3887/3887 4068/4068/4068
f 4106/4106/4106 4107/4107/4107 4108/4108/4108
f 4108/4108/4108 4107/4107/4107 4109/4109/4109
f 4107/4107/4107 4110/4110/4110 4109/4109/4109
f 3909/3909/3909 3887/3887/3887 4071/4071/4071
f 3991/3991/3991 3980/3980/3980 3978/3978/3978
f 1701/1701/1701 1708/1708/1708 1681/1681/1681
f 1681/1681/1681 1708/1708/1708 1707/1707/1707
f 1682/1682/1682 1681/1681/1681 1674/1674/1674
f 1682/1682/1682 1701/1701/1701 1681/1681/1681
f 1674/1674/1674 1695/1695/1695 1692/1692/1692
f 1683/1683/1683 1674/1674/1674 1692/1692/1692
f 1682/1682/1682 1674/1674/1674 1683/1683/1683
f 1683/1683/1683 1692/1692/1692 1688/1688/1688
f 3966/3966/3966 3968/3968/3968 3991/3991/3991
f 3966/3966/3966 3991/3991/3991 3983/3983/3983
f 3980/3980/3980 3991/3991/3991 3969/3969/3969
f 3969/3969/3969 3991/3991/3991 3968/3968/3968
f 5415/5415/5415 5419/5419/5419 5418/5418/5418
f 5415/5415/5415 5418/5418/5418 5416/5416/5416
f 1726/1726/1726 1723/1723/1723 1725/1725/1725
f 1726/1726/1726 1712/1712/1712 1723/1723/1723
f 1712/1712/1712 1707/1707/1707 1708/1708/1708
f 1712/1712/1712 1708/1708/1708 1723/1723/1723
f 3967/3967/3967 3968/3968/3968 3966/3966/3966
f 3982/3982/3982 3970/3970/3970 3981/3981/3981
f 3981/3981/3981 3970/3970/3970 3967/3967/3967
f 3970/3970/3970 3969/3969/3969 3967/3967/3967
f 3969/3969/3969 3968/3968/3968 3967/3967/3967
f 3982/3982/3982 3988/3988/3988 3970/3970/3970
f 5414/5414/5414 5428/5428/5428 5415/5415/5415
f 5415/5415/5415 5428/5428/5428 5419/5419/5419
f 5415/5415/5415 5416/5416/5416 5405/5405/5405
f 5415/5415/5415 5405/5405/5405 5414/5414/5414
f 3985/3985/3985 3990/3990/3990 3982/3982/3982
f 3985/3985/3985 3982/3982/3982 3981/3981/3981
f 3988/3988/3988 3982/3982/3982 3989/3989/3989
f 3989/3989/3989 3982/3982/3982 3990/3990/3990
f 5414/5414/5414 5481/5481/5481 5428/5428/5428
f 5504/5504/5504 5505/5505/5505 5506/5506/5506
f 1283/1283/1283 1282/1282/1282 1284/1284/1284
f 5405/5405/5405 5400/5400/5400 5414/5414/5414
f 1281/1281/1281 1282/1282/1282 1283/1283/1283
f 78/78/78 73/73/73 75/75/75
f 2833/2833/2833 2834/2834/2834 2831/2831/2831
f 2834/2834/2834 2830/2830/2830 2831/2831/2831
f 2831/2831/2831 2830/2830/2830 2829/2829/2829
f 2830/2830/2830 2827/2827/2827 2829/2829/2829
f 2827/2827/2827 2828/2828/2828 2829/2829/2829
f 2828/2828/2828 2827/2827/2827 2826/2826/2826
f 5401/5401/5401 5460/5460/5460 5400/5400/5400
f 5483/5483/5483 5484/5484/5484 5485/5485/5485
f 1193/1193/1193 1196/1196/1196 1194/1194/1194
f 1193/1193/1193 1194/1194/1194 1195/1195/1195
f 76/76/76 73/73/73 78/78/78
f 5460/5460/5460 5401/5401/5401 5402/5402/5402
f 2851/2851/2851 2845/2845/2845 2834/2834/2834
f 2851/2851/2851 2834/2834/2834 2833/2833/2833
f 2830/2830/2830 2834/2834/2834 2835/2835/2835
f 2835/2835/2835 2834/2834/2834 2845/2845/2845
f 5412/5412/5412 5413/5413/5413 5410/5410/5410
f 5408/5408/5408 5412/5412/5412 5410/5410/5410
f 5408/5408/5408 5410/5410/5410 5409/5409/5409
f 5404/5404/5404 5408/5408/5408 5409/5409/5409
f 5460/5460/5460 5404/5404/5404 5409/5409/5409
f 5404/5404/5404 5460/5460/5460 5402/5402/5402
f 2856/2856/2856 2849/2849/2849 2845/2845/2845
f 2856/2856/2856 2845/2845/2845 2851/2851/2851
f 2835/2835/2835 2845/2845/2845 2846/2846/2846
f 2846/2846/2846 2845/2845/2845 2849/2849/2849
f 2185/2185/2185 2193/2193/2193 2190/2190/2190
f 2193/2193/2193 2194/2194/2194 2190/2190/2190
f 672/672/672 673/673/673 685/685/685
f 2185/2185/2185 2190/2190/2190 2186/2186/2186
f 4756/4756/4756 4758/4758/4758 4752/4752/4752
f 4752/4752/4752 4758/4758/4758 4754/4754/4754
f 4753/4753/4753 4752/4752/4752 4754/4754/4754
f 4751/4751/4751 4752/4752/4752 4753/4753/4753
f 4751/4751/4751 4757/4757/4757 4942/4942/4942
f 4753/4753/4753 4757/4757/4757 4751/4751/4751
f 4942/4942/4942 4766/4766/4766 4928/4928/4928
f 4757/4757/4757 4766/4766/4766 4942/4942/4942
f 4926/4926/4926 4928/4928/4928 4766/4766/4766
f 4926/4926/4926 4766/4766/4766 4925/4925/4925
f 1651/1651/1651 1649/1649/1649 1652/1652/1652
f 2813/2813/2813 2821/2821/2821 2822/2822/2822
f 1648/1648/1648 1652/1652/1652 1649/1649/1649
f 2811/2811/2811 2823/2823/2823 2821/2821/2821
f 2811/2811/2811 2821/2821/2821 2813/2813/2813
f 2823/2823/2823 2811/2811/2811 2809/2809/2809
f 2805/2805/2805 2823/2823/2823 2809/2809/2809
f 2850/2850/2850 2823/2823/2823 2805/2805/2805
f 2856/2856/2856 2850/2850/2850 2849/2849/2849
f 2850/2850/2850 2847/2847/2847 2849/2849/2849
f 2850/2850/2850 2805/2805/2805 2847/2847/2847
f 2849/2849/2849 2847/2847/2847 2846/2846/2846
f 672/672/672 650/650/650 673/673/673
f 651/651/651 650/650/650 672/672/672
f 854/854/854 859/859/859 861/861/861
f 854/854/854 861/861/861 863/863/863
f 862/862/862 861/861/861 860/860/860
f 860/860/860 861/861/861 859/859/859
f 4925/4925/4925 4927/4927/4927 4926/4926/4926
f 4926/4926/4926 4927/4927/4927 4930/4930/4930
f 4879/4879/4879 4876/4876/4876 4956/4956/4956
f 5029/5029/5029 5028/5028/5028 5030/5030/5030
f 5027/5027/5027 5028/5028/5028 5029/5029/5029
f 4878/4878/4878 4876/4876/4876 4879/4879/4879
f 4818/4818/4818 4813/4813/4813 4935/4935/4935
f 4970/4970/4970 4971/4971/4971 4972/4972/4972
f 4970/4970/4970 4972/4972/4972 4974/4974/4974
f 4973/4973/4973 4975/4975/4975 4971/4971/4971
f 4970/4970/4970 4973/4973/4973 4971/4971/4971
f 4638/4638/4638 4639/4639/4639 4919/4919/4919
f 4639/4639/4639 4635/4635/4635 4640/4640/4640
f 4638/4638/4638 4635/4635/4635 4639/4639/4639
f 4640/4640/4640 4635/4635/4635 4641/4641/4641
f 1653/1653/1653 1650/1650/1650 1651/1651/1651
f 1650/1650/1650 1649/1649/1649 1651/1651/1651
f 4634/4634/4634 4635/4635/4635 4633/4633/4633
f 2812/2812/2812 2813/2813/2813 2814/2814/2814
f 2813/2813/2813 2815/2815/2815 2814/2814/2814
f 1648/1648/1648 1649/1649/1649 1650/1650/1650
f 2813/2813/2813 2812/2812/2812 2811/2811/2811
f 2811/2811/2811 2812/2812/2812 2810/2810/2810
f 2811/2811/2811 2810/2810/2810 2809/2809/2809
f 656/656/656 658/658/658 653/653/653
f 651/651/651 656/656/656 653/653/653
f 652/652/652 651/651/651 653/653/653
f 650/650/650 651/651/651 652/652/652
f 855/855/855 859/859/859 854/854/854
f 855/855/855 858/858/858 859/859/859
f 858/858/858 860/860/860 859/859/859
f 858/858/858 864/864/864 860/860/860
f 4876/4876/4876 4779/4779/4779 4956/4956/4956
f 4878/4878/4878 4781/4781/4781 4876/4876/4876
f 4781/4781/4781 4779/4779/4779 4876/4876/4876
f 4781/4781/4781 4780/4780/4780 4779/4779/4779
f 4780/4780/4780 4874/4874/4874 4782/4782/4782
f 4781/4781/4781 4874/4874/4874 4780/4780/4780
f 4791/4791/4791 4790/4790/4790 4789/4789/4789
f 4782/4782/4782 4791/4791/4791 4789/4789/4789
f 4874/4874/4874 4791/4791/4791 4782/4782/4782
f 4792/4792/4792 4815/4815/4815 4790/4790/4790
f 4792/4792/4792 4790/4790/4790 4791/4791/4791
f 4795/4795/4795 4800/4800/4800 4815/4815/4815
f 4795/4795/4795 4815/4815/4815 4792/4792/4792
f 4799/4799/4799 4801/4801/4801 4800/4800/4800
f 4799/4799/4799 4800/4800/4800 4795/4795/4795
f 4801/4801/4801 4799/4799/4799 4818/4818/4818
f 4801/4801/4801 4818/4818/4818 4935/4935/4935
f 4806/4806/4806 4801/4801/4801 4935/4935/4935
f 4966/4966/4966 4967/4967/4967 4968/4968/4968
f 4883/4883/4883 4935/4935/4935 4833/4833/4833
f 4833/4833/4833 4935/4935/4935 4924/4924/4924
f 4833/4833/4833 4924/4924/4924 4831/4831/4831
f 4633/4633/4633 4632/4632/4632 4634/4634/4634
f 2815/2815/2815 2816/2816/2816 2814/2814/2814
f 653/653/653 658/658/658 654/654/654
f 658/658/658 661/661/661 654/654/654
f 658/658/658 686/686/686 661/661/661
f 653/653/653 654/654/654 652/652/652
f 870/870/870 866/866/866 857/857/857
f 866/866/866 865/865/865 857/857/857
f 865/865/865 858/858/858 857/857/857
f 865/865/865 864/864/864 858/858/858
f 4790/4790/4790 4787/4787/4787 4789/4789/4789
f 4787/4787/4787 4790/4790/4790 4873/4873/4873
f 4873/4873/4873 4790/4790/4790 4815/4815/4815
f 4873/4873/4873 4815/4815/4815 4803/4803/4803
f 4803/4803/4803 4815/4815/4815 4800/4800/4800
f 4803/4803/4803 4800/4800/4800 4802/4802/4802
f 4802/4802/4802 4800/4800/4800 4801/4801/4801
f 4802/4802/4802 4801/4801/4801 4806/4806/4806
f 686/686/686 712/712/712 661/661/661
f 661/661/661 712/712/712 697/697/697
f 696/696/696 697/697/697 712/712/712
f 5645/5645/5645 5615/5615/5615 5613/5613/5613
f 871/871/871 868/868/868 866/866/866
f 870/870/870 871/871/871 866/866/866
f 873/873/873 871/871/871 870/870/870
f 866/866/866 868/868/868 865/865/865
f 5530/5530/5530 5664/5664/5664 5611/5611/5611
f 5664/5664/5664 5613/5613/5613 5611/5611/5611
f 5664/5664/5664 5645/5645/5645 5613/5613/5613
f 5572/5572/5572 5528/5528/5528 5530/5530/5530
f 5572/5572/5572 5530/5530/5530 5611/5611/5611
f 5523/5523/5523 5528/5528/5528 5572/5572/5572
f 146/146/146 178/178/178 147/147/147
f 178/178/178 175/175/175 147/147/147
f 175/175/175 149/149/149 147/147/147
f 883/883/883 871/871/871 873/873/873
f 5530/5530/5530 5562/5562/5562 5664/5664/5664
f 5562/5562/5562 5530/5530/5530 5529/5529/5529
f 5529/5529/5529 5530/5530/5530 5528/5528/5528
f 5523/5523/5523 5527/5527/5527 5528/5528/5528
f 5527/5527/5527 5529/5529/5529 5528/5528/5528
f 5527/5527/5527 5534/5534/5534 5529/5529/5529
f 5534/5534/5534 5570/5570/5570 5547/5547/5547
f 5527/5527/5527 5570/5570/5570 5534/5534/5534
f 5547/5547/5547 5554/5554/5554 5553/5553/5553
f 5570/5570/5570 5554/5554/5554 5547/5547/5547
f 5553/5553/5553 5556/5556/5556 5557/5557/5557
f 5554/5554/5554 5556/5556/5556 5553/5553/5553
f 146/146/146 156/156/156 178/178/178
f 156/156/156 179/179/179 178/178/178
f 5557/5557/5557 5556/5556/5556 5558/5558/5558
f 178/178/178 179/179/179 175/175/175
f 2281/2281/2281 2279/2279/2279 2280/2280/2280
f 2281/2281/2281 2280/2280/2280 2282/2282/2282
f 2280/2280/2280 2283/2283/2283 2282/2282/2282
f 209/209/209 195/195/195 206/206/206
f 205/205/205 195/195/195 197/197/197
f 205/205/205 206/206/206 195/195/195
f 212/212/212 205/205/205 207/207/207
f 205/205/205 198/198/198 207/207/207
f 205/205/205 197/197/197 198/198/198
f 208/208/208 207/207/207 198/198/198
f 3010/3010/3010 3007/3007/3007 3008/3008/3008
f 947/947/947 956/956/956 955/955/955
f 3008/3008/3008 3013/3013/3013 3010/3010/3010
f 3155/3155/3155 3159/3159/3159 3158/3158/3158
f 3159/3159/3159 3160/3160/3160 3158/3158/3158
f 947/947/947 945/945/945 946/946/946
f 941/941/941 945/945/945 934/934/934
f 941/941/941 946/946/946 945/945/945
f 940/940/940 934/934/934 933/933/933
f 940/940/940 941/941/941 934/934/934
f 2729/2729/2729 2732/2732/2732 2733/2733/2733
f 940/940/940 939/939/939 953/953/953
f 940/940/940 933/933/933 939/939/939
f 3786/3786/3786 3797/3797/3797 3798/3798/3798
f 2289/2289/2289 2278/2278/2278 2285/2285/2285
f 79/79/79 80/80/80 81/81/81
f 2286/2286/2286 2285/2285/2285 2279/2279/2279
f 2287/2287/2287 2286/2286/2286 2279/2279/2279
f 2281/2281/2281 2287/2287/2287 2279/2279/2279
f 2287/2287/2287 2281/2281/2281 2282/2282/2282
f 3775/3775/3775 3774/3774/3774 3788/3788/3788
f 3775/3775/3775 3788/3788/3788 3789/3789/3789
f 3796/3796/3796 3775/3775/3775 3789/3789/3789
f 3778/3778/3778 3775/3775/3775 3796/3796/3796
f 3907/3907/3907 3906/3906/3906 3904/3904/3904
f 3780/3780/3780 3778/3778/3778 3796/3796/3796
f 3901/3901/3901 3924/3924/3924 3902/3902/3902
f 3924/3924/3924 3904/3904/3904 3902/3902/3902
f 3924/3924/3924 3907/3907/3907 3904/3904/3904
f 3901/3901/3901 3896/3896/3896 3924/3924/3924
f 2970/2970/2970 2974/2974/2974 3002/3002/3002
f 2970/2970/2970 3002/3002/3002 2968/2968/2968
f 3002/3002/3002 2969/2969/2969 2968/2968/2968
f 3002/3002/3002 3082/3082/3082 2969/2969/2969
f 3082/3082/3082 3007/3007/3007 3010/3010/3010
f 3151/3151/3151 3152/3152/3152 3153/3153/3153
f 3154/3154/3154 3152/3152/3152 3151/3151/3151
f 3151/3151/3151 3153/3153/3153 3155/3155/3155
f 3151/3151/3151 3155/3155/3155 3156/3156/3156
f 3156/3156/3156 3155/3155/3155 3158/3158/3158
f 3757/3757/3757 3800/3800/3800 3797/3797/3797
f 3757/3757/3757 3797/3797/3797 3786/3786/3786
f 3758/3758/3758 3757/3757/3757 3786/3786/3786
f 3756/3756/3756 3757/3757/3757 3758/3758/3758
f 4414/4414/4414 4416/4416/4416 4417/4417/4417
f 82/82/82 83/83/83 80/80/80
f 3756/3756/3756 3758/3758/3758 3769/3769/3769
f 4582/4582/4582 4608/4608/4608 4607/4607/4607
f 82/82/82 84/84/84 79/79/79
f 2362/2362/2362 2363/2363/2363 2364/2364/2364
f 79/79/79 85/85/85 80/80/80
f 2885/2885/2885 2886/2886/2886 2887/2887/2887
f 80/80/80 86/86/86 82/82/82
f 2365/2365/2365 2366/2366/2366 2362/2362/2362
f 2365/2365/2365 2362/2362/2362 2364/2364/2364
f 2365/2365/2365 2370/2370/2370 2366/2366/2366
f 3897/3897/3897 3901/3901/3901 3902/3902/3902
f 3891/3891/3891 3892/3892/3892 3911/3911/3911
f 3911/3911/3911 3892/3892/3892 3897/3897/3897
f 3892/3892/3892 3896/3896/3896 3897/3897/3897
f 3896/3896/3896 3901/3901/3901 3897/3897/3897
f 3891/3891/3891 3890/3890/3890 3892/3892/3892
f 2972/2972/2972 2973/2973/2973 2970/2970/2970
f 2970/2970/2970 2973/2973/2973 2974/2974/2974
f 2970/2970/2970 2968/2968/2968 2967/2967/2967
f 2970/2970/2970 2967/2967/2967 2972/2972/2972
f 4583/4583/4583 4582/4582/4582 4607/4607/4607
f 4582/4582/4582 4583/4583/4583 4584/4584/4584
f 4582/4582/4582 4584/4584/4584 4585/4585/4585
f 4585/4585/4585 4584/4584/4584 4601/4601/4601
f 3885/3885/3885 3891/3891/3891 3911/3911/3911
f 3900/3900/3900 3889/3889/3889 3888/3888/3888
f 3888/3888/3888 3889/3889/3889 3885/3885/3885
f 3889/3889/3889 3890/3890/3890 3885/3885/3885
f 3890/3890/3890 3891/3891/3891 3885/3885/3885
f 3900/3900/3900 4049/4049/4049 3889/3889/3889
f 2993/2993/2993 2996/2996/2996 2992/2992/2992
f 2973/2973/2973 2972/2972/2972 2992/2992/2992
f 2972/2972/2972 2993/2993/2993 2992/2992/2992
f 2972/2972/2972 2994/2994/2994 2993/2993/2993
f 3183/3183/3183 3184/3184/3184 3185/3185/3185
f 3183/3183/3183 3185/3185/3185 3188/3188/3188
f 3909/3909/3909 4069/4069/4069 3900/3900/3900
f 3909/3909/3909 3900/3900/3900 3888/3888/3888
f 4115/4115/4115 4113/4113/4113 4112/4112/4112
f 4112/4112/4112 4113/4113/4113 4114/4114/4114
f 547/547/547 548/548/548 546/546/546
f 541/541/541 545/545/545 546/546/546
f 546/546/546 545/545/545 547/547/547
f 545/545/545 541/541/541 544/544/544
f 541/541/541 543/543/543 544/544/544
f 541/541/541 542/542/542 543/543/543
f 542/542/542 555/555/555 552/552/552
f 551/551/551 542/542/542 552/552/552
f 543/543/543 542/542/542 551/551/551
f 2995/2995/2995 2993/2993/2993 2994/2994/2994
f 2995/2995/2995 2994/2994/2994 3026/3026/3026
f 87/87/87 88/88/88 89/89/89
f 4107/4107/4107 4111/4111/4111 4110/4110/4110
f 3972/3972/3972 3975/3975/3975 3980/3980/3980
f 3980/3980/3980 3975/3975/3975 3978/3978/3978
f 3975/3975/3975 3977/3977/3977 3978/3978/3978
f 3977/3977/3977 4069/4069/4069 3978/3978/3978
f 3972/3972/3972 3974/3974/3974 3975/3975/3975
f 1709/1709/1709 1708/1708/1708 1701/1701/1701
f 1709/1709/1709 1701/1701/1701 1710/1710/1710
f 1701/1701/1701 1700/1700/1700 1710/1710/1710
f 1701/1701/1701 1682/1682/1682 1700/1700/1700
f 1684/1684/1684 1682/1682/1682 1683/1683/1683
f 1684/1684/1684 1700/1700/1700 1682/1682/1682
f 1683/1683/1683 1688/1688/1688 1686/1686/1686
f 1685/1685/1685 1683/1683/1683 1686/1686/1686
f 1684/1684/1684 1683/1683/1683 1685/1685/1685
f 1685/1685/1685 1686/1686/1686 1687/1687/1687
f 1685/1685/1685 1687/1687/1687 1689/1689/1689
f 1689/1689/1689 1687/1687/1687 1690/1690/1690
f 3969/3969/3969 3971/3971/3971 3972/3972/3972
f 3969/3969/3969 3972/3972/3972 3980/3980/3980
f 3974/3974/3974 3972/3972/3972 3973/3973/3973
f 3973/3973/3973 3972/3972/3972 3971/3971/3971
f 1724/1724/1724 1725/1725/1725 1723/1723/1723
f 1722/1722/1722 1724/1724/1724 1723/1723/1723
f 1722/1722/1722 1723/1723/1723 1708/1708/1708
f 1721/1721/1721 1722/1722/1722 1708/1708/1708
f 1709/1709/1709 1721/1721/1721 1708/1708/1708
f 1721/1721/1721 1709/1709/1709 1710/1710/1710
f 3970/3970/3970 3971/3971/3971 3969/3969/3969
f 3970/3970/3970 3988/3988/3988 3971/3971/3971
f 3988/3988/3988 3973/3973/3973 3971/3971/3971
f 5289/5289/5289 5282/5282/5282 5292/5292/5292
f 5424/5424/5424 5405/5405/5405 5417/5417/5417
f 5417/5417/5417 5405/5405/5405 5416/5416/5416
f 5417/5417/5417 5427/5427/5427 5426/5426/5426
f 5425/5425/5425 5417/5417/5417 5426/5426/5426
f 5424/5424/5424 5417/5417/5417 5425/5425/5425
f 5429/5429/5429 5425/5425/5425 5426/5426/5426
f 5288/5288/5288 5282/5282/5282 5289/5289/5289
f 5288/5288/5288 5287/5287/5287 5282/5282/5282
f 1479/1479/1479 1483/1483/1483 1480/1480/1480
f 1483/1483/1483 1484/1484/1484 1480/1480/1480
f 5398/5398/5398 5400/5400/5400 5405/5405/5405
f 1479/1479/1479 1480/1480/1480 1481/1481/1481
f 1479/1479/1479 1481/1481/1481 1482/1482/1482
f 90/90/90 91/91/91 92/92/92
f 2830/2830/2830 2836/2836/2836 2827/2827/2827
f 2836/2836/2836 2825/2825/2825 2827/2827/2827
f 2825/2825/2825 2826/2826/2826 2827/2827/2827
f 5290/5290/5290 5287/5287/5287 5288/5288/5288
f 5398/5398/5398 5399/5399/5399 5400/5400/5400
f 5400/5400/5400 5399/5399/5399 5401/5401/5401
f 5402/5402/5402 5401/5401/5401 5399/5399/5399
f 5402/5402/5402 5399/5399/5399 5403/5403/5403
f 2835/2835/2835 2838/2838/2838 2836/2836/2836
f 2835/2835/2835 2836/2836/2836 2830/2830/2830
f 2825/2825/2825 2836/2836/2836 2837/2837/2837
f 2837/2837/2837 2836/2836/2836 2838/2838/2838
f 5406/5406/5406 5407/5407/5407 5404/5404/5404
f 5404/5404/5404 5407/5407/5407 5408/5408/5408
f 5404/5404/5404 5402/5402/5402 5403/5403/5403
f 5404/5404/5404 5403/5403/5403 5406/5406/5406
f 2842/2842/2842 2839/2839/2839 2838/2838/2838
f 2835/2835/2835 2842/2842/2842 2838/2838/2838
f 2846/2846/2846 2842/2842/2842 2835/2835/2835
f 2838/2838/2838 2839/2839/2839 2837/2837/2837
f 678/678/678 675/675/675 674/674/674
f 672/672/672 679/679/679 674/674/674
f 679/679/679 678/678/678 674/674/674
f 2185/2185/2185 2188/2188/2188 2189/2189/2189
f 2185/2185/2185 2186/2186/2186 2187/2187/2187
f 2185/2185/2185 2187/2187/2187 2188/2188/2188
f 4755/4755/4755 4765/4765/4765 4753/4753/4753
f 4755/4755/4755 4753/4753/4753 4754/4754/4754
f 4753/4753/4753 4759/4759/4759 4757/4757/4757
f 4765/4765/4765 4759/4759/4759 4753/4753/4753
f 4757/4757/4757 4760/4760/4760 4766/4766/4766
f 4759/4759/4759 4760/4760/4760 4757/4757/4757
f 3695/3695/3695 3696/3696/3696 3697/3697/3697
f 4766/4766/4766 4764/4764/4764 4925/4925/4925
f 4760/4760/4760 4764/4764/4764 4766/4766/4766
f 3694/3694/3694 3696/3696/3696 3695/3695/3695
f 2809/2809/2809 2806/2806/2806 2805/2805/2805
f 2805/2805/2805 2806/2806/2806 2807/2807/2807
f 2808/2808/2808 2805/2805/2805 2807/2807/2807
f 2847/2847/2847 2805/2805/2805 2808/2808/2808
f 2846/2846/2846 2847/2847/2847 2842/2842/2842
f 2842/2842/2842 2847/2847/2847 2808/2808/2808
f 674/674/674 675/675/675 657/657/657
f 657/657/657 675/675/675 660/660/660
f 657/657/657 651/651/651 672/672/672
f 657/657/657 672/672/672 674/674/674
f 860/860/860 869/869/869 862/862/862
f 860/860/860 872/872/872 869/869/869
f 3696/3696/3696 3698/3698/3698 3697/3697/3697
f 3694/3694/3694 3693/3693/3693 3696/3696/3696
f 3693/3693/3693 3698/3698/3698 3696/3696/3696
f 5031/5031/5031 5028/5028/5028 5027/5027/5027
f 4880/4880/4880 4881/4881/4881 4878/4878/4878
f 4879/4879/4879 4880/4880/4880 4878/4878/4878
f 5031/5031/5031 5032/5032/5032 5028/5028/5028
f 4945/4945/4945 4881/4881/4881 4880/4880/4880
f 4796/4796/4796 4811/4811/4811 4798/4798/4798
f 4810/4810/4810 4809/4809/4809 4798/4798/4798
f 4810/4810/4810 4798/4798/4798 4811/4811/4811
f 4813/4813/4813 4818/4818/4818 4809/4809/4809
f 4810/4810/4810 4813/4813/4813 4809/4809/4809
f 4816/4816/4816 4813/4813/4813 4810/4810/4810
f 4813/4813/4813 4817/4817/4817 4919/4919/4919
f 4816/4816/4816 4817/4817/4817 4813/4813/4813
f 4919/4919/4919 4637/4637/4637 4638/4638/4638
f 4959/4959/4959 4960/4960/4960 4961/4961/4961
f 4637/4637/4637 4622/4622/4622 4636/4636/4636
f 4635/4635/4635 4637/4637/4637 4636/4636/4636
f 4638/4638/4638 4637/4637/4637 4635/4635/4635
f 4636/4636/4636 4633/4633/4633 4635/4635/4635
f 2814/2814/2814 2817/2817/2817 2812/2812/2812
f 2812/2812/2812 2817/2817/2817 2804/2804/2804
f 2796/2796/2796 2812/2812/2812 2804/2804/2804
f 2810/2810/2810 2812/2812/2812 2796/2796/2796
f 2809/2809/2809 2810/2810/2810 2806/2806/2806
f 2810/2810/2810 2820/2820/2820 2806/2806/2806
f 2810/2810/2810 2796/2796/2796 2820/2820/2820
f 2806/2806/2806 2820/2820/2820 2807/2807/2807
f 657/657/657 660/660/660 656/656/656
f 660/660/660 658/658/658 656/656/656
f 660/660/660 687/687/687 658/658/658
f 657/657/657 656/656/656 651/651/651
f 864/864/864 872/872/872 860/860/860
f 864/864/864 875/875/875 872/872/872
f 4881/4881/4881 4781/4781/4781 4878/4878/4878
f 4945/4945/4945 4952/4952/4952 4881/4881/4881
f 4952/4952/4952 4781/4781/4781 4881/4881/4881
f 4952/4952/4952 4874/4874/4874 4781/4781/4781
f 4874/4874/4874 4794/4794/4794 4791/4791/4791
f 4952/4952/4952 4794/4794/4794 4874/4874/4874
f 4791/4791/4791 4793/4793/4793 4792/4792/4792
f 4794/4794/4794 4793/4793/4793 4791/4791/4791
f 4798/4798/4798 4795/4795/4795 4796/4796/4796
f 4795/4795/4795 4793/4793/4793 4796/4796/4796
f 4795/4795/4795 4792/4792/4792 4793/4793/4793
f 4795/4795/4795 4798/4798/4798 4799/4799/4799
f 4799/4799/4799 4798/4798/4798 4809/4809/4809
f 4799/4799/4799 4809/4809/4809 4818/4818/4818
f 4622/4622/4622 4627/4627/4627 4636/4636/4636
f 4636/4636/4636 4627/4627/4627 4633/4633/4633
f 4627/4627/4627 4632/4632/4632 4633/4633/4633
f 4627/4627/4627 4629/4629/4629 4632/4632/4632
f 2814/2814/2814 2816/2816/2816 2817/2817/2817
f 2816/2816/2816 2800/2800/2800 2817/2817/2817
f 2816/2816/2816 2818/2818/2818 2800/2800/2800
f 2817/2817/2817 2800/2800/2800 2804/2804/2804
f 687/687/687 686/686/686 658/658/658
f 717/717/717 686/686/686 687/687/687
f 879/879/879 881/881/881 880/880/880
f 881/881/881 875/875/875 880/880/880
f 875/875/875 865/865/865 880/880/880
f 875/875/875 864/864/864 865/865/865
f 5620/5620/5620 5616/5616/5616 5626/5626/5626
f 5626/5626/5626 5616/5616/5616 5615/5615/5615
f 5614/5614/5614 5612/5612/5612 5613/5613/5613
f 5615/5615/5615 5614/5614/5614 5613/5613/5613
f 5616/5616/5616 5614/5614/5614 5615/5615/5615
f 5654/5654/5654 5661/5661/5661 5612/5612/5612
f 5654/5654/5654 5612/5612/5612 5614/5614/5614
f 5682/5682/5682 5683/5683/5683 5684/5684/5684
f 879/879/879 880/880/880 868/868/868
f 871/871/871 879/879/879 868/868/868
f 882/882/882 879/879/879 871/871/871
f 868/868/868 880/880/880 865/865/865
f 5612/5612/5612 5611/5611/5611 5613/5613/5613
f 5611/5611/5611 5612/5612/5612 5572/5572/5572
f 5572/5572/5572 5612/5612/5612 5661/5661/5661
f 5521/5521/5521 5522/5522/5522 5523/5523/5523
f 5521/5521/5521 5523/5523/5523 5572/5572/5572
f 5526/5526/5526 5521/5521/5521 5572/5572/5572
f 5661/5661/5661 5526/5526/5526 5572/5572/5572
f 5524/5524/5524 5531/5531/5531 5522/5522/5522
f 5524/5524/5524 5522/5522/5522 5521/5521/5521
f 5672/5672/5672 5670/5670/5670 5669/5669/5669
f 5647/5647/5647 5531/5531/5531 5524/5524/5524
f 5665/5665/5665 5559/5559/5559 5560/5560/5560
f 5673/5673/5673 5670/5670/5670 5672/5672/5672
f 5564/5564/5564 5563/5563/5563 5559/5559/5559
f 5564/5564/5564 5559/5559/5559 5665/5665/5665
f 5564/5564/5564 5565/5565/5565 5563/5563/5563
f 5565/5565/5565 5571/5571/5571 5563/5563/5563
f 882/882/882 871/871/871 883/883/883
f 5522/5522/5522 5527/5527/5527 5523/5523/5523
f 5527/5527/5527 5522/5522/5522 5570/5570/5570
f 5570/5570/5570 5522/5522/5522 5531/5531/5531
f 5671/5671/5671 5669/5669/5669 5668/5668/5668
f 5668/5668/5668 5669/5669/5669 5670/5670/5670
f 5554/5554/5554 5560/5560/5560 5556/5556/5556
f 5556/5556/5556 5560/5560/5560 5559/5559/5559
f 5556/5556/5556 5559/5559/5559 5558/5558/5558
f 5558/5558/5558 5559/5559/5559 5563/5563/5563
f 5558/5558/5558 5563/5563/5563 5571/5571/5571
f 2284/2284/2284 2282/2282/2282 2283/2283/2283
f 205/205/205 210/210/210 206/206/206
f 206/206/206 210/210/210 211/211/211
f 212/212/212 210/210/210 205/205/205
f 3110/3110/3110 3119/3119/3119 3113/3113/3113
f 3114/3114/3114 3111/3111/3111 3113/3113/3113
f 3113/3113/3113 3111/3111/3111 3110/3110/3110
f 3116/3116/3116 3115/3115/3115 3114/3114/3114
f 3114/3114/3114 3115/3115/3115 3111/3111/3111
f 3118/3118/3118 3115/3115/3115 3117/3117/3117
f 3115/3115/3115 3116/3116/3116 3117/3117/3117
f 2729/2729/2729 2730/2730/2730 2731/2731/2731
f 2729/2729/2729 2731/2731/2731 2732/2732/2732
f 3767/3767/3767 3768/3768/3768 3787/3787/3787
f 2288/2288/2288 2286/2286/2286 2287/2287/2287
f 2282/2282/2282 2284/2284/2284 2287/2287/2287
f 2284/2284/2284 2288/2288/2288 2287/2287/2287
f 2284/2284/2284 2262/2262/2262 2288/2288/2288
f 3773/3773/3773 3771/3771/3771 3772/3772/3772
f 3785/3785/3785 3773/3773/3773 3772/3772/3772
f 211/211/211 210/210/210 245/245/245
f 3771/3771/3771 3773/3773/3773 3774/3774/3774
f 3775/3775/3775 3771/3771/3771 3774/3774/3774
f 3776/3776/3776 3771/3771/3771 3775/3775/3775
f 3777/3777/3777 3775/3775/3775 3778/3778/3778
f 3777/3777/3777 3776/3776/3776 3775/3775/3775
f 3779/3779/3779 3778/3778/3778 3780/3780/3780
f 3779/3779/3779 3777/3777/3777 3778/3778/3778
f 4055/4055/4055 3907/3907/3907 3924/3924/3924
f 3781/3781/3781 3779/3779/3779 3780/3780/3780
f 3895/3895/3895 3898/3898/3898 3896/3896/3896
f 3898/3898/3898 3924/3924/3924 3896/3896/3896
f 3898/3898/3898 4055/4055/4055 3924/3924/3924
f 3895/3895/3895 3894/3894/3894 3898/3898/3898
f 2966/2966/2966 2968/2968/2968 2969/2969/2969
f 2966/2966/2966 2969/2969/2969 2971/2971/2971
f 2969/2969/2969 2975/2975/2975 2971/2971/2971
f 2969/2969/2969 2990/2990/2990 2975/2975/2975
f 3157/3157/3157 3151/3151/3151 3156/3156/3156
f 2999/2999/2999 2975/2975/2975 2990/2990/2990
f 3109/3109/3109 3119/3119/3119 3110/3110/3110
f 3108/3108/3108 3109/3109/3109 3110/3110/3110
f 2999/2999/2999 3109/3109/3109 3108/3108/3108
f 3108/3108/3108 3110/3110/3110 3111/3111/3111
f 3108/3108/3108 3111/3111/3111 3112/3112/3112
f 3112/3112/3112 3111/3111/3111 3115/3115/3115
f 3802/3802/3802 3799/3799/3799 3792/3792/3792
f 3800/3800/3800 3757/3757/3757 3767/3767/3767
f 3799/3799/3799 3791/3791/3791 3792/3792/3792
f 3755/3755/3755 3768/3768/3768 3767/3767/3767
f 3757/3757/3757 3755/3755/3755 3767/3767/3767
f 3756/3756/3756 3755/3755/3755 3757/3757/3757
f 3754/3754/3754 3756/3756/3756 3769/3769/3769
f 3754/3754/3754 3755/3755/3755 3756/3756/3756
f 82/82/82 79/79/79 93/93/93
f 3759/3759/3759 3769/3769/3769 3813/3813/3813
f 3754/3754/3754 3769/3769/3769 3759/3759/3759
f 2560/2560/2560 2562/2562/2562 2561/2561/2561
f 2559/2559/2559 2560/2560/2560 2561/2561/2561
f 2262/2262/2262 2260/2260/2260 2288/2288/2288
f 2262/2262/2262 2261/2261/2261 2256/2256/2256
f 2262/2262/2262 2256/2256/2256 2260/2260/2260
f 3892/3892/3892 3895/3895/3895 3896/3896/3896
f 3899/3899/3899 3893/3893/3893 3890/3890/3890
f 3890/3890/3890 3893/3893/3893 3892/3892/3892
f 3893/3893/3893 3894/3894/3894 3892/3892/3892
f 3894/3894/3894 3895/3895/3895 3892/3892/3892
f 3899/3899/3899 4051/4051/4051 3893/3893/3893
f 2965/2965/2965 2967/2967/2967 2966/2966/2966
f 2966/2966/2966 2967/2967/2967 2968/2968/2968
f 2966/2966/2966 2971/2971/2971 3005/3005/3005
f 2964/2964/2964 2966/2966/2966 3005/3005/3005
f 2965/2965/2965 2966/2966/2966 2964/2964/2964
f 3189/3189/3189 3190/3190/3190 3191/3191/3191
f 2563/2563/2563 2562/2562/2562 2560/2560/2560
f 2259/2259/2259 2260/2260/2260 2256/2256/2256
f 3899/3899/3899 3890/3890/3890 3889/3889/3889
f 2081/2081/2081 2080/2080/2080 2084/2084/2084
f 2080/2080/2080 2081/2081/2081 2082/2082/2082
f 2081/2081/2081 2083/2083/2083 2082/2082/2082
f 3899/3899/3899 3889/3889/3889 4049/4049/4049
f 3899/3899/3899 4049/4049/4049 4051/4051/4051
f 2961/2961/2961 3086/3086/3086 2965/2965/2965
f 3086/3086/3086 2967/2967/2967 2965/2965/2965
f 3186/3186/3186 3185/3185/3185 3184/3184/3184
f 2961/2961/2961 2965/2965/2965 2964/2964/2964
f 2961/2961/2961 2964/2964/2964 2963/2963/2963
f 2963/2963/2963 2964/2964/2964 3125/3125/3125
f 2555/2555/2555 2556/2556/2556 2553/2553/2553
f 2553/2553/2553 2554/2554/2554 2555/2555/2555
f 2554/2554/2554 2557/2557/2557 2555/2555/2555
f 5343/5343/5343 5342/5342/5342 5272/5272/5272
f 554/554/554 544/544/544 543/543/543
f 551/551/551 553/553/553 543/543/543
f 543/543/543 553/553/553 554/554/554
f 3029/3029/3029 2995/2995/2995 3028/3028/3028
f 2995/2995/2995 3027/3027/3027 3028/3028/3028
f 2995/2995/2995 3026/3026/3026 3027/3027/3027
f 3187/3187/3187 3185/3185/3185 3186/3186/3186
f 3026/3026/3026 3086/3086/3086 3027/3027/3027
f 5323/5323/5323 5272/5272/5272 5342/5342/5342
f 3976/3976/3976 3977/3977/3977 3975/3975/3975
f 3975/3975/3975 3974/3974/3974 3976/3976/3976
f 3976/3976/3976 3974/3974/3974 3979/3979/3979
f 1711/1711/1711 1710/1710/1710 1700/1700/1700
f 1684/1684/1684 1733/1733/1733 1700/1700/1700
f 1700/1700/1700 1733/1733/1733 1711/1711/1711
f 1733/1733/1733 1684/1684/1684 1735/1735/1735
f 1684/1684/1684 1742/1742/1742 1735/1735/1735
f 1684/1684/1684 1685/1685/1685 1742/1742/1742
f 1743/1743/1743 1685/1685/1685 1689/1689/1689
f 1743/1743/1743 1742/1742/1742 1685/1685/1685
f 1689/1689/1689 1690/1690/1690 1691/1691/1691
f 1697/1697/1697 1689/1689/1689 1691/1691/1691
f 1743/1743/1743 1689/1689/1689 1697/1697/1697
f 1697/1697/1697 1691/1691/1691 1698/1698/1698
f 1697/1697/1697 1698/1698/1698 1699/1699/1699
f 1699/1699/1699 1698/1698/1698 1703/1703/1703
f 3973/3973/3973 3979/3979/3979 3974/3974/3974
f 5292/5292/5292 5277/5277/5277 5276/5276/5276
f 1720/1720/1720 1722/1722/1722 1721/1721/1721
f 1715/1715/1715 1720/1720/1720 1721/1721/1721
f 1715/1715/1715 1721/1721/1721 1710/1710/1710
f 1714/1714/1714 1715/1715/1715 1710/1710/1710
f 1711/1711/1711 1714/1714/1714 1710/1710/1710
f 1714/1714/1714 1711/1711/1711 1733/1733/1733
f 1714/1714/1714 1733/1733/1733 1732/1732/1732
f 1732/1732/1732 1733/1733/1733 1735/1735/1735
f 5282/5282/5282 5277/5277/5277 5292/5292/5292
f 5282/5282/5282 5279/5279/5279 5277/5277/5277
f 1285/1285/1285 1286/1286/1286 1287/1287/1287
f 1286/1286/1286 1288/1288/1288 1287/1287/1287
f 1719/1719/1719 1722/1722/1722 1720/1720/1720
f 1717/1717/1717 1719/1719/1719 1720/1720/1720
f 1720/1720/1720 1715/1715/1715 1717/1717/1717
f 1286/1286/1286 1285/1285/1285 1289/1289/1289
f 5287/5287/5287 5279/5279/5279 5282/5282/5282
f 5287/5287/5287 5295/5295/5295 5279/5279/5279
f 1046/1046/1046 1057/1057/1057 1060/1060/1060
f 1063/1063/1063 1053/1053/1053 1060/1060/1060
f 1053/1053/1053 1046/1046/1046 1060/1060/1060
f 1053/1053/1053 1052/1052/1052 1046/1046/1046
f 6213/6213/6213 6216/6216/6216 6214/6214/6214
f 1290/1290/1290 1285/1285/1285 1287/1287/1287
f 1056/1056/1056 1052/1052/1052 1054/1054/1054
f 1053/1053/1053 1054/1054/1054 1052/1052/1052
f 90/90/90 92/92/92 94/94/94
f 6213/6213/6213 6214/6214/6214 6215/6215/6215
f 5290/5290/5290 5295/5295/5295 5287/5287/5287
f 5290/5290/5290 5326/5326/5326 5295/5295/5295
f 1058/1058/1058 1059/1059/1059 1061/1061/1061
f 1058/1058/1058 1061/1061/1061 1057/1057/1057
f 1061/1061/1061 1060/1060/1060 1057/1057/1057
f 1061/1061/1061 1069/1069/1069 1060/1060/1060
f 720/720/720 723/723/723 724/724/724
f 725/725/725 720/720/720 724/724/724
f 1069/1069/1069 1070/1070/1070 1060/1060/1060
f 6212/6212/6212 6209/6209/6209 6211/6211/6211
f 722/722/722 723/723/723 720/720/720
f 6209/6209/6209 6212/6212/6212 6210/6210/6210
f 5327/5327/5327 5326/5326/5326 5290/5290/5290
f 5327/5327/5327 5328/5328/5328 5326/5326/5326
f 699/699/699 698/698/698 695/695/695
f 699/699/699 695/695/695 700/700/700
f 695/695/695 704/704/704 700/700/700
f 695/695/695 709/709/709 704/704/704
f 704/704/704 718/718/718 719/719/719
f 704/704/704 709/709/709 718/718/718
f 718/718/718 726/726/726 721/721/721
f 720/720/720 718/718/718 721/721/721
f 719/719/719 718/718/718 720/720/720
f 720/720/720 721/721/721 722/722/722
f 2842/2842/2842 2841/2841/2841 2839/2839/2839
f 2841/2841/2841 2840/2840/2840 2839/2839/2839
f 2840/2840/2840 2837/2837/2837 2839/2839/2839
f 2840/2840/2840 2848/2848/2848 2837/2837/2837
f 698/698/698 693/693/693 695/695/695
f 689/689/689 675/675/675 678/678/678
f 695/695/695 689/689/689 678/678/678
f 709/709/709 695/695/695 678/678/678
f 693/693/693 689/689/689 695/695/695
f 2192/2192/2192 2189/2189/2189 2188/2188/2188
f 2192/2192/2192 2188/2188/2188 2191/2191/2191
f 2191/2191/2191 2188/2188/2188 2187/2187/2187
f 4769/4769/4769 4768/4768/4768 4765/4765/4765
f 4985/4985/4985 4986/4986/4986 4987/4987/4987
f 4765/4765/4765 4762/4762/4762 4759/4759/4759
f 4768/4768/4768 4762/4762/4762 4765/4765/4765
f 4759/4759/4759 4761/4761/4761 4760/4760/4760
f 4762/4762/4762 4761/4761/4761 4759/4759/4759
f 4760/4760/4760 4763/4763/4763 4764/4764/4764
f 4761/4761/4761 4763/4763/4763 4760/4760/4760
f 3616/3616/3616 3692/3692/3692 3694/3694/3694
f 3695/3695/3695 3616/3616/3616 3694/3694/3694
f 4763/4763/4763 4767/4767/4767 4764/4764/4764
f 3600/3600/3600 3632/3632/3632 3692/3692/3692
f 3600/3600/3600 3692/3692/3692 3616/3616/3616
f 3631/3631/3631 3633/3633/3633 3632/3632/3632
f 3631/3631/3631 3632/3632/3632 3600/3600/3600
f 3735/3735/3735 3736/3736/3736 3737/3737/3737
f 3726/3726/3726 3734/3734/3734 3733/3733/3733
f 3722/3722/3722 3721/3721/3721 3726/3726/3726
f 2242/2242/2242 2240/2240/2240 2241/2241/2241
f 2239/2239/2239 2249/2249/2249 2241/2241/2241
f 2239/2239/2239 2241/2241/2241 2240/2240/2240
f 2247/2247/2247 2248/2248/2248 2249/2249/2249
f 2247/2247/2247 2249/2249/2249 2239/2239/2239
f 2250/2250/2250 2248/2248/2248 2247/2247/2247
f 2807/2807/2807 2858/2858/2858 2808/2808/2808
f 2858/2858/2858 2844/2844/2844 2808/2808/2808
f 2808/2808/2808 2844/2844/2844 2842/2842/2842
f 2844/2844/2844 2843/2843/2843 2842/2842/2842
f 2843/2843/2843 2841/2841/2841 2842/2842/2842
f 2841/2841/2841 2843/2843/2843 2840/2840/2840
f 689/689/689 660/660/660 675/675/675
f 688/688/688 660/660/660 689/689/689
f 872/872/872 877/877/877 869/869/869
f 872/872/872 876/876/876 877/877/877
f 3692/3692/3692 3693/3693/3693 3694/3694/3694
f 3693/3693/3693 3692/3692/3692 3689/3689/3689
f 3689/3689/3689 3692/3692/3692 3632/3632/3632
f 3689/3689/3689 3632/3632/3632 3647/3647/3647
f 3632/3632/3632 3640/3640/3640 3647/3647/3647
f 3632/3632/3632 3633/3633/3633 3640/3640/3640
f 3641/3641/3641 3633/3633/3633 3646/3646/3646
f 3640/3640/3640 3633/3633/3633 3641/3641/3641
f 3721/3721/3721 3722/3722/3722 3723/3723/3723
f 3646/3646/3646 3645/3645/3645 3641/3641/3641
f 4796/4796/4796 4797/4797/4797 4811/4811/4811
f 4962/4962/4962 4963/4963/4963 4964/4964/4964
f 4965/4965/4965 4962/4962/4962 4964/4964/4964
f 4810/4810/4810 4811/4811/4811 4922/4922/4922
f 2241/2241/2241 2253/2253/2253 2242/2242/2242
f 2253/2253/2253 2255/2255/2255 2242/2242/2242
f 4816/4816/4816 4810/4810/4810 4922/4922/4922
f 2253/2253/2253 2241/2241/2241 2251/2251/2251
f 2251/2251/2251 2241/2241/2241 2249/2249/2249
f 2251/2251/2251 2249/2249/2249 2252/2252/2252
f 2252/2252/2252 2249/2249/2249 2248/2248/2248
f 2254/2254/2254 2252/2252/2252 2248/2248/2248
f 2250/2250/2250 2254/2254/2254 2248/2248/2248
f 4619/4619/4619 4622/4622/4622 4620/4620/4620
f 2804/2804/2804 2798/2798/2798 2796/2796/2796
f 2796/2796/2796 2798/2798/2798 2797/2797/2797
f 2795/2795/2795 2796/2796/2796 2797/2797/2797
f 2820/2820/2820 2796/2796/2796 2795/2795/2795
f 2807/2807/2807 2820/2820/2820 2858/2858/2858
f 2820/2820/2820 2824/2824/2824 2858/2858/2858
f 2820/2820/2820 2795/2795/2795 2824/2824/2824
f 2858/2858/2858 2824/2824/2824 2844/2844/2844
f 688/688/688 687/687/687 660/660/660
f 711/711/711 687/687/687 688/688/688
f 875/875/875 876/876/876 872/872/872
f 875/875/875 878/878/878 876/876/876
f 3640/3640/3640 3643/3643/3643 3647/3647/3647
f 3643/3643/3643 3640/3640/3640 3642/3642/3642
f 3642/3642/3642 3640/3640/3640 3641/3641/3641
f 3645/3645/3645 3644/3644/3644 3641/3641/3641
f 3644/3644/3644 3642/3642/3642 3641/3641/3641
f 4814/4814/4814 4793/4793/4793 4794/4794/4794
f 4796/4796/4796 4793/4793/4793 4797/4797/4797
f 4793/4793/4793 4808/4808/4808 4797/4797/4797
f 4793/4793/4793 4814/4814/4814 4808/4808/4808
f 4797/4797/4797 4808/4808/4808 4812/4812/4812
f 4619/4619/4619 4624/4624/4624 4622/4622/4622
f 4622/4622/4622 4624/4624/4624 4627/4627/4627
f 4627/4627/4627 4628/4628/4628 4629/4629/4629
f 4624/4624/4624 4628/4628/4628 4627/4627/4627
f 2818/2818/2818 2819/2819/2819 2800/2800/2800
f 4628/4628/4628 4630/4630/4630 4629/4629/4629
f 2804/2804/2804 2800/2800/2800 2798/2798/2798
f 2800/2800/2800 2799/2799/2799 2798/2798/2798
f 2800/2800/2800 2819/2819/2819 2799/2799/2799
f 2798/2798/2798 2799/2799/2799 2797/2797/2797
f 5617/5617/5617 5620/5620/5620 5632/5632/5632
f 5620/5620/5620 5648/5648/5648 5632/5632/5632
f 717/717/717 687/687/687 711/711/711
f 5619/5619/5619 5618/5618/5618 5617/5617/5617
f 5619/5619/5619 5617/5617/5617 5632/5632/5632
f 5693/5693/5693 5694/5694/5694 5695/5695/5695
f 5621/5621/5621 5618/5618/5618 5619/5619/5619
f 5692/5692/5692 5698/5698/5698 5694/5694/5694
f 5692/5692/5692 5694/5694/5694 5693/5693/5693
f 5697/5697/5697 5698/5698/5698 5692/5692/5692
f 5568/5568/5568 5656/5656/5656 5659/5659/5659
f 884/884/884 881/881/881 879/879/879
f 875/875/875 881/881/881 878/878/878
f 5658/5658/5658 5659/5659/5659 5656/5656/5656
f 5617/5617/5617 5616/5616/5616 5620/5620/5620
f 5616/5616/5616 5617/5617/5617 5614/5614/5614
f 5614/5614/5614 5617/5617/5617 5618/5618/5618
f 5614/5614/5614 5618/5618/5618 5654/5654/5654
f 5696/5696/5696 5695/5695/5695 5694/5694/5694
f 5654/5654/5654 5535/5535/5535 5526/5526/5526
f 5535/5535/5535 5525/5525/5525 5526/5526/5526
f 5535/5535/5535 5533/5533/5533 5525/5525/5525
f 5533/5533/5533 5561/5561/5561 5536/5536/5536
f 5532/5532/5532 5533/5533/5533 5536/5536/5536
f 5525/5525/5525 5533/5533/5533 5532/5532/5532
f 5537/5537/5537 5544/5544/5544 5532/5532/5532
f 5537/5537/5537 5532/5532/5532 5536/5536/5536
f 5540/5540/5540 5544/5544/5544 5537/5537/5537
f 5567/5567/5567 5569/5569/5569 5566/5566/5566
f 5569/5569/5569 5568/5568/5568 5566/5566/5566
f 5568/5568/5568 5565/5565/5565 5566/5566/5566
f 884/884/884 879/879/879 882/882/882
f 5525/5525/5525 5521/5521/5521 5526/5526/5526
f 5521/5521/5521 5525/5525/5525 5524/5524/5524
f 5524/5524/5524 5525/5525/5525 5532/5532/5532
f 5524/5524/5524 5532/5532/5532 5647/5647/5647
f 5647/5647/5647 5532/5532/5532 5544/5544/5544
f 5676/5676/5676 5674/5674/5674 5675/5675/5675
f 5674/5674/5674 5672/5672/5672 5675/5675/5675
f 5674/5674/5674 5673/5673/5673 5672/5672/5672
f 5566/5566/5566 5564/5564/5564 5567/5567/5567
f 5681/5681/5681 5674/5674/5674 5678/5678/5678
f 5564/5564/5564 5665/5665/5665 5666/5666/5666
f 5564/5564/5564 5566/5566/5566 5565/5565/5565
f 3790/3790/3790 3791/3791/3791 3787/3787/3787
f 3768/3768/3768 3790/3790/3790 3787/3787/3787
f 3770/3770/3770 3766/3766/3766 3771/3771/3771
f 3771/3771/3771 3766/3766/3766 3772/3772/3772
f 3782/3782/3782 3771/3771/3771 3776/3776/3776
f 3782/3782/3782 3770/3770/3770 3771/3771/3771
f 2897/2897/2897 2902/2902/2902 2894/2894/2894
f 2902/2902/2902 2891/2891/2891 2894/2894/2894
f 3782/3782/3782 3776/3776/3776 3777/3777/3777
f 2894/2894/2894 2891/2891/2891 2892/2892/2892
f 2891/2891/2891 2889/2889/2889 2892/2892/2892
f 2891/2891/2891 2893/2893/2893 2889/2889/2889
f 2888/2888/2888 2889/2889/2889 2890/2890/2890
f 2889/2889/2889 2895/2895/2895 2890/2890/2890
f 2889/2889/2889 2893/2893/2893 2895/2895/2895
f 2900/2900/2900 2898/2898/2898 2895/2895/2895
f 2895/2895/2895 2898/2898/2898 2890/2890/2890
f 5362/5362/5362 5361/5361/5361 5363/5363/5363
f 2976/2976/2976 2971/2971/2971 2975/2975/2975
f 2999/2999/2999 2991/2991/2991 2975/2975/2975
f 2975/2975/2975 2991/2991/2991 2976/2976/2976
f 2991/2991/2991 2999/2999/2999 3031/3031/3031
f 2999/2999/2999 3107/3107/3107 3031/3031/3031
f 2999/2999/2999 3108/3108/3108 3107/3107/3107
f 3805/3805/3805 3808/3808/3808 3802/3802/3802
f 3120/3120/3120 3107/3107/3107 3108/3108/3108
f 3804/3804/3804 3802/3802/3802 3792/3792/3792
f 3804/3804/3804 3805/3805/3805 3802/3802/3802
f 3792/3792/3792 3791/3791/3791 3790/3790/3790
f 3817/3817/3817 3792/3792/3792 3790/3790/3790
f 3804/3804/3804 3792/3792/3792 3817/3817/3817
f 3817/3817/3817 3790/3790/3790 3768/3768/3768
f 3755/3755/3755 3817/3817/3817 3768/3768/3768
f 3761/3761/3761 3817/3817/3817 3755/3755/3755
f 3753/3753/3753 3755/3755/3755 3754/3754/3754
f 3753/3753/3753 3761/3761/3761 3755/3755/3755
f 3751/3751/3751 3754/3754/3754 3759/3759/3759
f 3751/3751/3751 3753/3753/3753 3754/3754/3754
f 2564/2564/2564 2565/2565/2565 2562/2562/2562
f 2565/2565/2565 2561/2561/2561 2562/2562/2562
f 3762/3762/3762 3751/3751/3751 3759/3759/3759
f 2257/2257/2257 2263/2263/2263 2258/2258/2258
f 2256/2256/2256 2257/2257/2257 2258/2258/2258
f 2261/2261/2261 2257/2257/2257 2256/2256/2256
f 2896/2896/2896 2897/2897/2897 2894/2894/2894
f 2896/2896/2896 2894/2894/2894 2892/2892/2892
f 95/95/95 96/96/96 97/97/97
f 2899/2899/2899 2890/2890/2890 2898/2898/2898
f 2899/2899/2899 2898/2898/2898 2901/2901/2901
f 5359/5359/5359 5360/5360/5360 5355/5355/5355
f 5355/5355/5355 5360/5360/5360 5358/5358/5358
f 5360/5360/5360 5361/5361/5361 5358/5358/5358
f 5361/5361/5361 5362/5362/5362 5358/5358/5358
f 5357/5357/5357 5355/5355/5355 5358/5358/5358
f 2976/2976/2976 3005/3005/3005 2971/2971/2971
f 2976/2976/2976 2991/2991/2991 3004/3004/3004
f 3125/3125/3125 2976/2976/2976 3004/3004/3004
f 3143/3143/3143 3145/3145/3145 3144/3144/3144
f 2976/2976/2976 3125/3125/3125 3005/3005/3005
f 3004/3004/3004 2991/2991/2991 3031/3031/3031
f 2563/2563/2563 2564/2564/2564 2562/2562/2562
f 2258/2258/2258 2259/2259/2259 2256/2256/2256
f 5284/5284/5284 5286/5286/5286 5283/5283/5283
f 5355/5355/5355 5354/5354/5354 5359/5359/5359
f 5354/5354/5354 5355/5355/5355 5356/5356/5356
f 5355/5355/5355 5357/5357/5357 5356/5356/5356
f 5284/5284/5284 5283/5283/5283 5270/5270/5270
f 5284/5284/5284 5270/5270/5270 5285/5285/5285
f 2960/2960/2960 3086/3086/3086 2961/2961/2961
f 2960/2960/2960 2961/2961/2961 2948/2948/2948
f 2961/2961/2961 2962/2962/2962 2948/2948/2948
f 2961/2961/2961 2963/2963/2963 2962/2962/2962
f 2963/2963/2963 3125/3125/3125 3003/3003/3003
f 2963/2963/2963 3003/3003/3003 2962/2962/2962
f 2555/2555/2555 2558/2558/2558 2556/2556/2556
f 2555/2555/2555 2557/2557/2557 2558/2558/2558
f 5272/5272/5272 5270/5270/5270 5283/5283/5283
f 5272/5272/5272 5271/5271/5271 5270/5270/5270
f 3135/3135/3135 3134/3134/3134 3136/3136/3136
f 3140/3140/3140 3135/3135/3135 3136/3136/3136
f 3140/3140/3140 3136/3136/3136 3141/3141/3141
f 2947/2947/2947 2958/2958/2958 3086/3086/3086
f 2960/2960/2960 2947/2947/2947 3086/3086/3086
f 2947/2947/2947 2960/2960/2960 2948/2948/2948
f 5273/5273/5273 5271/5271/5271 5272/5272/5272
f 5273/5273/5273 5272/5272/5272 5323/5323/5323
f 5323/5323/5323 5276/5276/5276 5273/5273/5273
f 5273/5273/5273 5276/5276/5276 5275/5275/5275
f 98/98/98 99/99/99 100/100/100
f 1743/1743/1743 1741/1741/1741 1742/1742/1742
f 1742/1742/1742 1741/1741/1741 1740/1740/1740
f 1697/1697/1697 1744/1744/1744 1743/1743/1743
f 1743/1743/1743 1744/1744/1744 1741/1741/1741
f 1699/1699/1699 1753/1753/1753 1697/1697/1697
f 1697/1697/1697 1753/1753/1753 1744/1744/1744
f 3133/3133/3133 3138/3138/3138 3137/3137/3137
f 3133/3133/3133 3137/3137/3137 3134/3134/3134
f 3132/3132/3132 3133/3133/3133 3134/3134/3134
f 3135/3135/3135 3132/3132/3132 3134/3134/3134
f 3132/3132/3132 3135/3135/3135 3140/3140/3140
f 5277/5277/5277 5275/5275/5275 5276/5276/5276
f 5277/5277/5277 5278/5278/5278 5275/5275/5275
f 1716/1716/1716 1715/1715/1715 1714/1714/1714
f 1732/1732/1732 1731/1731/1731 1714/1714/1714
f 1714/1714/1714 1731/1731/1731 1716/1716/1716
f 1734/1734/1734 1731/1731/1731 1732/1732/1732
f 1734/1734/1734 1732/1732/1732 1735/1735/1735
f 1736/1736/1736 1734/1734/1734 1735/1735/1735
f 1740/1740/1740 1736/1736/1736 1735/1735/1735
f 1736/1736/1736 1740/1740/1740 1741/1741/1741
f 1736/1736/1736 1741/1741/1741 1739/1739/1739
f 1739/1739/1739 1741/1741/1741 1744/1744/1744
f 1739/1739/1739 1744/1744/1744 1748/1748/1748
f 1748/1748/1748 1744/1744/1744 1753/1753/1753
f 1748/1748/1748 1753/1753/1753 1751/1751/1751
f 3139/3139/3139 3138/3138/3138 3133/3133/3133
f 5279/5279/5279 5278/5278/5278 5277/5277/5277
f 5279/5279/5279 5280/5280/5280 5278/5278/5278
f 1718/1718/1718 1719/1719/1719 1717/1717/1717
f 1715/1715/1715 1716/1716/1716 1717/1717/1717
f 1716/1716/1716 1718/1718/1718 1717/1717/1717
f 1716/1716/1716 1755/1755/1755 1718/1718/1718
f 1731/1731/1731 1745/1745/1745 1747/1747/1747
f 1755/1755/1755 1731/1731/1731 1747/1747/1747
f 1716/1716/1716 1731/1731/1731 1755/1755/1755
f 1745/1745/1745 1731/1731/1731 1734/1734/1734
f 5295/5295/5295 5280/5280/5280 5279/5279/5279
f 5295/5295/5295 5341/5341/5341 5280/5280/5280
f 1047/1047/1047 1051/1051/1051 1050/1050/1050
f 1057/1057/1057 1046/1046/1046 1050/1050/1050
f 1046/1046/1046 1047/1047/1047 1050/1050/1050
f 1046/1046/1046 1043/1043/1043 1047/1047/1047
f 1643/1643/1643 1644/1644/1644 1645/1645/1645
f 1644/1644/1644 1646/1646/1646 1645/1645/1645
f 1043/1043/1043 1046/1046/1046 1052/1052/1052
f 1718/1718/1718 1727/1727/1727 1719/1719/1719
f 1728/1728/1728 1719/1719/1719 1727/1727/1727
f 1719/1719/1719 1728/1728/1728 1759/1759/1759
f 1729/1729/1729 1728/1728/1728 1727/1727/1727
f 6204/6204/6204 6205/6205/6205 6206/6206/6206
f 6207/6207/6207 6204/6204/6204 6206/6206/6206
f 1756/1756/1756 1727/1727/1727 1755/1755/1755
f 1718/1718/1718 1755/1755/1755 1727/1727/1727
f 1756/1756/1756 1755/1755/1755 1747/1747/1747
f 5326/5326/5326 5341/5341/5341 5295/5295/5295
f 5326/5326/5326 5329/5329/5329 5341/5341/5341
f 1064/1064/1064 1065/1065/1065 1062/1062/1062
f 1064/1064/1064 1062/1062/1062 1051/1051/1051
f 1051/1051/1051 1062/1062/1062 1050/1050/1050
f 1062/1062/1062 1059/1059/1059 1050/1050/1050
f 1059/1059/1059 1058/1058/1058 1050/1050/1050
f 1050/1050/1050 1058/1058/1058 1057/1057/1057
f 1647/1647/1647 1643/1643/1643 1645/1645/1645
f 6211/6211/6211 6209/6209/6209 6208/6208/6208
f 1728/1728/1728 1729/1729/1729 1730/1730/1730
f 6208/6208/6208 6209/6209/6209 6210/6210/6210
f 3607/3607/3607 3584/3584/3584 3585/3585/3585
f 3582/3582/3582 3586/3586/3586 3585/3585/3585
f 3582/3582/3582 3585/3585/3585 3584/3584/3584
f 3705/3705/3705 3708/3708/3708 3707/3707/3707
f 3705/3705/3705 3707/3707/3707 3706/3706/3706
f 3660/3660/3660 3595/3595/3595 3589/3589/3589
f 3660/3660/3660 3589/3589/3589 3661/3661/3661
f 3602/3602/3602 3595/3595/3595 3660/3660/3660
f 3718/3718/3718 3714/3714/3714 3717/3717/3717
f 3666/3666/3666 3682/3682/3682 3690/3690/3690
f 3716/3716/3716 3717/3717/3717 3714/3714/3714
f 3665/3665/3665 3682/3682/3682 3666/3666/3666
f 5328/5328/5328 5329/5329/5329 5326/5326/5326
f 5328/5328/5328 5330/5330/5330 5329/5329/5329
f 703/703/703 701/701/701 699/699/699
f 701/701/701 698/698/698 699/699/699
f 701/701/701 702/702/702 698/698/698
f 703/703/703 699/699/699 700/700/700
f 3629/3629/3629 3639/3639/3639 3617/3617/3617
f 3662/3662/3662 3591/3591/3591 3617/3617/3617
f 3662/3662/3662 3617/3617/3617 3639/3639/3639
f 3591/3591/3591 3662/3662/3662 3607/3607/3607
f 3585/3585/3585 3591/3591/3591 3607/3607/3607
f 3590/3590/3590 3591/3591/3591 3585/3585/3585
f 3587/3587/3587 3585/3585/3585 3586/3586/3586
f 3590/3590/3590 3585/3585/3585 3587/3587/3587
f 3588/3588/3588 3586/3586/3586 3589/3589/3589
f 3587/3587/3587 3586/3586/3586 3588/3588/3588
f 3594/3594/3594 3589/3589/3589 3595/3595/3595
f 3588/3588/3588 3589/3589/3589 3594/3594/3594
f 3595/3595/3595 3602/3602/3602 3601/3601/3601
f 3596/3596/3596 3595/3595/3595 3601/3601/3601
f 3594/3594/3594 3595/3595/3595 3596/3596/3596
f 3596/3596/3596 3601/3601/3601 3635/3635/3635
f 3690/3690/3690 3596/3596/3596 3635/3635/3635
f 3637/3637/3637 3596/3596/3596 3690/3690/3690
f 3683/3683/3683 3690/3690/3690 3682/3682/3682
f 3731/3731/3731 3732/3732/3732 3730/3730/3730
f 3682/3682/3682 3665/3665/3665 3667/3667/3667
f 3682/3682/3682 3667/3667/3667 3683/3683/3683
f 2233/2233/2233 2235/2235/2235 2238/2238/2238
f 2246/2246/2246 2238/2238/2238 2235/2235/2235
f 6003/6003/6003 6011/6011/6011 6004/6004/6004
f 6011/6011/6011 6009/6009/6009 6004/6004/6004
f 6009/6009/6009 6008/6008/6008 6004/6004/6004
f 6009/6009/6009 6010/6010/6010 6008/6008/6008
f 693/693/693 698/698/698 691/691/691
f 698/698/698 692/692/692 691/691/691
f 698/698/698 702/702/702 692/692/692
f 691/691/691 689/689/689 693/693/693
f 3658/3658/3658 3630/3630/3630 3618/3618/3618
f 3618/3618/3618 3630/3630/3630 3629/3629/3629
f 3617/3617/3617 3618/3618/3618 3629/3629/3629
f 3599/3599/3599 3618/3618/3618 3617/3617/3617
f 4769/4769/4769 4770/4770/4770 4768/4768/4768
f 3599/3599/3599 3591/3591/3591 3598/3598/3598
f 3599/3599/3599 3617/3617/3617 3591/3591/3591
f 3598/3598/3598 3591/3591/3591 3597/3597/3597
f 3597/3597/3597 3591/3591/3591 3590/3590/3590
f 3597/3597/3597 3590/3590/3590 3628/3628/3628
f 3628/3628/3628 3590/3590/3590 3587/3587/3587
f 3628/3628/3628 3587/3587/3587 3608/3608/3608
f 3608/3608/3608 3587/3587/3587 3588/3588/3588
f 3608/3608/3608 3588/3588/3588 3616/3616/3616
f 3616/3616/3616 3588/3588/3588 3594/3594/3594
f 3616/3616/3616 3594/3594/3594 3600/3600/3600
f 3600/3600/3600 3594/3594/3594 3596/3596/3596
f 3600/3600/3600 3596/3596/3596 3631/3631/3631
f 3631/3631/3631 3596/3596/3596 3637/3637/3637
f 3733/3733/3733 3731/3731/3731 3726/3726/3726
f 3726/3726/3726 3731/3731/3731 3730/3730/3730
f 3725/3725/3725 3724/3724/3724 3722/3722/3722
f 3725/3725/3725 3722/3722/3722 3726/3726/3726
f 3729/3729/3729 3725/3725/3725 3726/3726/3726
f 3730/3730/3730 3729/3729/3729 3726/3726/3726
f 3688/3688/3688 3684/3684/3684 3657/3657/3657
f 3727/3727/3727 3724/3724/3724 3725/3725/3725
f 3686/3686/3686 3685/3685/3685 3684/3684/3684
f 3686/3686/3686 3684/3684/3684 3688/3688/3688
f 2240/2240/2240 2242/2242/2242 2243/2243/2243
f 2244/2244/2244 2240/2240/2240 2243/2243/2243
f 2236/2236/2236 2240/2240/2240 2244/2244/2244
f 2238/2238/2238 2239/2239/2239 2233/2233/2233
f 2239/2239/2239 2236/2236/2236 2233/2233/2233
f 2239/2239/2239 2240/2240/2240 2236/2236/2236
f 2247/2247/2247 2239/2239/2239 2238/2238/2238
f 1257/1257/1257 1256/1256/1256 1258/1258/1258
f 125/125/125 126/126/126 127/127/127
f 1255/1255/1255 1256/1256/1256 1257/1257/1257
f 1255/1255/1255 1262/1262/1262 1256/1256/1256
f 6001/6001/6001 5981/5981/5981 6002/6002/6002
f 6002/6002/6002 5981/5981/5981 6003/6003/6003
f 6002/6002/6002 6003/6003/6003 6004/6004/6004
f 6005/6005/6005 6002/6002/6002 6004/6004/6004
f 6007/6007/6007 6005/6005/6005 6004/6004/6004
f 6007/6007/6007 6004/6004/6004 6008/6008/6008
f 691/691/691 692/692/692 690/690/690
f 690/690/690 692/692/692 694/694/694
f 690/690/690 688/688/688 689/689/689
f 690/690/690 689/689/689 691/691/691
f 3658/3658/3658 3618/3618/3618 3620/3620/3620
f 3741/3741/3741 3742/3742/3742 3743/3743/3743
f 3619/3619/3619 3618/3618/3618 3599/3599/3599
f 3620/3620/3620 3618/3618/3618 3619/3619/3619
f 3747/3747/3747 3745/3745/3745 3744/3744/3744
f 3744/3744/3744 3745/3745/3745 3746/3746/3746
f 3649/3649/3649 3645/3645/3645 3657/3657/3657
f 3724/3724/3724 3723/3723/3723 3722/3722/3722
f 3659/3659/3659 3657/3657/3657 3684/3684/3684
f 3649/3649/3649 3657/3657/3657 3659/3659/3659
f 3691/3691/3691 3659/3659/3659 3687/3687/3687
f 3659/3659/3659 3685/3685/3685 3687/3687/3687
f 3659/3659/3659 3684/3684/3684 3685/3685/3685
f 2255/2255/2255 2243/2243/2243 2242/2242/2242
f 1257/1257/1257 1259/1259/1259 1255/1255/1255
f 1262/1262/1262 1255/1255/1255 1259/1259/1259
f 1264/1264/1264 1262/1262/1262 1259/1259/1259
f 4619/4619/4619 4620/4620/4620 4621/4621/4621
f 2797/2797/2797 2801/2801/2801 2795/2795/2795
f 6019/6019/6019 6001/6001/6001 6002/6002/6002
f 6012/6012/6012 6019/6019/6019 6002/6002/6002
f 6006/6006/6006 6012/6012/6012 6002/6002/6002
f 2803/2803/2803 2795/2795/2795 2801/2801/2801
f 6006/6006/6006 6002/6002/6002 6005/6005/6005
f 2049/2049/2049 2046/2046/2046 2048/2048/2048
f 711/711/711 688/688/688 690/690/690
f 5628/5628/5628 5648/5648/5648 5651/5651/5651
f 2046/2046/2046 2047/2047/2047 2048/2048/2048
f 5648/5648/5648 5628/5628/5628 5624/5624/5624
f 5627/5627/5627 5623/5623/5623 5624/5624/5624
f 5627/5627/5627 5624/5624/5624 5628/5628/5628
f 5643/5643/5643 5623/5623/5623 5627/5627/5627
f 3648/3648/3648 3620/3620/3620 3622/3622/3622
f 3648/3648/3648 3622/3622/3622 3626/3626/3626
f 3621/3621/3621 3620/3620/3620 3619/3619/3619
f 3622/3622/3622 3620/3620/3620 3621/3621/3621
f 3634/3634/3634 3621/3621/3621 3624/3624/3624
f 3624/3624/3624 3621/3621/3621 3619/3619/3619
f 3649/3649/3649 3644/3644/3644 3645/3645/3645
f 3644/3644/3644 3649/3649/3649 3656/3656/3656
f 3656/3656/3656 3649/3649/3649 3659/3659/3659
f 3656/3656/3656 3659/3659/3659 3691/3691/3691
f 4621/4621/4621 4623/4623/4623 4619/4619/4619
f 4619/4619/4619 4623/4623/4623 4624/4624/4624
f 4624/4624/4624 4941/4941/4941 4628/4628/4628
f 4623/4623/4623 4941/4941/4941 4624/4624/4624
f 4628/4628/4628 4631/4631/4631 4630/4630/4630
f 4941/4941/4941 4631/4631/4631 4628/4628/4628
f 6022/6022/6022 5982/5982/5982 6021/6021/6021
f 5976/5976/5976 5982/5982/5982 6022/6022/6022
f 2797/2797/2797 2799/2799/2799 2801/2801/2801
f 2799/2799/2799 2802/2802/2802 2801/2801/2801
f 6021/6021/6021 5982/5982/5982 5975/5975/5975
f 2801/2801/2801 2802/2802/2802 2803/2803/2803
f 5624/5624/5624 5632/5632/5632 5648/5648/5648
f 5632/5632/5632 5624/5624/5624 5619/5619/5619
f 5619/5619/5619 5624/5624/5624 5623/5623/5623
f 5643/5643/5643 5622/5622/5622 5623/5623/5623
f 5622/5622/5622 5619/5619/5619 5623/5623/5623
f 5622/5622/5622 5621/5621/5621 5619/5619/5619
f 5693/5693/5693 5688/5688/5688 5692/5692/5692
f 5622/5622/5622 5625/5625/5625 5621/5621/5621
f 5649/5649/5649 5538/5538/5538 5561/5561/5561
f 5692/5692/5692 5691/5691/5691 5697/5697/5697
f 5688/5688/5688 5691/5691/5691 5692/5692/5692
f 5573/5573/5573 5539/5539/5539 5538/5538/5538
f 5573/5573/5573 5538/5538/5538 5649/5649/5649
f 5543/5543/5543 5542/5542/5542 5539/5539/5539
f 5543/5543/5543 5539/5539/5539 5573/5573/5573
f 359/359/359 358/358/358 357/357/357
f 3622/3622/3622 3625/3625/3625 3626/3626/3626
f 3623/3623/3623 3625/3625/3625 3622/3622/3622
f 5568/5568/5568 5655/5655/5655 5656/5656/5656
f 5655/5655/5655 5657/5657/5657 5656/5656/5656
f 3623/3623/3623 3622/3622/3622 3621/3621/3621
f 5656/5656/5656 5657/5657/5657 5658/5658/5658
f 5538/5538/5538 5536/5536/5536 5561/5561/5561
f 5536/5536/5536 5538/5538/5538 5537/5537/5537
f 5537/5537/5537 5538/5538/5538 5539/5539/5539
f 5537/5537/5537 5539/5539/5539 5540/5540/5540
f 5539/5539/5539 5541/5541/5541 5540/5540/5540
f 5539/5539/5539 5542/5542/5542 5541/5541/5541
f 5678/5678/5678 5677/5677/5677 5679/5679/5679
f 5677/5677/5677 5680/5680/5680 5679/5679/5679
f 3627/3627/3627 3625/3625/3625 3623/3623/3623
f 5569/5569/5569 5655/5655/5655 5568/5568/5568
f 5677/5677/5677 5674/5674/5674 5676/5676/5676
f 5674/5674/5674 5677/5677/5677 5678/5678/5678
f 3765/3765/3765 3766/3766/3766 3770/3770/3770
f 3782/3782/3782 3814/3814/3814 3770/3770/3770
f 3770/3770/3770 3814/3814/3814 3765/3765/3765
f 3816/3816/3816 3814/3814/3814 3818/3818/3818
f 3814/3814/3814 3782/3782/3782 3818/3818/3818
f 1273/1273/1273 1268/1268/1268 1270/1270/1270
f 1273/1273/1273 1270/1270/1270 1274/1274/1274
f 1268/1268/1268 1269/1269/1269 1270/1270/1270
f 1269/1269/1269 1271/1271/1271 1270/1270/1270
f 3548/3548/3548 3549/3549/3549 3550/3550/3550
f 3548/3548/3548 3550/3550/3550 3560/3560/3560
f 3547/3547/3547 3548/3548/3548 3560/3560/3560
f 3127/3127/3127 3031/3031/3031 3107/3107/3107
f 3120/3120/3120 3121/3121/3121 3107/3107/3107
f 3107/3107/3107 3121/3121/3121 3127/3127/3127
f 3804/3804/3804 3806/3806/3806 3805/3805/3805
f 3805/3805/3805 3806/3806/3806 3807/3807/3807
f 3817/3817/3817 3809/3809/3809 3804/3804/3804
f 3804/3804/3804 3809/3809/3809 3806/3806/3806
f 3809/3809/3809 3817/3817/3817 3812/3812/3812
f 3824/3824/3824 3821/3821/3821 3825/3825/3825
f 3824/3824/3824 3822/3822/3822 3821/3821/3821
f 3749/3749/3749 3761/3761/3761 3753/3753/3753
f 3820/3820/3820 3821/3821/3821 3822/3822/3822
f 3748/3748/3748 3749/3749/3749 3750/3750/3750
f 3749/3749/3749 3751/3751/3751 3750/3750/3750
f 3749/3749/3749 3753/3753/3753 3751/3751/3751
f 3843/3843/3843 3840/3840/3840 3842/3842/3842
f 3840/3840/3840 3841/3841/3841 3842/3842/3842
f 3751/3751/3751 3762/3762/3762 3763/3763/3763
f 3762/3762/3762 3766/3766/3766 3765/3765/3765
f 3764/3764/3764 3762/3762/3762 3765/3765/3765
f 3763/3763/3763 3762/3762/3762 3764/3764/3764
f 3764/3764/3764 3765/3765/3765 3814/3814/3814
f 3764/3764/3764 3814/3814/3814 3815/3815/3815
f 1273/1273/1273 1272/1272/1272 1268/1268/1268
f 3814/3814/3814 3816/3816/3816 3815/3815/3815
f 3548/3548/3548 3543/3543/3543 3549/3549/3549
f 1269/1269/1269 1268/1268/1268 1272/1272/1272
f 3543/3543/3543 3548/3548/3548 3547/3547/3547
f 3541/3541/3541 3543/3543/3543 3547/3547/3547
f 3539/3539/3539 3543/3543/3543 3541/3541/3541
f 3540/3540/3540 3541/3541/3541 3542/3542/3542
f 3540/3540/3540 3539/3539/3539 3541/3541/3541
f 5349/5349/5349 5291/5291/5291 5346/5346/5346
f 5346/5346/5346 5291/5291/5291 5266/5266/5266
f 3142/3142/3142 3143/3143/3143 3144/3144/3144
f 3146/3146/3146 3142/3142/3142 3144/3144/3144
f 3146/3146/3146 3144/3144/3144 3147/3147/3147
f 3025/3025/3025 3023/3023/3023 3031/3031/3031
f 3127/3127/3127 3025/3025/3025 3031/3031/3031
f 3148/3148/3148 3149/3149/3149 3150/3150/3150
f 3832/3832/3832 3831/3831/3831 3828/3828/3828
f 3828/3828/3828 3831/3831/3831 3829/3829/3829
f 3828/3828/3828 3829/3829/3829 3830/3830/3830
f 3810/3810/3810 3806/3806/3806 3809/3809/3809
f 3810/3810/3810 3809/3809/3809 3811/3811/3811
f 3811/3811/3811 3809/3809/3809 3812/3812/3812
f 3803/3803/3803 3748/3748/3748 3750/3750/3750
f 101/101/101 102/102/102 103/103/103
f 5268/5268/5268 5266/5266/5266 5291/5291/5291
f 5268/5268/5268 5291/5291/5291 5293/5293/5293
f 5293/5293/5293 5270/5270/5270 5268/5268/5268
f 5268/5268/5268 5270/5270/5270 5269/5269/5269
f 3030/3030/3030 2948/2948/2948 2962/2962/2962
f 3019/3019/3019 3030/3030/3030 2962/2962/2962
f 3019/3019/3019 2962/2962/2962 3003/3003/3003
f 3020/3020/3020 3019/3019/3019 3003/3003/3003
f 3022/3022/3022 3020/3020/3020 3003/3003/3003
f 3020/3020/3020 3022/3022/3022 3023/3023/3023
f 5271/5271/5271 5269/5269/5269 5270/5270/5270
f 5271/5271/5271 5294/5294/5294 5269/5269/5269
f 2946/2946/2946 2958/2958/2958 2947/2947/2947
f 2938/2938/2938 2946/2946/2946 2947/2947/2947
f 2938/2938/2938 2947/2947/2947 2948/2948/2948
f 2957/2957/2957 2938/2938/2938 2948/2948/2948
f 3030/3030/3030 2957/2957/2957 2948/2948/2948
f 3130/3130/3130 3131/3131/3131 3128/3128/3128
f 5274/5274/5274 5294/5294/5294 5271/5271/5271
f 5274/5274/5274 5271/5271/5271 5273/5273/5273
f 5273/5273/5273 5275/5275/5275 5274/5274/5274
f 5274/5274/5274 5275/5275/5275 5281/5281/5281
f 3084/3084/3084 3085/3085/3085 3063/3063/3063
f 2945/2945/2945 3084/3084/3084 3063/3063/3063
f 2945/2945/2945 3063/3063/3063 2958/2958/2958
f 2937/2937/2937 2945/2945/2945 2958/2958/2958
f 2946/2946/2946 2937/2937/2937 2958/2958/2958
f 2937/2937/2937 2946/2946/2946 2938/2938/2938
f 5278/5278/5278 5281/5281/5281 5275/5275/5275
f 5278/5278/5278 5347/5347/5347 5281/5281/5281
f 1737/1737/1737 1734/1734/1734 1736/1736/1736
f 1739/1739/1739 1738/1738/1738 1736/1736/1736
f 1736/1736/1736 1738/1738/1738 1737/1737/1737
f 1748/1748/1748 1749/1749/1749 1739/1739/1739
f 1739/1739/1739 1749/1749/1749 1738/1738/1738
f 1751/1751/1751 1750/1750/1750 1748/1748/1748
f 1748/1748/1748 1750/1750/1750 1749/1749/1749
f 1754/1754/1754 1752/1752/1752 1751/1751/1751
f 1752/1752/1752 1750/1750/1750 1751/1751/1751
f 2128/2128/2128 2123/2123/2123 2121/2121/2121
f 3084/3084/3084 2945/2945/2945 2950/2950/2950
f 2128/2128/2128 2130/2130/2130 2123/2123/2123
f 5280/5280/5280 5347/5347/5347 5278/5278/5278
f 5387/5387/5387 5385/5385/5385 5388/5388/5388
f 1746/1746/1746 1747/1747/1747 1745/1745/1745
f 1734/1734/1734 1737/1737/1737 1745/1745/1745
f 1737/1737/1737 1746/1746/1746 1745/1745/1745
f 2131/2131/2131 2112/2112/2112 2125/2125/2125
f 2114/2114/2114 2131/2131/2131 2124/2124/2124
f 2112/2112/2112 2131/2131/2131 2114/2114/2114
f 2116/2116/2116 2124/2124/2124 2120/2120/2120
f 2114/2114/2114 2124/2124/2124 2116/2116/2116
f 2119/2119/2119 2120/2120/2120 2121/2121/2121
f 2116/2116/2116 2120/2120/2120 2119/2119/2119
f 2122/2122/2122 2121/2121/2121 2123/2123/2123
f 2119/2119/2119 2121/2121/2121 2122/2122/2122
f 2123/2123/2123 2130/2130/2130 2129/2129/2129
f 2123/2123/2123 2129/2129/2129 2122/2122/2122
f 5386/5386/5386 5385/5385/5385 5387/5387/5387
f 5386/5386/5386 5384/5384/5384 5385/5385/5385
f 1049/1049/1049 1055/1055/1055 1047/1047/1047
f 1047/1047/1047 1055/1055/1055 1051/1051/1051
f 1048/1048/1048 1047/1047/1047 1043/1043/1043
f 1048/1048/1048 1049/1049/1049 1047/1047/1047
f 1039/1039/1039 1038/1038/1038 1040/1040/1040
f 1038/1038/1038 1043/1043/1043 1040/1040/1040
f 1038/1038/1038 1048/1048/1048 1043/1043/1043
f 1044/1044/1044 1037/1037/1037 1039/1039/1039
f 1037/1037/1037 1038/1038/1038 1039/1039/1039
f 1037/1037/1037 1041/1041/1041 1038/1038/1038
f 1757/1757/1757 1727/1727/1727 1756/1756/1756
f 1042/1042/1042 1041/1041/1041 1037/1037/1037
f 1757/1757/1757 1756/1756/1756 1747/1747/1747
f 1758/1758/1758 1757/1757/1757 1747/1747/1747
f 1746/1746/1746 1758/1758/1758 1747/1747/1747
f 2132/2132/2132 2102/2102/2102 2127/2127/2127
f 2112/2112/2112 2113/2113/2113 2100/2100/2100
f 2102/2102/2102 2112/2112/2112 2100/2100/2100
f 2125/2125/2125 2112/2112/2112 2102/2102/2102
f 2113/2113/2113 2112/2112/2112 2114/2114/2114
f 2113/2113/2113 2114/2114/2114 2115/2115/2115
f 2106/2106/2106 2107/2107/2107 2115/2115/2115
f 2114/2114/2114 2106/2106/2106 2115/2115/2115
f 2116/2116/2116 2106/2106/2106 2114/2114/2114
f 2117/2117/2117 2116/2116/2116 2119/2119/2119
f 2106/2106/2106 2116/2116/2116 2117/2117/2117
f 2126/2126/2126 2119/2119/2119 2122/2122/2122
f 2117/2117/2117 2119/2119/2119 2126/2126/2126
f 3580/3580/3580 3593/3593/3593 3592/3592/3592
f 3581/3581/3581 3580/3580/3580 3592/3592/3592
f 3579/3579/3579 3580/3580/3580 3581/3581/3581
f 104/104/104 105/105/105 106/106/106
f 5329/5329/5329 5338/5338/5338 5341/5341/5341
f 5329/5329/5329 5331/5331/5331 5338/5338/5338
f 1067/1067/1067 1068/1068/1068 1066/1066/1066
f 1065/1065/1065 1064/1064/1064 1066/1066/1066
f 1064/1064/1064 1067/1067/1067 1066/1066/1066
f 1064/1064/1064 1080/1080/1080 1067/1067/1067
f 1064/1064/1064 1051/1051/1051 1055/1055/1055
f 1064/1064/1064 1055/1055/1055 1080/1080/1080
f 1045/1045/1045 1039/1039/1039 1040/1040/1040
f 1039/1039/1039 1045/1045/1045 1044/1044/1044
f 2111/2111/2111 2127/2127/2127 2102/2102/2102
f 2102/2102/2102 2110/2110/2110 2111/2111/2111
f 2102/2102/2102 2101/2101/2101 2110/2110/2110
f 2102/2102/2102 2100/2100/2100 2096/2096/2096
f 2101/2101/2101 2102/2102/2102 2096/2096/2096
f 2098/2098/2098 2103/2103/2103 2101/2101/2101
f 2098/2098/2098 2101/2101/2101 2096/2096/2096
f 2103/2103/2103 2098/2098/2098 2107/2107/2107
f 2106/2106/2106 2103/2103/2103 2107/2107/2107
f 2105/2105/2105 2103/2103/2103 2106/2106/2106
f 2118/2118/2118 2106/2106/2106 2117/2117/2117
f 2105/2105/2105 2106/2106/2106 2118/2118/2118
f 2137/2137/2137 2118/2118/2118 2138/2138/2138
f 2118/2118/2118 2126/2126/2126 2138/2138/2138
f 2118/2118/2118 2117/2117/2117 2126/2126/2126
f 3584/3584/3584 3579/3579/3579 3582/3582/3582
f 3582/3582/3582 3579/3579/3579 3581/3581/3581
f 3700/3700/3700 3703/3703/3703 3709/3709/3709
f 3583/3583/3583 3582/3582/3582 3581/3581/3581
f 3703/3703/3703 3705/3705/3705 3706/3706/3706
f 3661/3661/3661 3663/3663/3663 3660/3660/3660
f 3703/3703/3703 3704/3704/3704 3705/3705/3705
f 3636/3636/3636 3603/3603/3603 3602/3602/3602
f 3660/3660/3660 3636/3636/3636 3602/3602/3602
f 3663/3663/3663 3636/3636/3636 3660/3660/3660
f 3714/3714/3714 3718/3718/3718 3720/3720/3720
f 3710/3710/3710 3714/3714/3714 3720/3720/3720
f 3712/3712/3712 3714/3714/3714 3710/3710/3710
f 3714/3714/3714 3715/3715/3715 3716/3716/3716
f 3712/3712/3712 3715/3715/3715 3714/3714/3714
f 3665/3665/3665 3666/3666/3666 3654/3654/3654
f 3665/3665/3665 3654/3654/3654 3664/3664/3664
f 5330/5330/5330 5331/5331/5331 5329/5329/5329
f 5330/5330/5330 5332/5332/5332 5331/5331/5331
f 706/706/706 707/707/707 705/705/705
f 705/705/705 707/707/707 708/708/708
f 705/705/705 702/702/702 701/701/701
f 705/705/705 701/701/701 706/706/706
f 2110/2110/2110 2101/2101/2101 2108/2108/2108
f 3268/3268/3268 3269/3269/3269 3267/3267/3267
f 2104/2104/2104 2101/2101/2101 2103/2103/2103
f 2108/2108/2108 2101/2101/2101 2104/2104/2104
f 2133/2133/2133 2104/2104/2104 2136/2136/2136
f 2104/2104/2104 2105/2105/2105 2136/2136/2136
f 2104/2104/2104 2103/2103/2103 2105/2105/2105
f 2136/2136/2136 2105/2105/2105 2135/2135/2135
f 2135/2135/2135 2105/2105/2105 2118/2118/2118
f 2135/2135/2135 2118/2118/2118 2137/2137/2137
f 3603/3603/3603 3601/3601/3601 3602/3602/3602
f 3601/3601/3601 3603/3603/3603 3635/3635/3635
f 3669/3669/3669 3667/3667/3667 3668/3668/3668
f 3667/3667/3667 3664/3664/3664 3668/3668/3668
f 3667/3667/3667 3665/3665/3665 3664/3664/3664
f 3671/3671/3671 3669/3669/3669 3668/3668/3668
f 2233/2233/2233 2234/2234/2234 2235/2235/2235
f 2234/2234/2234 2246/2246/2246 2235/2235/2235
f 6123/6123/6123 6120/6120/6120 6124/6124/6124
f 6123/6123/6123 6124/6124/6124 6126/6126/6126
f 6125/6125/6125 6124/6124/6124 6119/6119/6119
f 6119/6119/6119 6124/6124/6124 6120/6120/6120
f 708/708/708 710/710/710 705/705/705
f 702/702/702 705/705/705 710/710/710
f 713/713/713 702/702/702 710/710/710
f 692/692/692 702/702/702 713/713/713
f 3270/3270/3270 3267/3267/3267 3269/3269/3269
f 372/372/372 346/346/346 373/373/373
f 3271/3271/3271 3269/3269/3269 3272/3272/3272
f 2108/2108/2108 2104/2104/2104 2109/2109/2109
f 3271/3271/3271 3270/3270/3270 3269/3269/3269
f 2109/2109/2109 2104/2104/2104 2133/2133/2133
f 3669/3669/3669 3670/3670/3670 3667/3667/3667
f 3727/3727/3727 3725/3725/3725 3728/3728/3728
f 6054/6054/6054 6052/6052/6052 6055/6055/6055
f 3738/3738/3738 3739/3739/3739 3740/3740/3740
f 6051/6051/6051 6052/6052/6052 6054/6054/6054
f 6050/6050/6050 6053/6053/6053 6052/6052/6052
f 6050/6050/6050 6052/6052/6052 6051/6051/6051
f 2237/2237/2237 2236/2236/2236 2244/2244/2244
f 2237/2237/2237 2244/2244/2244 2245/2245/2245
f 2234/2234/2234 2233/2233/2233 2236/2236/2236
f 2237/2237/2237 2234/2234/2234 2236/2236/2236
f 1873/1873/1873 1875/1875/1875 1876/1876/1876
f 1873/1873/1873 1877/1877/1877 1874/1874/1874
f 1873/1873/1873 1874/1874/1874 1875/1875/1875
f 5974/5974/5974 5977/5977/5977 5981/5981/5981
f 5974/5974/5974 5981/5981/5981 6001/6001/6001
f 6126/6126/6126 6127/6127/6127 6123/6123/6123
f 5980/5980/5980 5981/5981/5981 5977/5977/5977
f 5633/5633/5633 5644/5644/5644 5635/5635/5635
f 5644/5644/5644 5637/5637/5637 5635/5635/5635
f 694/694/694 692/692/692 713/713/713
f 5634/5634/5634 5633/5633/5633 5635/5635/5635
f 5711/5711/5711 5713/5713/5713 5714/5714/5714
f 5587/5587/5587 5582/5582/5582 5667/5667/5667
f 5587/5587/5587 5667/5667/5667 5601/5601/5601
f 5581/5581/5581 5582/5582/5582 5587/5587/5587
f 348/348/348 346/346/346 372/372/372
f 348/348/348 344/344/344 346/346/346
f 6054/6054/6054 6049/6049/6049 6051/6051/6051
f 6051/6051/6051 6049/6049/6049 6050/6050/6050
f 6050/6050/6050 6049/6049/6049 6015/6015/6015
f 1267/1267/1267 1266/1266/1266 1265/1265/1265
f 1265/1265/1265 1266/1266/1266 1263/1263/1263
f 1265/1265/1265 1263/1263/1263 1261/1261/1261
f 1261/1261/1261 1263/1263/1263 1260/1260/1260
f 1261/1261/1261 1260/1260/1260 1257/1257/1257
f 1260/1260/1260 1259/1259/1259 1257/1257/1257
f 5877/5877/5877 5887/5887/5887 5888/5888/5888
f 5889/5889/5889 5894/5894/5894 5890/5890/5890
f 5888/5888/5888 5889/5889/5889 5890/5890/5890
f 5887/5887/5887 5889/5889/5889 5888/5888/5888
f 5961/5961/5961 5894/5894/5894 5889/5889/5889
f 5970/5970/5970 5971/5971/5971 5986/5986/5986
f 5971/5971/5971 5974/5974/5974 5986/5986/5986
f 5974/5974/5974 6019/6019/6019 5986/5986/5986
f 5974/5974/5974 6001/6001/6001 6019/6019/6019
f 5633/5633/5633 5631/5631/5631 5644/5644/5644
f 5634/5634/5634 5629/5629/5629 5633/5633/5633
f 5629/5629/5629 5631/5631/5631 5633/5633/5633
f 5629/5629/5629 5628/5628/5628 5631/5631/5631
f 5667/5667/5667 5627/5627/5627 5630/5630/5630
f 5627/5627/5627 5629/5629/5629 5630/5630/5630
f 5627/5627/5627 5628/5628/5628 5629/5629/5629
f 5627/5627/5627 5667/5667/5667 5643/5643/5643
f 5699/5699/5699 5700/5700/5700 5701/5701/5701
f 5667/5667/5667 5582/5582/5582 5652/5652/5652
f 5582/5582/5582 5581/5581/5581 5579/5579/5579
f 5591/5591/5591 5582/5582/5582 5579/5579/5579
f 5652/5652/5652 5582/5582/5582 5591/5591/5591
f 5577/5577/5577 5575/5575/5575 5591/5591/5591
f 5577/5577/5577 5591/5591/5591 5579/5579/5579
f 5576/5576/5576 5574/5574/5574 5575/5575/5575
f 5576/5576/5576 5575/5575/5575 5577/5577/5577
f 347/347/347 356/356/356 352/352/352
f 347/347/347 352/352/352 351/351/351
f 347/347/347 344/344/344 356/356/356
f 344/344/344 357/357/357 356/356/356
f 344/344/344 348/348/348 357/357/357
f 4625/4625/4625 4623/4623/4623 4621/4621/4621
f 5961/5961/5961 5962/5962/5962 5894/5894/5894
f 4626/4626/4626 4623/4623/4623 4625/4625/4625
f 4626/4626/4626 4941/4941/4941 4623/4623/4623
f 4941/4941/4941 4958/4958/4958 4631/4631/4631
f 4626/4626/4626 4958/4958/4958 4941/4941/4941
f 5976/5976/5976 5968/5968/5968 5982/5982/5982
f 5965/5965/5965 5968/5968/5968 5976/5976/5976
f 5986/5986/5986 5975/5975/5975 5970/5970/5970
f 5975/5975/5975 5968/5968/5968 5970/5970/5970
f 5975/5975/5975 5982/5982/5982 5968/5968/5968
f 5975/5975/5975 5986/5986/5986 6019/6019/6019
f 5652/5652/5652 5622/5622/5622 5643/5643/5643
f 5622/5622/5622 5652/5652/5652 5625/5625/5625
f 5688/5688/5688 5689/5689/5689 5690/5690/5690
f 5688/5688/5688 5690/5690/5690 5691/5691/5691
f 5649/5649/5649 5591/5591/5591 5575/5575/5575
f 5649/5649/5649 5575/5575/5575 5573/5573/5573
f 5573/5573/5573 5575/5575/5575 5574/5574/5574
f 5573/5573/5573 5574/5574/5574 5543/5543/5543
f 5543/5543/5543 5574/5574/5574 5588/5588/5588
f 358/358/358 356/356/356 357/357/357
f 982/982/982 979/979/979 981/981/981
f 991/991/991 992/992/992 981/981/981
f 981/981/981 992/992/992 982/982/982
f 989/989/989 988/988/988 991/991/991
f 991/991/991 988/988/988 992/992/992
f 989/989/989 986/986/986 988/988/988
f 986/986/986 987/987/987 988/988/988
f 3551/3551/3551 3553/3553/3553 3552/3552/3552
f 3551/3551/3551 3552/3552/3552 3550/3550/3550
f 3549/3549/3549 3551/3551/3551 3550/3550/3550
f 3827/3827/3827 3826/3826/3826 3821/3821/3821
f 3821/3821/3821 3826/3826/3826 3825/3825/3825
f 3823/3823/3823 3821/3821/3821 3820/3820/3820
f 3823/3823/3823 3827/3827/3827 3821/3821/3821
f 3801/3801/3801 3752/3752/3752 3748/3748/3748
f 3752/3752/3752 3749/3749/3749 3748/3748/3748
f 3752/3752/3752 3760/3760/3760 3749/3749/3749
f 985/985/985 980/980/980 979/979/979
f 979/979/979 980/980/980 981/981/981
f 980/980/980 983/983/983 981/981/981
f 983/983/983 984/984/984 981/981/981
f 981/981/981 984/984/984 993/993/993
f 981/981/981 993/993/993 991/991/991
f 991/991/991 993/993/993 990/990/990
f 991/991/991 990/990/990 989/989/989
f 3551/3551/3551 3561/3561/3561 3553/3553/3553
f 986/986/986 989/989/989 990/990/990
f 3561/3561/3561 3551/3551/3551 3549/3549/3549
f 3543/3543/3543 3561/3561/3561 3549/3549/3549
f 3537/3537/3537 3561/3561/3561 3543/3543/3543
f 3536/3536/3536 3543/3543/3543 3539/3539/3539
f 3536/3536/3536 3537/3537/3537 3543/3543/3543
f 3538/3538/3538 3539/3539/3539 3540/3540/3540
f 3538/3538/3538 3536/3536/3536 3539/3539/3539
f 5346/5346/5346 5266/5266/5266 5267/5267/5267
f 5267/5267/5267 5266/5266/5266 5265/5265/5265
f 3024/3024/3024 3023/3023/3023 3025/3025/3025
f 3828/3828/3828 3838/3838/3838 3832/3832/3832
f 3832/3832/3832 3838/3838/3838 3839/3839/3839
f 3830/3830/3830 3833/3833/3833 3828/3828/3828
f 3828/3828/3828 3833/3833/3833 3838/3838/3838
f 3835/3835/3835 3834/3834/3834 3830/3830/3830
f 3830/3830/3830 3834/3834/3834 3833/3833/3833
f 3836/3836/3836 3834/3834/3834 3835/3835/3835
f 3837/3837/3837 3836/3836/3836 3835/3835/3835
f 3356/3356/3356 3322/3322/3322 3357/3357/3357
f 3803/3803/3803 3801/3801/3801 3748/3748/3748
f 3801/3801/3801 3803/3803/3803 3819/3819/3819
f 5264/5264/5264 5265/5265/5265 5266/5266/5266
f 5264/5264/5264 5266/5266/5266 5268/5268/5268
f 5268/5268/5268 5269/5269/5269 5264/5264/5264
f 5264/5264/5264 5269/5269/5269 5340/5340/5340
f 3062/3062/3062 3019/3019/3019 3020/3020/3020
f 3023/3023/3023 3024/3024/3024 3020/3020/3020
f 3024/3024/3024 3062/3062/3062 3020/3020/3020
f 3024/3024/3024 3088/3088/3088 3062/3062/3062
f 3089/3089/3089 3024/3024/3024 3090/3090/3090
f 3088/3088/3088 3024/3024/3024 3089/3089/3089
f 3091/3091/3091 3094/3094/3094 3093/3093/3093
f 3089/3089/3089 3091/3091/3091 3093/3093/3093
f 3090/3090/3090 3091/3091/3091 3089/3089/3089
f 3094/3094/3094 3091/3091/3091 3095/3095/3095
f 3094/3094/3094 3095/3095/3095 3096/3096/3096
f 3096/3096/3096 3095/3095/3095 3097/3097/3097
f 5294/5294/5294 5340/5340/5340 5269/5269/5269
f 5350/5350/5350 5351/5351/5351 5352/5352/5352
f 2934/2934/2934 2938/2938/2938 2957/2957/2957
f 3128/3128/3128 3129/3129/3129 3130/3130/3130
f 3062/3062/3062 2934/2934/2934 2957/2957/2957
f 3062/3062/3062 3106/3106/3106 2934/2934/2934
f 3092/3092/3092 3062/3062/3062 3088/3088/3088
f 3106/3106/3106 3062/3062/3062 3092/3092/3092
f 3089/3089/3089 3098/3098/3098 3099/3099/3099
f 3092/3092/3092 3089/3089/3089 3099/3099/3099
f 3088/3088/3088 3089/3089/3089 3092/3092/3092
f 3098/3098/3098 3089/3089/3089 3093/3093/3093
f 5353/5353/5353 5351/5351/5351 5350/5350/5350
f 5348/5348/5348 5294/5294/5294 5274/5274/5274
f 5274/5274/5274 5281/5281/5281 5348/5348/5348
f 5364/5364/5364 5365/5365/5365 5366/5366/5366
f 2936/2936/2936 2945/2945/2945 2937/2937/2937
f 2938/2938/2938 2934/2934/2934 2937/2937/2937
f 2934/2934/2934 2936/2936/2936 2937/2937/2937
f 2934/2934/2934 2935/2935/2935 2936/2936/2936
f 2942/2942/2942 2934/2934/2934 3106/3106/3106
f 2935/2935/2935 2934/2934/2934 2942/2942/2942
f 3092/3092/3092 3100/3100/3100 3101/3101/3101
f 3163/3163/3163 3162/3162/3162 3164/3164/3164
f 3161/3161/3161 3162/3162/3162 3163/3163/3163
f 1416/1416/1416 1442/1442/1442 1444/1444/1444
f 3099/3099/3099 3100/3100/3100 3092/3092/3092
f 1415/1415/1415 1442/1442/1442 1416/1416/1416
f 5347/5347/5347 5321/5321/5321 5313/5313/5313
f 5310/5310/5310 5347/5347/5347 5313/5313/5313
f 5365/5365/5365 5367/5367/5367 5366/5366/5366
f 5321/5321/5321 5320/5320/5320 5313/5313/5313
f 2941/2941/2941 2950/2950/2950 2936/2936/2936
f 2936/2936/2936 2950/2950/2950 2945/2945/2945
f 2939/2939/2939 2936/2936/2936 2935/2935/2935
f 2941/2941/2941 2936/2936/2936 2939/2939/2939
f 2940/2940/2940 2935/2935/2935 2942/2942/2942
f 2939/2939/2939 2935/2935/2935 2940/2940/2940
f 3163/3163/3163 3164/3164/3164 3165/3165/3165
f 2942/2942/2942 3122/3122/3122 2940/2940/2940
f 1444/1444/1444 1442/1442/1442 1433/1433/1433
f 1444/1444/1444 1433/1433/1433 1443/1443/1443
f 1442/1442/1442 1415/1415/1415 1421/1421/1421
f 1442/1442/1442 1421/1421/1421 1433/1433/1433
f 5382/5382/5382 5381/5381/5381 5389/5389/5389
f 5388/5388/5388 5382/5382/5382 5389/5389/5389
f 5385/5385/5385 5382/5382/5382 5388/5388/5388
f 5321/5321/5321 5324/5324/5324 5320/5320/5320
f 2949/2949/2949 3124/3124/3124 2941/2941/2941
f 2941/2941/2941 3124/3124/3124 2950/2950/2950
f 2939/2939/2939 2943/2943/2943 2944/2944/2944
f 2949/2949/2949 2939/2939/2939 2944/2944/2944
f 2941/2941/2941 2939/2939/2939 2949/2949/2949
f 2943/2943/2943 2939/2939/2939 2940/2940/2940
f 2943/2943/2943 2940/2940/2940 2951/2951/2951
f 2951/2951/2951 2940/2940/2940 3122/3122/3122
f 1443/1443/1443 1433/1433/1433 1432/1432/1432
f 2955/2955/2955 3021/3021/3021 2956/2956/2956
f 1433/1433/1433 1421/1421/1421 1423/1423/1423
f 1433/1433/1433 1423/1423/1423 1432/1432/1432
f 5384/5384/5384 5382/5382/5382 5385/5385/5385
f 5384/5384/5384 5383/5383/5383 5382/5382/5382
f 1079/1079/1079 1055/1055/1055 1049/1049/1049
f 1048/1048/1048 1078/1078/1078 1049/1049/1049
f 1049/1049/1049 1078/1078/1078 1079/1079/1079
f 1078/1078/1078 1048/1048/1048 1073/1073/1073
f 1048/1048/1048 1071/1071/1071 1073/1073/1073
f 1048/1048/1048 1038/1038/1038 1071/1071/1071
f 1082/1082/1082 1038/1038/1038 1041/1041/1041
f 1082/1082/1082 1071/1071/1071 1038/1038/1038
f 3277/3277/3277 3282/3282/3282 3276/3276/3276
f 1082/1082/1082 1042/1042/1042 1093/1093/1093
f 1082/1082/1082 1041/1041/1041 1042/1042/1042
f 2127/2127/2127 2134/2134/2134 2132/2132/2132
f 2097/2097/2097 2100/2100/2100 2113/2113/2113
f 2115/2115/2115 2099/2099/2099 2113/2113/2113
f 2113/2113/2113 2099/2099/2099 2097/2097/2097
f 2107/2107/2107 2099/2099/2099 2115/2115/2115
f 3604/3604/3604 3592/3592/3592 3593/3593/3593
f 3699/3699/3699 3702/3702/3702 3700/3700/3700
f 3699/3699/3699 3700/3700/3700 3701/3701/3701
f 3605/3605/3605 3606/3606/3606 3592/3592/3592
f 3604/3604/3604 3605/3605/3605 3592/3592/3592
f 3610/3610/3610 3655/3655/3655 3614/3614/3614
f 3610/3610/3610 3614/3614/3614 3606/3606/3606
f 3612/3612/3612 3638/3638/3638 3655/3655/3655
f 3612/3612/3612 3655/3655/3655 3610/3610/3610
f 3638/3638/3638 3612/3612/3612 3615/3615/3615
f 3650/3650/3650 3638/3638/3638 3615/3615/3615
f 3651/3651/3651 3638/3638/3638 3650/3650/3650
f 1432/1432/1432 1423/1423/1423 1425/1425/1425
f 1239/1239/1239 1242/1242/1242 1240/1240/1240
f 3651/3651/3651 3650/3650/3650 3652/3652/3652
f 1237/1237/1237 1238/1238/1238 1239/1239/1239
f 1237/1237/1237 1239/1239/1239 1240/1240/1240
f 3681/3681/3681 3675/3675/3675 3673/3673/3673
f 1233/1233/1233 1238/1238/1238 1237/1237/1237
f 3679/3679/3679 3676/3676/3676 3675/3675/3675
f 3679/3679/3679 3675/3675/3675 3681/3681/3681
f 3680/3680/3680 3676/3676/3676 3679/3679/3679
f 5331/5331/5331 5334/5334/5334 5338/5338/5338
f 5331/5331/5331 5333/5333/5333 5334/5334/5334
f 1092/1092/1092 1068/1068/1068 1067/1067/1067
f 1092/1092/1092 1067/1067/1067 1091/1091/1091
f 1067/1067/1067 1081/1081/1081 1091/1091/1091
f 1067/1067/1067 1080/1080/1080 1081/1081/1081
f 1080/1080/1080 1055/1055/1055 1079/1079/1079
f 1076/1076/1076 1080/1080/1080 1079/1079/1079
f 1081/1081/1081 1080/1080/1080 1076/1076/1076
f 1076/1076/1076 1079/1079/1079 1078/1078/1078
f 1076/1076/1076 1078/1078/1078 1074/1074/1074
f 1074/1074/1074 1078/1078/1078 1073/1073/1073
f 3275/3275/3275 3277/3277/3277 3276/3276/3276
f 3284/3284/3284 3275/3275/3275 3264/3264/3264
f 3264/3264/3264 3275/3275/3275 3273/3273/3273
f 3275/3275/3275 3276/3276/3276 3273/3273/3273
f 2134/2134/2134 2127/2127/2127 2111/2111/2111
f 2100/2100/2100 2097/2097/2097 2096/2096/2096
f 3264/3264/3264 3273/3273/3273 3268/3268/3268
f 2096/2096/2096 2097/2097/2097 2098/2098/2098
f 2098/2098/2098 2097/2097/2097 2099/2099/2099
f 2098/2098/2098 2099/2099/2099 2107/2107/2107
f 3702/3702/3702 3703/3703/3703 3700/3700/3700
f 3703/3703/3703 3702/3702/3702 3704/3704/3704
f 3663/3663/3663 3614/3614/3614 3655/3655/3655
f 3719/3719/3719 3713/3713/3713 3710/3710/3710
f 3710/3710/3710 3713/3713/3713 3711/3711/3711
f 3710/3710/3710 3711/3711/3711 3712/3712/3712
f 3653/3653/3653 3638/3638/3638 3651/3651/3651
f 3653/3653/3653 3651/3651/3651 3654/3654/3654
f 3654/3654/3654 3651/3651/3651 3652/3652/3652
f 3654/3654/3654 3652/3652/3652 3664/3664/3664
f 3652/3652/3652 3672/3672/3672 3664/3664/3664
f 3652/3652/3652 3673/3673/3673 3672/3672/3672
f 3674/3674/3674 3673/3673/3673 3675/3675/3675
f 3672/3672/3672 3673/3673/3673 3674/3674/3674
f 3676/3676/3676 3678/3678/3678 3677/3677/3677
f 3674/3674/3674 3676/3676/3676 3677/3677/3677
f 3675/3675/3675 3676/3676/3676 3674/3674/3674
f 3678/3678/3678 3676/3676/3676 3680/3680/3680
f 6114/6114/6114 6115/6115/6115 6116/6116/6116
f 6115/6115/6115 6117/6117/6117 6116/6116/6116
f 6117/6117/6117 6119/6119/6119 6116/6116/6116
f 5333/5333/5333 5331/5331/5331 5332/5332/5332
f 269/269/269 270/270/270 267/267/267
f 267/267/267 270/270/270 271/271/271
f 267/267/267 260/260/260 259/259/259
f 267/267/267 259/259/259 269/269/269
f 3259/3259/3259 3284/3284/3284 3264/3264/3264
f 3268/3268/3268 3267/3267/3267 3264/3264/3264
f 3267/3267/3267 3255/3255/3255 3264/3264/3264
f 3255/3255/3255 3259/3259/3259 3264/3264/3264
f 3255/3255/3255 3267/3267/3267 3283/3283/3283
f 324/324/324 325/325/325 327/327/327
f 327/327/327 325/325/325 328/328/328
f 322/322/322 323/323/323 324/324/324
f 324/324/324 323/323/323 325/325/325
f 317/317/317 318/318/318 322/322/322
f 322/322/322 318/318/318 323/323/323
f 315/315/315 316/316/316 317/317/317
f 317/317/317 316/316/316 318/318/318
f 312/312/312 314/314/314 315/315/315
f 315/315/315 314/314/314 316/316/316
f 312/312/312 313/313/313 314/314/314
f 293/293/293 292/292/292 295/295/295
f 298/298/298 297/297/297 295/295/295
f 295/295/295 297/297/297 293/293/293
f 307/307/307 304/304/304 298/298/298
f 298/298/298 304/304/304 297/297/297
f 2054/2054/2054 2053/2053/2053 2056/2056/2056
f 2053/2053/2053 2054/2054/2054 2055/2055/2055
f 2182/2182/2182 2183/2183/2183 2184/2184/2184
f 1878/1878/1878 1879/1879/1879 1880/1880/1880
f 1881/1881/1881 1880/1880/1880 1879/1879/1879
f 1882/1882/1882 1880/1880/1880 1881/1881/1881
f 2058/2058/2058 2056/2056/2056 2057/2057/2057
f 2053/2053/2053 2057/2057/2057 2056/2056/2056
f 2058/2058/2058 2057/2057/2057 2059/2059/2059
f 6114/6114/6114 6116/6116/6116 6120/6120/6120
f 6123/6123/6123 6114/6114/6114 6120/6120/6120
f 6121/6121/6121 6114/6114/6114 6123/6123/6123
f 6120/6120/6120 6116/6116/6116 6119/6119/6119
f 269/269/269 272/272/272 270/270/270
f 5638/5638/5638 5636/5636/5636 5637/5637/5637
f 5638/5638/5638 5637/5637/5637 5639/5639/5639
f 5640/5640/5640 5638/5638/5638 5639/5639/5639
f 269/269/269 259/259/259 272/272/272
f 5642/5642/5642 5650/5650/5650 5636/5636/5636
f 5642/5642/5642 5636/5636/5636 5638/5638/5638
f 5702/5702/5702 5709/5709/5709 5703/5703/5703
f 5702/5702/5702 5703/5703/5703 5704/5704/5704
f 5708/5708/5708 5709/5709/5709 5702/5702/5702
f 3270/3270/3270 3283/3283/3283 3267/3267/3267
f 3283/3283/3283 3270/3270/3270 3271/3271/3271
f 342/342/342 327/327/327 343/343/343
f 324/324/324 327/327/327 342/342/342
f 2780/2780/2780 2774/2774/2774 2779/2779/2779
f 2780/2780/2780 2756/2756/2756 2774/2774/2774
f 322/322/322 321/321/321 317/317/317
f 2779/2779/2779 2774/2774/2774 2771/2771/2771
f 317/317/317 319/319/319 315/315/315
f 317/317/317 321/321/321 319/319/319
f 315/315/315 320/320/320 312/312/312
f 315/315/315 319/319/319 320/320/320
f 313/313/313 312/312/312 309/309/309
f 312/312/312 308/308/308 309/309/309
f 312/312/312 320/320/320 308/308/308
f 296/296/296 299/299/299 308/308/308
f 308/308/308 299/299/299 309/309/309
f 299/299/299 296/296/296 292/292/292
f 296/296/296 295/295/295 292/292/292
f 296/296/296 310/310/310 295/295/295
f 295/295/295 311/311/311 298/298/298
f 295/295/295 310/310/310 311/311/311
f 298/298/298 326/326/326 307/307/307
f 298/298/298 311/311/311 326/326/326
f 2789/2789/2789 2790/2790/2790 2787/2787/2787
f 2790/2790/2790 2785/2785/2785 2787/2787/2787
f 329/329/329 307/307/307 326/326/326
f 2794/2794/2794 2790/2790/2790 2789/2789/2789
f 2791/2791/2791 2794/2794/2794 2789/2789/2789
f 1640/1640/1640 1641/1641/1641 1642/1642/1642
f 5973/5973/5973 5978/5978/5978 5977/5977/5977
f 5973/5973/5973 5977/5977/5977 5974/5974/5974
f 5980/5980/5980 5977/5977/5977 5979/5979/5979
f 5979/5979/5979 5977/5977/5977 5978/5978/5978
f 5636/5636/5636 5635/5635/5635 5637/5637/5637
f 5635/5635/5635 5636/5636/5636 5634/5634/5634
f 5636/5636/5636 5653/5653/5653 5634/5634/5634
f 5636/5636/5636 5650/5650/5650 5653/5653/5653
f 5711/5711/5711 5712/5712/5712 5713/5713/5713
f 5653/5653/5653 5610/5610/5610 5601/5601/5601
f 5710/5710/5710 5703/5703/5703 5709/5709/5709
f 5595/5595/5595 5592/5592/5592 5610/5610/5610
f 5592/5592/5592 5601/5601/5601 5610/5610/5610
f 5592/5592/5592 5587/5587/5587 5601/5601/5601
f 5583/5583/5583 5580/5580/5580 5581/5581/5581
f 5587/5587/5587 5583/5583/5583 5581/5581/5581
f 5592/5592/5592 5583/5583/5583 5587/5587/5587
f 5584/5584/5584 5580/5580/5580 5583/5583/5583
f 5585/5585/5585 5589/5589/5589 5586/5586/5586
f 349/349/349 345/345/345 350/350/350
f 349/349/349 350/350/350 353/353/353
f 344/344/344 345/345/345 346/346/346
f 349/349/349 346/346/346 345/345/345
f 2754/2754/2754 2755/2755/2755 2756/2756/2756
f 2757/2757/2757 2756/2756/2756 2755/2755/2755
f 2756/2756/2756 2757/2757/2757 2758/2758/2758
f 2756/2756/2756 2760/2760/2760 2774/2774/2774
f 2756/2756/2756 2758/2758/2758 2760/2760/2760
f 2774/2774/2774 2762/2762/2762 2771/2771/2771
f 2774/2774/2774 2760/2760/2760 2762/2762/2762
f 2771/2771/2771 2764/2764/2764 2770/2770/2770
f 2771/2771/2771 2762/2762/2762 2764/2764/2764
f 2770/2770/2770 2766/2766/2766 2772/2772/2772
f 2770/2770/2770 2764/2764/2764 2766/2766/2766
f 2772/2772/2772 2768/2768/2768 2773/2773/2773
f 2772/2772/2772 2766/2766/2766 2768/2768/2768
f 2773/2773/2773 2775/2775/2775 2777/2777/2777
f 2773/2773/2773 2768/2768/2768 2775/2775/2775
f 2782/2782/2782 2778/2778/2778 2781/2781/2781
f 2778/2778/2778 2775/2775/2775 2781/2781/2781
f 2778/2778/2778 2777/2777/2777 2775/2775/2775
f 2778/2778/2778 2782/2782/2782 2783/2783/2783
f 2783/2783/2783 2782/2782/2782 2784/2784/2784
f 2783/2783/2783 2784/2784/2784 2785/2785/2785
f 2785/2785/2785 2784/2784/2784 2786/2786/2786
f 2785/2785/2785 2786/2786/2786 2787/2787/2787
f 6057/6057/6057 6056/6056/6056 6054/6054/6054
f 6054/6054/6054 6056/6056/6056 6049/6049/6049
f 6049/6049/6049 6048/6048/6048 6015/6015/6015
f 6056/6056/6056 6048/6048/6048 6049/6049/6049
f 6015/6015/6015 5871/5871/5871 5891/5891/5891
f 6048/6048/6048 5871/5871/5871 6015/6015/6015
f 5891/5891/5891 5873/5873/5873 5877/5877/5877
f 5871/5871/5871 5873/5873/5873 5891/5891/5891
f 5877/5877/5877 5875/5875/5875 5887/5887/5887
f 5873/5873/5873 5875/5875/5875 5877/5877/5877
f 5887/5887/5887 5893/5893/5893 5889/5889/5889
f 5875/5875/5875 5893/5893/5893 5887/5887/5887
f 2919/2919/2919 2920/2920/2920 2921/2921/2921
f 5889/5889/5889 6016/6016/6016 5961/5961/5961
f 5893/5893/5893 6016/6016/6016 5889/5889/5889
f 5984/5984/5984 5963/5963/5963 6016/6016/6016
f 5969/5969/5969 5972/5972/5972 5971/5971/5971
f 5969/5969/5969 5971/5971/5971 5970/5970/5970
f 5974/5974/5974 5971/5971/5971 5973/5973/5973
f 5973/5973/5973 5971/5971/5971 5972/5972/5972
f 5653/5653/5653 5629/5629/5629 5634/5634/5634
f 5629/5629/5629 5653/5653/5653 5630/5630/5630
f 5580/5580/5580 5579/5579/5579 5581/5581/5581
f 5584/5584/5584 5578/5578/5578 5580/5580/5580
f 5578/5578/5578 5579/5579/5579 5580/5580/5580
f 5578/5578/5578 5577/5577/5577 5579/5579/5579
f 5586/5586/5586 5576/5576/5576 5585/5585/5585
f 5576/5576/5576 5578/5578/5578 5585/5585/5585
f 5576/5576/5576 5577/5577/5577 5578/5578/5578
f 351/351/351 350/350/350 347/347/347
f 347/347/347 350/350/350 345/345/345
f 2757/2757/2757 2759/2759/2759 2758/2758/2758
f 347/347/347 345/345/345 344/344/344
f 2758/2758/2758 2759/2759/2759 2760/2760/2760
f 2760/2760/2760 2759/2759/2759 2761/2761/2761
f 2760/2760/2760 2761/2761/2761 2762/2762/2762
f 2762/2762/2762 2761/2761/2761 2763/2763/2763
f 2762/2762/2762 2763/2763/2763 2764/2764/2764
f 2764/2764/2764 2763/2763/2763 2765/2765/2765
f 2764/2764/2764 2765/2765/2765 2766/2766/2766
f 2766/2766/2766 2765/2765/2765 2767/2767/2767
f 2766/2766/2766 2767/2767/2767 2768/2768/2768
f 2768/2768/2768 2767/2767/2767 2769/2769/2769
f 2768/2768/2768 2769/2769/2769 2775/2775/2775
f 2775/2775/2775 2769/2769/2769 2776/2776/2776
f 2775/2775/2775 2776/2776/2776 2781/2781/2781
f 5963/5963/5963 5962/5962/5962 5961/5961/5961
f 5984/5984/5984 5964/5964/5964 5963/5963/5963
f 5964/5964/5964 5962/5962/5962 5963/5963/5963
f 5964/5964/5964 5965/5965/5965 5962/5962/5962
f 5965/5965/5965 5966/5966/5966 5968/5968/5968
f 5964/5964/5964 5966/5966/5966 5965/5965/5965
f 5970/5970/5970 5968/5968/5968 5969/5969/5969
f 5969/5969/5969 5968/5968/5968 5966/5966/5966
f 3298/3298/3298 3294/3294/3294 3299/3299/3299
f 3299/3299/3299 3294/3294/3294 3301/3301/3301
f 3300/3300/3300 3299/3299/3299 3302/3302/3302
f 3300/3300/3300 3298/3298/3298 3299/3299/3299
f 3554/3554/3554 3559/3559/3559 3552/3552/3552
f 3554/3554/3554 3557/3557/3557 3559/3559/3559
f 3552/3552/3552 3553/3553/3553 3554/3554/3554
f 3554/3554/3554 3553/3553/3553 3555/3555/3555
f 3794/3794/3794 3795/3795/3795 3793/3793/3793
f 3760/3760/3760 3784/3784/3784 3793/3793/3793
f 3793/3793/3793 3784/3784/3784 3794/3794/3794
f 3752/3752/3752 3783/3783/3783 3760/3760/3760
f 3760/3760/3760 3783/3783/3783 3784/3784/3784
f 3304/3304/3304 3355/3355/3355 3354/3354/3354
f 3301/3301/3301 3304/3304/3304 3354/3354/3354
f 3294/3294/3294 3304/3304/3304 3301/3301/3301
f 3553/3553/3553 3561/3561/3561 3563/3563/3563
f 3569/3569/3569 3570/3570/3570 3573/3573/3573
f 3568/3568/3568 3570/3570/3570 3569/3569/3569
f 3537/3537/3537 3562/3562/3562 3561/3561/3561
f 3561/3561/3561 3562/3562/3562 3563/3563/3563
f 3536/3536/3536 3534/3534/3534 3537/3537/3537
f 3537/3537/3537 3534/3534/3534 3562/3562/3562
f 3538/3538/3538 3535/3535/3535 3536/3536/3536
f 3536/3536/3536 3535/3535/3535 3534/3534/3534
f 5265/5265/5265 5263/5263/5263 5267/5267/5267
f 3320/3320/3320 3322/3322/3322 3335/3335/3335
f 3335/3335/3335 3322/3322/3322 3356/3356/3356
f 3319/3319/3319 3312/3312/3312 3317/3317/3317
f 3320/3320/3320 3319/3319/3319 3317/3317/3317
f 3335/3335/3335 3319/3319/3319 3320/3320/3320
f 3364/3364/3364 3367/3367/3367 3365/3365/3365
f 3364/3364/3364 3365/3365/3365 3366/3366/3366
f 3358/3358/3358 3355/3355/3355 3304/3304/3304
f 107/107/107 108/108/108 109/109/109
f 3531/3531/3531 3563/3563/3563 3562/3562/3562
f 3531/3531/3531 3562/3562/3562 3530/3530/3530
f 3530/3530/3530 3562/3562/3562 3534/3534/3534
f 3530/3530/3530 3534/3534/3534 3533/3533/3533
f 3533/3533/3533 3534/3534/3534 3535/3535/3535
f 3533/3533/3533 3535/3535/3535 3544/3544/3544
f 5297/5297/5297 5262/5262/5262 5296/5296/5296
f 5296/5296/5296 5262/5262/5262 5264/5264/5264
f 5262/5262/5262 5263/5263/5263 5264/5264/5264
f 5263/5263/5263 5265/5265/5265 5264/5264/5264
f 5340/5340/5340 5296/5296/5296 5264/5264/5264
f 3332/3332/3332 3333/3333/3333 3327/3327/3327
f 3325/3325/3325 3326/3326/3326 3327/3327/3327
f 3327/3327/3327 3326/3326/3326 3332/3332/3332
f 3323/3323/3323 3326/3326/3326 3325/3325/3325
f 3323/3323/3323 3325/3325/3325 3322/3322/3322
f 3321/3321/3321 3323/3323/3323 3322/3322/3322
f 3320/3320/3320 3321/3321/3321 3322/3322/3322
f 3321/3321/3321 3320/3320/3320 3317/3317/3317
f 5298/5298/5298 5297/5297/5297 5296/5296/5296
f 5340/5340/5340 5300/5300/5300 5296/5296/5296
f 5300/5300/5300 5299/5299/5299 5296/5296/5296
f 5299/5299/5299 5298/5298/5298 5296/5296/5296
f 5299/5299/5299 5300/5300/5300 5301/5301/5301
f 5301/5301/5301 5303/5303/5303 5299/5299/5299
f 3337/3337/3337 3339/3339/3339 3334/3334/3334
f 3333/3333/3333 3332/3332/3332 3334/3334/3334
f 3332/3332/3332 3337/3337/3337 3334/3334/3334
f 1434/1434/1434 1413/1413/1413 1414/1414/1414
f 1436/1436/1436 1437/1437/1437 1418/1418/1418
f 1413/1413/1413 1436/1436/1436 1418/1418/1418
f 3332/3332/3332 3326/3326/3326 3336/3336/3336
f 3338/3338/3338 3326/3326/3326 3323/3323/3323
f 5348/5348/5348 5301/5301/5301 5300/5300/5300
f 5348/5348/5348 5310/5310/5310 5301/5301/5301
f 5310/5310/5310 5303/5303/5303 5301/5301/5301
f 5310/5310/5310 5311/5311/5311 5303/5303/5303
f 3341/3341/3341 3343/3343/3343 3342/3342/3342
f 3342/3342/3342 3339/3339/3339 3341/3341/3341
f 3339/3339/3339 3337/3337/3337 3341/3341/3341
f 2911/2911/2911 2908/2908/2908 2910/2910/2910
f 2911/2911/2911 2910/2910/2910 2912/2912/2912
f 1416/1416/1416 1414/1414/1414 1415/1415/1415
f 1414/1414/1414 1410/1410/1410 1415/1415/1415
f 1414/1414/1414 1413/1413/1413 1410/1410/1410
f 1413/1413/1413 1418/1418/1418 1411/1411/1411
f 1413/1413/1413 1411/1411/1411 1410/1410/1410
f 5312/5312/5312 5311/5311/5311 5310/5310/5310
f 5312/5312/5312 5310/5310/5310 5313/5313/5313
f 5313/5313/5313 5320/5320/5320 5312/5312/5312
f 5312/5312/5312 5320/5320/5320 5322/5322/5322
f 2953/2953/2953 3122/3122/3122 3123/3123/3123
f 3166/3166/3166 3165/3165/3165 3164/3164/3164
f 1443/1443/1443 1445/1445/1445 1444/1444/1444
f 2908/2908/2908 2909/2909/2909 2910/2910/2910
f 1422/1422/1422 1421/1421/1421 1410/1410/1410
f 1410/1410/1410 1421/1421/1421 1415/1415/1415
f 1410/1410/1410 1411/1411/1411 1390/1390/1390
f 1409/1409/1409 1410/1410/1410 1390/1390/1390
f 1422/1422/1422 1410/1410/1410 1409/1409/1409
f 1398/1398/1398 1409/1409/1409 1390/1390/1390
f 5380/5380/5380 5378/5378/5378 5381/5381/5381
f 5380/5380/5380 5381/5381/5381 5382/5382/5382
f 5320/5320/5320 5324/5324/5324 5322/5322/5322
f 5322/5322/5322 5324/5324/5324 5345/5345/5345
f 2959/2959/2959 2944/2944/2944 2943/2943/2943
f 2951/2951/2951 2952/2952/2952 2943/2943/2943
f 2943/2943/2943 2952/2952/2952 2959/2959/2959
f 3122/3122/3122 2953/2953/2953 2951/2951/2951
f 2953/2953/2953 2952/2952/2952 2951/2951/2951
f 2953/2953/2953 2954/2954/2954 2952/2952/2952
f 2956/2956/2956 2954/2954/2954 2955/2955/2955
f 2955/2955/2955 2954/2954/2954 2953/2953/2953
f 1424/1424/1424 1423/1423/1423 1422/1422/1422
f 1422/1422/1422 1423/1423/1423 1421/1421/1421
f 1409/1409/1409 1429/1429/1429 1427/1427/1427
f 1424/1424/1424 1409/1409/1409 1427/1427/1427
f 1422/1422/1422 1409/1409/1409 1424/1424/1424
f 1429/1429/1429 1409/1409/1409 1398/1398/1398
f 5383/5383/5383 5380/5380/5380 5382/5382/5382
f 5334/5334/5334 5335/5335/5335 5337/5337/5337
f 1088/1088/1088 1072/1072/1072 1071/1071/1071
f 1071/1071/1071 1072/1072/1072 1073/1073/1073
f 1090/1090/1090 1071/1071/1071 1082/1082/1082
f 1090/1090/1090 1088/1088/1088 1071/1071/1071
f 3282/3282/3282 3277/3277/3277 3280/3280/3280
f 3280/3280/3280 3277/3277/3277 3279/3279/3279
f 3609/3609/3609 3606/3606/3606 3605/3605/3605
f 3606/3606/3606 3609/3609/3609 3610/3610/3610
f 3610/3610/3610 3609/3609/3609 3611/3611/3611
f 3610/3610/3610 3611/3611/3611 3612/3612/3612
f 3612/3612/3612 3611/3611/3611 3613/3613/3613
f 3612/3612/3612 3613/3613/3613 3615/3615/3615
f 1424/1424/1424 1425/1425/1425 1423/1423/1423
f 1427/1427/1427 1426/1426/1426 1424/1424/1424
f 1426/1426/1426 1425/1425/1425 1424/1424/1424
f 1234/1234/1234 1237/1237/1237 1240/1240/1240
f 2397/2397/2397 2398/2398/2398 2399/2399/2399
f 1233/1233/1233 1234/1234/1234 1235/1235/1235
f 1237/1237/1237 1234/1234/1234 1233/1233/1233
f 1236/1236/1236 1241/1241/1241 1233/1233/1233
f 1236/1236/1236 1233/1233/1233 1235/1235/1235
f 1236/1236/1236 1243/1243/1243 1241/1241/1241
f 5333/5333/5333 5335/5335/5335 5334/5334/5334
f 5333/5333/5333 5336/5336/5336 5335/5335/5335
f 1086/1086/1086 1091/1091/1091 1081/1081/1081
f 1076/1076/1076 1084/1084/1084 1081/1081/1081
f 1081/1081/1081 1084/1084/1084 1086/1086/1086
f 1084/1084/1084 1076/1076/1076 1085/1085/1085
f 1076/1076/1076 1075/1075/1075 1085/1085/1085
f 1076/1076/1076 1074/1074/1074 1075/1075/1075
f 1074/1074/1074 1073/1073/1073 1072/1072/1072
f 1074/1074/1074 1072/1072/1072 1075/1075/1075
f 3278/3278/3278 3279/3279/3279 3277/3277/3277
f 3278/3278/3278 3277/3277/3277 3275/3275/3275
f 3275/3275/3275 3284/3284/3284 3278/3278/3278
f 3278/3278/3278 3284/3284/3284 3289/3289/3289
f 334/334/334 306/306/306 330/330/330
f 332/332/332 333/333/333 330/330/330
f 330/330/330 333/333/333 334/334/334
f 333/333/333 332/332/332 335/335/335
f 332/332/332 338/338/338 335/335/335
f 332/332/332 337/337/337 338/338/338
f 337/337/337 341/341/341 340/340/340
f 339/339/339 337/337/337 340/340/340
f 338/338/338 337/337/337 339/339/339
f 2566/2566/2566 2567/2567/2567 2568/2568/2568
f 110/110/110 111/111/111 112/112/112
f 6115/6115/6115 6114/6114/6114 6113/6113/6113
f 5950/5950/5950 5955/5955/5955 6024/6024/6024
f 5951/5951/5951 5955/5955/5955 5950/5950/5950
f 6117/6117/6117 6115/6115/6115 6118/6118/6118
f 5953/5953/5953 5955/5955/5955 5951/5951/5951
f 254/254/254 259/259/259 253/253/253
f 253/253/253 259/259/259 260/260/260
f 252/252/252 253/253/253 249/249/249
f 254/254/254 253/253/253 252/252/252
f 249/249/249 250/250/250 251/251/251
f 249/249/249 251/251/251 252/252/252
f 3284/3284/3284 3259/3259/3259 3261/3261/3261
f 3287/3287/3287 3284/3284/3284 3261/3261/3261
f 3289/3289/3289 3284/3284/3284 3287/3287/3287
f 3261/3261/3261 3259/3259/3259 3260/3260/3260
f 3259/3259/3259 3256/3256/3256 3260/3260/3260
f 3259/3259/3259 3255/3255/3255 3256/3256/3256
f 3253/3253/3253 3255/3255/3255 3254/3254/3254
f 3253/3253/3253 3256/3256/3256 3255/3255/3255
f 3251/3251/3251 3254/3254/3254 3257/3257/3257
f 3251/3251/3251 3253/3253/3253 3254/3254/3254
f 3263/3263/3263 3251/3251/3251 3265/3265/3265
f 3251/3251/3251 3262/3262/3262 3265/3265/3265
f 3251/3251/3251 3257/3257/3257 3262/3262/3262
f 1786/1786/1786 1785/1785/1785 1784/1784/1784
f 1785/1785/1785 1782/1782/1782 1784/1784/1784
f 1785/1785/1785 1792/1792/1792 1782/1782/1782
f 1469/1469/1469 1471/1471/1471 1472/1472/1472
f 1469/1469/1469 1470/1470/1470 1471/1471/1471
f 302/302/302 303/303/303 313/313/313
f 303/303/303 314/314/314 313/313/313
f 1473/1473/1473 1469/1469/1469 1472/1472/1472
f 294/294/294 300/300/300 302/302/302
f 302/302/302 300/300/300 303/303/303
f 292/292/292 293/293/293 294/294/294
f 293/293/293 300/300/300 294/294/294
f 293/293/293 301/301/301 300/300/300
f 305/305/305 293/293/293 297/297/297
f 305/305/305 301/301/301 293/293/293
f 304/304/304 330/330/330 306/306/306
f 305/305/305 304/304/304 306/306/306
f 297/297/297 304/304/304 305/305/305
f 330/330/330 304/304/304 331/331/331
f 330/330/330 331/331/331 332/332/332
f 332/332/332 331/331/331 336/336/336
f 332/332/332 336/336/336 337/337/337
f 337/337/337 336/336/336 341/341/341
f 6091/6091/6091 6113/6113/6113 6092/6092/6092
f 6091/6091/6091 6092/6092/6092 6088/6088/6088
f 6121/6121/6121 6092/6092/6092 6114/6114/6114
f 6114/6114/6114 6092/6092/6092 6113/6113/6113
f 5641/5641/5641 5638/5638/5638 5640/5640/5640
f 5638/5638/5638 5641/5641/5641 5642/5642/5642
f 5642/5642/5642 5641/5641/5641 5660/5660/5660
f 251/251/251 255/255/255 252/252/252
f 5705/5705/5705 5704/5704/5704 5706/5706/5706
f 5705/5705/5705 5702/5702/5702 5704/5704/5704
f 5603/5603/5603 5594/5594/5594 5595/5595/5595
f 5702/5702/5702 5707/5707/5707 5708/5708/5708
f 5705/5705/5705 5707/5707/5707 5702/5702/5702
f 5596/5596/5596 5594/5594/5594 5603/5603/5603
f 361/361/361 360/360/360 354/354/354
f 361/361/361 354/354/354 362/362/362
f 1134/1134/1134 1133/1133/1133 1125/1125/1125
f 1128/1128/1128 1134/1134/1134 1125/1125/1125
f 354/354/354 360/360/360 355/355/355
f 1127/1127/1127 1128/1128/1128 1125/1125/1125
f 3290/3290/3290 3291/3291/3291 3292/3292/3292
f 1788/1788/1788 1786/1786/1786 1784/1784/1784
f 309/309/309 302/302/302 313/313/313
f 302/302/302 309/309/309 299/299/299
f 302/302/302 299/299/299 294/294/294
f 294/294/294 299/299/299 292/292/292
f 2787/2787/2787 2788/2788/2788 2789/2789/2789
f 2788/2788/2788 2791/2791/2791 2789/2789/2789
f 5872/5872/5872 5998/5998/5998 5870/5870/5870
f 5867/5867/5867 5870/5870/5870 5998/5998/5998
f 6085/6085/6085 6087/6087/6087 6086/6086/6086
f 6086/6086/6086 6087/6087/6087 6088/6088/6088
f 6086/6086/6086 6088/6088/6088 6092/6092/6092
f 6122/6122/6122 6086/6086/6086 6092/6092/6092
f 5978/5978/5978 5973/5973/5973 5985/5985/5985
f 5978/5978/5978 5985/5985/5985 5979/5979/5979
f 5594/5594/5594 5592/5592/5592 5595/5595/5595
f 5596/5596/5596 5593/5593/5593 5594/5594/5594
f 5593/5593/5593 5592/5592/5592 5594/5594/5594
f 5593/5593/5593 5583/5583/5583 5592/5592/5592
f 5646/5646/5646 5662/5662/5662 5584/5584/5584
f 5583/5583/5583 5646/5646/5646 5584/5584/5584
f 5593/5593/5593 5646/5646/5646 5583/5583/5583
f 5662/5662/5662 5646/5646/5646 5663/5663/5663
f 5662/5662/5662 5663/5663/5663 5590/5590/5590
f 5585/5585/5585 5662/5662/5662 5590/5590/5590
f 5589/5589/5589 5585/5585/5585 5590/5590/5590
f 353/353/353 354/354/354 349/349/349
f 349/349/349 354/354/354 355/355/355
f 1130/1130/1130 1143/1143/1143 1131/1131/1131
f 1130/1130/1130 1131/1131/1131 1129/1129/1129
f 1127/1127/1127 1130/1130/1130 1129/1129/1129
f 1128/1128/1128 1127/1127/1127 1129/1129/1129
f 1135/1135/1135 1142/1142/1142 1143/1143/1143
f 1135/1135/1135 1143/1143/1143 1130/1130/1130
f 6073/6073/6073 6071/6071/6071 6074/6074/6074
f 1137/1137/1137 1142/1142/1142 1135/1135/1135
f 6072/6072/6072 6070/6070/6070 6071/6071/6071
f 6072/6072/6072 6071/6071/6071 6073/6073/6073
f 6075/6075/6075 6070/6070/6070 6072/6072/6072
f 6060/6060/6060 6058/6058/6058 6061/6061/6061
f 6060/6060/6060 6061/6061/6061 6062/6062/6062
f 6061/6061/6061 6044/6044/6044 6059/6059/6059
f 6058/6058/6058 6044/6044/6044 6061/6061/6061
f 6059/6059/6059 6041/6041/6041 6076/6076/6076
f 6044/6044/6044 6041/6041/6041 6059/6059/6059
f 2787/2787/2787 2786/2786/2786 2788/2788/2788
f 2786/2786/2786 2792/2792/2792 2788/2788/2788
f 6076/6076/6076 6041/6041/6041 6045/6045/6045
f 2788/2788/2788 2792/2792/2792 2791/2791/2791
f 2792/2792/2792 2793/2793/2793 2791/2791/2791
f 6131/6131/6131 6128/6128/6128 6130/6130/6130
f 6056/6056/6056 5895/5895/5895 6048/6048/6048
f 6128/6128/6128 6129/6129/6129 6130/6130/6130
f 5870/5870/5870 5871/5871/5871 5872/5872/5872
f 5871/5871/5871 5895/5895/5895 5872/5872/5872
f 5871/5871/5871 6048/6048/6048 5895/5895/5895
f 5867/5867/5867 5868/5868/5868 5870/5870/5870
f 5868/5868/5868 5871/5871/5871 5870/5870/5870
f 5868/5868/5868 5873/5873/5873 5871/5871/5871
f 5873/5873/5873 5874/5874/5874 5875/5875/5875
f 5868/5868/5868 5874/5874/5874 5873/5873/5873
f 5875/5875/5875 5876/5876/5876 5893/5893/5893
f 5874/5874/5874 5876/5876/5876 5875/5875/5875
f 5893/5893/5893 5881/5881/5881 6016/6016/6016
f 5876/5876/5876 5881/5881/5881 5893/5893/5893
f 6078/6078/6078 6080/6080/6080 6079/6079/6079
f 6077/6077/6077 6078/6078/6078 6079/6079/6079
f 5881/5881/5881 5882/5882/5882 6016/6016/6016
f 6081/6081/6081 6083/6083/6083 6080/6080/6080
f 6081/6081/6081 6080/6080/6080 6078/6078/6078
f 6083/6083/6083 6081/6081/6081 6085/6085/6085
f 6083/6083/6083 6085/6085/6085 6086/6086/6086
f 6093/6093/6093 6083/6083/6083 6086/6086/6086
f 6094/6094/6094 6093/6093/6093 6086/6086/6086
f 6094/6094/6094 6086/6086/6086 6122/6122/6122
f 5662/5662/5662 5578/5578/5578 5584/5584/5584
f 5578/5578/5578 5662/5662/5662 5585/5585/5585
f 1143/1143/1143 1145/1145/1145 1131/1131/1131
f 1145/1145/1145 1143/1143/1143 1144/1144/1144
f 1144/1144/1144 1143/1143/1143 1142/1142/1142
f 1144/1144/1144 1142/1142/1142 1155/1155/1155
f 1155/1155/1155 1142/1142/1142 1156/1156/1156
f 1155/1155/1155 1156/1156/1156 1157/1157/1157
f 6069/6069/6069 6071/6071/6071 6070/6070/6070
f 6075/6075/6075 6068/6068/6068 6070/6070/6070
f 6068/6068/6068 6069/6069/6069 6070/6070/6070
f 6068/6068/6068 6067/6067/6067 6069/6069/6069
f 6067/6067/6067 6066/6066/6066 6065/6065/6065
f 6068/6068/6068 6066/6066/6066 6067/6067/6067
f 6065/6065/6065 6064/6064/6064 6063/6063/6063
f 6066/6066/6066 6064/6064/6064 6065/6065/6065
f 6062/6062/6062 6063/6063/6063 6060/6060/6060
f 6060/6060/6060 6063/6063/6063 6064/6064/6064
f 5967/5967/5967 5964/5964/5964 5984/5984/5984
f 5964/5964/5964 5967/5967/5967 5966/5966/5966
f 5966/5966/5966 5967/5967/5967 5983/5983/5983
f 5966/5966/5966 5983/5983/5983 5969/5969/5969
f 3295/3295/3295 3294/3294/3294 3298/3298/3298
f 3300/3300/3300 3305/3305/3305 3298/3298/3298
f 3298/3298/3298 3305/3305/3305 3295/3295/3295
f 3554/3554/3554 3556/3556/3556 3557/3557/3557
f 3557/3557/3557 3556/3556/3556 3558/3558/3558
f 3555/3555/3555 3556/3556/3556 3554/3554/3554
f 3296/3296/3296 3293/3293/3293 3295/3295/3295
f 3293/3293/3293 3294/3294/3294 3295/3295/3295
f 3293/3293/3293 3304/3304/3304 3294/3294/3294
f 3297/3297/3297 3303/3303/3303 3296/3296/3296
f 3295/3295/3295 3297/3297/3297 3296/3296/3296
f 3305/3305/3305 3297/3297/3297 3295/3295/3295
f 3564/3564/3564 3565/3565/3565 3566/3566/3566
f 3567/3567/3567 3565/3565/3565 3564/3564/3564
f 3569/3569/3569 3564/3564/3564 3568/3568/3568
f 3568/3568/3568 3564/3564/3564 3566/3566/3566
f 3316/3316/3316 3317/3317/3317 3312/3312/3312
f 3316/3316/3316 3312/3312/3312 3311/3311/3311
f 3312/3312/3312 3309/3309/3309 3311/3311/3311
f 3312/3312/3312 3358/3358/3358 3309/3309/3309
f 3358/3358/3358 3304/3304/3304 3293/3293/3293
f 3358/3358/3358 3293/3293/3293 3309/3309/3309
f 3574/3574/3574 3578/3578/3578 3577/3577/3577
f 3574/3574/3574 3577/3577/3577 3575/3575/3575
f 3574/3574/3574 3575/3575/3575 3576/3576/3576
f 3571/3571/3571 3564/3564/3564 3569/3569/3569
f 3572/3572/3572 3571/3571/3571 3569/3569/3569
f 3527/3527/3527 3522/3522/3522 3531/3531/3531
f 3528/3528/3528 3527/3527/3527 3529/3529/3529
f 3527/3527/3527 3530/3530/3530 3529/3529/3529
f 3527/3527/3527 3531/3531/3531 3530/3530/3530
f 3533/3533/3533 3532/3532/3532 3530/3530/3530
f 3530/3530/3530 3532/3532/3532 3529/3529/3529
f 3544/3544/3544 3545/3545/3545 3533/3533/3533
f 3533/3533/3533 3545/3545/3545 3532/3532/3532
f 5297/5297/5297 5302/5302/5302 5262/5262/5262
f 3324/3324/3324 3323/3323/3323 3321/3321/3321
f 3344/3344/3344 3324/3324/3324 3321/3321/3321
f 3344/3344/3344 3321/3321/3321 3317/3317/3317
f 3318/3318/3318 3344/3344/3344 3317/3317/3317
f 3316/3316/3316 3318/3318/3318 3317/3317/3317
f 3318/3318/3318 3316/3316/3316 3311/3311/3311
f 3546/3546/3546 3528/3528/3528 3529/3529/3529
f 3546/3546/3546 3529/3529/3529 3532/3532/3532
f 647/647/647 648/648/648 646/646/646
f 646/646/646 648/648/648 649/649/649
f 646/646/646 649/649/649 624/624/624
f 5304/5304/5304 5302/5302/5302 5297/5297/5297
f 5298/5298/5298 5304/5304/5304 5297/5297/5297
f 623/623/623 624/624/624 625/625/625
f 627/627/627 625/625/625 633/633/633
f 627/627/627 623/623/623 625/625/625
f 5306/5306/5306 5305/5305/5305 5303/5303/5303
f 5305/5305/5305 5299/5299/5299 5303/5303/5303
f 628/628/628 627/627/627 633/633/633
f 5306/5306/5306 5307/5307/5307 5305/5305/5305
f 3359/3359/3359 3360/3360/3360 3338/3338/3338
f 3329/3329/3329 3359/3359/3359 3338/3338/3338
f 3329/3329/3329 3338/3338/3338 3323/3323/3323
f 3328/3328/3328 3329/3329/3329 3323/3323/3323
f 3324/3324/3324 3328/3328/3328 3323/3323/3323
f 3328/3328/3328 3324/3324/3324 3344/3344/3344
f 5369/5369/5369 5372/5372/5372 5371/5371/5371
f 5370/5370/5370 5369/5369/5369 5371/5371/5371
f 5368/5368/5368 5369/5369/5369 5370/5370/5370
f 5306/5306/5306 5308/5308/5308 5307/5307/5307
f 1412/1412/1412 1411/1411/1411 1417/1417/1417
f 1417/1417/1417 1411/1411/1411 1418/1418/1418
f 1417/1417/1417 1420/1420/1420 1388/1388/1388
f 1417/1417/1417 1388/1388/1388 1412/1412/1412
f 5374/5374/5374 5369/5369/5369 5368/5368/5368
f 5325/5325/5325 5311/5311/5311 5312/5312/5312
f 5312/5312/5312 5322/5322/5322 5325/5325/5325
f 5374/5374/5374 5376/5376/5376 5375/5375/5375
f 1412/1412/1412 1390/1390/1390 1411/1411/1411
f 1389/1389/1389 1397/1397/1397 1398/1398/1398
f 1389/1389/1389 1398/1398/1398 1390/1390/1390
f 1388/1388/1388 1389/1389/1389 1390/1390/1390
f 1412/1412/1412 1388/1388/1388 1390/1390/1390
f 1395/1395/1395 1397/1397/1397 1389/1389/1389
f 5380/5380/5380 5379/5379/5379 5378/5378/5378
f 5379/5379/5379 5377/5377/5377 5378/5378/5378
f 5377/5377/5377 5376/5376/5376 5378/5378/5378
f 5377/5377/5377 5375/5375/5375 5376/5376/5376
f 1387/1387/1387 1427/1427/1427 1429/1429/1429
f 1398/1398/1398 1397/1397/1397 1429/1429/1429
f 1397/1397/1397 1387/1387/1387 1429/1429/1429
f 1397/1397/1397 1386/1386/1386 1387/1387/1387
f 1397/1397/1397 1395/1395/1395 1385/1385/1385
f 1397/1397/1397 1385/1385/1385 1386/1386/1386
f 6142/6142/6142 6144/6144/6144 6148/6148/6148
f 5395/5395/5395 5394/5394/5394 5397/5397/5397
f 5393/5393/5393 5394/5394/5394 5395/5395/5395
f 5379/5379/5379 5390/5390/5390 5377/5377/5377
f 1077/1077/1077 1072/1072/1072 1088/1088/1088
f 1090/1090/1090 1089/1089/1089 1088/1088/1088
f 1088/1088/1088 1089/1089/1089 1077/1077/1077
f 3279/3279/3279 3281/3281/3281 3280/3280/3280
f 1387/1387/1387 1426/1426/1426 1427/1427/1427
f 1387/1387/1387 1386/1386/1386 1365/1365/1365
f 1363/1363/1363 1387/1387/1387 1365/1365/1365
f 1364/1364/1364 1363/1363/1363 1365/1365/1365
f 1387/1387/1387 1363/1363/1363 1426/1426/1426
f 1365/1365/1365 1386/1386/1386 1385/1385/1385
f 5396/5396/5396 5394/5394/5394 5393/5393/5393
f 6140/6140/6140 6141/6141/6141 6142/6142/6142
f 1083/1083/1083 1085/1085/1085 1075/1075/1075
f 1072/1072/1072 1077/1077/1077 1075/1075/1075
f 1077/1077/1077 1083/1083/1083 1075/1075/1075
f 1077/1077/1077 1087/1087/1087 1083/1083/1083
f 266/266/266 268/268/268 263/263/263
f 261/261/261 266/266/266 263/263/263
f 1077/1077/1077 1089/1089/1089 1087/1087/1087
f 367/367/367 371/371/371 366/366/366
f 3286/3286/3286 3285/3285/3285 3278/3278/3278
f 3285/3285/3285 3281/3281/3281 3278/3278/3278
f 3281/3281/3281 3279/3279/3279 3278/3278/3278
f 3289/3289/3289 3286/3286/3286 3278/3278/3278
f 1763/1763/1763 1764/1764/1764 1772/1772/1772
f 1763/1763/1763 1772/1772/1772 1766/1766/1766
f 1772/1772/1772 1774/1774/1774 1766/1766/1766
f 1772/1772/1772 1787/1787/1787 1774/1774/1774
f 1362/1362/1362 1363/1363/1363 1364/1364/1364
f 1362/1362/1362 1364/1364/1364 1366/1366/1366
f 6149/6149/6149 6150/6150/6150 6151/6151/6151
f 6149/6149/6149 6151/6151/6151 6152/6152/6152
f 5950/5950/5950 5930/5930/5930 5951/5951/5951
f 5928/5928/5928 5930/5930/5930 5950/5950/5950
f 5953/5953/5953 5951/5951/5951 5952/5952/5952
f 5952/5952/5952 5951/5951/5951 5930/5930/5930
f 257/257/257 251/251/251 256/256/256
f 256/256/256 251/251/251 250/250/250
f 258/258/258 256/256/256 261/261/261
f 257/257/257 256/256/256 258/258/258
f 261/261/261 263/263/263 262/262/262
f 261/261/261 262/262/262 258/258/258
f 367/367/367 366/366/366 364/364/364
f 367/367/367 364/364/364 368/368/368
f 361/361/361 364/364/364 365/365/365
f 365/365/365 364/364/364 366/366/366
f 3288/3288/3288 3260/3260/3260 3256/3256/3256
f 3253/3253/3253 3258/3258/3258 3256/3256/3256
f 3256/3256/3256 3258/3258/3258 3288/3288/3288
f 3251/3251/3251 3252/3252/3252 3253/3253/3253
f 3253/3253/3253 3252/3252/3252 3258/3258/3258
f 3263/3263/3263 3252/3252/3252 3251/3251/3251
f 1783/1783/1783 1784/1784/1784 1782/1782/1782
f 1780/1780/1780 1781/1781/1781 1782/1782/1782
f 1782/1782/1782 1781/1781/1781 1783/1783/1783
f 1778/1778/1778 1779/1779/1779 1780/1780/1780
f 1780/1780/1780 1779/1779/1779 1781/1781/1781
f 1769/1769/1769 1777/1777/1777 1778/1778/1778
f 1778/1778/1778 1777/1777/1777 1779/1779/1779
f 1777/1777/1777 1769/1769/1769 1776/1776/1776
f 1769/1769/1769 1768/1768/1768 1776/1776/1776
f 1769/1769/1769 1765/1765/1765 1768/1768/1768
f 1760/1760/1760 1765/1765/1765 1761/1761/1761
f 1760/1760/1760 1768/1768/1768 1765/1765/1765
f 1761/1761/1761 1764/1764/1764 1763/1763/1763
f 1762/1762/1762 1761/1761/1761 1763/1763/1763
f 1760/1760/1760 1761/1761/1761 1762/1762/1762
f 1762/1762/1762 1763/1763/1763 1766/1766/1766
f 5989/5989/5989 5993/5993/5993 5991/5991/5991
f 6102/6102/6102 6090/6090/6090 6089/6089/6089
f 6090/6090/6090 6088/6088/6088 6089/6089/6089
f 6090/6090/6090 6091/6091/6091 6088/6088/6088
f 5606/5606/5606 5607/5607/5607 5608/5608/5608
f 5607/5607/5607 5606/5606/5606 5603/5603/5603
f 5603/5603/5603 5606/5606/5606 5605/5605/5605
f 5598/5598/5598 5597/5597/5597 5596/5596/5596
f 5598/5598/5598 5596/5596/5596 5603/5603/5603
f 5604/5604/5604 5598/5598/5598 5603/5603/5603
f 5605/5605/5605 5604/5604/5604 5603/5603/5603
f 5597/5597/5597 5598/5598/5598 5599/5599/5599
f 5600/5600/5600 5597/5597/5597 5599/5599/5599
f 5602/5602/5602 5597/5597/5597 5600/5600/5600
f 362/362/362 363/363/363 361/361/361
f 361/361/361 363/363/363 364/364/364
f 1126/1126/1126 1125/1125/1125 1133/1133/1133
f 1125/1125/1125 1126/1126/1126 1127/1127/1127
f 1126/1126/1126 1132/1132/1132 1127/1127/1127
f 1126/1126/1126 1163/1163/1163 1132/1132/1132
f 1136/1136/1136 1163/1163/1163 1162/1162/1162
f 1132/1132/1132 1163/1163/1163 1136/1136/1136
f 3274/3274/3274 3266/3266/3266 3263/3263/3263
f 3266/3266/3266 3252/3252/3252 3263/3263/3263
f 1138/1138/1138 1136/1136/1136 1162/1162/1162
f 1784/1784/1784 1783/1783/1783 1788/1788/1788
f 1783/1783/1783 1789/1789/1789 1788/1788/1788
f 1783/1783/1783 1790/1790/1790 1789/1789/1789
f 1791/1791/1791 1783/1783/1783 1781/1781/1781
f 1790/1790/1790 1783/1783/1783 1791/1791/1791
f 1794/1794/1794 1781/1781/1781 1779/1779/1779
f 1150/1150/1150 1164/1164/1164 1151/1151/1151
f 1793/1793/1793 1779/1779/1779 1777/1777/1777
f 1794/1794/1794 1779/1779/1779 1793/1793/1793
f 1777/1777/1777 1776/1776/1776 1795/1795/1795
f 1777/1777/1777 1795/1795/1795 1793/1793/1793
f 6136/6136/6136 6138/6138/6138 6139/6139/6139
f 5865/5865/5865 5867/5867/5867 5998/5998/5998
f 6084/6084/6084 6096/6096/6096 6082/6082/6082
f 6112/6112/6112 6095/6095/6095 6082/6082/6082
f 6112/6112/6112 6082/6082/6082 6096/6096/6096
f 5990/5990/5990 5988/5988/5988 5989/5989/5989
f 5990/5990/5990 5989/5989/5989 5991/5991/5991
f 5995/5995/5995 5990/5990/5990 5991/5991/5991
f 5996/5996/5996 5995/5995/5995 5991/5991/5991
f 6087/6087/6087 6089/6089/6089 6088/6088/6088
f 5597/5597/5597 5593/5593/5593 5596/5596/5596
f 5593/5593/5593 5597/5597/5597 5646/5646/5646
f 5646/5646/5646 5597/5597/5597 5602/5602/5602
f 5715/5715/5715 5716/5716/5716 5717/5717/5717
f 1132/1132/1132 1130/1130/1130 1127/1127/1127
f 1130/1130/1130 1132/1132/1132 1135/1135/1135
f 1135/1135/1135 1132/1132/1132 1136/1136/1136
f 1135/1135/1135 1136/1136/1136 1137/1137/1137
f 1137/1137/1137 1136/1136/1136 1138/1138/1138
f 1137/1137/1137 1138/1138/1138 1139/1139/1139
f 1139/1139/1139 1138/1138/1138 1140/1140/1140
f 1139/1139/1139 1140/1140/1140 1141/1141/1141
f 1140/1140/1140 1146/1146/1146 1141/1141/1141
f 1140/1140/1140 1150/1150/1150 1146/1146/1146
f 1149/1149/1149 1150/1150/1150 1151/1151/1151
f 1146/1146/1146 1150/1150/1150 1149/1149/1149
f 1152/1152/1152 1151/1151/1151 1154/1154/1154
f 1149/1149/1149 1151/1151/1151 1152/1152/1152
f 6047/6047/6047 6058/6058/6058 6060/6060/6060
f 1154/1154/1154 1159/1159/1159 1158/1158/1158
f 1152/1152/1152 1154/1154/1154 1158/1158/1158
f 1159/1159/1159 1154/1154/1154 1160/1160/1160
f 6058/6058/6058 6043/6043/6043 6044/6044/6044
f 6047/6047/6047 6043/6043/6043 6058/6058/6058
f 6044/6044/6044 6040/6040/6040 6041/6041/6041
f 6043/6043/6043 6040/6040/6040 6044/6044/6044
f 6041/6041/6041 6038/6038/6038 6045/6045/6045
f 6040/6040/6040 6038/6038/6038 6041/6041/6041
f 6131/6131/6131 6133/6133/6133 6128/6128/6128
f 6038/6038/6038 6036/6036/6036 6045/6045/6045
f 6128/6128/6128 6132/6132/6132 6129/6129/6129
f 6133/6133/6133 6132/6132/6132 6128/6128/6128
f 6136/6136/6136 6137/6137/6137 6138/6138/6138
f 5895/5895/5895 5866/5866/5866 5865/5865/5865
f 6129/6129/6129 6132/6132/6132 6134/6134/6134
f 5865/5865/5865 5866/5866/5866 5867/5867/5867
f 5866/5866/5866 5868/5868/5868 5867/5867/5867
f 5866/5866/5866 5869/5869/5869 5868/5868/5868
f 5868/5868/5868 5892/5892/5892 5874/5874/5874
f 5869/5869/5869 5892/5892/5892 5868/5868/5868
f 5874/5874/5874 5878/5878/5878 5876/5876/5876
f 5892/5892/5892 5878/5878/5878 5874/5874/5874
f 5876/5876/5876 5879/5879/5879 5881/5881/5881
f 5878/5878/5878 5879/5879/5879 5876/5876/5876
f 6082/6082/6082 6078/6078/6078 6084/6084/6084
f 5882/5882/5882 5879/5879/5879 5884/5884/5884
f 5882/5882/5882 5881/5881/5881 5879/5879/5879
f 6078/6078/6078 6082/6082/6082 6081/6081/6081
f 6081/6081/6081 6082/6082/6082 6095/6095/6095
f 6081/6081/6081 6095/6095/6095 6085/6085/6085
f 1146/1146/1146 1147/1147/1147 1141/1141/1141
f 1147/1147/1147 1146/1146/1146 1148/1148/1148
f 1148/1148/1148 1146/1146/1146 1149/1149/1149
f 1148/1148/1148 1149/1149/1149 1153/1153/1153
f 1153/1153/1153 1149/1149/1149 1152/1152/1152
f 1153/1153/1153 1152/1152/1152 1158/1158/1158
f 3306/3306/3306 3293/3293/3293 3296/3296/3296
f 3315/3315/3315 3306/3306/3306 3352/3352/3352
f 3361/3361/3361 3362/3362/3362 3363/3363/3363
f 2088/2088/2088 2089/2089/2089 2090/2090/2090
f 2088/2088/2088 2090/2090/2090 2091/2091/2091
f 2089/2089/2089 2092/2092/2092 2090/2090/2090
f 3310/3310/3310 3311/3311/3311 3309/3309/3309
f 3308/3308/3308 3310/3310/3310 3309/3309/3309
f 3308/3308/3308 3309/3309/3309 3293/3293/3293
f 3307/3307/3307 3308/3308/3308 3293/3293/3293
f 3306/3306/3306 3307/3307/3307 3293/3293/3293
f 2088/2088/2088 2093/2093/2093 2089/2089/2089
f 3306/3306/3306 3315/3315/3315 3307/3307/3307
f 2093/2093/2093 2094/2094/2094 2089/2089/2089
f 3522/3522/3522 3523/3523/3523 3524/3524/3524
f 2095/2095/2095 2092/2092/2092 2089/2089/2089
f 3522/3522/3522 3525/3525/3525 3523/3523/3523
f 3527/3527/3527 3526/3526/3526 3522/3522/3522
f 3522/3522/3522 3526/3526/3526 3525/3525/3525
f 3528/3528/3528 3526/3526/3526 3527/3527/3527
f 3345/3345/3345 3344/3344/3344 3318/3318/3318
f 3353/3353/3353 3345/3345/3345 3318/3318/3318
f 3353/3353/3353 3318/3318/3318 3311/3311/3311
f 3340/3340/3340 3353/3353/3353 3311/3311/3311
f 3310/3310/3310 3340/3340/3340 3311/3311/3311
f 3340/3340/3340 3310/3310/3310 3308/3308/3308
f 1298/1298/1298 1305/1305/1305 1314/1314/1314
f 1298/1298/1298 1314/1314/1314 1315/1315/1315
f 1298/1298/1298 1315/1315/1315 1292/1292/1292
f 1291/1291/1291 1292/1292/1292 1293/1293/1293
f 1293/1293/1293 1292/1292/1292 1295/1295/1295
f 1292/1292/1292 1315/1315/1315 1295/1295/1295
f 1315/1315/1315 1357/1357/1357 1295/1295/1295
f 2162/2162/2162 2164/2164/2164 2163/2163/2163
f 2164/2164/2164 2178/2178/2178 2163/2163/2163
f 647/647/647 646/646/646 645/645/645
f 641/641/641 646/646/646 624/624/624
f 641/641/641 645/645/645 646/646/646
f 621/621/621 624/624/624 623/623/623
f 621/621/621 641/641/641 624/624/624
f 617/617/617 623/623/623 627/627/627
f 617/617/617 621/621/621 623/623/623
f 626/626/626 627/627/627 628/628/628
f 626/626/626 617/617/617 627/627/627
f 5314/5314/5314 5309/5309/5309 5307/5307/5307
f 5309/5309/5309 5305/5305/5305 5307/5307/5307
f 629/629/629 626/626/626 628/628/628
f 5314/5314/5314 5315/5315/5315 5309/5309/5309
f 3330/3330/3330 3329/3329/3329 3328/3328/3328
f 3331/3331/3331 3330/3330/3330 3328/3328/3328
f 3331/3331/3331 3328/3328/3328 3344/3344/3344
f 3346/3346/3346 3331/3331/3331 3344/3344/3344
f 3345/3345/3345 3346/3346/3346 3344/3344/3344
f 3346/3346/3346 3345/3345/3345 3353/3353/3353
f 1294/1294/1294 1291/1291/1291 1293/1293/1293
f 2161/2161/2161 2162/2162/2162 2163/2163/2163
f 5369/5369/5369 5373/5373/5373 5372/5372/5372
f 765/765/765 767/767/767 766/766/766
f 763/763/763 765/765/765 766/766/766
f 762/762/762 765/765/765 763/763/763
f 5315/5315/5315 5314/5314/5314 5316/5316/5316
f 5314/5314/5314 5317/5317/5317 5316/5316/5316
f 765/765/765 762/762/762 764/764/764
f 5317/5317/5317 5318/5318/5318 5316/5316/5316
f 1391/1391/1391 1388/1388/1388 1419/1419/1419
f 1419/1419/1419 1388/1388/1388 1420/1420/1420
f 1419/1419/1419 1408/1408/1408 1392/1392/1392
f 1419/1419/1419 1392/1392/1392 1391/1391/1391
f 5374/5374/5374 5373/5373/5373 5369/5369/5369
f 5373/5373/5373 5374/5374/5374 5375/5375/5375
f 5391/5391/5391 5373/5373/5373 5375/5375/5375
f 762/762/762 763/763/763 760/760/760
f 762/762/762 761/761/761 764/764/764
f 762/762/762 760/760/760 761/761/761
f 770/770/770 764/764/764 768/768/768
f 768/768/768 764/764/764 761/761/761
f 1391/1391/1391 1389/1389/1389 1388/1388/1388
f 1393/1393/1393 1396/1396/1396 1395/1395/1395
f 1393/1393/1393 1395/1395/1395 1389/1389/1389
f 1392/1392/1392 1393/1393/1393 1389/1389/1389
f 1391/1391/1391 1392/1392/1392 1389/1389/1389
f 1399/1399/1399 1396/1396/1396 1393/1393/1393
f 5377/5377/5377 5392/5392/5392 5391/5391/5391
f 5377/5377/5377 5391/5391/5391 5375/5375/5375
f 760/760/760 758/758/758 761/761/761
f 760/760/760 757/757/757 758/758/758
f 768/768/768 761/761/761 769/769/769
f 769/769/769 761/761/761 758/758/758
f 1377/1377/1377 1385/1385/1385 1396/1396/1396
f 1396/1396/1396 1385/1385/1385 1395/1395/1395
f 1396/1396/1396 1399/1399/1399 1406/1406/1406
f 1396/1396/1396 1406/1406/1406 1377/1377/1377
f 6142/6142/6142 6143/6143/6143 6144/6144/6144
f 5392/5392/5392 5377/5377/5377 5390/5390/5390
f 6143/6143/6143 6146/6146/6146 6144/6144/6144
f 754/754/754 757/757/757 752/752/752
f 771/771/771 758/758/758 759/759/759
f 758/758/758 754/754/754 759/759/759
f 758/758/758 757/757/757 754/754/754
f 758/758/758 771/771/771 769/769/769
f 1367/1367/1367 1364/1364/1364 1365/1365/1365
f 1385/1385/1385 1377/1377/1377 1365/1365/1365
f 1377/1377/1377 1367/1367/1367 1365/1365/1365
f 1377/1377/1377 1373/1373/1373 1367/1367/1367
f 1377/1377/1377 1406/1406/1406 1375/1375/1375
f 1377/1377/1377 1375/1375/1375 1373/1373/1373
f 113/113/113 114/114/114 115/115/115
f 6108/6108/6108 6107/6107/6107 6106/6106/6106
f 6108/6108/6108 6106/6106/6106 6111/6111/6111
f 5924/5924/5924 5926/5926/5926 5925/5925/5925
f 5924/5924/5924 5925/5925/5925 5921/5921/5921
f 5929/5929/5929 5954/5954/5954 5926/5926/5926
f 5929/5929/5929 5926/5926/5926 5924/5924/5924
f 756/756/756 753/753/753 752/752/752
f 6141/6141/6141 6145/6145/6145 6143/6143/6143
f 6142/6142/6142 6141/6141/6141 6143/6143/6143
f 6147/6147/6147 6145/6145/6145 6141/6141/6141
f 752/752/752 753/753/753 754/754/754
f 754/754/754 753/753/753 755/755/755
f 754/754/754 755/755/755 759/759/759
f 264/264/264 263/263/263 268/268/268
f 367/367/367 370/370/370 371/371/371
f 1767/1767/1767 1766/1766/1766 1774/1774/1774
f 1775/1775/1775 1767/1767/1767 1774/1774/1774
f 1368/1368/1368 1366/1366/1366 1364/1364/1364
f 1369/1369/1369 1368/1368/1368 1364/1364/1364
f 1367/1367/1367 1369/1369/1369 1364/1364/1364
f 1369/1369/1369 1367/1367/1367 1373/1373/1373
f 1369/1369/1369 1373/1373/1373 1372/1372/1372
f 116/116/116 117/117/117 118/118/118
f 6110/6110/6110 6106/6106/6106 6105/6105/6105
f 5916/5916/5916 5918/5918/5918 5917/5917/5917
f 6103/6103/6103 6106/6106/6106 6107/6107/6107
f 6105/6105/6105 6106/6106/6106 6103/6103/6103
f 6090/6090/6090 6103/6103/6103 6109/6109/6109
f 5927/5927/5927 5926/5926/5926 5928/5928/5928
f 5927/5927/5927 5925/5925/5925 5926/5926/5926
f 5928/5928/5928 5926/5926/5926 5930/5930/5930
f 5930/5930/5930 5926/5926/5926 5954/5954/5954
f 5930/5930/5930 5954/5954/5954 5952/5952/5952
f 265/265/265 262/262/262 264/264/264
f 264/264/264 262/262/262 263/263/263
f 368/368/368 369/369/369 367/367/367
f 367/367/367 369/369/369 370/370/370
f 1771/1771/1771 1776/1776/1776 1768/1768/1768
f 1760/1760/1760 1770/1770/1770 1768/1768/1768
f 1768/1768/1768 1770/1770/1770 1771/1771/1771
f 1762/1762/1762 1773/1773/1773 1760/1760/1760
f 1760/1760/1760 1773/1773/1773 1770/1770/1770
f 1766/1766/1766 1767/1767/1767 1762/1762/1762
f 1767/1767/1767 1773/1773/1773 1762/1762/1762
f 1767/1767/1767 1796/1796/1796 1773/1773/1773
f 1767/1767/1767 1775/1775/1775 1797/1797/1797
f 1767/1767/1767 1797/1797/1797 1796/1796/1796
f 5917/5917/5917 5918/5918/5918 5960/5960/5960
f 5917/5917/5917 5960/5960/5960 5987/5987/5987
f 5989/5989/5989 5960/5960/5960 5993/5993/5993
f 6104/6104/6104 6103/6103/6103 6102/6102/6102
f 6104/6104/6104 6105/6105/6105 6103/6103/6103
f 6102/6102/6102 6103/6103/6103 6090/6090/6090
f 5609/5609/5609 5598/5598/5598 5604/5604/5604
f 5598/5598/5598 5609/5609/5609 5599/5599/5599
f 1798/1798/1798 1795/1795/1795 1771/1771/1771
f 1771/1771/1771 1795/1795/1795 1776/1776/1776
f 1799/1799/1799 1771/1771/1771 1770/1770/1770
f 1798/1798/1798 1771/1771/1771 1799/1799/1799
f 1801/1801/1801 1770/1770/1770 1773/1773/1773
f 1799/1799/1799 1770/1770/1770 1801/1801/1801
f 1802/1802/1802 1773/1773/1773 1796/1796/1796
f 1801/1801/1801 1773/1773/1773 1802/1802/1802
f 1796/1796/1796 1797/1797/1797 1800/1800/1800
f 1803/1803/1803 1796/1796/1796 1800/1800/1800
f 1802/1802/1802 1796/1796/1796 1803/1803/1803
f 6029/6029/6029 5999/5999/5999 6034/6034/6034
f 6029/6029/6029 6034/6034/6034 6032/6032/6032
f 6013/6013/6013 5896/5896/5896 5999/5999/5999
f 6013/6013/6013 5999/5999/5999 6029/6029/6029
f 6153/6153/6153 6156/6156/6156 6154/6154/6154
f 6153/6153/6153 6154/6154/6154 6155/6155/6155
f 5897/5897/5897 5883/5883/5883 6018/6018/6018
f 5897/5897/5897 6018/6018/6018 5914/5914/5914
f 5885/5885/5885 5880/5880/5880 5883/5883/5883
f 5885/5885/5885 5883/5883/5883 5897/5897/5897
f 6030/6030/6030 5886/5886/5886 5880/5880/5880
f 6030/6030/6030 5880/5880/5880 5885/5885/5885
f 6096/6096/6096 6084/6084/6084 6097/6097/6097
f 6098/6098/6098 6096/6096/6096 6097/6097/6097
f 6099/6099/6099 6096/6096/6096 6098/6098/6098
f 5960/5960/5960 5988/5988/5988 5987/5987/5987
f 5988/5988/5988 5997/5997/5997 5987/5987/5987
f 6112/6112/6112 6096/6096/6096 6099/6099/6099
f 5988/5988/5988 5960/5960/5960 5989/5989/5989
f 1161/1161/1161 1159/1159/1159 1160/1160/1160
f 6047/6047/6047 6046/6046/6046 6043/6043/6043
f 6043/6043/6043 6046/6046/6046 6042/6042/6042
f 6043/6043/6043 6042/6042/6042 6040/6040/6040
f 6040/6040/6040 6042/6042/6042 6039/6039/6039
f 6040/6040/6040 6039/6039/6039 6038/6038/6038
f 6038/6038/6038 6039/6039/6039 6037/6037/6037
f 6038/6038/6038 6037/6037/6037 6036/6036/6036
f 6036/6036/6036 6037/6037/6037 6034/6034/6034
f 6036/6036/6036 6034/6034/6034 6035/6035/6035
f 6035/6035/6035 6034/6034/6034 5999/5999/5999
f 6132/6132/6132 6135/6135/6135 6134/6134/6134
f 5866/5866/5866 5999/5999/5999 5896/5896/5896
f 5866/5866/5866 5896/5896/5896 5869/5869/5869
f 5869/5869/5869 5896/5896/5896 6018/6018/6018
f 5869/5869/5869 6018/6018/6018 5892/5892/5892
f 5892/5892/5892 6018/6018/6018 5883/5883/5883
f 5892/5892/5892 5883/5883/5883 5878/5878/5878
f 5878/5878/5878 5883/5883/5883 5880/5880/5880
f 5878/5878/5878 5880/5880/5880 5879/5879/5879
f 5879/5879/5879 5880/5880/5880 5886/5886/5886
f 5879/5879/5879 5886/5886/5886 5884/5884/5884
f 3314/3314/3314 3315/3315/3315 3352/3352/3352
f 1309/1309/1309 1349/1349/1349 1358/1358/1358
f 3313/3313/3313 3308/3308/3308 3307/3307/3307
f 3315/3315/3315 3314/3314/3314 3307/3307/3307
f 3314/3314/3314 3313/3313/3313 3307/3307/3307
f 1349/1349/1349 1306/1306/1306 1312/1312/1312
f 1305/1305/1305 1306/1306/1306 1309/1309/1309
f 1309/1309/1309 1306/1306/1306 1349/1349/1349
f 2381/2381/2381 2384/2384/2384 2377/2377/2377
f 2379/2379/2379 2380/2380/2380 2377/2377/2377
f 2377/2377/2377 2380/2380/2380 2381/2381/2381
f 2307/2307/2307 2303/2303/2303 2305/2305/2305
f 3347/3347/3347 3348/3348/3348 3340/3340/3340
f 3340/3340/3340 3348/3348/3348 3353/3353/3353
f 3347/3347/3347 3340/3340/3340 3308/3308/3308
f 1313/1313/1313 1321/1321/1321 1324/1324/1324
f 1312/1312/1312 1313/1313/1313 1324/1324/1324
f 1321/1321/1321 1313/1313/1313 1318/1318/1318
f 1307/1307/1307 1312/1312/1312 1306/1306/1306
f 1313/1313/1313 1312/1312/1312 1307/1307/1307
f 1298/1298/1298 1304/1304/1304 1305/1305/1305
f 1304/1304/1304 1306/1306/1306 1305/1305/1305
f 1304/1304/1304 1307/1307/1307 1306/1306/1306
f 1292/1292/1292 1296/1296/1296 1298/1298/1298
f 1298/1298/1298 1296/1296/1296 1304/1304/1304
f 1291/1291/1291 1296/1296/1296 1292/1292/1292
f 2172/2172/2172 2163/2163/2163 2178/2178/2178
f 2172/2172/2172 2178/2178/2178 2175/2175/2175
f 2178/2178/2178 2179/2179/2179 2175/2175/2175
f 645/645/645 641/641/641 640/640/640
f 620/620/620 641/641/641 621/621/621
f 620/620/620 640/640/640 641/641/641
f 617/617/617 618/618/618 619/619/619
f 620/620/620 617/617/617 619/619/619
f 621/621/621 617/617/617 620/620/620
f 618/618/618 617/617/617 626/626/626
f 2377/2377/2377 2378/2378/2378 2379/2379/2379
f 2301/2301/2301 2303/2303/2303 2307/2307/2307
f 2311/2311/2311 2301/2301/2301 2307/2307/2307
f 629/629/629 630/630/630 626/626/626
f 5319/5319/5319 5344/5344/5344 5315/5315/5315
f 5344/5344/5344 5309/5309/5309 5315/5315/5315
f 631/631/631 630/630/630 629/629/629
f 5319/5319/5319 5339/5339/5339 5344/5344/5344
f 3350/3350/3350 3331/3331/3331 3346/3346/3346
f 3351/3351/3351 3350/3350/3350 3346/3346/3346
f 3353/3353/3353 3351/3351/3351 3346/3346/3346
f 3368/3368/3368 3369/3369/3369 3370/3370/3370
f 1317/1317/1317 1318/1318/1318 1313/1313/1313
f 1316/1316/1316 1319/1319/1319 1317/1317/1317
f 1313/1313/1313 1316/1316/1316 1317/1317/1317
f 1307/1307/1307 1316/1316/1316 1313/1313/1313
f 1308/1308/1308 1307/1307/1307 1304/1304/1304
f 1316/1316/1316 1307/1307/1307 1308/1308/1308
f 1299/1299/1299 1304/1304/1304 1296/1296/1296
f 1308/1308/1308 1304/1304/1304 1299/1299/1299
f 1294/1294/1294 1297/1297/1297 1291/1291/1291
f 1297/1297/1297 1296/1296/1296 1291/1291/1291
f 1297/1297/1297 1299/1299/1299 1296/1296/1296
f 2165/2165/2165 2166/2166/2166 2161/2161/2161
f 2165/2165/2165 2161/2161/2161 2163/2163/2163
f 2171/2171/2171 2165/2165/2165 2163/2163/2163
f 2172/2172/2172 2171/2171/2171 2163/2163/2163
f 2171/2171/2171 2172/2172/2172 2175/2175/2175
f 5316/5316/5316 5319/5319/5319 5315/5315/5315
f 5316/5316/5316 5318/5318/5318 5319/5319/5319
f 5318/5318/5318 5339/5339/5339 5319/5319/5319
f 2230/2230/2230 2225/2225/2225 2220/2220/2220
f 1394/1394/1394 1392/1392/1392 1404/1404/1404
f 1404/1404/1404 1392/1392/1392 1408/1408/1408
f 1404/1404/1404 1403/1403/1403 1401/1401/1401
f 1404/1404/1404 1401/1401/1401 1394/1394/1394
f 1319/1319/1319 1316/1316/1316 1326/1326/1326
f 1319/1319/1319 1326/1326/1326 1328/1328/1328
f 1308/1308/1308 1311/1311/1311 1325/1325/1325
f 1326/1326/1326 1308/1308/1308 1325/1325/1325
f 1316/1316/1316 1308/1308/1308 1326/1326/1326
f 1311/1311/1311 1308/1308/1308 1299/1299/1299
f 1311/1311/1311 1299/1299/1299 1301/1301/1301
f 1300/1300/1300 1302/1302/1302 1301/1301/1301
f 1299/1299/1299 1300/1300/1300 1301/1301/1301
f 1297/1297/1297 1300/1300/1300 1299/1299/1299
f 2166/2166/2166 2165/2165/2165 2167/2167/2167
f 2166/2166/2166 2167/2167/2167 2177/2177/2177
f 2232/2232/2232 2225/2225/2225 2230/2230/2230
f 2232/2232/2232 2228/2228/2228 2225/2225/2225
f 1394/1394/1394 1393/1393/1393 1392/1392/1392
f 1400/1400/1400 1405/1405/1405 1399/1399/1399
f 1400/1400/1400 1399/1399/1399 1393/1393/1393
f 1401/1401/1401 1400/1400/1400 1393/1393/1393
f 1394/1394/1394 1401/1401/1401 1393/1393/1393
f 1440/1440/1440 1439/1439/1439 1405/1405/1405
f 1440/1440/1440 1405/1405/1405 1400/1400/1400
f 1328/1328/1328 1326/1326/1326 1327/1327/1327
f 1440/1440/1440 1441/1441/1441 1439/1439/1439
f 1327/1327/1327 1326/1326/1326 1325/1325/1325
f 1302/1302/1302 1300/1300/1300 1310/1310/1310
f 1302/1302/1302 1310/1310/1310 1329/1329/1329
f 2177/2177/2177 2167/2167/2167 2180/2180/2180
f 1300/1300/1300 1355/1355/1355 1310/1310/1310
f 2231/2231/2231 2228/2228/2228 2232/2232/2232
f 2231/2231/2231 2229/2229/2229 2228/2228/2228
f 1407/1407/1407 1406/1406/1406 1405/1405/1405
f 1405/1405/1405 1406/1406/1406 1399/1399/1399
f 1439/1439/1439 1438/1438/1438 1431/1431/1431
f 1407/1407/1407 1439/1439/1439 1431/1431/1431
f 1405/1405/1405 1439/1439/1439 1407/1407/1407
f 1438/1438/1438 1439/1439/1439 1441/1441/1441
f 1329/1329/1329 1310/1310/1310 1330/1330/1330
f 1329/1329/1329 1330/1330/1330 1332/1332/1332
f 1310/1310/1310 1355/1355/1355 1359/1359/1359
f 1331/1331/1331 1310/1310/1310 1359/1359/1359
f 1330/1330/1330 1310/1310/1310 1331/1331/1331
f 1360/1360/1360 1361/1361/1361 1331/1331/1331
f 1360/1360/1360 1331/1331/1331 1359/1359/1359
f 1215/1215/1215 1229/1229/1229 1210/1210/1210
f 5937/5937/5937 5940/5940/5940 5939/5939/5939
f 5937/5937/5937 5939/5939/5939 5938/5938/5938
f 5942/5942/5942 5939/5939/5939 5941/5941/5941
f 5941/5941/5941 5939/5939/5939 5940/5940/5940
f 1428/1428/1428 1375/1375/1375 1407/1407/1407
f 1407/1407/1407 1375/1375/1375 1406/1406/1406
f 1407/1407/1407 1431/1431/1431 1430/1430/1430
f 1407/1407/1407 1430/1430/1430 1428/1428/1428
f 1332/1332/1332 1330/1330/1330 1333/1333/1333
f 1332/1332/1332 1333/1333/1333 1356/1356/1356
f 5916/5916/5916 5915/5915/5915 5919/5919/5919
f 5915/5915/5915 5920/5920/5920 5919/5919/5919
f 1333/1333/1333 1330/1330/1330 1331/1331/1331
f 5919/5919/5919 5920/5920/5920 5921/5921/5921
f 5921/5921/5921 5920/5920/5920 5922/5922/5922
f 1215/1215/1215 1214/1214/1214 1229/1229/1229
f 5923/5923/5923 5921/5921/5921 5922/5922/5922
f 5923/5923/5923 5924/5924/5924 5921/5921/5921
f 5924/5924/5924 5931/5931/5931 5929/5929/5929
f 1214/1214/1214 1226/1226/1226 1227/1227/1227
f 5929/5929/5929 5932/5932/5932 5934/5934/5934
f 5931/5931/5931 5932/5932/5932 5929/5929/5929
f 5934/5934/5934 5935/5935/5935 5936/5936/5936
f 5932/5932/5932 5935/5935/5935 5934/5934/5934
f 5938/5938/5938 5936/5936/5936 5937/5937/5937
f 5937/5937/5937 5936/5936/5936 5935/5935/5935
f 1370/1370/1370 1368/1368/1368 1369/1369/1369
f 1372/1372/1372 1371/1371/1371 1369/1369/1369
f 1369/1369/1369 1371/1371/1371 1370/1370/1370
f 1374/1374/1374 1371/1371/1371 1372/1372/1372
f 1374/1374/1374 1372/1372/1372 1375/1375/1375
f 1376/1376/1376 1374/1374/1374 1375/1375/1375
f 1428/1428/1428 1376/1376/1376 1375/1375/1375
f 1376/1376/1376 1428/1428/1428 1430/1430/1430
f 5910/5910/5910 5915/5915/5915 5912/5912/5912
f 5910/5910/5910 5912/5912/5912 5909/5909/5909
f 5917/5917/5917 5912/5912/5912 5916/5916/5916
f 5916/5916/5916 5912/5912/5912 5915/5915/5915
f 1384/1384/1384 1380/1380/1380 1370/1370/1370
f 1370/1370/1370 1380/1380/1380 1368/1368/1368
f 1378/1378/1378 1370/1370/1370 1371/1371/1371
f 1384/1384/1384 1370/1370/1370 1378/1378/1378
f 1371/1371/1371 1374/1374/1374 1381/1381/1381
f 1379/1379/1379 1371/1371/1371 1381/1381/1381
f 1378/1378/1378 1371/1371/1371 1379/1379/1379
f 1382/1382/1382 1379/1379/1379 1381/1381/1381
f 6026/6026/6026 5907/5907/5907 5913/5913/5913
f 5913/5913/5913 5907/5907/5907 5909/5909/5909
f 5912/5912/5912 5913/5913/5913 5909/5909/5909
f 6014/6014/6014 5913/5913/5913 5912/5912/5912
f 5987/5987/5987 6014/6014/6014 5917/5917/5917
f 5917/5917/5917 6014/6014/6014 5912/5912/5912
f 6031/6031/6031 6032/6032/6032 6033/6033/6033
f 6032/6032/6032 6031/6031/6031 6029/6029/6029
f 6029/6029/6029 6031/6031/6031 6028/6028/6028
f 6029/6029/6029 6028/6028/6028 6013/6013/6013
f 6013/6013/6013 6028/6028/6028 6027/6027/6027
f 1382/1382/1382 1383/1383/1383 1379/1379/1379
f 5906/5906/5906 6013/6013/6013 6027/6027/6027
f 5906/5906/5906 5914/5914/5914 6013/6013/6013
f 5914/5914/5914 5899/5899/5899 5897/5897/5897
f 5906/5906/5906 5899/5899/5899 5914/5914/5914
f 5897/5897/5897 5898/5898/5898 5885/5885/5885
f 5899/5899/5899 5898/5898/5898 5897/5897/5897
f 5913/5913/5913 6030/6030/6030 6026/6026/6026
f 6030/6030/6030 5898/5898/5898 6026/6026/6026
f 6030/6030/6030 5885/5885/5885 5898/5898/5898
f 6098/6098/6098 6100/6100/6100 6099/6099/6099
f 6099/6099/6099 6100/6100/6100 6101/6101/6101
f 5997/5997/5997 6014/6014/6014 5987/5987/5987
f 2387/2387/2387 2385/2385/2385 2386/2386/2386
f 2309/2309/2309 2308/2308/2308 2310/2310/2310
f 2382/2382/2382 2383/2383/2383 2381/2381/2381
f 2381/2381/2381 2383/2383/2383 2384/2384/2384
f 2380/2380/2380 2386/2386/2386 2385/2385/2385
f 2382/2382/2382 2380/2380/2380 2385/2385/2385
f 2381/2381/2381 2380/2380/2380 2382/2382/2382
f 2302/2302/2302 2304/2304/2304 2303/2303/2303
f 2303/2303/2303 2304/2304/2304 2305/2305/2305
f 2304/2304/2304 2308/2308/2308 2305/2305/2305
f 2308/2308/2308 2309/2309/2309 2305/2305/2305
f 2302/2302/2302 2306/2306/2306 2304/2304/2304
f 3349/3349/3349 3348/3348/3348 3347/3347/3347
f 1318/1318/1318 1322/1322/1322 1321/1321/1321
f 2176/2176/2176 2175/2175/2175 2179/2179/2179
f 2176/2176/2176 2179/2179/2179 2155/2155/2155
f 2179/2179/2179 2160/2160/2160 2155/2155/2155
f 640/640/640 620/620/620 639/639/639
f 620/620/620 619/619/619 622/622/622
f 620/620/620 622/622/622 639/639/639
f 2301/2301/2301 2302/2302/2302 2303/2303/2303
f 632/632/632 635/635/635 634/634/634
f 630/630/630 632/632/632 634/634/634
f 631/631/631 632/632/632 630/630/630
f 2221/2221/2221 2220/2220/2220 2215/2215/2215
f 2215/2215/2215 2220/2220/2220 2214/2214/2214
f 1323/1323/1323 1403/1403/1403 1322/1322/1322
f 1322/1322/1322 1403/1403/1403 1435/1435/1435
f 1317/1317/1317 1320/1320/1320 1318/1318/1318
f 1320/1320/1320 1322/1322/1322 1318/1318/1318
f 1320/1320/1320 1323/1323/1323 1322/1322/1322
f 1319/1319/1319 1320/1320/1320 1317/1317/1317
f 2168/2168/2168 2165/2165/2165 2171/2171/2171
f 2173/2173/2173 2168/2168/2168 2171/2171/2171
f 2173/2173/2173 2171/2171/2171 2175/2175/2175
f 2154/2154/2154 2173/2173/2173 2175/2175/2175
f 2176/2176/2176 2154/2154/2154 2175/2175/2175
f 119/119/119 120/120/120 121/121/121
f 2225/2225/2225 2214/2214/2214 2220/2220/2220
f 2225/2225/2225 2224/2224/2224 2214/2214/2214
f 1402/1402/1402 1401/1401/1401 1323/1323/1323
f 1323/1323/1323 1401/1401/1401 1403/1403/1403
f 1352/1352/1352 1323/1323/1323 1320/1320/1320
f 1402/1402/1402 1323/1323/1323 1352/1352/1352
f 1328/1328/1328 1352/1352/1352 1319/1319/1319
f 1319/1319/1319 1352/1352/1352 1320/1320/1320
f 122/122/122 123/123/123 124/124/124
f 1301/1301/1301 1303/1303/1303 1311/1311/1311
f 1311/1311/1311 1303/1303/1303 1339/1339/1339
f 1302/1302/1302 1303/1303/1303 1301/1301/1301
f 2169/2169/2169 2167/2167/2167 2168/2168/2168
f 2168/2168/2168 2167/2167/2167 2165/2165/2165
f 2168/2168/2168 2173/2173/2173 2170/2170/2170
f 2168/2168/2168 2170/2170/2170 2169/2169/2169
f 2228/2228/2228 2224/2224/2224 2225/2225/2225
f 2228/2228/2228 2226/2226/2226 2224/2224/2224
f 1402/1402/1402 1400/1400/1400 1401/1401/1401
f 1400/1400/1400 1402/1402/1402 1440/1440/1440
f 1440/1440/1440 1402/1402/1402 1352/1352/1352
f 1441/1441/1441 1440/1440/1440 1340/1340/1340
f 1440/1440/1440 1352/1352/1352 1340/1340/1340
f 1328/1328/1328 1327/1327/1327 1340/1340/1340
f 1328/1328/1328 1340/1340/1340 1352/1352/1352
f 1325/1325/1325 1339/1339/1339 1327/1327/1327
f 1339/1339/1339 1340/1340/1340 1327/1327/1327
f 1339/1339/1339 1337/1337/1337 1340/1340/1340
f 1338/1338/1338 1339/1339/1339 1303/1303/1303
f 1337/1337/1337 1339/1339/1339 1338/1338/1338
f 1329/1329/1329 1338/1338/1338 1302/1302/1302
f 1302/1302/1302 1338/1338/1338 1303/1303/1303
f 2181/2181/2181 2180/2180/2180 2169/2169/2169
f 2169/2169/2169 2180/2180/2180 2167/2167/2167
f 1223/1223/1223 1222/1222/1222 1221/1221/1221
f 1211/1211/1211 1223/1223/1223 1221/1221/1221
f 1230/1230/1230 1223/1223/1223 1211/1211/1211
f 1207/1207/1207 1211/1211/1211 1221/1221/1221
f 2229/2229/2229 2226/2226/2226 2228/2228/2228
f 2229/2229/2229 2227/2227/2227 2226/2226/2226
f 1344/1344/1344 1431/1431/1431 1438/1438/1438
f 1441/1441/1441 1340/1340/1340 1438/1438/1438
f 1340/1340/1340 1344/1344/1344 1438/1438/1438
f 1340/1340/1340 1341/1341/1341 1344/1344/1344
f 1336/1336/1336 1340/1340/1340 1337/1337/1337
f 1341/1341/1341 1340/1340/1340 1336/1336/1336
f 1334/1334/1334 1337/1337/1337 1338/1338/1338
f 1336/1336/1336 1337/1337/1337 1334/1334/1334
f 1332/1332/1332 1334/1334/1334 1329/1329/1329
f 1329/1329/1329 1334/1334/1334 1338/1338/1338
f 1230/1230/1230 1231/1231/1231 1232/1232/1232
f 1231/1231/1231 1230/1230/1230 1210/1210/1210
f 1210/1210/1210 1230/1230/1230 1211/1211/1211
f 1208/1208/1208 1212/1212/1212 1215/1215/1215
f 1208/1208/1208 1215/1215/1215 1210/1210/1210
f 1207/1207/1207 1208/1208/1208 1210/1210/1210
f 1211/1211/1211 1207/1207/1207 1210/1210/1210
f 1209/1209/1209 1212/1212/1212 1208/1208/1208
f 5957/5957/5957 5959/5959/5959 6025/6025/6025
f 6157/6157/6157 6158/6158/6158 6159/6159/6159
f 6020/6020/6020 6025/6025/6025 5959/5959/5959
f 5940/5940/5940 5937/5937/5937 5943/5943/5943
f 6020/6020/6020 5940/5940/5940 5943/5943/5943
f 5945/5945/5945 5940/5940/5940 6020/6020/6020
f 5941/5941/5941 5940/5940/5940 5944/5944/5944
f 5944/5944/5944 5940/5940/5940 5945/5945/5945
f 1345/1345/1345 1430/1430/1430 1344/1344/1344
f 1344/1344/1344 1430/1430/1430 1431/1431/1431
f 1343/1343/1343 1344/1344/1344 1341/1341/1341
f 1345/1345/1345 1344/1344/1344 1343/1343/1343
f 1342/1342/1342 1341/1341/1341 1336/1336/1336
f 1343/1343/1343 1341/1341/1341 1342/1342/1342
f 1335/1335/1335 1336/1336/1336 1334/1334/1334
f 1342/1342/1342 1336/1336/1336 1335/1335/1335
f 1356/1356/1356 1335/1335/1335 1332/1332/1332
f 1332/1332/1332 1335/1335/1335 1334/1334/1334
f 1212/1212/1212 1214/1214/1214 1215/1215/1215
f 1209/1209/1209 1213/1213/1213 1212/1212/1212
f 1213/1213/1213 1214/1214/1214 1212/1212/1212
f 1213/1213/1213 1226/1226/1226 1214/1214/1214
f 6025/6025/6025 5932/5932/5932 5957/5957/5957
f 5932/5932/5932 5933/5933/5933 5957/5957/5957
f 5932/5932/5932 5931/5931/5931 5933/5933/5933
f 5932/5932/5932 6025/6025/6025 5935/5935/5935
f 5935/5935/5935 6025/6025/6025 5943/5943/5943
f 5935/5935/5935 5943/5943/5943 5937/5937/5937
f 1351/1351/1351 1374/1374/1374 1376/1376/1376
f 1430/1430/1430 1345/1345/1345 1376/1376/1376
f 1345/1345/1345 1351/1351/1351 1376/1376/1376
f 1345/1345/1345 1348/1348/1348 1351/1351/1351
f 1346/1346/1346 1345/1345/1345 1343/1343/1343
f 1348/1348/1348 1345/1345/1345 1346/1346/1346
f 1347/1347/1347 1343/1343/1343 1342/1342/1342
f 1346/1346/1346 1343/1343/1343 1347/1347/1347
f 1350/1350/1350 1342/1342/1342 1335/1335/1335
f 1347/1347/1347 1342/1342/1342 1350/1350/1350
f 5909/5909/5909 5905/5905/5905 5910/5910/5910
f 5910/5910/5910 5905/5905/5905 5911/5911/5911
f 1351/1351/1351 1381/1381/1381 1374/1374/1374
f 1381/1381/1381 1351/1351/1351 1382/1382/1382
f 1351/1351/1351 1353/1353/1353 1382/1382/1382
f 1351/1351/1351 1348/1348/1348 1353/1353/1353
f 1354/1354/1354 1348/1348/1348 1346/1346/1346
f 1353/1353/1353 1348/1348/1348 1354/1354/1354
f 5901/5901/5901 5903/5903/5903 5904/5904/5904
f 5900/5900/5900 5903/5903/5903 5901/5901/5901
f 6026/6026/6026 5901/5901/5901 5907/5907/5907
f 5901/5901/5901 5905/5905/5905 5907/5907/5907
f 5901/5901/5901 5904/5904/5904 5905/5905/5905
f 5907/5907/5907 5905/5905/5905 5909/5909/5909
f 5902/5902/5902 5906/5906/5906 5908/5908/5908
f 5906/5906/5906 5902/5902/5902 5899/5899/5899
f 5899/5899/5899 5902/5902/5902 5900/5900/5900
f 5899/5899/5899 5900/5900/5900 5898/5898/5898
f 5898/5898/5898 5900/5900/5900 5901/5901/5901
f 5898/5898/5898 5901/5901/5901 6026/6026/6026
f 2391/2391/2391 2390/2390/2390 2387/2387/2387
f 2387/2387/2387 2390/2390/2390 2385/2385/2385
f 2202/2202/2202 2196/2196/2196 2201/2201/2201
f 2201/2201/2201 2196/2196/2196 2200/2200/2200
f 2389/2389/2389 2388/2388/2388 2382/2382/2382
f 2382/2382/2382 2388/2388/2388 2383/2383/2383
f 2382/2382/2382 2385/2385/2385 2390/2390/2390
f 2382/2382/2382 2390/2390/2390 2389/2389/2389
f 2195/2195/2195 2200/2200/2200 2196/2196/2196
f 2195/2195/2195 2196/2196/2196 2197/2197/2197
f 2197/2197/2197 2198/2198/2198 2195/2195/2195
f 2195/2195/2195 2198/2198/2198 2199/2199/2199
f 2158/2158/2158 2156/2156/2156 2160/2160/2160
f 2160/2160/2160 2156/2156/2156 2155/2155/2155
f 639/639/639 622/622/622 642/642/642
f 639/639/639 642/642/642 643/643/643
f 636/636/636 637/637/637 635/635/635
f 636/636/636 635/635/635 632/632/632
f 2215/2215/2215 2214/2214/2214 2211/2211/2211
f 2211/2211/2211 2214/2214/2214 2213/2213/2213
f 2151/2151/2151 2173/2173/2173 2154/2154/2154
f 2150/2150/2150 2151/2151/2151 2154/2154/2154
f 2155/2155/2155 2150/2150/2150 2154/2154/2154
f 2156/2156/2156 2150/2150/2150 2155/2155/2155
f 2224/2224/2224 2213/2213/2213 2214/2214/2214
f 2224/2224/2224 2219/2219/2219 2213/2213/2213
f 2174/2174/2174 2170/2170/2170 2151/2151/2151
f 2151/2151/2151 2170/2170/2170 2173/2173/2173
f 2151/2151/2151 2150/2150/2150 2148/2148/2148
f 2152/2152/2152 2151/2151/2151 2148/2148/2148
f 2174/2174/2174 2151/2151/2151 2152/2152/2152
f 2145/2145/2145 2152/2152/2152 2148/2148/2148
f 2226/2226/2226 2219/2219/2219 2224/2224/2224
f 2226/2226/2226 2223/2223/2223 2219/2219/2219
f 1205/1205/1205 1221/1221/1221 1222/1222/1222
f 1221/1221/1221 1205/1205/1205 1207/1207/1207
f 1205/1205/1205 1206/1206/1206 1207/1207/1207
f 1205/1205/1205 1228/1228/1228 1206/1206/1206
f 2152/2152/2152 2145/2145/2145 2153/2153/2153
f 1228/1228/1228 1216/1216/1216 1206/1206/1206
f 2227/2227/2227 2223/2223/2223 2226/2226/2226
f 5944/5944/5944 5946/5946/5946 5947/5947/5947
f 1206/1206/1206 1208/1208/1208 1207/1207/1207
f 1209/1209/1209 1208/1208/1208 1206/1206/1206
f 1216/1216/1216 1209/1209/1209 1206/1206/1206
f 1217/1217/1217 1209/1209/1209 1216/1216/1216
f 5957/5957/5957 5958/5958/5958 5959/5959/5959
f 5959/5959/5959 5958/5958/5958 5994/5994/5994
f 6000/6000/6000 5959/5959/5959 5994/5994/5994
f 6020/6020/6020 5959/5959/5959 6000/6000/6000
f 6020/6020/6020 5956/5956/5956 5945/5945/5945
f 6160/6160/6160 6161/6161/6161 6162/6162/6162
f 5944/5944/5944 5945/5945/5945 5946/5946/5946
f 5946/5946/5946 5945/5945/5945 5956/5956/5956
f 1217/1217/1217 1218/1218/1218 1209/1209/1209
f 1209/1209/1209 1218/1218/1218 1213/1213/1213
f 5957/5957/5957 5933/5933/5933 5958/5958/5958
f 5933/5933/5933 5992/5992/5992 5958/5958/5958
f 1213/1213/1213 1218/1218/1218 1224/1224/1224
f 5958/5958/5958 5992/5992/5992 5994/5994/5994
f 2396/2396/2396 2390/2390/2390 2391/2391/2391
f 2200/2200/2200 2203/2203/2203 2201/2201/2201
f 2394/2394/2394 2388/2388/2388 2389/2389/2389
f 2392/2392/2392 2394/2394/2394 2389/2389/2389
f 2392/2392/2392 2389/2389/2389 2390/2390/2390
f 2393/2393/2393 2392/2392/2392 2390/2390/2390
f 2396/2396/2396 2393/2393/2393 2390/2390/2390
f 2206/2206/2206 2205/2205/2205 2204/2204/2204
f 2204/2204/2204 2205/2205/2205 2195/2195/2195
f 2205/2205/2205 2203/2203/2203 2195/2195/2195
f 2203/2203/2203 2200/2200/2200 2195/2195/2195
f 2199/2199/2199 2204/2204/2204 2195/2195/2195
f 2157/2157/2157 2156/2156/2156 2158/2158/2158
f 642/642/642 644/644/644 643/643/643
f 2159/2159/2159 2157/2157/2157 2158/2158/2158
f 284/284/284 273/273/273 280/280/280
f 284/284/284 289/289/289 287/287/287
f 276/276/276 284/284/284 287/287/287
f 273/273/273 284/284/284 276/276/276
f 2206/2206/2206 2204/2204/2204 2209/2209/2209
f 287/287/287 282/282/282 276/276/276
f 2210/2210/2210 2209/2209/2209 2212/2212/2212
f 2212/2212/2212 2209/2209/2209 2211/2211/2211
f 2209/2209/2209 2204/2204/2204 2211/2211/2211
f 638/638/638 637/637/637 636/636/636
f 2213/2213/2213 2212/2212/2212 2211/2211/2211
f 2149/2149/2149 2150/2150/2150 2157/2157/2157
f 2157/2157/2157 2150/2150/2150 2156/2156/2156
f 273/273/273 275/275/275 278/278/278
f 279/279/279 273/273/273 278/278/278
f 280/280/280 273/273/273 279/279/279
f 274/274/274 277/277/277 275/275/275
f 273/273/273 274/274/274 275/275/275
f 276/276/276 274/274/274 273/273/273
f 276/276/276 282/282/282 281/281/281
f 276/276/276 281/281/281 274/274/274
f 4576/4576/4576 4577/4577/4577 4571/4571/4571
f 4576/4576/4576 4571/4571/4571 4572/4572/4572
f 2219/2219/2219 2218/2218/2218 2213/2213/2213
f 2213/2213/2213 2218/2218/2218 2212/2212/2212
f 2149/2149/2149 2148/2148/2148 2150/2150/2150
f 2144/2144/2144 2139/2139/2139 2145/2145/2145
f 2144/2144/2144 2145/2145/2145 2148/2148/2148
f 2147/2147/2147 2144/2144/2144 2148/2148/2148
f 2149/2149/2149 2147/2147/2147 2148/2148/2148
f 277/277/277 274/274/274 290/290/290
f 2144/2144/2144 2140/2140/2140 2139/2139/2139
f 4573/4573/4573 4567/4567/4567 4578/4578/4578
f 281/281/281 290/290/290 274/274/274
f 4567/4567/4567 4573/4573/4573 4572/4572/4572
f 4571/4571/4571 4567/4567/4567 4572/4572/4572
f 4570/4570/4570 4567/4567/4567 4571/4571/4571
f 2223/2223/2223 2222/2222/2222 2219/2219/2219
f 2219/2219/2219 2222/2222/2222 2218/2218/2218
f 4561/4561/4561 4564/4564/4564 4562/4562/4562
f 2139/2139/2139 2153/2153/2153 2145/2145/2145
f 2139/2139/2139 2140/2140/2140 2141/2141/2141
f 2142/2142/2142 2139/2139/2139 2141/2141/2141
f 4561/4561/4561 4562/4562/4562 4563/4563/4563
f 2922/2922/2922 2923/2923/2923 2924/2924/2924
f 4567/4567/4567 4563/4563/4563 4578/4578/4578
f 4566/4566/4566 4563/4563/4563 4567/4567/4567
f 4569/4569/4569 4567/4567/4567 4570/4570/4570
f 4566/4566/4566 4567/4567/4567 4569/4569/4569
f 5946/5946/5946 5948/5948/5948 5947/5947/5947
f 5947/5947/5947 5948/5948/5948 5949/5949/5949
f 1219/1219/1219 1217/1217/1217 1220/1220/1220
f 1220/1220/1220 1217/1217/1217 1216/1216/1216
f 4565/4565/4565 4561/4561/4561 4563/4563/4563
f 4568/4568/4568 4561/4561/4561 4565/4565/4565
f 5994/5994/5994 6017/6017/6017 6000/6000/6000
f 6017/6017/6017 6023/6023/6023 6000/6000/6000
f 4565/4565/4565 4563/4563/4563 4566/4566/4566
f 6160/6160/6160 6163/6163/6163 6161/6161/6161
f 5956/5956/5956 6023/6023/6023 5948/5948/5948
f 5956/5956/5956 5948/5948/5948 5946/5946/5946
f 1219/1219/1219 1218/1218/1218 1217/1217/1217
f 1218/1218/1218 1219/1219/1219 1224/1224/1224
f 1224/1224/1224 1219/1219/1219 1225/1225/1225
f 5992/5992/5992 6017/6017/6017 5994/5994/5994
f 2395/2395/2395 2392/2392/2392 2393/2393/2393
f 2206/2206/2206 2207/2207/2207 2205/2205/2205
f 288/288/288 287/287/287 289/289/289
f 282/282/282 287/287/287 283/283/283
f 287/287/287 288/288/288 283/283/283
f 2206/2206/2206 2209/2209/2209 2208/2208/2208
f 2206/2206/2206 2208/2208/2208 2207/2207/2207
f 2210/2210/2210 2208/2208/2208 2209/2209/2209
f 285/285/285 278/278/278 275/275/275
f 277/277/277 285/285/285 275/275/275
f 286/286/286 281/281/281 283/283/283
f 283/283/283 281/281/281 282/282/282
f 2217/2217/2217 2216/2216/2216 2210/2210/2210
f 2210/2210/2210 2216/2216/2216 2208/2208/2208
f 2146/2146/2146 2144/2144/2144 2147/2147/2147
f 2140/2140/2140 2144/2144/2144 2143/2143/2143
f 2144/2144/2144 2146/2146/2146 2143/2143/2143
f 277/277/277 290/290/290 291/291/291
f 277/277/277 291/291/291 285/285/285
f 290/290/290 281/281/281 291/291/291
f 281/281/281 286/286/286 291/291/291
f 4573/4573/4573 4578/4578/4578 4575/4575/4575
f 4573/4573/4573 4575/4575/4575 4574/4574/4574
f 4573/4573/4573 4574/4574/4574 4572/4572/4572
f 2143/2143/2143 2141/2141/2141 2140/2140/2140
f 4579/4579/4579 4580/4580/4580 4581/4581/4581
