mtllib mesh.mtl
v -0.302211 -0.118996 -0.247263
v -0.302244 -0.119053 -0.247263
v -0.302211 -0.119053 -0.247573
v -0.26571 -0.100737 -0.247263
v -0.265579 -0.100707 -0.247263
v -0.265579 -0.100737 -0.246565
v -0.210632 -0.100721 -0.174
v -0.210632 -0.100737 -0.174035
v -0.210567 -0.100737 -0.174
v -0.174 -0.100737 -0.137283
v -0.174083 -0.100737 -0.137368
v -0.174 -0.100821 -0.137368
v -0.210741 0.100737 -0.082421
v -0.210632 0.100737 -0.0823116
v -0.210632 0.100553 -0.082421
v -0.0638943 -0.0457895 -0.0457895
v -0.0641053 -0.0457895 -0.0458652
v -0.0641053 -0.0460755 -0.0457895
v -0.485324 0.0457895 -0.0457895
v -0.485368 0.0457895 -0.0459718
v -0.485368 0.0451815 -0.0457895
v -0.027311 -0.0457895 -0.0274737
v -0.0274737 -0.0457895 -0.0276486
v -0.0274737 -0.0459062 -0.0274737
v 0.19167 0.0641053 -0.0457895
v 0.192316 0.0641053 -0.0457216
v 0.192316 0.063994 -0.0457895
v 0.228947 -0.0273606 -0.0274737
v 0.228947 -0.0274737 -0.0273148
v 0.228437 -0.0274737 -0.0274737
v 0.137368 -0.0640469 -0.0091579
v 0.137368 -0.0641053 -0.0090906
v 0.135393 -0.0641053 -0.0091579
v -0.0641053 -0.00904888 -0.0091579
v -0.0641053 -0.0091579 -0.00908965
v -0.0657051 -0.0091579 -0.0091579
v -0.0278224 0.082421 0.0091579
v -0.0274737 0.082421 0.00955653
v -0.0274737 0.0823628 0.0091579
v -0.0272734 0.082421 0.0091579
v 0.0827993 0.100737 0.0457895
v 0.082421 0.100737 0.0456447
v 0.082421 0.100224 0.0457895
v -0.118847 0.0641053 0.0641053
v -0.119053 0.0641053 0.064032
v -0.119053 0.0640467 0.0641053
v 0.100767 0.0641053 0.082421
v 0.100737 0.0641053 0.0823501
v 0.100737 0.0640842 0.082421
v 0.100927 0.0457895 0.100737
v 0.100737 0.0457895 0.100637
v 0.100737 0.0457138 0.100737
v 0.100737 0.0461884 0.100737
v 0.100737 0.0641053 0.0825064
v 0.082421 0.118796 0.100737
v 0.0822451 0.119053 0.100737
v 0.082421 0.119053 0.100627
v 0.082421 0.119164 0.100737
v 0.0274736 -0.0274234 0.119053
v 0.0274736 -0.0274737 0.118728
v 0.0275119 -0.0274737 0.119053
v 0.100737 0.0457895 0.100841
v 0.0274736 -0.0274737 0.11946
v 0.082421 0.0641494 0.155684
v 0.082387 0.0641053 0.155684
v 0.082421 0.0641053 0.154804
v 0.265127 0.119053 0.155684
v 0.265579 0.118978 0.155684
v 0.265579 0.119053 0.155622
v 0.265604 0.0091579 0.174
v 0.265579 0.0091579 0.173962
v 0.265579 0.00910562 0.174
v 0.265579 0.00947505 0.174
v 0.357154 0.0457895 0.174
v 0.357158 0.0457891 0.174
v 0.357158 0.0457895 0.173795
v 0.357158 0.0463663 0.155684
v 0.155684 0.0642649 0.174
v 0.155684 0.0641053 0.17394
v 0.155751 0.0641053 0.174
v 0.28393 -0.0091579 0.192316
v 0.283895 -0.0091579 0.192184
v 0.283895 -0.00957322 0.192316
v 0.338842 0.0457895 0.185862
v 0.302467 0.0091579 0.210632
v 0.302211 0.0091579 0.210533
v 0.302211 0.00871825 0.210632
v 0.0091579 0.082421 0.119692
v 0.0091579 0.0641053 0.119741
v -0.0091579 0.0641053 0.127343
v -0.0091579 0.0457895 0.119626
v -0.0274737 0.0457895 0.128562
v -0.0274737 0.0274736 0.119964
v -0.0453209 0.0274736 0.137368
v -0.0362434 0.0457895 0.137368
v -0.0274737 0.0545608 0.137368
v -0.0191419 0.0641053 0.137368
v -0.0091579 0.0748371 0.137368
v -0.00860065 0.082421 0.137368
v -0.0457895 0.0130163 0.137368
v -0.0457895 0.0091579 0.13523
v -0.0478959 0.0091579 0.137368
v -0.0640089 0.0091579 0.155684
v -0.0457895 0.0274736 0.137672
v -0.0274737 0.0091579 0.120041
v 0.0091579 0.100737 0.120276
v -0.00800747 0.100737 0.137368
v 0.0091579 0.11801 0.137368
v -0.0457895 0.045238 0.155684
v 0.0274736 0.119053 0.129676
v -0.0436187 0.0457895 0.155684
v -0.0274737 0.0617153 0.155684
v -0.0091579 0.0813265 0.155684
v -0.0237569 0.0641053 0.155684
v -0.00894362 0.082421 0.155684
v -0.0641053 0.0436263 0.155684
v -0.0641053 0.0274736 0.13953
v -0.0806351 0.0274736 0.155684
v -0.0641053 0.00972682 0.155684
v -0.210632 0.116832 -0.0457895
v -0.192316 0.111377 -0.0274737
v -0.192316 0.115289 -0.0457895
v -0.210632 0.112898 -0.0274737
v -0.228947 0.115079 -0.0274737
v -0.228947 0.119053 -0.0384778
v -0.219299 0.119053 -0.0457895
v -0.174 0.10555 -0.0274737
v -0.247263 0.119053 -0.0407889
v -0.210632 0.115929 -0.0641053
v -0.228947 0.11884 -0.0641053
v -0.228947 0.119053 -0.0617355
v -0.230096 0.119053 -0.0641053
v -0.228947 0.11587 -0.082421
v -0.247263 0.118964 -0.082421
v -0.247263 0.119053 -0.0819417
v -0.247858 0.119053 -0.082421
v -0.174 0.103747 -0.0457895
v -0.169094 0.100737 -0.0274737
v -0.170992 0.100737 -0.0457895
v -0.228947 0.125623 -0.0457895
v -0.174 0.100737 -0.0213959
v -0.155684 0.0931201 -0.0274737
v -0.174 0.0969532 -0.0091579
v -0.192316 0.082421 -0.0814378
v -0.194458 0.082421 -0.082421
v -0.210632 0.100553 -0.082421
v -0.210632 0.100737 -0.0823116
v -0.192316 0.100737 -0.0706608
v -0.174 0.082421 -0.072286
v -0.210632 0.082421 -0.0955231
v -0.185646 0.100737 -0.0641053
v -0.174 0.0908393 -0.0641053
v -0.192316 0.107435 -0.0641053
v -0.165758 0.082421 -0.0641053
v -0.210741 0.100737 -0.082421
v -0.228947 0.100737 -0.0972832
v -0.247263 0.104796 -0.100737
v -0.174 0.100737 -0.0489286
v -0.265579 0.113848 -0.100737
v -0.247263 0.100737 -0.104663
v -0.265579 0.100737 -0.113655
v -0.243294 0.100737 -0.100737
v -0.283895 0.116731 -0.100737
v -0.283895 0.100737 -0.116275
v -0.265579 0.119053 -0.0917714
v -0.265579 0.12824 -0.082421
v -0.247263 0.129378 -0.0641053
v -0.283895 0.119053 -0.0975705
v -0.283895 0.133586 -0.082421
v -0.302211 0.117297 -0.100737
v -0.265579 0.132466 -0.0641053
v -0.302211 0.100737 -0.116917
v -0.320526 0.117787 -0.100737
v -0.320526 0.100737 -0.117576
v -0.338842 0.104976 -0.119053
v -0.338842 0.118452 -0.100737
v -0.357158 0.111326 -0.119053
v -0.338842 0.100737 -0.123126
v -0.357158 0.100737 -0.129849
v -0.375474 0.10985 -0.137368
v -0.375474 0.115083 -0.119053
v -0.357158 0.117988 -0.100737
v -0.393789 0.117612 -0.137368
v -0.375474 0.100737 -0.146184
v -0.393789 0.100737 -0.154603
v -0.395471 0.100737 -0.155684
v -0.40246 0.119053 -0.137368
v -0.388794 0.119053 -0.119053
v -0.412105 0.116235 -0.155684
v -0.412105 0.119053 -0.145737
v -0.412105 0.127155 -0.137368
v -0.430421 0.129042 -0.137368
v -0.430421 0.119053 -0.147497
v -0.430421 0.111349 -0.155684
v -0.412105 0.100737 -0.171165
v -0.430421 0.100737 -0.166384
v -0.393789 0.119053 -0.124564
v -0.393789 0.123362 -0.119053
v -0.302211 0.119053 -0.093397
v -0.302211 0.129015 -0.082421
v -0.375474 0.117681 -0.100737
v -0.393789 0.118584 -0.100737
v -0.320526 0.119023 -0.082421
v -0.320085 0.119053 -0.082421
v -0.393789 0.119053 -0.11328
v -0.338842 0.118127 -0.082421
v -0.412105 0.119053 -0.117719
v -0.283895 0.132622 -0.0641053
v -0.320526 0.11677 -0.0641053
v -0.357158 0.115324 -0.082421
v 0.137368 -0.0163097 0.155684
v 0.155684 -0.0274737 0.154983
v 0.155684 -0.0254233 0.155684
v 0.137368 -0.0274737 0.155104
v 0.137368 -0.0457895 0.155089
v 0.125286 -0.0457895 0.155684
v 0.155684 -0.0457895 0.153784
v 0.119053 -0.0520636 0.155684
v 0.131025 -0.0274737 0.155684
v 0.119053 -0.0641053 0.154524
v 0.102979 -0.0641053 0.155684
v 0.100737 -0.0663033 0.155684
v 0.100737 -0.082421 0.154472
v 0.0984508 -0.0641053 0.155684
v 0.082421 -0.0641053 0.154517
v 0.082421 -0.082421 0.151937
v 0.137368 -0.0641053 0.149175
v 0.155684 -0.0641053 0.152535
v 0.174 -0.0641053 0.151956
v 0.119053 -0.082421 0.145631
v 0.082421 -0.0627434 0.155684
v 0.119053 -0.0274737 0.167081
v 0.119053 -0.0457895 0.161846
v 0.100737 -0.0457895 0.170207
v 0.100737 -0.0274737 0.172455
v 0.082421 -0.0457895 0.172632
v 0.082421 -0.0274737 0.173325
v 0.0641053 -0.0457895 0.171364
v 0.0641053 -0.0274737 0.173161
v 0.0457895 -0.0274737 0.173014
v 0.082421 -0.0091579 0.173402
v 0.100737 -0.0091579 0.170765
v 0.0641053 -0.0256304 0.174
v 0.079712 -0.0091579 0.174
v 0.082421 0.0091579 0.172316
v 0.100737 -0.0641053 0.157904
v 0.137368 -0.0091579 0.162235
v 0.0641053 -0.0091579 0.188114
v 0.119053 -0.0132774 0.155684
v -0.0274737 -0.082421 -0.146227
v -0.0146213 -0.082421 -0.137368
v -0.0274737 -0.0975471 -0.137368
v -0.0091579 -0.0786958 -0.137368
v -0.0091579 -0.0641053 -0.148368
v 0.00239235 -0.0641053 -0.137368
v -0.0457895 -0.100737 -0.140351
v -0.036795 -0.100737 -0.137368
v -0.0457895 -0.103634 -0.137368
v -0.0274737 -0.11877 -0.119053
v -0.0457895 -0.082421 -0.149948
v -0.0641053 -0.100737 -0.144725
v -0.0641053 -0.082421 -0.154068
v -0.082421 -0.100737 -0.148945
v -0.0696737 -0.082421 -0.155684
v -0.0274737 -0.0641053 -0.15236
v -0.0641053 -0.108323 -0.137368
v -0.0641053 -0.0724648 -0.155684
v -0.0578312 -0.0641053 -0.155684
v -0.0457895 -0.0641053 -0.152777
v -0.0091579 -0.082421 -0.136895
v 0.0091579 -0.0641053 -0.132953
v 0.0091579 -0.082421 -0.132258
v -0.0091579 -0.100737 -0.136459
v 0.0091579 -0.100737 -0.131499
v -0.0274737 -0.100737 -0.137251
v 0.0274736 -0.0641053 -0.123582
v 0.0091579 -0.0457895 -0.134384
v -0.0091579 -0.0457895 -0.137138
v -0.0091579 -0.0485277 -0.137368
v -0.0112263 -0.0457895 -0.137368
v -0.0274737 -0.0457895 -0.149803
v -0.0457895 -0.0457895 -0.151393
v -0.0641053 -0.0457895 -0.154632
v -0.0641053 -0.0556973 -0.155684
v -0.0667931 -0.0457895 -0.155684
v -0.0274737 -0.0333705 -0.137368
v 0.023929 -0.082421 -0.119053
v 0.0274736 -0.0705785 -0.119053
v 0.0274736 -0.082421 -0.11616
v 0.0274736 -0.100737 -0.114311
v 0.0215374 -0.100737 -0.119053
v 0.0431672 -0.082421 -0.100737
v 0.0410718 -0.100737 -0.100737
v 0.0457895 -0.100737 -0.0994745
v 0.0457895 -0.082421 -0.0999921
v 0.0457895 -0.0806609 -0.100737
v 0.0618644 -0.0641053 -0.100737
v 0.0641053 -0.082421 -0.0966151
v 0.0641053 -0.0641053 -0.0992163
v 0.0320484 -0.0641053 -0.119053
v 0.0812364 -0.0641053 -0.082421
v 0.0783148 -0.082421 -0.082421
v 0.0820608 -0.0457895 -0.082421
v 0.0641053 -0.0457895 -0.100123
v 0.082421 -0.0321237 -0.082421
v 0.0457895 -0.0641053 -0.116052
v 0.0274736 -0.114676 -0.100737
v 0.0457895 -0.118079 -0.082421
v 0.0091579 -0.112901 -0.119053
v 0.0641053 -0.0972243 -0.082421
v 0.0629965 -0.100737 -0.082421
v 0.082421 -0.0274737 -0.0853294
v 0.0853036 -0.0274737 -0.082421
v 0.100737 -0.0326409 -0.0641053
v 0.0998654 -0.0457895 -0.0641053
v 0.082421 -0.0457895 -0.0815675
v 0.082421 -0.0641053 -0.0790727
v 0.0955366 -0.0641053 -0.0641053
v 0.100737 -0.0641053 -0.0600176
v 0.100737 -0.0274737 -0.0674138
v 0.0926501 -0.0091579 -0.082421
v 0.100737 -0.0091579 -0.0773274
v 0.082421 -0.080835 -0.0641053
v 0.100737 -0.0784993 -0.0457895
v 0.0984585 -0.082421 -0.0457895
v 0.082421 -0.082421 -0.0634719
v 0.114881 -0.0641053 -0.0457895
v 0.113626 -0.0457895 -0.0457895
v 0.100737 -0.0457895 -0.0582131
v 0.119053 -0.0320266 -0.0457895
v 0.0821729 -0.082421 -0.0641053
v 0.082421 -0.0984025 -0.0457895
v 0.0217033 -0.119053 -0.100737
v 0.0091579 -0.119053 -0.112632
v 0.0091579 -0.13082 -0.100737
v 0.0274736 -0.127947 -0.082421
v 0.0274736 -0.119053 -0.0920511
v 0.0379049 -0.119053 -0.082421
v -0.0091579 -0.118301 -0.119053
v -0.0091579 -0.119053 -0.117853
v -0.0091579 -0.135804 -0.100737
v 0.0641053 -0.111776 -0.0641053
v 0.0701929 -0.100737 -0.0457895
v 0.0641053 -0.100737 -0.0757637
v 0.074961 -0.100737 -0.0641053
v 0.117999 -0.0641053 -0.0274737
v 0.119053 -0.059778 -0.0274737
v 0.119053 -0.0641053 -0.0194503
v 0.119053 -0.0727504 -0.0091579
v 0.119053 0.0091579 -0.0711699
v 0.100737 0.021202 -0.0641053
v 0.119053 0.0190693 -0.0641053
v 0.100737 0.0091579 -0.0745265
v 0.119053 0.0274736 -0.0621513
v 0.100737 0.0274736 -0.0633315
v 0.0970173 0.0274736 -0.0641053
v 0.125769 0.0274736 -0.0641053
v 0.082421 0.0091579 -0.0811029
v 0.082421 0.0274736 -0.0774958
v 0.0676241 0.0274736 -0.082421
v 0.0641053 0.0308387 -0.082421
v 0.0791688 0.0091579 -0.082421
v 0.0641053 0.0457895 -0.0750747
v 0.082421 0.00206959 -0.082421
v 0.0991192 0.0457895 -0.0641053
v 0.082421 0.0457895 -0.0758582
v 0.100737 0.0457895 -0.0639233
v 0.082421 0.0580702 -0.0641053
v 0.0641053 0.0091579 -0.0967916
v 0.0641053 0.0274736 -0.0857283
v 0.082421 -0.0091579 -0.0924909
v 0.0641053 -0.0091579 -0.0994561
v 0.0641053 -0.0274737 -0.0998056
v 0.0457895 -0.0091579 -0.0993268
v 0.0457895 -0.0274737 -0.100626
v 0.0457895 -0.0311487 -0.100737
v 0.0442045 -0.0274737 -0.100737
v 0.0274736 -0.0139489 -0.100737
v 0.0274736 -0.0091579 -0.0974966
v 0.0553549 -0.0457895 -0.100737
v 0.0457895 -0.0457895 -0.110303
v 0.0274736 -0.0457895 -0.118184
v 0.0274736 -0.0274737 -0.114145
v 0.0091579 -0.0274737 -0.117856
v 0.0274736 -0.0578439 -0.119053
v 0.0254145 -0.0457895 -0.119053
v 0.0091579 -0.0296263 -0.119053
v 0.0027042 -0.0274737 -0.119053
v -0.0091579 -0.01741 -0.119053
v 0.0091579 -0.0106137 -0.100737
v -0.0091579 -0.0274737 -0.129127
v -0.0274737 -0.0274737 -0.131587
v 0.0457895 0.0091579 -0.0831884
v 0.0606092 0.0274736 -0.082421
v 0.0457895 0.0274736 -0.0806268
v 0.0457895 0.0457895 -0.0787399
v 0.0274736 0.0274736 -0.0808749
v 0.0274736 0.0091579 -0.0821565
v 0.0449072 0.0091579 -0.082421
v 0.0274736 0.00626796 -0.082421
v 0.0091579 0.00187016 -0.082421
v 0.0457895 0.00995553 -0.082421
v 0.178694 -0.100737 -0.0274737
v 0.174 -0.100737 -0.0258747
v 0.192316 -0.0870755 -0.0274737
v 0.174 -0.106582 -0.0274737
v 0.174 -0.0836566 -0.0091579
v 0.157298 -0.100737 -0.0091579
v 0.192316 -0.100737 -0.0407271
v 0.210632 -0.082421 -0.0402892
v 0.197321 -0.082421 -0.0274737
v 0.210632 -0.0692664 -0.0274737
v 0.228947 -0.0641053 -0.0381647
v 0.174 -0.119053 -0.0394571
v 0.161957 -0.119053 -0.0274737
v 0.192316 -0.0702287 -0.0091579
v 0.192316 -0.082421 -0.0198376
v 0.180476 -0.082421 -0.0091579
v 0.192316 -0.0641053 -0.00214779
v 0.174 -0.082421 -0.00508624
v 0.155684 -0.100737 -0.0078547
v 0.155684 -0.119053 -0.0159398
v 0.155684 -0.111857 -0.0091579
v 0.148968 -0.119053 -0.0091579
v 0.210632 -0.0641053 -0.00831604
v 0.228947 -0.082421 -0.0453639
v 0.247263 -0.0641053 -0.0436845
v 0.228947 -0.0457895 -0.0302604
v 0.217862 -0.0641053 -0.0274737
v 0.225319 -0.0457895 -0.0274737
v 0.210971 -0.0641053 -0.0091579
v 0.210632 -0.100737 -0.0454049
v 0.192316 -0.119053 -0.0450481
v 0.137368 -0.119053 -0.00736332
v 0.137368 -0.100737 0.000313103
v 0.120847 -0.119053 0.0091579
v 0.125667 -0.100737 0.0091579
v 0.155684 -0.082421 -0.00656229
v 0.119112 -0.119053 0.0274736
v 0.174 -0.0641053 -0.00529772
v 0.155684 -0.137368 -0.00537211
v 0.155684 -0.12578 -0.0091579
v 0.163618 -0.137368 -0.0091579
v 0.174 -0.147777 -0.0091579
v 0.137368 -0.082421 -0.00463122
v 0.155684 -0.0641053 -0.00871259
v 0.137368 -0.0641053 -0.0090906
v 0.119053 -0.082421 -0.0047223
v 0.135393 -0.0641053 -0.0091579
v 0.119053 -0.100737 0.0135909
v 0.174 -0.137368 -0.0195519
v 0.137368 -0.135617 0.0091579
v 0.174 -0.131054 -0.0274737
v 0.155684 -0.151878 0.0091579
v 0.141082 -0.137368 0.0091579
v 0.119053 -0.0977745 0.0091579
v 0.119053 -0.0727504 -0.0091579
v 0.192316 -0.153961 -0.0091579
v 0.192316 -0.137368 -0.0258061
v 0.192316 -0.13666 -0.0274737
v 0.210632 -0.0274737 -0.039803
v 0.107385 -0.100737 0.0274736
v 0.119053 -0.117999 0.0274736
v 0.104749 -0.119053 0.0457895
v 0.119053 -0.119053 0.0279809
v 0.101673 -0.100737 0.0457895
v 0.119053 -0.133453 0.0457895
v 0.100737 -0.0944857 0.0274736
v 0.130383 -0.137368 0.0457895
v 0.128987 -0.137368 0.0274736
v 0.103173 -0.119053 0.0641053
v 0.137368 -0.137368 0.0189684
v 0.137368 -0.145728 0.0274736
v 0.100737 -0.0987886 0.0457895
v 0.10128 -0.100737 0.0641053
v 0.104761 -0.119053 0.082421
v 0.102195 -0.100737 0.082421
v -0.357158 -0.119053 -0.282846
v -0.373723 -0.119053 -0.265579
v -0.357158 -0.100737 -0.279952
v -0.3701 -0.100737 -0.265579
v -0.374367 -0.137368 -0.265579
v -0.357158 -0.137368 -0.28288
v -0.373741 -0.155684 -0.265579
v -0.357158 -0.155684 -0.282122
v -0.355254 -0.119053 -0.283895
v -0.352453 -0.137368 -0.283895
v -0.338842 -0.119053 -0.299096
v -0.338842 -0.100737 -0.300568
v -0.356012 -0.100737 -0.283895
v -0.338842 -0.082421 -0.301727
v -0.356384 -0.082421 -0.283895
v -0.338842 -0.0749606 -0.302211
v -0.338842 -0.137368 -0.296999
v -0.345645 -0.0641053 -0.302211
v -0.355714 -0.0641053 -0.283895
v -0.355453 -0.0457895 -0.283895
v -0.338842 -0.0457895 -0.301356
v -0.338842 -0.0641053 -0.309178
v -0.334626 -0.082421 -0.302211
v -0.320526 -0.082421 -0.312825
v -0.320526 -0.0641053 -0.317179
v -0.320526 -0.0457895 -0.316732
v -0.338842 -0.0539936 -0.302211
v -0.336748 -0.0457895 -0.302211
v -0.338842 -0.152014 -0.283895
v -0.338842 -0.155684 -0.282064
v -0.357158 -0.172873 -0.265579
v -0.357158 -0.174 -0.264938
v -0.320526 -0.0945967 -0.302211
v -0.320526 -0.100737 -0.299424
v -0.320526 -0.0311966 -0.302211
v -0.357158 -0.0833366 -0.265579
v -0.338842 -0.0286134 -0.283895
v -0.356984 -0.082421 -0.265579
v -0.375474 -0.137368 -0.2581
v -0.375474 -0.155684 -0.260028
v -0.388012 -0.155684 -0.247263
v -0.385908 -0.137368 -0.247263
v -0.374555 -0.174 -0.247263
v -0.375474 -0.168798 -0.247263
v -0.357158 -0.191295 -0.247263
v -0.375474 -0.12611 -0.247263
v -0.39202 -0.155684 -0.228947
v -0.389703 -0.137368 -0.228947
v -0.374829 -0.119053 -0.247263
v -0.375474 -0.122782 -0.228947
v -0.374703 -0.174 -0.228947
v -0.355203 -0.0641053 -0.265579
v -0.375474 -0.173255 -0.228947
v -0.357158 -0.190553 -0.228947
v -0.415141 0.0457895 -0.0641053
v -0.430421 0.0641053 -0.0481295
v -0.430421 0.0457895 -0.0488759
v -0.412498 0.0641053 -0.0641053
v -0.412105 0.0641053 -0.0643707
v -0.412105 0.0457895 -0.0721651
v -0.430421 0.082421 -0.0656376
v -0.430421 0.0810106 -0.0641053
v -0.448737 0.0641053 -0.0467958
v -0.436378 0.0457895 -0.0457895
v -0.448737 0.0604065 -0.0457895
v -0.448737 0.0457895 -0.0338343
v -0.467053 0.0641053 -0.0379126
v -0.467053 0.0457895 -0.029115
v -0.467053 0.0274736 -0.0285152
v -0.448737 0.0274736 -0.0355549
v -0.438749 0.0274736 -0.0457895
v -0.467053 0.0091579 -0.034589
v -0.456097 0.0641053 -0.0457895
v -0.467053 0.07161 -0.0457895
v -0.448737 0.0815849 -0.0641053
v -0.393789 0.0641053 -0.0657736
v -0.467053 0.0817887 -0.0641053
v 0.408605 -0.0274737 0.210632
v 0.39379 -0.0091579 0.225723
v 0.39379 -0.0274737 0.225612
v 0.408554 -0.0091579 0.210632
v 0.39379 0.0091579 0.223423
v 0.406376 0.0091579 0.210632
v 0.412105 0.0091579 0.200775
v 0.412105 -0.0091579 0.204079
v 0.423729 -0.0091579 0.192316
v 0.42032 0.0091579 0.192316
v 0.392554 -0.0274737 0.228947
v 0.391958 -0.0091579 0.228947
v 0.375474 -0.0091579 0.245199
v 0.375474 -0.0274737 0.245981
v 0.389747 -0.0457895 0.228947
v 0.375474 -0.0457895 0.243279
v 0.410275 -0.0274737 0.192316
v 0.412105 -0.0208669 0.192316
v 0.391763 -0.0457895 0.210632
v 0.39379 -0.0425296 0.210632
v 0.375474 -0.0607696 0.228947
v 0.371831 -0.0641053 0.228947
v 0.357158 -0.0641053 0.242897
v 0.357158 -0.0782012 0.228947
v 0.393024 -0.0457895 0.192316
v 0.375474 -0.0640191 0.210632
v 0.39379 -0.0450936 0.192316
v 0.375338 -0.0641053 0.210632
v 0.376823 -0.0641053 0.192316
v 0.391677 -0.0457895 0.174
v 0.39379 -0.0434416 0.174
v 0.408504 -0.0274737 0.174
v 0.357158 -0.0794544 0.210632
v 0.375474 -0.0641053 0.20469
v 0.375474 -0.0653595 0.192316
v 0.411238 -0.0091579 0.174
v 0.412105 -0.0091579 0.177137
v 0.357158 -0.0774062 0.192316
v 0.357158 -0.0809795 0.174
v 0.374754 -0.0641053 0.174
v 0.375474 -0.0641053 0.189779
v 0.375474 -0.0624353 0.174
v 0.34807 -0.082421 0.192316
v 0.355021 -0.082421 0.210632
v 0.338842 -0.0984337 0.210632
v 0.338842 -0.0917065 0.192316
v 0.338842 -0.082421 0.226782
v 0.338842 -0.0717883 0.228947
v 0.338842 -0.082421 0.180758
v 0.338842 -0.0782137 0.174
v -0.321812 -0.137368 -0.228947
v -0.320999 -0.155684 -0.247263
v -0.320526 -0.137368 -0.233177
v -0.320526 -0.151947 -0.247263
v -0.323146 -0.155684 -0.228947
v -0.320526 -0.119053 -0.229707
v -0.322571 -0.155684 -0.265579
v -0.332833 -0.174 -0.247263
v -0.320526 -0.153164 -0.265579
v -0.338842 -0.173732 -0.228947
v -0.30555 -0.137368 -0.265579
v -0.306746 -0.137368 -0.247263
v -0.302244 -0.119053 -0.247263
v -0.302211 -0.119053 -0.247573
v -0.302211 -0.129218 -0.265579
v -0.292175 -0.119053 -0.265579
v -0.338842 -0.155684 -0.212938
v -0.339014 -0.174 -0.228947
v -0.338842 -0.174 -0.231685
v -0.338842 -0.180273 -0.247263
v -0.357158 -0.190553 -0.228947
v -0.302211 -0.100737 -0.229391
v -0.302211 -0.118996 -0.247263
v -0.357158 -0.174 -0.212344
v -0.338842 -0.137368 -0.211965
v -0.357158 -0.191295 -0.247263
v -0.338842 -0.119053 -0.214294
v -0.322563 -0.119053 -0.228947
v -0.357158 -0.137368 -0.211719
v -0.357158 -0.155684 -0.211131
v -0.375474 -0.155684 -0.212393
v -0.357158 -0.119053 -0.214782
v -0.375474 -0.137368 -0.214711
v -0.338842 -0.100737 -0.226228
v -0.325993 -0.100737 -0.228947
v -0.320526 -0.100737 -0.229083
v -0.320526 -0.082421 -0.230066
v 0.0091579 -0.134853 -0.0457895
v -0.0091579 -0.136581 -0.0457895
v -0.0091579 -0.133665 -0.0641053
v -0.0274737 -0.134896 -0.0641053
v 0.0091579 -0.134402 -0.0641053
v -0.0274737 -0.135342 -0.0457895
v 0.0274736 -0.136011 -0.0457895
v -0.0274737 -0.135551 -0.082421
v -0.0457895 -0.134938 -0.082421
v -0.0457895 -0.134901 -0.100737
v -0.0274737 -0.136356 -0.100737
v -0.0091579 -0.135461 -0.082421
v -0.0091579 -0.135804 -0.100737
v -0.0457895 -0.131909 -0.0641053
v 0.0274736 -0.132512 -0.0274737
v 0.0091579 -0.131073 -0.0274737
v -0.0091579 -0.131654 -0.0274737
v 0.0091579 -0.130309 -0.082421
v 0.0091579 -0.13082 -0.100737
v 0.0274736 -0.127947 -0.082421
v 0.0274736 -0.125212 -0.0641053
v -0.0457895 -0.129254 -0.0457895
v -0.0641053 -0.127152 -0.082421
v -0.0641053 -0.125179 -0.100737
v -0.082421 -0.124166 -0.100737
v -0.082421 -0.119053 -0.109456
v 0.0457895 -0.133785 -0.0457895
v 0.0457895 -0.122005 -0.0274737
v -0.0457895 -0.119951 -0.119053
v -0.0641053 -0.119053 -0.107395
v -0.0641053 -0.113034 -0.119053
v -0.082421 -0.118522 -0.119053
v -0.0836276 -0.119053 -0.119053
v -0.0468194 -0.119053 -0.119053
v -0.0457895 -0.103634 -0.137368
v -0.0641053 -0.108323 -0.137368
v -0.082421 -0.109949 -0.137368
v -0.082421 -0.100737 -0.148945
v -0.0274737 -0.119053 -0.118558
v -0.043997 -0.119053 -0.119053
v -0.0091579 -0.119053 -0.117853
v -0.0274737 -0.11877 -0.119053
v -0.0091579 -0.118301 -0.119053
v -0.0457895 -0.119053 -0.11995
v 0.100737 -0.0979987 0.0091579
v 0.082421 -0.100011 -0.0091579
v 0.100737 -0.0961025 -0.0091579
v 0.082421 -0.0982262 -0.0274737
v 0.082421 -0.10025 0.0091579
v 0.119053 -0.0977745 0.0091579
v 0.0641053 -0.100269 0.0091579
v 0.082421 -0.0992942 0.0274736
v 0.0641053 -0.0990266 0.0274736
v 0.0457895 -0.100463 0.0091579
v 0.100737 -0.0944857 0.0274736
v 0.082421 -0.0935732 0.0457895
v 0.100737 -0.0987886 0.0457895
v 0.100737 -0.10053 0.0641053
v 0.082421 -0.0985314 0.0641053
v 0.100737 -0.0990614 0.082421
v 0.0641053 -0.100737 0.0081138
v 0.10128 -0.100737 0.0641053
v 0.102195 -0.100737 0.082421
v 0.0786292 -0.100737 -0.0274737
v 0.0813652 -0.100737 -0.0091579
v 0.0701929 -0.100737 -0.0457895
v 0.082421 -0.0984025 -0.0457895
v 0.0641053 -0.117327 -0.0091579
v 0.0641053 -0.11485 -0.0274737
v 0.0641053 -0.106532 -0.0457895
v 0.0457895 -0.118668 -0.0091579
v 0.0488487 -0.119053 -0.0274737
v 0.0605206 -0.119053 -0.0457895
v 0.074961 -0.100737 -0.0641053
v 0.0984585 -0.082421 -0.0457895
v 0.099878 -0.082421 -0.0274737
v 0.100737 -0.0819702 -0.0274737
v 0.100737 -0.082421 -0.0260075
v 0.114805 -0.082421 -0.0091579
v 0.0641053 -0.111776 -0.0641053
v 0.0457895 -0.118881 -0.0641053
v 0.0457895 -0.118079 -0.082421
v 0.0457895 -0.119053 -0.0624369
v 0.0379049 -0.119053 -0.082421
v 0.037303 -0.119053 -0.0641053
v 0.0274736 -0.125212 -0.0641053
v 0.0274736 -0.127947 -0.082421
v 0.0457895 -0.122005 -0.0274737
v 0.0457895 -0.133785 -0.0457895
v 0.100737 -0.0784993 -0.0457895
v 0.114881 -0.0641053 -0.0457895
v 0.117999 -0.0641053 -0.0274737
v 0.119053 -0.0727504 -0.0091579
v 0.119053 -0.082421 -0.0047223
v -0.155684 -0.115214 -0.155684
v -0.174 -0.114206 -0.174
v -0.155684 -0.114957 -0.174
v -0.174 -0.114274 -0.155684
v -0.155684 -0.115436 -0.137368
v -0.137368 -0.11798 -0.155684
v -0.192316 -0.111507 -0.174
v -0.192316 -0.111793 -0.192316
v -0.137368 -0.11473 -0.174
v -0.119053 -0.117762 -0.155684
v -0.137368 -0.119053 -0.150303
v -0.210632 -0.114043 -0.192316
v -0.210632 -0.113306 -0.210632
v -0.228947 -0.115774 -0.210632
v -0.174 -0.10845 -0.192316
v -0.119053 -0.112734 -0.174
v -0.228947 -0.111126 -0.228947
v -0.247263 -0.110215 -0.228947
v -0.210632 -0.108909 -0.228947
v -0.119053 -0.119053 -0.152122
v -0.192316 -0.106424 -0.210632
v -0.100737 -0.113848 -0.155684
v -0.145267 -0.119053 -0.137368
v -0.1433 -0.119053 -0.119053
v -0.100737 -0.107167 -0.174
v -0.155684 -0.11391 -0.119053
v -0.155684 -0.101639 -0.192316
v -0.174 -0.100737 -0.204742
v -0.119053 -0.130182 -0.137368
v -0.137368 -0.126444 -0.137368
v -0.100737 -0.126592 -0.137368
v -0.100737 -0.134884 -0.119053
v -0.100737 -0.119053 -0.148924
v -0.181944 -0.100737 -0.210632
v -0.174 -0.0997861 -0.210632
v -0.192316 -0.0992978 -0.228947
v -0.192316 -0.100737 -0.21876
v -0.200081 -0.100737 -0.228947
v -0.210632 -0.0932119 -0.247263
v -0.155684 -0.0933139 -0.210632
v -0.155684 -0.100737 -0.193284
v -0.154142 -0.100737 -0.192316
v -0.137368 -0.0975146 -0.192316
v -0.174 -0.089981 -0.228947
v -0.137368 -0.100737 -0.189561
v -0.247263 -0.100737 -0.23966
v -0.265579 -0.100737 -0.246565
v -0.247263 -0.0987464 -0.247263
v -0.228947 -0.0974671 -0.247263
v -0.228947 -0.100737 -0.239499
v -0.210632 -0.100737 -0.237095
v -0.265579 -0.107317 -0.228947
v -0.265579 -0.100707 -0.247263
v -0.265579 -0.0949156 -0.265579
v -0.276855 -0.100737 -0.265579
v -0.26571 -0.100737 -0.247263
v -0.247263 -0.082421 -0.264289
v -0.119053 -0.100737 -0.186166
v -0.100737 -0.100737 -0.180564
v -0.250745 -0.082421 -0.265579
v -0.283895 -0.0886193 -0.283895
v -0.228947 -0.082421 -0.262246
v -0.210632 -0.082421 -0.257815
v -0.119053 -0.0942135 -0.192316
v -0.137368 -0.082421 -0.210161
v -0.138259 -0.082421 -0.210632
v -0.155684 -0.082421 -0.223315
v -0.137368 -0.0821254 -0.210632
v -0.155684 -0.0754763 -0.228947
v -0.164308 -0.082421 -0.228947
v -0.192316 -0.082421 -0.245929
v -0.174 -0.082421 -0.236422
v -0.19735 -0.082421 -0.247263
v -0.192316 -0.0794331 -0.247263
v -0.283895 -0.114551 -0.247263
v -0.265579 -0.082421 -0.277974
v -0.277754 -0.082421 -0.283895
v -0.247263 -0.0799969 -0.265579
v -0.192316 -0.0641053 -0.260682
v -0.174317 -0.0641053 -0.247263
v -0.247263 -0.0641053 -0.279457
v -0.229701 -0.0641053 -0.265579
v -0.155684 -0.0641053 -0.238187
v -0.283895 -0.082421 -0.289829
v -0.302211 -0.100737 -0.286872
v -0.299182 -0.100737 -0.283895
v -0.283895 -0.100737 -0.272572
v -0.283895 -0.107446 -0.265579
v -0.302211 -0.118996 -0.247263
v -0.302211 -0.10368 -0.283895
v -0.302211 -0.082421 -0.300261
v -0.143931 -0.0641053 -0.228947
v -0.137368 -0.0641053 -0.226834
v -0.320526 -0.100737 -0.299424
v -0.174 -0.0641053 -0.247109
v -0.320526 -0.119053 -0.293116
v -0.292175 -0.119053 -0.265579
v -0.311266 -0.119053 -0.283895
v -0.320526 -0.128774 -0.283895
v -0.302211 -0.129218 -0.265579
v -0.302211 -0.119053 -0.275759
v -0.338842 -0.137368 -0.296999
v -0.325349 -0.137368 -0.283895
v -0.338842 -0.152014 -0.283895
v -0.320526 -0.153164 -0.265579
v -0.320526 -0.137368 -0.280829
v -0.30555 -0.137368 -0.265579
v -0.322571 -0.155684 -0.265579
v -0.338842 -0.155684 -0.282064
v -0.338842 -0.171912 -0.265579
v -0.357158 -0.155684 -0.282122
v -0.357158 -0.172873 -0.265579
v -0.338842 -0.174 -0.254678
v -0.332833 -0.174 -0.247263
v -0.338842 -0.180273 -0.247263
v -0.357158 -0.174 -0.264938
v -0.357158 -0.191295 -0.247263
v -0.338842 -0.119053 -0.299096
v -0.155684 -0.0457895 -0.243918
v -0.210632 -0.0641053 -0.264674
v -0.138907 -0.0457895 -0.228947
v -0.309777 -0.082421 -0.302211
v -0.320526 -0.0945967 -0.302211
v -0.320526 -0.082421 -0.312825
v -0.303507 -0.0641053 -0.302211
v -0.265579 -0.0641053 -0.283233
v -0.320526 -0.0641053 -0.317179
v -0.174 -0.0628872 -0.247263
v -0.174 -0.0457895 -0.254585
v -0.166492 -0.0457895 -0.247263
v -0.228947 -0.0641053 -0.265429
v -0.273767 -0.0641053 -0.283895
v -0.283895 -0.0641053 -0.292104
v -0.192316 -0.0457895 -0.262303
v -0.271971 -0.0457895 -0.283895
v -0.283895 -0.0457895 -0.2958
v -0.302211 -0.0641053 -0.301131
v -0.302211 -0.0457895 -0.301055
v -0.305227 -0.0457895 -0.302211
v -0.320526 -0.0457895 -0.316732
v -0.265579 -0.0457895 -0.28196
v -0.247263 -0.0457895 -0.276955
v -0.233228 -0.0457895 -0.265579
v -0.210632 -0.0457895 -0.264615
v -0.228947 -0.0457895 -0.26508
v -0.247263 0.0252114 -0.0274737
v -0.228947 0.011573 -0.0274737
v -0.228947 0.0139267 -0.0091579
v -0.222566 0.0091579 -0.0091579
v -0.247263 0.0204635 -0.0457895
v -0.249617 0.0274736 -0.0274737
v -0.25879 0.0274736 -0.0457895
v -0.242608 0.0274736 -0.0091579
v -0.228947 0.0133686 -0.0457895
v -0.217459 0.0091579 -0.0274737
v -0.210632 0.00255829 -0.0274737
v -0.210632 -0.0026778 -0.0091579
v -0.192316 -0.00757039 -0.0091579
v -0.192316 -0.00674224 0.0091579
v -0.192316 -0.00385517 -0.0274737
v -0.210632 0.0121896 -0.0457895
v -0.210632 0.0091579 -0.0348517
v -0.174 -0.00889099 -0.0091579
v -0.186372 -0.0091579 0.0091579
v -0.174 -0.00632799 -0.0274737
v -0.174 -0.0091579 -0.00642651
v -0.169796 -0.0091579 -0.0091579
v -0.155684 -0.00591183 -0.0274737
v -0.155684 -0.0091579 -0.0188299
v -0.247263 0.0274736 -0.0567636
v -0.174 -0.0091579 0.0233967
v -0.174 -0.0087992 0.0274736
v -0.161034 -0.0091579 0.0274736
v -0.155684 -0.0091579 0.030752
v -0.174 -0.0209706 0.0091579
v -0.155684 -0.0186384 -0.0091579
v -0.155684 -0.0231857 0.0091579
v -0.137368 -0.0261448 0.0091579
v -0.137368 -0.0232146 -0.0091579
v -0.137368 -0.0248832 0.0274736
v -0.119053 -0.0269178 0.0274736
v -0.119053 -0.0271025 0.0091579
v -0.119053 -0.024781 -0.0091579
v -0.100737 -0.0273354 0.0091579
v -0.112122 -0.0274737 0.0274736
v -0.100737 -0.0274737 0.012194
v -0.082421 -0.0274128 0.0091579
v -0.100737 -0.0239239 -0.0091579
v -0.100737 -0.0377663 0.0274736
v -0.247263 0.0457895 -0.0958043
v -0.247263 0.0324886 -0.082421
v -0.265579 0.0457895 -0.0987253
v -0.265579 0.0306807 -0.082421
v -0.283895 0.0457895 -0.100072
v -0.283895 0.0296296 -0.082421
v -0.302211 0.0457895 -0.0996017
v -0.302211 0.0295162 -0.082421
v -0.228947 0.0364215 -0.082421
v -0.228947 0.0457895 -0.0917935
v -0.320526 0.0457895 -0.0963454
v -0.320526 0.0331691 -0.082421
v -0.302211 0.0473286 -0.100737
v -0.283895 0.0470923 -0.100737
v -0.302211 0.0641053 -0.116387
v -0.320526 0.0641053 -0.116962
v -0.320526 0.0473984 -0.100737
v -0.338842 0.0641053 -0.118092
v -0.338842 0.0478745 -0.100737
v -0.347521 0.0641053 -0.119053
v -0.283895 0.0641053 -0.115157
v -0.265579 0.0496545 -0.100737
v -0.265579 0.0641053 -0.113332
v -0.247263 0.0576419 -0.100737
v -0.247263 0.0641053 -0.107136
v -0.210632 0.0441844 -0.082421
v -0.210632 0.0457895 -0.0840244
v -0.357158 0.0580772 -0.119053
v -0.357158 0.0471976 -0.100737
v -0.357158 0.0641053 -0.125153
v -0.375474 0.0641053 -0.132345
v -0.375474 0.0510636 -0.119053
v -0.393789 0.0641053 -0.136375
v -0.393789 0.048282 -0.119053
v -0.400239 0.0641053 -0.137368
v -0.375474 0.0698124 -0.137368
v -0.393789 0.064622 -0.137368
v -0.393789 0.082421 -0.154999
v -0.375474 0.082421 -0.149633
v -0.395263 0.082421 -0.155684
v -0.338842 0.068635 -0.119053
v -0.228947 0.0282634 -0.0641053
v -0.217037 0.0274736 -0.0641053
v -0.228947 0.0274736 -0.0632626
v -0.210632 0.0274736 -0.0655708
v -0.210632 0.0260068 -0.0641053
v -0.198798 0.0274736 -0.0641053
v -0.192316 0.0107869 -0.0457895
v -0.192316 0.0276768 -0.0641053
v -0.192316 0.0274736 -0.0639678
v -0.174 0.0103772 -0.0457895
v -0.174 0.0274736 -0.0625773
v -0.155684 0.0126395 -0.0457895
v -0.155684 0.0274736 -0.0602936
v -0.137368 0.0138971 -0.0457895
v -0.137368 0.0274736 -0.0590881
v -0.174 0.0091579 -0.0438625
v -0.155684 0.0091579 -0.042731
v -0.137368 -0.00577742 -0.0274737
v -0.137368 0.0091579 -0.0424631
v -0.119053 -0.00483179 -0.0274737
v -0.119053 0.0091579 -0.0413756
v -0.137368 -0.0091579 -0.0234047
v -0.100737 -0.00539482 -0.0274737
v -0.100737 0.0091579 -0.0420404
v -0.082421 -0.00471669 -0.0274737
v -0.082421 0.0091579 -0.0413191
v -0.0641053 -0.000409484 -0.0274737
v -0.0641053 0.0091579 -0.0368338
v -0.100737 -0.0091579 -0.0239942
v -0.119053 -0.0091579 -0.0248676
v -0.192316 0.0091579 -0.0421223
v -0.082421 -0.0185271 -0.0091579
v -0.082421 -0.0091579 -0.018639
v -0.174 0.0331578 -0.0641053
v -0.192316 0.0457895 -0.07904
v -0.174 0.0457895 -0.0759167
v -0.208968 0.0457895 -0.082421
v -0.0641053 -0.00904888 -0.0091579
v -0.0457895 -0.00899732 -0.0091579
v -0.0641053 -0.0091579 -0.00908965
v -0.0457895 -0.0091579 -0.00886023
v -0.0641053 -0.0274737 0.00764304
v -0.0657051 -0.0091579 -0.0091579
v -0.0413476 -0.0091579 -0.0091579
v -0.0457895 0.0091579 -0.0272688
v -0.0512108 0.0091579 -0.0274737
v -0.0457895 -0.0274737 0.00399739
v -0.0457895 -0.0325456 0.0091579
v -0.0641053 -0.0289853 0.0091579
v -0.0714386 -0.0274737 0.0091579
v -0.0457895 -0.0442232 0.0274736
v -0.0641053 -0.0430751 0.0274736
v -0.082421 -0.0413346 0.0274736
v -0.082421 -0.0274737 0.0099178
v -0.0274737 -0.0455516 0.0274736
v -0.0457895 0.011695 -0.0274737
v -0.119053 0.0247882 -0.0457895
v -0.119053 0.0274736 -0.0484522
v -0.113355 0.0274736 -0.0457895
v -0.412105 0.0567346 -0.137368
v -0.412105 0.0474435 -0.119053
v -0.430421 0.0504489 -0.137368
v -0.430421 0.0641053 -0.151062
v -0.412105 0.0641053 -0.144805
v -0.338842 0.082421 -0.129522
v -0.320526 0.0790499 -0.119053
v -0.320526 0.082421 -0.122254
v -0.357158 0.082421 -0.135899
v -0.0457895 0.0274736 -0.0409684
v -0.0274737 0.0148852 -0.0274737
v -0.0274737 0.0274736 -0.0374559
v -0.362042 0.082421 -0.137368
v -0.316272 0.082421 -0.119053
v -0.239012 0.0641053 -0.100737
v -0.210632 0.0641053 -0.0936879
v -0.0641053 0.0274736 -0.0437332
v -0.228947 0.0641053 -0.0976442
v -0.412105 0.0668479 -0.155684
v -0.430421 0.0707474 -0.155684
v -0.430421 0.082421 -0.167448
v -0.412105 0.082421 -0.171275
v -0.0274737 -0.0438609 0.0091579
v -0.0274737 -0.0274737 -0.00732046
v -0.0274737 -0.0196934 -0.0091579
v -0.0274737 -0.0091579 -0.0207229
v -0.0274737 0.0091579 -0.0273224
v -0.375474 0.0475684 -0.100737
v -0.334367 0.0457895 -0.082421
v -0.338842 0.0469119 -0.082421
v -0.430421 0.0474431 -0.119053
v -0.430421 0.0457895 -0.116984
v -0.448737 0.0457895 -0.118521
v -0.430421 0.0302056 -0.100737
v -0.448737 0.027576 -0.100737
v -0.412105 0.0368076 -0.100737
v -0.412105 0.0457895 -0.109758
v -0.467053 0.0457895 -0.111917
v -0.467053 0.0344264 -0.100737
v -0.401964 0.0457895 -0.100737
v -0.393789 0.0473052 -0.100737
v -0.448737 0.0480425 -0.119053
v -0.430421 0.0288126 -0.082421
v -0.448737 0.0274736 -0.100549
v -0.467053 0.0274736 -0.100006
v -0.448737 0.0112329 -0.082421
v -0.467053 0.00988752 -0.082421
v -0.43208 0.0274736 -0.082421
v -0.448737 0.0101258 -0.0641053
v -0.467053 0.0091579 -0.0796971
v -0.450984 0.0091579 -0.0641053
v -0.467053 -0.00634003 -0.0641053
v -0.448737 0.0641053 -0.132961
v -0.444182 0.0641053 -0.137368
v -0.442118 0.082421 -0.155684
v -0.482616 0.0091579 -0.0641053
v -0.484662 0.0274736 -0.082421
v -0.478175 0.0457895 -0.100737
v -0.485368 0.0274736 -0.078083
v -0.46267 0.0641053 -0.119053
v -0.467053 0.0641053 -0.108786
v -0.485368 0.0136465 -0.0641053
v -0.499021 0.0274736 -0.0641053
v 0.124369 0.0457895 -0.082421
v 0.125769 0.0274736 -0.0641053
v 0.119053 0.0457895 -0.0761404
v 0.119053 0.0315765 -0.0641053
v 0.102338 0.0457895 -0.0641053
v 0.119053 0.0274736 -0.0621513
v 0.100737 0.0457895 -0.0639233
v 0.119053 0.0641053 -0.0814365
v 0.101675 0.0641053 -0.0641053
v 0.128689 0.0274736 -0.082421
v 0.137368 0.0457895 -0.0952492
v 0.137368 0.0274736 -0.0909256
v 0.137368 0.01814 -0.082421
v 0.119053 0.0091579 -0.0711699
v 0.0457895 0.118376 0.0641053
v 0.0457895 0.100737 0.0732065
v 0.0553434 0.100737 0.0641053
v 0.0640005 0.082421 0.0641053
v 0.0457895 0.082421 0.0792439
v 0.0641053 0.0818594 0.0641053
v 0.0457895 0.0732664 0.082421
v 0.0274736 0.119053 0.0702673
v 0.0445033 0.119053 0.0641053
v 0.0274736 0.12516 0.0641053
v 0.0091579 0.119053 0.0729004
v 0.0274736 0.082421 0.0776262
v 0.0274736 0.07797 0.082421
v 0.0274736 0.100737 0.0690553
v 0.0091579 0.082421 0.078531
v 0.0091579 0.0785451 0.082421
v 0.0091579 0.126772 0.0641053
v 0.013136 0.100737 0.0641053
v 0.0091579 0.100232 0.0641053
v -0.0091579 0.082421 0.0730458
v -0.0091579 0.0916346 0.0641053
v -0.0274737 0.082421 0.071891
v -0.0274737 0.0902074 0.0641053
v -0.0457895 0.082421 0.0749184
v -0.0457895 0.0932983 0.0641053
v -0.0274737 0.0740886 0.082421
v -0.0457895 0.0743287 0.082421
v -0.0457895 0.0641053 0.0926037
v -0.0274737 0.0641053 0.0925392
v -0.0457895 0.0457895 0.09909
v -0.0641053 0.0457895 0.0995463
v -0.0274737 0.0457895 0.0992613
v -0.0274737 0.0423527 0.100737
v -0.0091579 0.0447865 0.100737
v -0.0091579 0.0641053 0.0944495
v -0.0091579 0.0457895 0.0999496
v 0.0091579 0.0457895 0.0989914
v -0.0457895 0.0381774 0.100737
v 0.0091579 0.0440583 0.100737
v -0.0641053 0.0274736 0.100392
v -0.0274737 0.0274736 0.115002
v -0.0457895 0.0274736 0.110688
v -0.0457895 0.0091579 0.116209
v -0.0274737 0.0091579 0.118178
v 0.0274736 0.0426677 0.100737
v -0.0091579 0.0274736 0.118666
v 0.0091579 0.0274736 0.117023
v -0.0091579 0.0756965 0.082421
v 0.0274736 0.0274736 0.116245
v -0.0091579 0.0250669 0.119053
v 0.00440478 0.0091579 0.119053
v 0.0091579 0.0091579 0.118941
v 0.0274736 0.0177178 0.119053
v 0.0340629 0.0274736 0.119053
v 0.0457895 0.041737 0.119053
v -0.0205455 0.0091579 0.119053
v -0.0583628 0.0274736 0.100737
v -0.082421 0.0274736 0.099498
v -0.082421 0.0457895 0.0983709
v -0.100737 0.0274736 0.0965539
v -0.100737 0.0457895 0.0942132
v -0.0641053 0.0641053 0.0992394
v 0.0171833 0.0091579 0.119053
v -0.0575914 0.100737 0.0641053
v -0.0641053 0.0091579 0.1002
v -0.082421 0.0091579 0.0989974
v -0.0622022 0.0091579 0.100737
v -0.0091579 -0.00258237 0.119053
v -0.082421 0.0641053 0.0994995
v -0.100737 0.0091579 0.0926435
v -0.0558586 0.082421 0.082421
v -0.0641053 0.100737 0.0705975
v -0.100737 0.0641053 0.0966066
v 0.0091579 0.0776869 0.100737
v 0.00140905 0.119053 0.0641053
v -0.0641053 0.082421 0.0907101
v -0.0641053 0.107133 0.0641053
v -0.0641053 0.0907102 0.082421
v -0.113473 0.0457895 0.082421
v -0.00476021 0.0641053 0.100737
v 0.0091579 0.0641053 0.11439
v 0.0274736 0.0762852 0.100737
v 0.0274736 0.0641053 0.11405
v -0.1155 0.0274736 0.082421
v -0.119053 0.0274736 0.0814034
v -0.119053 0.0457895 0.0816172
v -0.118847 0.0641053 0.0641053
v -0.119053 0.0640467 0.0641053
v -0.13693 0.0457895 0.0641053
v -0.136439 0.0274736 0.0641053
v 0.0091579 -0.0091579 0.113297
v -0.0091579 -0.0091579 0.110226
v 0.0091579 -0.0274737 0.110291
v 0.0274736 -0.0274737 0.118728
v 0.0378777 0.082421 0.119053
v -0.174 -0.0134944 -0.228947
v -0.155684 -0.0115557 -0.210632
v -0.155684 -0.0233192 -0.228947
v -0.137368 -0.0167727 -0.210632
v -0.155684 -0.0274737 -0.23319
v -0.174 -0.0274737 -0.243326
v -0.137368 -0.0274737 -0.221654
v -0.151276 -0.0274737 -0.228947
v -0.126468 -0.0274737 -0.210632
v -0.119053 -0.0274737 -0.204901
v -0.119053 -0.0150939 -0.192316
v -0.106428 -0.0274737 -0.192316
v -0.119053 -0.0457895 -0.217375
v -0.155684 -0.0457895 -0.243918
v -0.138907 -0.0457895 -0.228947
v -0.137368 -0.0457895 -0.22786
v -0.119053 -0.0390725 -0.210632
v -0.11219 -0.0457895 -0.210632
v -0.100737 -0.0365905 -0.192316
v -0.100737 -0.0457895 -0.201626
v -0.091401 -0.0457895 -0.192316
v -0.0962673 -0.0274737 -0.174
v -0.100737 -0.0274737 -0.178551
v -0.100737 -0.0231182 -0.174
v -0.0831217 -0.0457895 -0.174
v -0.0890629 -0.0274737 -0.155684
v -0.082421 -0.0457895 -0.172447
v -0.082421 -0.0314434 -0.155684
v -0.0667931 -0.0457895 -0.155684
v -0.100737 -0.0159029 -0.155684
v -0.119053 -0.0125765 -0.174
v -0.137368 -0.0109872 -0.192316
v -0.0859685 -0.0274737 -0.137368
v -0.100737 -0.0148025 -0.137368
v -0.082421 -0.0274737 -0.130213
v -0.082421 -0.0190989 -0.119053
v -0.0641053 -0.0274737 -0.126757
v -0.082421 -0.0282715 -0.137368
v -0.174 -0.00977033 -0.210632
v -0.192316 -0.0109198 -0.228947
v -0.192316 -0.0274737 -0.246876
v -0.210632 -0.0201998 -0.247263
v -0.119053 -0.012432 -0.155684
v -0.210632 -0.0106542 -0.228947
v -0.0641053 -0.02913 -0.137368
v -0.0641053 -0.0457895 -0.154632
v -0.155684 -0.00983065 -0.192316
v -0.0457895 -0.0457895 -0.151393
v -0.0457895 -0.0319421 -0.137368
v -0.0457895 -0.0274737 -0.130717
v -0.0274737 -0.0274737 -0.131587
v -0.137368 -0.0108899 -0.174
v -0.0274737 -0.0457895 -0.149803
v -0.0274737 -0.0333705 -0.137368
v -0.0091579 -0.0457895 -0.137138
v -0.192316 -0.0104966 -0.210632
v -0.228947 -0.0131657 -0.228947
v -0.137368 -0.0115979 -0.155684
v -0.174 -0.00980818 -0.192316
v -0.155684 -0.0105777 -0.174
v -0.0641053 -0.0197415 -0.119053
v -0.0641053 -0.0112273 -0.100737
v -0.0457895 -0.0111082 -0.100737
v -0.0457895 -0.0104775 -0.082421
v -0.082421 -0.0138164 -0.100737
v -0.0274737 -0.00993824 -0.082421
v -0.0641053 -0.011123 -0.082421
v -0.0274737 -0.0100159 -0.100737
v -0.0457895 -0.0158457 -0.119053
v -0.0274737 -0.014985 -0.119053
v -0.0091579 -0.0095408 -0.100737
v -0.0091579 -0.01741 -0.119053
v -0.0091579 -0.0274737 -0.129127
v 0.0091579 -0.0106137 -0.100737
v -0.0091579 -0.00929809 -0.082421
v 0.0091579 -0.0091579 -0.0941321
v 0.0274736 -0.0091579 -0.0974966
v -0.00759757 -0.0091579 -0.082421
v -0.0091579 -0.00977409 -0.0641053
v -0.210632 -0.0111532 -0.210632
v -0.0457895 -0.0110427 -0.0641053
v -0.0274737 -0.011403 -0.0641053
v -0.192316 -0.0115086 -0.192316
v -0.000246942 -0.0091579 -0.0641053
v -0.174 -0.0114933 -0.174
v -0.155684 -0.0124174 -0.155684
v -0.119053 -0.0152259 -0.137368
v -0.228947 -0.0142374 -0.210632
v 0.0091579 0.00187016 -0.082421
v -0.100737 -0.0258676 -0.119053
v -0.210632 -0.014487 -0.192316
v 0.0274736 0.00626796 -0.082421
v 0.0457895 0.0091579 -0.0831884
v 0.0449072 0.0091579 -0.082421
v -0.192316 -0.0158392 -0.174
v -0.225926 -0.0274737 -0.247263
v -0.228947 -0.0274737 -0.246607
v -0.228947 -0.0276231 -0.247263
v -0.210632 -0.0274737 -0.254571
v -0.247263 -0.027667 -0.228947
v -0.247263 -0.0276154 -0.247263
v -0.247263 -0.0348639 -0.265579
v -0.265579 -0.0294526 -0.265579
v -0.265579 -0.0282759 -0.247263
v -0.283895 -0.0276764 -0.265579
v -0.283895 -0.0339866 -0.283895
v -0.302211 -0.0282215 -0.283895
v -0.296191 -0.0274737 -0.265579
v -0.302211 -0.0274737 -0.272543
v -0.308906 -0.0274737 -0.283895
v -0.302211 -0.0274737 -0.261556
v -0.283895 -0.0282111 -0.247263
v -0.246293 -0.0274737 -0.228947
v -0.265579 -0.0295085 -0.228947
v -0.302211 -0.0295378 -0.247263
v -0.310284 -0.0274737 -0.265579
v -0.320526 -0.0279834 -0.265579
v -0.320526 -0.0274737 -0.271249
v -0.330652 -0.0274737 -0.283895
v -0.338842 -0.0286134 -0.283895
v -0.320526 -0.0274737 -0.2923
v -0.320526 -0.0311966 -0.302211
v -0.247263 -0.0301531 -0.210632
v -0.320526 -0.0192956 -0.283895
v -0.302211 -0.0234672 -0.265579
v -0.247263 -0.0457895 -0.276955
v -0.305227 -0.0457895 -0.302211
v -0.265579 -0.0457895 -0.28196
v -0.283895 -0.0457895 -0.2958
v -0.302211 -0.0457895 -0.301055
v -0.196587 -0.0274737 -0.247263
v -0.192316 -0.0457895 -0.262303
v -0.228947 -0.0457895 -0.26508
v -0.192316 -0.0282823 -0.247263
v -0.233228 -0.0457895 -0.265579
v -0.174 -0.0457895 -0.254585
v -0.174 -0.0380359 -0.247263
v -0.320526 -0.0457895 -0.316732
v -0.271971 -0.0457895 -0.283895
v -0.166492 -0.0457895 -0.247263
v -0.210632 -0.0457895 -0.264615
v 0.137368 -0.0437291 -0.0457895
v 0.119053 -0.045689 -0.0641053
v 0.130641 -0.0274737 -0.0641053
v 0.119053 -0.0274737 -0.0748956
v 0.0817069 0.0274736 0.155684
v 0.082421 0.0263492 0.155684
v 0.082421 0.0274736 0.153336
v 0.0991156 0.0091579 0.155684
v 0.100737 0.0091579 0.153943
v 0.082421 0.0091579 0.172316
v 0.0798711 0.0091579 0.174
v 0.100737 0.00603998 0.155684
v 0.100737 -0.0091579 0.170765
v 0.082421 0.0457895 0.14351
v 0.079712 -0.0091579 0.174
v 0.0641053 0.0091579 0.189914
v 0.0641053 0.0274736 0.187647
v 0.0777342 0.0274736 0.174
v 0.0641053 0.0457895 0.183318
v 0.0734034 0.0457895 0.174
v 0.0641053 0.0567912 0.174
v 0.0791093 0.0457895 0.155684
v 0.0641053 -0.0091579 0.188114
v 0.082387 0.0641053 0.155684
v 0.0641053 0.0641053 0.173408
v 0.082421 0.0641053 0.154804
v 0.100737 0.0641053 0.14025
v 0.082421 0.0641494 0.155684
v 0.0457895 -0.0091579 0.191204
v 0.119053 -0.045689 -0.0641053
v 0.119053 -0.0320266 -0.0457895
v 0.100737 -0.0326409 -0.0641053
v 0.137368 -0.0437291 -0.0457895
v -0.0214452 -0.0091579 -0.0457895
v -0.0252723 0.0091579 -0.0274737
v -0.0091579 0.0091579 -0.0426263
v -0.0091579 0.00347137 -0.0457895
v -0.0091579 -0.0091579 -0.0613621
v -0.0274737 -0.0204318 -0.0457895
v -0.00793248 0.0091579 -0.0457895
v -0.000246942 -0.0091579 -0.0641053
v -0.0091579 -0.00977409 -0.0641053
v -0.026476 -0.0091579 -0.0274737
v -0.0091579 0.0274736 -0.0438347
v -0.00596774 0.0274736 -0.0457895
v -0.0091579 0.0457895 -0.0440312
v -0.0264772 -0.0274737 -0.0274737
v -0.0083074 0.0091579 -0.0641053
v -0.0265002 -0.0274737 -0.0091579
v -0.0274737 -0.0091579 -0.0207229
v -0.0274737 0.0091579 -0.0273224
v -0.0274737 -0.0196934 -0.0091579
v -0.0274737 -0.0274737 -0.00732046
v -0.0255833 -0.0457895 -0.0091579
v -0.026381 -0.0457895 0.0091579
v -0.0260134 -0.0641053 0.0091579
v -0.0271199 -0.0457895 0.0274736
v -0.027311 -0.0457895 -0.0274737
v -0.0274737 -0.0545883 -0.0091579
v -0.0274737 -0.0641053 0.000405431
v -0.0274737 -0.082421 -0.00558156
v -0.0274737 -0.0274737 -0.0372384
v -0.0274737 -0.0457895 -0.0276486
v -0.0274737 -0.0438609 0.0091579
v -0.00759757 -0.0091579 -0.082421
v -0.0274737 0.0274736 -0.0374559
v -0.0274737 0.0148852 -0.0274737
v 0.265579 0.00910562 0.174
v 0.247263 0.0091579 0.175939
v 0.265579 -0.0091579 0.191487
v 0.25937 0.0091579 0.174
v 0.265579 0.0091579 0.173962
v 0.265604 0.0091579 0.174
v -0.448737 0.0166535 -0.0457895
v -0.455537 0.0091579 -0.0457895
v -0.450984 0.0091579 -0.0641053
v -0.467053 -0.0015862 -0.0457895
v -0.467053 -0.00634003 -0.0641053
v -0.448737 0.0101258 -0.0641053
v -0.4316 0.0274736 -0.0641053
v -0.438749 0.0274736 -0.0457895
v -0.43208 0.0274736 -0.082421
v -0.448737 0.0112329 -0.082421
v -0.467053 0.0091579 -0.034589
v -0.448737 0.0274736 -0.0355549
v -0.430421 0.0307788 -0.0641053
v -0.430421 0.0288126 -0.082421
v -0.430421 0.0457895 -0.0488759
v -0.415141 0.0457895 -0.0641053
v -0.412105 0.0457895 -0.0721651
v -0.412105 0.0363309 -0.082421
v -0.40239 0.0457895 -0.082421
v -0.401964 0.0457895 -0.100737
v -0.393789 0.0641053 -0.0657736
v -0.412105 0.0368076 -0.100737
v -0.430421 0.0302056 -0.100737
v -0.393789 0.0477192 -0.082421
v -0.393789 0.0473052 -0.100737
v -0.436378 0.0457895 -0.0457895
v -0.0274737 -0.00895703 0.155684
v -0.0457895 0.00704879 0.137368
v -0.0274737 -0.00847292 0.137368
v -0.0457895 0.0091579 0.13523
v -0.0478959 0.0091579 0.137368
v -0.0640089 0.0091579 0.155684
v -0.0457895 -0.00876242 0.155684
v -0.0274737 0.0091579 0.120041
v -0.0255231 -0.0091579 0.137368
v -0.0091579 -0.0091579 0.121594
v -0.0091579 -0.0246879 0.137368
v 0.0091579 -0.0223157 0.137368
v 0.0091579 -0.0091579 0.123479
v 0.338842 -0.0917065 0.192316
v 0.322803 -0.082421 0.210632
v 0.329827 -0.082421 0.192316
v 0.338842 -0.0984337 0.210632
v 0.338842 -0.082421 0.180758
v 0.327809 -0.0641053 0.192316
v 0.321099 -0.0641053 0.210632
v 0.247978 -0.0091579 0.174
v 0.247263 -0.0091579 0.17139
v 0.247263 -0.0260802 0.155684
v 0.247773 -0.0274737 0.155684
v 0.249938 -0.0274737 0.174
v 0.247263 0.00694728 0.174
v 0.247263 0.0091579 0.175939
v 0.247263 -0.0274737 0.155085
v 0.265579 -0.0274737 0.189655
v 0.265579 -0.0091579 0.191487
v 0.302211 -0.0617663 0.192316
v 0.286158 -0.0457895 0.192316
v 0.302211 -0.0592331 0.174
v 0.285524 -0.0457895 0.174
v 0.283895 -0.0445346 0.174
v 0.283895 -0.0457895 0.166335
v 0.289752 -0.0457895 0.210632
v 0.302211 -0.0582591 0.210632
v 0.283895 -0.0500551 0.155684
v 0.302211 -0.0631326 0.155684
v 0.277618 -0.0457895 0.155684
v 0.314489 -0.0641053 0.174
v 0.283895 -0.0606606 0.137368
v 0.320526 -0.0641053 0.180354
v 0.320526 -0.0608382 0.192316
v 0.320526 -0.0610009 0.210632
v 0.265579 -0.0450916 0.155684
v 0.265579 -0.043121 0.174
v 0.265579 -0.0457895 0.153735
v 0.283895 -0.0386331 0.192316
v 0.31824 -0.0641053 0.155684
v 0.320526 -0.0693548 0.174
v 0.320526 -0.0500751 0.228947
v 0.330949 -0.0641053 0.228947
v 0.302211 -0.0457895 0.224021
v 0.273002 -0.0274737 0.192316
v 0.283895 -0.0274737 0.203521
v 0.247263 -0.0457895 0.141296
v 0.247263 -0.0500231 0.137368
v 0.265579 -0.0616028 0.137368
v 0.265579 -0.0641053 0.133416
v 0.285944 -0.0274737 0.210632
v 0.119053 -0.0274737 -0.0748956
v 0.119053 -0.045689 -0.0641053
v 0.100737 -0.0274737 -0.0674138
v 0.100737 -0.0326409 -0.0641053
v 0.100737 -0.0091579 -0.0773274
v 0.0091579 0.119053 0.0554239
v 0.0274736 0.119053 0.0539688
v 0.0274736 0.100737 0.056141
v 0.0457895 0.100737 0.0535862
v 0.0445033 0.119053 0.0641053
v 0.0457895 0.118376 0.0641053
v 0.0553434 0.100737 0.0641053
v 0.0091579 0.126772 0.0641053
v 0.0274736 0.12516 0.0641053
v 0.00140905 0.119053 0.0641053
v 0.174 0.142599 0.082421
v 0.174 0.154582 0.0641053
v 0.155684 0.15144 0.0641053
v 0.192316 0.154477 0.0641053
v 0.155684 0.137368 0.0785605
v 0.139341 0.137368 0.0641053
v 0.155684 0.135421 0.082421
v 0.168364 0.137368 0.082421
v 0.137368 0.136952 0.0641053
v 0.137368 0.12335 0.082421
v 0.119053 0.134666 0.0641053
v 0.119053 0.119053 0.0808449
v 0.101362 0.119053 0.0641053
v 0.119053 0.136699 0.0457895
v 0.101029 0.119053 0.0457895
v 0.100737 0.118435 0.0641053
v 0.137368 0.136948 0.0457895
v 0.155684 0.137157 0.0457895
v 0.155684 0.137368 0.0487368
v 0.164961 0.137368 0.0457895
v 0.167774 0.137368 0.0274736
v 0.155684 0.135731 0.0274736
v 0.137368 0.131788 0.0274736
v 0.137368 0.134955 0.0091579
v 0.119053 0.128888 0.0091579
v 0.119053 0.127129 0.0274736
v 0.174 0.137368 0.0213294
v 0.155684 0.135235 0.0091579
v 0.174 0.133477 0.0091579
v 0.155684 0.12838 -0.0091579
v 0.174 0.133531 -0.0091579
v 0.174 0.144545 0.0457895
v 0.174 0.142779 0.0274736
v 0.1084 0.119053 0.0274736
v 0.108519 0.119053 0.0091579
v 0.18284 0.137368 0.0274736
v 0.192316 0.136788 0.0274736
v 0.192316 0.137368 0.0447329
v 0.194479 0.137368 0.0457895
v 0.210632 0.137266 0.0457895
v 0.210632 0.135983 0.0274736
v 0.228947 0.13658 0.0457895
v 0.210632 0.137368 0.0460027
v 0.228947 0.137368 0.0472055
v 0.228947 0.131901 0.0274736
v 0.247263 0.134924 0.0457895
v 0.247263 0.137368 0.0480288
v 0.192316 0.137849 0.0457895
v 0.210632 0.154671 0.0641053
v 0.192316 0.120148 0.0091579
v 0.137368 0.119053 -0.00790471
v 0.119053 0.119053 -0.00127846
v 0.14327 0.119053 -0.0091579
v 0.174 0.119053 -0.0237865
v 0.155684 0.119053 -0.0185506
v 0.228947 0.153828 0.0641053
v 0.247263 0.153199 0.0641053
v 0.174 0.150323 0.100737
v 0.210632 0.119053 0.0102021
v 0.228947 0.119053 0.0142515
v 0.210632 0.11888 0.0091579
v 0.193958 0.119053 0.0091579
v 0.210632 0.114883 -0.0091579
v 0.228947 0.117538 0.0091579
v 0.243092 0.119053 0.0274736
v 0.195105 0.119053 -0.0091579
v 0.247263 0.117574 0.0274736
v 0.247263 0.115792 0.0091579
v 0.265579 0.116519 0.0274736
v 0.265579 0.119053 0.0328253
v 0.247263 0.119053 0.0292977
v 0.201553 0.100737 -0.0274737
v 0.265579 0.13174 0.0457895
v 0.265579 0.137368 0.0549005
v 0.265579 0.14629 0.0641053
v 0.247263 0.100737 -0.00588268
v 0.228947 0.100737 -0.00786889
v 0.228947 0.100001 -0.0091579
v 0.22557 0.100737 -0.0091579
v 0.223257 0.082421 -0.0274737
v 0.228947 0.082421 -0.0269785
v 0.210632 0.100737 -0.0238076
v -0.100737 -0.134884 -0.119053
v -0.119053 -0.131613 -0.119053
v -0.119053 -0.130182 -0.137368
v -0.137368 -0.126444 -0.137368
v -0.100737 -0.134018 -0.100737
v -0.137368 -0.124788 -0.119053
v -0.119053 -0.127765 -0.100737
v -0.1433 -0.119053 -0.119053
v -0.145267 -0.119053 -0.137368
v -0.137368 -0.082421 -0.0846193
v -0.154089 -0.082421 -0.100737
v -0.137368 -0.100737 -0.089478
v -0.148331 -0.100737 -0.100737
v -0.155684 -0.100737 -0.105654
v -0.155684 -0.082421 -0.102092
v -0.171168 -0.082421 -0.119053
v -0.168771 -0.100737 -0.119053
v -0.151333 -0.0641053 -0.100737
v -0.137368 -0.0641053 -0.0869938
v -0.167195 -0.0641053 -0.119053
v -0.155684 -0.0641053 -0.107335
v -0.174 -0.082421 -0.122699
v -0.134654 -0.0641053 -0.082421
v -0.174 -0.0641053 -0.122697
v -0.188829 -0.0641053 -0.137368
v -0.188584 -0.082421 -0.137368
v -0.192316 -0.082421 -0.142305
v -0.192316 -0.0641053 -0.140991
v -0.208728 -0.0641053 -0.155684
v -0.206515 -0.082421 -0.155684
v -0.210632 -0.082421 -0.157969
v -0.210632 -0.0641053 -0.157042
v -0.228947 -0.0641053 -0.168733
v -0.210632 -0.0457895 -0.16104
v -0.201164 -0.0457895 -0.155684
v -0.228947 -0.0727687 -0.174
v -0.227543 -0.082421 -0.174
v -0.228947 -0.082421 -0.174962
v -0.234203 -0.0641053 -0.174
v -0.174 -0.100737 -0.137283
v -0.174083 -0.100737 -0.137368
v -0.192316 -0.0980138 -0.155684
v -0.210632 -0.100737 -0.174035
v -0.228947 -0.100737 -0.188918
v -0.247263 -0.082421 -0.190123
v -0.247263 -0.0641053 -0.182031
v -0.257552 -0.0641053 -0.192316
v -0.249465 -0.082421 -0.192316
v -0.265579 -0.082421 -0.200044
v -0.265579 -0.0641053 -0.198268
v -0.277979 -0.0641053 -0.210632
v -0.276241 -0.082421 -0.210632
v -0.283895 -0.082421 -0.213245
v -0.283895 -0.0641053 -0.21376
v -0.302211 -0.082421 -0.222842
v -0.302211 -0.0961615 -0.228947
v -0.311353 -0.082421 -0.228947
v -0.210567 -0.100737 -0.174
v -0.189622 -0.100737 -0.155684
v -0.210632 -0.100721 -0.174
v -0.247263 -0.0846739 -0.192316
v -0.265579 -0.093136 -0.210632
v -0.232311 -0.100737 -0.192316
v -0.137368 -0.112289 -0.100737
v -0.155684 -0.11391 -0.119053
v -0.275752 -0.100737 -0.228947
v -0.228947 -0.104008 -0.192316
v -0.247263 -0.100417 -0.210632
v -0.134483 -0.100737 -0.082421
v -0.136642 -0.082421 -0.082421
v -0.119053 -0.100737 -0.0674277
v -0.119053 -0.082421 -0.065163
v -0.119053 -0.0641053 -0.0668965
v -0.113252 -0.0641053 -0.0641053
v -0.119053 -0.115876 -0.082421
v -0.128927 -0.119053 -0.100737
v -0.174 -0.114274 -0.155684
v -0.192316 -0.111507 -0.174
v -0.192316 -0.100737 -0.160348
v -0.174 -0.100821 -0.137368
v -0.155684 -0.115436 -0.137368
v -0.228947 -0.115774 -0.210632
v -0.246449 -0.100737 -0.210632
v -0.137368 -0.119053 -0.112302
v -0.119053 -0.119053 -0.0916991
v -0.210632 -0.114043 -0.192316
v -0.247263 -0.110215 -0.228947
v -0.100737 -0.119053 -0.0841973
v -0.283895 -0.0994977 -0.228947
v -0.247263 -0.100737 -0.213758
v -0.265579 -0.100737 -0.222439
v -0.265579 -0.107317 -0.228947
v -0.283895 -0.100737 -0.231268
v -0.283895 -0.114551 -0.247263
v -0.302211 -0.100737 -0.229391
v -0.100737 -0.100737 -0.0653623
v -0.111559 -0.082421 -0.0641053
v -0.320526 -0.082421 -0.230066
v -0.302211 -0.118996 -0.247263
v 0.013136 0.100737 0.0641053
v 0.0274736 0.100737 0.0690553
v 0.0091579 0.102996 0.0641053
v 0.0091579 0.119053 0.0729004
v 0.00140905 0.119053 0.0641053
v 0.333629 0.0457895 0.0091579
v 0.338218 0.0457895 0.0274736
v 0.325433 0.0274736 0.0091579
v 0.320526 0.0274736 0.00449312
v 0.320526 0.0457895 -0.0039342
v 0.192316 -0.0702287 -0.0091579
v 0.210632 -0.0642368 -0.0091579
v 0.210632 -0.0692664 -0.0274737
v 0.210632 -0.0641053 -0.00831604
v 0.210971 -0.0641053 -0.0091579
v 0.217862 -0.0641053 -0.0274737
v 0.228947 -0.0641053 -0.0381647
v -0.283895 0.0291926 -0.0457895
v -0.265579 0.0281735 -0.0457895
v -0.265579 0.0330065 -0.0274737
v -0.283895 0.0284303 -0.0641053
v -0.302211 0.0290864 -0.0641053
v -0.265579 0.0284529 -0.0641053
v -0.247263 0.0283859 -0.0641053
v -0.302211 0.0295162 -0.082421
v -0.283895 0.0296296 -0.082421
v -0.265579 0.0306807 -0.082421
v -0.25879 0.0274736 -0.0457895
v -0.249617 0.0274736 -0.0274737
v -0.247263 0.0274736 -0.0567636
v -0.228947 0.0282634 -0.0641053
v -0.320526 0.0331691 -0.082421
v -0.247263 0.0324886 -0.082421
v -0.320526 0.0353417 -0.0641053
v -0.302211 0.0334125 -0.0457895
v -0.331034 0.0457895 -0.0641053
v -0.334367 0.0457895 -0.082421
v -0.338842 0.0469119 -0.082421
v -0.338842 0.0487988 -0.0641053
v -0.314683 0.0457895 -0.0457895
v -0.302211 0.0457895 -0.0332411
v -0.320526 0.0457895 -0.0535523
v -0.283895 0.0457895 -0.0284175
v -0.280751 0.0457895 -0.0274737
v -0.265579 0.0457895 -0.0147449
v -0.250536 0.0457895 -0.0091579
v -0.324097 0.0641053 -0.0457895
v -0.338842 0.0641053 -0.0486344
v -0.356407 0.0641053 -0.0641053
v -0.357158 0.0470771 -0.082421
v -0.357158 0.0641053 -0.0644014
v -0.320526 0.0606946 -0.0457895
v -0.320526 0.0641053 -0.0423936
v -0.375474 0.0475231 -0.082421
v -0.375474 0.0641053 -0.0655583
v -0.393789 0.0477192 -0.082421
v -0.393789 0.0641053 -0.0657736
v -0.393789 0.0473052 -0.100737
v -0.375474 0.0475684 -0.100737
v -0.357158 0.0471976 -0.100737
v 0.082421 0.0479046 0.100737
v 0.0641053 0.0457895 0.1043
v 0.0641053 0.046016 0.100737
v 0.082421 0.0457895 0.110222
v 0.100737 0.0461884 0.100737
v 0.0641053 0.0457895 0.0976829
v 0.082421 0.0457895 0.0938206
v 0.100737 0.0457895 0.100637
v 0.0457895 0.0542668 0.100737
v 0.053295 0.0457895 0.119053
v 0.0457895 0.0542668 0.100737
v 0.053295 0.0457895 0.119053
v 0.0457895 0.0641053 0.116321
v 0.082421 0.0457895 0.110222
v 0.0641053 0.0457023 0.100737
v 0.0641053 0.0457895 0.1043
v 0.0457895 0.041737 0.119053
v 0.0457895 0.0429848 0.100737
v 0.0274736 0.0426677 0.100737
v 0.082421 0.0426383 0.100737
v 0.0641053 0.0457895 0.0976829
v 0.0457895 0.0457895 0.0979664
v 0.082421 0.0457895 0.0938206
v 0.100737 0.0457138 0.100737
v 0.100737 0.0457895 0.100841
v 0.100737 0.0457895 0.100637
v 0.0274736 0.0457895 0.0972082
v 0.0091579 0.0457895 0.0989914
v 0.053295 0.0457895 0.119053
v 0.0457895 0.0542668 0.100737
v 0.0457895 0.0641053 0.116321
v 0.0274736 0.0517225 0.100737
v 0.0274736 0.0641053 0.11405
v 0.0091579 0.049742 0.100737
v 0.0091579 0.0641053 0.11439
v 0.0274736 0.0457895 0.0972082
v 0.0457895 0.0457895 0.0979664
v 0.0457895 0.0685024 0.119053
v 0.0641053 0.0641053 0.118539
v 0.0091579 0.0457895 0.0989914
v 0.0641053 0.0457895 0.0976829
v -0.00476021 0.0641053 0.100737
v 0.0378777 0.082421 0.119053
v -0.0091579 0.0641053 0.0944495
v 0.137368 0.0590231 -0.082421
v 0.137368 0.0617852 -0.0641053
v 0.150185 0.0457895 -0.082421
v 0.137368 0.0457895 -0.0952492
v 0.155684 0.0641053 -0.0646217
v 0.155684 0.0457895 -0.0805231
v 0.156212 0.0641053 -0.0641053
v 0.172911 0.0457895 -0.0641053
v 0.155684 0.0646228 -0.0641053
v 0.153025 0.0641053 -0.0641053
v 0.124369 0.0457895 -0.082421
v 0.137368 0.0274736 -0.0909256
v 0.14589 0.0274736 -0.082421
v 0.137368 0.01814 -0.082421
v 0.137368 0.0091579 -0.0724723
v 0.155684 0.0274736 -0.0790167
v 0.174 0.0274736 -0.0724791
v 0.155684 0.0091579 -0.0768234
v 0.174 0.0385178 -0.0641053
v 0.0091579 0.102996 0.0641053
v 0.0091579 0.119053 0.0554239
v 0.013136 0.100737 0.0641053
v 0.0274736 0.100737 0.056141
v 0.00140905 0.119053 0.0641053
v 0.082421 0.0641053 0.1279
v 0.100737 0.0701594 0.119053
v 0.100737 0.0641053 0.134224
v 0.082421 0.0711187 0.119053
v 0.0641053 0.0641053 0.119857
v 0.110947 0.0641053 0.119053
v 0.100737 0.0641053 0.134224
v 0.100737 0.0635241 0.119053
v 0.082421 0.056069 0.119053
v 0.100737 0.0641053 0.116979
v 0.110947 0.0641053 0.119053
v 0.082421 0.0641053 0.1279
v 0.0641053 0.057559 0.119053
v 0.0457895 0.0641053 0.116321
v 0.053295 0.0457895 0.119053
v 0.0641053 0.0641053 0.118539
v 0.082421 0.0641053 0.117463
v 0.082421 0.056069 0.119053
v 0.100737 0.0641053 0.116979
v 0.0641053 0.0685603 0.119053
v 0.0457895 0.0685024 0.119053
v 0.082421 0.0711187 0.119053
v 0.100737 0.0701594 0.119053
v 0.110947 0.0641053 0.119053
v -0.210632 0.0091579 0.00583196
v -0.210632 -0.0026778 -0.0091579
v -0.209428 0.0091579 0.0091579
v -0.222566 0.0091579 -0.0091579
v -0.192316 -0.00674224 0.0091579
v -0.200051 0.0091579 0.0274736
v -0.192316 0.0015865 0.0274736
v -0.210632 0.0102365 0.0091579
v -0.226872 0.0274736 0.0091579
v -0.192316 0.0091579 0.0352544
v -0.228947 0.0139267 -0.0091579
v -0.210632 0.0274736 0.0255192
v -0.208219 0.0274736 0.0274736
v -0.228947 0.0274736 0.0049507
v -0.242608 0.0274736 -0.0091579
v -0.174 -0.0087992 0.0274736
v -0.174 0.0091579 0.0454739
v -0.192316 0.0274736 0.0428923
v -0.228947 0.0426193 0.0091579
v -0.228947 0.0457895 0.0118808
v -0.231665 0.0457895 0.0091579
v -0.247263 0.0424429 -0.0091579
v -0.247263 0.0457895 -0.00594634
v -0.250536 0.0457895 -0.0091579
v -0.249617 0.0274736 -0.0274737
v -0.247263 0.0274736 -0.0250925
v -0.247263 0.0252114 -0.0274737
v -0.258618 0.0641053 -0.0091579
v -0.247263 0.0641053 0.00172889
v -0.186321 0.0274736 0.0457895
v -0.209318 0.0457895 0.0274736
v -0.210632 0.0457895 0.026857
v -0.192316 0.0457895 0.0431429
v -0.228947 0.0641053 0.00739062
v -0.228947 0.0506927 0.0091579
v -0.265579 0.0457895 -0.0147449
v -0.265579 0.0641053 -0.0121741
v -0.283895 0.0641053 -0.0223039
v -0.283895 0.0557326 -0.0274737
v -0.290711 0.0641053 -0.0274737
v -0.280751 0.0457895 -0.0274737
v -0.288669 0.082421 -0.0274737
v -0.283895 0.082421 -0.023631
v -0.283895 0.0457895 -0.0284175
v -0.174 0.012614 0.0457895
v -0.174 0.0274736 0.0579696
v -0.302211 0.0641053 -0.0284328
v -0.302211 0.0457895 -0.0332411
v -0.320526 0.0641053 -0.0423936
v -0.155684 0.0274736 0.0554422
v -0.155684 0.0148154 0.0457895
v -0.137368 0.0091579 0.0616219
v -0.154338 0.0091579 0.0457895
v -0.155684 0.0091579 0.0443513
v 0.0274736 0.0762852 0.100737
v 0.0457895 0.082421 0.112168
v 0.0457895 0.0736389 0.100737
v 0.0378777 0.082421 0.119053
v 0.0274736 0.07797 0.082421
v 0.0457895 0.0732664 0.082421
v 0.0091579 0.0785451 0.082421
v 0.0091579 0.0776869 0.100737
v 0.0641053 0.0763968 0.082421
v -0.0091579 0.0756965 0.082421
v 0.0641053 0.0818594 0.0641053
v -0.0091579 0.082421 0.0730458
v -0.0274737 0.082421 0.071891
v 0.082421 0.0641053 0.0827435
v 0.082421 0.0626974 0.082421
v 0.0810875 0.0641053 0.082421
v 0.0641053 0.0763968 0.082421
v 0.100737 0.0640842 0.082421
v 0.0641053 0.082421 0.0879748
v 0.0457895 0.0457895 0.164903
v 0.0525132 0.0457895 0.174
v 0.0641053 0.0567912 0.174
v 0.0641053 0.0457895 0.183318
v 0.0641053 0.0641053 0.173408
v 0.0328758 0.0457895 0.155684
v 0.0274736 0.0457895 0.14819
v 0.0274736 0.0372517 0.155684
v 0.0274736 0.0274736 0.159817
v 0.0457895 0.0274736 0.170006
v 0.049187 0.0274736 0.174
v 0.0641053 0.0274736 0.187647
v 0.0457895 0.0249019 0.174
v 0.0457895 0.0091579 0.190731
v 0.0310448 0.0091579 0.174
v 0.0274736 0.0091579 0.172978
v 0.0091579 0.0091579 0.163144
v 0.0457895 -0.0091579 0.191204
v 0.0285072 -0.0091579 0.174
v 0.0274736 -0.0091579 0.171432
v 0.0641053 0.0091579 0.189914
v 0.0274736 -0.0274737 0.118728
v 0.0274736 -0.0274234 0.119053
v 0.00963467 -0.0091579 0.119053
v 0.0091579 -0.0091579 0.113297
v 0.0274736 -0.0274737 0.11946
v 0.0091579 -0.0091579 0.123479
v 0.0130757 -0.0274737 0.137368
v 0.0274736 -0.0418447 0.137368
v 0.0091579 -0.0223157 0.137368
v 0.0390175 -0.0457895 0.137368
v 0.0275119 -0.0274737 0.119053
v -0.320526 0.0865014 -0.119053
v -0.320526 0.082421 -0.122254
v -0.333758 0.100737 -0.119053
v -0.338842 0.100737 -0.123126
v -0.316272 0.082421 -0.119053
v -0.338842 0.104976 -0.119053
v -0.338842 0.082421 -0.129522
v -0.357158 0.082421 -0.135899
v -0.357158 0.100737 -0.129849
v -0.366112 0.100737 -0.137368
v -0.362042 0.082421 -0.137368
v -0.320526 0.100737 -0.117576
v -0.375474 0.082421 -0.149633
v -0.375474 0.10985 -0.137368
v -0.375474 0.100737 -0.146184
v -0.393789 0.082421 -0.154999
v -0.393789 0.100737 -0.154603
v -0.395471 0.100737 -0.155684
v -0.395263 0.082421 -0.155684
v -0.412105 0.082421 -0.171275
v -0.412105 0.100737 -0.171165
v -0.302211 0.082421 -0.118316
v -0.302211 0.100737 -0.116917
v -0.283895 0.100737 -0.116275
v -0.283895 0.082421 -0.117503
v -0.265579 0.100737 -0.113655
v -0.265579 0.082421 -0.116127
v -0.247263 0.100737 -0.104663
v -0.247263 0.082421 -0.112285
v -0.265579 0.0641053 -0.113332
v -0.243294 0.100737 -0.100737
v -0.231166 0.082421 -0.100737
v -0.228947 0.082421 -0.100216
v -0.228947 0.100737 -0.0972832
v -0.210632 0.082421 -0.0955231
v -0.228947 0.0641053 -0.0976442
v -0.210632 0.0641053 -0.0936879
v -0.239012 0.0641053 -0.100737
v -0.283895 0.0641053 -0.115157
v -0.302211 0.0641053 -0.116387
v -0.320526 0.0641053 -0.116962
v -0.247263 0.0641053 -0.107136
v -0.194458 0.082421 -0.082421
v -0.194071 0.0641053 -0.082421
v -0.192316 0.0641053 -0.0820882
v -0.192316 0.082421 -0.0814378
v -0.174 0.082421 -0.072286
v -0.174 0.0641053 -0.0752492
v -0.192316 0.0457895 -0.07904
v -0.174 0.0457895 -0.0759167
v -0.208968 0.0457895 -0.082421
v -0.162368 0.0641053 -0.0641053
v -0.161831 0.0457895 -0.0641053
v -0.155684 0.0457895 -0.0623506
v -0.174 0.0274736 -0.0625773
v -0.174 0.0331578 -0.0641053
v -0.155684 0.0274736 -0.0602936
v -0.137368 0.0457895 -0.0613356
v -0.137368 0.0274736 -0.0590881
v -0.119053 0.0457895 -0.0567068
v -0.119053 0.0274736 -0.0484522
v -0.104128 0.0457895 -0.0457895
v -0.113355 0.0274736 -0.0457895
v -0.100737 0.0274736 -0.0454704
v -0.100737 0.0457895 -0.0453515
v -0.082421 0.0457895 -0.0450041
v -0.082421 0.0274736 -0.0448496
v -0.0641053 0.0457895 -0.0444356
v -0.0641053 0.0274736 -0.0437332
v -0.0457895 0.0457895 -0.0418845
v -0.0457895 0.0274736 -0.0409684
v -0.0274737 0.0457895 -0.0389962
v -0.0274737 0.0274736 -0.0374559
v -0.082421 0.0091579 -0.0413191
v -0.100737 0.0091579 -0.0420404
v -0.119053 0.0091579 -0.0413756
v -0.210632 0.0457895 -0.0840244
v -0.430421 0.082421 -0.167448
v -0.165758 0.082421 -0.0641053
v -0.0091579 0.0457895 -0.0440312
v -0.430421 0.100737 -0.166384
v -0.0091579 0.0274736 -0.0438347
v -0.0091579 0.0091579 -0.0426263
v 0.0199413 0.119053 0.137368
v 0.0274736 0.119053 0.129676
v 0.0091579 0.11801 0.137368
v 0.0274736 0.116675 0.155684
v 0.0274736 0.119053 0.143914
v 0.0457895 0.118074 0.155684
v 0.0091579 0.112745 0.155684
v 0.0457895 0.119053 0.153327
v 0.0486401 0.119053 0.155684
v 0.0091579 0.100737 0.167689
v 0.0274736 0.100737 0.171629
v 0.0457895 0.134269 0.137368
v 0.0274736 0.125596 0.137368
v 0.0457895 0.100737 0.172859
v 0.0641053 0.119053 0.17038
v 0.0641053 0.13373 0.155684
v 0.082421 0.136564 0.155684
v 0.082421 0.119053 0.173277
v -0.00298214 0.100737 0.155684
v 0.100737 0.137252 0.155684
v 0.100737 0.119053 0.173705
v 0.119053 0.125034 0.174
v -0.00800747 0.100737 0.137368
v -0.00894362 0.082421 0.155684
v 0.168364 0.137368 0.082421
v 0.155684 0.137096 0.100737
v 0.160588 0.137368 0.100737
v 0.155684 0.135421 0.082421
v 0.174 0.135001 0.119053
v 0.155684 0.137077 0.119053
v 0.137368 0.1369 0.100737
v 0.119053 0.13645 0.119053
v 0.137368 0.136738 0.119053
v 0.119053 0.136573 0.100737
v 0.155684 0.137368 0.121478
v 0.17346 0.137368 0.137368
v 0.174 0.137316 0.137368
v 0.174 0.137368 0.138603
v 0.174517 0.137368 0.137368
v 0.192316 0.137368 0.121074
v 0.192316 0.136963 0.119053
v 0.100737 0.13282 0.100737
v 0.100737 0.136631 0.119053
v 0.137368 0.137368 0.121005
v 0.193739 0.137368 0.119053
v 0.119053 0.137368 0.121462
v 0.100737 0.137368 0.12327
v 0.082421 0.13538 0.119053
v 0.082421 0.137368 0.131763
v 0.0641053 0.136867 0.137368
v 0.0765339 0.137368 0.137368
v 0.082421 0.137368 0.142709
v 0.100737 0.137368 0.154087
v 0.119053 0.137353 0.155684
v 0.119053 0.137368 0.155594
v 0.137368 0.137232 0.155684
v 0.155684 0.137288 0.155684
v 0.137368 0.137368 0.154922
v 0.155684 0.137368 0.155005
v 0.157223 0.137368 0.155684
v 0.0641053 0.131874 0.119053
v 0.174 0.132362 0.174
v 0.155684 0.130144 0.174
v 0.174 0.137368 0.165005
v 0.192316 0.133797 0.174
v 0.192316 0.137368 0.15857
v 0.210632 0.136653 0.155684
v 0.197441 0.137368 0.155684
v 0.210632 0.131969 0.174
v 0.228947 0.135876 0.155684
v 0.228947 0.137122 0.137368
v 0.247263 0.132459 0.155684
v 0.235965 0.137368 0.137368
v 0.228947 0.137368 0.129757
v 0.227469 0.137368 0.137368
v 0.210632 0.137368 0.153391
v 0.247263 0.137368 0.143428
v 0.137368 0.124156 0.174
v 0.247263 0.143255 0.137368
v 0.137368 0.12335 0.082421
v 0.228947 0.142723 0.119053
v 0.155684 0.150339 0.137368
v 0.119053 0.151835 0.137368
v 0.100737 0.149966 0.137368
v 0.137368 0.151758 0.137368
v 0.082421 0.119164 0.100737
v 0.247263 0.154105 0.119053
v 0.265579 0.149013 0.137368
v 0.265579 0.154131 0.119053
v 0.228947 0.155089 0.100737
v 0.210632 0.154778 0.100737
v 0.210632 0.151816 0.119053
v 0.210632 0.151464 0.137368
v 0.192316 0.15051 0.137368
v 0.192316 0.140241 0.155684
v 0.174 0.146622 0.155684
v 0.082421 0.142222 0.137368
v 0.174 0.150323 0.100737
v 0.0271375 0.0457895 0.155684
v 0.0274736 0.0372517 0.155684
v 0.0274736 0.0457895 0.14819
v 0.0091579 0.0457895 0.172745
v 0.0274736 0.0274736 0.159817
v -0.082421 -0.119053 -0.109456
v -0.082421 -0.124166 -0.100737
v -0.0836276 -0.119053 -0.119053
v -0.0898217 -0.0641053 -0.192316
v -0.0831217 -0.0457895 -0.174
v -0.082421 -0.0641053 -0.177512
v -0.091401 -0.0457895 -0.192316
v -0.082421 -0.0566379 -0.174
v -0.082421 -0.0457895 -0.172447
v -0.0667931 -0.0457895 -0.155684
v -0.100737 -0.0641053 -0.203351
v -0.100737 -0.0457895 -0.201626
v -0.0789624 -0.0641053 -0.174
v -0.0641053 -0.0556973 -0.155684
v -0.11219 -0.0457895 -0.210632
v -0.082421 -0.0703569 -0.174
v -0.113828 -0.0641053 -0.210632
v -0.119053 -0.0641053 -0.215659
v -0.119053 -0.0457895 -0.217375
v -0.137368 -0.0641053 -0.226834
v -0.137368 -0.0457895 -0.22786
v -0.138907 -0.0457895 -0.228947
v -0.0641053 -0.0724648 -0.155684
v -0.0696737 -0.082421 -0.155684
v -0.082421 -0.082421 -0.169674
v -0.100737 -0.0789729 -0.192316
v -0.0835736 -0.082421 -0.174
v -0.100737 -0.082421 -0.191441
v -0.100737 -0.100737 -0.180564
v -0.0942495 -0.100737 -0.174
v -0.0641053 -0.0641053 -0.162051
v -0.0578312 -0.0641053 -0.155684
v -0.119053 -0.069348 -0.210632
v -0.103689 -0.082421 -0.192316
v -0.119053 -0.082421 -0.204179
v -0.082421 -0.0956593 -0.155684
v -0.100737 -0.107167 -0.174
v -0.082421 -0.100737 -0.148945
v -0.119053 -0.0942135 -0.192316
v -0.119053 -0.100737 -0.186166
v -0.137368 -0.0821254 -0.210632
v -0.0889153 -0.100737 -0.155684
v -0.082421 -0.109949 -0.137368
v -0.100737 -0.113848 -0.155684
v -0.0930223 -0.119053 -0.137368
v -0.100737 -0.119053 -0.148924
v -0.100737 -0.126592 -0.137368
v -0.137368 -0.082421 -0.210161
v -0.100737 -0.134884 -0.119053
v -0.082421 -0.118522 -0.119053
v -0.0641053 -0.113034 -0.119053
v -0.100737 -0.134018 -0.100737
v 0.198708 0.137368 0.082421
v 0.210632 0.144959 0.082421
v 0.192316 0.137368 0.081939
v 0.192316 0.154477 0.0641053
v 0.192316 0.136976 0.082421
v 0.183429 0.137368 0.082421
v 0.174 0.142599 0.082421
v 0.265579 0.14629 0.0641053
v 0.265579 0.137368 0.0741893
v 0.274619 0.137368 0.0641053
v 0.247263 0.137368 0.0819761
v 0.247263 0.153199 0.0641053
v 0.245241 0.137368 0.082421
v 0.228947 0.147774 0.082421
v 0.247263 0.137133 0.082421
v 0.265579 0.135157 0.082421
v 0.283895 0.133609 0.0641053
v 0.283895 0.12065 0.082421
v 0.285521 0.119053 0.082421
v 0.298621 0.119053 0.0641053
v 0.302211 0.118013 0.0641053
v 0.228947 0.153828 0.0641053
v 0.210632 0.154671 0.0641053
v 0.302211 0.115172 0.082421
v 0.183429 0.137368 0.082421
v 0.174 0.142599 0.082421
v 0.192316 0.137368 0.0828096
v 0.1084 0.119053 0.0274736
v 0.100737 0.116862 0.0457895
v 0.101029 0.119053 0.0457895
v 0.100737 0.118435 0.0641053
v 0.100737 0.117335 0.0274736
v 0.108519 0.119053 0.0091579
v 0.100737 0.117198 0.0091579
v 0.082421 0.114434 0.0091579
v 0.100737 0.117192 -0.0091579
v 0.119053 0.117539 -0.0091579
v 0.082421 0.117457 0.0274736
v 0.119053 0.119053 -0.00127846
v 0.137368 0.119053 -0.00790471
v 0.0641053 0.106496 0.0091579
v 0.119053 0.127129 0.0274736
v 0.137368 0.11828 -0.0091579
v 0.137368 0.116043 -0.0274737
v 0.155684 0.117543 -0.0274737
v 0.155684 0.119053 -0.0185506
v 0.14327 0.119053 -0.0091579
v 0.174 0.119053 -0.0237865
v 0.0827993 0.100737 0.0457895
v 0.083139 0.100737 0.0641053
v 0.0641053 0.100737 0.0209147
v 0.0646796 0.100737 0.0274736
v 0.0641053 0.0999686 0.0274736
v 0.082421 0.100737 0.0456447
v 0.082421 0.100224 0.0457895
v 0.0664744 0.082421 0.0457895
v 0.082421 0.0989534 0.0641053
v 0.0643154 0.082421 0.0641053
v 0.0641053 0.082421 0.0448263
v 0.0641053 0.0819596 0.0457895
v 0.0641053 0.0818594 0.0641053
v 0.0633814 0.082421 0.0457895
v 0.0641053 0.0763968 0.082421
v 0.082421 0.0641053 0.0815673
v 0.0274736 0.0459695 0.155684
v 0.0271375 0.0457895 0.155684
v 0.0274736 0.0457895 0.14819
v 0.0328758 0.0457895 0.155684
v 0.0457895 0.0457895 0.164903
v 0.30127 0.119053 0.119053
v 0.302211 0.117221 0.100737
v 0.302075 0.119053 0.100737
v 0.302211 0.115172 0.082421
v 0.283895 0.12065 0.082421
v 0.265579 0.135157 0.082421
v 0.283895 0.137239 0.100737
v 0.285521 0.119053 0.082421
v 0.283895 0.136073 0.119053
v 0.300398 0.119053 0.137368
v 0.283895 0.13551 0.137368
v 0.28267 0.137368 0.119053
v 0.277427 0.137368 0.137368
v 0.265579 0.154131 0.119053
v 0.265579 0.149013 0.137368
v 0.265579 0.154473 0.100737
v 0.283096 0.137368 0.100737
v 0.302211 0.118688 0.119053
v 0.245241 0.137368 0.082421
v 0.247263 0.137368 0.0825518
v 0.247263 0.137133 0.082421
v 0.265579 0.137368 0.0834963
v 0.247263 0.154977 0.100737
v 0.228947 0.147774 0.082421
v 0.228947 0.155089 0.100737
v 0.210632 0.144959 0.082421
v 0.210632 0.154778 0.100737
v 0.192316 0.154739 0.100737
v 0.198708 0.137368 0.082421
v 0.192316 0.137368 0.0828096
v 0.174 0.142599 0.082421
v 0.192316 0.136976 0.082421
v 0.183429 0.137368 0.082421
v 0.174 0.150323 0.100737
v 0.247263 0.154105 0.119053
v 0.338842 -0.0641053 0.161845
v 0.357158 -0.0626104 0.155684
v 0.357158 -0.0641053 0.156249
v 0.357158 -0.0809795 0.174
v 0.338842 -0.0782137 0.174
v 0.322378 -0.0641053 0.155684
v 0.320526 -0.0659541 0.155684
v 0.374754 -0.0641053 0.174
v 0.320526 -0.0641053 0.1539
v 0.320526 -0.0693548 0.174
v 0.314489 -0.0641053 0.174
v 0.31824 -0.0641053 0.155684
v 0.338842 -0.082421 0.180758
v 0.320526 -0.0589474 0.137368
v 0.302211 -0.0631326 0.155684
v 0.0810875 0.0641053 0.082421
v 0.082421 0.0641053 0.0815673
v 0.0641053 0.0763968 0.082421
v 0.082421 0.0626974 0.082421
v 0.100737 0.0640842 0.082421
v 0.082421 0.0989534 0.0641053
v 0.082421 0.082421 0.0780352
v 0.083139 0.100737 0.0641053
v 0.100737 0.100737 0.0805114
v 0.100737 0.118435 0.0641053
v 0.0643154 0.082421 0.0641053
v 0.11012 0.100737 0.082421
v 0.119053 0.110702 0.082421
v 0.101362 0.119053 0.0641053
v 0.119053 0.119053 0.0808449
v 0.100737 0.082421 0.081735
v 0.102174 0.082421 0.082421
v 0.100737 0.0641053 0.0823501
v 0.130671 0.119053 0.082421
v 0.137368 0.12335 0.082421
v 0.100767 0.0641053 0.082421
v 0.193739 0.137368 0.119053
v 0.210632 0.151816 0.119053
v 0.192316 0.137368 0.118722
v 0.192316 0.136963 0.119053
v 0.174 0.137368 0.113973
v 0.192316 0.154739 0.100737
v 0.174 0.150323 0.100737
v 0.160588 0.137368 0.100737
v 0.174 0.135001 0.119053
v 0.210632 0.154778 0.100737
v 0.192316 -0.0641053 -0.00214779
v 0.210632 -0.063843 -0.0091579
v 0.210632 -0.0641053 -0.00831604
v 0.192316 -0.0633705 -0.0091579
v 0.174 -0.0641053 -0.00529772
v 0.174 -0.0637707 -0.0091579
v 0.155684 -0.0641053 -0.00871259
v 0.174 -0.061401 -0.0274737
v 0.155684 -0.0607592 -0.0274737
v 0.155684 -0.0636883 -0.0091579
v 0.137368 -0.0613567 -0.0274737
v 0.137368 -0.0640469 -0.0091579
v 0.119053 -0.059778 -0.0274737
v 0.192316 -0.0549905 -0.0274737
v 0.119053 -0.0641053 -0.0194503
v 0.135393 -0.0641053 -0.0091579
v 0.137368 -0.0641053 -0.0090906
v 0.119053 -0.0727504 -0.0091579
v 0.210971 -0.0641053 -0.0091579
v -0.155684 0.0828795 -0.0457895
v -0.155684 0.082421 -0.0462534
v -0.165758 0.082421 -0.0641053
v -0.155684 0.0641053 -0.0603158
v -0.170992 0.100737 -0.0457895
v -0.15521 0.082421 -0.0457895
v -0.137368 0.0641053 -0.0534391
v -0.137368 0.0719028 -0.0457895
v -0.12767 0.0641053 -0.0457895
v -0.119053 0.0457895 -0.0567068
v -0.122452 0.082421 -0.0274737
v -0.137368 0.082421 -0.0380021
v -0.137368 0.0929472 -0.0274737
v -0.119053 0.0585755 -0.0457895
v -0.104128 0.0457895 -0.0457895
v -0.119053 0.082421 -0.0260212
v -0.119053 0.0966173 -0.0091579
v -0.119053 0.0815065 -0.0274737
v -0.119053 0.0641053 -0.0439395
v -0.137368 0.0457895 -0.0613356
v -0.100737 0.0457895 -0.0453515
v -0.100737 0.0641053 -0.0432214
v -0.100737 0.081656 -0.0274737
v -0.082421 0.0641053 -0.0418341
v -0.082421 0.0791289 -0.0274737
v -0.0641053 0.0641053 -0.0366339
v -0.0641053 0.0732558 -0.0274737
v -0.0641053 0.082421 -0.0212964
v -0.082421 0.082421 -0.0254257
v -0.100737 0.082421 -0.0270703
v -0.0457895 0.0641053 -0.028111
v -0.0457895 0.0647417 -0.0274737
v -0.082421 0.098244 -0.0091579
v -0.0641053 0.0945365 -0.0091579
v -0.0457895 0.0818091 -0.0091579
v -0.0274737 0.0758221 -0.0091579
v -0.0274737 0.0641053 -0.020867
v -0.0451488 0.0641053 -0.0274737
v -0.0274737 0.0573534 -0.0274737
v -0.0274737 0.0457895 -0.0389962
v -0.155684 0.0457895 -0.0623506
v -0.0641053 0.0457895 -0.0444356
v -0.0457895 0.0457895 -0.0418845
v -0.100737 0.099283 -0.0091579
v -0.082421 0.0457895 -0.0450041
v -0.0480764 0.082421 -0.0091579
v -0.162368 0.0641053 -0.0641053
v -0.155684 0.0931201 -0.0274737
v -0.169094 0.100737 -0.0274737
v -0.0641053 0.100737 0.00354874
v -0.0584902 0.100737 0.0091579
v -0.0457895 0.0943965 0.0091579
v -0.0641053 0.106302 0.0091579
v -0.082421 0.10948 0.0091579
v -0.082421 0.100737 0.000329912
v -0.100737 0.105469 0.0091579
v -0.100737 0.100737 0.0042966
v -0.0457895 0.082421 -0.0067991
v -0.0278224 0.082421 0.0091579
v -0.0274737 0.082421 0.00955653
v -0.0274737 0.0937818 0.0274736
v -0.0641053 0.113592 0.0274736
v -0.0274737 0.0823628 0.0091579
v -0.050946 0.100737 0.0274736
v -0.137368 0.0970482 -0.0091579
v -0.155684 0.0992668 -0.0091579
v -0.174 0.0969532 -0.0091579
v -0.119053 0.100237 0.0091579
v -0.0457895 0.097068 0.0274736
v -0.082421 0.113128 0.0274736
v -0.107962 0.100737 0.0091579
v -0.137368 0.0966792 0.0091579
v -0.100737 0.107934 0.0274736
v -0.119053 0.0997739 0.0274736
v -0.110549 0.100737 0.0274736
v -0.100737 0.100509 0.0457895
v -0.100737 0.100737 0.0368622
v -0.0804666 0.100737 0.0457895
v -0.082421 0.100721 0.0457895
v -0.082421 0.100483 0.0641053
v -0.082421 0.100737 0.0453864
v -0.0787054 0.100737 0.0641053
v -0.0641053 0.107133 0.0641053
v -0.0641053 0.106026 0.0457895
v -0.0575914 0.100737 0.0641053
v -0.0582955 0.100737 0.0457895
v 0.082421 0.0457895 0.110222
v 0.100737 0.0461884 0.100737
v 0.100737 0.0457895 0.100841
v 0.082421 0.0479046 0.100737
v 0.100737 0.0457895 0.100637
v 0.100737 0.0461884 0.100737
v 0.100737 -0.117835 0.100737
v 0.0832008 -0.100737 0.100737
v 0.100737 -0.100737 0.083574
v 0.082421 -0.082421 0.082796
v 0.082421 -0.100366 0.100737
v 0.0647098 -0.082421 0.100737
v 0.0641053 -0.0641053 0.0893893
v 0.083577 -0.082421 0.082421
v 0.0652639 -0.0641053 0.082421
v 0.082421 -0.0810919 0.082421
v 0.102195 -0.100737 0.082421
v 0.104761 -0.119053 0.082421
v 0.119053 -0.119053 0.0988051
v 0.082421 0.0641494 0.155684
v 0.100737 0.0641053 0.14025
v 0.100737 0.0656986 0.155684
v 0.082421 0.0641053 0.154804
v 0.119053 0.0641053 0.153773
v 0.119053 0.0644318 0.155684
v 0.120812 0.0641053 0.155684
v -0.100737 0.100737 0.0368622
v -0.100737 0.107934 0.0274736
v -0.110549 0.100737 0.0274736
v 0.0091579 -0.0091579 0.113297
v 0.00963467 -0.0091579 0.119053
v 0.0171833 0.0091579 0.119053
v 0.39379 -0.0091579 0.225723
v 0.375474 0.0091579 0.227665
v 0.391958 -0.0091579 0.228947
v 0.375474 0.00849515 0.228947
v 0.137368 -0.137368 0.0189684
v 0.128987 -0.137368 0.0274736
v 0.137368 -0.135617 0.0091579
v 0.302211 0.0800119 0.155684
v 0.302014 0.082421 0.155684
v 0.302211 0.0641053 0.169187
v -0.0804666 0.100737 0.0457895
v -0.0641053 0.106026 0.0457895
v -0.082421 0.100737 0.0453864
v 0.0640005 0.082421 0.0641053
v 0.0641053 0.0818594 0.0641053
v 0.0641053 0.0819596 0.0457895
v -0.192316 0.0274736 0.0428923
v -0.186321 0.0274736 0.0457895
v -0.174 0.0428241 0.0457895
v -0.174 0.0274736 0.0579696
v -0.159618 0.0457895 0.0457895
v -0.155684 0.0457895 0.047544
v -0.155684 0.0274736 0.0554422
v -0.137368 0.0457895 0.0608728
v -0.137368 0.0274736 0.060325
v -0.137368 0.0641053 0.0624129
v -0.137368 0.0091579 0.0616219
v -0.136439 0.0274736 0.0641053
v -0.119053 0.0641053 0.064032
v -0.13693 0.0457895 0.0641053
v -0.154969 0.0641053 0.0457895
v -0.137368 0.081107 0.0457895
v -0.132813 0.082421 0.0457895
v -0.155684 0.0794157 0.0274736
v -0.147573 0.082421 0.0274736
v -0.155684 0.082421 0.0100868
v -0.137368 0.092361 0.0274736
v -0.155684 0.0833091 0.0091579
v -0.137368 0.0966792 0.0091579
v -0.119053 0.0997739 0.0274736
v -0.119053 0.0951355 0.0457895
v -0.100737 0.100509 0.0457895
v -0.100737 0.0960307 0.0641053
v -0.119053 0.0866315 0.0641053
v -0.082421 0.100483 0.0641053
v -0.100737 0.082421 0.0774142
v -0.082421 0.082421 0.0820934
v -0.155684 0.0992668 -0.0091579
v -0.174 0.0969532 -0.0091579
v -0.174 0.0944952 0.0091579
v -0.192316 0.0995032 -0.0091579
v -0.192316 0.0876485 0.0091579
v -0.192316 0.082421 0.0143131
v -0.210632 0.0996071 -0.0091579
v -0.210632 0.100737 -0.0137932
v -0.200819 0.082421 0.0091579
v -0.192316 0.06615 0.0274736
v -0.210632 0.0791263 0.0091579
v -0.174 0.0756867 0.0274736
v -0.228947 0.100737 -0.0133144
v -0.210632 0.112898 -0.0274737
v -0.228947 0.115079 -0.0274737
v -0.192316 0.111377 -0.0274737
v -0.247263 0.100737 -0.0178148
v -0.247263 0.110519 -0.0274737
v -0.247263 0.119053 -0.0407889
v -0.247263 0.082421 -0.0109529
v -0.264398 0.100737 -0.0274737
v -0.265579 0.118708 -0.0457895
v -0.192316 0.0641053 0.0295599
v -0.260838 0.119053 -0.0457895
v -0.174 0.0641053 0.0390075
v -0.192316 0.0457895 0.0431429
v -0.119053 0.082421 0.0682666
v -0.155684 0.0641053 0.0444119
v -0.119053 0.067026 0.0641053
v -0.0791253 0.082421 0.082421
v -0.0641053 0.0907102 0.082421
v -0.0641053 0.082421 0.0907101
v -0.082421 0.0641053 0.0994995
v -0.0641053 0.0641053 0.0992394
v -0.0457895 0.0641053 0.0926037
v -0.0787054 0.100737 0.0641053
v -0.174 0.082421 0.0213705
v -0.265579 0.082421 -0.0152311
v -0.210632 0.082421 0.0082975
v -0.228947 0.0925824 -0.0091579
v -0.0641053 0.100737 0.0705975
v -0.137368 0.082421 0.038735
v -0.0641053 0.107133 0.0641053
v -0.174 0.0457895 0.0454366
v -0.192316 0.100737 -0.0146722
v -0.194447 0.0641053 0.0274736
v -0.082421 0.0821891 0.082421
v -0.265579 0.100737 -0.0276828
v -0.283895 0.100737 -0.0287458
v -0.283895 0.118098 -0.0457895
v -0.302211 0.100737 -0.0314434
v -0.302211 0.115159 -0.0457895
v -0.316695 0.100737 -0.0457895
v -0.320526 0.11677 -0.0641053
v -0.302211 0.119053 -0.0567201
v -0.320526 0.082421 -0.0373094
v -0.320526 0.0912256 -0.0457895
v -0.302211 0.082421 -0.028313
v -0.309777 0.119053 -0.0641053
v -0.329276 0.082421 -0.0457895
v -0.338842 0.082421 -0.0493475
v -0.283895 0.119053 -0.049218
v -0.338842 0.0641053 -0.0486344
v -0.324097 0.0641053 -0.0457895
v -0.320526 0.100737 -0.0481134
v -0.35697 0.082421 -0.0641053
v -0.356407 0.0641053 -0.0641053
v -0.3399 0.100737 -0.0641053
v -0.357158 0.0641053 -0.0644014
v -0.357158 0.082421 -0.0641632
v -0.100737 0.0641053 0.0966066
v -0.357158 0.100737 -0.0675191
v -0.375474 0.082421 -0.0650698
v -0.375474 0.100737 -0.0698359
v -0.357158 0.115324 -0.082421
v -0.375474 0.113448 -0.082421
v -0.375474 0.117681 -0.100737
v -0.393789 0.118584 -0.100737
v -0.393789 0.082421 -0.0648541
v -0.393789 0.0641053 -0.0657736
v -0.412105 0.0641053 -0.0643707
v -0.412105 0.082421 -0.0664197
v -0.430421 0.082421 -0.0656376
v -0.412105 0.0999038 -0.082421
v -0.430421 0.0987311 -0.082421
v -0.430421 0.100737 -0.0865252
v -0.412105 0.100737 -0.0835195
v -0.412105 0.115874 -0.100737
v -0.448737 0.100737 -0.0883396
v -0.448737 0.0977305 -0.082421
v -0.461036 0.100737 -0.100737
v -0.448737 0.113045 -0.100737
v -0.465794 0.082421 -0.082421
v -0.430421 0.113536 -0.100737
v -0.408977 0.100737 -0.082421
v -0.448737 0.082421 -0.0653951
v -0.338842 0.101687 -0.0641053
v -0.375474 0.0641053 -0.0655583
v -0.209318 0.0457895 0.0274736
v -0.210632 0.0457895 0.026857
v -0.210632 0.0641053 0.0216753
v -0.393789 0.100737 -0.0717479
v -0.174 0.10555 -0.0274737
v -0.283895 0.132622 -0.0641053
v -0.265579 0.132466 -0.0641053
v -0.241025 0.082421 -0.0091579
v -0.247263 0.0771846 -0.0091579
v -0.247263 0.0641053 0.00172889
v -0.258618 0.0641053 -0.0091579
v -0.247263 0.123816 -0.0457895
v -0.228947 0.125623 -0.0457895
v -0.247263 0.129378 -0.0641053
v -0.228947 0.119053 -0.0384778
v -0.174 0.100737 -0.0213959
v -0.338842 0.118127 -0.082421
v -0.265579 0.10006 -0.0274737
v -0.283895 0.082421 -0.023631
v -0.283895 0.0641053 -0.0223039
v -0.430421 0.119053 -0.11312
v -0.436412 0.119053 -0.119053
v -0.430421 0.125001 -0.119053
v -0.412105 0.120311 -0.119053
v -0.430421 0.129042 -0.137368
v -0.412105 0.127155 -0.137368
v -0.393789 0.123362 -0.119053
v -0.412105 0.119053 -0.117719
v -0.265579 0.0641053 -0.0121741
v -0.228947 0.0457895 0.0118808
v -0.225462 0.0641053 0.0091579
v -0.228947 0.0506927 0.0091579
v -0.265579 0.119053 -0.0466143
v -0.100737 0.0784764 0.082421
v -0.115025 0.0641053 0.082421
v -0.100737 0.0457895 0.0942132
v -0.113473 0.0457895 0.082421
v -0.118847 0.0641053 0.0641053
v -0.228947 0.082421 0.000746608
v -0.430421 0.0810106 -0.0641053
v -0.302211 0.12617 -0.0641053
v -0.302211 0.129015 -0.082421
v -0.283895 0.086644 -0.0274737
v -0.448737 0.0815849 -0.0641053
v -0.448737 0.0641053 -0.0467958
v -0.430421 0.0641053 -0.0481295
v -0.456097 0.0641053 -0.0457895
v -0.448737 0.0604065 -0.0457895
v -0.467053 0.0820414 -0.082421
v -0.467053 0.0817887 -0.0641053
v -0.228947 0.0641053 0.00739062
v -0.448737 0.111259 -0.119053
v -0.320085 0.119053 -0.082421
v -0.320526 0.0641053 -0.0423936
v -0.302211 0.0641053 -0.0284328
v -0.12322 0.082421 0.0641053
v -0.393789 0.111366 -0.082421
v -0.338842 0.100737 -0.0631746
v -0.288669 0.082421 -0.0274737
v -0.290711 0.0641053 -0.0274737
v -0.155684 0.0497146 0.0457895
v -0.155684 0.0641053 0.0444119
v -0.174 0.0457895 0.0454366
v -0.155684 0.0497146 0.0457895
v -0.174 0.0641053 0.0390075
v -0.155684 0.0794157 0.0274736
v -0.174 0.0756867 0.0274736
v -0.174 0.082421 0.0213705
v -0.192316 0.0457895 0.0431429
v -0.192316 0.0274736 0.0428923
v -0.174 0.0457895 0.0454366
v -0.338842 0.101687 -0.0641053
v -0.338842 0.100737 -0.0631746
v -0.320526 0.11677 -0.0641053
v -0.338842 0.118127 -0.082421
v -0.247263 0.123816 -0.0457895
v -0.265579 0.132466 -0.0641053
v -0.265579 0.119053 -0.0466143
v -0.247263 0.129378 -0.0641053
v -0.393789 0.111366 -0.082421
v -0.393789 0.118584 -0.100737
v -0.412105 0.115874 -0.100737
v -0.412105 0.119053 -0.117719
v -0.132813 0.082421 0.0457895
v -0.119053 0.0951355 0.0457895
v -0.137368 0.082421 0.038735
v -0.119053 0.0866315 0.0641053
v -0.12322 0.082421 0.0641053
v -0.119053 0.082421 0.0682666
v -0.12322 0.082421 0.0641053
v -0.119053 0.067026 0.0641053
v -0.118847 0.0641053 0.0641053
v -0.119053 0.0641053 0.064032
v -0.119053 0.0641053 0.064032
v -0.137368 0.0457895 0.0608728
v -0.119053 0.0640467 0.0641053
v -0.13693 0.0457895 0.0641053
v 0.354109 0.0457895 0.137368
v 0.338842 0.0608034 0.137368
v 0.357158 0.0457895 0.154974
v 0.338842 0.0605094 0.119053
v 0.353204 0.0457895 0.119053
v 0.356817 0.0274736 0.119053
v 0.338842 0.0641053 0.102415
v 0.349491 0.0457895 0.100737
v 0.354182 0.0274736 0.100737
v 0.347757 0.0457895 0.082421
v 0.35655 0.0274736 0.082421
v 0.356873 0.0091579 0.082421
v 0.357158 0.0091579 0.0937369
v 0.355613 0.0274736 0.0641053
v 0.356213 0.0091579 0.0641053
v 0.353188 -0.0091579 0.082421
v 0.355703 -0.0091579 0.0641053
v 0.356788 0.0091579 0.0457895
v 0.334134 0.0641053 0.137368
v 0.342072 0.0641053 0.082421
v 0.337977 0.0641053 0.119053
v 0.357158 0.0167529 0.100737
v 0.357158 -0.0091579 0.0999127
v 0.354336 0.0457895 0.0641053
v 0.356295 0.0274736 0.0457895
v 0.340312 0.0641053 0.100737
v 0.357158 0.0441518 0.137368
v 0.325172 0.0641053 0.155684
v 0.338842 0.0628777 0.155684
v 0.320526 0.0641053 0.160248
v 0.320526 0.0686132 0.155684
v 0.320526 0.0782098 0.137368
v 0.357755 0.0457895 0.155684
v 0.374527 0.0274736 0.137368
v 0.375474 0.0421807 0.155684
v 0.357158 0.0457895 0.173795
v 0.375474 0.0274736 0.13924
v 0.375474 0.0189745 0.137368
v 0.391012 0.0274736 0.155684
v 0.362128 0.0091579 0.119053
v 0.375474 0.0091579 0.130931
v 0.357158 0.0463663 0.155684
v 0.357158 0.0457891 0.174
v 0.375474 0.0441985 0.174
v 0.39379 0.0394275 0.174
v 0.39379 0.0375107 0.192316
v 0.403747 0.0274736 0.192316
v 0.405711 0.0274736 0.174
v 0.410207 0.0091579 0.174
v 0.400664 0.0091579 0.155684
v 0.39379 0.0172057 0.155684
v 0.411238 -0.0091579 0.174
v 0.39379 0.0091579 0.148723
v 0.412105 0.0091579 0.181034
v 0.412105 0.0176194 0.192316
v 0.42032 0.0091579 0.192316
v 0.412105 0.0091579 0.200775
v 0.39379 -0.0091579 0.152471
v 0.412105 -0.0091579 0.177137
v 0.328679 0.082421 0.119053
v 0.320526 0.0822145 0.100737
v 0.320526 0.082421 0.105583
v 0.320526 0.090468 0.119053
v 0.319882 0.100737 0.119053
v 0.31982 0.082421 0.137368
v 0.317722 0.100737 0.137368
v 0.302211 0.118688 0.119053
v 0.302211 0.117221 0.100737
v 0.318116 0.100737 0.100737
v 0.302211 0.115172 0.082421
v 0.316577 0.100737 0.082421
v 0.302211 0.118013 0.0641053
v 0.31944 0.100737 0.0641053
v 0.320343 0.082421 0.082421
v 0.302211 0.100737 0.0467038
v 0.29969 0.100737 0.0457895
v 0.298621 0.119053 0.0641053
v 0.283895 0.118078 0.0457895
v 0.302211 0.116418 0.137368
v 0.302211 0.098373 0.0457895
v 0.283895 0.101955 0.0274736
v 0.285073 0.100737 0.0274736
v 0.283895 0.100737 0.0251287
v 0.302073 0.082421 0.0274736
v 0.320526 0.0968566 0.0641053
v 0.294496 0.082421 0.0091579
v 0.283895 0.119053 0.0470661
v 0.283895 0.133609 0.0641053
v 0.283895 0.0960703 0.0091579
v 0.265579 0.0982927 0.0091579
v 0.265579 0.100737 0.011081
v 0.263302 0.100737 0.0091579
v 0.247263 0.115792 0.0091579
v 0.247263 0.100737 -0.00588268
v 0.247263 0.0886188 -0.0091579
v 0.228947 0.100001 -0.0091579
v 0.247263 0.082421 -0.0153879
v 0.228947 0.082421 -0.0269785
v 0.247263 0.0641053 -0.0267299
v 0.265579 0.0641053 -0.0188953
v 0.253692 0.082421 -0.0091579
v 0.301094 0.0641053 0.0091579
v 0.302211 0.0641053 0.0110399
v 0.302211 0.0816325 0.0274736
v 0.318712 0.0641053 0.0274736
v 0.295261 0.0641053 -0.0091579
v 0.283895 0.0754222 -0.0091579
v 0.283895 0.0641053 -0.020425
v 0.299326 0.0457895 -0.0091579
v 0.302211 0.0457895 -0.00888604
v 0.302211 0.0636209 0.0091579
v 0.300398 0.119053 0.137368
v 0.265579 0.116519 0.0274736
v 0.320526 0.082421 0.0815576
v 0.334911 0.082421 0.0641053
v 0.320526 0.082421 0.049358
v 0.320526 0.0755284 0.0457895
v 0.331626 0.0641053 0.0457895
v 0.335988 0.0641053 0.0641053
v 0.338842 0.0475522 0.0457895
v 0.338218 0.0457895 0.0274736
v 0.338842 0.0641053 0.0789167
v 0.338842 0.0457895 0.0437697
v 0.338842 0.0414001 0.0274736
v 0.338842 0.0274736 0.0139239
v 0.320526 0.0641053 0.033875
v 0.320526 0.081957 0.082421
v 0.320438 0.082421 0.100737
v 0.265579 0.0739694 -0.0091579
v 0.320526 0.0457895 -0.0039342
v 0.320526 0.0591498 0.0091579
v 0.352069 0.0274736 0.0274736
v 0.357158 0.0154759 0.119053
v 0.338842 0.0615119 0.0641053
v 0.340513 0.0457895 0.0457895
v 0.382161 0.0091579 0.137368
v 0.363794 0.0091579 0.100737
v 0.302211 0.0800119 0.155684
v 0.302211 0.082421 0.0284831
v 0.283895 0.082421 -0.00146991
v 0.39379 0.0274736 0.160819
v 0.338842 0.0656115 0.100737
v 0.281739 0.119053 0.0457895
v 0.274619 0.137368 0.0641053
v 0.265579 0.13174 0.0457895
v 0.265579 0.137368 0.0549005
v 0.265579 0.14629 0.0641053
v 0.265579 0.119053 0.0328253
v 0.320526 0.082421 0.128304
v 0.265579 0.082421 -0.0058136
v 0.357158 0.0274736 0.120443
v 0.338842 0.0674278 0.082421
v 0.318 0.082421 0.0457895
v 0.320526 0.081957 0.082421
v 0.338842 0.0656115 0.100737
v 0.338842 0.0674278 0.082421
v 0.320526 0.0822145 0.100737
v 0.320438 0.082421 0.100737
v 0.320343 0.082421 0.082421
v 0.338842 0.0641053 0.0789167
v 0.338842 0.0674278 0.082421
v 0.342072 0.0641053 0.082421
v 0.338842 0.0615119 0.0641053
v 0.356817 0.0274736 0.119053
v 0.354109 0.0457895 0.137368
v 0.357158 0.0274736 0.120443
v 0.357158 0.0441518 0.137368
v 0.374527 0.0274736 0.137368
v 0.31982 0.082421 0.137368
v 0.320526 0.0782098 0.137368
v 0.320526 0.082421 0.128304
v 0.338842 0.0608034 0.137368
v 0.357158 0.0463663 0.155684
v 0.357158 0.0457895 0.154974
v 0.338842 0.0628777 0.155684
v 0.338842 0.057511 0.174
v 0.357154 0.0457895 0.174
v 0.31944 0.100737 0.0641053
v 0.320526 0.0968566 0.0641053
v 0.318 0.082421 0.0457895
v 0.302211 0.098373 0.0457895
v 0.320526 0.082421 0.049358
v 0.320526 0.0755284 0.0457895
v 0.318712 0.0641053 0.0274736
v 0.302211 0.0816325 0.0274736
v 0.320526 0.0641053 0.033875
v 0.320526 0.0635045 0.0274736
v 0.331626 0.0641053 0.0457895
v 0.338218 0.0457895 0.0274736
v 0.320526 0.0591498 0.0091579
v 0.333629 0.0457895 0.0091579
v 0.320526 0.0457895 -0.0039342
v 0.302211 0.0636209 0.0091579
v 0.340513 0.0457895 0.0457895
v 0.356295 0.0274736 0.0457895
v 0.352069 0.0274736 0.0274736
v 0.338842 0.0414001 0.0274736
v 0.352069 0.0274736 0.0274736
v 0.356788 0.0091579 0.0457895
v 0.356317 0.0091579 0.0274736
v 0.338842 0.0091579 0.00990283
v 0.338842 0.0274736 0.0139239
v 0.362128 0.0091579 0.119053
v 0.357158 0.0167529 0.100737
v 0.357158 0.0154759 0.119053
v 0.363794 0.0091579 0.100737
v 0.354336 0.0457895 0.0641053
v 0.338842 0.0475522 0.0457895
v 0.338842 0.0615119 0.0641053
v 0.340513 0.0457895 0.0457895
v 0.391012 0.0274736 0.155684
v 0.39379 0.0274736 0.160819
v 0.39379 0.0172057 0.155684
v 0.382161 0.0091579 0.137368
v 0.382161 0.0091579 0.137368
v 0.375474 -0.0091579 0.124294
v 0.375474 0.0091579 0.130931
v 0.388498 -0.0091579 0.137368
v 0.39379 -0.0091579 0.152471
v 0.265579 0.0641053 -0.0188953
v 0.265579 0.0739694 -0.0091579
v 0.283895 0.0641053 -0.020425
v -0.0091579 0.0641053 0.170351
v -0.0091579 0.0813265 0.155684
v -0.0237569 0.0641053 0.155684
v -0.0274737 0.0457895 0.171632
v -0.0091579 0.0457895 0.17349
v 0.0091579 0.0641053 0.173274
v -0.0274737 0.0617153 0.155684
v -0.0274737 0.0274736 0.173717
v -0.0457895 0.0274736 0.173462
v 0.0091579 0.0457895 0.172745
v 0.0091579 0.082421 0.173231
v -0.0457895 0.0091579 0.17362
v -0.0274737 0.0091579 0.173716
v -0.0091579 0.0274736 0.173605
v -0.0436187 0.0457895 0.155684
v 0.0274736 0.0641053 0.173476
v 0.0271375 0.0457895 0.155684
v 0.0274736 0.082421 0.173771
v -0.0641053 0.0274736 0.171838
v -0.0641053 0.00972682 0.155684
v -0.0806351 0.0274736 0.155684
v -0.0641053 0.0436263 0.155684
v -0.0640089 0.0091579 0.155684
v 0.0274736 0.0459695 0.155684
v 0.0457895 0.0457895 0.164903
v 0.0091579 0.0274736 0.16618
v 0.0274736 0.0274736 0.159817
v 0.0091579 0.0091579 0.163144
v -0.0091579 0.0091579 0.17285
v 0.0274736 0.100737 0.171629
v 0.0091579 0.100737 0.167689
v 0.0457895 0.100737 0.172859
v 0.0457895 0.0855291 0.174
v 0.0409312 0.082421 0.174
v 0.0641053 0.0867756 0.174
v 0.0641053 0.100737 0.173753
v 0.0641053 0.119053 0.17038
v 0.082421 0.119053 0.173277
v 0.082421 0.10833 0.174
v 0.100737 0.108704 0.174
v 0.082421 0.100737 0.180601
v 0.100737 0.119053 0.173705
v 0.110382 0.119053 0.174
v 0.119053 0.125034 0.174
v 0.119053 0.119053 0.180017
v 0.137368 0.124156 0.174
v 0.100737 0.100737 0.179393
v 0.119053 0.100737 0.187341
v 0.100737 0.095325 0.174
v 0.119053 0.0865679 0.174
v 0.137368 0.100737 0.188422
v 0.137368 0.0835357 0.174
v 0.137368 0.082421 0.173837
v 0.138179 0.082421 0.174
v 0.155684 0.0641053 0.17394
v 0.155684 0.0642649 0.174
v 0.137368 0.0641053 0.169009
v 0.137368 0.0457895 0.157269
v 0.120812 0.0641053 0.155684
v 0.119053 0.0644318 0.155684
v 0.155684 0.0457895 0.172414
v 0.135383 0.0457895 0.155684
v 0.119053 0.0457895 0.154591
v 0.119053 0.0274736 0.155364
v 0.124614 0.0274736 0.155684
v 0.100737 0.0274736 0.153088
v 0.100737 0.0457895 0.151889
v 0.082421 0.0274736 0.153336
v 0.082421 0.0457895 0.14351
v 0.100737 0.0091579 0.153943
v 0.100737 0.0641053 0.14025
v 0.119053 0.0641053 0.153773
v 0.137368 0.0274736 0.166081
v 0.155751 0.0641053 0.174
v 0.158208 0.0457895 0.174
v 0.174 0.0457895 0.188793
v 0.174 0.0641053 0.191784
v 0.192316 0.0457895 0.192089
v 0.191339 0.0641053 0.192316
v 0.174 0.0816723 0.192316
v 0.174 0.0274736 0.183049
v 0.192316 0.0626912 0.192316
v 0.205534 0.0457895 0.192316
v 0.210632 0.0457895 0.193908
v 0.210632 0.0274736 0.191208
v 0.210632 0.0440481 0.192316
v 0.155684 0.082421 0.189374
v 0.119053 0.082421 0.173109
v 0.137368 0.119053 0.179148
v 0.0719462 0.100737 0.174
v 0.0665118 0.082421 0.174
v 0.082421 0.082421 0.17306
v 0.0641053 0.0795082 0.174
v -0.00298214 0.100737 0.155684
v -0.00894362 0.082421 0.155684
v 0.0641053 0.082421 0.176131
v 0.0457895 0.0641053 0.1729
v -0.0457895 0.045238 0.155684
v 0.119053 0.0254976 0.155684
v 0.103814 0.0091579 0.155684
v 0.100737 0.00603998 0.155684
v 0.192316 0.0274736 0.189316
v 0.192316 0.0641053 0.192696
v 0.210632 0.0641053 0.192985
v 0.210632 0.082421 0.205981
v 0.192316 0.082421 0.204853
v 0.210632 0.100737 0.206362
v 0.192316 0.100737 0.204914
v 0.228947 0.082421 0.195204
v 0.210632 0.114739 0.192316
v 0.192316 0.113351 0.192316
v 0.176817 0.100737 0.192316
v 0.192316 0.119053 0.188772
v 0.210632 0.119053 0.186923
v 0.210632 0.131969 0.174
v 0.225028 0.119053 0.174
v 0.228947 0.135876 0.155684
v 0.228947 0.100737 0.189361
v 0.228947 0.116479 0.174
v 0.247263 0.114156 0.174
v 0.247263 0.100737 0.187374
v 0.247263 0.082421 0.191139
v 0.265579 0.082421 0.185941
v 0.247263 0.0641053 0.190823
v 0.265579 0.0641053 0.183595
v 0.247263 0.0457895 0.190956
v 0.265579 0.0457895 0.191232
v 0.239261 0.0641053 0.192316
v 0.228947 0.0528305 0.192316
v 0.247263 0.0274736 0.188866
v 0.265579 0.0274736 0.188134
v 0.247263 0.0091579 0.175939
v 0.228947 0.0091579 0.189594
v 0.228947 -0.00776964 0.174
v 0.247263 0.00694728 0.174
v 0.247263 -0.0091579 0.17139
v 0.228947 -0.0091579 0.172875
v 0.228947 -0.0274737 0.168792
v 0.216774 -0.0274737 0.174
v 0.210632 -0.0345505 0.174
v 0.210632 -0.0274737 0.180133
v 0.210632 -0.0091579 0.190145
v 0.192316 -0.0274737 0.182722
v 0.210632 -0.0457895 0.170818
v 0.228947 -0.0457895 0.163038
v 0.192316 -0.0091579 0.189508
v 0.17522 -0.0091579 0.174
v 0.182705 -0.0274737 0.174
v 0.174 -0.0274737 0.173328
v 0.192316 -0.0457895 0.172181
v 0.174 -0.0457895 0.172367
v 0.156272 -0.0274737 0.155684
v 0.155684 -0.0254233 0.155684
v 0.157279 -0.0457895 0.155684
v 0.155684 -0.0457895 0.153784
v 0.174 -0.0624582 0.155684
v 0.174 -0.0641053 0.151956
v 0.155684 -0.0091579 0.171268
v 0.137368 -0.0163097 0.155684
v 0.137368 -0.0091579 0.162235
v 0.155684 0.0091579 0.172723
v 0.174 0.0091579 0.173924
v 0.137368 0.0091579 0.172463
v 0.236735 -0.0457895 0.155684
v 0.210632 0.0091579 0.17536
v 0.192316 -0.036957 0.174
v 0.244644 -0.0274737 0.155684
v 0.283895 0.0457895 0.183451
v 0.283895 0.0274736 0.190586
v 0.302211 0.0457895 0.190672
v 0.302211 0.0274736 0.191946
v 0.320526 0.0457895 0.188969
v 0.320526 0.0608059 0.174
v 0.338842 0.057511 0.174
v 0.338842 0.0457895 0.185862
v 0.338842 0.0376508 0.192316
v 0.357158 0.0457891 0.174
v 0.357158 0.0376301 0.192316
v 0.338842 0.0328808 0.210632
v 0.348437 0.0274736 0.210632
v 0.357158 0.0274736 0.206381
v 0.357158 0.0268107 0.210632
v 0.375474 0.0251805 0.210632
v 0.375474 0.0395622 0.192316
v 0.338842 0.0628777 0.155684
v 0.302211 0.0624664 0.174
v 0.302211 0.0641053 0.169187
v 0.297519 0.0641053 0.174
v 0.283895 0.082421 0.173642
v 0.283895 0.0785471 0.174
v 0.27851 0.082421 0.174
v 0.265579 0.100737 0.173501
v 0.283895 0.100737 0.170478
v 0.283895 0.116835 0.155684
v 0.298654 0.100737 0.155684
v 0.265579 0.118978 0.155684
v 0.265127 0.119053 0.155684
v 0.283895 0.119053 0.154522
v 0.302211 0.100737 0.152873
v 0.300398 0.119053 0.137368
v 0.283895 0.13551 0.137368
v 0.265579 0.137368 0.149159
v 0.302211 0.116418 0.137368
v 0.317722 0.100737 0.137368
v 0.31982 0.082421 0.137368
v 0.302211 0.082421 0.15528
v 0.320526 0.0782098 0.137368
v 0.302211 0.0800119 0.155684
v 0.277427 0.137368 0.137368
v 0.265579 0.149013 0.137368
v 0.247263 0.137368 0.143428
v 0.247263 0.143255 0.137368
v 0.302014 0.082421 0.155684
v 0.320526 0.0641053 0.160248
v 0.320526 0.0686132 0.155684
v 0.357154 0.0457895 0.174
v 0.320526 0.0413361 0.192316
v 0.283895 0.0091579 0.192009
v 0.155684 -0.0274737 0.154983
v 0.25937 0.0091579 0.174
v 0.228947 0.0274736 0.191133
v 0.283895 0.0641053 0.187645
v 0.232085 0.082421 0.192316
v 0.227881 -0.0091579 0.174
v 0.192316 0.133797 0.174
v 0.174 0.119053 0.187284
v 0.174 0.132362 0.174
v 0.225444 0.100737 0.192316
v 0.228947 0.119053 0.172952
v 0.247263 0.119053 0.169118
v 0.174 0.100737 0.191313
v 0.174 0.082421 0.192601
v -0.0091579 -0.00906533 0.155684
v 0.0091579 -0.000149429 0.155684
v 0.0091579 -0.0091579 0.151948
v 0.164219 0.0274736 0.174
v 0.265579 0.00947505 0.174
v 0.302211 0.0269035 0.192316
v 0.285124 0.0091579 0.192316
v 0.283895 -0.0091579 0.192184
v 0.265579 -0.0091579 0.191487
v 0.265579 -0.0274737 0.189655
v 0.283895 -0.00957322 0.192316
v 0.273002 -0.0274737 0.192316
v 0.283895 -0.0274737 0.203521
v 0.100737 0.082421 0.171789
v 0.303957 0.0274736 0.192316
v 0.375474 0.0274736 0.206429
v 0.39379 0.0375107 0.192316
v 0.39379 0.0274736 0.202401
v 0.403747 0.0274736 0.192316
v 0.412105 0.0091579 0.200775
v 0.406376 0.0091579 0.210632
v 0.375474 0.0441985 0.174
v 0.100737 0.0656986 0.155684
v 0.228947 0.0457895 0.191711
v 0.247263 -0.0260802 0.155684
v 0.39379 0.0218565 0.210632
v 0.39379 0.0091579 0.223423
v 0.247263 -0.0274737 0.155085
v 0.082421 0.0935357 0.174
v 0.155684 0.100737 0.190712
v 0.228947 0.0641053 0.202247
v 0.0457895 0.082421 0.176749
v 0.228947 0.0858467 0.192316
v 0.082421 0.0641494 0.155684
v 0.0457895 0.0793354 0.174
v 0.119053 0.0091579 0.170839
v 0.119053 -0.00748819 0.155684
v 0.117359 -0.0091579 0.155684
v 0.119053 -0.0091579 0.155413
v 0.119053 -0.0132774 0.155684
v 0.127495 -0.0091579 0.155684
v 0.100737 -0.0091579 0.170765
v 0.155684 0.119053 0.185144
v 0.155684 0.130144 0.174
v 0.0641053 0.0641053 0.173408
v -0.0091579 0.0641053 0.170351
v 0.0091579 0.082421 0.173231
v -0.00894362 0.082421 0.155684
v -0.0091579 0.0813265 0.155684
v 0.082421 0.0935357 0.174
v 0.082421 0.082421 0.17306
v 0.100737 0.082421 0.171789
v 0.082421 0.0641494 0.155684
v 0.0641053 0.0795082 0.174
v 0.0641053 0.0641053 0.173408
v 0.155684 0.0274736 0.172525
v 0.158208 0.0457895 0.174
v 0.155684 0.0457895 0.172414
v 0.164219 0.0274736 0.174
v 0.137368 0.0274736 0.166081
v 0.137368 0.0091579 0.172463
v 0.174 0.0091579 0.173924
v 0.174 0.0142837 0.174
v 0.176962 0.0091579 0.174
v 0.119053 0.0091579 0.170839
v 0.192316 0.0091579 0.186255
v 0.192316 -0.0091579 0.189508
v 0.210632 0.0091579 0.17536
v 0.210632 0.0274736 0.191208
v 0.228947 0.0274736 0.191133
v 0.228947 0.0457895 0.191711
v 0.192316 0.0274736 0.189316
v 0.228947 0.0091579 0.189594
v 0.210632 -0.0091579 0.190145
v 0.227881 -0.0091579 0.174
v 0.17522 -0.0091579 0.174
v 0.155684 0.0091579 0.172723
v 0.174 0.0274736 0.183049
v 0.174 -0.0091579 0.173657
v 0.155684 -0.0091579 0.171268
v 0.174 -0.0274737 0.173328
v 0.174 -0.0274737 0.173328
v 0.17522 -0.0091579 0.174
v 0.174 -0.0091579 0.173657
v 0.192316 -0.036957 0.174
v 0.192316 -0.0457895 0.172181
v 0.210632 -0.0457895 0.170818
v 0.174 0.0816723 0.192316
v 0.173713 0.082421 0.192316
v 0.155751 0.0641053 0.174
v 0.174 0.082421 0.192601
v 0.155684 0.0642649 0.174
v 0.155684 0.082421 0.189374
v 0.174 0.0831104 0.192316
v 0.174 0.100737 0.191313
v 0.155684 0.100737 0.190712
v 0.176817 0.100737 0.192316
v 0.265579 0.00947505 0.174
v 0.25937 0.0091579 0.174
v 0.265579 0.0091579 0.173962
v 0.265604 0.0091579 0.174
v 0.283895 0.0091579 0.192009
v 0.265579 0.00947505 0.174
v 0.265579 -0.0091579 0.191487
v 0.127495 -0.0091579 0.155684
v 0.119053 -0.0132774 0.155684
v 0.137368 -0.0091579 0.162235
v 0.265579 0.137368 0.149159
v 0.247263 0.137368 0.143428
v 0.265579 0.119053 0.155622
v 0.283895 0.119053 0.154522
v 0.283895 0.116835 0.155684
v 0.265127 0.119053 0.155684
v 0.247263 0.132459 0.155684
v 0.247263 0.119053 0.169118
v 0.265579 0.100737 0.173501
v 0.228947 0.119053 0.172952
v 0.228947 0.135876 0.155684
v 0.262884 0.100737 0.174
v 0.247263 0.114156 0.174
v 0.247263 0.100737 0.187374
v 0.265579 0.0971764 0.174
v 0.265579 0.118978 0.155684
v 0.265579 0.082421 0.185941
v 0.27851 0.082421 0.174
v 0.283895 0.0785471 0.174
v 0.283895 0.0641053 0.187645
v 0.228947 0.0858467 0.192316
v 0.228947 0.082421 0.195204
v 0.232085 0.082421 0.192316
v 0.239261 0.0641053 0.192316
v 0.228947 0.0641053 0.202247
v 0.137368 0.124156 0.174
v 0.137368 0.119053 0.179148
v 0.155684 0.130144 0.174
v 0.228947 0.0457895 0.191711
v 0.212988 0.0457895 0.192316
v 0.210632 0.0440481 0.192316
v 0.228947 0.0528305 0.192316
v 0.228947 0.0641053 0.202247
v 0.210632 0.0457895 0.193908
v 0.302211 0.0800119 0.155684
v 0.302211 0.0641053 0.169187
v 0.320526 0.0686132 0.155684
v 0.320526 -0.0091579 0.242037
v 0.306427 -0.0091579 0.228947
v 0.320526 -0.0274737 0.242826
v 0.338842 -0.0091579 0.245394
v 0.338842 -0.0164738 0.247263
v 0.329103 -0.0274737 0.247263
v 0.338842 -0.0457895 0.234866
v 0.338842 -0.0379197 0.247263
v 0.320526 0.00424451 0.228947
v 0.338842 -0.0274737 0.25729
v 0.302211 0.00871825 0.210632
v 0.302211 -0.0091579 0.224353
v 0.338842 0.00788677 0.228947
v 0.302547 -0.0274737 0.228947
v 0.320526 -0.0457895 0.232922
v 0.357158 -0.0457895 0.246344
v 0.357158 -0.0423988 0.247263
v 0.375474 -0.0274737 0.245981
v 0.375474 -0.0457895 0.243279
v 0.368605 -0.0274737 0.247263
v 0.357158 -0.0091579 0.247138
v 0.375474 -0.0091579 0.245199
v 0.357158 0.0091579 0.230048
v 0.375474 0.00849515 0.228947
v 0.360348 0.0091579 0.228947
v 0.391958 -0.0091579 0.228947
v 0.357158 0.0102619 0.228947
v 0.375474 0.0251805 0.210632
v 0.302467 0.0091579 0.210632
v 0.357158 -0.0641053 0.242897
v 0.289557 -0.0091579 0.210632
v 0.285124 0.0091579 0.192316
v 0.302211 0.0091579 0.210533
v 0.28393 -0.0091579 0.192316
v 0.285944 -0.0274737 0.210632
v 0.283895 -0.0274737 0.203521
v 0.283895 -0.0091579 0.192184
v 0.302211 0.0269035 0.192316
v 0.283895 -0.00957322 0.192316
v 0.375474 0.0091579 0.227665
v 0.357158 0.0268107 0.210632
v 0.348437 0.0274736 0.210632
v 0.338842 0.0091579 0.228747
v 0.338842 0.0274736 0.216231
v 0.338842 0.0328808 0.210632
v 0.33269 0.0274736 0.210632
v 0.320526 0.0274736 0.206919
v 0.320526 0.0243794 0.210632
v 0.303957 0.0274736 0.192316
v 0.320526 0.0413361 0.192316
v 0.302211 -0.0274737 0.228803
v 0.315876 -0.0457895 0.228947
v 0.320526 -0.0500751 0.228947
v 0.302211 -0.0582591 0.210632
v 0.338842 -0.0641053 0.236266
v 0.39379 0.0218565 0.210632
v 0.39379 0.0091579 0.223423
v 0.39379 -0.0091579 0.225723
v 0.330949 -0.0641053 0.228947
v 0.302211 -0.0457895 0.224021
v 0.289752 -0.0457895 0.210632
v 0.338842 -0.0717883 0.228947
v 0.338842 -0.082421 0.226782
v 0.322803 -0.082421 0.210632
v 0.338842 -0.0984337 0.210632
v 0.321099 -0.0641053 0.210632
v 0.357158 -0.0782012 0.228947
v 0.320526 0.0091579 0.225444
v 0.357158 -0.0100164 0.247263
v 0.357158 -0.0274737 0.258668
v 0.302211 -0.0457895 0.224021
v 0.302547 -0.0274737 0.228947
v 0.302211 -0.0274737 0.228803
v 0.357158 -0.0100164 0.247263
v 0.357158 -0.0091579 0.247138
v 0.338842 -0.0091579 0.245394
v 0.357158 0.0091579 0.230048
v 0.355139 0.0091579 0.228947
v 0.338842 0.00788677 0.228947
v 0.338842 0.0091579 0.228747
v 0.320526 0.0091579 0.225444
v 0.357158 0.0102619 0.228947
v 0.357158 -0.0100164 0.247263
v 0.357158 -0.0274737 0.258668
v 0.368605 -0.0274737 0.247263
v 0.320526 0.0091579 0.225444
v 0.320526 0.0243794 0.210632
v 0.302467 0.0091579 0.210632
v 0.302211 0.0269035 0.192316
v 0.303957 0.0274736 0.192316
v 0.302211 0.0091579 0.210533
v 0.0274736 -0.0748515 0.0641053
v 0.0457895 -0.0641053 0.0799645
v 0.0274736 -0.0641053 0.0748564
v 0.0457895 -0.0799102 0.0641053
v 0.0166844 -0.0641053 0.0641053
v 0.0274736 -0.0507809 0.082421
v 0.0641053 -0.0641053 0.0813121
v 0.0641053 -0.0810822 0.0641053
v 0.0652639 -0.0641053 0.082421
v 0.0655605 -0.082421 0.0641053
v 0.082421 -0.0810919 0.082421
v 0.082421 -0.082421 0.0810374
v 0.083577 -0.082421 0.082421
v 0.082421 -0.0985314 0.0641053
v 0.0641053 -0.0638031 0.082421
v 0.0641053 -0.0641053 0.0893893
v 0.0557635 -0.0641053 0.100737
v 0.0641053 -0.0725766 0.100737
v 0.0647098 -0.082421 0.100737
v 0.0651155 -0.082421 0.119053
v 0.0641053 -0.0799949 0.119053
v 0.082421 -0.100366 0.100737
v 0.082421 -0.0997324 0.119053
v 0.067859 -0.082421 0.137368
v 0.082421 -0.097003 0.137368
v 0.082421 -0.082421 0.151937
v 0.0482246 -0.0641053 0.119053
v 0.0645648 -0.0641053 0.137368
v 0.0641053 -0.0803195 0.0457895
v 0.0707553 -0.082421 0.0457895
v 0.0457895 -0.0644854 0.0457895
v 0.100737 -0.0990614 0.082421
v 0.100737 -0.100737 0.083574
v 0.102195 -0.100737 0.082421
v 0.100737 -0.117835 0.100737
v 0.082421 -0.0935732 0.0457895
v 0.021217 -0.0457895 0.082421
v 0.0091579 -0.0607525 0.0641053
v 0.0091579 -0.0457895 0.0798514
v -0.0091579 -0.053484 0.0641053
v -0.0091579 -0.0457895 0.0718056
v -0.0168647 -0.0457895 0.0641053
v -0.0091579 -0.0397617 0.082421
v -0.0243752 -0.0274737 0.082421
v -0.0091579 -0.0274737 0.0947716
v -0.000453949 -0.0274737 0.100737
v 0.0091579 -0.0370983 0.100737
v -0.0274737 -0.0441197 0.0641053
v -0.0274737 -0.0274737 0.0816879
v -0.0274737 -0.026513 0.082421
v -0.0212268 -0.0091579 0.100737
v -0.0274737 -0.0091579 0.0995943
v -0.0274737 -0.00869924 0.100737
v -0.0205455 0.0091579 0.119053
v -0.0091579 -0.00258237 0.119053
v -0.0091579 -0.0091579 0.110226
v -0.0274737 0.0091579 0.118178
v 0.0091579 0.0091579 0.118941
v -0.0457895 -0.0334817 0.0641053
v -0.0457895 -0.0274737 0.0701367
v -0.0457895 -0.0442209 0.0457895
v -0.0641053 -0.0428477 0.0457895
v -0.0641053 -0.0430751 0.0274736
v -0.082421 -0.0413346 0.0274736
v -0.082421 -0.0385014 0.0457895
v -0.100737 -0.0377663 0.0274736
v -0.094727 -0.0274737 0.0457895
v -0.100737 -0.0274737 0.0391276
v -0.100737 -0.0246765 0.0457895
v -0.119053 -0.0269178 0.0274736
v -0.119053 -0.0226979 0.0457895
v -0.137368 -0.0248832 0.0274736
v -0.13461 -0.0091579 0.0457895
v -0.119053 -0.0091579 0.0603865
v -0.117479 -0.0091579 0.0641053
v -0.100737 -0.0253598 0.0641053
v -0.137368 -0.0091579 0.044394
v -0.155684 -0.0123935 0.0274736
v -0.155684 -0.0231857 0.0091579
v -0.174 -0.0209706 0.0091579
v -0.161034 -0.0091579 0.0274736
v -0.174 -0.0091579 0.0233967
v -0.186372 -0.0091579 0.0091579
v -0.155684 -0.0091579 0.030752
v -0.155684 0.0091579 0.0443513
v -0.154338 0.0091579 0.0457895
v -0.174 0.0091579 0.0454739
v -0.174 -0.0087992 0.0274736
v -0.119053 0.0033778 0.0641053
v -0.112122 -0.0274737 0.0274736
v -0.082421 -0.0274737 0.0574918
v -0.0708118 -0.0274737 0.0641053
v -0.0457895 -0.0442232 0.0274736
v 0.0091579 -0.0274737 0.110291
v 0.0274736 -0.0274737 0.118728
v 0.0274736 -0.0429433 0.100737
v -0.0457895 -0.024664 0.082421
v -0.0457895 -0.0091579 0.0979801
v -0.0641053 -0.0335004 0.0641053
v -0.0274737 -0.0455335 0.0457895
v -0.0274737 -0.0455516 0.0274736
v -0.0091579 -0.0182185 0.100737
v -0.137368 -0.00773305 0.0457895
v -0.137368 0.0091579 0.0616219
v 0.0275119 -0.0274737 0.119053
v 0.0298707 -0.0457895 0.100737
v 0.0340746 -0.0457895 0.119053
v 0.0390175 -0.0457895 0.137368
v -0.0457895 -0.00633383 0.100737
v -0.0457895 0.0091579 0.116209
v -0.0091579 -0.0610642 0.0457895
v 0.0091579 -0.0442483 0.082421
v -0.111081 0.0091579 0.082421
v -0.119053 0.0091579 0.0687836
v -0.100737 -0.00112009 0.082421
v -0.100737 0.0091579 0.0926435
v -0.082421 -0.0091579 0.0935065
v -0.093554 -0.0091579 0.082421
v -0.082421 -0.0202134 0.082421
v -0.0641053 -0.0091579 0.098385
v -0.0641053 0.0091579 0.1002
v -0.082421 0.0091579 0.0989974
v -0.1155 0.0274736 0.082421
v -0.119053 0.0274736 0.0814034
v -0.136439 0.0274736 0.0641053
v -0.0622022 0.0091579 0.100737
v -0.0260571 -0.0457895 0.0457895
v -0.123864 0.0091579 0.0641053
v 0.0274736 -0.0457895 0.0880415
v 0.0457895 -0.0613661 0.100737
v -0.0271199 -0.0457895 0.0274736
v -0.0274737 -0.0438609 0.0091579
v -0.100737 -0.0091579 0.08034
v -0.082421 -0.0270221 0.0641053
v 0.082421 -0.0641053 0.154517
v 0.0641053 -0.0637976 0.137368
v 0.082421 -0.0627434 0.155684
v 0.0641053 -0.061364 0.155684
v 0.082421 -0.0457895 0.172632
v 0.100737 -0.0641053 0.157904
v 0.0984508 -0.0641053 0.155684
v 0.0641053 -0.0457895 0.171364
v 0.0485139 -0.0457895 0.155684
v 0.0457895 -0.0439421 0.155684
v 0.0457895 -0.0274737 0.173014
v 0.0457895 -0.0457895 0.144172
v 0.0641053 -0.0641053 0.136418
v 0.100737 -0.0663033 0.155684
v 0.0457895 -0.0596799 0.082421
v -0.0641053 -0.0251113 0.082421
v -0.0091579 -0.0637456 0.0274736
v 0.0457895 -0.0574995 0.119053
v -0.0641053 -0.0274737 0.0701357
v 0.0091579 -0.0274737 0.110291
v -0.0091579 -0.0091579 0.110226
v -0.0091579 -0.0182185 0.100737
v -0.0641053 -0.0251113 0.082421
v -0.0457895 -0.0091579 0.0979801
v -0.0641053 -0.0091579 0.098385
v -0.0641053 0.0091579 0.1002
v -0.0622022 0.0091579 0.100737
v -0.100737 -0.0253598 0.0641053
v -0.082421 -0.0202134 0.082421
v -0.093554 -0.0091579 0.082421
v -0.100737 -0.0091579 0.08034
v -0.082421 -0.0270221 0.0641053
v -0.0641053 -0.0251113 0.082421
v -0.0641053 -0.0274737 0.0701357
v -0.137368 0.0091579 0.0616219
v -0.123864 0.0091579 0.0641053
v -0.136439 0.0274736 0.0641053
v 0.0274736 -0.0507809 0.082421
v 0.0457895 -0.0596799 0.082421
v 0.0457895 -0.0613661 0.100737
v 0.0298707 -0.0457895 0.100737
v 0.0274736 -0.0457895 0.0880415
v 0.0457895 -0.0574995 0.119053
v 0.0390175 -0.0457895 0.137368
v 0.0340746 -0.0457895 0.119053
v 0.0457895 -0.0525571 0.137368
v 0.0641053 -0.0637976 0.137368
v 0.0641053 -0.061364 0.155684
v 0.0485139 -0.0457895 0.155684
v 0.0457895 -0.0457895 0.144172
v 0.0457895 -0.0439421 0.155684
v 0.0291062 -0.0274737 0.155684
v 0.0274736 -0.0418447 0.137368
v 0.0274736 -0.0274737 0.152167
v 0.0274736 -0.0249979 0.155684
v 0.0285072 -0.0091579 0.174
v 0.0457895 -0.0268828 0.174
v 0.0457895 -0.0091579 0.191204
v 0.0641053 -0.0091579 0.188114
v 0.0641053 -0.0256304 0.174
v 0.0641053 -0.0274737 0.173161
v 0.0274736 -0.0091579 0.171432
v 0.011076 -0.0091579 0.155684
v 0.0091579 -0.000149429 0.155684
v 0.0091579 -0.0091579 0.151948
v 0.0091579 -0.0223157 0.137368
v -0.0091579 -0.0246879 0.137368
v -0.0091579 -0.0091579 0.155445
v -0.0255231 -0.0091579 0.137368
v 0.0091579 0.0091579 0.163144
v -0.0274737 -0.00847292 0.137368
v -0.0091579 -0.00906533 0.155684
v 0.0130757 -0.0274737 0.137368
v 0.0457895 -0.0274737 0.173014
v -0.0274737 -0.00895703 0.155684
v -0.0091579 0.0091579 0.17285
v -0.0274737 0.0091579 0.173716
v -0.0457895 -0.00876242 0.155684
v -0.0457895 0.0091579 0.17362
v -0.0640089 0.0091579 0.155684
v 0.0457895 -0.0574995 0.119053
v 0.0482246 -0.0641053 0.119053
v 0.0641053 -0.0641053 0.136418
v 0.0641053 -0.0799949 0.119053
v 0.0645648 -0.0641053 0.137368
v -0.485368 0.0136465 -0.0641053
v -0.477628 0.0091579 -0.0457895
v -0.485368 0.0199116 -0.0457895
v -0.467053 0.0091579 -0.034589
v -0.485368 0.0274736 -0.0381006
v -0.467053 -0.0015862 -0.0457895
v -0.492886 0.0274736 -0.0457895
v -0.467053 -0.00634003 -0.0641053
v -0.482616 0.0091579 -0.0641053
v -0.467053 0.0274736 -0.0285152
v -0.467053 0.0457895 -0.029115
v -0.485324 0.0457895 -0.0457895
v -0.474654 0.0641053 -0.0457895
v -0.48476 0.0641053 -0.0641053
v -0.467053 0.0641053 -0.0379126
v -0.467053 0.07161 -0.0457895
v -0.485368 0.0457895 -0.0459718
v -0.485368 0.059 -0.0641053
v -0.498242 0.0457895 -0.0641053
v -0.485368 0.0457895 -0.0779547
v -0.467053 0.0817887 -0.0641053
v -0.484379 0.0641053 -0.082421
v -0.485083 0.0457895 -0.082421
v -0.474949 0.0641053 -0.100737
v -0.478175 0.0457895 -0.100737
v -0.467053 0.0641053 -0.108786
v -0.467053 0.0728127 -0.100737
v -0.46267 0.0641053 -0.119053
v -0.466373 0.082421 -0.100737
v -0.484662 0.0274736 -0.082421
v -0.464163 0.082421 -0.119053
v -0.459161 0.100737 -0.119053
v -0.448737 0.100737 -0.130653
v -0.448737 0.111259 -0.119053
v -0.448261 0.100737 -0.137368
v -0.448571 0.082421 -0.137368
v -0.440926 0.100737 -0.155684
v -0.442118 0.082421 -0.155684
v -0.430421 0.100737 -0.166384
v -0.430421 0.111349 -0.155684
v -0.430421 0.119053 -0.147497
v -0.430421 0.082421 -0.167448
v -0.440469 0.119053 -0.137368
v -0.444182 0.0641053 -0.137368
v -0.448737 0.113045 -0.100737
v -0.461036 0.100737 -0.100737
v -0.467053 0.0820414 -0.082421
v -0.467053 0.0457895 -0.111917
v -0.499021 0.0274736 -0.0641053
v -0.485368 0.0451815 -0.0457895
v -0.436412 0.119053 -0.119053
v -0.430421 0.125001 -0.119053
v -0.465794 0.082421 -0.082421
v -0.430421 0.129042 -0.137368
v -0.48476 0.0641053 -0.0641053
v -0.485083 0.0457895 -0.082421
v -0.485368 0.059 -0.0641053
v -0.485368 0.0457895 -0.0779547
v -0.484662 0.0274736 -0.082421
v -0.485368 0.0274736 -0.078083
v -0.499021 0.0274736 -0.0641053
v -0.448737 0.100737 -0.130653
v -0.448571 0.082421 -0.137368
v -0.448737 0.082421 -0.136222
v -0.464163 0.082421 -0.119053
v -0.46267 0.0641053 -0.119053
v -0.448737 0.0641053 -0.132961
v -0.444182 0.0641053 -0.137368
v -0.498242 0.0457895 -0.0641053
v -0.499021 0.0274736 -0.0641053
v -0.492886 0.0274736 -0.0457895
v -0.485368 0.0451815 -0.0457895
v 0.0457895 -0.0644854 0.0457895
v 0.0274736 -0.0748515 0.0641053
v 0.0274736 -0.0641053 0.0519577
v 0.0457895 -0.0799102 0.0641053
v 0.0641053 -0.0810822 0.0641053
v 0.0166844 -0.0641053 0.0641053
v 0.0274736 -0.0639752 0.0457895
v 0.0091579 -0.0607525 0.0641053
v 0.0091579 -0.0639597 0.0457895
v -0.0091579 -0.0610642 0.0457895
v -0.0091579 -0.053484 0.0641053
v -0.0091579 -0.0637456 0.0274736
v 0.0091579 -0.0641053 0.0430097
v -0.00804067 -0.0641053 0.0274736
v 0.0091579 -0.0795476 0.0274736
v 0.0091579 -0.082421 0.0248054
v 0.0274736 -0.082421 0.0265713
v 0.0091579 -0.0980725 0.0091579
v 0.0274736 -0.0998453 0.0091579
v 0.0453122 -0.082421 0.0274736
v -0.0091579 -0.0836195 0.0091579
v 0.0091579 -0.100737 0.00877684
v -0.0091579 -0.100737 -0.00400847
v -0.0091579 -0.10581 -0.0091579
v 0.0091579 -0.118698 -0.0091579
v -0.0147742 -0.100737 -0.0091579
v 0.0091579 -0.119053 -0.015193
v -0.0091579 -0.119053 -0.0148436
v -0.0091579 -0.131654 -0.0274737
v 0.0091579 -0.131073 -0.0274737
v -0.0091579 -0.082421 0.0103334
v 0.0274736 -0.119053 -0.0136514
v 0.0274736 -0.0810556 0.0274736
v 0.0274736 -0.100737 0.00870454
v 0.0457895 -0.0828536 0.0274736
v 0.0457895 -0.100463 0.0091579
v 0.0641053 -0.0990266 0.0274736
v 0.0641053 -0.082421 0.0442335
v 0.0707553 -0.082421 0.0457895
v 0.0641053 -0.0803195 0.0457895
v 0.082421 -0.0935732 0.0457895
v -0.0091579 -0.0641053 0.0269073
v 0.0457895 -0.100737 0.00897795
v 0.0457895 -0.082421 0.0279147
v 0.0641053 -0.100737 0.0081138
v 0.0457895 -0.118668 -0.0091579
v 0.0641053 -0.117327 -0.0091579
v 0.0813652 -0.100737 -0.0091579
v 0.0641053 -0.100269 0.0091579
v 0.082421 -0.100011 -0.0091579
v -0.010326 -0.082421 0.0091579
v -0.0274737 -0.0864495 -0.0091579
v -0.0274737 -0.082421 -0.00558156
v -0.0274737 -0.100737 -0.0186379
v -0.0274737 -0.112166 -0.0274737
v -0.042172 -0.100737 -0.0274737
v -0.0310987 -0.082421 -0.0091579
v -0.0457895 -0.0999323 -0.0274737
v -0.0457895 -0.100737 -0.0285641
v -0.0457895 -0.082421 -0.0125695
v -0.0617269 -0.082421 -0.0274737
v -0.0641053 -0.082421 -0.0289502
v -0.0641053 -0.100737 -0.0376298
v -0.0457895 -0.119053 -0.0355545
v -0.0821804 -0.082421 -0.0457895
v -0.0725137 -0.100737 -0.0457895
v -0.082421 -0.100737 -0.0526305
v -0.082421 -0.082421 -0.0460492
v -0.100737 -0.082421 -0.0538192
v -0.100737 -0.0946363 -0.0641053
v -0.111559 -0.082421 -0.0641053
v -0.100737 -0.100737 -0.0653623
v -0.0954592 -0.100737 -0.0641053
v -0.0641053 -0.109021 -0.0457895
v -0.0274737 -0.119053 -0.0285329
v -0.100737 -0.118101 -0.082421
v -0.119053 -0.115876 -0.082421
v -0.119053 -0.100737 -0.0674277
v -0.100737 -0.119053 -0.0841973
v -0.082421 -0.119053 -0.0867533
v -0.100737 -0.134018 -0.100737
v -0.082421 -0.124166 -0.100737
v -0.082421 -0.118667 -0.082421
v -0.0800125 -0.119053 -0.082421
v -0.0641053 -0.127152 -0.082421
v -0.0561616 -0.119053 -0.0457895
v -0.0641053 -0.118387 -0.0641053
v -0.0622089 -0.119053 -0.0641053
v -0.0457895 -0.131909 -0.0641053
v -0.082421 -0.112186 -0.0641053
v -0.0260134 -0.0641053 0.0091579
v 0.0274736 -0.118604 -0.0091579
v 0.0457895 -0.119053 -0.0243117
v 0.0488487 -0.119053 -0.0274737
v 0.0457895 -0.122005 -0.0274737
v -0.0457895 -0.129254 -0.0457895
v -0.0274737 -0.135342 -0.0457895
v 0.0274736 -0.132512 -0.0274737
v -0.0241827 -0.119053 -0.0274737
v -0.0271199 -0.0457895 0.0274736
v 0.0452788 -0.0641053 0.0457895
v 0.0457895 -0.0644854 0.0457895
v 0.0274736 -0.0641053 0.0519577
v 0.0274736 -0.0639752 0.0457895
v 0.0453122 -0.082421 0.0274736
v 0.0274736 -0.0810556 0.0274736
v 0.0274736 -0.0641053 0.0446789
v 0.0457895 -0.082421 0.0279147
v 0.0641053 -0.082421 0.0442335
v 0.0641053 -0.0803195 0.0457895
v 0.0091579 -0.0795476 0.0274736
v 0.0091579 -0.0641053 0.0430097
v 0.0091579 -0.0639597 0.0457895
v 0.0091579 -0.0639597 0.0457895
v 0.0274736 -0.0641053 0.0446789
v 0.0274736 -0.0639752 0.0457895
v 0.0274736 -0.118604 -0.0091579
v 0.0457895 -0.100737 0.00897795
v 0.0274736 -0.100737 0.00870454
v 0.0274736 -0.0998453 0.0091579
v -0.082421 -0.112186 -0.0641053
v -0.082421 -0.118667 -0.082421
v -0.0641053 -0.118387 -0.0641053
v -0.0641053 -0.119053 -0.0686631
v -0.0800125 -0.119053 -0.082421
v -0.0641053 -0.127152 -0.082421
v -0.0622089 -0.119053 -0.0641053
v -0.0457895 -0.131909 -0.0641053
v -0.0274737 -0.135342 -0.0457895
v -0.0091579 -0.131654 -0.0274737
v -0.0241827 -0.119053 -0.0274737
v 0.0274736 -0.118604 -0.0091579
v 0.0274736 -0.119053 -0.0136514
v 0.0457895 -0.119053 -0.0243117
v 0.0274736 -0.132512 -0.0274737
v 0.228947 -0.0843356 0.082421
v 0.210632 -0.0998107 0.0641053
v 0.228947 -0.0988886 0.0641053
v 0.228947 -0.100737 0.0511235
v 0.234334 -0.100737 0.0457895
v 0.247263 -0.0974392 0.0457895
v 0.210632 -0.0900897 0.082421
v 0.192316 -0.0935773 0.082421
v 0.228947 -0.0963249 0.100737
v 0.228947 -0.10535 0.0457895
v 0.210632 -0.11308 0.0457895
v 0.232067 -0.082421 0.082421
v 0.247263 -0.082421 0.0812437
v 0.228947 -0.119053 0.0279334
v 0.247263 -0.116692 0.0274736
v 0.210632 -0.119053 0.0438297
v 0.210632 -0.135336 0.0274736
v 0.192316 -0.133989 0.0457895
v 0.192316 -0.137368 0.043218
v 0.210632 -0.100737 0.0582854
v 0.245745 -0.082421 0.100737
v 0.247263 -0.0822474 0.100737
v 0.228947 -0.082421 0.114998
v 0.210632 -0.0926859 0.119053
v 0.221464 -0.082421 0.119053
v 0.186103 -0.137368 0.0457895
v 0.174 -0.149512 0.0457895
v 0.192316 -0.153074 0.0274736
v 0.174 -0.154363 0.0274736
v 0.155684 -0.154244 0.0274736
v 0.155684 -0.152866 0.0457895
v 0.155684 -0.145327 0.0641053
v 0.137368 -0.144204 0.0457895
v 0.137368 -0.138355 0.0641053
v 0.155684 -0.151878 0.0091579
v 0.155684 -0.137368 0.0721499
v 0.163773 -0.137368 0.0641053
v 0.210632 -0.0987778 0.100737
v 0.207599 -0.119053 0.0457895
v 0.247263 -0.098783 0.0641053
v 0.247263 -0.100737 0.0438115
v 0.247263 -0.0815086 0.082421
v 0.137368 -0.145728 0.0274736
v 0.174 -0.15446 0.0091579
v 0.210632 -0.082421 0.129582
v 0.192316 -0.0944436 0.119053
v 0.192316 -0.082421 0.131508
v 0.192316 -0.0817195 0.137368
v 0.174 -0.0787052 0.137368
v 0.174 -0.0940388 0.119053
v 0.174 -0.137368 0.0579256
v 0.174 -0.0974657 0.100737
v 0.208254 -0.137368 0.0274736
v 0.174 -0.082421 0.130634
v 0.137368 -0.137368 0.0651276
v 0.137368 -0.136705 0.082421
v 0.119053 -0.134757 0.0641053
v 0.155684 -0.136748 0.082421
v 0.119053 -0.133283 0.082421
v 0.137368 -0.119053 0.100399
v 0.119053 -0.119053 0.0988051
v 0.104761 -0.119053 0.082421
v 0.155684 -0.119053 0.100123
v 0.119053 -0.118902 0.100737
v 0.100737 -0.117835 0.100737
v 0.192316 -0.0641053 0.155127
v 0.174 -0.0641053 0.151956
v 0.174 -0.0624582 0.155684
v 0.192316 -0.0625678 0.155684
v 0.192316 -0.0457895 0.172181
v 0.174 -0.0457895 0.172367
v 0.210632 -0.0457895 0.170818
v 0.210632 -0.0623252 0.155684
v 0.228947 -0.0457895 0.163038
v 0.228947 -0.0531496 0.155684
v 0.236735 -0.0457895 0.155684
v 0.247263 -0.0457895 0.141296
v 0.247263 -0.0500231 0.137368
v 0.247263 -0.0274737 0.155085
v 0.228947 -0.0641053 0.14624
v 0.210632 -0.0818641 0.137368
v 0.119053 -0.116912 0.119053
v 0.100737 -0.110366 0.119053
v 0.0913163 -0.100737 0.119053
v 0.100737 -0.100737 0.129264
v 0.082421 -0.0997324 0.119053
v 0.082421 -0.100366 0.100737
v 0.100737 -0.0997033 0.137368
v 0.082421 -0.097003 0.137368
v 0.100737 -0.082421 0.154472
v 0.082421 -0.082421 0.151937
v 0.119053 -0.082421 0.145631
v 0.119053 -0.0907757 0.137368
v 0.129197 -0.082421 0.137368
v 0.137368 -0.082421 0.137075
v 0.137368 -0.077663 0.137368
v 0.155684 -0.082421 0.131799
v 0.137368 -0.0641053 0.149175
v 0.137368 -0.100737 0.126063
v 0.152332 -0.100737 0.119053
v 0.119053 -0.100737 0.134399
v 0.137368 -0.107799 0.119053
v 0.229413 -0.119053 0.0274736
v 0.247164 -0.119053 0.0091579
v 0.228947 -0.119508 0.0274736
v 0.136374 -0.137368 0.0641053
v 0.247263 -0.119007 0.0091579
v 0.265579 -0.112915 0.0091579
v 0.247263 -0.118662 -0.0091579
v 0.265579 -0.100737 0.0265269
v 0.277836 -0.100737 0.0091579
v 0.265579 -0.100737 -0.00676572
v 0.265579 -0.100381 -0.0091579
v 0.283895 -0.0984325 0.0091579
v 0.265174 -0.100737 -0.0091579
v 0.246755 -0.119053 -0.0091579
v 0.228947 -0.135607 0.0091579
v 0.192316 -0.154666 0.0091579
v 0.210632 -0.151318 0.0091579
v 0.192316 -0.153961 -0.0091579
v 0.210632 -0.151353 -0.0091579
v 0.192316 -0.137368 -0.0258061
v 0.210632 -0.137368 -0.023279
v 0.210632 -0.136412 -0.0274737
v 0.192316 -0.13666 -0.0274737
v 0.224749 -0.137368 -0.0091579
v 0.174 -0.147777 -0.0091579
v 0.119053 -0.133453 0.0457895
v 0.238701 -0.0641053 0.137368
v 0.228947 -0.0729277 0.137368
v 0.247263 -0.0641053 0.133158
v 0.192316 -0.119053 0.0609366
v 0.155684 -0.0641053 0.152535
v 0.210632 -0.137368 0.0234283
v 0.247263 -0.07759 0.119053
v 0.228947 -0.0806968 0.119053
v 0.265579 -0.0641053 0.133416
v 0.155684 -0.100737 0.117388
v 0.155684 -0.111383 0.100737
v 0.167225 -0.100737 0.100737
v 0.174 -0.100737 0.0945948
v 0.174 -0.113823 0.082421
v 0.185498 -0.100737 0.082421
v 0.192316 -0.100737 0.0779914
v 0.173599 -0.119053 0.082421
v 0.174 -0.119053 0.0814868
v 0.155684 -0.0996126 0.119053
v 0.210632 -0.0641053 0.155438
v 0.103173 -0.119053 0.0641053
v 0.104749 -0.119053 0.0457895
v 0.192316 -0.114711 0.0641053
v 0.137368 -0.118457 0.100737
v 0.155684 -0.0795312 0.137368
v 0.265579 -0.0776129 0.119053
v 0.283895 -0.0641053 0.134092
v 0.265579 -0.0616028 0.137368
v 0.283895 -0.078913 0.119053
v 0.302211 -0.0641053 0.131385
v 0.302211 -0.0760302 0.119053
v 0.283895 -0.0606606 0.137368
v 0.302211 -0.0599045 0.137368
v 0.302211 -0.0631326 0.155684
v 0.320526 -0.0589474 0.137368
v 0.320526 -0.0617107 0.119053
v 0.338842 -0.0618737 0.137368
v 0.338842 -0.063888 0.155684
v 0.357158 -0.0626104 0.155684
v 0.338842 -0.0641053 0.161845
v 0.322378 -0.0641053 0.155684
v 0.320526 -0.0641053 0.1539
v 0.283895 -0.0500551 0.155684
v 0.265579 -0.0989842 0.0641053
v 0.265579 -0.098354 0.0457895
v 0.265579 -0.100667 0.0274736
v 0.283895 -0.0941241 0.0457895
v 0.283895 -0.097946 0.0274736
v 0.299732 -0.082421 0.0274736
v 0.283895 -0.0951756 0.0641053
v 0.300001 -0.082421 0.0091579
v 0.174 -0.135959 0.0641053
v 0.283895 -0.082421 0.0769469
v 0.298898 -0.082421 0.0641053
v 0.283895 -0.0799124 0.082421
v 0.265579 -0.081009 0.082421
v 0.302211 -0.081961 0.0641053
v 0.302211 -0.0782308 0.082421
v 0.302211 -0.0745687 0.100737
v 0.320526 -0.0744078 0.0641053
v 0.302211 -0.0762918 0.0457895
v 0.283895 -0.0820587 0.100737
v 0.295744 -0.082421 0.0457895
v 0.130383 -0.137368 0.0457895
v 0.128987 -0.137368 0.0274736
v 0.190996 -0.119053 0.0641053
v 0.224756 -0.137368 0.0091579
v 0.206584 -0.100737 0.0641053
v 0.265579 -0.0821573 0.100737
v 0.244807 -0.119053 -0.0274737
v 0.228947 -0.135795 -0.0091579
v 0.228947 -0.134643 -0.0274737
v 0.26529 -0.100737 0.0274736
v 0.265579 -0.082421 0.0810815
v 0.247263 -0.0815086 0.082421
v 0.247263 -0.082421 0.0812437
v 0.265579 -0.082421 0.0810815
v 0.265579 -0.081009 0.082421
v 0.265579 -0.0821573 0.100737
v 0.265579 -0.100667 0.0274736
v 0.26529 -0.100737 0.0274736
v 0.265579 -0.100737 0.0265269
v 0.277836 -0.100737 0.0091579
v 0.283895 -0.0984325 0.0091579
v 0.283895 -0.097946 0.0274736
v 0.300001 -0.082421 0.0091579
v 0.265579 -0.0776129 0.119053
v 0.247263 -0.0822474 0.100737
v 0.265579 -0.0821573 0.100737
v 0.247263 -0.07759 0.119053
v 0.228947 -0.0806968 0.119053
v 0.228947 -0.0729277 0.137368
v 0.210632 -0.0818641 0.137368
v 0.228947 -0.0806968 0.119053
v 0.228947 -0.0641053 0.14624
v 0.210632 -0.0641053 0.155438
v 0.283895 -0.078913 0.119053
v 0.265579 -0.0821573 0.100737
v 0.283895 -0.0820587 0.100737
v 0.155684 -0.0795312 0.137368
v 0.155684 -0.082421 0.131799
v 0.174 -0.082421 0.130634
v 0.155684 -0.0996126 0.119053
v 0.210632 -0.0926859 0.119053
v 0.192316 -0.0944436 0.119053
v 0.192316 -0.100022 0.100737
v 0.174 -0.0974657 0.100737
v 0.210632 -0.0987778 0.100737
v 0.192316 -0.0935773 0.082421
v 0.185498 -0.100737 0.082421
v 0.174 -0.100737 0.0945948
v 0.167225 -0.100737 0.100737
v 0.155684 -0.0996126 0.119053
v 0.192316 -0.100737 0.0779914
v 0.206584 -0.100737 0.0641053
v 0.192316 -0.114711 0.0641053
v 0.155684 -0.0795312 0.137368
v 0.174 -0.0641053 0.151956
v 0.155684 -0.0641053 0.152535
v 0.137368 -0.107799 0.119053
v 0.137368 -0.100737 0.126063
v 0.119053 -0.116912 0.119053
v 0.119053 -0.100737 0.134399
v 0.137368 -0.118457 0.100737
v 0.155684 -0.119053 0.100123
v 0.155684 -0.111383 0.100737
v 0.174 -0.113823 0.082421
v 0.173599 -0.119053 0.082421
v 0.174 -0.119053 0.0814868
v 0.192316 -0.114711 0.0641053
v 0.190996 -0.119053 0.0641053
v 0.192316 -0.119053 0.0609366
v 0.228947 -0.135607 0.0091579
v 0.224756 -0.137368 0.0091579
v 0.224749 -0.137368 -0.0091579
v 0.228947 -0.135795 -0.0091579
v 0.246755 -0.119053 -0.0091579
v 0.210632 -0.137368 -0.023279
v 0.210632 -0.136412 -0.0274737
v 0.228947 -0.134643 -0.0274737
v 0.302211 -0.0762918 0.0457895
v 0.295744 -0.082421 0.0457895
v 0.299732 -0.082421 0.0274736
v 0.082421 -0.100366 0.100737
v 0.0832008 -0.100737 0.100737
v 0.0913163 -0.100737 0.119053
v 0.100737 -0.117835 0.100737
v 0.100737 -0.117835 0.100737
v 0.102195 -0.100737 0.082421
v 0.119053 -0.119053 0.0988051
v -0.0274737 -0.0545883 -0.0091579
v -0.0274737 -0.0459062 -0.0274737
v -0.0457895 -0.0477839 -0.0274737
v -0.0457895 -0.0641053 -0.0112314
v -0.0623257 -0.0641053 -0.0274737
v -0.0457895 -0.082421 -0.0125695
v -0.0617269 -0.082421 -0.0274737
v -0.0641053 -0.082421 -0.0289502
v -0.0641053 -0.0641053 -0.0295638
v -0.036936 -0.0641053 -0.0091579
v -0.0641053 -0.0460755 -0.0457895
v -0.0457895 -0.0457895 -0.0292506
v -0.0274737 -0.0457895 -0.0276486
v -0.0274737 -0.0274737 -0.0372384
v -0.0432985 -0.0274737 -0.0457895
v -0.0274737 -0.0204318 -0.0457895
v -0.0214452 -0.0091579 -0.0457895
v -0.0457895 -0.0276602 -0.0457895
v -0.027311 -0.0457895 -0.0274737
v -0.0457895 -0.0274737 -0.0459803
v -0.0457895 -0.0110427 -0.0641053
v -0.0641053 -0.0274737 -0.0503635
v -0.0641053 -0.0137808 -0.0641053
v -0.0785127 -0.0274737 -0.0641053
v -0.082421 -0.0457895 -0.0479046
v -0.082421 -0.0291924 -0.0641053
v -0.0988781 -0.0457895 -0.0641053
v -0.100737 -0.0641053 -0.0516047
v -0.100737 -0.0510162 -0.0641053
v -0.100737 -0.0457895 -0.0654263
v -0.117707 -0.0457895 -0.082421
v -0.082421 -0.0641053 -0.0463405
v -0.100737 -0.082421 -0.0538192
v -0.082421 -0.082421 -0.0460492
v -0.113252 -0.0641053 -0.0641053
v -0.100737 -0.0289384 -0.082421
v -0.082421 -0.0274737 -0.0733292
v -0.0274737 -0.011403 -0.0641053
v -0.0091579 -0.00977409 -0.0641053
v -0.0641053 -0.011123 -0.082421
v -0.0815808 -0.0641053 -0.0457895
v -0.119053 -0.0457895 -0.0852261
v -0.119053 -0.0305641 -0.100737
v -0.134366 -0.0457895 -0.100737
v -0.137368 -0.0457895 -0.105464
v -0.137368 -0.0322627 -0.119053
v -0.151534 -0.0457895 -0.119053
v -0.155684 -0.0277789 -0.137368
v -0.155684 -0.0457895 -0.120811
v -0.174 -0.0457895 -0.131895
v -0.174 -0.0641053 -0.122697
v -0.179464 -0.0457895 -0.137368
v -0.188829 -0.0641053 -0.137368
v -0.192316 -0.0641053 -0.140991
v -0.192316 -0.0457895 -0.146848
v -0.192316 -0.0368929 -0.155684
v -0.201164 -0.0457895 -0.155684
v -0.174 -0.0403209 -0.137368
v -0.185013 -0.0274737 -0.155684
v -0.192316 -0.0274737 -0.162294
v -0.174 -0.0165343 -0.155684
v -0.192316 -0.0158392 -0.174
v -0.174 -0.0114933 -0.174
v -0.155684 -0.0124174 -0.155684
v -0.2052 -0.0274737 -0.174
v -0.210632 -0.0274737 -0.178244
v -0.210632 -0.014487 -0.192316
v -0.226368 -0.0274737 -0.192316
v -0.228947 -0.0274737 -0.194759
v -0.228947 -0.0285546 -0.192316
v -0.242222 -0.0274737 -0.210632
v -0.228947 -0.0142374 -0.210632
v -0.247263 -0.0301531 -0.210632
v -0.245861 -0.0457895 -0.192316
v -0.228947 -0.0457895 -0.174554
v -0.228947 -0.0518492 -0.174
v -0.247263 -0.0511418 -0.192316
v -0.234203 -0.0641053 -0.174
v -0.247263 -0.0641053 -0.182031
v -0.228947 -0.0641053 -0.168733
v -0.257552 -0.0641053 -0.192316
v -0.247263 -0.0457895 -0.193856
v -0.265579 -0.0486655 -0.210632
v -0.265579 -0.0641053 -0.198268
v -0.277979 -0.0641053 -0.210632
v -0.283895 -0.0641053 -0.21376
v -0.265579 -0.0457895 -0.211489
v -0.283895 -0.0457895 -0.216419
v -0.265579 -0.0295085 -0.228947
v -0.297088 -0.0457895 -0.228947
v -0.301381 -0.0641053 -0.228947
v -0.302211 -0.0641053 -0.229218
v -0.302211 -0.0457895 -0.230695
v -0.320526 -0.0641053 -0.233419
v -0.320526 -0.082421 -0.230066
v -0.338842 -0.082421 -0.234109
v -0.320526 -0.100737 -0.229083
v -0.325993 -0.100737 -0.228947
v -0.337417 -0.0641053 -0.247263
v -0.338842 -0.0657489 -0.247263
v -0.338842 -0.0641053 -0.247792
v -0.355203 -0.0641053 -0.265579
v -0.352602 -0.0457895 -0.265579
v -0.338842 -0.0457895 -0.251837
v -0.338842 -0.0320329 -0.265579
v -0.320526 -0.0419909 -0.247263
v -0.320526 -0.0279834 -0.265579
v -0.338842 -0.0286134 -0.283895
v -0.302211 -0.0295378 -0.247263
v -0.355453 -0.0457895 -0.283895
v -0.35208 -0.082421 -0.247263
v -0.324302 -0.0457895 -0.247263
v -0.302211 -0.082421 -0.222842
v -0.283895 -0.033219 -0.228947
v -0.227551 -0.0457895 -0.174
v -0.302211 -0.0699213 -0.228947
v -0.264427 -0.0457895 -0.210632
v -0.155684 -0.0518805 -0.119053
v -0.119053 -0.0280442 -0.119053
v -0.137368 -0.0274737 -0.129316
v -0.119053 -0.0274737 -0.121011
v -0.119053 -0.0152259 -0.137368
v -0.100737 -0.0258676 -0.119053
v -0.137368 -0.0195885 -0.137368
v -0.100737 -0.0276439 -0.100737
v -0.0996133 -0.0274737 -0.100737
v -0.100737 -0.0274737 -0.112949
v -0.082421 -0.0138164 -0.100737
v -0.105932 -0.0274737 -0.119053
v -0.137368 -0.0115979 -0.155684
v -0.153045 -0.0274737 -0.137368
v -0.311353 -0.082421 -0.228947
v -0.210632 -0.0457895 -0.16104
v -0.246293 -0.0274737 -0.228947
v -0.167195 -0.0641053 -0.119053
v -0.155684 -0.0641053 -0.107335
v -0.151333 -0.0641053 -0.100737
v -0.208728 -0.0641053 -0.155684
v -0.137368 -0.0503071 -0.100737
v -0.174 -0.0274737 -0.144724
v -0.082421 -0.019479 -0.082421
v -0.137368 -0.0641053 -0.0869938
v -0.134654 -0.0641053 -0.082421
v -0.356984 -0.082421 -0.265579
v -0.357158 -0.0872742 -0.247263
v -0.357158 -0.0833366 -0.265579
v -0.3701 -0.100737 -0.265579
v -0.37053 -0.100737 -0.247263
v -0.357158 -0.100737 -0.233306
v -0.341924 -0.100737 -0.228947
v -0.357158 -0.104427 -0.228947
v -0.374829 -0.119053 -0.247263
v -0.210632 -0.0317572 -0.174
v -0.371641 -0.119053 -0.228947
v -0.228947 -0.0131657 -0.228947
v -0.111559 -0.082421 -0.0641053
v -0.119053 -0.082421 -0.065163
v -0.155684 -0.0274737 -0.13786
v -0.0310987 -0.082421 -0.0091579
v -0.0274737 -0.082421 -0.00558156
v -0.375474 -0.122782 -0.228947
v -0.375474 -0.137368 -0.214711
v -0.389703 -0.137368 -0.228947
v -0.375474 -0.155684 -0.212393
v -0.39202 -0.155684 -0.228947
v -0.375474 -0.173255 -0.228947
v -0.357158 -0.174 -0.212344
v -0.374703 -0.174 -0.228947
v -0.357158 -0.190553 -0.228947
v -0.0906079 -0.0274737 -0.082421
v -0.357158 -0.119053 -0.214782
v -0.338842 -0.100737 -0.226228
v -0.338842 -0.0980575 -0.228947
v -0.0274737 -0.0641053 0.000405431
v -0.119053 -0.0482879 -0.082421
v -0.119053 -0.0641053 -0.0668965
v -0.283895 -0.0282111 -0.247263
v -0.320526 -0.0457895 -0.24345
v -0.0457895 -0.0477839 -0.0274737
v -0.0457895 -0.0457895 -0.0292506
v -0.0638943 -0.0457895 -0.0457895
v -0.0641053 -0.0460755 -0.0457895
v -0.0457895 -0.0276602 -0.0457895
v -0.0641053 -0.0457895 -0.0458652
v -0.0457895 -0.0274737 -0.0459803
v -0.0641053 -0.0274737 -0.0503635
v -0.082421 -0.0457895 -0.0479046
v -0.082421 -0.0641053 -0.0463405
v -0.082421 -0.0641053 -0.0463405
v -0.0815808 -0.0641053 -0.0457895
v -0.0641053 -0.0460755 -0.0457895
v -0.0641053 -0.0457895 -0.0458652
v -0.0641053 -0.082421 -0.0289502
v -0.0815808 -0.0641053 -0.0457895
v -0.0821804 -0.082421 -0.0457895
v -0.082421 -0.082421 -0.0460492
v -0.264427 -0.0457895 -0.210632
v -0.247263 -0.0301531 -0.210632
v -0.265579 -0.0457895 -0.211489
v -0.265579 -0.0295085 -0.228947
v -0.210632 -0.0457895 -0.16104
v -0.201164 -0.0457895 -0.155684
v -0.210632 -0.0317572 -0.174
v -0.137368 -0.0195885 -0.137368
v -0.155684 -0.0124174 -0.155684
v -0.155684 -0.0274737 -0.13786
v -0.137368 -0.0115979 -0.155684
v -0.283895 -0.033219 -0.228947
v -0.302211 -0.0295378 -0.247263
v -0.302211 -0.0457895 -0.230695
v -0.320526 -0.0457895 -0.24345
v -0.283895 -0.0282111 -0.247263
v -0.338842 -0.0980575 -0.228947
v -0.338842 -0.082421 -0.234109
v -0.35208 -0.082421 -0.247263
v -0.325993 -0.100737 -0.228947
v -0.338842 -0.100737 -0.226228
v -0.357158 -0.0872742 -0.247263
v -0.341924 -0.100737 -0.228947
v -0.153045 -0.0274737 -0.137368
v -0.155684 -0.0274737 -0.13786
v -0.155684 -0.0277789 -0.137368
v -0.082421 -0.019479 -0.082421
v -0.0641053 -0.011123 -0.082421
v -0.082421 -0.0138164 -0.100737
v -0.100737 -0.0274737 -0.112949
v -0.100737 -0.0258676 -0.119053
v -0.105932 -0.0274737 -0.119053
v -0.082421 -0.0138164 -0.100737
v 0.375474 0.0091579 0.130931
v 0.357158 -0.0091579 0.119381
v 0.362128 0.0091579 0.119053
v 0.375474 -0.0091579 0.124294
v 0.357158 -0.0274737 0.12316
v 0.375474 -0.02459 0.137368
v 0.388498 -0.0091579 0.137368
v 0.37329 -0.0274737 0.137368
v 0.39379 -0.015831 0.155684
v 0.392154 -0.0274737 0.155684
v 0.357158 -0.0422129 0.137368
v 0.339171 -0.0274737 0.119053
v 0.375474 -0.0453578 0.155684
v 0.39379 -0.0091579 0.152471
v 0.397122 -0.0091579 0.155684
v 0.400664 0.0091579 0.155684
v 0.357158 -0.000494957 0.119053
v 0.375474 -0.0274737 0.139353
v 0.411238 -0.0091579 0.174
v 0.408504 -0.0274737 0.174
v 0.39379 -0.0274737 0.157219
v 0.357971 -0.0091579 0.100737
v 0.363794 0.0091579 0.100737
v 0.357158 -0.0091579 0.103102
v 0.375067 -0.0457895 0.155684
v 0.357158 -0.0457895 0.140485
v 0.357158 -0.0626104 0.155684
v 0.375474 -0.0624353 0.174
v 0.374754 -0.0641053 0.174
v 0.355258 -0.0457895 0.137368
v 0.357158 -0.0641053 0.156249
v 0.375474 -0.0457895 0.156043
v 0.357158 -0.0091579 0.0999127
v 0.356633 -0.0091579 0.119053
v 0.357158 -0.010011 0.100737
v 0.338842 -0.0618737 0.137368
v 0.338842 -0.0457895 0.121004
v 0.336712 -0.0457895 0.119053
v 0.320526 -0.0617107 0.119053
v 0.337366 -0.0457895 0.100737
v 0.320526 -0.0626472 0.100737
v 0.312468 -0.0641053 0.100737
v 0.316513 -0.0641053 0.082421
v 0.320526 -0.0606474 0.082421
v 0.314341 -0.0641053 0.119053
v 0.302211 -0.0599045 0.137368
v 0.302211 -0.0641053 0.131385
v 0.302211 -0.0745687 0.100737
v 0.302211 -0.0782308 0.082421
v 0.320526 -0.0641053 0.0746554
v 0.302211 -0.0760302 0.119053
v 0.335581 -0.0457895 0.082421
v 0.391677 -0.0457895 0.174
v 0.320526 -0.0744078 0.0641053
v 0.330781 -0.0641053 0.0641053
v 0.334682 -0.0457895 0.0641053
v 0.338842 -0.0284491 0.082421
v 0.338842 -0.0278621 0.0641053
v 0.339203 -0.0274737 0.0641053
v 0.338842 -0.0274737 0.0630515
v 0.351624 -0.0091579 0.0457895
v 0.338842 -0.0251788 0.0457895
v 0.340827 -0.0091579 0.0274736
v 0.356317 0.0091579 0.0274736
v 0.356788 0.0091579 0.0457895
v 0.338842 -0.0112913 0.0274736
v 0.333697 -0.0274737 0.0274736
v 0.320526 -0.026732 0.0091579
v 0.337533 -0.0091579 0.0091579
v 0.338842 -0.0091579 0.0254815
v 0.320526 -0.0274737 0.0125995
v 0.355703 -0.0091579 0.0641053
v 0.338115 -0.0274737 0.0457895
v 0.339704 -0.0274737 0.082421
v 0.320526 -0.0641053 0.0537753
v 0.314158 -0.0641053 0.0457895
v 0.302211 -0.0762918 0.0457895
v 0.315375 -0.0641053 0.0274736
v 0.302211 -0.0779022 0.0274736
v 0.299732 -0.082421 0.0274736
v 0.314824 -0.0641053 0.0091579
v 0.302211 -0.0770399 0.0091579
v 0.320526 -0.0539201 0.0274736
v 0.300001 -0.082421 0.0091579
v 0.320526 -0.0618244 0.0457895
v 0.328827 -0.0457895 0.0274736
v 0.283895 -0.0820587 0.100737
v 0.283895 -0.0799124 0.082421
v 0.283895 -0.078913 0.119053
v 0.338842 -0.0401437 0.100737
v 0.39379 -0.0434416 0.174
v 0.336795 -0.0457895 0.0457895
v 0.351495 -0.0274737 0.100737
v 0.375474 -0.0274737 0.139353
v 0.392154 -0.0274737 0.155684
v 0.375474 -0.0453578 0.155684
v 0.39379 -0.0434416 0.174
v 0.339171 -0.0274737 0.119053
v 0.357158 -0.0422129 0.137368
v 0.338842 -0.0278527 0.119053
v 0.355258 -0.0457895 0.137368
v 0.338842 -0.0457895 0.121004
v 0.336712 -0.0457895 0.119053
v 0.337366 -0.0457895 0.100737
v 0.338842 -0.0401437 0.100737
v 0.351495 -0.0274737 0.100737
v 0.351495 -0.0274737 0.100737
v 0.353188 -0.0091579 0.082421
v 0.357158 -0.010011 0.100737
v 0.339704 -0.0274737 0.082421
v 0.355703 -0.0091579 0.0641053
v 0.357158 -0.0091579 0.0999127
v 0.265579 -0.0641053 -0.0395501
v 0.265579 -0.0515029 -0.0274737
v 0.277813 -0.0641053 -0.0274737
v 0.265579 -0.0789912 -0.0274737
v 0.283895 -0.0788475 -0.0091579
v 0.247263 -0.0468345 -0.0274737
v 0.247263 -0.0641053 -0.0436845
v 0.234072 -0.0457895 -0.0274737
v 0.265579 -0.0457895 -0.0267084
v 0.247263 -0.082421 -0.0439389
v 0.283895 -0.0641053 -0.0201613
v 0.228947 -0.0457895 -0.0302604
v 0.228947 -0.0316497 -0.0274737
v 0.210632 -0.0274737 -0.039803
v 0.228437 -0.0274737 -0.0274737
v 0.210632 -0.0252638 -0.0457895
v 0.283472 -0.082421 -0.0091579
v 0.265579 -0.082421 -0.0269402
v 0.265579 -0.100381 -0.0091579
v 0.283895 -0.0984325 0.0091579
v 0.247263 -0.0457895 -0.0269624
v 0.192316 -0.0274737 -0.0449697
v 0.192316 -0.0457895 -0.0367179
v 0.210632 -0.0406241 -0.0274737
v 0.202936 -0.0457895 -0.0274737
v 0.192316 -0.0549905 -0.0274737
v 0.210632 -0.063843 -0.0091579
v 0.174 -0.0457895 -0.0432511
v 0.192316 -0.0273114 -0.0457895
v 0.192316 -0.0091579 -0.0633617
v 0.17479 -0.0091579 -0.0641053
v 0.174 -0.00997418 -0.0641053
v 0.188819 0.0091579 -0.0641053
v 0.192316 0.0091579 -0.0630078
v 0.182575 0.0274736 -0.0641053
v 0.174 0.0091579 -0.0787333
v 0.174 0.0274736 -0.0724791
v 0.155684 0.0091579 -0.0768234
v 0.155684 -0.0091579 -0.0778909
v 0.137368 0.0091579 -0.0724723
v 0.138489 -0.0091579 -0.0641053
v 0.174 0.0385178 -0.0641053
v 0.137368 -0.00516278 -0.0641053
v 0.119053 0.0091579 -0.0711699
v 0.137368 0.01814 -0.082421
v 0.119053 -0.000701845 -0.0641053
v 0.119053 -0.0091579 -0.061653
v 0.115842 -0.0091579 -0.0641053
v 0.119053 -0.0141022 -0.0641053
v 0.100737 -0.0091579 -0.0773274
v 0.155684 -0.0241472 -0.0641053
v 0.137368 -0.0274737 -0.0622355
v 0.192316 0.0274736 -0.0615741
v 0.130641 -0.0274737 -0.0641053
v 0.137368 -0.0437291 -0.0457895
v 0.137368 -0.0091579 -0.0639691
v 0.155684 -0.0444319 -0.0457895
v 0.137368 -0.0457895 -0.0431646
v 0.119053 -0.0457895 -0.0421357
v 0.137368 -0.0613567 -0.0274737
v 0.155684 -0.0607592 -0.0274737
v 0.119053 -0.059778 -0.0274737
v 0.113626 -0.0457895 -0.0457895
v 0.119053 -0.0320266 -0.0457895
v 0.155684 -0.0457895 -0.0424764
v 0.210632 0.0091579 -0.0615243
v 0.210632 -0.0091579 -0.0616711
v 0.210632 -0.0457895 -0.0254286
v 0.228947 -0.0273606 -0.0274737
v 0.283895 -0.082421 -0.00825036
v 0.294708 -0.0641053 -0.0091579
v 0.301239 -0.0457895 -0.0091579
v 0.301823 -0.0457895 0.0091579
v 0.298088 -0.0274737 -0.0091579
v 0.302211 -0.0447715 0.0091579
v 0.302211 -0.0457895 0.00935781
v 0.302211 -0.0475968 0.0091579
v 0.314824 -0.0641053 0.0091579
v 0.320526 -0.0539201 0.0274736
v 0.320526 -0.0457895 0.0189728
v 0.320526 -0.0274737 0.0125995
v 0.333697 -0.0274737 0.0274736
v 0.328827 -0.0457895 0.0274736
v 0.302211 -0.0770399 0.0091579
v 0.302211 -0.0641053 -0.00345135
v 0.302211 -0.0274737 -0.00714809
v 0.302211 -0.0240008 -0.0091579
v 0.283895 -0.0274737 -0.0209687
v 0.302211 -0.0091579 -0.0217119
v 0.315315 -0.0091579 -0.0091579
v 0.318195 0.0091579 -0.0091579
v 0.320526 -0.0091579 -0.0080142
v 0.320526 -0.026732 0.0091579
v 0.302211 0.0091579 -0.0251355
v 0.305405 0.0274736 -0.0091579
v 0.320526 0.0091579 -0.00468999
v 0.283895 -0.0091579 -0.0242985
v 0.302211 0.0274736 -0.012306
v 0.302211 0.0331933 -0.0091579
v 0.299326 0.0457895 -0.0091579
v 0.302211 0.0457895 -0.00888604
v 0.283895 0.0457895 -0.0221021
v 0.283895 0.0274736 -0.0264646
v 0.295261 0.0641053 -0.0091579
v 0.283895 0.0641053 -0.020425
v 0.265579 0.0641053 -0.0188953
v 0.265579 0.0545367 -0.0274737
v 0.27415 0.0457895 -0.0274737
v 0.247263 0.0618481 -0.0274737
v 0.247263 0.0641053 -0.0267299
v 0.24532 0.0641053 -0.0274737
v 0.228947 0.0809038 -0.0274737
v 0.228947 0.082421 -0.0269785
v 0.223257 0.082421 -0.0274737
v 0.228947 0.0641053 -0.0430409
v 0.230181 0.0457895 -0.0457895
v 0.247263 0.0457895 -0.04254
v 0.247263 0.0274736 -0.0382059
v 0.23568 0.0274736 -0.0457895
v 0.228947 0.0274736 -0.0522822
v 0.247263 0.0091579 -0.0449336
v 0.243566 0.0091579 -0.0457895
v 0.265579 0.0274736 -0.0278767
v 0.228947 0.0457895 -0.046969
v 0.265579 0.0091579 -0.0391502
v 0.210971 -0.0641053 -0.0091579
v 0.174 -0.061401 -0.0274737
v 0.320526 0.0274736 0.00449312
v 0.320526 0.0457895 -0.0039342
v 0.190479 -0.0274737 -0.0457895
v 0.174 -0.0274737 -0.0579183
v 0.334997 0.0091579 0.0091579
v 0.337533 -0.0091579 0.0091579
v 0.338842 -0.0091579 0.0254815
v 0.338842 0.0091579 0.00990283
v 0.356317 0.0091579 0.0274736
v 0.340827 -0.0091579 0.0274736
v 0.338842 -0.0112913 0.0274736
v 0.325433 0.0274736 0.0091579
v 0.174 0.0457895 -0.0636837
v 0.172911 0.0457895 -0.0641053
v 0.192316 0.0457895 -0.0630807
v 0.174 0.0641053 -0.0594073
v 0.19167 0.0641053 -0.0457895
v 0.192316 0.063994 -0.0457895
v 0.182698 0.082421 -0.0457895
v 0.174 0.082421 -0.0526025
v 0.155684 0.082421 -0.0627711
v 0.155684 0.0646228 -0.0641053
v 0.174 0.0895778 -0.0457895
v 0.192316 0.082421 -0.0443062
v 0.153025 0.0641053 -0.0641053
v 0.137368 0.0641053 -0.0638342
v 0.137368 0.0617852 -0.0641053
v 0.137189 0.0641053 -0.0641053
v 0.127697 0.082421 -0.0641053
v 0.137368 0.082421 -0.0619155
v 0.119053 0.0641053 -0.0814365
v 0.124369 0.0457895 -0.082421
v 0.119053 0.082421 -0.0726206
v 0.210632 0.0457895 -0.0618764
v 0.228947 0.0091579 -0.0599187
v 0.210632 0.082421 -0.0368226
v 0.210632 0.0928816 -0.0274737
v 0.22557 0.100737 -0.0091579
v 0.210632 0.100737 -0.0238076
v 0.210632 0.114883 -0.0091579
v 0.201553 0.100737 -0.0274737
v 0.210632 0.0641053 -0.0442954
v 0.300001 -0.082421 0.0091579
v 0.192316 0.100737 -0.0355667
v 0.192316 0.108925 -0.0274737
v 0.195105 0.119053 -0.0091579
v 0.283895 -0.0457895 -0.0264137
v 0.336795 -0.0457895 0.0457895
v 0.283895 0.0091579 -0.0273761
v 0.174 -0.0397163 -0.0457895
v 0.210632 0.0274736 -0.056801
v 0.119053 -0.0274737 -0.0748956
v 0.228947 -0.0274737 -0.0273148
v 0.247263 -0.0274737 -0.0264506
v 0.247263 -0.0271805 -0.0274737
v 0.265579 -0.0268067 -0.0274737
v 0.247263 -0.0091579 -0.0451413
v 0.265579 0.0457895 -0.0360102
v 0.228947 0.0470588 -0.0457895
v 0.338842 0.0274736 0.0139239
v 0.338218 0.0457895 0.0274736
v 0.2647 -0.082421 -0.0274737
v 0.265174 -0.100737 -0.0091579
v 0.255195 -0.100737 -0.0274737
v 0.247263 -0.118662 -0.0091579
v 0.247263 -0.109013 -0.0274737
v 0.244807 -0.119053 -0.0274737
v 0.228947 -0.119053 -0.0430686
v 0.228947 -0.134643 -0.0274737
v 0.210632 -0.119053 -0.0447928
v 0.210632 -0.136412 -0.0274737
v 0.192316 -0.119053 -0.0450481
v 0.210632 -0.100737 -0.0454049
v 0.192316 -0.13666 -0.0274737
v 0.228947 -0.100737 -0.0454458
v 0.265579 -0.112915 0.0091579
v 0.265579 -0.100737 -0.00676572
v 0.119053 0.0909399 -0.0641053
v 0.247263 -0.100737 -0.0353091
v 0.228947 -0.082421 -0.0453639
v 0.281623 0.0091579 -0.0274737
v 0.282778 -0.0091579 -0.0274737
v 0.155684 -0.0274737 -0.0631404
v 0.247263 -0.0457895 -0.0269624
v 0.265579 -0.0274737 -0.0246643
v 0.265579 -0.0457895 -0.0267084
v 0.247263 -0.0274737 -0.0264506
v 0.283895 -0.0274737 -0.0209687
v 0.283895 -0.0457895 -0.0264137
v 0.265579 -0.0268067 -0.0274737
v 0.282778 -0.0091579 -0.0274737
v 0.265579 -0.0091579 -0.0444704
v 0.281623 0.0091579 -0.0274737
v 0.265579 0.0091579 -0.0391502
v 0.266008 0.0274736 -0.0274737
v 0.283895 0.0091579 -0.0273761
v 0.283895 0.0274736 -0.0264646
v 0.27415 0.0457895 -0.0274737
v 0.247263 -0.0091579 -0.0451413
v 0.265579 0.0274736 -0.0278767
v 0.265579 0.0457895 -0.0360102
v 0.247263 0.0091579 -0.0449336
v 0.228947 -0.0091579 -0.0449708
v 0.247263 -0.0271805 -0.0274737
v 0.228947 -0.0273606 -0.0274737
v 0.228947 -0.0274737 -0.0273148
v 0.243566 0.0091579 -0.0457895
v 0.228947 -0.00721639 -0.0457895
v 0.228947 0.0091579 -0.0599187
v 0.210632 -0.0091579 -0.0616711
v 0.227895 -0.0091579 -0.0457895
v 0.210632 -0.0252638 -0.0457895
v 0.228947 -0.100737 -0.0454458
v 0.228947 -0.082421 -0.0453639
v 0.247263 -0.082421 -0.0439389
v 0.247263 -0.100737 -0.0353091
v 0.283895 -0.0274737 -0.0209687
v 0.265579 -0.0274737 -0.0246643
v 0.283895 -0.0091579 -0.0242985
v 0.282778 -0.0091579 -0.0274737
v 0.228947 0.0641053 -0.0430409
v 0.228947 0.0470588 -0.0457895
v 0.210632 0.062261 -0.0457895
v 0.210632 0.0641053 -0.0442954
v 0.192316 0.063994 -0.0457895
v 0.210632 0.0457895 -0.0618764
v 0.192316 0.0641053 -0.0457216
v 0.210632 0.082421 -0.0368226
v 0.192316 0.082421 -0.0443062
v 0.192316 0.100737 -0.0355667
v 0.182698 0.082421 -0.0457895
v 0.19167 0.0641053 -0.0457895
v 0.228947 0.0457895 -0.046969
v 0.210632 0.062261 -0.0457895
v 0.228947 0.0470588 -0.0457895
v 0.210632 0.0457895 -0.0618764
v 0.210632 0.0274736 -0.056801
v 0.31838 -0.0274737 0.0091579
v 0.302211 -0.0274737 -0.00714809
v 0.302211 -0.0240008 -0.0091579
v 0.302211 -0.0447715 0.0091579
v 0.320526 -0.026732 0.0091579
v 0.315315 -0.0091579 -0.0091579
v 0.302211 -0.0457895 0.00935781
v 0.320526 -0.0274737 0.0125995
v 0.320526 -0.0091579 -0.0080142
v 0.337533 -0.0091579 0.0091579
v 0.320526 -0.026732 0.0091579
v 0.302211 -0.0641053 -0.00345135
v 0.314824 -0.0641053 0.0091579
v 0.302211 -0.0770399 0.0091579
v 0.174 -0.0457895 -0.0432511
v 0.174 -0.061401 -0.0274737
v 0.155684 -0.0457895 -0.0424764
v 0.174 -0.0397163 -0.0457895
v 0.155684 -0.0274737 -0.0631404
v 0.174 -0.0397163 -0.0457895
v 0.155684 -0.0444319 -0.0457895
v 0.174 -0.0274737 -0.0579183
v 0.155684 -0.0274737 -0.0631404
v 0.155684 -0.0241472 -0.0641053
v 0.174 -0.00997418 -0.0641053
v 0.155684 -0.0091579 -0.0778909
v 0.174 -0.0091579 -0.0648747
v 0.174 0.0091579 -0.0787333
v 0.17479 -0.0091579 -0.0641053
v 0.188819 0.0091579 -0.0641053
v 0.225319 -0.0457895 -0.0274737
v 0.210632 -0.0406241 -0.0274737
v 0.210632 -0.0274737 -0.039803
v 0.210632 -0.0457895 -0.0254286
v 0.210971 -0.0641053 -0.0091579
v 0.210632 0.0091579 -0.0615243
v 0.228947 0.0274736 -0.0522822
v 0.228947 0.0091579 -0.0599187
v 0.210632 0.0274736 -0.056801
v 0.156212 0.0641053 -0.0641053
v 0.174 0.0641053 -0.0594073
v 0.174 0.0457895 -0.0636837
v 0.172911 0.0457895 -0.0641053
v 0.155684 0.0646228 -0.0641053
v -0.0274737 0.082421 0.00955653
v -0.0274737 0.0937818 0.0274736
v -0.0272734 0.082421 0.0091579
v -0.0091579 0.0965265 0.0091579
v -0.0091579 0.0970712 0.0274736
v -0.0091579 0.0967813 0.0457895
v 0.0091579 0.0988066 0.0457895
v -0.0091579 0.082421 -0.00487214
v 0.0091579 0.082421 -0.00745177
v -0.0091579 0.0782282 -0.0091579
v 0.0091579 0.0985597 0.0274736
v 0.0091579 0.100232 0.0641053
v -0.0274737 0.0935307 0.0457895
v -0.0457895 0.097068 0.0274736
v 0.0091579 0.081978 -0.0091579
v 0.0091579 0.0641053 -0.0273464
v 0.0274736 0.0786562 -0.0274737
v -0.0457895 0.0970152 0.0457895
v -0.0274737 0.0902074 0.0641053
v -0.0457895 0.0932983 0.0641053
v 0.0274736 0.082421 -0.0219534
v -0.0091579 0.0916346 0.0641053
v -0.0091579 0.0641053 -0.0233693
v -0.0274737 0.0758221 -0.0091579
v 0.0102357 0.0641053 -0.0274737
v 0.0274736 0.0641053 -0.0425337
v 0.0457895 0.0641053 -0.0456388
v 0.0274736 0.063441 -0.0457895
v 0.0457895 0.0811383 -0.0274737
v 0.0641053 0.0679763 -0.0457895
v 0.0641053 0.082421 -0.0355546
v 0.0545819 0.082421 -0.0274737
v 0.082421 0.082421 -0.0394818
v -0.0582955 0.100737 0.0457895
v -0.050946 0.100737 0.0274736
v -0.0274737 0.0641053 -0.020867
v 0.0641053 0.0896537 -0.0274737
v -0.0091579 0.062345 -0.0274737
v -0.0274737 0.0573534 -0.0274737
v -0.0575914 0.100737 0.0641053
v 0.0457895 0.082421 -0.0267482
v 0.082421 0.0767771 -0.0457895
v 0.100737 0.082421 -0.0454149
v 0.100737 0.0816483 -0.0457895
v 0.10127 0.082421 -0.0457895
v 0.101675 0.0641053 -0.0641053
v 0.0500109 0.0641053 -0.0457895
v 0.0641053 0.0641053 -0.0509648
v 0.082421 0.0641053 -0.0560943
v 0.0140979 0.082421 -0.0091579
v 0.11049 0.082421 -0.0641053
v 0.119053 0.082421 -0.0726206
v 0.119053 0.0909399 -0.0641053
v 0.119053 0.0641053 -0.0814365
v 0.119053 0.0969024 -0.0457895
v 0.0457895 0.0640904 -0.0457895
v 0.0457895 0.0604551 -0.0641053
v 0.0301785 0.0457895 -0.0641053
v 0.0457895 0.0457895 -0.0787399
v 0.0641053 0.0457895 -0.0750747
v 0.0274736 0.0446789 -0.0641053
v 0.0274736 0.0274736 -0.0808749
v 0.0103689 0.0274736 -0.0641053
v 0.0091579 0.02649 -0.0641053
v 0.0091579 0.0274736 -0.0610335
v -0.0083074 0.0091579 -0.0641053
v -0.00596774 0.0274736 -0.0457895
v 0.0091579 0.0457895 -0.0534143
v 0.00144857 0.0457895 -0.0457895
v 0.0091579 0.0533563 -0.0457895
v 0.0091579 0.0091579 -0.0811839
v 0.0274736 0.0457895 -0.0635519
v 0.0091579 0.0998809 0.0091579
v 0.082421 0.0914663 -0.0274737
v 0.0274736 0.100291 0.0457895
v 0.0274736 0.100737 0.056141
v 0.013136 0.100737 0.0641053
v 0.0457895 0.100737 0.0535862
v 0.0457895 0.0991868 0.0457895
v 0.0553434 0.100737 0.0641053
v 0.0633814 0.082421 0.0457895
v 0.0640005 0.082421 0.0641053
v 0.0641053 0.0819596 0.0457895
v 0.0641053 0.0999686 0.0274736
v 0.0641053 0.082421 0.0448263
v 0.0457895 0.0996522 0.0274736
v 0.0457895 0.100737 0.0260189
v 0.0641053 0.100737 0.0209147
v 0.0641053 0.106496 0.0091579
v 0.0457895 0.115687 0.0091579
v 0.0641053 0.100737 0.00179183
v 0.082421 0.100737 -0.00696963
v 0.082421 0.114434 0.0091579
v 0.0832511 0.100737 -0.0091579
v 0.100737 0.117192 -0.0091579
v 0.100737 0.100737 -0.0259576
v 0.0641053 0.100238 -0.0091579
v 0.119053 0.100737 -0.0269989
v 0.119053 0.117539 -0.0091579
v 0.119968 0.100737 -0.0274737
v 0.119053 0.0997123 -0.0274737
v 0.137368 0.100737 -0.0437774
v 0.0457895 0.100737 -0.00597322
v 0.137368 0.116043 -0.0274737
v 0.0274736 0.100737 0.0195251
v -0.0091579 0.0457895 -0.0440312
v 0.0457895 0.0996348 -0.0091579
v 0.0641053 0.0590422 -0.0641053
v 0.0274736 0.0091579 -0.0821565
v 0.0091579 0.00187016 -0.082421
v -0.00759757 -0.0091579 -0.082421
v 0.082421 0.100465 -0.0091579
v 0.100737 0.0641053 -0.0591298
v 0.137368 0.099286 -0.0457895
v 0.151997 0.100737 -0.0457895
v 0.155684 0.103184 -0.0457895
v 0.155684 0.117543 -0.0274737
v 0.174 0.114431 -0.0274737
v 0.174 0.100737 -0.0411634
v 0.174 0.119053 -0.0237865
v 0.192316 0.100737 -0.0355667
v 0.192316 0.108925 -0.0274737
v 0.192316 0.082421 -0.0443062
v 0.174 0.0895778 -0.0457895
v 0.155684 0.100737 -0.0482163
v 0.192316 0.119053 -0.0117938
v 0.158311 0.100737 -0.0457895
v 0.100737 0.0457895 -0.0639233
v 0.174 0.133531 -0.0091579
v 0.192316 0.121702 -0.0091579
v 0.192316 0.120148 0.0091579
v 0.193958 0.119053 0.0091579
v 0.0274736 0.109692 0.0091579
v 0.082421 0.0580702 -0.0641053
v 0.174 0.082421 -0.0526025
v 0.155684 0.082421 -0.0627711
v 0.195105 0.119053 -0.0091579
v 0.0274736 0.0952646 -0.0091579
v 0.0274736 0.100737 0.00016439
v 0.0146555 0.100737 0.0091579
v -0.0274737 0.0457895 -0.0389962
v 0.082421 0.0457895 -0.0758582
v 0.100737 0.0984051 -0.0274737
v 0.137368 0.082421 -0.0619155
v -0.0274737 0.0823628 0.0091579
v -0.0272734 0.082421 0.0091579
v -0.0091579 0.082421 -0.00487214
v -0.0091579 0.0782282 -0.0091579
v -0.0274737 0.0758221 -0.0091579
v 0.0091579 0.0985597 0.0274736
v 0.0274736 0.100291 0.0457895
v 0.0274736 0.097141 0.0274736
v 0.0091579 0.0998809 0.0091579
v 0.0457895 0.0991868 0.0457895
v 0.0457895 0.0996522 0.0274736
v 0.0146555 0.100737 0.0091579
v 0.0274736 0.100737 0.0195251
v 0.0274736 0.109692 0.0091579
v 0.0274736 0.100737 0.00016439
v 0.0457895 0.100737 -0.00597322
v 0.0457895 0.115687 0.0091579
v 0.0274736 0.0952646 -0.0091579
v 0.0457895 0.0996348 -0.0091579
v 0.082421 0.0914663 -0.0274737
v 0.082421 0.100465 -0.0091579
v 0.100737 0.0984051 -0.0274737
v 0.0641053 0.100238 -0.0091579
v 0.082421 0.100465 -0.0091579
v 0.0641053 0.0896537 -0.0274737
v 0.0457895 0.0996348 -0.0091579
v -0.0091579 0.0457895 -0.0440312
v -0.0091579 0.062345 -0.0274737
v 0.00144857 0.0457895 -0.0457895
v 0.0091579 0.0533563 -0.0457895
v 0.0091579 0.0639025 -0.0274737
v 0.0274736 0.063441 -0.0457895
v 0.0274736 0.0457895 -0.0635519
v 0.0274736 0.0641053 -0.0425337
v 0.0102357 0.0641053 -0.0274737
v 0.0091579 0.0641053 -0.0273464
v 0.137368 0.100737 -0.0437774
v 0.151997 0.100737 -0.0457895
v 0.137368 0.099286 -0.0457895
v 0.155684 0.100737 -0.0482163
v 0.137368 0.082421 -0.0619155
v 0.100737 0.0984051 -0.0274737
v 0.119053 0.0997123 -0.0274737
v 0.119053 0.0969024 -0.0457895
v 0.137368 0.099286 -0.0457895
v 0.100737 0.0641053 -0.0591298
v 0.102338 0.0457895 -0.0641053
v 0.100737 0.0457895 -0.0639233
v 0.101675 0.0641053 -0.0641053
v 0.100737 0.0641053 0.0825064
v 0.100737 0.0640842 0.082421
v 0.082421 0.0641053 0.0827435
v 0.100737 0.082421 0.0851026
v 0.082421 0.082421 0.0875589
v 0.100737 0.100737 0.0903147
v 0.0641053 0.082421 0.0879748
v 0.082421 0.09716 0.100737
v 0.102174 0.082421 0.082421
v 0.11012 0.100737 0.082421
v 0.119053 0.119053 0.0828616
v 0.100737 0.119053 0.0868734
v 0.100737 0.13282 0.100737
v 0.082421 0.119164 0.100737
v 0.119053 0.136573 0.100737
v 0.130671 0.119053 0.082421
v 0.0641053 0.0945662 0.100737
v 0.137368 0.12335 0.082421
v 0.119053 0.110702 0.082421
v 0.08838 0.100737 0.100737
v 0.082421 0.119053 0.100627
v 0.082421 0.118796 0.100737
v 0.051981 0.082421 0.100737
v 0.0641053 0.100737 0.107046
v 0.0457895 0.0736389 0.100737
v 0.0457895 0.082421 0.112168
v 0.0457895 0.100737 0.111319
v 0.0641053 0.119053 0.104747
v 0.0457895 0.111747 0.119053
v 0.0490896 0.119053 0.119053
v 0.0457895 0.119053 0.120694
v 0.0457895 0.134269 0.137368
v 0.0274736 0.125596 0.137368
v 0.0274736 0.119053 0.129676
v 0.0274736 0.100737 0.119312
v 0.0091579 0.100737 0.120276
v 0.0641053 0.131874 0.119053
v 0.036786 0.100737 0.119053
v 0.0091579 0.082421 0.119692
v 0.0274736 0.082421 0.119339
v 0.0091579 0.0641053 0.119741
v 0.0274736 0.0641053 0.119546
v 0.0091579 0.0457895 0.119992
v -0.0091579 0.0457895 0.119626
v -0.0091579 0.0274736 0.119121
v 0.0274736 0.0457895 0.132266
v 0.0457895 0.0641053 0.119285
v 0.0091579 0.0274736 0.121792
v -0.0274737 0.0274736 0.119964
v -0.0274737 0.0091579 0.120041
v -0.0205455 0.0091579 0.119053
v -0.0091579 -0.0091579 0.121594
v -0.0091579 -0.00258237 0.119053
v 0.00440478 0.0091579 0.119053
v -0.0091579 0.0250669 0.119053
v 0.0641053 0.0763968 0.082421
v 0.082421 0.100737 0.101533
v 0.0274736 0.0274736 0.124456
v 0.0378777 0.082421 0.119053
v 0.0457895 0.0457895 0.122058
v 0.0340629 0.0274736 0.119053
v 0.0457895 0.041737 0.119053
v 0.053295 0.0457895 0.119053
v 0.0274736 0.0177178 0.119053
v 0.0171833 0.0091579 0.119053
v 0.0457895 0.0685024 0.119053
v 0.0091579 0.0091579 0.120386
v 0.00963467 -0.0091579 0.119053
v 0.082421 0.100737 0.101533
v 0.0641053 0.119053 0.104747
v 0.082421 0.118796 0.100737
v 0.0822451 0.119053 0.100737
v 0.0641053 0.131874 0.119053
v 0.082421 0.119164 0.100737
v 0.0274736 0.082421 0.119339
v 0.0378777 0.082421 0.119053
v 0.0457895 0.0685024 0.119053
v 0.0457895 0.0641053 0.119285
v 0.0457895 0.0685024 0.119053
v 0.0641053 0.0685603 0.119053
v 0.0641053 0.0641053 0.119857
v 0.0457895 0.0457895 0.122058
v 0.053295 0.0457895 0.119053
v 0.0641053 0.057559 0.119053
v 0.082421 0.0641053 0.1279
v 0.082421 0.056069 0.119053
v 0.082421 0.0711187 0.119053
v 0.0091579 0.0091579 0.120386
v 0.00440478 0.0091579 0.119053
v -0.0091579 0.0250669 0.119053
v 0.0091579 -0.0091579 0.123479
v -0.0091579 -0.0091579 0.121594
v 0.0091579 0.0091579 0.120386
v 0.00963467 -0.0091579 0.119053
v 0.100737 0.082421 0.0851026
v 0.102174 0.082421 0.082421
v 0.100767 0.0641053 0.082421
v 0.100737 0.0641053 0.0825064
vn 0.630479 -0.691695 0.352212
vn 0.835151 -0.398625 0.378973
vn 0.711034 -0.678308 0.185282
vn 0.415335 -0.889235 -0.191725
vn 0.186793 -0.971855 -0.143551
vn 0.506216 -0.830436 -0.23264
vn -0.440657 -0.728027 0.525165
vn -0.434315 -0.738063 0.516366
vn -0.345466 -0.722352 0.59905
vn -0.80185 -0.392319 0.450691
vn -0.619742 -0.562042 0.547749
vn -0.670756 -0.623363 0.401876
vn 0.584524 0.536955 -0.608285
vn 0.52285 0.559799 -0.642847
vn 0.599077 0.437387 -0.670671
vn -0.463165 0.398979 0.791387
vn -0.227001 0.232901 0.945636
vn -0.454425 0.399641 0.796106
vn -0.841955 0.26926 0.467559
vn -0.896748 0.249521 0.365488
vn -0.901187 0.173931 0.397002
vn -0.831872 0.362665 0.420074
vn -0.434876 0.535707 0.72381
vn -0.307769 0.826932 0.470598
vn 0.298085 0.399255 -0.86703
vn 0.129281 0.338819 -0.931927
vn 0.0838582 0.611215 -0.787009
vn 0.158688 -0.784192 -0.599884
vn 0.149554 -0.428633 -0.891015
vn 0.401949 -0.499793 -0.767232
vn 0.0199727 -0.905195 -0.424527
vn 0.019974 -0.522807 -0.852217
vn 0.10167 -0.774569 -0.624265
vn 0.057135 -0.763431 -0.643357
vn 0.0196723 -0.606481 -0.794855
vn 0.131645 -0.877874 -0.460441
vn 0.331832 0.884787 -0.327168
vn -0.139328 0.889066 -0.436061
vn -0.0282948 0.970367 -0.239973
vn -0.417003 0.825721 -0.37986
vn -0.62773 0.568276 0.531994
vn -0.539743 0.389481 0.746312
vn -0.747907 0.523746 0.40783
vn -0.579184 0.322634 0.748634
vn -0.31987 0.274284 0.906891
vn -0.431991 0.673025 0.600351
vn -0.89078 0.453893 0.0221853
vn -0.455983 0.531336 0.713976
vn -0.288884 0.957156 0.0199606
vn -0.961815 0.273615 0.00686032
vn -0.301505 0.263905 0.916214
vn -0.280299 0.959889 -0.00675541
vn -0.633305 -0.761221 0.139528
vn -0.482088 0.563744 -0.670659
vn -0.506088 -0.19359 -0.840475
vn -0.354335 0.237948 -0.904338
vn -0.584009 0.209269 -0.784309
vn -0.381353 0.674636 -0.632009
vn -0.754214 -0.656548 0.0103281
vn -0.801051 -0.476866 0.361824
vn -0.866866 -0.493139 0.0732003
vn -0.399042 0.356909 -0.844619
vn -0.719488 -0.646265 -0.254322
vn 0.430045 -0.766918 0.476339
vn 0.872152 -0.335596 0.355986
vn 0.651232 -0.709548 0.269145
vn 0.267301 0.667415 0.695059
vn 0.0944969 0.66731 0.738761
vn 0.0416526 0.531318 0.846148
vn -0.775195 0.20331 0.598112
vn -0.424747 0.217528 0.87879
vn -0.427402 0.598211 0.677843
vn -0.342281 -0.344184 0.874289
vn 0.266887 0.950515 0.159037
vn 0.101423 0.979238 0.175518
vn 0.586264 0.810053 0.0104055
vn 0.696556 0.699924 -0.157848
vn -0.45659 -0.368736 0.809666
vn -0.519472 -0.230779 0.822733
vn -0.647852 -0.146265 0.747593
vn -0.961443 0.0890601 0.260186
vn -0.628594 0.0755538 0.774055
vn -0.790302 0.22329 0.570582
vn 0.283946 0.637031 0.716635
vn -0.477639 0.498918 0.723147
vn -0.498396 0.422401 0.757086
vn -0.626921 0.364517 0.688547
vn -0.354895 0.0572835 -0.93315
vn -0.150855 0.0428065 -0.987629
vn -0.53316 0.418622 -0.735185
vn -0.202868 0.199227 -0.958725
vn -0.556891 0.434776 -0.707702
vn -0.415921 0.143694 -0.897977
vn -0.650544 0.265663 -0.711488
vn -0.716912 0.512684 -0.472432
vn -0.657907 0.62202 -0.424558
vn -0.674474 0.609662 -0.416411
vn -0.80262 0.417262 -0.426256
vn -0.917152 0.0499226 -0.395398
vn -0.660213 0.110916 -0.742844
vn -0.696856 -0.181537 -0.693856
vn -0.731035 -0.125129 -0.670768
vn -0.87241 -0.480425 0.0899656
vn -0.31888 0.397618 -0.860357
vn -0.425028 -0.250898 -0.869713
vn -0.396618 0.308443 -0.864614
vn -0.882066 0.389745 -0.264687
vn -0.451603 0.873237 -0.183064
vn -0.174979 0.98456 0.00491428
vn -0.333483 0.659323 -0.673856
vn -0.598657 0.794204 0.104159
vn -0.618231 0.754832 0.219134
vn -0.930536 0.342691 0.129098
vn -0.636917 0.729029 0.250706
vn -0.905052 0.265896 0.331933
vn -0.369901 0.92907 0.00133819
vn -0.466514 0.123778 -0.87581
vn -0.999831 0.01839 1.44262e-06
vn -0.895044 -0.390937 0.214628
vn 0.139412 0.986557 0.0852656
vn 0.169851 0.887187 0.429011
vn 0.316718 0.946044 -0.0684833
vn 0.0802413 0.884171 0.460221
vn -0.00337604 0.844733 0.535178
vn 0.133494 0.871351 0.472151
vn 0.339168 0.93532 0.100702
vn 0.506775 0.813316 0.285824
vn -0.164676 0.791775 0.588196
vn 0.296624 0.900893 -0.31687
vn 0.170024 0.977762 -0.122776
vn 0.341653 0.917843 -0.202082
vn 0.327146 0.918055 -0.223943
vn 0.309432 0.832338 -0.459855
vn 0.182719 0.912254 -0.366614
vn 0.300957 0.896923 -0.323966
vn 0.268664 0.852345 -0.448696
vn 0.623051 0.726775 -0.289146
vn 0.619155 0.773716 0.134201
vn 0.684456 0.671563 -0.283767
vn 0.311261 0.917709 0.246834
vn 0.351163 0.834466 0.424679
vn 0.193214 0.927592 -0.319752
vn 0.16409 0.962622 0.215485
vn 0.435817 0.234919 -0.868836
vn 0.483424 0.205562 -0.850909
vn 0.599077 0.437387 -0.670671
vn 0.52285 0.559799 -0.642847
vn 0.461998 0.58166 -0.669499
vn 0.554779 0.332128 -0.762831
vn 0.474545 0.15629 -0.866245
vn 0.583059 0.619691 -0.525381
vn 0.57524 0.625028 -0.527673
vn 0.45961 0.717753 -0.523058
vn 0.704939 0.404512 -0.582607
vn 0.584524 0.536955 -0.608285
vn 0.359437 0.438964 -0.823478
vn 0.345543 0.650112 -0.676724
vn 0.574483 0.644957 -0.503984
vn 0.222157 0.762698 -0.607403
vn 0.489503 0.456165 -0.743169
vn 0.256645 0.408964 -0.875718
vn 0.423101 0.311032 -0.851026
vn 0.0815814 0.759366 -0.645529
vn 0.0811332 0.40299 -0.911601
vn 0.239124 0.775168 -0.584751
vn 0.283222 0.824475 -0.489926
vn 0.295578 0.946524 -0.129328
vn 0.0644481 0.787049 -0.613515
vn -0.0201444 0.932093 -0.361659
vn -0.0153281 0.873327 -0.486893
vn 0.0653534 0.975035 0.212217
vn 0.0315505 0.412942 -0.91021
vn 0.0523981 0.916821 -0.395846
vn 0.104933 0.403877 -0.908775
vn 0.259938 0.677897 -0.687669
vn 0.0313141 0.960635 -0.276044
vn 0.251986 0.833056 -0.492465
vn 0.377222 0.513002 -0.77106
vn 0.45829 0.476254 -0.750435
vn 0.39927 0.752451 -0.523833
vn 0.195044 0.963134 -0.185286
vn -0.0105635 0.995705 -0.0919808
vn 0.231526 0.873733 -0.42777
vn 0.488262 0.390134 -0.780638
vn 0.452153 0.369259 -0.811915
vn 0.581668 0.360169 -0.729343
vn 0.430816 0.780605 -0.452829
vn 0.387551 0.921252 0.0331646
vn 0.160711 0.842394 -0.514338
vn 0.158408 0.857443 -0.489589
vn 0.249884 0.930713 -0.267078
vn -0.277702 0.934119 -0.224284
vn -0.273052 0.69161 -0.668669
vn -0.366519 0.6936 -0.620148
vn 0.222358 0.351507 -0.909395
vn -0.451412 0.363338 -0.814992
vn 0.395768 0.86019 -0.321624
vn 0.365756 0.920203 0.139461
vn -0.175158 0.882399 -0.436682
vn -0.351809 0.891563 -0.285213
vn 0.00572845 0.999445 0.0328184
vn -0.0246461 0.983367 0.179951
vn -0.0386653 0.998866 0.0277846
vn -0.20665 0.977605 -0.0398123
vn 0.14437 0.956867 0.252118
vn -0.155814 0.941592 0.298542
vn 0.00252173 0.882578 0.470159
vn -0.137124 0.913626 0.382733
vn -0.362955 0.839583 0.404183
vn -0.111287 0.887212 0.447739
vn 0.238722 -0.487017 0.840135
vn -0.421204 -0.138271 0.896364
vn -0.455532 -0.419395 0.785238
vn 0.044942 -0.0306845 0.998518
vn 0.0818781 -0.133635 0.987643
vn 0.338864 -0.183336 0.9228
vn -0.306396 -0.215468 0.927197
vn 0.299344 -0.366097 0.881116
vn 0.422478 -0.218139 0.879731
vn 0.188382 -0.242408 0.951709
vn 0.345606 -0.398134 0.849733
vn 0.000885528 -0.26069 0.965422
vn 0.0907125 -0.441451 0.892688
vn -0.205315 -0.687247 0.696805
vn -0.403678 -0.392189 0.826578
vn -0.393819 -0.401232 0.826994
vn 0.113727 -0.447147 0.887201
vn -0.0608208 -0.394923 0.916699
vn -0.171216 -0.729826 0.661845
vn 0.399117 -0.565675 0.721608
vn -0.170983 -0.738139 0.652622
vn 0.456839 0.0186602 0.889353
vn 0.533575 -0.401674 0.744282
vn 0.235995 -0.350504 0.906341
vn 0.174769 -0.00396303 0.984601
vn -0.00796407 -0.378271 0.92566
vn 0.023761 -0.0165346 0.999581
vn -0.243697 -0.471138 0.847727
vn 0.0535442 -0.213655 0.975441
vn -0.361278 -0.704029 0.611409
vn 0.153303 -0.000157287 0.988179
vn 0.285064 0.209452 0.935344
vn 0.244529 -0.495848 0.833271
vn 0.416354 -0.161291 0.894782
vn 0.500822 0.404062 0.765448
vn 0.14543 -0.728955 0.668935
vn -0.161035 -0.436864 0.884996
vn 0.387739 -0.363712 0.846978
vn 0.16181 0.443661 0.881466
vn 0.306709 -0.427946 -0.850172
vn 0.306121 -0.371096 -0.876685
vn 0.159609 -0.23994 -0.957577
vn 0.319483 -0.333727 -0.886881
vn 0.525759 -0.0363621 -0.849856
vn 0.590461 0.0102502 -0.807001
vn 0.200297 -0.596629 -0.77712
vn 0.173713 -0.653525 -0.736701
vn 0.134612 -0.747973 -0.649936
vn 0.0268964 -0.800869 -0.598236
vn 0.177967 -0.327072 -0.92809
vn 0.186812 -0.573721 -0.797462
vn 0.23203 -0.30992 -0.922015
vn 0.414419 -0.664106 -0.62227
vn 0.473605 -0.420664 -0.773783
vn 0.137939 -0.0680945 -0.988097
vn 0.162133 -0.863378 -0.477799
vn 0.44208 -0.308624 -0.84221
vn 0.398197 0.00312074 -0.917295
vn 0.126679 -0.0242384 -0.991648
vn 0.166612 -0.0798004 -0.982788
vn 0.414058 -0.0401868 -0.909363
vn 0.444077 -0.0653962 -0.893599
vn 0.138455 -0.383283 -0.913195
vn 0.444508 -0.366378 -0.817423
vn 0.0255071 -0.398363 -0.916873
vn 0.68285 -0.0461888 -0.729097
vn 0.399243 0.281462 -0.872573
vn 0.166004 0.212642 -0.962926
vn 0.463816 0.295075 -0.835348
vn 0.326228 0.327304 -0.886819
vn 0.245156 0.456886 -0.855076
vn 0.117245 0.423357 -0.898344
vn 0.309463 0.380473 -0.871478
vn 0.484389 0.250347 -0.838268
vn 0.500905 0.317611 -0.80512
vn 0.255777 0.676059 -0.69103
vn 0.649107 -0.131073 -0.74932
vn 0.639916 -0.336961 -0.690627
vn 0.662894 -0.127053 -0.737854
vn 0.620409 -0.345992 -0.703834
vn 0.628944 -0.350382 -0.694018
vn 0.46683 -0.266858 -0.843123
vn 0.496771 -0.367034 -0.786451
vn 0.371427 -0.416038 -0.830033
vn 0.253667 -0.174146 -0.951487
vn 0.386052 -0.472392 -0.792345
vn 0.601621 -0.153468 -0.7839
vn 0.505066 -0.279844 -0.816453
vn 0.560288 -0.0882013 -0.823588
vn 0.464169 -0.131566 -0.875921
vn 0.850387 -0.103715 -0.515835
vn 0.81164 -0.337399 -0.476867
vn 0.82831 -0.0325299 -0.559325
vn 0.395789 -0.0243745 -0.918018
vn 0.719407 -0.233565 -0.654141
vn 0.453526 -0.220402 -0.863561
vn 0.522838 -0.663217 -0.535522
vn 0.391272 -0.852791 -0.34591
vn 0.3832 -0.659153 -0.647051
vn 0.729319 -0.492885 -0.474509
vn 0.790441 -0.399429 -0.464391
vn 0.676519 -0.287878 -0.677826
vn 0.663119 -0.337755 -0.667978
vn 0.371665 -0.526864 -0.764382
vn 0.880737 -0.0673132 -0.468798
vn 0.830645 -0.0548466 -0.554095
vn 0.849402 -0.233722 -0.47317
vn 0.658079 -0.360647 -0.660958
vn 0.646703 -0.329651 -0.687826
vn 0.166533 -0.488941 -0.856273
vn 0.622032 0.0888336 -0.777937
vn 0.409621 -0.0730402 -0.909327
vn 0.837155 -0.307738 -0.452183
vn 0.727083 -0.572854 -0.378402
vn 0.74578 -0.574866 -0.336661
vn 0.811046 -0.340257 -0.475846
vn 0.856472 -0.306143 -0.415611
vn 0.703145 -0.199424 -0.682508
vn 0.867558 -0.0826294 -0.490423
vn -0.0360225 -0.904095 -0.425811
vn 0.919519 -0.3039 -0.249257
vn 0.427913 -0.849221 -0.309377
vn 0.565055 -0.645494 -0.513858
vn 0.380349 -0.663103 -0.644693
vn 0.356565 -0.845676 -0.397106
vn 0.465254 -0.874147 -0.139301
vn 0.559364 -0.683924 -0.468358
vn 0.324011 -0.924127 -0.202499
vn 0.123928 -0.779134 -0.614485
vn 0.120957 -0.77389 -0.621662
vn 0.136643 -0.924538 -0.35575
vn 0.595717 -0.800105 -0.0703881
vn 0.59892 -0.789634 -0.133319
vn 0.820802 -0.448449 -0.353803
vn 0.808282 -0.57563 -0.123817
vn 0.887926 -0.399287 -0.228379
vn 0.563452 -0.645726 -0.515325
vn 0.723322 -0.579568 -0.375375
vn 0.524247 -0.513689 -0.679182
vn -0.0171954 0.00537463 -0.999838
vn 0.378122 0.413199 -0.828427
vn -0.240637 0.440802 -0.864747
vn 0.316024 0.335036 -0.887626
vn -0.163813 -0.0559679 -0.984903
vn 0.132409 0.0465947 -0.990099
vn 0.504114 0.156436 -0.849351
vn -0.668335 -0.124258 -0.733408
vn 0.347878 0.180082 -0.920082
vn 0.40108 0.211638 -0.89126
vn 0.459105 0.373897 -0.805868
vn -0.032877 0.512168 -0.858256
vn 0.525126 0.322788 -0.787433
vn 0.0559595 0.479023 -0.876017
vn 0.613316 0.342213 -0.711853
vn 0.29257 0.136482 -0.946454
vn 0.259716 0.372386 -0.890997
vn 0.00745493 0.114272 -0.993422
vn 0.25613 0.724799 -0.639582
vn 0.0839494 0.447657 -0.890256
vn 0.0232484 0.604587 -0.7962
vn 0.610928 0.100887 -0.785232
vn 0.181816 0.0863798 -0.979531
vn 0.311505 -0.0230463 -0.949965
vn -0.123553 0.311427 -0.942204
vn 0.0415793 0.0582035 -0.997438
vn 0.469919 0.22606 -0.853272
vn 0.321561 0.262498 -0.909777
vn 0.275173 0.599298 -0.751746
vn 0.0010516 0.610951 -0.791668
vn 0.38531 0.164391 -0.908026
vn 0.565258 0.304611 -0.766613
vn 0.33698 0.187491 -0.922655
vn 0.329267 0.472949 -0.817253
vn 0.254124 0.518937 -0.816165
vn 0.668933 0.200295 -0.715829
vn 0.512101 0.309039 -0.801404
vn 0.343019 0.543742 -0.765952
vn 0.32134 0.489212 -0.810809
vn 0.231279 0.768854 -0.596132
vn 0.0804468 0.89721 -0.434214
vn 0.263693 0.586108 -0.766122
vn 0.100858 0.675403 -0.73052
vn -0.421643 0.646917 -0.635386
vn -0.390146 0.439664 -0.809
vn -0.0177635 0.137021 -0.990409
vn -0.118487 0.480154 -0.869145
vn -0.305803 0.362109 -0.880546
vn -0.0245287 0.0887021 -0.995756
vn -0.205334 0.646188 -0.735037
vn -0.0893964 0.412911 -0.906373
vn -0.176854 0.42546 -0.887528
vn -0.383457 0.365752 -0.848048
vn -0.46186 0.412112 -0.785397
vn -0.531776 0.369068 -0.762235
vn -0.5361 0.631286 -0.560424
vn -0.624488 0.439665 -0.64553
vn -0.48144 0.786387 -0.387055
vn -0.627571 0.362802 -0.688861
vn -0.431668 0.412678 -0.802097
vn -0.414561 0.4492 -0.791428
vn -0.599826 0.59238 -0.537862
vn -0.532456 0.70689 -0.465615
vn -0.400531 0.408295 -0.820286
vn -0.538558 -0.100541 -0.836568
vn -0.815938 0.0088458 -0.578072
vn -0.500367 0.672926 -0.544796
vn -0.571948 0.640284 -0.51275
vn -0.370388 0.79714 -0.476844
vn -0.260307 -0.386573 -0.884761
vn -0.227987 0.467889 -0.853875
vn -0.399548 0.214982 -0.891148
vn -0.787358 -0.00754552 -0.61645
vn -0.488392 0.28816 -0.823673
vn -0.329287 -0.0566582 -0.942528
vn -0.683567 -0.0171957 -0.729685
vn -0.102042 0.171971 -0.979803
vn 0.0528856 0.365776 -0.929199
vn -0.0393156 0.212564 -0.976356
vn -0.673433 0.572829 -0.467285
vn -0.520661 -0.333442 -0.785957
vn -0.788157 0.302504 -0.536004
vn -0.123421 0.115459 -0.985615
vn -0.166758 -0.292796 -0.941521
vn -0.503742 -0.127497 -0.854394
vn -0.436423 -0.0227785 -0.899453
vn -0.885022 -0.16763 -0.434323
vn -0.597974 -0.370448 -0.710771
vn -0.0405371 -0.0518684 -0.997831
vn -0.954582 -0.276903 -0.109989
vn 0.112997 -0.686714 -0.718092
vn -0.466651 -0.485987 -0.738954
vn -0.52921 -0.430558 -0.731134
vn -0.513742 -0.446192 -0.73279
vn -0.321718 -0.780273 -0.536349
vn -0.0338387 -0.233974 -0.971654
vn 0.0397734 -0.490327 -0.870631
vn 0.019974 -0.522807 -0.852217
vn 0.329253 -0.464251 -0.822231
vn 0.10167 -0.774569 -0.624265
vn -0.525837 -0.629564 -0.571966
vn -0.438123 -0.662572 -0.607492
vn -0.470196 -0.759119 -0.450171
vn -0.418176 -0.679336 -0.603019
vn -0.393522 -0.8487 -0.35334
vn -0.545753 -0.717298 -0.433172
vn -0.16516 -0.844752 -0.509035
vn 0.524247 -0.513689 -0.679182
vn -0.0770878 -0.92339 -0.376042
vn -0.0629439 -0.844669 -0.531575
vn -0.0875514 -0.819268 -0.566687
vn 0.25226 -0.751447 -0.609666
vn -0.705559 -0.5518 -0.444638
vn -0.895351 -0.254483 -0.365493
vn -0.843023 -0.464207 -0.271706
vn -0.813706 -0.456414 -0.359957
vn -0.938107 -0.322446 -0.126426
vn -0.472888 -0.828716 -0.299344
vn -0.160935 -0.97724 -0.138209
vn -0.592793 -0.805248 0.0131593
vn -0.752678 -0.640739 -0.151421
vn -0.902127 -0.431352 0.0100933
vn -0.484423 -0.800304 -0.353337
vn -0.60744 -0.770404 -0.193638
vn -0.599559 -0.798567 -0.0530961
vn -0.793566 -0.608452 -0.00634126
vn -0.848683 -0.402112 0.343573
vn -0.817779 -0.537742 -0.205113
vn -0.593127 0.0495836 -0.80358
vn -0.915319 0.100886 -0.389889
vn -0.865673 0.193227 -0.461816
vn -0.859709 0.395049 -0.323784
vn -0.901572 0.0100832 -0.432512
vn -0.457604 -0.0432084 -0.888106
vn -0.822389 -0.323669 -0.467884
vn -0.337267 -0.35628 -0.871387
vn -0.605045 -0.0259148 -0.79577
vn -0.418932 -0.192193 -0.887445
vn -0.246849 -0.132085 -0.96001
vn -0.342708 -0.0638793 -0.937268
vn -0.87457 0.00252904 -0.484892
vn -0.421524 -0.074682 -0.903737
vn -0.931051 -0.0268195 -0.363903
vn -0.639492 -0.303636 -0.706297
vn -0.0668786 -0.428623 -0.901005
vn -0.73106 -0.0135404 -0.682179
vn -0.969511 0.0325139 -0.242881
vn -0.889205 0.391354 -0.236974
vn -0.515095 0.365798 -0.775158
vn -0.632343 -0.0110006 -0.77461
vn -0.331848 -0.282806 -0.899943
vn 0.0893233 -0.460311 -0.883253
vn 0.15289 -0.093447 -0.983815
vn 0.0571445 0.387287 -0.920187
vn -0.46601 0.24892 -0.849043
vn -0.482009 0.307392 -0.820474
vn 0.110733 -0.542781 -0.832543
vn 0.284531 -0.502254 -0.816568
vn -0.248969 -0.559324 -0.790677
vn -0.210088 -0.65675 -0.724253
vn 0.07317 -0.480605 -0.873879
vn 0.269872 -0.307689 -0.912413
vn 0.0405239 0.791201 -0.610212
vn -0.933519 0.33112 -0.137487
vn -0.485424 0.855156 -0.181856
vn -0.988528 0.14315 0.0481802
vn -0.907913 0.164999 -0.385318
vn -0.812947 -0.282847 -0.509033
vn -0.855687 -0.283469 -0.432949
vn -0.825752 0.377439 -0.419134
vn -0.835391 -0.481484 -0.265134
vn -0.892085 -0.397777 -0.214377
vn -0.100124 -0.942693 -0.318284
vn -0.922176 0.341512 -0.181549
vn -0.92851 -0.275744 0.248667
vn -0.883859 0.392483 0.254459
vn -0.984123 0.177177 0.0104655
vn -0.702285 0.643462 0.304555
vn -0.687092 -0.671773 0.276813
vn -0.93176 0.15816 0.326817
vn -0.691221 -0.685236 0.229489
vn -0.0385525 -0.924085 0.380237
vn 0.773359 -0.389773 0.499994
vn 0.360551 0.308545 0.880229
vn 0.519246 -0.275566 0.808979
vn 0.585647 0.244619 0.772773
vn 0.29888 -0.0219939 0.954037
vn 0.648742 -0.549713 0.52626
vn 0.104486 0.655666 0.747787
vn 0.302594 0.685692 0.662015
vn 0.126383 0.467147 0.8751
vn 0.630902 0.0660386 0.773047
vn 0.359207 0.417141 0.834843
vn 0.498599 0.2281 0.836283
vn -0.152144 0.592704 0.79092
vn -0.188825 0.260149 0.946925
vn -0.0699901 -0.152125 0.98588
vn 0.558282 -0.282991 0.779896
vn 0.786741 -0.364932 0.497859
vn -0.0329913 -0.582175 0.812394
vn 0.328255 0.670709 0.66513
vn -0.166308 0.765646 0.621392
vn -0.0191696 0.834993 0.549927
vn 0.0841561 -0.37037 0.925064
vn -0.354875 0.906286 0.229584
vn 0.862087 -0.337409 0.378103
vn 0.730117 0.160112 0.664299
vn 0.840229 -0.235386 0.488477
vn 0.833041 -0.005454 0.553184
vn 0.438592 0.389995 0.809655
vn 0.744902 0.362861 0.559868
vn 0.729094 0.370357 0.575549
vn 0.815995 -0.174684 0.551033
vn 0.966329 -0.251856 0.0527022
vn 0.908944 0.412689 0.0592387
vn 0.853753 -0.0908624 0.512688
vn 0.758633 0.324505 0.564953
vn 0.38627 0.342638 0.856385
vn 0.449113 -0.0372036 0.8927
vn 0.833389 -0.394329 0.387256
vn 0.482756 -0.302273 0.821935
vn 0.893775 -0.44816 0.0178422
vn 0.912349 -0.408199 0.0315048
vn 0.821911 -0.55402 0.132377
vn 0.759892 -0.575811 0.301672
vn 0.651806 -0.662307 0.369458
vn 0.637039 -0.672909 0.375997
vn 0.085851 -0.495389 0.864419
vn 0.175778 -0.907132 0.38238
vn 0.716917 -0.697061 0.0116816
vn 0.635478 -0.767458 0.0847037
vn 0.70299 -0.710892 0.0209386
vn 0.600474 -0.796721 0.068308
vn 0.685042 -0.721216 -0.102784
vn 0.696182 -0.642293 -0.320608
vn 0.699315 -0.640689 -0.316979
vn 0.848958 -0.401398 -0.343729
vn 0.592096 -0.797263 0.117449
vn 0.417195 -0.90816 0.0345533
vn 0.682983 -0.728912 -0.04714
vn 0.913096 -0.0873701 -0.398275
vn 0.908656 -0.171865 -0.380535
vn 0.454475 -0.890007 -0.0366077
vn 0.228975 -0.932037 -0.280852
vn 0.780769 -0.511917 -0.358248
vn 0.857972 -0.485041 -0.169172
vn 0.755461 -0.547269 -0.360243
vn 0.570974 -0.75954 -0.311589
vn 0.764554 -0.604187 0.224534
vn -0.0010532 -0.984655 0.174511
vn -0.00224588 -0.885281 -0.46505
vn 0.0500943 -0.481289 0.87513
vn -0.1557 -0.531521 0.832612
vn -0.098291 -0.855234 -0.508836
vn -0.0982143 -0.849333 -0.51864
vn 0.858047 -0.0546346 0.510657
vn 0.942181 -0.334508 0.0199867
vn 0.858451 -0.231553 0.457651
vn 0.917726 -0.370987 0.141938
vn 0.854402 -0.31688 0.411806
vn 0.472633 -0.144203 0.869381
vn 0.72678 -0.586698 -0.357179
vn 0.729918 -0.678371 -0.0838605
vn 0.709661 -0.634534 -0.306183
vn 0.736991 -0.574186 0.356586
vn 0.825498 -0.483364 -0.291399
vn 0.825126 -0.42808 0.368666
vn 0.835151 -0.398625 0.378973
vn 0.711034 -0.678308 0.185282
vn 0.816236 -0.536679 -0.213857
vn 0.776803 -0.613349 -0.142761
vn 0.469482 -0.237613 0.850369
vn 0.715314 -0.619999 0.322378
vn 0.506436 -0.850177 0.14395
vn 0.616321 -0.762719 -0.195979
vn -0.0385525 -0.924085 0.380237
vn 0.130214 -0.311016 0.941442
vn 0.630479 -0.691695 0.352212
vn -6.48393e-05 -0.523392 0.852092
vn 0.391847 0.0434341 0.919004
vn -0.100124 -0.942693 -0.318284
vn 0.332903 0.312626 0.889629
vn 0.456697 0.0752034 0.886438
vn -0.0666246 0.10482 0.992257
vn 0.00412412 -0.0275825 0.999611
vn -0.465364 -0.180997 0.866416
vn -0.275199 0.457292 0.845665
vn -0.483824 0.293078 0.824633
vn -0.0371338 0.626274 0.778718
vn 0.0869002 0.183185 0.97923
vn -0.0033012 0.0490752 0.99879
vn -0.162668 0.0852168 0.982994
vn -0.00323271 -0.997457 0.0711931
vn 0.0225934 -0.997871 0.0611748
vn 0.0222775 -0.999532 -0.0209835
vn -0.0481514 -0.998828 0.00495659
vn 0.178428 -0.973472 -0.143232
vn -0.219502 -0.928197 0.300447
vn 0.145231 -0.987807 -0.0560766
vn -0.012242 -0.999049 0.0418438
vn -0.240568 -0.969329 0.0502884
vn -0.252028 -0.91648 -0.31072
vn -0.0152063 -0.938741 -0.344287
vn 0.103465 -0.994388 0.0220964
vn 0.136643 -0.924538 -0.35575
vn -0.391199 -0.90483 0.168064
vn 0.195024 -0.878329 0.436468
vn -0.0133818 -0.877006 0.480293
vn -0.191123 -0.823102 0.534766
vn 0.241983 -0.969095 -0.0479442
vn 0.356565 -0.845676 -0.397106
vn 0.465254 -0.874147 -0.139301
vn 0.409023 -0.865762 -0.28837
vn -0.473845 -0.790624 0.387794
vn -0.408639 -0.893752 0.184988
vn -0.235857 -0.89287 -0.383607
vn 0.250922 -0.966395 -0.05585
vn 0.605418 -0.731543 -0.313549
vn 0.419325 -0.906904 -0.0411289
vn 0.491919 -0.710809 0.502758
vn -0.11977 -0.684798 -0.718823
vn -0.160579 -0.795414 -0.584406
vn -0.00303048 -0.911488 -0.411316
vn 0.369966 -0.908735 -0.193198
vn 0.543728 -0.81422 -0.203486
vn -0.422904 -0.651718 -0.629616
vn 0.134612 -0.747973 -0.649936
vn 0.162133 -0.863378 -0.477799
vn 0.386446 -0.794614 -0.468239
vn 0.414419 -0.664106 -0.62227
vn 0.02082 -0.798515 -0.601614
vn 0.183155 -0.688733 -0.701499
vn 0.120957 -0.77389 -0.621662
vn 0.0268964 -0.800869 -0.598236
vn 0.123928 -0.779134 -0.614485
vn -0.103288 -0.729728 -0.675891
vn 0.078718 -0.995403 0.0545609
vn 0.317707 -0.948113 0.0119591
vn 0.402343 -0.847136 -0.347103
vn 0.529429 -0.834372 -0.153393
vn 0.0783565 -0.996264 0.0362977
vn -0.16516 -0.844752 -0.509035
vn 0.0577627 -0.980463 0.188031
vn 0.0574739 -0.991912 0.113167
vn -0.27168 -0.874294 0.402244
vn -0.0867429 -0.698744 0.710093
vn -0.160935 -0.97724 -0.138209
vn -0.41217 -0.899853 0.142762
vn -0.599559 -0.798567 -0.0530961
vn -0.264557 -0.963466 -0.0417505
vn -0.464868 -0.878438 0.110652
vn -0.627301 -0.727834 -0.277042
vn 0.247474 -0.818987 0.517704
vn -0.793566 -0.608452 -0.00634126
vn -0.817779 -0.537742 -0.205113
vn 0.611016 -0.770132 -0.183183
vn 0.601418 -0.766791 0.22434
vn 0.59892 -0.789634 -0.133319
vn 0.427913 -0.849221 -0.309377
vn 0.367876 -0.888076 0.275659
vn 0.541741 -0.836904 -0.0781576
vn 0.761795 -0.633562 -0.135157
vn 0.0502622 -0.926734 0.372341
vn 0.431513 -0.857865 0.279041
vn 0.796594 -0.554311 -0.241199
vn 0.808282 -0.57563 -0.123817
vn 0.74578 -0.574866 -0.336661
vn 0.586068 -0.778033 -0.226252
vn 0.578517 -0.78737 -0.212994
vn 0.551293 -0.743171 -0.379174
vn 0.659878 -0.458424 -0.595323
vn 0.595717 -0.800105 -0.0703881
vn 0.242668 -0.969878 -0.0211683
vn 0.391272 -0.852791 -0.34591
vn 0.413282 -0.829838 -0.374922
vn 0.324011 -0.924127 -0.202499
vn 0.300708 -0.897047 -0.323855
vn 0.409023 -0.865762 -0.28837
vn 0.465254 -0.874147 -0.139301
vn 0.491919 -0.710809 0.502758
vn 0.419325 -0.906904 -0.0411289
vn 0.727083 -0.572854 -0.378402
vn 0.856472 -0.306143 -0.415611
vn 0.887926 -0.399287 -0.228379
vn 0.524247 -0.513689 -0.679182
vn 0.329253 -0.464251 -0.822231
vn -0.0991205 -0.995006 -0.0117235
vn -0.0548963 -0.991782 -0.115559
vn 0.00688241 -0.95564 -0.294457
vn -0.343796 -0.902809 0.258342
vn -0.395578 -0.915088 0.0783143
vn -0.0716616 -0.98708 -0.143307
vn -0.308021 -0.904741 0.294224
vn 0.138745 -0.980073 -0.142149
vn 0.0551025 -0.899586 -0.433253
vn 0.108692 -0.952619 -0.284082
vn -0.230867 -0.918955 -0.319723
vn -0.158641 -0.949598 0.270366
vn 0.208379 -0.96415 -0.164297
vn -0.250725 -0.958735 0.13403
vn 0.227355 -0.880833 -0.415262
vn 0.168487 -0.855168 -0.490204
vn 0.0384319 -0.877342 -0.478323
vn -0.167826 -0.973614 -0.154631
vn 0.286312 -0.825224 -0.486858
vn 0.0554259 -0.875579 -0.479885
vn 0.389572 -0.836122 -0.386178
vn 0.456007 -0.783926 -0.421328
vn -0.480304 -0.870053 -0.110975
vn -0.538676 -0.778813 0.32137
vn 0.449171 -0.758361 -0.47237
vn -0.497482 -0.78799 0.362745
vn 0.311623 -0.714322 -0.626607
vn 0.297413 -0.880498 -0.369146
vn -0.0402639 -0.926194 -0.374891
vn -0.451888 -0.867498 -0.207952
vn 0.413251 -0.795639 -0.442924
vn 0.267007 -0.950394 -0.159559
vn 0.39896 -0.744812 -0.53487
vn 0.270738 -0.900472 -0.340369
vn 0.258605 -0.929267 -0.263792
vn 0.27765 -0.862564 -0.422959
vn 0.367855 -0.866321 -0.33789
vn 0.369769 -0.811507 -0.452468
vn 0.297177 -0.71623 -0.631427
vn 0.348191 -0.795784 -0.49547
vn 0.321467 -0.796029 -0.512833
vn 0.255627 -0.767273 -0.588173
vn 0.17644 -0.724722 -0.666068
vn 0.405418 -0.710882 -0.574703
vn 0.114782 -0.692432 -0.712295
vn 0.101748 -0.859574 -0.50078
vn 0.506216 -0.830436 -0.23264
vn 0.137087 -0.890193 -0.43447
vn 0.116098 -0.833367 -0.540389
vn 0.0677063 -0.819449 -0.569139
vn 0.270057 -0.734509 -0.622548
vn -0.166655 -0.932501 0.320418
vn 0.186793 -0.971855 -0.143551
vn 0.416933 -0.742909 -0.523692
vn 0.521901 -0.71821 -0.460211
vn 0.415335 -0.889235 -0.191725
vn 0.227773 -0.560018 -0.796554
vn 0.211768 -0.658081 -0.722554
vn 0.4366 -0.551183 -0.71104
vn 0.429202 -0.636532 -0.64079
vn 0.507136 -0.585675 -0.632296
vn 0.125648 -0.472128 -0.87253
vn 0.304693 -0.548769 -0.77847
vn 0.31751 -0.668192 -0.672835
vn 0.320269 -0.722439 -0.612789
vn 0.343392 -0.738324 -0.580482
vn 0.443028 -0.625508 -0.642235
vn 0.396103 -0.722648 -0.566464
vn 0.489368 -0.549892 -0.676859
vn 0.471752 -0.617904 -0.629004
vn 0.285194 -0.552007 -0.783551
vn 0.415738 -0.572188 -0.706939
vn 0.389688 -0.652528 -0.649885
vn 0.388045 -0.503349 -0.77205
vn 0.318691 -0.945294 0.0696847
vn 0.390942 -0.489814 -0.77926
vn 0.552591 -0.364452 -0.749545
vn 0.43689 -0.51826 -0.73521
vn 0.391139 -0.331639 -0.858502
vn 0.480054 -0.317981 -0.81758
vn 0.448069 -0.187403 -0.874136
vn 0.352377 -0.147786 -0.924116
vn 0.513457 -0.379178 -0.769796
vn 0.560774 -0.348748 -0.750938
vn 0.550699 -0.530591 -0.644363
vn 0.524942 -0.608116 -0.595509
vn 0.52283 -0.598633 -0.606867
vn 0.616528 -0.673566 -0.40768
vn 0.630479 -0.691695 0.352212
vn 0.623731 -0.487086 -0.611316
vn 0.392186 -0.27448 -0.877981
vn 0.467461 -0.373875 -0.80106
vn 0.38395 -0.365053 -0.848127
vn 0.269872 -0.307689 -0.912413
vn 0.399793 -0.311632 -0.862004
vn 0.515781 -0.388276 -0.763683
vn 0.776803 -0.613349 -0.142761
vn 0.610797 -0.47384 -0.634352
vn 0.629073 -0.440212 -0.640687
vn 0.816236 -0.536679 -0.213857
vn 0.606659 -0.476047 -0.636666
vn -0.0668786 -0.428623 -0.901005
vn 0.572361 -0.459984 -0.678836
vn 0.110733 -0.542781 -0.832543
vn 0.709661 -0.634534 -0.306183
vn 0.561823 -0.439734 -0.700706
vn 0.825498 -0.483364 -0.291399
vn 0.72678 -0.586698 -0.357179
vn 0.284531 -0.502254 -0.816568
vn 0.369981 -0.823707 -0.429676
vn -0.337267 -0.35628 -0.871387
vn -0.248969 -0.559324 -0.790677
vn 0.463116 -0.776865 -0.42662
vn 0.729918 -0.678371 -0.0838605
vn 0.616321 -0.762719 -0.195979
vn -0.210088 -0.65675 -0.724253
vn -0.100124 -0.942693 -0.318284
vn -0.246849 -0.132085 -0.96001
vn 0.512483 0.0911607 -0.853845
vn 0.136598 -0.160399 -0.977555
vn 0.58819 0.136673 -0.79709
vn 0.451353 -0.28624 -0.845191
vn 0.07317 -0.480605 -0.873879
vn 0.0893233 -0.460311 -0.883253
vn 0.631192 -0.0260444 -0.775189
vn 0.159591 -0.110736 -0.980953
vn 0.15289 -0.093447 -0.983815
vn 0.460259 -0.191917 -0.866792
vn 0.557183 0.189505 -0.808477
vn 0.439149 0.0969302 -0.89317
vn 0.103183 -0.0850653 -0.991018
vn 0.402903 -0.106974 -0.90897
vn 0.55503 -0.112371 -0.824205
vn 0.280988 0.27348 -0.919921
vn 0.429423 0.189777 -0.882939
vn 0.487893 0.279551 -0.826929
vn 0.518685 -0.0280972 -0.854503
vn 0.29692 0.36975 -0.880411
vn 0.5164 0.37296 -0.770864
vn 0.0571445 0.387287 -0.920187
vn 0.312872 0.352756 -0.881859
vn 0.404202 0.399595 -0.822766
vn 0.319822 0.189035 -0.928429
vn 0.0745781 0.249199 -0.965577
vn 0.0961473 0.303571 -0.947945
vn -0.675076 -0.687234 0.268296
vn -0.383496 -0.923492 -0.00970019
vn -0.597289 -0.721511 0.350239
vn -0.606826 -0.760365 0.231531
vn -0.470398 -0.864036 -0.179355
vn -0.487846 -0.755393 0.437479
vn -0.235254 -0.970701 -0.0489466
vn -0.767451 -0.451238 0.455415
vn -0.193009 -0.916041 -0.351591
vn -0.42189 -0.871655 -0.249453
vn -0.466047 -0.781351 -0.415079
vn -0.536155 -0.841505 0.0663904
vn -0.172927 -0.981296 -0.0845895
vn -0.439593 -0.873541 0.209005
vn -0.20161 -0.881964 -0.42602
vn -0.0867713 -0.903292 -0.420159
vn -0.29234 -0.852538 -0.433262
vn -0.0790783 -0.989132 -0.123951
vn -0.47775 -0.87809 0.0267044
vn -0.0462775 -0.904611 -0.423718
vn -0.300026 -0.898042 -0.321723
vn -0.269175 -0.848868 -0.454938
vn -0.0137206 -0.859388 -0.51114
vn -0.215361 -0.827895 -0.517889
vn -0.197455 -0.92555 -0.32306
vn -0.240464 -0.914144 0.32637
vn -0.22019 -0.884209 0.411935
vn -0.210829 -0.88964 0.405082
vn -0.344503 -0.666489 0.661143
vn -0.456188 -0.887771 0.0612695
vn -0.276698 -0.820243 -0.50064
vn -0.201007 -0.976219 0.0811946
vn -0.122988 -0.990472 -0.0619588
vn -0.141792 -0.887675 -0.438095
vn -0.317032 -0.882109 0.348388
vn -0.0896728 -0.989968 0.109191
vn -0.0364459 -0.997415 -0.0619286
vn -0.0245498 -0.897801 -0.439717
vn -0.00790397 -0.994871 -0.100845
vn -0.262261 -0.964789 0.0200208
vn -0.140103 -0.957182 -0.253325
vn 0.0680155 -0.959096 -0.274789
vn 0.105906 -0.868198 -0.484786
vn -0.481586 -0.875681 -0.0354648
vn 0.167314 -0.539263 -0.82535
vn 0.11117 -0.86339 -0.492136
vn 0.0987447 -0.591748 -0.800053
vn 0.0577032 -0.901425 -0.429073
vn 0.0178356 -0.602552 -0.797881
vn 0.0191581 -0.91667 -0.399185
vn -0.0704776 -0.659027 -0.74881
vn -0.0899999 -0.922751 -0.37474
vn 0.252606 -0.799904 -0.544375
vn 0.234166 -0.52108 -0.820757
vn -0.2523 -0.838394 -0.483156
vn -0.433658 -0.854908 -0.284734
vn -0.0330613 -0.657654 -0.752595
vn 0.0370103 -0.557861 -0.829109
vn 0.0353658 -0.410021 -0.91139
vn 0.0440656 -0.432811 -0.900407
vn -0.0460614 -0.862003 -0.504806
vn 0.0772351 -0.480064 -0.873827
vn 0.0330977 -0.927516 -0.372316
vn 0.310391 -0.65753 -0.686521
vn 0.0743598 -0.405639 -0.911004
vn 0.154017 -0.547686 -0.822386
vn 0.177281 -0.424295 -0.888001
vn 0.293321 -0.511934 -0.807395
vn 0.411187 -0.459794 -0.787093
vn 0.321825 -0.653321 -0.685274
vn 0.441454 -0.546869 -0.711374
vn 0.300535 -0.721433 -0.623869
vn 0.0463204 -0.972229 -0.2294
vn 0.329464 -0.599472 -0.729443
vn 0.253191 -0.639952 -0.725504
vn 0.177654 -0.856095 -0.485326
vn 0.138604 -0.797105 -0.587719
vn 0.106728 -0.924057 -0.367054
vn 0.212367 -0.84398 -0.492542
vn 0.367279 -0.633696 -0.680834
vn 0.221276 -0.828466 -0.514472
vn 0.355878 -0.345807 -0.868199
vn 0.453494 -0.256072 -0.853681
vn 0.538788 -0.336579 -0.772284
vn 0.244663 -0.407429 -0.879853
vn -0.00345918 -0.839909 -0.542716
vn -0.0861211 -0.537889 -0.838605
vn -0.149418 -0.7395 -0.656364
vn -0.0364441 -0.708078 -0.705193
vn -0.0279664 -0.732652 -0.680029
vn 0.0518873 -0.724167 -0.68767
vn -0.0452506 -0.849569 -0.525533
vn 0.115083 -0.606452 -0.786748
vn 0.052826 -0.633263 -0.772131
vn 0.0391502 -0.787321 -0.6153
vn 0.106931 -0.476236 -0.872792
vn 0.0584416 -0.683069 -0.728012
vn 0.0846409 -0.430998 -0.898375
vn 0.19419 -0.623333 -0.75746
vn 0.21751 -0.439918 -0.871299
vn 0.00340706 -0.783168 -0.621801
vn 0.0342141 -0.681718 -0.730814
vn -0.00686303 -0.756358 -0.654122
vn 0.0700485 -0.611542 -0.788105
vn -0.0114684 -0.628739 -0.777532
vn 0.0229259 -0.496297 -0.86785
vn -0.0927186 -0.729353 -0.677826
vn 0.0137365 -0.686361 -0.727131
vn 0.000452587 -0.464158 -0.885752
vn 0.132846 -0.799216 -0.586179
vn 0.0968961 -0.477423 -0.873315
vn 0.268186 -0.74818 -0.606879
vn 0.284366 -0.555259 -0.781552
vn 0.0776295 -0.711918 -0.697958
vn -0.0249875 -0.621537 -0.782986
vn -0.128317 -0.836325 -0.533006
vn 0.324899 -0.773784 -0.543783
vn 0.231098 -0.797611 -0.557145
vn 0.25536 -0.428222 -0.866844
vn 0.201391 -0.392486 -0.897439
vn 0.410253 -0.312115 -0.856899
vn 0.448436 -0.479071 -0.754583
vn 0.057135 -0.763431 -0.643357
vn 0.0298631 -0.822318 -0.568245
vn 0.0196723 -0.606481 -0.794855
vn -0.103902 -0.716039 -0.690285
vn -0.105295 -0.687144 -0.718851
vn 0.131645 -0.877874 -0.460441
vn -0.222532 -0.481956 -0.847466
vn -0.0363462 -0.373275 -0.927009
vn 0.309749 -0.679515 -0.665068
vn -0.291946 -0.622351 -0.726255
vn -0.265877 -0.776646 -0.571079
vn -0.118404 -0.745384 -0.656035
vn -0.0485009 -0.803553 -0.593255
vn -0.0765782 -0.953702 -0.29084
vn -0.0759794 -0.945742 -0.315909
vn -0.148396 -0.954733 -0.257806
vn -0.0472513 -0.928934 -0.367218
vn -0.382998 -0.918699 -0.0964595
vn 0.176437 -0.413671 -0.893166
vn 0.250607 -0.495448 -0.831702
vn 0.42438 -0.49845 -0.755943
vn 0.193146 -0.244279 -0.950275
vn 0.290222 -0.743733 -0.60219
vn 0.091971 -0.957215 -0.274374
vn -0.127275 -0.834302 -0.536414
vn -0.289386 -0.65235 -0.700497
vn 0.216984 -0.86047 -0.460988
vn 0.365254 -0.131825 -0.921527
vn 0.237096 -0.389902 -0.88981
vn 0.508905 -0.100364 -0.854952
vn 0.351968 -0.135591 -0.926139
vn 0.197597 -0.316716 -0.92771
vn -0.379708 -0.394668 -0.836695
vn -0.151951 -0.290018 -0.944881
vn 0.441317 -0.215324 -0.871134
vn 0.196128 -0.0359048 -0.979921
vn 0.412751 -0.33157 -0.84835
vn 0.408591 -0.226506 -0.884165
vn 0.123015 -0.175519 -0.97676
vn 0.240529 -0.220211 -0.945332
vn 0.200007 -0.805022 -0.558513
vn -0.376334 -0.606331 -0.700525
vn -0.437744 -0.322164 -0.839399
vn 0.236766 -0.340215 -0.910052
vn -0.70923 -0.631115 -0.314143
vn -0.657697 -0.419119 -0.625919
vn -0.690924 -0.314653 -0.650859
vn -0.813064 -0.37726 -0.443399
vn -0.0920951 -0.100561 -0.990659
vn 0.0135647 -0.996776 -0.0790855
vn -0.408872 -0.899992 -0.151122
vn -0.103013 -0.994651 -0.0075425
vn 0.00438953 -0.90817 -0.418579
vn 0.0867985 -0.774929 -0.62606
vn -0.186005 -0.441296 -0.877872
vn 0.220816 -0.892519 -0.393256
vn 0.0556376 -0.80624 -0.588966
vn 0.468469 -0.813045 -0.345678
vn 0.252775 -0.874641 -0.413651
vn -0.496454 -0.26263 -0.827381
vn -0.432005 -0.440481 -0.786986
vn 0.375251 -0.911196 -0.170026
vn 0.0777378 -0.996319 -0.0361287
vn -0.451419 -0.468081 -0.759685
vn 0.45335 -0.889491 -0.0572704
vn 0.262881 -0.801055 -0.537777
vn -0.348257 -0.396935 -0.849211
vn 0.363482 -0.861325 -0.354966
vn -0.282868 -0.855316 -0.434074
vn 0.650259 -0.714308 -0.258703
vn 0.512459 -0.855381 0.0755534
vn -0.175436 -0.866578 -0.467188
vn 0.537249 -0.835133 -0.117971
vn -0.00776686 -0.976104 -0.217164
vn -0.652489 -0.34341 -0.675521
vn -0.67019 -0.436871 -0.599991
vn -0.802045 -0.218734 -0.555769
vn -0.765054 -0.617393 -0.183079
vn -0.848793 -0.391313 -0.355562
vn -0.796393 -0.142975 -0.587637
vn -0.818852 -0.354657 -0.451331
vn -0.82446 -0.307277 -0.475232
vn -0.774806 0.181782 -0.6055
vn -0.791764 -0.591758 -0.151433
vn -0.926916 -0.322123 -0.19252
vn -0.690077 0.0189946 -0.723487
vn -0.668335 -0.124258 -0.733408
vn -0.613371 -0.408685 -0.675835
vn -0.354218 -0.499321 -0.790701
vn -0.358032 -0.107089 -0.927548
vn -0.163813 -0.0559679 -0.984903
vn 0.00745493 0.114272 -0.993422
vn -0.0621752 0.214013 -0.97485
vn -0.867066 0.136332 -0.479176
vn -0.809507 -0.420705 -0.409519
vn 0.00330896 0.223438 -0.974712
vn 0.00444129 -0.424886 -0.905236
vn 0.0126186 -0.660363 -0.750841
vn -0.0171954 0.00537463 -0.999838
vn 0.644724 0.764349 0.0100773
vn 0.31182 0.322541 0.89372
vn 0.829277 0.53244 0.169726
vn 0.877071 0.277375 0.392186
vn 0.289111 0.306731 0.906825
vn -0.197602 0.833098 0.516625
vn 0.11819 0.902347 0.414489
vn 0.14165 0.407162 0.902305
vn 0.493178 0.869631 0.0227285
vn 0.211212 0.971598 0.106711
vn -0.355582 0.204324 0.912038
vn 0.00918811 0.542737 0.839853
vn 0.120071 0.90749 0.402547
vn -0.170704 0.167345 0.971008
vn -0.12252 0.647587 0.752077
vn -0.0704332 0.913164 0.401461
vn -0.31508 0.948915 0.0169063
vn -0.691465 0.54764 0.471132
vn -0.184879 0.898475 0.398198
vn -0.12693 0.735137 0.665929
vn -0.23625 0.832932 0.500411
vn 0.0277841 0.746278 0.665055
vn 0.0421342 0.878439 0.475994
vn 0.280897 0.6807 0.676568
vn 0.325662 0.823101 0.465241
vn -0.0139556 0.738845 0.673731
vn 0.271097 0.673818 0.687369
vn 0.177183 0.461233 0.869408
vn -0.0421635 0.544228 0.837877
vn -0.0203522 0.260701 0.965205
vn 0.0233363 0.0746158 0.996939
vn -0.0337609 0.364808 0.930471
vn -0.0789703 0.534336 0.841575
vn -0.02205 0.657887 0.752794
vn -0.373543 0.431247 0.821275
vn 0.00252647 0.465089 0.88526
vn -0.0251141 0.263558 0.964316
vn -0.191754 0.413998 0.889852
vn 0.0465498 0.70652 0.70616
vn -0.0493258 0.0246966 0.998477
vn -0.166679 0.463686 0.87018
vn -0.382313 0.455915 0.803728
vn -0.382824 -0.240646 0.891928
vn -0.123085 -0.306604 0.943845
vn -0.0690088 0.781393 0.620212
vn -0.0401776 0.440339 0.896932
vn 0.0624158 0.429802 0.900763
vn -0.18725 0.802028 0.567176
vn -0.246627 0.448873 0.858888
vn 0.172573 0.972057 -0.159135
vn 0.941634 -0.160937 0.295677
vn 0.0196957 -0.109645 0.993776
vn -0.656097 0.737501 0.160091
vn -0.779116 0.60616 0.159839
vn -0.485749 0.817945 -0.308242
vn -0.671983 -0.704041 -0.229704
vn -0.304311 0.17001 0.937279
vn -0.127845 -0.00707279 0.991769
vn -0.125863 0.0178468 0.991887
vn -0.438324 -0.0475258 0.89756
vn -0.472228 0.0120654 0.881394
vn 0.162701 0.207335 0.964645
vn -0.76244 0.62592 0.164044
vn 0.570046 0.756173 0.321327
vn -0.146521 -0.101901 0.983945
vn -0.192044 -0.152042 0.969537
vn -0.431896 -0.192419 0.881159
vn -0.0777188 -0.923366 -0.375973
vn -0.117553 0.286948 0.950706
vn -0.519874 -0.322621 0.790978
vn 0.526114 0.6235 0.578318
vn 0.146214 0.734678 0.662472
vn -0.412571 0.278662 0.867256
vn -0.212911 0.87505 0.434691
vn -0.990441 0.137914 -0.00264891
vn 0.113469 0.640646 0.759406
vn 0.171284 0.93119 0.321787
vn 0.150057 0.720294 0.677244
vn -0.560348 0.14022 0.816301
vn -0.771521 0.0409887 0.634882
vn -0.314987 0.0183496 0.948918
vn -0.102892 0.971888 0.21177
vn -0.251021 -0.193916 0.948359
vn -0.549024 -0.147006 0.822777
vn -0.467296 -0.256945 0.84594
vn -0.400604 0.327074 0.855885
vn -0.579184 0.322634 0.748634
vn -0.431991 0.673025 0.600351
vn -0.852116 0.32996 0.406232
vn -0.828978 -0.107895 0.548775
vn -0.543648 -0.255634 0.799436
vn -0.312116 -0.624723 0.715754
vn -0.428349 -0.469995 0.771766
vn -0.801051 -0.476866 0.361824
vn -0.506622 0.301885 -0.807589
vn 0.217111 0.845617 -0.487641
vn 0.194594 0.935491 -0.294941
vn 0.403307 0.679527 -0.612851
vn 0.383419 0.779686 -0.495055
vn 0.502617 0.532254 -0.681236
vn 0.260074 0.543036 -0.798419
vn 0.496462 0.481773 -0.722094
vn 0.516248 0.43346 -0.738647
vn 0.580948 0.496469 -0.644995
vn 0.593236 0.465319 -0.656924
vn 0.454946 0.819564 -0.348337
vn 0.68871 0.554891 -0.466663
vn 0.626971 0.205457 -0.751462
vn 0.512483 0.0911607 -0.853845
vn 0.58819 0.136673 -0.79709
vn 0.522382 0.134417 -0.84205
vn 0.635933 0.4809 -0.603593
vn 0.615831 0.278717 -0.736932
vn 0.646257 0.555089 -0.523668
vn 0.616399 0.351542 -0.704607
vn 0.770275 0.335056 -0.542599
vn 0.675016 0.63295 -0.379115
vn 0.625413 0.627505 -0.463785
vn 0.613366 0.700389 -0.365016
vn 0.864837 0.328785 -0.379417
vn 0.639181 0.727819 -0.248448
vn 0.777257 0.368948 -0.509655
vn 0.447242 0.77838 -0.440568
vn 0.500905 0.317611 -0.80512
vn 0.479915 0.864721 -0.14812
vn 0.272947 0.957429 -0.0939703
vn 0.14896 0.978726 -0.141089
vn 0.481583 0.857814 -0.179537
vn 0.250978 0.95588 0.152652
vn 0.316253 0.874247 -0.368342
vn -0.0180089 0.93988 -0.34103
vn -0.0250488 0.883336 -0.46807
vn 0.128293 0.981296 -0.14352
vn 0.0384632 0.995339 -0.0884402
vn 0.0858196 0.929806 -0.357904
vn 0.165197 0.55164 -0.81756
vn -0.0168849 0.765437 -0.64329
vn 0.0958731 0.994063 0.0514456
vn -0.0651584 0.971507 -0.227877
vn 0.130367 0.909693 -0.394287
vn 0.309463 0.380473 -0.871478
vn 0.0383358 0.99906 -0.0202258
vn 0.117245 0.423357 -0.898344
vn 0.0718209 0.762069 -0.643501
vn -0.0272628 0.798431 -0.601469
vn 0.100858 0.675403 -0.73052
vn 0.0543587 0.998383 0.0166218
vn 0.245156 0.456886 -0.855076
vn 0.255777 0.676059 -0.69103
vn 0.166004 0.212642 -0.962926
vn -0.0380716 0.999152 0.015676
vn -0.398454 0.882454 -0.250018
vn -0.0241115 0.979974 0.197659
vn -0.0452734 0.997868 0.0469985
vn -0.0176629 0.997458 0.069033
vn -0.0527879 0.82598 -0.561223
vn -0.056249 0.977839 -0.201663
vn -0.0527033 0.985192 -0.163155
vn -0.022605 0.999713 0.00793591
vn -0.382285 0.924043 -0.00186108
vn -0.0426703 0.998718 0.0272467
vn -0.20469 0.974831 0.0883542
vn -0.041949 0.990156 -0.133533
vn -0.112499 0.86527 -0.488519
vn 0.0165553 0.85963 -0.510648
vn 0.0337433 0.981363 -0.189179
vn 0.231279 0.768854 -0.596132
vn 0.263693 0.586108 -0.766122
vn 0.0804468 0.89721 -0.434214
vn -0.0446714 0.998951 -0.0100741
vn -0.174582 0.886815 -0.427878
vn 0.0010516 0.610951 -0.791668
vn -0.360471 0.904957 -0.226084
vn -0.158551 0.987344 -0.00377935
vn -0.112049 0.989561 0.0906267
vn -0.0861303 0.933006 0.349403
vn -0.0396761 0.96445 0.261268
vn -0.126916 0.982041 0.139596
vn -0.854709 0.512791 -0.080734
vn -0.141232 0.9748 0.172681
vn -0.14495 0.917674 0.36995
vn -0.104057 0.907736 0.406431
vn -0.466112 0.845903 0.259206
vn -0.176854 0.42546 -0.887528
vn -0.321272 0.878763 0.352931
vn -0.359461 0.844519 0.396959
vn -0.0893964 0.412911 -0.906373
vn -0.421643 0.646917 -0.635386
vn -0.205334 0.646188 -0.735037
vn -0.393405 0.81086 0.433289
vn -0.168636 0.897496 -0.407509
vn -0.217142 0.894801 -0.390102
vn -0.0494346 0.924271 -0.378522
vn 0.0343976 0.656691 -0.753375
vn -0.115753 0.99193 0.0517261
vn 0.021618 0.988879 -0.147141
vn 0.288016 0.766274 -0.574344
vn 0.188319 0.908037 -0.374172
vn -0.0126423 0.999907 0.00513459
vn 0.071203 0.990787 -0.115205
vn 0.332988 0.760542 -0.5574
vn 0.151056 0.891075 -0.427981
vn 0.153131 0.98819 0.00559818
vn 0.344388 0.903871 -0.253798
vn 0.376173 0.811117 -0.447865
vn 0.00336482 0.937202 0.348771
vn -0.0589435 0.990777 0.122007
vn -0.383165 0.918534 -0.0973675
vn -0.195492 0.92039 0.338623
vn -0.267473 0.879985 0.392537
vn -0.20798 0.909547 0.359817
vn -0.177334 0.93697 0.301065
vn -0.225832 0.931903 0.283825
vn -0.275905 0.960299 -0.0412665
vn -0.485424 0.855156 -0.181856
vn 0.00640938 0.8868 -0.462108
vn 0.0405239 0.791201 -0.610212
vn -0.487072 0.78041 0.392072
vn -0.142243 0.971241 -0.190942
vn 0.220281 0.938363 0.266367
vn 0.404202 0.399595 -0.822766
vn 0.5164 0.37296 -0.770864
vn 0.312872 0.352756 -0.881859
vn 0.487893 0.279551 -0.826929
vn 0.29692 0.36975 -0.880411
vn 0.192796 0.457892 -0.86785
vn 0.280988 0.27348 -0.919921
vn 0.0961473 0.303571 -0.947945
vn 0.169498 0.524743 -0.834216
vn 0.319822 0.189035 -0.928429
vn 0.557183 0.189505 -0.808477
vn 0.346495 0.473841 -0.809578
vn 0.0571445 0.387287 -0.920187
vn 0.429423 0.189777 -0.882939
vn 0.439149 0.0969302 -0.89317
vn 0.0745781 0.249199 -0.965577
vn -0.0116981 -0.788515 -0.614904
vn -0.0548742 -0.947449 -0.315165
vn 0.498014 -0.11432 -0.8596
vn 0.301256 -0.108769 -0.947319
vn 0.914872 0.278435 0.292375
vn 0.709413 0.558243 0.430229
vn 0.597375 0.386235 0.702826
vn 0.635683 0.474667 0.608769
vn 0.0787993 0.406833 0.910098
vn 0.500822 0.404062 0.765448
vn 0.696111 0.143803 0.703385
vn 0.0639621 0.607114 0.792037
vn 0.285064 0.209452 0.935344
vn 0.480391 0.170088 0.860404
vn 0.416354 -0.161291 0.894782
vn 0.403596 0.0351104 0.914263
vn 0.140294 0.282291 0.949015
vn 0.866041 0.139309 0.480173
vn 0.0498297 0.414238 0.908804
vn 0.77963 0.24124 0.57791
vn -0.163012 0.281997 0.945465
vn 0.963439 -0.00336764 0.267907
vn 0.387739 -0.363712 0.846978
vn 0.872152 -0.335596 0.355986
vn 0.264386 0.0149697 0.964301
vn 0.651232 -0.709548 0.269145
vn -0.170165 -0.450095 0.876618
vn 0.430045 -0.766918 0.476339
vn -0.295426 -0.331416 0.896039
vn -0.0548742 -0.947449 -0.315165
vn -0.0360225 -0.904095 -0.425811
vn 0.371665 -0.526864 -0.764382
vn -0.0116981 -0.788515 -0.614904
vn -0.813149 0.390144 -0.431944
vn -0.520021 -0.0455364 -0.852939
vn -0.758816 0.12026 -0.640106
vn -0.659184 0.402998 -0.634877
vn -0.428955 0.807934 -0.40403
vn -0.537983 0.73262 0.416945
vn -0.961694 0.0436511 -0.270626
vn -0.854709 0.512791 -0.080734
vn -0.158551 0.987344 -0.00377935
vn -0.978376 -0.0155059 -0.206253
vn -0.444894 -0.00791089 -0.895548
vn -0.63984 0.206936 -0.740124
vn -0.218798 0.3763 -0.900292
vn -0.998088 0.0595266 0.0166454
vn -0.942518 0.187836 -0.276365
vn -0.972031 -0.125669 -0.198403
vn -0.813064 -0.37726 -0.443399
vn -0.0920951 -0.100561 -0.990659
vn -0.690924 -0.314653 -0.650859
vn -0.657697 -0.419119 -0.625919
vn -0.997175 0.0619751 0.0424372
vn -0.973357 -0.206086 -0.100525
vn -0.886337 -0.283244 0.366306
vn -0.701391 -0.707628 0.0855221
vn -0.831872 0.362665 0.420074
vn -0.775294 0.468563 0.42352
vn -0.92564 0.104311 0.363743
vn -0.639096 -0.429435 0.638076
vn -0.731215 0.508845 0.454314
vn -0.434876 0.535707 0.72381
vn -0.70923 -0.631115 -0.314143
vn -0.360471 0.904957 -0.226084
vn -0.151951 -0.290018 -0.944881
vn -0.379708 -0.394668 -0.836695
vn -0.427402 0.598211 0.677843
vn 0.0937115 -0.404351 0.90979
vn -0.395924 0.131814 0.908774
vn 0.0999065 0.395226 0.913135
vn -0.424747 0.217528 0.87879
vn -0.775195 0.20331 0.598112
vn 0.662822 -0.624263 0.413475
vn 0.65579 -0.647557 0.388085
vn 0.537249 -0.835133 -0.117971
vn -0.0161179 -0.896848 0.442045
vn -0.00776686 -0.976104 -0.217164
vn 0.512459 -0.855381 0.0755534
vn 0.846446 -0.506994 0.162745
vn 0.786741 -0.364932 0.497859
vn 0.650259 -0.714308 -0.258703
vn 0.363482 -0.861325 -0.354966
vn -0.0329913 -0.582175 0.812394
vn 0.558282 -0.282991 0.779896
vn 0.803822 -0.522217 0.284884
vn 0.45335 -0.889491 -0.0572704
vn 0.519246 -0.275566 0.808979
vn 0.773359 -0.389773 0.499994
vn 0.648742 -0.549713 0.52626
vn 0.57463 -0.791963 0.206388
vn 0.479296 -0.812823 0.33105
vn 0.375251 -0.911196 -0.170026
vn 0.0841561 -0.37037 0.925064
vn 0.468469 -0.813045 -0.345678
vn 0.220816 -0.892519 -0.393256
vn 0.0957865 -0.913644 0.395069
vn 0.0777378 -0.996319 -0.0361287
vn 0.630902 0.0660386 0.773047
vn -0.110248 -0.950125 0.291734
vn -0.532579 -0.654245 -0.536957
vn -0.418868 -0.850425 -0.318317
vn -0.696856 -0.181537 -0.693856
vn -0.731035 -0.125129 -0.670768
vn -0.87241 -0.480425 0.0899656
vn -0.335394 -0.941523 0.0323303
vn -0.425028 -0.250898 -0.869713
vn -0.499841 -0.851345 -0.159279
vn -0.178303 -0.544051 -0.819888
vn -0.262732 -0.964529 -0.025612
vn -0.501551 -0.864742 -0.0258183
vn -0.524248 -0.556824 -0.644292
vn -0.00224588 -0.885281 -0.46505
vn -0.89722 -0.420469 0.134916
vn -0.808916 -0.381996 -0.446915
vn -0.0010532 -0.984655 0.174511
vn -0.098291 -0.855234 -0.508836
vn -0.770877 -0.634641 -0.0545808
vn -0.969077 -0.194347 0.152051
vn -0.874878 -0.102676 0.473335
vn -0.552883 -0.327726 0.766104
vn -0.344187 -0.559932 0.753665
vn -0.777603 -0.498956 0.382592
vn -0.836286 -0.386215 0.389182
vn -0.46766 -0.456173 0.7571
vn 0.0937115 -0.404351 0.90979
vn -0.161905 -0.46266 0.871626
vn -0.454799 -0.342144 0.82225
vn -0.395924 0.131814 0.908774
vn -0.367918 -0.92985 -0.00390335
vn -0.844805 -0.523142 0.112364
vn -0.467429 -0.877282 0.109026
vn -0.628301 -0.771198 0.102429
vn -0.401424 -0.902439 0.156404
vn -0.562456 -0.803798 0.193783
vn -0.80946 -0.426791 0.403267
vn -0.429507 -0.821752 0.374496
vn -0.484602 -0.763387 0.427084
vn -0.265012 -0.963357 0.0413657
vn -0.265422 -0.864291 0.427262
vn -0.434973 -0.876256 0.207302
vn -0.0348131 -0.839366 0.542451
vn -0.537473 -0.750996 0.383573
vn -0.251549 -0.967125 0.037326
vn -0.651245 -0.685751 0.324999
vn -0.415199 -0.886377 0.204807
vn -0.428795 -0.844006 0.322162
vn -0.339816 -0.761938 0.551339
vn -0.770287 -0.498946 0.397128
vn -0.308835 -0.918464 -0.247072
vn -0.605452 -0.786509 0.121783
vn -0.56302 -0.589847 0.578869
vn -0.670287 -0.4276 0.606526
vn -0.490788 -0.443296 0.750077
vn -0.522543 -0.188561 0.831501
vn -0.906871 -0.0639524 0.416528
vn 0.135208 -0.657703 0.741044
vn 0.151007 -0.571028 0.806922
vn -0.249343 -0.778002 0.576663
vn -0.0965323 -0.738779 0.666999
vn -0.883823 -0.0207609 0.467361
vn 0.301256 -0.108769 -0.947319
vn -0.0548742 -0.947449 -0.315165
vn 0.166533 -0.488941 -0.856273
vn 0.371665 -0.526864 -0.764382
vn 0.409621 -0.0730402 -0.909327
vn -0.438845 0.203267 -0.87527
vn 0.111018 0.457863 -0.882064
vn -0.181598 0.648886 -0.738897
vn 0.286833 0.816199 -0.501543
vn 0.493178 0.869631 0.0227285
vn 0.644724 0.764349 0.0100773
vn 0.829277 0.53244 0.169726
vn -0.31508 0.948915 0.0169063
vn 0.211212 0.971598 0.106711
vn -0.990441 0.137914 -0.00264891
vn -0.22325 0.960455 0.166392
vn -0.0796695 0.996101 0.0378839
vn -0.447158 0.894373 0.0120983
vn 0.0190886 0.999754 -0.0112917
vn -0.343936 0.763241 0.546966
vn -0.332815 0.942472 0.0313147
vn -0.341345 0.916736 0.207553
vn -0.477352 0.791844 0.380944
vn -0.168045 0.952658 0.253386
vn -0.358404 0.932571 0.043106
vn -0.394386 0.849613 0.350168
vn -0.411815 0.405953 0.81585
vn -0.652696 0.663551 0.365632
vn -0.364005 0.915525 -0.171214
vn -0.883798 0.439303 -0.160981
vn -0.646467 0.67056 0.363908
vn -0.0395391 0.985687 -0.163886
vn -0.0613167 0.995002 -0.0788149
vn -0.193898 0.91984 -0.341024
vn -0.341337 0.877233 -0.337566
vn -0.341481 0.922921 -0.177786
vn -0.124274 0.990754 -0.054421
vn -0.214915 0.975899 -0.0378504
vn -0.230635 0.940596 -0.249173
vn -0.463939 0.841577 -0.276603
vn -0.429155 0.886712 -0.171953
vn -0.00680403 0.913228 -0.407392
vn 0.0392519 0.980961 -0.190196
vn 0.217214 0.949341 -0.227088
vn -0.259173 0.801583 -0.53879
vn 0.141781 0.929923 -0.339325
vn -0.135417 0.899419 -0.415582
vn -0.104779 0.91645 -0.386188
vn -0.469735 0.876724 -0.103462
vn -0.403159 0.898908 -0.171541
vn 0.264629 0.924255 -0.275179
vn 0.111808 0.941824 -0.316964
vn 0.280054 0.930438 -0.236335
vn 0.0356717 0.717832 -0.695302
vn 0.0247084 0.967084 -0.253253
vn 0.098312 0.904013 -0.416048
vn 0.0689771 0.931268 -0.357745
vn 0.0268706 0.821308 -0.569853
vn 0.0318253 0.802166 -0.596252
vn 0.302134 0.798253 -0.521064
vn 0.194 0.743599 -0.639862
vn 0.15318 0.688647 -0.708732
vn 0.244414 0.816204 -0.52352
vn -0.00261652 0.987956 -0.154715
vn 0.436735 0.815177 -0.38046
vn -0.127228 0.805185 -0.579215
vn -0.259137 0.87683 -0.40499
vn -0.265582 0.835166 -0.481626
vn 0.203016 0.686026 -0.698679
vn -0.201668 0.88773 -0.413842
vn 0.0400328 0.973392 -0.22562
vn 0.245528 0.965968 -0.0813748
vn -0.440515 0.881927 0.167784
vn 0.071372 0.893113 -0.444133
vn 0.247359 0.854531 -0.456716
vn 0.0334172 0.980532 -0.193493
vn 0.299415 0.732515 -0.61137
vn 0.308826 0.823001 -0.476755
vn 0.173647 0.891719 -0.417951
vn 0.387522 0.688305 -0.61324
vn 0.476739 0.824095 -0.305919
vn 0.162631 0.909547 -0.38246
vn 0.262188 0.844261 -0.467419
vn 0.335924 0.809222 -0.481991
vn 0.24852 0.804866 -0.538915
vn 0.25674 0.699553 -0.666865
vn 0.452204 0.613403 -0.647494
vn 0.326148 0.742846 -0.584642
vn 0.372375 0.733901 -0.56809
vn 0.501395 0.86497 -0.020751
vn 0.379318 0.461204 -0.802127
vn 0.210349 0.749082 -0.628195
vn 0.188866 0.741908 -0.643352
vn 0.364124 0.549221 -0.752177
vn 0.317453 0.646249 -0.693964
vn 0.238171 0.523536 -0.818037
vn 0.470801 0.510264 -0.719706
vn 0.267007 -0.950394 -0.159559
vn -0.261325 -0.963374 0.0601621
vn -0.0402639 -0.926194 -0.374891
vn -0.451888 -0.867498 -0.207952
vn 0.0669359 -0.936787 0.343438
vn -0.554527 -0.793104 0.251964
vn -0.396866 -0.795245 0.458347
vn -0.538676 -0.778813 0.32137
vn -0.480304 -0.870053 -0.110975
vn -0.855249 -0.016742 0.517947
vn -0.663953 -0.03757 0.74683
vn -0.810004 -0.301101 0.503221
vn -0.597687 -0.433893 0.674171
vn -0.588397 -0.391155 0.707663
vn -0.700402 0.000312131 0.713748
vn -0.79426 -0.0245136 0.607083
vn -0.802506 -0.388723 0.452636
vn -0.708152 0.349764 0.61334
vn -0.762265 0.301446 0.572785
vn -0.572962 0.296026 0.764253
vn -0.735478 0.347648 0.581561
vn -0.722045 -0.206996 0.660155
vn -0.738806 0.317662 0.594354
vn -0.57757 0.183985 0.795338
vn -0.708543 0.162232 0.686766
vn -0.727421 -0.258222 0.635751
vn -0.717477 -0.274647 0.640153
vn -0.680129 0.117124 0.723675
vn -0.615222 0.0971934 0.78234
vn -0.572571 -0.329898 0.750553
vn -0.530085 -0.345634 0.774304
vn -0.551152 0.0803709 0.830525
vn -0.67168 -0.0272073 0.740342
vn -0.48733 0.41656 0.767455
vn -0.562739 0.409271 0.718208
vn -0.493984 -0.21386 0.84276
vn -0.591621 -0.299943 0.748344
vn -0.543688 -0.334668 0.769675
vn -0.62085 0.0451057 0.782631
vn -0.80185 -0.392319 0.450691
vn -0.619742 -0.562042 0.547749
vn -0.571556 -0.603779 0.555675
vn -0.434315 -0.738063 0.516366
vn -0.541792 -0.569084 0.618551
vn -0.617549 -0.429596 0.658848
vn -0.614827 0.136134 0.776824
vn -0.623027 0.161443 0.765358
vn -0.545719 -0.413797 0.728672
vn -0.5364 -0.38046 0.753343
vn -0.626944 0.233971 0.743101
vn -0.549155 0.197452 0.81206
vn -0.512522 -0.371325 0.774235
vn -0.352231 -0.319093 0.879837
vn -0.510745 0.13874 0.848464
vn -0.548461 -0.0524609 0.834529
vn -0.177952 -0.274664 0.94493
vn -0.265033 0.00494468 0.964227
vn -0.345466 -0.722352 0.59905
vn -0.62152 -0.61187 0.489211
vn -0.440657 -0.728027 0.525165
vn -0.546856 -0.576219 0.607389
vn -0.420428 -0.69745 0.580348
vn -0.602506 -0.604989 0.520553
vn -0.598965 -0.643289 0.476886
vn -0.497482 -0.78799 0.362745
vn -0.282963 -0.596287 0.751248
vn -0.525654 -0.680702 0.510227
vn -0.403304 -0.862838 0.304725
vn -0.765592 -0.335876 0.548686
vn -0.850812 0.00137681 0.525469
vn -0.382896 -0.390642 0.837132
vn -0.446083 -0.0386425 0.894157
vn -0.527851 0.363025 0.767845
vn -0.544225 0.317046 0.776724
vn -0.331528 -0.781306 0.52882
vn -0.564023 -0.673653 0.477567
vn -0.343796 -0.902809 0.258342
vn -0.308021 -0.904741 0.294224
vn -0.553601 -0.687918 0.469355
vn -0.670756 -0.623363 0.401876
vn -0.395578 -0.915088 0.0783143
vn -0.250725 -0.958735 0.13403
vn -0.505004 -0.81092 0.2956
vn -0.584351 -0.663516 0.467205
vn -0.303304 -0.825482 0.47601
vn -0.158641 -0.949598 0.270366
vn -0.167826 -0.973614 -0.154631
vn -0.0477078 -0.832358 0.552181
vn -0.138861 -0.789263 0.598148
vn -0.598397 -0.730175 0.329796
vn -0.328362 -0.736244 0.591712
vn -0.166655 -0.932501 0.320418
vn -0.122396 -0.769669 0.6266
vn 0.318691 -0.945294 0.0696847
vn 0.130214 -0.311016 0.941442
vn -0.165752 -0.459491 0.872579
vn -0.37675 -0.169209 0.910729
vn -0.162668 0.0852168 0.982994
vn 0.630479 -0.691695 0.352212
vn -0.691465 0.54764 0.471132
vn -0.170704 0.167345 0.971008
vn -0.657419 -0.753469 -0.00923698
vn -0.355582 0.204324 0.912038
vn -0.990441 0.137914 -0.00264891
vn 0.877649 0.156317 -0.453098
vn 0.903554 0.360721 -0.231238
vn 0.633084 0.093227 -0.768448
vn 0.641639 0.0561924 -0.764946
vn 0.457801 0.156258 -0.875215
vn -0.500367 0.672926 -0.544796
vn -0.348112 0.921022 -0.174749
vn -0.532456 0.70689 -0.465615
vn -0.683567 -0.0171957 -0.729685
vn -0.788157 0.302504 -0.536004
vn -0.673433 0.572829 -0.467285
vn -0.400531 0.408295 -0.820286
vn -0.167846 -0.924016 0.343543
vn -0.0866479 -0.992409 0.0872733
vn -0.345022 -0.778602 0.524156
vn -0.0191508 -0.999722 -0.0137699
vn -0.185188 -0.978281 0.0931229
vn 0.00576114 -0.998112 -0.0611439
vn -0.00638111 -0.989387 -0.145164
vn -0.0899999 -0.922751 -0.37474
vn 0.0191581 -0.91667 -0.399185
vn 0.0577032 -0.901425 -0.429073
vn -0.235254 -0.970701 -0.0489466
vn -0.487846 -0.755393 0.437479
vn -0.197455 -0.92555 -0.32306
vn -0.00345918 -0.839909 -0.542716
vn -0.433658 -0.854908 -0.284734
vn 0.11117 -0.86339 -0.492136
vn -0.54814 -0.786032 0.285825
vn -0.35826 -0.796703 0.486738
vn -0.521362 -0.736742 0.430573
vn -0.408872 -0.899992 -0.151122
vn -0.103013 -0.994651 -0.0075425
vn -0.35428 -0.802357 0.480323
vn -0.673153 -0.433663 0.599001
vn -0.421274 -0.461873 0.780514
vn -0.681385 -0.43922 0.585492
vn -0.221637 -0.444361 0.867998
vn -0.464236 -0.431842 0.773303
vn -0.430111 -0.423613 0.797218
vn -0.516837 -0.459581 0.722264
vn -0.461022 -0.402486 0.790863
vn -0.404171 -0.349376 0.84533
vn -0.506664 -0.366595 0.78032
vn -0.100341 -0.952387 0.287908
vn -0.202314 -0.407149 0.890673
vn -0.637664 -0.461788 0.616552
vn -0.640302 -0.31696 0.699678
vn -0.0158461 -0.925545 0.378306
vn -0.0325642 -0.399271 0.916255
vn 0.0957865 -0.913644 0.395069
vn 0.0841561 -0.37037 0.925064
vn 0.0777378 -0.996319 -0.0361287
vn 0.0135647 -0.996776 -0.0790855
vn 0.0463204 -0.972229 -0.2294
vn -0.0151921 -0.999085 0.0399877
vn -0.875378 0.0898884 -0.475009
vn -0.161382 -0.986878 0.00526267
vn -0.0184368 -0.0337258 -0.999261
vn -0.633305 -0.761221 0.139528
vn -0.126906 0.142309 0.981653
vn -0.0634428 -0.0568565 0.996365
vn -0.301505 0.263905 0.916214
vn -0.226243 -0.722286 0.653542
vn -0.776563 0.356695 -0.519345
vn -0.226243 -0.722286 0.653542
vn -0.776563 0.356695 -0.519345
vn -0.250909 -0.513862 0.82036
vn -0.0184368 -0.0337258 -0.999261
vn 0.00395384 0.9999 0.0136141
vn -0.875378 0.0898884 -0.475009
vn -0.485749 0.817945 -0.308242
vn -0.0781417 0.909735 0.407769
vn -0.0690088 0.781393 0.620212
vn -0.0154032 0.999025 0.0413653
vn -0.126906 0.142309 0.981653
vn -0.0255041 0.236499 0.971297
vn -0.0634428 -0.0568565 0.996365
vn -0.280299 0.959889 -0.00675541
vn -0.399042 0.356909 -0.844619
vn -0.301505 0.263905 0.916214
vn 0.0231849 0.152132 0.988088
vn -0.0251141 0.263558 0.964316
vn -0.776563 0.356695 -0.519345
vn -0.226243 -0.722286 0.653542
vn -0.250909 -0.513862 0.82036
vn 0.0343317 -0.631012 0.775013
vn -0.251021 -0.193916 0.948359
vn -0.206465 -0.52088 0.828285
vn -0.314987 0.0183496 0.948918
vn 0.0231849 0.152132 0.988088
vn -0.0255041 0.236499 0.971297
vn -0.357615 -0.897831 -0.256926
vn -0.00532575 -0.0372441 0.999292
vn -0.0251141 0.263558 0.964316
vn -0.126906 0.142309 0.981653
vn -0.771521 0.0409887 0.634882
vn -0.506622 0.301885 -0.807589
vn -0.373543 0.431247 0.821275
vn 0.00315751 0.913639 -0.406513
vn 0.299516 0.472717 -0.828751
vn 0.49854 0.334081 -0.799905
vn 0.00330896 0.223438 -0.974712
vn 0.259199 0.671458 -0.694233
vn 0.425059 0.321128 -0.846287
vn 0.430814 0.410263 -0.803793
vn 0.515274 0.302447 -0.801884
vn 0.158928 0.338931 -0.927291
vn -0.0744284 0.474481 -0.877114
vn -0.690077 0.0189946 -0.723487
vn 0.00444129 -0.424886 -0.905236
vn 0.505835 -0.368367 -0.780024
vn 0.0126186 -0.660363 -0.750841
vn -0.124603 -0.48433 -0.865967
vn 0.263401 -0.167442 -0.950044
vn 0.537051 0.242987 -0.807796
vn -0.111835 0.0269606 -0.993361
vn 0.678563 0.19343 -0.708616
vn -0.657419 -0.753469 -0.00923698
vn -0.438845 0.203267 -0.87527
vn -0.691465 0.54764 0.471132
vn -0.181598 0.648886 -0.738897
vn -0.990441 0.137914 -0.00264891
vn 0.246402 -0.103088 -0.96367
vn -0.209793 -0.909606 0.358613
vn -0.383526 0.0454981 -0.922409
vn 0.116049 -0.948958 0.293276
vn 0.11784 -0.117878 -0.986011
vn -0.946344 0.173028 0.272938
vn -0.383526 0.0454981 -0.922409
vn -0.221952 0.968111 0.116181
vn 0.0167797 0.944763 0.327325
vn -0.193066 0.378658 0.905176
vn -0.946344 0.173028 0.272938
vn 0.246402 -0.103088 -0.96367
vn 0.00427866 0.991848 0.127356
vn -0.250909 -0.513862 0.82036
vn -0.776563 0.356695 -0.519345
vn -0.00532575 -0.0372441 0.999292
vn 0.0285428 -0.0160135 0.999464
vn 0.0167797 0.944763 0.327325
vn -0.193066 0.378658 0.905176
vn 0.175807 -0.984204 0.0208238
vn -0.357615 -0.897831 -0.256926
vn 0.116049 -0.948958 0.293276
vn -0.209793 -0.909606 0.358613
vn -0.946344 0.173028 0.272938
vn -0.648959 -0.680244 0.340764
vn -0.536155 -0.841505 0.0663904
vn -0.677901 -0.612782 0.406139
vn -0.606826 -0.760365 0.231531
vn -0.439593 -0.873541 0.209005
vn -0.705436 -0.496807 0.505513
vn -0.523605 -0.701539 0.483406
vn -0.581531 -0.659219 0.47671
vn -0.755814 -0.335965 0.562025
vn -0.524598 -0.482193 0.701632
vn -0.597289 -0.721511 0.350239
vn -0.6162 -0.33632 0.71217
vn -0.683676 -0.236802 0.690298
vn -0.783462 -0.329404 0.526955
vn -0.767451 -0.451238 0.455415
vn -0.22019 -0.884209 0.411935
vn -0.169286 -0.418056 0.892509
vn -0.527171 -0.121346 0.84105
vn -0.680271 -0.355543 0.640953
vn -0.732225 -0.0527447 0.679018
vn -0.679146 -0.0408587 0.732865
vn -0.680697 -0.465712 0.565477
vn -0.599248 -0.400144 0.693388
vn -0.516837 -0.459581 0.722264
vn -0.487846 -0.755393 0.437479
vn -0.775499 -0.459031 0.433466
vn -0.675076 -0.687234 0.268296
vn -0.49865 0.10456 0.860474
vn -0.516568 0.0742919 0.853017
vn -0.52122 0.013706 0.853312
vn -0.532675 0.17611 0.827794
vn -0.514926 0.0996602 0.851422
vn -0.426046 0.227358 0.875667
vn -0.416096 0.175549 0.892215
vn -0.756925 0.231084 0.611281
vn -0.430111 -0.423613 0.797218
vn -0.417931 0.0364692 0.907746
vn -0.567397 -0.136238 0.812096
vn -0.426734 -0.250904 0.868876
vn -0.293179 -0.0871475 0.952078
vn -0.464236 -0.431842 0.773303
vn -0.289944 0.133858 0.947636
vn -0.504783 0.323915 0.800171
vn -0.221637 -0.444361 0.867998
vn -0.0988077 -0.295211 0.950309
vn -0.305865 -0.0431066 0.951099
vn -0.368398 -0.0945129 0.924851
vn -0.421274 -0.461873 0.780514
vn -0.640302 -0.31696 0.699678
vn -0.229149 -0.094822 0.968762
vn -0.325285 -0.411681 0.851298
vn -0.37216 -0.395399 0.839736
vn -0.654882 -0.381214 0.652537
vn -0.332118 -0.444977 0.831681
vn -0.102892 0.971888 0.21177
vn -0.503796 0.550734 -0.665493
vn -0.221329 0.898675 -0.378677
vn -0.506622 0.301885 -0.807589
vn 0.120071 0.90749 0.402547
vn 0.11819 0.902347 0.414489
vn -0.0704332 0.913164 0.401461
vn -0.212911 0.87505 0.434691
vn 0.111625 0.975427 -0.189952
vn -0.18725 0.802028 0.567176
vn -0.197602 0.833098 0.516625
vn -0.12693 0.735137 0.665929
vn 0.0277841 0.746278 0.665055
vn 0.0730342 0.250081 -0.965467
vn 0.294867 0.94604 -0.134391
vn 0.608124 0.762398 -0.22121
vn 0.111625 0.975427 -0.189952
vn -0.288884 0.957156 0.0199606
vn -0.281078 0.617607 -0.734545
vn -0.51092 -0.0528409 0.858003
vn -0.675012 0.392717 0.624605
vn -0.163012 0.281997 0.945465
vn 0.0498297 0.414238 0.908804
vn 0.264386 0.0149697 0.964301
vn -0.548567 -0.573735 0.608196
vn 0.205559 -0.28581 0.93598
vn 0.167543 0.363027 0.916592
vn -0.0857821 0.297993 0.950706
vn -0.61001 0.421558 0.670952
vn -0.643674 0.415832 0.64247
vn 0.140294 0.282291 0.949015
vn -0.551827 0.650143 0.522304
vn -0.424484 0.25866 0.867703
vn -0.48764 0.199016 0.850059
vn -0.398297 0.207264 0.893533
vn -0.0032875 -0.278968 0.960295
vn -0.295426 -0.331416 0.896039
vn -0.801666 -0.206111 0.561114
vn -0.793344 -0.256056 0.552305
vn 0.403596 0.0351104 0.914263
vn -0.801051 -0.476866 0.361824
vn -0.754214 -0.656548 0.0103281
vn -0.951335 -0.296014 -0.0856592
vn -0.543648 -0.255634 0.799436
vn -0.719488 -0.646265 -0.254322
vn -0.524248 -0.556824 -0.644292
vn -0.741429 -0.670964 0.00946882
vn -0.501201 -0.865214 0.0142096
vn -0.501551 -0.864742 -0.0258183
vn -0.609732 -0.751951 0.250593
vn -0.866866 -0.493139 0.0732003
vn 0.331466 0.332009 -0.88312
vn 0.508905 -0.100364 -0.854952
vn 0.331697 0.343453 -0.878645
vn 0.377222 0.513002 -0.77106
vn 0.196128 -0.0359048 -0.979921
vn 0.259938 0.677897 -0.687669
vn 0.365254 -0.131825 -0.921527
vn 0.351968 -0.135591 -0.926139
vn 0.45829 0.476254 -0.750435
vn 0.599881 0.377141 -0.705626
vn 0.441317 -0.215324 -0.871134
vn 0.104933 0.403877 -0.908775
vn 0.453494 -0.256072 -0.853681
vn 0.39927 0.752451 -0.523833
vn 0.488262 0.390134 -0.780638
vn 0.355878 -0.345807 -0.868199
vn 0.452153 0.369259 -0.811915
vn 0.581668 0.360169 -0.729343
vn 0.538788 -0.336579 -0.772284
vn 0.236766 -0.340215 -0.910052
vn 0.222358 0.351507 -0.909395
vn 0.0435004 -0.0163937 -0.998919
vn 0.0315505 0.412942 -0.91021
vn 0.0811332 0.40299 -0.911601
vn 0.0707712 -0.0189799 -0.997312
vn 0.256645 0.408964 -0.875718
vn 0.17379 0.0248931 -0.984468
vn 0.489503 0.456165 -0.743169
vn 0.406644 0.0779299 -0.910257
vn 0.177281 -0.424295 -0.888001
vn 0.423101 0.311032 -0.851026
vn 0.368405 0.0270658 -0.929271
vn 0.238763 0.00868922 -0.971039
vn 0.359437 0.438964 -0.823478
vn 0.474545 0.15629 -0.866245
vn 0.240529 -0.220211 -0.945332
vn 0.408591 -0.226506 -0.884165
vn 0.412751 -0.33157 -0.84835
vn 0.0743598 -0.405639 -0.911004
vn 0.0353658 -0.410021 -0.91139
vn 0.0440656 -0.432811 -0.900407
vn 0.411187 -0.459794 -0.787093
vn 0.483424 0.205562 -0.850909
vn 0.342655 -0.121189 -0.931612
vn 0.285484 -0.0558355 -0.956756
vn 0.435817 0.234919 -0.868836
vn 0.554779 0.332128 -0.762831
vn 0.50834 0.0613161 -0.858971
vn 0.201391 -0.392486 -0.897439
vn 0.410253 -0.312115 -0.856899
vn 0.448436 -0.479071 -0.754583
vn 0.58188 0.079714 -0.809359
vn 0.443273 -0.182189 -0.877677
vn 0.200893 -0.00278765 -0.979609
vn 0.106931 -0.476236 -0.872792
vn 0.25536 -0.428222 -0.866844
vn 0.0846409 -0.430998 -0.898375
vn 0.148496 0.139843 -0.978975
vn 0.21751 -0.439918 -0.871299
vn 0.473104 0.125048 -0.872087
vn 0.42438 -0.49845 -0.755943
vn 0.255423 0.0803727 -0.963483
vn 0.193146 -0.244279 -0.950275
vn 0.0231024 -0.102722 -0.994442
vn 0.0730082 0.0773916 -0.994324
vn 0.0564244 0.112697 -0.992026
vn 0.0440016 -0.102122 -0.993798
vn 0.117074 0.212845 -0.970047
vn 0.123015 -0.175519 -0.97676
vn 0.141765 0.29166 -0.945958
vn 0.197597 -0.316716 -0.92771
vn -0.0278722 0.347121 -0.937406
vn -0.151951 -0.290018 -0.944881
vn 0.0968961 -0.477423 -0.873315
vn 0.000452587 -0.464158 -0.885752
vn 0.0229259 -0.496297 -0.86785
vn 0.441454 -0.546869 -0.711374
vn -0.437744 -0.322164 -0.839399
vn 0.704939 0.404512 -0.582607
vn -0.218798 0.3763 -0.900292
vn -0.451412 0.363338 -0.814992
vn -0.444894 -0.00791089 -0.895548
vn -0.758816 0.12026 -0.640106
vn -0.253977 0.966478 0.0376205
vn -0.333483 0.659323 -0.673856
vn -0.451603 0.873237 -0.183064
vn -0.115461 0.87394 0.47212
vn -0.275906 0.860673 0.427923
vn -0.19058 0.81945 0.540537
vn -0.421272 0.786236 0.452064
vn -0.36401 0.7741 0.517944
vn -0.460485 0.648229 0.606427
vn -0.418972 0.458912 0.783494
vn -0.0998066 0.447618 0.888638
vn -0.420184 0.907379 -0.0104374
vn -0.515692 0.856232 0.0304819
vn -0.119004 0.344048 0.93138
vn -0.286287 0.504381 0.814641
vn -0.295827 0.820872 0.488523
vn -0.071803 0.906361 0.416358
vn -0.0624765 0.41741 0.906568
vn -0.765805 0.463476 0.445794
vn -0.0476388 0.920134 0.388696
vn -0.0742376 0.359787 0.930077
vn -0.107174 0.731114 0.673785
vn -0.882066 0.389745 -0.264687
vn -0.905052 0.265896 0.331933
vn -0.477352 0.791844 0.380944
vn -0.0953145 0.991659 -0.0867625
vn -0.287785 0.952135 0.103044
vn -0.341345 0.916736 0.207553
vn -0.0540801 0.994319 0.0916783
vn 0.0473995 0.997128 -0.0590644
vn -0.0145894 0.950749 -0.309617
vn -0.0285972 0.978772 -0.20295
vn -0.0112871 0.989019 -0.147356
vn -0.117512 0.92842 -0.352459
vn 0.127697 0.932074 -0.339015
vn 0.309423 0.926827 -0.212717
vn -0.00153654 0.996696 -0.0812084
vn -0.105921 0.924538 -0.366075
vn -0.329748 0.909759 -0.252202
vn -0.439078 0.818741 -0.369964
vn -0.219094 0.924559 0.311752
vn -0.341501 0.844905 -0.411719
vn -0.103091 0.959849 -0.260888
vn 0.000650277 0.869151 -0.494547
vn -0.529739 0.775356 0.343802
vn -0.0221176 0.857935 -0.513281
vn -0.105539 0.907995 -0.405471
vn -0.100979 0.89567 -0.433103
vn -0.220175 0.902349 -0.370526
vn -0.125195 0.991231 -0.0422764
vn -0.198872 0.979995 0.00778203
vn -0.22869 0.913096 0.337574
vn -0.0997222 0.944407 0.31329
vn 0.00218082 0.926863 0.375394
vn -0.0110395 0.914794 0.40377
vn -0.0308132 0.933323 0.357714
vn -0.0342191 0.971314 0.235326
vn 0.0134796 0.910142 0.414078
vn -0.0916045 0.915247 0.392341
vn -0.217574 0.861916 0.457998
vn -0.301142 0.809735 -0.50363
vn -0.0989858 0.806063 0.583493
vn -0.141788 0.81284 0.564967
vn -0.106406 0.832538 0.543652
vn 0.0344719 0.864946 0.50068
vn 0.186406 0.872188 0.452262
vn 0.0837752 0.967734 0.237642
vn 0.193502 0.868934 0.455533
vn 0.251191 0.807941 0.533043
vn 0.170043 0.925078 0.339581
vn 0.0781265 0.992682 0.0920822
vn 0.314223 0.821698 0.475474
vn -0.225221 0.91126 0.344791
vn 0.34186 0.878293 0.334264
vn 0.378177 0.895363 0.235177
vn 0.22766 0.866121 0.444978
vn -0.149863 0.784116 0.602249
vn -0.107354 0.758661 0.64258
vn -0.325786 0.758 0.565066
vn -0.358404 0.932571 0.043106
vn -0.00362867 0.915029 0.403373
vn 0.184868 0.97612 -0.114072
vn -0.046442 0.998356 -0.0336073
vn -0.239619 0.97015 -0.0373086
vn 0.0369452 0.999209 -0.0147422
vn -0.381353 0.674636 -0.632009
vn -0.212979 0.929251 0.301881
vn 0.248294 0.833738 0.493185
vn 0.36859 0.919574 0.136105
vn -0.0963126 0.995123 0.021289
vn 0.0529958 0.992714 -0.108212
vn 0.0516703 0.993506 0.101373
vn 0.272194 0.903388 0.331363
vn -0.292476 0.954209 -0.0627886
vn 0.268003 0.733114 0.625074
vn -0.0535015 0.924378 0.377708
vn -0.490183 0.871579 0.00835135
vn -0.440515 0.881927 0.167784
vn 0.75793 -0.457792 0.464725
vn 0.167543 0.363027 0.916592
vn 0.205559 -0.28581 0.93598
vn 0.284716 -0.178876 0.941775
vn -0.0857821 0.297993 0.950706
vn 0.605418 -0.731543 -0.313549
vn 0.250922 -0.966395 -0.05585
vn 0.543728 -0.81422 -0.203486
vn 0.795523 -0.200385 -0.57183
vn 0.864837 0.328785 -0.379417
vn 0.84216 -0.0521048 -0.536704
vn 0.770275 0.335056 -0.542599
vn 0.865818 0.166359 -0.471893
vn 0.777257 0.368948 -0.509655
vn 0.500905 0.317611 -0.80512
vn 0.587168 -0.246149 -0.771132
vn 0.616399 0.351542 -0.704607
vn 0.688003 -0.0327902 -0.724966
vn 0.484389 0.250347 -0.838268
vn 0.615831 0.278717 -0.736932
vn 0.739848 -0.284841 -0.609501
vn 0.563284 -0.304288 -0.768193
vn 0.565081 -0.351167 -0.746569
vn 0.626971 0.205457 -0.751462
vn 0.38395 -0.365053 -0.848127
vn 0.522382 0.134417 -0.84205
vn 0.58819 0.136673 -0.79709
vn 0.44208 -0.308624 -0.84221
vn 0.473605 -0.420664 -0.773783
vn 0.858273 -0.282087 -0.428713
vn 0.587152 -0.374087 -0.717852
vn 0.837517 -0.255944 -0.48276
vn 0.482009 -0.331185 -0.811162
vn 0.4366 -0.551183 -0.71104
vn 0.719878 -0.540213 -0.435828
vn 0.659451 -0.00123437 -0.751747
vn 0.398197 0.00312074 -0.917295
vn 0.459631 -0.52176 -0.718683
vn 0.395631 -0.463837 -0.792673
vn 0.395866 -0.532627 -0.748063
vn 0.588241 -0.634307 -0.501624
vn 0.449171 -0.758361 -0.47237
vn 0.414419 -0.664106 -0.62227
vn 0.31751 -0.668192 -0.672835
vn 0.211768 -0.658081 -0.722554
vn 0.396103 -0.722648 -0.566464
vn 0.655104 -0.629945 -0.417142
vn 0.386446 -0.794614 -0.468239
vn 0.456007 -0.783926 -0.421328
vn 0.624244 -0.68233 -0.380455
vn 0.39896 -0.744812 -0.53487
vn 0.413251 -0.795639 -0.442924
vn 0.320269 -0.722439 -0.612789
vn 0.267007 -0.950394 -0.159559
vn 0.369966 -0.908735 -0.193198
vn -0.00303048 -0.911488 -0.411316
vn 0.0669359 -0.936787 0.343438
vn -0.32687 0.905555 0.270416
vn -0.202569 0.979118 0.0171465
vn -0.0624743 0.719859 0.691304
vn 0.0190886 0.999754 -0.0112917
vn -0.00839095 0.998596 -0.0522958
vn 0.295692 0.909374 -0.292584
vn -0.22325 0.960455 0.166392
vn 0.501395 0.86497 -0.020751
vn 0.322981 0.845534 0.425153
vn 0.521684 0.847753 -0.0957107
vn 0.14854 0.825446 0.544587
vn 0.245528 0.965968 -0.0813748
vn 0.345656 0.878802 -0.328981
vn 0.100106 0.994896 -0.0126462
vn 0.104125 0.952799 -0.285188
vn 0.42903 0.850154 -0.30524
vn 0.550953 0.82982 -0.0885993
vn 0.672977 0.737805 -0.0523965
vn 0.560236 0.827135 -0.0445289
vn 0.493543 0.84922 -0.187724
vn 0.462029 0.846524 -0.264435
vn 0.0400328 0.973392 -0.22562
vn -0.00261652 0.987956 -0.154715
vn 0.512169 0.858884 -0.00128376
vn 0.295692 0.909374 -0.292584
vn -0.22325 0.960455 0.166392
vn 0.0359642 0.689655 -0.723245
vn -0.469735 0.876724 -0.103462
vn -0.798887 0.601469 -0.00388025
vn -0.883798 0.439303 -0.160981
vn -0.646467 0.67056 0.363908
vn -0.127285 0.991821 -0.00947855
vn -0.403159 0.898908 -0.171541
vn -0.163087 0.986117 -0.0312326
vn -0.324559 0.901701 -0.28565
vn -0.250052 0.878616 -0.406827
vn -0.140469 0.920917 -0.363567
vn -0.372874 0.908948 0.186493
vn -0.259137 0.87683 -0.40499
vn -0.127228 0.805185 -0.579215
vn -0.0884772 0.982141 -0.166044
vn -0.429155 0.886712 -0.171953
vn -0.0736299 0.939818 -0.333649
vn -0.260261 0.851174 -0.455814
vn -0.0164919 0.906226 -0.422472
vn -0.201668 0.88773 -0.413842
vn -0.265582 0.835166 -0.481626
vn 0.203016 0.686026 -0.698679
vn -0.62773 0.568276 0.531994
vn -0.782231 0.546588 0.298925
vn -0.327118 0.902939 0.278738
vn -0.707279 0.618255 0.342807
vn -0.326749 0.85727 0.397898
vn -0.539743 0.389481 0.746312
vn -0.747907 0.523746 0.40783
vn -0.477211 0.824469 0.304172
vn -0.823902 0.499364 0.267994
vn -0.758731 0.614776 0.215353
vn 0.218157 0.766201 0.604437
vn 0.179231 0.962172 0.205185
vn -0.197602 0.833098 0.516625
vn 0.670906 0.714955 0.196786
vn 0.111625 0.975427 -0.189952
vn 0.0968698 0.456283 0.884546
vn 0.151697 -0.91667 0.369736
vn 0.75793 -0.457792 0.464725
vn 0.205559 -0.28581 0.93598
vn -0.548567 -0.573735 0.608196
vn -0.51092 -0.0528409 0.858003
vn 0.55503 0.831815 0.00509998
vn 0.910021 0.41358 -0.0285093
vn 0.868888 0.48191 -0.113122
vn 0.512169 0.858884 -0.00128376
vn 0.672977 0.737805 -0.0523965
vn 0.42903 0.850154 -0.30524
vn 0.477943 0.847176 -0.232086
vn 0.560236 0.827135 -0.0445289
vn 0.691858 0.71839 0.0724466
vn 0.720186 0.622174 0.306971
vn 0.51266 0.81109 0.281625
vn 0.706283 0.698527 0.114999
vn 0.459171 0.848555 0.262901
vn 0.36859 0.919574 0.136105
vn 0.248294 0.833738 0.493185
vn 0.349328 0.876131 -0.332212
vn 0.383575 0.901204 -0.201748
vn 0.555872 0.831242 -0.00653743
vn 0.345656 0.878802 -0.328981
vn 0.114813 0.560434 -0.820203
vn 0.104125 0.952799 -0.285188
vn 0.345046 0.536155 -0.770377
vn 0.0669124 0.949323 -0.307098
vn 0.100106 0.994896 -0.0126462
vn -0.0963126 0.995123 0.021289
vn -0.202569 0.979118 0.0171465
vn 0.0529958 0.992714 -0.108212
vn -0.193798 0.980967 -0.012053
vn -0.32687 0.905555 0.270416
vn 0.0359642 0.689655 -0.723245
vn -0.22325 0.960455 0.166392
vn -0.00839095 0.998596 -0.0522958
vn 0.295692 0.909374 -0.292584
vn -0.440515 0.881927 0.167784
vn -0.212979 0.929251 0.301881
vn 0.0514383 -0.869584 -0.491099
vn 0.393335 -0.619417 -0.679419
vn 0.21554 -0.511855 -0.831593
vn 0.228975 -0.932037 -0.280852
vn -0.0982143 -0.849333 -0.51864
vn 0.292096 -0.843545 -0.450679
vn -0.14535 -0.809558 -0.568761
vn 0.780769 -0.511917 -0.358248
vn -0.0597674 -0.912369 -0.404982
vn -0.605452 -0.786509 0.121783
vn -0.434973 -0.876256 0.207302
vn -0.308835 -0.918464 -0.247072
vn -0.098291 -0.855234 -0.508836
vn -0.045531 -0.998392 -0.0337704
vn -0.265012 -0.963357 0.0413657
vn 0.608124 0.762398 -0.22121
vn 0.0968698 0.456283 0.884546
vn 0.111625 0.975427 -0.189952
vn 0.294867 0.94604 -0.134391
vn -0.288884 0.957156 0.0199606
vn -0.823902 0.499364 0.267994
vn -0.455086 0.297422 0.839307
vn -0.782231 0.546588 0.298925
vn -0.332999 0.420243 0.844102
vn -0.646467 0.67056 0.363908
vn -0.758731 0.614776 0.215353
vn -0.786997 0.612782 0.0716459
vn -0.806049 0.517938 -0.286399
vn -0.652696 0.663551 0.365632
vn -0.411815 0.405953 0.81585
vn -0.279437 0.0904004 0.955899
vn -0.937347 0.183712 0.296023
vn -0.455983 0.531336 0.713976
vn -0.396292 0.897593 0.193077
vn -0.358404 0.932571 0.043106
vn -0.89078 0.453893 0.0221853
vn -0.529739 0.775356 0.343802
vn 0.0516703 0.993506 0.101373
vn -0.249922 0.611935 0.750383
vn -0.219094 0.924559 0.311752
vn -0.305541 0.795234 0.523687
vn -0.193798 0.980967 -0.012053
vn -0.440515 0.881927 0.167784
vn -0.287785 0.952135 0.103044
vn -0.0540801 0.994319 0.0916783
vn 0.0529958 0.992714 -0.108212
vn -0.260307 -0.386573 -0.884761
vn -0.26555 -0.826962 -0.495597
vn -0.683567 -0.0171957 -0.729685
vn 0.0355366 -0.973297 -0.226782
vn 0.112997 -0.686714 -0.718092
vn 0.00993136 -0.993393 -0.114335
vn 0.0397734 -0.490327 -0.870631
vn 0.0879539 -0.88435 -0.458464
vn 0.00321852 -0.891421 -0.453164
vn 0.00840425 -0.899121 -0.43762
vn -0.0230072 -0.896868 -0.4417
vn 0.0199727 -0.905195 -0.424527
vn 0.563452 -0.645726 -0.515325
vn 0.327613 -0.731031 -0.598551
vn 0.723322 -0.579568 -0.375375
vn 0.10167 -0.774569 -0.624265
vn 0.019974 -0.522807 -0.852217
vn 0.524247 -0.513689 -0.679182
vn -0.788157 0.302504 -0.536004
vn 0.556098 0.644812 -0.524379
vn 0.651649 0.537231 -0.535478
vn 0.704939 0.404512 -0.582607
vn 0.483409 0.248552 -0.839367
vn 0.684456 0.671563 -0.283767
vn 0.447992 0.559191 -0.697574
vn 0.355229 0.514588 -0.780392
vn 0.421464 0.59398 -0.685241
vn 0.385744 0.593088 -0.706716
vn 0.473104 0.125048 -0.872087
vn 0.331855 0.594607 -0.732335
vn 0.396687 0.597187 -0.697142
vn 0.212051 0.851073 -0.480322
vn 0.324863 0.451726 -0.830908
vn 0.255423 0.0803727 -0.963483
vn 0.155563 0.775569 -0.611795
vn 0.0164597 0.920519 -0.390352
vn 0.094946 0.758707 -0.644476
vn 0.135284 0.493511 -0.859154
vn 0.148496 0.139843 -0.978975
vn 0.0730082 0.0773916 -0.994324
vn 0.0483245 0.412933 -0.909479
vn 0.0370069 0.572451 -0.819104
vn 0.153611 0.428005 -0.890626
vn 0.141111 0.607273 -0.781862
vn 0.275864 0.510019 -0.814727
vn 0.290354 0.638269 -0.712956
vn 0.339783 0.594923 -0.728433
vn 0.118423 0.622033 -0.773984
vn 0.0176441 0.613638 -0.789391
vn 0.366464 0.639839 -0.675507
vn 0.352425 0.633343 -0.688965
vn 0.0874246 0.859136 -0.504225
vn 0.334857 0.764729 -0.550509
vn 0.25724 0.850931 -0.457978
vn 0.0858662 0.836067 -0.541867
vn 0.0859256 0.699386 -0.709561
vn 0.412861 0.573728 -0.707377
vn 0.0507494 0.711925 -0.700419
vn -0.0278722 0.347121 -0.937406
vn 0.200893 -0.00278765 -0.979609
vn 0.117074 0.212845 -0.970047
vn 0.141765 0.29166 -0.945958
vn -0.0399264 0.900551 -0.432914
vn 0.0564244 0.112697 -0.992026
vn 0.379601 0.758733 -0.529364
vn 0.58188 0.079714 -0.809359
vn 0.193214 0.927592 -0.319752
vn 0.619155 0.773716 0.134201
vn 0.307317 0.797353 -0.519408
vn 0.543348 0.747848 -0.381439
vn 0.421442 0.815418 -0.396837
vn 0.398015 0.772451 -0.494877
vn -0.0453004 0.877997 -0.476518
vn 0.0134083 0.889896 -0.455966
vn -0.35308 0.840074 -0.411838
vn -0.149799 0.9123 -0.38114
vn 0.380895 0.83638 -0.394192
vn 0.331832 0.884787 -0.327168
vn -0.139328 0.889066 -0.436061
vn -0.0142638 0.987046 -0.1598
vn 0.357124 0.933563 0.0303821
vn -0.0282948 0.970367 -0.239973
vn 0.615656 0.787633 0.024541
vn 0.0309008 0.98956 -0.140772
vn -0.0925873 0.990424 0.102411
vn 0.16409 0.962622 0.215485
vn -0.104813 0.99345 -0.0455119
vn 0.362451 0.93157 -0.0284066
vn -0.16855 0.969902 0.175729
vn -0.244289 0.960183 -0.135539
vn -0.326041 0.927711 0.181794
vn -0.409159 0.881187 0.23685
vn -0.233155 0.964237 0.126038
vn -0.287078 0.954354 0.08243
vn -0.144447 0.980868 0.130511
vn -0.171254 0.943394 0.284043
vn -0.190613 0.881963 0.431054
vn -0.011012 0.999625 0.0250856
vn -0.141665 0.916463 0.374202
vn -0.127051 0.941894 0.310956
vn -0.20149 0.926267 0.318482
vn 0.171284 0.93119 0.321787
vn 0.265791 0.94044 0.211962
vn 0.570046 0.756173 0.321327
vn 0.526103 0.845866 0.0879004
vn -0.0184368 -0.0337258 -0.999261
vn -0.633305 -0.761221 0.139528
vn -0.399042 0.356909 -0.844619
vn -0.0151921 -0.999085 0.0399877
vn -0.301505 0.263905 0.916214
vn -0.633305 -0.761221 0.139528
vn -0.420162 -0.887817 -0.187737
vn -0.558827 -0.798419 -0.224144
vn -0.525725 -0.563418 -0.637317
vn -0.468314 -0.434473 -0.769361
vn -0.517016 -0.805292 -0.290172
vn -0.864244 -0.43591 -0.251126
vn -0.495839 -0.830718 -0.253084
vn -0.690342 -0.668336 -0.277045
vn -0.538918 -0.817106 0.204709
vn -0.687757 -0.666753 -0.287106
vn -0.817779 -0.537742 -0.205113
vn -0.848683 -0.402112 0.343573
vn -0.234311 -0.935619 0.264035
vn 0.430045 -0.766918 0.476339
vn -0.170165 -0.450095 0.876618
vn 0.00480749 -0.895268 0.445503
vn 0.651232 -0.709548 0.269145
vn -0.470807 -0.560362 0.681421
vn -0.184117 -0.893664 0.409226
vn -0.431758 -0.678679 0.594121
vn -0.171254 0.943394 0.284043
vn -0.409159 0.881187 0.23685
vn -0.287078 0.954354 0.08243
vn -0.543648 -0.255634 0.799436
vn -0.951335 -0.296014 -0.0856592
vn -0.76244 0.62592 0.164044
vn 0.730117 0.160112 0.664299
vn 0.233858 0.725282 0.647515
vn 0.758633 0.324505 0.564953
vn 0.366482 0.753287 0.546122
vn -0.484423 -0.800304 -0.353337
vn -0.752678 -0.640739 -0.151421
vn -0.470196 -0.759119 -0.450171
vn 0.824238 0.322564 0.465386
vn 0.833361 0.160192 0.529006
vn 0.388517 0.762744 0.516987
vn -0.190613 0.881963 0.431054
vn 0.265791 0.94044 0.211962
vn -0.127051 0.941894 0.310956
vn 0.877071 0.277375 0.392186
vn -0.197602 0.833098 0.516625
vn 0.179231 0.962172 0.205185
vn -0.527171 -0.121346 0.84105
vn -0.52122 0.013706 0.853312
vn -0.238099 0.327097 0.914504
vn -0.305865 -0.0431066 0.951099
vn -0.184288 0.383486 0.904973
vn -0.477436 0.344168 0.808457
vn -0.229149 -0.094822 0.968762
vn -0.730128 0.174154 0.660744
vn -0.707958 0.00975011 0.706187
vn -0.377571 0.29236 0.878616
vn -0.37216 -0.395399 0.839736
vn -0.828978 -0.107895 0.548775
vn -0.31987 0.274284 0.906891
vn -0.852116 0.32996 0.406232
vn -0.751542 0.319579 0.577108
vn -0.366336 0.794546 0.484247
vn -0.51979 0.701552 0.487487
vn -0.2635 0.870636 0.415405
vn -0.485479 0.819 0.305858
vn -0.192165 0.83086 0.52225
vn -0.534263 0.771711 0.345
vn -0.162556 0.797029 0.581653
vn -0.326041 0.927711 0.181794
vn -0.233155 0.964237 0.126038
vn -0.444387 0.838012 0.316633
vn -0.144447 0.980868 0.130511
vn -0.276377 0.826316 0.490732
vn -0.505052 0.702794 0.501002
vn -0.141665 0.916463 0.374202
vn -0.240838 0.725181 0.645065
vn -0.112971 0.760913 0.638943
vn -0.0925873 0.990424 0.102411
vn 0.16409 0.962622 0.215485
vn 0.152678 0.872023 0.465044
vn 0.0162416 0.941769 0.335868
vn -0.256375 0.710545 0.655284
vn -0.345871 0.628072 0.697065
vn -0.0972095 0.862844 0.496035
vn 0.0196809 0.888385 0.458677
vn -0.220393 0.433763 0.873657
vn -0.400544 0.595532 0.696352
vn -0.289964 0.4216 0.85917
vn -0.227527 0.663753 0.712505
vn -0.141471 0.594182 0.791791
vn 0.0802413 0.884171 0.460221
vn -0.00337604 0.844733 0.535178
vn 0.169851 0.887187 0.429011
vn -0.273717 0.540937 0.795277
vn -0.256333 0.732397 0.630783
vn -0.164676 0.791775 0.588196
vn -0.258742 0.310112 0.914813
vn -0.303703 0.595702 0.743575
vn -0.0931459 0.850121 0.518284
vn -0.483473 0.572851 0.661888
vn -0.138523 0.699216 0.701362
vn -0.261713 0.551203 0.792263
vn -0.426046 0.227358 0.875667
vn -0.595451 0.272846 0.755641
vn -0.610056 0.407576 0.679495
vn -0.749537 0.045683 0.660384
vn -0.222556 0.683218 0.695473
vn 0.150057 0.720294 0.677244
vn 0.113469 0.640646 0.759406
vn -0.117553 0.286948 0.950706
vn 0.162701 0.207335 0.964645
vn 0.177183 0.461233 0.869408
vn -0.20149 0.926267 0.318482
vn -0.0731138 0.747488 0.660239
vn -0.345095 0.310595 0.885686
vn -0.231436 0.462489 0.855886
vn -0.309106 0.538816 0.783665
vn 0.146214 0.734678 0.662472
vn -0.440407 0.821794 0.361519
vn 0.171284 0.93119 0.321787
vn -0.12294 0.175699 0.976737
vn 0.0988929 0.899048 0.426537
vn -0.487342 0.484006 0.726798
vn -0.0961109 0.753207 0.650725
vn -0.099961 0.51961 0.848536
vn -0.0811728 0.426961 0.900619
vn -0.0739216 0.85864 0.50722
vn -0.344517 0.451122 0.823284
vn -0.31318 0.776735 0.546444
vn -0.57887 0.476532 0.661685
vn -0.362955 0.839583 0.404183
vn -0.31361 0.822683 0.474174
vn -0.614206 0.0963736 0.783239
vn -0.616722 0.361074 0.699485
vn -0.29063 0.0402169 0.95599
vn -0.417009 0.842387 0.341302
vn -0.455953 0.174297 0.87277
vn -0.506655 0.243658 0.827002
vn -0.109896 0.883232 0.455878
vn -0.404171 -0.349376 0.84533
vn -0.461022 -0.402486 0.790863
vn -0.462848 0.47586 0.747883
vn -0.431727 0.177324 0.884403
vn -0.506664 -0.366595 0.78032
vn -0.383671 0.378753 0.842225
vn -0.202314 -0.407149 0.890673
vn -0.162911 0.0949489 0.982061
vn -0.412571 0.278662 0.867256
vn -0.139844 0.47209 0.870388
vn -0.0311471 0.101735 0.994324
vn -0.0827157 0.507845 0.857468
vn -0.111287 0.887212 0.447739
vn -0.0721814 0.861938 0.501849
vn 0.00572845 0.999445 0.0328184
vn -0.0246461 0.983367 0.179951
vn -0.0288214 0.159819 0.986725
vn 0.0841561 -0.37037 0.925064
vn 0.29888 -0.0219939 0.954037
vn -0.0716733 0.373849 0.924716
vn 0.104486 0.655666 0.747787
vn -0.123592 0.741192 0.659817
vn -0.0423581 0.819688 0.571241
vn -0.0689674 0.825371 0.560362
vn -0.212121 0.734354 0.644771
vn -0.14604 0.898857 0.413192
vn -0.271725 0.798981 0.536465
vn -0.296151 0.777511 0.554771
vn -0.813932 0.556659 0.166272
vn -0.354286 0.88646 0.297774
vn -0.48656 0.824568 0.288699
vn -0.135861 0.855756 0.499222
vn -0.324205 0.578725 0.748311
vn -0.260838 0.769658 0.582743
vn -0.405713 0.611048 0.679719
vn -0.0325642 -0.399271 0.916255
vn -0.532675 0.17611 0.827794
vn -0.514926 0.0996602 0.851422
vn -0.447182 0.41673 0.791432
vn -0.224364 0.567532 0.792192
vn 0.506775 0.813316 0.285824
vn -0.137124 0.913626 0.382733
vn 0.0653534 0.975035 0.212217
vn -0.395427 0.454622 0.798095
vn -0.427783 0.431639 0.79416
vn -0.516568 0.0742919 0.853017
vn -0.49865 0.10456 0.860474
vn -0.114771 0.830671 0.544806
vn 0.311261 0.917709 0.246834
vn 0.295578 0.946524 -0.129328
vn 0.133494 0.871351 0.472151
vn 0.351163 0.834466 0.424679
vn -0.155814 0.941592 0.298542
vn -0.214238 0.403022 0.889761
vn -0.504783 0.323915 0.800171
vn -0.567397 -0.136238 0.812096
vn -0.207668 0.849027 0.485826
vn -0.636355 0.729817 0.249839
vn -0.232895 0.867903 0.438753
vn 0.0189961 0.848868 0.528263
vn -0.277702 0.934119 -0.224284
vn 0.249884 0.930713 -0.267078
vn 0.365756 0.920203 0.139461
vn 0.00252173 0.882578 0.470159
vn -0.417931 0.0364692 0.907746
vn -0.732225 -0.0527447 0.679018
vn -0.518404 0.323952 0.791399
vn -0.756925 0.231084 0.611281
vn -0.110919 0.849821 0.515269
vn -0.376511 0.662798 0.647254
vn -0.84806 0.29903 0.437464
vn -0.472228 0.0120654 0.881394
vn -0.560348 0.14022 0.816301
vn -0.579184 0.322634 0.748634
vn -0.385449 0.528999 0.756035
vn 0.302594 0.685692 0.662015
vn -0.429493 0.797348 0.423996
vn -0.351809 0.891563 -0.285213
vn -0.280392 0.359726 0.889931
vn -0.0191696 0.834993 0.549927
vn 0.126383 0.467147 0.8751
vn 0.360551 0.308545 0.880229
vn 0.328255 0.670709 0.66513
vn 0.359207 0.417141 0.834843
vn -0.534546 0.844756 -0.025431
vn -0.354875 0.906286 0.229584
vn -0.416096 0.175549 0.892215
vn -0.570958 0.792704 -0.213607
vn -0.20665 0.977605 -0.0398123
vn -0.640302 -0.31696 0.699678
vn -0.368398 -0.0945129 0.924851
vn -0.799136 0.223602 0.558017
vn -0.227759 0.791083 0.567727
vn -0.539854 0.550707 0.636616
vn -0.289944 0.133858 0.947636
vn -0.293179 -0.0871475 0.952078
vn -0.676654 0.137417 0.723365
vn -0.610056 0.407576 0.679495
vn -0.12294 0.175699 0.976737
vn -0.676654 0.137417 0.723365
vn -0.261713 0.551203 0.792263
vn -0.2635 0.870636 0.415405
vn -0.227527 0.663753 0.712505
vn -0.0731138 0.747488 0.660239
vn -0.426046 0.227358 0.875667
vn -0.527171 -0.121346 0.84105
vn -0.12294 0.175699 0.976737
vn -0.405713 0.611048 0.679719
vn -0.539854 0.550707 0.636616
vn -0.362955 0.839583 0.404183
vn -0.155814 0.941592 0.298542
vn -0.114771 0.830671 0.544806
vn 0.0653534 0.975035 0.212217
vn -0.110919 0.849821 0.515269
vn 0.295578 0.946524 -0.129328
vn -0.227759 0.791083 0.567727
vn -0.0246461 0.983367 0.179951
vn -0.14604 0.898857 0.413192
vn 0.00252173 0.882578 0.470159
vn -0.51979 0.701552 0.487487
vn -0.444387 0.838012 0.316633
vn -0.440407 0.821794 0.361519
vn -0.505052 0.702794 0.501002
vn -0.799136 0.223602 0.558017
vn -0.595451 0.272846 0.755641
vn -0.799136 0.223602 0.558017
vn -0.749537 0.045683 0.660384
vn -0.579184 0.322634 0.748634
vn -0.31987 0.274284 0.906891
vn -0.31987 0.274284 0.906891
vn -0.730128 0.174154 0.660744
vn -0.431991 0.673025 0.600351
vn -0.852116 0.32996 0.406232
vn 0.672345 0.717355 -0.182629
vn 0.597155 0.802119 -0.00317778
vn 0.505532 0.820443 -0.267042
vn 0.845284 0.526423 0.0915103
vn 0.900503 0.428041 -0.0766509
vn 0.975646 0.16138 -0.148561
vn 0.681782 0.671863 0.289437
vn 0.939537 0.323548 -0.112194
vn 0.966854 0.246472 -0.0666666
vn 0.931692 0.335333 0.139647
vn 0.979897 0.180893 0.0841443
vn 0.998302 -0.0446469 -0.0374051
vn 0.952244 0.112175 -0.283987
vn 0.985762 0.138869 -0.0948098
vn 0.999603 -0.0198562 0.0200076
vn 0.929888 -0.35133 -0.108973
vn 0.92681 -0.375225 -0.0151859
vn 0.996271 -0.0674828 -0.0537515
vn 0.666112 0.706564 0.238877
vn 0.779127 0.620221 -0.0910302
vn 0.932132 0.341377 0.120793
vn 0.897306 0.389928 -0.206876
vn 0.869824 -0.268216 -0.414085
vn 0.901983 0.365694 -0.229552
vn 0.932132 0.351356 -0.0876326
vn 0.741833 0.635759 0.213292
vn 0.535674 0.760523 -0.366957
vn 0.381777 0.892815 0.239013
vn 0.398272 0.915039 0.0638985
vn 0.264687 0.864603 0.427087
vn 0.517235 0.682028 0.517015
vn 0.762836 0.51138 0.395692
vn 0.465864 0.86391 -0.191392
vn 0.740552 0.393472 -0.544759
vn 0.343228 0.850012 -0.399592
vn 0.586264 0.810053 0.0104055
vn 0.78485 0.328363 -0.525536
vn 0.701458 0.264518 -0.661806
vn 0.730527 0.456443 -0.507928
vn 0.878169 0.146256 -0.455443
vn 0.607724 0.310279 -0.731026
vn 0.696556 0.699924 -0.157848
vn 0.101423 0.979238 0.175518
vn 0.151495 0.98712 0.0514055
vn 0.532639 0.828206 -0.174271
vn 0.414384 0.823645 0.387162
vn 0.746008 0.601088 0.286645
vn 0.844316 0.481966 -0.234176
vn 0.930377 0.185785 -0.316043
vn 0.756533 0.170476 -0.631344
vn 0.690797 0.383358 -0.613054
vn 0.913096 -0.0873701 -0.398275
vn 0.689391 0.201803 -0.695712
vn 0.850446 0.34695 -0.395433
vn 0.746339 0.662648 0.0622492
vn 0.908944 0.412689 0.0592387
vn 0.729094 0.370357 0.575549
vn 0.819643 -0.129873 -0.557958
vn 0.908656 -0.171865 -0.380535
vn 0.739187 0.667554 0.0893034
vn 0.794549 0.603499 -0.0669339
vn 0.712214 0.694991 -0.0986835
vn 0.957912 0.285532 0.0295967
vn 0.911666 0.410746 0.0123248
vn 0.899592 0.123678 0.418854
vn 0.835852 0.385674 0.39065
vn 0.555872 0.831242 -0.00653743
vn 0.910021 0.41358 -0.0285093
vn 0.897509 0.433096 -0.0830976
vn 0.512169 0.858884 -0.00128376
vn 0.879627 0.473874 0.0412327
vn 0.462029 0.846524 -0.264435
vn 0.838347 0.510328 -0.191677
vn 0.953048 0.288979 0.0904984
vn 0.470849 0.479927 -0.740251
vn 0.514357 0.591628 -0.620817
vn 0.493543 0.84922 -0.187724
vn 0.512156 0.675525 -0.530436
vn 0.739128 0.59528 0.31517
vn 0.573125 0.50382 -0.646292
vn 0.605703 0.657162 -0.448622
vn 0.657825 0.640316 -0.396562
vn 0.484206 0.798259 -0.358226
vn 0.883052 0.38193 -0.27267
vn 0.907982 0.415126 -0.056916
vn 0.761873 0.499391 -0.412502
vn 0.47205 0.686632 -0.552906
vn 0.550953 0.82982 -0.0885993
vn 0.419948 0.756425 -0.501463
vn 0.372609 0.622757 -0.687994
vn 0.52502 0.565315 -0.636218
vn 0.543303 0.512687 -0.664811
vn 0.262188 0.844261 -0.467419
vn 0.379318 0.461204 -0.802127
vn 0.459902 0.490353 -0.7403
vn 0.188866 0.741908 -0.643352
vn 0.465364 0.584026 -0.665095
vn 0.238171 0.523536 -0.818037
vn 0.372268 0.36838 -0.851887
vn 0.225814 0.58506 -0.778918
vn 0.44733 0.579859 -0.680926
vn 0.727203 0.535737 -0.429141
vn 0.544995 0.733288 -0.406532
vn 0.838046 0.396304 -0.374996
vn 0.510399 0.77998 -0.362109
vn 0.772905 0.337195 -0.537511
vn 0.27336 0.694352 -0.665695
vn 0.304299 0.380437 -0.87331
vn 0.502417 0.297774 -0.811731
vn 0.225517 0.335429 -0.914674
vn 0.286036 0.829111 -0.480373
vn 0.720186 0.622174 0.306971
vn 0.335924 0.809222 -0.481991
vn 0.771977 0.534174 0.344542
vn 0.850358 0.521064 -0.0733709
vn 0.696043 0.432109 -0.573416
vn 0.750012 0.425589 -0.506316
vn 0.777737 0.499595 -0.381483
vn 0.894458 0.368382 -0.253456
vn 0.812131 0.491359 -0.314659
vn 0.903554 0.360721 -0.231238
vn 0.581108 0.782466 -0.223744
vn 0.784716 0.574123 -0.233672
vn 0.896506 0.379894 -0.227944
vn 0.504462 0.373998 -0.778231
vn 0.600928 0.750036 -0.276281
vn 0.789901 0.589051 0.170515
vn 0.964494 0.262271 -0.0310746
vn 0.210587 0.590733 -0.778901
vn 0.457801 0.156258 -0.875215
vn 0.436612 0.786252 -0.43724
vn 0.820092 0.391418 -0.417421
vn 0.86539 0.344702 -0.363705
vn 0.639451 0.692368 -0.33426
vn 0.682571 0.624085 -0.380281
vn 0.697391 0.29176 -0.654615
vn 0.93951 0.179296 -0.291847
vn 0.824238 0.322564 0.465386
vn 0.80441 0.473463 -0.358829
vn 0.348988 0.630897 -0.692947
vn 0.703944 0.467109 -0.535044
vn 0.650575 0.693362 0.309841
vn 0.403875 0.748212 -0.526369
vn 0.521684 0.847753 -0.0957107
vn 0.326148 0.742846 -0.584642
vn 0.372375 0.733901 -0.56809
vn 0.501395 0.86497 -0.020751
vn 0.24852 0.804866 -0.538915
vn 0.851579 0.426875 0.304287
vn 0.213608 0.526183 -0.823106
vn 0.853746 0.273918 -0.442817
vn 0.639191 0.721305 -0.266747
vn 0.706374 0.475236 -0.524582
vn 0.789901 0.589051 0.170515
vn 0.650575 0.693362 0.309841
vn 0.639191 0.721305 -0.266747
vn 0.794549 0.603499 -0.0669339
vn 0.964494 0.262271 -0.0310746
vn 0.953048 0.288979 0.0904984
vn 0.581108 0.782466 -0.223744
vn 0.639191 0.721305 -0.266747
vn 0.779127 0.620221 -0.0910302
vn 0.639451 0.692368 -0.33426
vn 0.975646 0.16138 -0.148561
vn 0.672345 0.717355 -0.182629
vn 0.853746 0.273918 -0.442817
vn 0.535674 0.760523 -0.366957
vn 0.740552 0.393472 -0.544759
vn 0.899592 0.123678 0.418854
vn 0.762836 0.51138 0.395692
vn 0.851579 0.426875 0.304287
vn 0.597155 0.802119 -0.00317778
vn 0.696556 0.699924 -0.157848
vn 0.505532 0.820443 -0.267042
vn 0.398272 0.915039 0.0638985
vn 0.348851 0.821437 0.451159
vn 0.266887 0.950515 0.159037
vn 0.838347 0.510328 -0.191677
vn 0.907982 0.415126 -0.056916
vn 0.706374 0.475236 -0.524582
vn 0.573125 0.50382 -0.646292
vn 0.696043 0.432109 -0.573416
vn 0.750012 0.425589 -0.506316
vn 0.510399 0.77998 -0.362109
vn 0.838046 0.396304 -0.374996
vn 0.600928 0.750036 -0.276281
vn 0.448812 0.865846 -0.221084
vn 0.777737 0.499595 -0.381483
vn 0.903554 0.360721 -0.231238
vn 0.436612 0.786252 -0.43724
vn 0.877649 0.156317 -0.453098
vn 0.457801 0.156258 -0.875215
vn 0.286036 0.829111 -0.480373
vn 0.682571 0.624085 -0.380281
vn 0.932132 0.351356 -0.0876326
vn 0.820092 0.391418 -0.417421
vn 0.896506 0.379894 -0.227944
vn 0.820092 0.391418 -0.417421
vn 0.996271 -0.0674828 -0.0537515
vn 0.902607 -0.140189 -0.406998
vn 0.446908 -0.231326 -0.864153
vn 0.504462 0.373998 -0.778231
vn 0.878169 0.146256 -0.455443
vn 0.897306 0.389928 -0.206876
vn 0.86539 0.344702 -0.363705
vn 0.93951 0.179296 -0.291847
vn 0.901983 0.365694 -0.229552
vn 0.812131 0.491359 -0.314659
vn 0.639451 0.692368 -0.33426
vn 0.682571 0.624085 -0.380281
vn 0.730527 0.456443 -0.507928
vn 0.703944 0.467109 -0.535044
vn 0.690797 0.383358 -0.613054
vn 0.697391 0.29176 -0.654615
vn 0.697391 0.29176 -0.654615
vn 0.522961 -0.075265 -0.849027
vn 0.607724 0.310279 -0.731026
vn 0.836604 -0.122347 -0.533971
vn 0.819643 -0.129873 -0.557958
vn 0.225814 0.58506 -0.778918
vn 0.210587 0.590733 -0.778901
vn 0.304299 0.380437 -0.87331
vn -0.402731 0.363055 0.840238
vn -0.930536 0.342691 0.129098
vn -0.636917 0.729029 0.250706
vn -0.34677 0.397497 0.849556
vn -0.0412131 0.076134 0.996246
vn -0.0620539 0.00929705 0.998029
vn -0.618231 0.754832 0.219134
vn -0.0162006 0.0442989 0.998887
vn -0.13361 0.3052 0.942869
vn 0.284716 -0.178876 0.941775
vn -0.318301 0.187993 0.929163
vn -0.240889 -0.419304 0.875304
vn 0.0133134 -0.384495 0.923031
vn 0.15617 -0.0552248 0.986185
vn -0.598657 0.794204 0.104159
vn 0.0565486 -0.252647 0.965905
vn 0.75793 -0.457792 0.464725
vn -0.0218806 0.0398512 0.998966
vn -0.466576 0.137432 0.873739
vn -0.895044 -0.390937 0.214628
vn -0.999831 0.01839 1.44262e-06
vn -0.369901 0.92907 0.00133819
vn -0.87241 -0.480425 0.0899656
vn 0.151697 -0.91667 0.369736
vn -0.51092 -0.0528409 0.858003
vn 0.356198 -0.222198 0.907607
vn -0.0857821 0.297993 0.950706
vn -0.0032875 -0.278968 0.960295
vn 0.218901 -0.381293 0.898163
vn -0.0998066 0.447618 0.888638
vn -0.418972 0.458912 0.783494
vn -0.119004 0.344048 0.93138
vn -0.0966151 0.337147 0.936481
vn -0.111299 -0.0167515 0.993646
vn 0.077687 0.171793 0.982065
vn -0.0464762 0.0736471 0.996201
vn -0.286287 0.504381 0.814641
vn -0.0624765 0.41741 0.906568
vn -0.0975165 0.321908 0.941736
vn -0.200899 0.364906 0.909111
vn -0.232184 -0.0219499 0.972424
vn -0.0742376 0.359787 0.930077
vn -0.26368 0.28732 0.920826
vn -0.107174 0.731114 0.673785
vn -0.203368 0.545427 0.813112
vn -0.107354 0.758661 0.64258
vn -0.217978 -0.135192 0.966545
vn -0.205821 -0.16359 0.964819
vn -0.0893494 -0.492377 0.865784
vn -0.127034 -0.432017 0.892874
vn -0.214904 -0.0591172 0.974844
vn -0.28505 -0.414381 0.864312
vn -0.12191 -0.193498 0.973497
vn -0.398334 -0.330159 0.85576
vn -0.519472 -0.230779 0.822733
vn -0.45659 -0.368736 0.809666
vn -0.325003 -0.444874 0.834542
vn -0.59806 -0.024253 0.801084
vn -0.431758 -0.678679 0.594121
vn -0.184117 -0.893664 0.409226
vn -0.549527 0.0137152 0.835363
vn -0.451806 -0.0435791 0.891051
vn -0.118951 0.0231017 0.992631
vn -0.105556 0.0856114 0.990721
vn -0.312214 0.379043 0.87112
vn -0.0578313 0.0530289 0.996917
vn -0.274778 0.279763 0.919908
vn 0.597375 0.386235 0.702826
vn 0.480391 0.170088 0.860404
vn 0.0787993 0.406833 0.910098
vn -0.170165 -0.450095 0.876618
vn -0.470807 -0.560362 0.681421
vn -0.436244 0.362287 0.823674
vn -0.647852 -0.146265 0.747593
vn -0.581376 -0.0913999 0.808485
vn -0.439216 -0.203009 0.875144
vn -0.401528 -0.0670058 0.913392
vn -0.106879 -0.107088 0.988488
vn -0.200076 -0.175346 0.963962
vn -0.467943 -0.219635 0.856031
vn -0.512851 -0.304554 0.80264
vn -0.168089 -0.129634 0.977211
vn -0.130059 -0.159099 0.978658
vn 0.0123073 -0.467397 0.883962
vn 0.0364924 -0.319488 0.946887
vn 0.0398876 -0.298812 0.953478
vn -0.288739 -0.398885 0.870356
vn -0.121389 -0.402994 0.907117
vn -0.121308 0.583741 0.802827
vn -0.136672 -0.00215496 0.990614
vn 0.26531 -0.0279264 0.963759
vn 0.071045 -0.380639 0.92199
vn 0.230855 -0.351326 0.907345
vn -0.765805 0.463476 0.445794
vn -0.905052 0.265896 0.331933
vn 0.330957 -0.0825057 0.940032
vn -0.00551306 -0.23286 0.972495
vn -0.174979 0.98456 0.00491428
vn -0.272656 0.385652 0.881437
vn -0.519909 0.498955 0.693354
vn 0.0639621 0.607114 0.792037
vn -0.212041 -0.153612 0.965112
vn -0.255241 -0.346879 0.902511
vn -0.124472 -0.167592 0.977967
vn 0.218474 -0.288883 0.932103
vn -0.299772 -0.270837 0.914759
vn 0.266896 0.362679 0.892878
vn -0.318427 0.357252 0.878052
vn 0.546825 0.238261 0.802629
vn 0.299998 0.702818 0.645018
vn -0.242118 0.588167 0.771647
vn -0.442458 0.279955 0.851972
vn -0.065097 0.599508 0.797717
vn 0.321567 0.698316 0.639492
vn 0.251191 0.807941 0.533043
vn 0.421814 0.609416 0.671331
vn 0.170043 0.925078 0.339581
vn 0.369318 0.45752 0.808876
vn 0.21426 0.550605 0.806801
vn 0.321449 0.660855 0.67819
vn 0.284204 0.484768 0.827181
vn 0.184827 0.0954677 0.978123
vn 0.40363 0.291921 0.867102
vn 0.245149 -0.0364298 0.968801
vn 0.0338715 0.0851982 0.995788
vn 0.0736512 0.00695152 0.99726
vn 0.123763 0.048951 0.991104
vn 0.355429 -0.0976252 0.929591
vn 0.24546 -0.339589 0.907981
vn 0.140181 -0.29763 0.944333
vn -0.0662877 -0.251816 0.965502
vn 0.0937115 -0.404351 0.90979
vn 0.047603 -0.274948 0.96028
vn 0.453341 -0.533191 0.714275
vn -0.46766 -0.456173 0.7571
vn -0.552883 -0.327726 0.766104
vn 0.33936 -0.436916 0.83303
vn 0.431816 -0.311566 0.846441
vn 0.51078 -0.361183 0.780161
vn 0.263454 -0.425232 0.865893
vn 0.384279 -0.523236 0.760627
vn 0.184983 -0.0353633 0.982105
vn -0.279839 -0.502258 0.818185
vn 0.191124 -0.472723 0.860235
vn 0.490808 -0.444663 0.749255
vn -0.285608 -0.010454 0.95829
vn -0.442838 -0.0393045 0.89574
vn -0.345372 -0.240544 0.907114
vn -0.331895 -0.131024 0.934173
vn 0.0148609 -0.449985 0.892913
vn -0.336237 -0.3646 0.868338
vn -0.729709 -0.123568 0.6725
vn -0.455532 -0.419395 0.785238
vn -0.698359 -0.3455 0.626836
vn -0.306396 -0.215468 0.927197
vn -0.347713 -0.775777 0.52656
vn -0.171216 -0.729826 0.661845
vn -0.349283 -0.275936 0.895467
vn 0.238722 -0.487017 0.840135
vn -0.161035 -0.436864 0.884996
vn -0.0961942 -0.0902742 0.99126
vn -0.0550576 -0.0233706 0.99821
vn -0.0939916 -0.127455 0.987381
vn 0.647615 -0.472756 0.597576
vn -0.0467937 -0.0124822 0.998827
vn -0.126647 -0.391324 0.911497
vn 0.402493 -0.375533 0.83485
vn -0.0476325 0.00618274 0.998846
vn -0.139106 0.182552 0.973306
vn 0.0153212 0.332561 0.942957
vn -0.166137 0.280333 0.945416
vn 0.0301252 0.60344 0.796839
vn 0.114984 0.862924 0.492079
vn 0.348851 0.821437 0.451159
vn 0.283946 0.637031 0.716635
vn 0.148416 0.866483 0.476633
vn 0.101423 0.979238 0.175518
vn 0.000102812 0.886482 0.462762
vn 0.00393831 0.792373 0.610024
vn 0.259161 0.734845 0.626768
vn 0.110541 0.897446 0.427049
vn 0.0742268 0.900356 0.428777
vn 0.0950049 0.81519 0.571349
vn 0.0360399 0.88431 0.465508
vn 0.398272 0.915039 0.0638985
vn 0.244023 0.843424 0.478632
vn 0.388517 0.762744 0.516987
vn 0.478378 0.729269 0.489204
vn 0.347105 0.18605 0.919186
vn 0.330422 0.362386 0.871492
vn 0.341024 0.40857 0.846625
vn 0.202935 0.38455 0.900521
vn 0.410147 0.394175 0.822439
vn 0.300965 0.534609 0.789692
vn 0.623709 0.320708 0.712835
vn 0.0944969 0.66731 0.738761
vn 0.267301 0.667415 0.695059
vn 0.366835 0.523585 0.768954
vn 0.643177 0.324157 0.693718
vn 0.720186 0.622174 0.306971
vn 0.51266 0.81109 0.281625
vn 0.0737164 0.582255 0.809657
vn 0.739128 0.59528 0.31517
vn 0.835852 0.385674 0.39065
vn 0.899592 0.123678 0.418854
vn 0.812923 0.0863241 0.575938
vn 0.762836 0.51138 0.395692
vn 0.824238 0.322564 0.465386
vn 0.459171 0.848555 0.262901
vn 0.248294 0.833738 0.493185
vn -0.149863 0.784116 0.602249
vn -0.325786 0.758 0.565066
vn 0.833361 0.160192 0.529006
vn 0.264687 0.864603 0.427087
vn 0.517235 0.682028 0.517015
vn 0.266887 0.950515 0.159037
vn -0.225863 0.67666 0.700797
vn -0.315384 0.0761027 0.945908
vn -0.421204 -0.138271 0.896364
vn 0.0999065 0.395226 0.913135
vn -0.03302 -0.155656 0.987259
vn 0.252668 0.326472 0.91081
vn 0.358447 0.244392 0.900993
vn 0.637111 -0.457783 0.620101
vn 0.0344719 0.864946 0.50068
vn -0.0751691 0.486423 0.870484
vn -0.0989858 0.806063 0.583493
vn 0.616124 0.389729 0.684473
vn 0.160155 0.570259 0.805701
vn 0.316259 0.666715 0.674886
vn -0.172676 0.15041 0.973427
vn -0.63588 -0.097462 0.765609
vn 0.0480915 -0.831595 0.553296
vn -0.267319 -0.484642 0.832864
vn -0.43339 -0.556992 0.708472
vn -0.402323 -0.191719 0.895198
vn -0.342281 -0.344184 0.874289
vn -0.424715 0.595651 0.681776
vn -0.483317 0.267106 0.833702
vn -0.628594 0.0755538 0.774055
vn -0.395924 0.131814 0.908774
vn -0.454799 -0.342144 0.82225
vn -0.790302 0.22329 0.570582
vn -0.522543 -0.188561 0.831501
vn -0.906871 -0.0639524 0.416528
vn -0.008822 -0.449131 0.893422
vn -0.310869 0.602701 0.734923
vn 0.066246 0.81599 0.574257
vn 0.414384 0.823645 0.387162
vn 0.3963 0.695649 0.599182
vn 0.746008 0.601088 0.286645
vn 0.729094 0.370357 0.575549
vn 0.744902 0.362861 0.559868
vn 0.151495 0.98712 0.0514055
vn 0.00480749 -0.895268 0.445503
vn 0.0470309 -0.0510907 0.997586
vn -0.344187 -0.559932 0.753665
vn 0.388203 0.720214 0.57497
vn 0.438592 0.389995 0.809655
vn -0.161905 -0.46266 0.871626
vn -0.0686947 -0.345176 0.936021
vn -0.087726 0.0997896 0.991134
vn 0.201582 -0.0607812 0.977584
vn -0.233565 -0.013977 0.972241
vn 0.525159 0.321143 0.788084
vn 0.430045 -0.766918 0.476339
vn -0.0889119 -0.327803 0.940553
vn -0.298077 0.113009 0.947829
vn 0.139574 -0.516251 0.844988
vn 0.50264 -0.139017 0.853245
vn 0.062798 -0.0472291 0.996908
vn 0.16181 0.443661 0.881466
vn -0.447292 -0.185202 0.875003
vn 0.285064 0.209452 0.935344
vn -0.158315 0.522242 0.837973
vn -0.141788 0.81284 0.564967
vn 0.264386 0.0149697 0.964301
vn -0.402731 0.363055 0.840238
vn -0.318301 0.187993 0.929163
vn -0.905052 0.265896 0.331933
vn -0.930536 0.342691 0.129098
vn -0.0686947 -0.345176 0.936021
vn 0.071045 -0.380639 0.92199
vn -0.008822 -0.449131 0.893422
vn 0.430045 -0.766918 0.476339
vn 0.230855 -0.351326 0.907345
vn 0.264386 0.0149697 0.964301
vn -0.20943 0.0215732 0.977586
vn -0.581376 -0.0913999 0.808485
vn -0.549527 0.0137152 0.835363
vn -0.402323 -0.191719 0.895198
vn -0.436244 0.362287 0.823674
vn -0.0939916 -0.127455 0.987381
vn -0.0550576 -0.0233706 0.99821
vn -0.339912 -0.244301 0.908172
vn -0.402695 -0.0953627 0.910353
vn -0.298077 0.113009 0.947829
vn -0.112039 -0.138045 0.984069
vn -0.285608 -0.010454 0.95829
vn -0.0467937 -0.0124822 0.998827
vn 0.0364924 -0.319488 0.946887
vn -0.03302 -0.155656 0.987259
vn 0.0470309 -0.0510907 0.997586
vn -0.212041 -0.153612 0.965112
vn 0.047603 -0.274948 0.96028
vn 0.184983 -0.0353633 0.982105
vn 0.637111 -0.457783 0.620101
vn -0.442838 -0.0393045 0.89574
vn -0.0961942 -0.0902742 0.99126
vn -0.512851 -0.304554 0.80264
vn -0.194444 -0.00699876 0.980889
vn -0.349283 -0.275936 0.895467
vn -0.331895 -0.131024 0.934173
vn -0.331895 -0.131024 0.934173
vn -0.442838 -0.0393045 0.89574
vn -0.194444 -0.00699876 0.980889
vn -0.126647 -0.391324 0.911497
vn 0.0148609 -0.449985 0.892913
vn 0.191124 -0.472723 0.860235
vn -0.467943 -0.219635 0.856031
vn -0.475692 -0.109016 0.87283
vn -0.647852 -0.146265 0.747593
vn -0.63588 -0.097462 0.765609
vn -0.45659 -0.368736 0.809666
vn -0.288739 -0.398885 0.870356
vn -0.620626 0.134247 0.772529
vn -0.172676 0.15041 0.973427
vn -0.087726 0.0997896 0.991134
vn -0.442458 0.279955 0.851972
vn -0.342281 -0.344184 0.874289
vn 0.0999065 0.395226 0.913135
vn -0.424747 0.217528 0.87879
vn -0.775195 0.20331 0.598112
vn -0.315384 0.0761027 0.945908
vn -0.342281 -0.344184 0.874289
vn -0.395924 0.131814 0.908774
vn -0.447292 -0.185202 0.875003
vn 0.16181 0.443661 0.881466
vn -0.161035 -0.436864 0.884996
vn 0.0737164 0.582255 0.809657
vn -0.149863 0.784116 0.602249
vn 0.0416526 0.531318 0.846148
vn 0.366835 0.523585 0.768954
vn 0.300965 0.534609 0.789692
vn 0.267301 0.667415 0.695059
vn 0.314223 0.821698 0.475474
vn 0.316259 0.666715 0.674886
vn 0.202935 0.38455 0.900521
vn 0.160155 0.570259 0.805701
vn 0.170043 0.925078 0.339581
vn 0.384106 0.424732 0.819796
vn 0.321449 0.660855 0.67819
vn 0.284204 0.484768 0.827181
vn 0.39386 0.336434 0.855387
vn 0.0944969 0.66731 0.738761
vn 0.40363 0.291921 0.867102
vn 0.341024 0.40857 0.846625
vn 0.330422 0.362386 0.871492
vn 0.252668 0.326472 0.91081
vn 0.525159 0.321143 0.788084
vn 0.546825 0.238261 0.802629
vn 0.358447 0.244392 0.900993
vn 0.355429 -0.0976252 0.929591
vn 0.201582 -0.0607812 0.977584
vn -0.107354 0.758661 0.64258
vn -0.121308 0.583741 0.802827
vn -0.141788 0.81284 0.564967
vn 0.0470309 -0.0510907 0.997586
vn 0.247372 -0.406073 0.879722
vn 0.0398876 -0.298812 0.953478
vn 0.24546 -0.339589 0.907981
vn 0.201582 -0.0607812 0.977584
vn 0.0123073 -0.467397 0.883962
vn 0.824238 0.322564 0.465386
vn 0.388517 0.762744 0.516987
vn 0.517235 0.682028 0.517015
vn -0.405371 0.353956 0.842846
vn -0.641456 0.334801 0.690248
vn -0.459797 -0.195115 0.866324
vn -0.149282 0.457017 0.876841
vn -0.324462 0.426016 0.844532
vn -0.582717 -0.116974 0.804213
vn -0.361977 -0.315077 0.877325
vn -0.428212 -0.680104 0.595057
vn -0.347616 0.60458 0.71669
vn -0.396443 -0.0393744 0.917215
vn -0.626921 0.364517 0.688547
vn -0.698386 0.315629 0.642367
vn -0.0980469 0.45578 0.884676
vn -0.474687 -0.0985736 0.874617
vn -0.430563 -0.440565 0.78773
vn -0.0563472 -0.258849 0.964273
vn 0.141531 -0.374512 0.916357
vn 0.449113 -0.0372036 0.8927
vn 0.482756 -0.302273 0.821935
vn 0.366176 -0.0152473 0.930421
vn 0.0189237 0.413548 0.910286
vn 0.38627 0.342638 0.856385
vn -0.0705736 0.736334 0.672928
vn 0.366482 0.753287 0.546122
vn 0.121512 0.871789 0.474572
vn 0.758633 0.324505 0.564953
vn 0.0196459 0.668819 0.743165
vn 0.0950049 0.81519 0.571349
vn -0.477639 0.498918 0.723147
vn 0.085851 -0.495389 0.864419
vn -0.807854 0.269119 0.524353
vn -0.483317 0.267106 0.833702
vn -0.498396 0.422401 0.757086
vn -0.961443 0.0890601 0.260186
vn -0.883823 -0.0207609 0.467361
vn -0.906871 -0.0639524 0.416528
vn -0.628594 0.0755538 0.774055
vn -0.424715 0.595651 0.681776
vn -0.790302 0.22329 0.570582
vn 0.233858 0.725282 0.647515
vn 0.0742268 0.900356 0.428777
vn 0.259161 0.734845 0.626768
vn -0.0675121 0.394053 0.916605
vn -0.00464264 0.678948 0.734171
vn 0.00393831 0.792373 0.610024
vn -0.358734 0.567519 0.741102
vn -0.39027 0.675675 0.625423
vn -0.345777 0.684472 0.641823
vn -0.310869 0.602701 0.734923
vn -0.225863 0.67666 0.700797
vn -0.583816 -0.0414129 0.810829
vn -0.479642 -0.4877 0.729447
vn -0.56302 -0.589847 0.578869
vn -0.429507 -0.821752 0.374496
vn -0.421205 -0.393868 0.816979
vn 0.388203 0.720214 0.57497
vn 0.438592 0.389995 0.809655
vn 0.730117 0.160112 0.664299
vn -0.670287 -0.4276 0.606526
vn -0.490788 -0.443296 0.750077
vn -0.80946 -0.426791 0.403267
vn -0.1557 -0.531521 0.832612
vn 0.0500943 -0.481289 0.87513
vn -0.89722 -0.420469 0.134916
vn -0.0010532 -0.984655 0.174511
vn -0.969077 -0.194347 0.152051
vn 0.175778 -0.907132 0.38238
vn -0.358789 0.575964 0.734531
vn 0.114137 0.2882 0.950744
vn 0.292152 -0.045725 0.955278
vn -0.490788 -0.443296 0.750077
vn -0.474687 -0.0985736 0.874617
vn -0.583816 -0.0414129 0.810829
vn 0.114137 0.2882 0.950744
vn 0.0189237 0.413548 0.910286
vn -0.149282 0.457017 0.876841
vn -0.0705736 0.736334 0.672928
vn -0.158328 0.460601 0.873372
vn -0.0980469 0.45578 0.884676
vn -0.0675121 0.394053 0.916605
vn -0.358789 0.575964 0.734531
vn 0.0196459 0.668819 0.743165
vn 0.114137 0.2882 0.950744
vn 0.292152 -0.045725 0.955278
vn 0.366176 -0.0152473 0.930421
vn -0.358789 0.575964 0.734531
vn -0.345777 0.684472 0.641823
vn -0.477639 0.498918 0.723147
vn -0.424715 0.595651 0.681776
vn -0.310869 0.602701 0.734923
vn -0.498396 0.422401 0.757086
vn -0.462816 -0.885865 0.0323064
vn -0.136926 -0.593964 0.792754
vn -0.426995 -0.543144 0.72296
vn -0.159905 -0.98635 0.0392928
vn -0.536445 -0.817584 0.209243
vn -0.550699 -0.62125 0.557476
vn -0.303738 -0.78922 0.533737
vn -0.495104 -0.82357 0.276774
vn -0.538918 -0.817106 0.204709
vn -0.644763 -0.722088 0.250738
vn -0.687757 -0.666753 -0.287106
vn -0.604288 -0.575923 0.550589
vn -0.690342 -0.668336 -0.277045
vn -0.464868 -0.878438 0.110652
vn -0.226407 -0.969239 0.0965218
vn -0.495839 -0.830718 -0.253084
vn -0.464227 -0.852887 -0.238907
vn -0.90806 -0.37225 -0.191979
vn -0.864244 -0.43591 -0.251126
vn -0.859603 -0.505961 0.0713184
vn -0.857044 -0.502896 0.112121
vn -0.517016 -0.805292 -0.290172
vn -0.432826 -0.898204 0.0767553
vn -0.817391 -0.41377 0.400833
vn -0.400519 -0.823081 0.402644
vn -0.393819 -0.401232 0.826994
vn -0.788198 -0.554295 0.267396
vn -0.696214 -0.534122 0.479583
vn -0.473286 -0.780959 0.407558
vn -0.489434 -0.820465 0.295453
vn -0.510888 -0.859609 0.00807572
vn -0.627301 -0.727834 -0.277042
vn -0.525725 -0.563418 -0.637317
vn -0.817779 -0.537742 -0.205113
vn -0.420162 -0.887817 -0.187737
vn -0.41217 -0.899853 0.142762
vn -0.282036 -0.832713 0.476493
vn -0.262685 -0.863596 0.430348
vn -0.18565 -0.786176 0.589458
vn -0.482418 -0.732142 0.480875
vn -0.384275 -0.741726 0.549705
vn -0.456927 -0.778856 0.429653
vn -0.41362 -0.750363 0.515629
vn -0.333758 -0.666461 0.666659
vn -0.501261 -0.545186 0.671945
vn -0.547331 -0.554739 0.626653
vn -0.380508 -0.748808 0.542679
vn -0.237379 -0.870559 0.431021
vn -0.189168 -0.696459 0.692214
vn -0.129179 -0.64933 0.749456
vn -0.297621 -0.682162 0.66789
vn -0.097667 -0.819164 0.565183
vn -0.0855624 -0.830444 0.550492
vn -0.671983 -0.704041 -0.229704
vn -0.0777188 -0.923366 -0.375973
vn -0.312116 -0.624723 0.715754
vn -0.123085 -0.306604 0.943845
vn 0.0196957 -0.109645 0.993776
vn -0.226012 -0.771152 0.595183
vn -0.158181 -0.847828 0.506129
vn -0.128026 -0.970297 0.205263
vn -0.121065 -0.957968 0.260078
vn -0.0759794 -0.945742 -0.315909
vn -0.148396 -0.954733 -0.257806
vn -0.37499 -0.826526 0.419806
vn -0.481586 -0.875681 -0.0354648
vn -0.480547 -0.737261 0.47489
vn -0.447268 -0.769176 0.45642
vn -0.227648 -0.954494 0.192657
vn -0.0896728 -0.989968 0.109191
vn -0.368002 -0.844502 0.389091
vn -0.317032 -0.882109 0.348388
vn -0.434716 -0.594137 0.676774
vn -0.790011 -0.332829 0.514885
vn -0.771552 -0.377235 0.512252
vn -0.333223 -0.877041 0.346067
vn -0.423449 -0.635811 0.645318
vn -0.405228 -0.697288 0.591252
vn -0.201007 -0.976219 0.0811946
vn -0.456188 -0.887771 0.0612695
vn -0.210829 -0.88964 0.405082
vn -0.240464 -0.914144 0.32637
vn -0.47775 -0.87809 0.0267044
vn -0.344503 -0.666489 0.661143
vn -0.332118 -0.444977 0.831681
vn -0.654882 -0.381214 0.652537
vn -0.169286 -0.418056 0.892509
vn -0.22019 -0.884209 0.411935
vn -0.740547 -0.306494 0.59804
vn -0.262261 -0.964789 0.0200208
vn -0.303722 -0.882423 0.35928
vn -0.303005 -0.867318 0.394902
vn -0.0765782 -0.953702 -0.29084
vn -0.428349 -0.469995 0.771766
vn -0.801051 -0.476866 0.361824
vn -0.513739 -0.751689 0.413564
vn -0.042384 -0.868202 0.494397
vn -0.10847 -0.638203 0.762188
vn -0.225211 -0.761773 0.607439
vn -0.123092 -0.991553 0.0408714
vn -0.382998 -0.918699 -0.0964595
vn -0.524754 -0.561961 0.6394
vn -0.434419 -0.607693 0.664823
vn -0.37216 -0.395399 0.839736
vn -0.866866 -0.493139 0.0732003
vn -0.756527 -0.607605 0.241833
vn -0.825979 -0.525373 0.204308
vn -0.609732 -0.751951 0.250593
vn -0.324468 -0.66596 0.671728
vn -0.382824 -0.240646 0.891928
vn -0.441663 -0.872236 0.210091
vn -0.190189 -0.890424 0.413489
vn -0.714402 -0.32905 0.61754
vn -0.716318 -0.402673 0.569862
vn -0.564231 -0.46156 0.684548
vn -0.519874 -0.322621 0.790978
vn -0.349481 -0.498287 0.793456
vn -0.479186 -0.541309 0.690916
vn -0.330832 -0.754513 0.566799
vn -0.10629 -0.415129 0.903532
vn -0.146521 -0.101901 0.983945
vn -0.192044 -0.152042 0.969537
vn -0.549024 -0.147006 0.822777
vn -0.467296 -0.256945 0.84594
vn -0.828978 -0.107895 0.548775
vn -0.431896 -0.192419 0.881159
vn -0.415866 -0.902469 0.112271
vn -0.474244 -0.453814 0.754417
vn -0.658182 -0.691322 0.298111
vn -0.489778 -0.871801 0.00896332
vn -0.701391 -0.707628 0.0855221
vn -0.70923 -0.631115 -0.314143
vn -0.445038 -0.440299 0.779793
vn -0.107385 -0.979904 0.168094
vn -0.403678 -0.392189 0.826578
vn -0.47582 -0.843703 0.248516
vn -0.170983 -0.738139 0.652622
vn -0.330391 -0.841701 0.427061
vn -0.00796407 -0.378271 0.92566
vn 0.14543 -0.728955 0.668935
vn -0.205315 -0.687247 0.696805
vn -0.243697 -0.471138 0.847727
vn -0.599931 -0.698887 0.389409
vn -0.569172 -0.726309 0.38538
vn -0.361278 -0.704029 0.611409
vn -0.64516 -0.704707 0.295223
vn -0.675953 -0.629799 0.382676
vn 0.000885528 -0.26069 0.965422
vn -0.289431 -0.834119 0.469548
vn -0.0834846 -0.874401 0.477969
vn -0.483744 -0.812576 0.325134
vn -0.760455 -0.600661 0.246809
vn -0.123939 -0.909465 0.396878
vn -0.428349 -0.469995 0.771766
vn -0.312116 -0.624723 0.715754
vn -0.524754 -0.561961 0.6394
vn -0.0834846 -0.874401 0.477969
vn -0.10847 -0.638203 0.762188
vn -0.10629 -0.415129 0.903532
vn -0.146521 -0.101901 0.983945
vn -0.431896 -0.192419 0.881159
vn -0.333223 -0.877041 0.346067
vn -0.330832 -0.754513 0.566799
vn -0.479186 -0.541309 0.690916
vn -0.445038 -0.440299 0.779793
vn -0.107385 -0.979904 0.168094
vn -0.0834846 -0.874401 0.477969
vn -0.123939 -0.909465 0.396878
vn -0.37216 -0.395399 0.839736
vn -0.474244 -0.453814 0.754417
vn -0.828978 -0.107895 0.548775
vn -0.550699 -0.62125 0.557476
vn -0.289431 -0.834119 0.469548
vn -0.489778 -0.871801 0.00896332
vn -0.756527 -0.607605 0.241833
vn -0.658182 -0.691322 0.298111
vn -0.760455 -0.600661 0.246809
vn -0.609732 -0.751951 0.250593
vn -0.825979 -0.525373 0.204308
vn -0.646258 -0.70784 0.285155
vn -0.47582 -0.843703 0.248516
vn -0.330391 -0.841701 0.427061
vn -0.599931 -0.698887 0.389409
vn -0.64516 -0.704707 0.295223
vn -0.569172 -0.726309 0.38538
vn -0.677561 -0.568805 0.466232
vn -0.501201 -0.865214 0.0142096
vn -0.686115 -0.562194 0.461719
vn -0.667444 -0.561465 0.489158
vn -0.801666 -0.206111 0.561114
vn -0.267129 -0.733496 0.625001
vn -0.295426 -0.331416 0.896039
vn 0.387739 -0.363712 0.846978
vn 0.244529 -0.495848 0.833271
vn 0.0535442 -0.213655 0.975441
vn -0.793344 -0.256056 0.552305
vn -0.731897 -0.364555 0.575697
vn -0.267319 -0.484642 0.832864
vn -0.43339 -0.556992 0.708472
vn -0.501551 -0.864742 -0.0258183
vn -0.262732 -0.964529 -0.025612
vn -0.182137 -0.867213 0.46343
vn -0.499841 -0.851345 -0.159279
vn -0.0032875 -0.278968 0.960295
vn -0.418868 -0.850425 -0.318317
vn 0.0480915 -0.831595 0.553296
vn -0.741429 -0.670964 0.00946882
vn -0.361278 -0.704029 0.611409
vn -0.110248 -0.950125 0.291734
vn 0.218901 -0.381293 0.898163
vn 0.0133134 -0.384495 0.923031
vn -0.335394 -0.941523 0.0323303
vn -0.240889 -0.419304 0.875304
vn -0.87241 -0.480425 0.0899656
vn -0.760455 -0.600661 0.246809
vn -0.788198 -0.554295 0.267396
vn -0.675953 -0.629799 0.382676
vn -0.857044 -0.502896 0.112121
vn -0.696214 -0.534122 0.479583
vn -0.791764 -0.591758 -0.151433
vn -0.704963 -0.586862 0.398271
vn -0.692454 -0.599954 0.400703
vn -0.0329913 -0.582175 0.812394
vn -0.651165 -0.135394 0.746761
vn -0.0161179 -0.896848 0.442045
vn -0.82485 -0.218042 0.521613
vn -0.00776686 -0.976104 -0.217164
vn -0.765054 -0.617393 -0.183079
vn -0.0699901 -0.152125 0.98588
vn -0.188825 0.260149 0.946925
vn -0.841955 0.26926 0.467559
vn -0.681527 0.517707 0.517205
vn -0.881331 0.451199 0.140265
vn -0.152144 0.592704 0.79092
vn -0.166308 0.765646 0.621392
vn -0.896748 0.249521 0.365488
vn -0.95318 0.301875 -0.0178589
vn -0.914702 0.390586 -0.103745
vn -0.9398 0.123345 -0.318687
vn -0.354875 0.906286 0.229584
vn -0.902111 0.371949 -0.218745
vn -0.975013 0.0273529 -0.220457
vn -0.76922 0.370302 -0.520747
vn -0.796393 -0.142975 -0.587637
vn -0.774806 0.181782 -0.6055
vn -0.881139 0.350416 -0.317494
vn -0.82446 -0.307277 -0.475232
vn -0.98325 0.165128 -0.0771491
vn -0.848793 -0.391313 -0.355562
vn -0.912642 0.0831593 -0.400212
vn -0.813996 0.45732 -0.358146
vn -0.925195 0.19177 -0.327473
vn -0.570958 0.792704 -0.213607
vn -0.951358 0.215035 -0.22063
vn -0.966765 -0.0946187 -0.237513
vn -0.787518 0.287612 -0.545064
vn -0.802045 -0.218734 -0.555769
vn -0.451412 0.363338 -0.814992
vn -0.366519 0.6936 -0.620148
vn -0.273052 0.69161 -0.668669
vn -0.437744 -0.322164 -0.839399
vn -0.801183 0.57319 -0.171927
vn -0.67019 -0.436871 -0.599991
vn -0.354286 0.88646 0.297774
vn -0.813932 0.556659 0.166272
vn -0.534546 0.844756 -0.025431
vn -0.496454 -0.26263 -0.827381
vn -0.926916 -0.322123 -0.19252
vn -0.901187 0.173931 0.397002
vn -0.636355 0.729817 0.249839
vn -0.232895 0.867903 0.438753
vn -0.48656 0.824568 0.288699
vn -0.277702 0.934119 -0.224284
vn -0.881331 0.451199 0.140265
vn -0.975013 0.0273529 -0.220457
vn -0.95318 0.301875 -0.0178589
vn -0.9398 0.123345 -0.318687
vn -0.848793 -0.391313 -0.355562
vn -0.818852 -0.354657 -0.451331
vn -0.926916 -0.322123 -0.19252
vn -0.925195 0.19177 -0.327473
vn -0.966765 -0.0946187 -0.237513
vn -0.905143 -0.0276445 -0.424208
vn -0.912642 0.0831593 -0.400212
vn -0.82446 -0.307277 -0.475232
vn -0.652489 -0.34341 -0.675521
vn -0.67019 -0.436871 -0.599991
vn -0.914702 0.390586 -0.103745
vn -0.926916 -0.322123 -0.19252
vn -0.82485 -0.218042 0.521613
vn -0.901187 0.173931 0.397002
vn -0.510888 -0.859609 0.00807572
vn -0.462816 -0.885865 0.0323064
vn -0.181139 -0.936893 -0.299032
vn -0.159905 -0.98635 0.0392928
vn -0.495104 -0.82357 0.276774
vn -0.536445 -0.817584 0.209243
vn -0.0238751 -0.997777 0.0622152
vn -0.262685 -0.863596 0.430348
vn -0.0671659 -0.989987 0.124152
vn -0.441663 -0.872236 0.210091
vn -0.482418 -0.732142 0.480875
vn -0.483744 -0.812576 0.325134
vn -0.141219 -0.931974 0.333887
vn -0.384937 -0.723302 0.573287
vn -0.305848 -0.658727 0.687412
vn -0.292818 -0.659838 0.692006
vn -0.0486565 -0.635112 0.770886
vn -0.148569 -0.393576 0.907207
vn -0.0401323 -0.586793 0.808742
vn -0.314737 -0.618422 0.720066
vn -0.521073 -0.558658 0.645279
vn -0.185659 -0.474507 0.86045
vn -0.51506 -0.568011 0.641932
vn -0.440823 -0.556413 0.704329
vn -0.26949 -0.885382 0.378779
vn -0.536941 -0.508648 0.673032
vn -0.13364 -0.852526 0.505312
vn -0.287514 -0.523107 0.802306
vn -0.191123 -0.823102 0.534766
vn -0.0133818 -0.877006 0.480293
vn -0.549912 -0.570405 0.610111
vn 0.0814172 -0.928385 0.362591
vn -0.0492553 -0.633487 0.772184
vn -0.0152731 -0.581665 0.813285
vn -0.46116 -0.58808 0.66445
vn -0.0867429 -0.698744 0.710093
vn -0.27168 -0.874294 0.402244
vn -0.344964 -0.62574 0.699607
vn -0.489434 -0.820465 0.295453
vn -0.473286 -0.780959 0.407558
vn -0.41217 -0.899853 0.142762
vn -0.512751 -0.628161 0.585235
vn 0.011795 -0.63089 0.775783
vn -0.538527 -0.598189 0.59343
vn 0.247474 -0.818987 0.517704
vn 0.0502622 -0.926734 0.372341
vn 0.367876 -0.888076 0.275659
vn 0.601418 -0.766791 0.22434
vn 0.0577627 -0.980463 0.188031
vn 0.317707 -0.948113 0.0119591
vn -0.578058 -0.523834 0.625657
vn -0.533901 -0.498387 0.683052
vn -0.639096 -0.429435 0.638076
vn -0.479441 -0.511751 0.712914
vn -0.405543 -0.323769 0.854815
vn -0.279916 -0.48922 0.826021
vn -0.484346 -0.373272 0.79125
vn -0.409325 -0.675113 0.613739
vn -0.397928 -0.496118 0.7717
vn -0.434555 -0.333996 0.836426
vn -0.576364 -0.262733 0.773806
vn -0.585597 -0.192554 0.7874
vn -0.554905 -0.432631 0.710571
vn -0.422301 -0.521872 0.741155
vn -0.691418 -0.132354 0.710228
vn -0.576713 -0.458568 0.676104
vn -0.498056 -0.50029 0.708273
vn -0.579721 -0.132806 0.803919
vn -0.544136 -0.269744 0.794452
vn -0.418214 -0.374301 0.827645
vn -0.37675 -0.169209 0.910729
vn -0.165752 -0.459491 0.872579
vn -0.439888 -0.535935 0.720605
vn -0.589792 -0.608766 0.530611
vn -0.262028 -0.47199 0.841764
vn -0.0981993 -0.835469 0.540693
vn -0.331528 -0.781306 0.52882
vn -0.382896 -0.390642 0.837132
vn -0.0477078 -0.832358 0.552181
vn -0.170376 -0.931882 0.320261
vn 0.0669359 -0.936787 0.343438
vn 0.250922 -0.966395 -0.05585
vn -0.114081 -0.974771 0.191852
vn -0.289214 -0.925952 0.242834
vn -0.408639 -0.893752 0.184988
vn -0.659978 -0.623521 0.419107
vn -0.342352 -0.90688 0.245691
vn -0.487818 -0.84583 0.215883
vn -0.391199 -0.90483 0.168064
vn -0.383948 -0.76483 0.517319
vn -0.886337 -0.283244 0.366306
vn 0.0090276 -0.907281 0.420428
vn 0.240075 -0.913901 0.327335
vn 0.431513 -0.857865 0.279041
vn 0.491919 -0.710809 0.502758
vn -0.473845 -0.790624 0.387794
vn -0.219502 -0.928197 0.300447
vn 0.195024 -0.878329 0.436468
vn -0.46986 -0.485108 0.737497
vn -0.701391 -0.707628 0.0855221
vn -0.386133 -0.917797 -0.092464
vn -0.510888 -0.859609 0.00807572
vn -0.181139 -0.936893 -0.299032
vn -0.0238751 -0.997777 0.0622152
vn -0.314737 -0.618422 0.720066
vn -0.0492553 -0.633487 0.772184
vn -0.0296754 -0.902893 0.42884
vn -0.538527 -0.598189 0.59343
vn -0.344964 -0.62574 0.699607
vn -0.473286 -0.780959 0.407558
vn -0.305848 -0.658727 0.687412
vn -0.141219 -0.931974 0.333887
vn -0.0671659 -0.989987 0.124152
vn -0.0671659 -0.989987 0.124152
vn -0.0296754 -0.902893 0.42884
vn -0.0238751 -0.997777 0.0622152
vn 0.0090276 -0.907281 0.420428
vn 0.011795 -0.63089 0.775783
vn -0.0152731 -0.581665 0.813285
vn -0.0401323 -0.586793 0.808742
vn -0.383948 -0.76483 0.517319
vn -0.114081 -0.974771 0.191852
vn -0.342352 -0.90688 0.245691
vn -0.479671 -0.82951 0.286057
vn -0.289214 -0.925952 0.242834
vn -0.408639 -0.893752 0.184988
vn -0.487818 -0.84583 0.215883
vn -0.391199 -0.90483 0.168064
vn -0.219502 -0.928197 0.300447
vn -0.191123 -0.823102 0.534766
vn -0.46986 -0.485108 0.737497
vn 0.0090276 -0.907281 0.420428
vn 0.0814172 -0.928385 0.362591
vn 0.240075 -0.913901 0.327335
vn 0.195024 -0.878329 0.436468
vn 0.304429 -0.945823 0.112882
vn 0.152974 -0.926903 0.34271
vn 0.0528759 -0.925757 0.374403
vn 0.241863 -0.896152 0.372041
vn 0.283182 -0.670031 0.686197
vn 0.173718 -0.916341 0.36075
vn 0.227055 -0.973882 0.000580072
vn 0.370353 -0.891098 0.262264
vn 0.438909 -0.897787 0.0365821
vn 0.316643 -0.692441 0.648277
vn 0.519848 -0.514966 0.681593
vn 0.379857 -0.806327 0.453371
vn 0.0450163 -0.749688 0.660258
vn 0.383597 -0.727057 0.569422
vn 0.32956 -0.84531 0.420526
vn 0.563835 -0.415164 0.713953
vn 0.540557 -0.666381 0.51355
vn 0.517049 -0.605214 0.605291
vn 0.494882 -0.54326 0.678204
vn 0.347008 -0.835334 0.426383
vn 0.270818 -0.960322 0.066629
vn 0.0594451 -0.9941 0.0907294
vn 0.38724 -0.764263 0.515701
vn 0.251254 -0.796336 0.5502
vn 0.374849 -0.770633 0.515377
vn 0.434369 -0.597297 0.674211
vn 0.326095 -0.824654 0.462177
vn 0.3403 -0.867287 0.363331
vn 0.0146035 -0.993294 0.114689
vn -0.193511 -0.981097 -0.00158382
vn -0.122872 -0.966936 0.223469
vn 0.0578537 -0.811674 0.581239
vn -0.549907 -0.817056 0.173266
vn -0.478913 -0.754122 0.44938
vn -0.393522 -0.8487 -0.35334
vn 0.0817047 -0.953355 0.290582
vn 0.357067 -0.798088 0.485344
vn 0.113742 -0.992452 -0.0458529
vn 0.56266 -0.421158 0.711365
vn 0.0125767 -0.944814 0.327365
vn 0.392271 -0.543514 0.742102
vn 0.0344037 -0.952305 0.303202
vn -0.60744 -0.770404 -0.193638
vn -0.0637088 -0.985097 -0.159768
vn 0.143299 -0.930003 0.338468
vn 0.017709 -0.87073 0.491443
vn -0.0195137 -0.897561 0.440459
vn -0.0731165 -0.902372 0.42471
vn -0.0263651 -0.806765 0.590285
vn 0.120227 -0.871907 0.474683
vn 0.400029 -0.805331 0.437514
vn 0.231917 -0.937827 0.258254
vn 0.595989 -0.651405 0.469541
vn 0.0272998 -0.784436 0.619609
vn -0.239884 -0.909318 0.339994
vn -0.0799543 -0.915029 0.395386
vn -0.446049 -0.895009 -3.77798e-05
vn 0.236595 -0.862143 0.448032
vn -0.414719 -0.83767 0.355411
vn -0.0132548 -0.624507 0.780907
vn -0.234311 -0.935619 0.264035
vn -0.848683 -0.402112 0.343573
vn 0.347799 -0.379791 0.857202
vn 0.0298566 -0.987797 0.152861
vn -0.420162 -0.887817 -0.187737
vn -0.0384568 -0.553787 0.83177
vn -0.171216 -0.729826 0.661845
vn -0.347713 -0.775777 0.52656
vn 0.00173468 -0.52528 0.850927
vn 0.0148609 -0.449985 0.892913
vn -0.336237 -0.3646 0.868338
vn 0.191124 -0.472723 0.860235
vn 0.205375 -0.442122 0.873126
vn 0.490808 -0.444663 0.749255
vn 0.478218 -0.614365 0.627585
vn 0.647615 -0.472756 0.597576
vn 0.135208 -0.657703 0.741044
vn 0.151007 -0.571028 0.806922
vn -0.161905 -0.46266 0.871626
vn 0.474543 -0.582557 0.659876
vn 0.148721 -0.890581 0.429823
vn 0.0918554 -0.891338 0.443935
vn -0.465257 -0.74126 0.483808
vn -0.385297 -0.892055 0.236188
vn -0.210306 -0.90738 0.363914
vn -0.432826 -0.898204 0.0767553
vn -0.517016 -0.805292 -0.290172
vn 0.0115959 -0.872497 0.488482
vn -0.400519 -0.823081 0.402644
vn 0.0907125 -0.441451 0.892688
vn -0.393819 -0.401232 0.826994
vn 0.399117 -0.565675 0.721608
vn 0.26487 -0.462063 0.84637
vn 0.283113 -0.373622 0.88332
vn 0.201445 -0.238317 0.950066
vn 0.155842 -0.473721 0.866776
vn 0.0937912 -0.722162 0.685336
vn 0.113727 -0.447147 0.887201
vn 0.324872 -0.592672 0.737019
vn 0.301561 -0.654311 0.693497
vn 0.125943 -0.564229 0.815956
vn 0.314678 -0.770163 0.554821
vn 0.378556 -0.846878 0.373487
vn 0.485192 -0.864983 0.128036
vn 0.551086 -0.606796 0.572803
vn -0.405686 -0.887597 0.218154
vn 0.367645 -0.928524 0.0517831
vn 0.609158 -0.792976 0.0107944
vn 0.640716 -0.750087 -0.163865
vn 0.419421 -0.87525 0.240882
vn 0.475509 -0.879658 -0.00963483
vn 0.6775 -0.698193 -0.231344
vn 0.558971 -0.702526 -0.440465
vn 0.53995 -0.81801 -0.198277
vn 0.703432 -0.609567 -0.36553
vn 0.644364 -0.763699 -0.0394846
vn 0.541579 -0.801186 0.254545
vn 0.0448073 -0.998866 -0.016111
vn 0.497273 -0.838129 0.224185
vn -0.0770878 -0.92339 -0.376042
vn 0.400326 -0.85162 -0.338353
vn -0.0629439 -0.844669 -0.531575
vn 0.227204 -0.876405 -0.424608
vn 0.0741427 -0.882107 -0.465178
vn -0.0875514 -0.819268 -0.566687
vn 0.489581 -0.844274 -0.217972
vn -0.321718 -0.780273 -0.536349
vn -0.472888 -0.828716 -0.299344
vn 0.501269 -0.419915 0.756572
vn 0.390038 -0.726526 0.565712
vn 0.23054 -0.503922 0.832415
vn 0.689398 -0.512742 0.511689
vn -0.0608208 -0.394923 0.916699
vn 0.54643 -0.699512 0.460541
vn 0.12563 -0.888533 0.441278
vn 0.23372 -0.913294 0.33357
vn -0.0965323 -0.738779 0.666999
vn 0.476936 -0.725651 0.495946
vn 0.491942 -0.505271 0.70901
vn 0.502698 -0.733632 0.457251
vn 0.503312 -0.691893 0.517649
vn 0.662985 -0.326232 0.673813
vn 0.556672 -0.524045 0.644587
vn 0.566285 -0.489483 0.66312
vn 0.777295 -0.364662 0.512673
vn 0.743795 -0.393908 0.540005
vn 0.279877 -0.737276 0.614893
vn 0.20187 -0.426452 0.881696
vn -0.902127 -0.431352 0.0100933
vn -0.843023 -0.464207 -0.271706
vn 0.668069 -0.449258 0.593171
vn 0.0857932 -0.664323 0.742505
vn -0.0259102 -0.806279 0.590968
vn -0.0276495 -0.874517 0.484207
vn 0.0501823 -0.708655 0.703768
vn -0.249343 -0.778002 0.576663
vn 0.0465869 -0.889301 0.454944
vn 0.316724 -0.732292 0.602855
vn 0.436814 -0.837535 0.328221
vn -0.0348131 -0.839366 0.542451
vn 0.110853 -0.982305 0.150961
vn -0.265012 -0.963357 0.0413657
vn -0.045531 -0.998392 -0.0337704
vn 0.40161 -0.915802 0.00402507
vn 0.267246 -0.895167 -0.35673
vn 0.0233113 -0.995441 -0.0924816
vn 0.393335 -0.619417 -0.679419
vn 0.0514383 -0.869584 -0.491099
vn 0.292096 -0.843545 -0.450679
vn -0.0597674 -0.912369 -0.404982
vn -0.484602 -0.763387 0.427084
vn 0.0846985 -0.933772 0.347701
vn 0.0861747 -0.995355 0.0429157
vn 0.167524 -0.975378 0.143433
vn 0.482242 -0.874161 0.0573217
vn 0.437552 -0.893369 0.102181
vn 0.785506 -0.615962 0.0597532
vn 0.411736 -0.855594 0.313738
vn 0.794963 -0.514345 -0.321688
vn 0.410353 -0.823427 0.391891
vn 0.265387 -0.802685 0.534104
vn 0.329972 -0.930065 0.161545
vn 0.14571 -0.976016 0.161744
vn 0.0615374 -0.937786 0.341716
vn 0.291833 -0.956335 0.016045
vn 0.367458 -0.899924 0.234758
vn 0.534581 -0.844908 0.0187907
vn 0.638547 -0.769494 -0.0117418
vn 0.668585 -0.732425 -0.128641
vn 0.171481 -0.985172 0.00555466
vn 0.676732 -0.736189 0.00774038
vn -0.592793 -0.805248 0.0131593
vn -0.752678 -0.640739 -0.151421
vn 0.74802 -0.449378 0.488391
vn 0.508605 -0.828409 0.234647
vn 0.434671 -0.771464 0.464655
vn -0.0013225 -0.996485 0.0837608
vn 0.80518 -0.450159 -0.38606
vn 0.498582 -0.864677 -0.0612286
vn 0.378393 -0.849314 -0.368082
vn 0.416381 -0.850902 0.320302
vn 0.0842302 -0.701525 0.70765
vn 0.0344037 -0.952305 0.303202
vn 0.0450163 -0.749688 0.660258
vn 0.0842302 -0.701525 0.70765
vn 0.0615374 -0.937786 0.341716
vn -0.0013225 -0.996485 0.0837608
vn 0.167524 -0.975378 0.143433
vn 0.416381 -0.850902 0.320302
vn 0.419421 -0.87525 0.240882
vn 0.475509 -0.879658 -0.00963483
vn 0.53995 -0.81801 -0.198277
vn 0.437552 -0.893369 0.102181
vn 0.794963 -0.514345 -0.321688
vn -0.0276495 -0.874517 0.484207
vn 0.0594451 -0.9941 0.0907294
vn -0.0013225 -0.996485 0.0837608
vn 0.12563 -0.888533 0.441278
vn 0.23372 -0.913294 0.33357
vn 0.390038 -0.726526 0.565712
vn 0.148721 -0.890581 0.429823
vn 0.23372 -0.913294 0.33357
vn 0.474543 -0.582557 0.659876
vn 0.20187 -0.426452 0.881696
vn 0.0465869 -0.889301 0.454944
vn -0.0013225 -0.996485 0.0837608
vn 0.171481 -0.985172 0.00555466
vn -0.0259102 -0.806279 0.590968
vn 0.0937912 -0.722162 0.685336
vn 0.0272998 -0.784436 0.619609
vn 0.279877 -0.737276 0.614893
vn 0.251254 -0.796336 0.5502
vn 0.017709 -0.87073 0.491443
vn -0.0313813 -0.999351 -0.0176716
vn 0.231917 -0.937827 0.258254
vn 0.113742 -0.992452 -0.0458529
vn 0.370353 -0.891098 0.262264
vn 0.556672 -0.524045 0.644587
vn 0.503312 -0.691893 0.517649
vn 0.502698 -0.733632 0.457251
vn 0.279877 -0.737276 0.614893
vn 0.566285 -0.489483 0.66312
vn 0.434671 -0.771464 0.464655
vn 0.668069 -0.449258 0.593171
vn -0.0259102 -0.806279 0.590968
vn -0.171216 -0.729826 0.661845
vn -0.0608208 -0.394923 0.916699
vn 0.314678 -0.770163 0.554821
vn 0.324872 -0.592672 0.737019
vn 0.0918554 -0.891338 0.443935
vn 0.125943 -0.564229 0.815956
vn 0.0857932 -0.664323 0.742505
vn 0.347799 -0.379791 0.857202
vn 0.491942 -0.505271 0.70901
vn 0.662985 -0.326232 0.673813
vn 0.777295 -0.364662 0.512673
vn 0.743795 -0.393908 0.540005
vn 0.668069 -0.449258 0.593171
vn 0.74802 -0.449378 0.488391
vn 0.689398 -0.512742 0.511689
vn 0.541579 -0.801186 0.254545
vn 0.508605 -0.828409 0.234647
vn 0.489581 -0.844274 -0.217972
vn 0.498582 -0.864677 -0.0612286
vn 0.644364 -0.763699 -0.0394846
vn 0.227204 -0.876405 -0.424608
vn 0.0741427 -0.882107 -0.465178
vn 0.378393 -0.849314 -0.368082
vn 0.668585 -0.732425 -0.128641
vn 0.676732 -0.736189 0.00774038
vn 0.785506 -0.615962 0.0597532
vn -0.517016 -0.805292 -0.290172
vn -0.558827 -0.798419 -0.224144
vn -0.385297 -0.892055 0.236188
vn -0.420162 -0.887817 -0.187737
vn -0.420162 -0.887817 -0.187737
vn -0.817779 -0.537742 -0.205113
vn -0.234311 -0.935619 0.264035
vn -0.775294 0.468563 0.42352
vn -0.307769 0.826932 0.470598
vn -0.377252 0.667631 0.641833
vn -0.489806 0.251641 0.834726
vn -0.685812 0.28183 0.670994
vn -0.434555 -0.333996 0.836426
vn -0.576364 -0.262733 0.773806
vn -0.585597 -0.192554 0.7874
vn -0.697985 0.284221 0.657294
vn -0.405943 0.111834 0.90703
vn -0.454425 0.399641 0.796106
vn -0.358781 0.600464 0.714646
vn -0.434876 0.535707 0.72381
vn -0.731215 0.508845 0.454314
vn -0.165219 0.480592 0.86124
vn -0.537983 0.73262 0.416945
vn -0.813149 0.390144 -0.431944
vn -0.32324 0.659756 0.678409
vn -0.831872 0.362665 0.420074
vn -0.241103 0.630913 0.73744
vn -0.0861303 0.933006 0.349403
vn -0.316771 0.528142 0.78786
vn -0.344516 0.828269 0.441903
vn -0.52681 0.722391 0.44791
vn -0.375952 0.359938 0.853876
vn -0.418017 0.76803 0.485171
vn -0.607416 0.478299 0.634253
vn -0.548792 0.156845 0.821113
vn -0.740913 0.375521 0.556805
vn -0.584986 0.410064 0.699742
vn -0.694853 0.511362 0.505655
vn -0.376892 0.0919006 0.921687
vn -0.544136 -0.269744 0.794452
vn -0.579721 -0.132806 0.803919
vn -0.544225 0.317046 0.776724
vn -0.393528 0.84902 0.352562
vn -0.478599 0.80874 0.341881
vn -0.0396761 0.96445 0.261268
vn -0.158551 0.987344 -0.00377935
vn -0.20469 0.974831 0.0883542
vn -0.583551 0.269606 0.766016
vn -0.63063 0.595371 0.497834
vn -0.416186 0.834953 0.360058
vn -0.660078 0.54686 0.515016
vn -0.609287 0.585079 0.535212
vn -0.412036 0.763075 0.497938
vn -0.512993 0.509357 0.690937
vn -0.264728 0.757061 0.597309
vn -0.378113 0.47165 0.796603
vn -0.542301 0.487327 0.684413
vn -0.57757 0.183985 0.795338
vn -0.595639 0.445736 0.668232
vn -0.708543 0.162232 0.686766
vn -0.680129 0.117124 0.723675
vn -0.586684 0.426865 0.688178
vn -0.558062 0.518662 0.647732
vn -0.562739 0.409271 0.718208
vn -0.498114 0.549055 0.671134
vn -0.583865 0.506139 0.634764
vn -0.576049 0.524549 0.62691
vn -0.335893 0.786133 0.518817
vn -0.393405 0.81086 0.433289
vn -0.141232 0.9748 0.172681
vn -0.14495 0.917674 0.36995
vn -0.507697 0.580258 0.636824
vn -0.519983 0.607019 0.600954
vn -0.359461 0.844519 0.396959
vn -0.445535 0.729981 0.518291
vn -0.488244 0.744682 0.455045
vn -0.472312 0.730124 0.493802
vn -0.555697 0.781817 0.282778
vn -0.466112 0.845903 0.259206
vn -0.487072 0.78041 0.392072
vn -0.669597 0.389231 0.632565
vn -0.506514 0.373936 0.776927
vn -0.76707 0.196968 0.610579
vn -0.645479 0.335894 0.685953
vn -0.62085 0.0451057 0.782631
vn -0.614827 0.136134 0.776824
vn -0.67168 -0.0272073 0.740342
vn -0.623027 0.161443 0.765358
vn -0.65923 0.406124 0.632834
vn -0.533207 0.34412 0.772834
vn -0.626944 0.233971 0.743101
vn -0.549155 0.197452 0.81206
vn -0.510745 0.13874 0.848464
vn -0.430898 0.460452 0.776087
vn -0.433457 0.404536 0.805274
vn -0.195492 0.92039 0.338623
vn -0.462421 0.269964 0.844563
vn -0.506927 0.135386 0.851291
vn -0.250957 0.0772047 0.964915
vn -0.408471 0.377821 0.830905
vn -0.403711 0.308641 0.861254
vn -0.162668 0.0852168 0.982994
vn -0.46872 0.321181 0.822888
vn -0.0033012 0.0490752 0.99879
vn 0.0869002 0.183185 0.97923
vn -0.462823 0.377363 0.802117
vn -0.602418 0.423257 0.676718
vn -0.539672 0.221686 0.812163
vn -0.93176 0.15816 0.326817
vn -0.823971 0.404412 0.396891
vn -0.485495 0.401322 0.776682
vn -0.450665 0.804404 0.387085
vn -0.414796 0.639348 0.64744
vn -0.177334 0.93697 0.301065
vn -0.485424 0.855156 -0.181856
vn -0.267473 0.879985 0.392537
vn -0.889205 0.391354 -0.236974
vn -0.679744 0.4897 0.546024
vn -0.456237 0.364857 0.81162
vn -0.548461 -0.0524609 0.834529
vn -0.289971 0.791019 0.538708
vn -0.487334 0.435026 0.757138
vn -0.622857 0.152001 0.767427
vn -0.583069 0.417598 0.69688
vn -0.516633 0.414752 0.749047
vn -0.13044 0.969594 0.207057
vn -0.238817 0.812272 0.532148
vn -0.138299 0.889697 0.4351
vn -0.104057 0.907736 0.406431
vn -0.321272 0.878763 0.352931
vn -0.227254 0.782683 0.57945
vn -0.138 0.988751 0.0576812
vn -0.376464 0.921551 0.0949654
vn -0.369934 0.922647 0.108952
vn -0.382285 0.924043 -0.00186108
vn -0.136277 0.838167 0.528115
vn -0.0241115 0.979974 0.197659
vn -0.181044 0.70229 0.688485
vn -0.265033 0.00494468 0.964227
vn -0.48733 0.41656 0.767455
vn -0.383165 0.918534 -0.0973675
vn -0.572962 0.296026 0.764253
vn -0.735478 0.347648 0.581561
vn -0.708152 0.349764 0.61334
vn -0.615222 0.0971934 0.78234
vn -0.629828 0.54226 0.556121
vn -0.446583 0.553889 0.702688
vn -0.564269 0.747153 0.351232
vn -0.762265 0.301446 0.572785
vn -0.738806 0.317662 0.594354
vn -0.988528 0.14315 0.0481802
vn -0.628984 0.654249 0.419925
vn -0.933519 0.33112 -0.137487
vn -0.859709 0.395049 -0.323784
vn -0.82794 0.514464 0.223253
vn -0.388562 0.685547 0.615666
vn -0.379362 0.66063 0.647806
vn -0.383017 0.671536 0.634301
vn -0.984123 0.177177 0.0104655
vn -0.489659 0.602114 0.630629
vn -0.678525 0.586949 0.441695
vn -0.398454 0.882454 -0.250018
vn -0.37675 -0.169209 0.910729
vn -0.446083 -0.0386425 0.894157
vn -0.210768 0.77304 0.598319
vn -0.484346 -0.373272 0.79125
vn -0.639096 -0.429435 0.638076
vn -0.702285 0.643462 0.304555
vn -0.483824 0.293078 0.824633
vn -0.883859 0.392483 0.254459
vn -0.465364 -0.180997 0.866416
vn -0.92851 -0.275744 0.248667
vn -0.691221 -0.685236 0.229489
vn -6.48393e-05 -0.523392 0.852092
vn -0.687092 -0.671773 0.276813
vn -0.0385525 -0.924085 0.380237
vn -0.396959 0.877022 0.270658
vn -0.275199 0.457292 0.845665
vn -0.0371338 0.626274 0.778718
vn -0.238033 0.522232 0.81891
vn -0.92564 0.104311 0.363743
vn -0.626209 0.516504 0.584026
vn -0.527851 0.363025 0.767845
vn -0.0589435 0.990777 0.122007
vn -0.555036 0.502281 0.663061
vn -0.377252 0.667631 0.641833
vn -0.358781 0.600464 0.714646
vn -0.463165 0.398979 0.791387
vn -0.454425 0.399641 0.796106
vn -0.32324 0.659756 0.678409
vn -0.227001 0.232901 0.945636
vn -0.241103 0.630913 0.73744
vn -0.316771 0.528142 0.78786
vn -0.375952 0.359938 0.853876
vn -0.376892 0.0919006 0.921687
vn -0.376892 0.0919006 0.921687
vn -0.583551 0.269606 0.766016
vn -0.454425 0.399641 0.796106
vn -0.227001 0.232901 0.945636
vn -0.585597 -0.192554 0.7874
vn -0.583551 0.269606 0.766016
vn -0.691418 -0.132354 0.710228
vn -0.579721 -0.132806 0.803919
vn -0.583069 0.417598 0.69688
vn -0.487072 0.78041 0.392072
vn -0.430898 0.460452 0.776087
vn -0.195492 0.92039 0.338623
vn -0.48733 0.41656 0.767455
vn -0.562739 0.409271 0.718208
vn -0.489659 0.602114 0.630629
vn -0.227254 0.782683 0.57945
vn -0.14495 0.917674 0.36995
vn -0.210768 0.77304 0.598319
vn -0.0241115 0.979974 0.197659
vn -0.289971 0.791019 0.538708
vn -0.267473 0.879985 0.392537
vn -0.408471 0.377821 0.830905
vn -0.555036 0.502281 0.663061
vn -0.0589435 0.990777 0.122007
vn -0.238033 0.522232 0.81891
vn -0.46872 0.321181 0.822888
vn -0.679744 0.4897 0.546024
vn 0.0869002 0.183185 0.97923
vn -0.0371338 0.626274 0.778718
vn -0.628984 0.654249 0.419925
vn -0.379362 0.66063 0.647806
vn -0.181044 0.70229 0.688485
vn -0.210768 0.77304 0.598319
vn -0.264728 0.757061 0.597309
vn -0.564269 0.747153 0.351232
vn -0.20469 0.974831 0.0883542
vn -0.382285 0.924043 -0.00186108
vn -0.369934 0.922647 0.108952
vn -0.321272 0.878763 0.352931
vn -0.136277 0.838167 0.528115
vn -0.382285 0.924043 -0.00186108
vn 0.607724 0.310279 -0.731026
vn 0.436175 -0.0838808 -0.895944
vn 0.878169 0.146256 -0.455443
vn 0.522961 -0.075265 -0.849027
vn 0.337818 -0.479684 -0.809804
vn 0.626355 -0.472909 -0.619707
vn 0.836604 -0.122347 -0.533971
vn 0.568121 -0.513182 -0.643337
vn 0.584996 -0.22344 -0.77965
vn 0.663196 -0.355273 -0.65875
vn 0.545648 -0.500642 -0.672031
vn 0.675289 -0.691725 -0.255932
vn 0.583734 -0.538459 -0.607715
vn 0.819643 -0.129873 -0.557958
vn 0.710125 -0.183681 -0.679694
vn 0.756533 0.170476 -0.631344
vn 0.780824 -0.273933 -0.561493
vn 0.593569 -0.501351 -0.629542
vn 0.913096 -0.0873701 -0.398275
vn 0.848958 -0.401398 -0.343729
vn 0.649561 -0.378807 -0.659224
vn 0.835241 -0.497774 -0.233653
vn 0.93951 0.179296 -0.291847
vn 0.899399 -0.404882 0.164776
vn 0.548273 -0.564693 -0.616862
vn 0.664395 -0.496078 -0.559005
vn 0.393335 -0.619417 -0.679419
vn 0.755461 -0.547269 -0.360243
vn 0.780769 -0.511917 -0.358248
vn 0.666399 -0.424516 -0.612943
vn 0.21554 -0.511855 -0.831593
vn 0.582835 -0.559153 -0.58962
vn 0.869824 -0.268216 -0.414085
vn 0.831405 -0.241476 -0.500454
vn 0.895936 -0.434492 -0.0922794
vn 0.267246 -0.895167 -0.35673
vn 0.645807 -0.349044 -0.679044
vn 0.811336 -0.450044 -0.373086
vn 0.40161 -0.915802 0.00402507
vn 0.877954 -0.478688 -0.00738963
vn 0.477171 -0.878763 0.00913293
vn 0.497692 -0.866211 0.0445019
vn 0.641688 -0.743905 0.186659
vn 0.650112 -0.742191 0.16281
vn 0.49732 -0.837328 0.227057
vn 0.110853 -0.982305 0.150961
vn 0.316724 -0.732292 0.602855
vn 0.534581 -0.844908 0.0187907
vn 0.367458 -0.899924 0.234758
vn 0.550468 -0.709204 0.440471
vn 0.436814 -0.837535 0.328221
vn 0.912363 -0.409375 0.00236256
vn 0.696182 -0.642293 -0.320608
vn 0.638547 -0.769494 -0.0117418
vn 0.783008 -0.621913 -0.0110647
vn 0.980969 -0.193284 0.0184713
vn 0.867467 -0.469278 -0.165163
vn 0.894743 -0.440525 -0.0732937
vn 0.725797 -0.676991 -0.122076
vn 0.889565 -0.437443 -0.131597
vn 0.830569 -0.498373 -0.248555
vn 0.879136 -0.439825 -0.183503
vn 0.647798 -0.560274 -0.516189
vn 0.902607 -0.140189 -0.406998
vn 0.996271 -0.0674828 -0.0537515
vn 0.78442 -0.483107 -0.388963
vn 0.85776 -0.247137 -0.450744
vn 0.493243 -0.761199 -0.421055
vn 0.881515 -0.259988 -0.394129
vn 0.868667 -0.310351 -0.386136
vn 0.505342 -0.718888 -0.477315
vn 0.92681 -0.375225 -0.0151859
vn 0.971085 -0.207439 -0.118169
vn 0.742382 -0.634332 -0.215618
vn 0.598177 -0.657257 -0.458473
vn 0.563243 -0.798219 -0.21355
vn 0.668585 -0.732425 -0.128641
vn 0.793031 -0.607935 -0.0389319
vn 0.811889 -0.583439 0.0208745
vn 0.785506 -0.615962 0.0597532
vn 0.869831 -0.16837 -0.463731
vn 0.768966 -0.529204 -0.358656
vn 0.779417 -0.48828 -0.392545
vn 0.794963 -0.514345 -0.321688
vn 0.569702 -0.798481 -0.194597
vn 0.749775 -0.437399 -0.496507
vn 0.171481 -0.985172 0.00555466
vn 0.14571 -0.976016 0.161744
vn 0.0465869 -0.889301 0.454944
vn 0.912403 -0.408564 0.0244228
vn 0.699315 -0.640689 -0.316979
vn 0.919435 -0.354579 -0.170041
vn 0.811324 -0.584281 -0.0192219
vn 0.593569 -0.501351 -0.629542
vn 0.663196 -0.355273 -0.65875
vn 0.583734 -0.538459 -0.607715
vn 0.699315 -0.640689 -0.316979
vn 0.675289 -0.691725 -0.255932
vn 0.545648 -0.500642 -0.672031
vn 0.849352 -0.46897 -0.242216
vn 0.666399 -0.424516 -0.612943
vn 0.645807 -0.349044 -0.679044
vn 0.811336 -0.450044 -0.373086
vn 0.877954 -0.478688 -0.00738963
vn 0.912403 -0.408564 0.0244228
vn 0.811324 -0.584281 -0.0192219
vn 0.811324 -0.584281 -0.0192219
vn 0.929888 -0.35133 -0.108973
vn 0.895936 -0.434492 -0.0922794
vn 0.742382 -0.634332 -0.215618
vn 0.92681 -0.375225 -0.0151859
vn 0.869824 -0.268216 -0.414085
vn 0.521167 0.143115 -0.84137
vn 0.341595 0.395772 -0.852454
vn 0.732732 0.0590287 -0.677952
vn 0.657574 -0.331184 -0.676693
vn 0.698017 -0.305356 -0.647711
vn 0.0647555 0.549168 -0.833199
vn 0.0528856 0.365776 -0.929199
vn 0.232077 0.411044 -0.88158
vn 0.101168 0.0894375 -0.990841
vn 0.372248 -0.192274 -0.907999
vn 0.643357 -0.265531 -0.718043
vn -0.0393156 0.212564 -0.976356
vn 0.341325 0.0855481 -0.936044
vn 0.25226 -0.751447 -0.609666
vn 0.401949 -0.499793 -0.767232
vn 0.278617 -0.781656 -0.55802
vn 0.760313 -0.323151 -0.563469
vn 0.563095 -0.380123 -0.733778
vn 0.558971 -0.702526 -0.440465
vn 0.53995 -0.81801 -0.198277
vn 0.0375594 0.247599 -0.968134
vn 0.224933 -0.760299 -0.609385
vn 0.358378 -0.569384 -0.739842
vn 0.110239 -0.577792 -0.808705
vn 0.411872 -0.618385 -0.669299
vn 0.327613 -0.731031 -0.598551
vn -0.26555 -0.826962 -0.495597
vn 0.120324 -0.548367 -0.827536
vn 0.0866507 -0.874481 -0.477258
vn 0.0704768 -0.376648 -0.923672
vn 0.420997 -0.467978 -0.777019
vn 0.457752 -0.478402 -0.749396
vn 0.425156 -0.00505614 -0.905106
vn 0.208762 0.0741275 -0.975153
vn 0.453884 0.241253 -0.85778
vn 0.378129 -0.0368626 -0.925019
vn 0.537051 0.242987 -0.807796
vn -0.111835 0.0269606 -0.993361
vn -0.0631895 -0.435062 -0.898181
vn -0.124603 -0.48433 -0.865967
vn -0.351852 -0.254431 -0.900814
vn 0.678563 0.19343 -0.708616
vn -0.494258 -0.293517 -0.818264
vn -0.0171954 0.00537463 -0.999838
vn 0.0126186 -0.660363 -0.750841
vn 0.278171 -0.437558 -0.855081
vn 0.316908 0.0129263 -0.948368
vn 0.648072 0.107311 -0.753981
vn 0.554787 0.43657 -0.70825
vn 0.409621 -0.0730402 -0.909327
vn -0.0129146 -0.408024 -0.91288
vn 0.0591617 -0.399059 -0.915015
vn 0.198968 0.00245539 -0.980003
vn 0.498014 -0.11432 -0.8596
vn -0.0116981 -0.788515 -0.614904
vn -0.115794 -0.0716655 -0.990685
vn 0.100291 -0.83166 -0.546154
vn -0.0187723 -0.755538 -0.654836
vn 0.213428 -0.535027 -0.817431
vn -0.0230072 -0.896868 -0.4417
vn 0.00321852 -0.891421 -0.453164
vn 0.563452 -0.645726 -0.515325
vn 0.703145 -0.199424 -0.682508
vn -0.0360225 -0.904095 -0.425811
vn 0.04964 -0.807215 -0.588166
vn 0.102497 0.148283 -0.983619
vn 0.271564 -0.412778 -0.869407
vn 0.0513184 -0.535442 -0.843011
vn 0.158688 -0.784192 -0.599884
vn 0.79872 -0.320734 -0.509093
vn 0.713702 -0.307238 -0.629471
vn 0.923235 -0.0758525 -0.376674
vn 0.798262 -0.0399368 -0.600985
vn 0.639099 -0.344496 -0.687659
vn 0.545723 -0.328062 -0.771078
vn 0.463128 -0.0577226 -0.88441
vn 0.636397 0.231445 -0.735821
vn 0.869831 -0.16837 -0.463731
vn 0.779417 -0.48828 -0.392545
vn 0.534695 -0.454486 -0.712422
vn 0.505342 -0.718888 -0.477315
vn 0.85776 -0.247137 -0.450744
vn 0.749775 -0.437399 -0.496507
vn 0.768966 -0.529204 -0.358656
vn 0.646519 -0.0679803 -0.759863
vn 0.499784 -0.51628 -0.695465
vn 0.544689 -0.50914 -0.666401
vn 0.358805 -0.0473877 -0.932209
vn 0.462784 -0.302382 -0.833304
vn 0.483288 -0.363397 -0.796477
vn 0.769007 0.242971 -0.591264
vn 0.462078 -0.311949 -0.830164
vn 0.493243 -0.761199 -0.421055
vn 0.406551 0.189533 -0.893753
vn 0.639733 0.389616 -0.662526
vn 0.745258 0.268241 -0.61044
vn 0.487549 -0.268997 -0.830624
vn 0.609604 0.342384 -0.714952
vn 0.752679 0.193742 -0.629236
vn 0.502417 0.297774 -0.811731
vn 0.225517 0.335429 -0.914674
vn 0.505773 0.223187 -0.833295
vn 0.377571 0.0826679 -0.922283
vn 0.772905 0.337195 -0.537511
vn 0.304299 0.380437 -0.87331
vn 0.225814 0.58506 -0.778918
vn 0.388895 0.617348 -0.683843
vn 0.496221 0.225485 -0.838404
vn 0.342374 0.482655 -0.806117
vn 0.372268 0.36838 -0.851887
vn 0.448943 0.36541 -0.81543
vn 0.277562 0.458367 -0.84431
vn 0.238171 0.523536 -0.818037
vn 0.317453 0.646249 -0.693964
vn 0.416895 0.354001 -0.837187
vn 0.494659 0.33773 -0.800782
vn 0.249 0.247931 -0.936231
vn 0.457037 0.0674114 -0.886889
vn 0.601576 0.231193 -0.764628
vn 0.454298 0.281713 -0.845134
vn 0.288598 0.122751 -0.949549
vn 0.39793 -0.0836916 -0.91359
vn 0.595244 0.0489153 -0.802054
vn 0.571576 0.367594 -0.733604
vn 0.391995 0.340974 -0.854445
vn -0.788157 0.302504 -0.536004
vn 0.0879539 -0.88435 -0.458464
vn 0.641639 0.0561924 -0.764946
vn 0.457801 0.156258 -0.875215
vn 0.292196 -0.591825 -0.751242
vn 0.382532 -0.486569 -0.785442
vn 0.542024 0.0127998 -0.840265
vn 0.881515 -0.259988 -0.394129
vn 0.868667 -0.310351 -0.386136
vn 0.446908 -0.231326 -0.864153
vn 0.902607 -0.140189 -0.406998
vn 0.647798 -0.560274 -0.516189
vn 0.78442 -0.483107 -0.388963
vn 0.633084 0.093227 -0.768448
vn 0.202579 0.138569 -0.969412
vn 0.515274 0.302447 -0.801884
vn 0.118094 0.263635 -0.957366
vn 0.378068 0.307085 -0.873363
vn 0.298085 0.399255 -0.86703
vn 0.0838582 0.611215 -0.787009
vn 0.346053 0.265408 -0.899892
vn 0.501589 0.449384 -0.739231
vn 0.17351 0.377092 -0.909778
vn 0.158928 0.338931 -0.927291
vn 0.34918 0.492827 -0.796991
vn 0.278817 0.22613 -0.933342
vn -0.0744284 0.474481 -0.877114
vn 0.3992 0.174329 -0.900138
vn 0.299516 0.472717 -0.828751
vn 0.753513 0.217423 -0.620439
vn 0.426472 0.3056 -0.851311
vn 0.120358 0.380194 -0.917042
vn -0.0621752 0.214013 -0.97485
vn -0.690077 0.0189946 -0.723487
vn -0.00254108 0.544578 -0.838706
vn 0.356369 0.246404 -0.901269
vn 0.462483 -0.02869 -0.886164
vn 0.369148 0.483057 -0.793968
vn 0.501125 0.521387 -0.690674
vn 0.364124 0.549221 -0.752177
vn 0.470801 0.510264 -0.719706
vn 0.308826 0.823001 -0.476755
vn 0.452204 0.613403 -0.647494
vn 0.0626298 0.507823 -0.859182
vn 0.794963 -0.514345 -0.321688
vn 0.36049 0.564168 -0.742806
vn 0.396627 0.711415 -0.580151
vn 0.476739 0.824095 -0.305919
vn 0.356073 -0.0267201 -0.934076
vn 0.919435 -0.354579 -0.170041
vn 0.156269 0.0107064 -0.987656
vn 0.23247 -0.540903 -0.808321
vn 0.290695 0.0405658 -0.955955
vn 0.301256 -0.108769 -0.947319
vn 0.149554 -0.428633 -0.891015
vn 0.0559175 -0.596129 -0.800939
vn 0.0124825 -0.85824 -0.513097
vn 0.352771 -0.822657 -0.445857
vn 0.049203 -0.338449 -0.939698
vn 0.51906 0.181039 -0.835345
vn 0.485441 0.438791 -0.756181
vn 0.504462 0.373998 -0.778231
vn 0.903554 0.360721 -0.231238
vn 0.624638 -0.326053 -0.709589
vn 0.703432 -0.609567 -0.36553
vn 0.693408 -0.500992 -0.517873
vn 0.640716 -0.750087 -0.163865
vn 0.751692 -0.474896 -0.457639
vn 0.80518 -0.450159 -0.38606
vn 0.340259 -0.428592 -0.836978
vn 0.378393 -0.849314 -0.368082
vn 0.0361574 -0.405015 -0.913595
vn 0.0741427 -0.882107 -0.465178
vn -0.166758 -0.292796 -0.941521
vn -0.123421 0.115459 -0.985615
vn -0.0875514 -0.819268 -0.566687
vn 0.204095 -0.101437 -0.973682
vn 0.609158 -0.792976 0.0107944
vn 0.6775 -0.698193 -0.231344
vn -0.179038 0.791916 -0.583793
vn 0.59996 -0.394315 -0.696106
vn -0.102042 0.171971 -0.979803
vn 0.318572 0.0845585 -0.94412
vn 0.815854 -0.307268 -0.489866
vn 0.0632778 -0.485988 -0.871672
vn 0.0375594 0.247599 -0.968134
vn 0.302711 -0.432476 -0.849312
vn 0.101168 0.0894375 -0.990841
vn 0.0559175 -0.596129 -0.800939
vn 0.358805 -0.0473877 -0.932209
vn 0.356073 -0.0267201 -0.934076
vn 0.352771 -0.822657 -0.445857
vn 0.815854 -0.307268 -0.489866
vn 0.336359 -0.226363 -0.914124
vn 0.318572 0.0845585 -0.94412
vn 0.391995 0.340974 -0.854445
vn 0.471038 0.0649604 -0.879718
vn 0.156269 0.0107064 -0.987656
vn 0.377571 0.0826679 -0.922283
vn 0.496221 0.225485 -0.838404
vn 0.049203 -0.338449 -0.939698
vn 0.595244 0.0489153 -0.802054
vn 0.51906 0.181039 -0.835345
vn 0.288598 0.122751 -0.949549
vn 0.338048 -0.492117 -0.802212
vn 0.0124825 -0.85824 -0.513097
vn 0.158688 -0.784192 -0.599884
vn 0.149554 -0.428633 -0.891015
vn 0.39793 -0.0836916 -0.91359
vn 0.533286 -0.415393 -0.736922
vn 0.462483 -0.02869 -0.886164
vn 0.271564 -0.412778 -0.869407
vn 0.576561 -0.469032 -0.669019
vn 0.278617 -0.781656 -0.55802
vn 0.204095 -0.101437 -0.973682
vn -0.102042 0.171971 -0.979803
vn 0.372248 -0.192274 -0.907999
vn 0.59996 -0.394315 -0.696106
vn 0.358805 -0.0473877 -0.932209
vn 0.302711 -0.432476 -0.849312
vn 0.487549 -0.268997 -0.830624
vn 0.815854 -0.307268 -0.489866
vn 0.416895 0.354001 -0.837187
vn 0.485441 0.438791 -0.756181
vn 0.148985 0.602412 -0.784158
vn 0.0626298 0.507823 -0.859182
vn 0.0838582 0.611215 -0.787009
vn 0.356369 0.246404 -0.901269
vn 0.129281 0.338819 -0.931927
vn 0.369148 0.483057 -0.793968
vn 0.278817 0.22613 -0.933342
vn 0.36049 0.564168 -0.742806
vn 0.346053 0.265408 -0.899892
vn 0.298085 0.399255 -0.86703
vn 0.571576 0.367594 -0.733604
vn 0.148985 0.602412 -0.784158
vn 0.485441 0.438791 -0.756181
vn 0.356369 0.246404 -0.901269
vn 0.290695 0.0405658 -0.955955
vn 0.489799 -0.753955 -0.437777
vn 0.499784 -0.51628 -0.695465
vn 0.544689 -0.50914 -0.666401
vn 0.545723 -0.328062 -0.771078
vn 0.493243 -0.761199 -0.421055
vn 0.483288 -0.363397 -0.796477
vn 0.463128 -0.0577226 -0.88441
vn 0.505342 -0.718888 -0.477315
vn 0.462078 -0.311949 -0.830164
vn 0.881515 -0.259988 -0.394129
vn 0.493243 -0.761199 -0.421055
vn 0.646519 -0.0679803 -0.759863
vn 0.869831 -0.16837 -0.463731
vn 0.768966 -0.529204 -0.358656
vn 0.120324 -0.548367 -0.827536
vn 0.0879539 -0.88435 -0.458464
vn 0.04964 -0.807215 -0.588166
vn 0.23247 -0.540903 -0.808321
vn 0.0632778 -0.485988 -0.871672
vn 0.23247 -0.540903 -0.808321
vn 0.100291 -0.83166 -0.546154
vn 0.382532 -0.486569 -0.785442
vn 0.0632778 -0.485988 -0.871672
vn -0.0129146 -0.408024 -0.91288
vn 0.457752 -0.478402 -0.749396
vn -0.0631895 -0.435062 -0.898181
vn 0.538891 -0.543117 -0.64391
vn 0.378129 -0.0368626 -0.925019
vn 0.420997 -0.467978 -0.777019
vn 0.425156 -0.00505614 -0.905106
vn -0.520661 -0.333442 -0.785957
vn 0.110239 -0.577792 -0.808705
vn 0.25226 -0.751447 -0.609666
vn 0.0513184 -0.535442 -0.843011
vn -0.788157 0.302504 -0.536004
vn 0.102497 0.148283 -0.983619
vn 0.454298 0.281713 -0.845134
vn 0.462483 -0.02869 -0.886164
vn 0.290695 0.0405658 -0.955955
vn 0.430814 0.410263 -0.803793
vn 0.378068 0.307085 -0.873363
vn 0.202579 0.138569 -0.969412
vn 0.515274 0.302447 -0.801884
vn 0.158928 0.338931 -0.927291
vn -0.139328 0.889066 -0.436061
vn -0.0142638 0.987046 -0.1598
vn -0.417003 0.825721 -0.37986
vn -0.282078 0.866524 -0.411788
vn -0.132555 0.99112 -0.0105404
vn -0.18484 0.977885 0.0978506
vn -0.0916801 0.994914 -0.0417336
vn -0.293458 0.679495 -0.672435
vn -0.229708 0.800467 -0.553612
vn -0.172103 0.744552 -0.644998
vn -0.0343931 0.999403 -0.00320469
vn -0.184879 0.898475 0.398198
vn 0.0173081 0.993965 0.108319
vn 0.362451 0.93157 -0.0284066
vn -0.207251 0.886221 -0.414318
vn -0.174295 0.577806 -0.797346
vn -0.300144 0.723422 -0.621751
vn 0.262197 0.962923 0.0635049
vn 0.0421342 0.878439 0.475994
vn 0.325662 0.823101 0.465241
vn -0.306044 0.747326 -0.589781
vn -0.23625 0.832932 0.500411
vn -0.140072 0.80101 -0.582033
vn 0.0858662 0.836067 -0.541867
vn -0.242277 0.656715 -0.714162
vn -0.195612 0.888839 -0.414368
vn -0.0770608 0.902867 -0.422957
vn -0.258206 0.873058 -0.413643
vn -0.124614 0.626199 -0.769641
vn -0.227543 0.690542 -0.686568
vn -0.279443 0.655585 -0.701513
vn -0.258978 0.817506 -0.514406
vn -0.195894 0.736006 -0.648013
vn 0.526103 0.845866 0.0879004
vn 0.615656 0.787633 0.024541
vn 0.0859256 0.699386 -0.709561
vn -0.226808 0.763639 -0.604495
vn -0.180046 0.831423 -0.525661
vn 0.0507494 0.711925 -0.700419
vn 0.570046 0.756173 0.321327
vn -0.0951931 0.621354 -0.777726
vn -0.246411 0.665161 -0.704871
vn -0.341131 0.600785 -0.722971
vn -0.429473 0.505283 -0.748493
vn -0.608715 0.579227 -0.542183
vn -0.867066 0.136332 -0.479176
vn -0.0435054 0.748028 -0.66224
vn -0.143172 0.870051 -0.471713
vn -0.0510694 0.697954 -0.714319
vn -0.292153 0.768684 -0.569009
vn -0.700095 0.51885 -0.490572
vn -0.00254108 0.544578 -0.838706
vn -0.179038 0.791916 -0.583793
vn -0.0621752 0.214013 -0.97485
vn -0.30694 0.903218 -0.299973
vn -0.0181035 0.988073 -0.152917
vn -0.171729 0.832753 -0.526337
vn -0.375064 0.722768 -0.580459
vn -0.118487 0.480154 -0.869145
vn 0.0559595 0.479023 -0.876017
vn -0.420035 0.542925 -0.727188
vn -0.305803 0.362109 -0.880546
vn -0.610902 0.671012 -0.420169
vn -0.618225 0.672694 -0.406548
vn -0.654661 0.568947 -0.497712
vn -0.942518 0.187836 -0.276365
vn -0.63984 0.206936 -0.740124
vn -0.526514 0.474797 -0.705231
vn -0.46122 0.425578 -0.778563
vn -0.412631 0.676707 -0.609757
vn -0.350885 0.392215 -0.850321
vn -0.292143 0.556139 -0.77805
vn -0.199852 0.943907 -0.262866
vn -0.18266 0.828355 -0.529588
vn 0.0010393 0.99488 -0.101059
vn -0.181598 0.648886 -0.738897
vn -0.691465 0.54764 0.471132
vn 0.286833 0.816199 -0.501543
vn 0.253441 0.965384 -0.0616507
vn 0.829277 0.53244 0.169726
vn 0.670906 0.714955 0.196786
vn 0.877071 0.277375 0.392186
vn 0.179231 0.962172 0.205185
vn -0.326749 0.85727 0.397898
vn 0.218157 0.766201 0.604437
vn -0.0937465 0.944773 0.314032
vn -0.0520968 0.809586 0.584685
vn -0.327118 0.902939 0.278738
vn -0.0884772 0.982141 -0.166044
vn 0.0566687 0.998219 -0.0186196
vn 0.00620658 0.899894 -0.436065
vn -0.491675 0.801586 -0.340169
vn -0.324559 0.901701 -0.28565
vn -0.479976 0.795386 -0.370113
vn -0.250052 0.878616 -0.406827
vn -0.327715 0.591803 -0.736459
vn -0.0239413 0.959154 -0.281868
vn -0.212795 0.584074 -0.78331
vn -0.140469 0.920917 -0.363567
vn -0.504082 0.56842 -0.650231
vn -0.239604 0.751761 -0.614366
vn -0.309387 0.738025 -0.599665
vn -0.00898776 0.862727 -0.50559
vn -0.260261 0.851174 -0.455814
vn -0.285639 0.812176 0.508705
vn -0.218798 0.3763 -0.900292
vn -0.116609 0.87355 -0.472559
vn -0.00458465 0.815385 -0.5789
vn -0.0245287 0.0887021 -0.995756
vn -0.176854 0.42546 -0.887528
vn -0.360471 0.904957 -0.226084
vn -0.181817 0.941042 -0.285276
vn -0.719451 0.292621 -0.629891
vn -0.116674 0.828047 -0.548385
vn -0.228697 0.831648 -0.506023
vn 0.00824347 0.667694 -0.74439
vn -0.0164919 0.906226 -0.422472
vn 0.226818 0.691589 -0.685754
vn 0.251218 0.53572 -0.80616
vn 0.203016 0.686026 -0.698679
vn 0.36049 0.564168 -0.742806
vn 0.396627 0.711415 -0.580151
vn 0.278817 0.22613 -0.933342
vn 0.34918 0.492827 -0.796991
vn 0.144134 0.717885 -0.681077
vn 0.435603 0.697084 -0.569495
vn 0.411823 0.490264 -0.768142
vn 0.00745493 0.114272 -0.993422
vn 0.141781 0.929923 -0.339325
vn 0.577986 0.759385 -0.298774
vn 0.436735 0.815177 -0.38046
vn 0.299415 0.732515 -0.61137
vn -0.423309 0.905403 -0.0324942
vn 0.25613 0.724799 -0.639582
vn 0.501589 0.449384 -0.739231
vn 0.17351 0.377092 -0.909778
vn 0.476739 0.824095 -0.305919
vn -0.315187 0.72712 -0.60988
vn -0.27235 0.772696 -0.573382
vn -0.260269 0.965056 0.0304436
vn -0.0278722 0.347121 -0.937406
vn 0.259716 0.372386 -0.890997
vn -0.315071 0.710681 -0.629017
vn 0.120358 0.380194 -0.917042
vn -0.0282948 0.970367 -0.239973
vn -0.417003 0.825721 -0.37986
vn -0.293458 0.679495 -0.672435
vn -0.172103 0.744552 -0.644998
vn 0.0858662 0.836067 -0.541867
vn -0.0343931 0.999403 -0.00320469
vn 0.0010393 0.99488 -0.101059
vn -0.0497174 0.99369 0.100536
vn -0.199852 0.943907 -0.262866
vn 0.253441 0.965384 -0.0616507
vn -0.0937465 0.944773 0.314032
vn -0.260269 0.965056 0.0304436
vn -0.285639 0.812176 0.508705
vn -0.423309 0.905403 -0.0324942
vn -0.27235 0.772696 -0.573382
vn -0.00898776 0.862727 -0.50559
vn 0.0566687 0.998219 -0.0186196
vn -0.315187 0.72712 -0.60988
vn -0.116609 0.87355 -0.472559
vn -0.18266 0.828355 -0.529588
vn -0.181817 0.941042 -0.285276
vn -0.315071 0.710681 -0.629017
vn -0.0239413 0.959154 -0.281868
vn -0.181817 0.941042 -0.285276
vn -0.226808 0.763639 -0.604495
vn -0.116609 0.87355 -0.472559
vn -0.218798 0.3763 -0.900292
vn -0.180046 0.831423 -0.525661
vn -0.46122 0.425578 -0.778563
vn -0.412631 0.676707 -0.609757
vn -0.144132 0.741068 -0.655778
vn -0.258206 0.873058 -0.413643
vn -0.292143 0.556139 -0.77805
vn -0.195612 0.888839 -0.414368
vn -0.242277 0.656715 -0.714162
vn -0.174295 0.577806 -0.797346
vn -0.309387 0.738025 -0.599665
vn -0.228697 0.831648 -0.506023
vn -0.116674 0.828047 -0.548385
vn 0.144134 0.717885 -0.681077
vn 0.120358 0.380194 -0.917042
vn -0.315071 0.710681 -0.629017
vn -0.239604 0.751761 -0.614366
vn -0.30694 0.903218 -0.299973
vn -0.116674 0.828047 -0.548385
vn -0.719451 0.292621 -0.629891
vn -0.358032 -0.107089 -0.927548
vn 0.00745493 0.114272 -0.993422
vn -0.867066 0.136332 -0.479176
vn -0.482088 0.563744 -0.670659
vn -0.288884 0.957156 0.0199606
vn 0.0730342 0.250081 -0.965467
vn -0.56116 0.189668 -0.805683
vn -0.14222 0.427387 -0.892812
vn -0.527963 0.174346 -0.831179
vn -0.281078 0.617607 -0.734545
vn -0.214702 0.480545 -0.850282
vn -0.937347 0.183712 0.296023
vn -0.786997 0.612782 0.0716459
vn -0.135497 0.394565 -0.908823
vn -0.383023 0.2704 -0.883276
vn -0.341501 0.844905 -0.411719
vn -0.381353 0.674636 -0.632009
vn -0.117512 0.92842 -0.352459
vn -0.396292 0.897593 0.193077
vn -0.36331 0.649929 -0.667531
vn -0.358404 0.932571 0.043106
vn -0.806049 0.517938 -0.286399
vn -0.465766 0.264994 -0.844298
vn -0.584009 0.209269 -0.784309
vn -0.506088 -0.19359 -0.840475
vn -0.674005 0.539884 -0.504225
vn -0.350198 0.217705 -0.911024
vn -0.221329 0.898675 -0.378677
vn -0.503796 0.550734 -0.665493
vn -0.509473 0.142692 -0.848573
vn -0.362062 0.377098 -0.852472
vn -0.489044 0.324078 -0.80982
vn -0.530307 0.475093 -0.702183
vn -0.352054 0.502018 -0.78996
vn -0.420184 0.907379 -0.0104374
vn -0.515692 0.856232 0.0304819
vn -0.333483 0.659323 -0.673856
vn -0.0875577 0.20559 -0.974713
vn -0.396618 0.308443 -0.864614
vn -0.301142 0.809735 -0.50363
vn -0.292996 0.115734 -0.949083
vn -0.354895 0.0572835 -0.93315
vn -0.0212679 -0.00664382 -0.999752
vn -0.150855 0.0428065 -0.987629
vn 0.0636333 -0.232959 -0.970402
vn 0.239149 -0.113132 -0.96437
vn -0.202868 0.199227 -0.958725
vn 0.0248918 0.0166289 -0.999552
vn 0.0280282 -0.0898496 -0.995561
vn -0.0642484 -0.161989 -0.984699
vn 0.205419 0.0513966 -0.977324
vn -0.415921 0.143694 -0.897977
vn -0.425028 -0.250898 -0.869713
vn -0.671983 -0.704041 -0.229704
vn -0.178303 -0.544051 -0.819888
vn -0.0777188 -0.923366 -0.375973
vn 0.941634 -0.160937 0.295677
vn 0.172573 0.972057 -0.159135
vn 0.111625 0.975427 -0.189952
vn -0.150613 0.11737 -0.981601
vn -0.267881 0.386083 -0.882712
vn -0.506622 0.301885 -0.807589
vn -0.406868 0.236193 -0.882423
vn -0.779116 0.60616 0.159839
vn -0.485749 0.817945 -0.308242
vn -0.776563 0.356695 -0.519345
vn -0.656097 0.737501 0.160091
vn -0.76244 0.62592 0.164044
vn -0.357615 -0.897831 -0.256926
vn 0.0165821 0.0471774 -0.998749
vn -0.951335 -0.296014 -0.0856592
vn -0.150613 0.11737 -0.981601
vn -0.362062 0.377098 -0.852472
vn -0.506088 -0.19359 -0.840475
vn -0.354335 0.237948 -0.904338
vn -0.301142 0.809735 -0.50363
vn -0.381353 0.674636 -0.632009
vn -0.0212679 -0.00664382 -0.999752
vn -0.506622 0.301885 -0.807589
vn -0.357615 -0.897831 -0.256926
vn -0.0642484 -0.161989 -0.984699
vn -0.357615 -0.897831 -0.256926
vn 0.175807 -0.984204 0.0208238
vn 0.11784 -0.117878 -0.986011
vn -0.406868 0.236193 -0.882423
vn -0.776563 0.356695 -0.519345
vn 0.00427866 0.991848 0.127356
vn 0.246402 -0.103088 -0.96367
vn 0.0167797 0.944763 0.327325
vn 0.116049 -0.948958 0.293276
vn 0.0165821 0.0471774 -0.998749
vn 0.941634 -0.160937 0.295677
vn 0.172573 0.972057 -0.159135
vn -0.524248 -0.556824 -0.644292
vn -0.178303 -0.544051 -0.819888
vn 0.0165821 0.0471774 -0.998749
vn -0.951335 -0.296014 -0.0856592
vn -0.56116 0.189668 -0.805683
vn -0.937347 0.183712 0.296023
vn -0.89078 0.453893 0.0221853
vn -0.482088 0.563744 -0.670659
vt 0 0
vt 0 0
vt 0 0
vt 0 0
vt 0 0
vt 0 0
vt 0 0
vt 0 0
vt 0 0
vt 0 0
vt 0 0
vt 0 0
vt 0 0
vt 0 0
vt 0 0
vt 0 0
vt 0 0
vt 0 0
vt 0 0
vt 0 0
vt 0 0
vt 0 0
vt 0 0
vt 0 0
vt 0 0
vt 0 0
vt 0 0
vt 0 0
vt 0 0
vt 0 0
vt 0 0
vt 0 0
vt 0 0
vt 0 0
vt 0 0
vt 0 0
vt 0 0
vt 0 0
vt 0 0
vt 0 0
vt 0 0
vt 0 0
vt 0 0
vt 0 0
vt 0 0
vt 0 0
vt 0 0
vt 0 0
vt 0 0
vt 0 0
vt 0 0
vt 0 0
vt 0 0
vt 0 0
vt 0 0
vt 0 0
vt 0 0
vt 0 0
vt 0 0
vt 0 0
vt 0 0
vt 0 0
vt 0 0
vt 0 0
vt 0 0
vt 0 0
vt 0 0
vt 0 0
vt 0 0
vt 0 0
vt 0 0
vt 0 0
vt 0 0
vt 0 0
vt 0 0
vt 0 0
vt 0 0
vt 0 0
vt 0 0
vt 0 0
vt 0 0
vt 0 0
vt 0 0
vt 0 0
vt 0 0
vt 0 0
vt 0 0
vt 0.41025 0.666282
vt 0.417737 0.652639
vt 0.402617 0.644052
vt 0.414023 0.631619
vt 0.399978 0.622769
vt 0.411219 0.611363
vt 0.393209 0.602568
vt 0.391229 0.618353
vt 0.391454 0.628117
vt 0.391384 0.638548
vt 0.391347 0.651505
vt 0.38934 0.658325
vt 0.398757 0.592841
vt 0.401431 0.590969
vt 0.399835 0.589958
vt 0.387879 0.578598
vt 0.392436 0.602093
vt 0.417737 0.599203
vt 0.404372 0.680978
vt 0.384114 0.673453
vt 0.387415 0.694461
vt 0.376035 0.612309
vt 0.401814 0.705128
vt 0.376233 0.613971
vt 0.375676 0.631729
vt 0.374023 0.653708
vt 0.375589 0.63512
vt 0.373766 0.654171
vt 0.369583 0.600602
vt 0.383246 0.593583
vt 0.370753 0.584628
vt 0.386634 0.578477
vt 0.577219 0.232432
vt 0.581684 0.210969
vt 0.569188 0.219789
vt 0.590273 0.223461
vt 0.599117 0.235773
vt 0.5913 0.241478
vt 0.581204 0.239034
vt 0.572572 0.197884
vt 0.599117 0.254348
vt 0.563323 0.239672
vt 0.570752 0.25315
vt 0.572502 0.252214
vt 0.571178 0.254009
vt 0.556815 0.259482
vt 0.563126 0.272995
vt 0.563612 0.272809
vt 0.563324 0.273533
vt 0.559086 0.205545
vt 0.569237 0.192997
vt 0.556805 0.202762
vt 0.586185 0.247442
vt 0.576218 0.192298
vt 0.560493 0.182207
vt 0.584248 0.184143
vt 0.529096 0.229579
vt 0.528895 0.231504
vt 0.54388 0.245009
vt 0.544108 0.244938
vt 0.546824 0.227601
vt 0.53114 0.212957
vt 0.525281 0.248091
vt 0.549094 0.22044
vt 0.540918 0.210917
vt 0.554266 0.225995
vt 0.534123 0.20377
vt 0.543961 0.245167
vt 0.539828 0.263774
vt 0.544534 0.278587
vt 0.55546 0.20618
vt 0.553903 0.292281
vt 0.539995 0.279993
vt 0.539345 0.296307
vt 0.540859 0.275632
vt 0.559939 0.305739
vt 0.542244 0.310793
vt 0.561866 0.289607
vt 0.572165 0.286859
vt 0.580088 0.267817
vt 0.563029 0.304778
vt 0.578618 0.299572
vt 0.564711 0.319753
vt 0.586424 0.28147
vt 0.546182 0.324896
vt 0.569036 0.333953
vt 0.549911 0.339035
vt 0.55557 0.352972
vt 0.573538 0.347975
vt 0.562693 0.366817
vt 0.551099 0.353864
vt 0.550519 0.369007
vt 0.554096 0.385438
vt 0.568714 0.380695
vt 0.578071 0.361901
vt 0.56031 0.399231
vt 0.544415 0.386733
vt 0.541869 0.401563
vt 0.541585 0.402948
vt 0.562312 0.405603
vt 0.573008 0.391032
vt 0.551208 0.416511
vt 0.558666 0.414978
vt 0.567758 0.413828
vt 0.570714 0.427557
vt 0.559622 0.42893
vt 0.55092 0.430076
vt 0.534968 0.418388
vt 0.53952 0.431624
vt 0.569635 0.395957
vt 0.574766 0.395644
vt 0.570839 0.317897
vt 0.582215 0.313364
vt 0.582841 0.375546
vt 0.588287 0.388584
vt 0.583582 0.329815
vt 0.583428 0.329526
vt 0.579275 0.392723
vt 0.587909 0.343691
vt 0.583261 0.406307
vt 0.592131 0.294991
vt 0.598086 0.325697
vt 0.592551 0.357533
vt 0.579713 0.915803
vt 0.563409 0.910603
vt 0.564702 0.909479
vt 0.573038 0.921651
vt 0.561547 0.931265
vt 0.568189 0.938926
vt 0.551977 0.919827
vt 0.567025 0.946178
vt 0.576542 0.925472
vt 0.558916 0.95207
vt 0.566745 0.96233
vt 0.566502 0.964708
vt 0.556187 0.972456
vt 0.569027 0.965084
vt 0.576872 0.975128
vt 0.56513 0.984071
vt 0.548798 0.940487
vt 0.539874 0.92849
vt 0.530899 0.916668
vt 0.544927 0.960783
vt 0.577979 0.974222
vt 0.587376 0.934478
vt 0.573794 0.943482
vt 0.584327 0.95569
vt 0.596598 0.947565
vt 0.592498 0.967787
vt 0.604957 0.959689
vt 0.600781 0.980049
vt 0.613334 0.971822
vt 0.621802 0.984071
vt 0.617355 0.951604
vt 0.608983 0.939469
vt 0.614769 0.971031
vt 0.618638 0.953412
vt 0.629619 0.943399
vt 0.568688 0.96378
vt 0.586685 0.912696
vt 0.63122 0.964755
vt 0.598059 0.923636
vt 0.748419 0.638412
vt 0.754991 0.648888
vt 0.762618 0.634824
vt 0.753669 0.653829
vt 0.739861 0.656016
vt 0.745791 0.66649
vt 0.75956 0.619476
vt 0.763069 0.62666
vt 0.763126 0.618807
vt 0.785871 0.62941
vt 0.742287 0.624355
vt 0.753259 0.604534
vt 0.735739 0.609731
vt 0.746786 0.589355
vt 0.733572 0.605187
vt 0.733681 0.643546
vt 0.762493 0.602493
vt 0.727499 0.612988
vt 0.722951 0.620684
vt 0.727435 0.630131
vt 0.756408 0.652775
vt 0.749073 0.672235
vt 0.762646 0.666091
vt 0.76965 0.647537
vt 0.775136 0.660105
vt 0.765158 0.634071
vt 0.757056 0.686803
vt 0.736172 0.679124
vt 0.727595 0.667451
vt 0.729718 0.666357
vt 0.726515 0.665782
vt 0.720281 0.650508
vt 0.713315 0.63687
vt 0.706382 0.622906
vt 0.71404 0.61916
vt 0.705345 0.620724
vt 0.710293 0.660802
vt 0.770729 0.679256
vt 0.763476 0.68599
vt 0.77262 0.682287
vt 0.785654 0.675689
vt 0.782564 0.67077
vt 0.78198 0.696549
vt 0.794164 0.688298
vt 0.795729 0.691955
vt 0.782738 0.698172
vt 0.781526 0.698759
vt 0.774006 0.715273
vt 0.788954 0.710769
vt 0.775498 0.71728
vt 0.75985 0.691403
vt 0.787187 0.733265
vt 0.797942 0.723186
vt 0.775009 0.742209
vt 0.762623 0.725649
vt 0.765898 0.748815
vt 0.764319 0.701072
vt 0.801327 0.67449
vt 0.815042 0.690253
vt 0.788306 0.65864
vt 0.804987 0.709215
vt 0.806728 0.707066
vt 0.761469 0.749799
vt 0.763402 0.752504
vt 0.778689 0.765455
vt 0.787041 0.758968
vt 0.775479 0.742786
vt 0.789099 0.735501
vt 0.798506 0.748869
vt 0.801266 0.753622
vt 0.773834 0.766655
vt 0.752875 0.764965
vt 0.757231 0.771648
vt 0.808129 0.734266
vt 0.817628 0.752972
vt 0.819553 0.750317
vt 0.809747 0.733775
vt 0.810086 0.766783
vt 0.797474 0.774034
vt 0.789743 0.762545
vt 0.7895 0.782513
vt 0.809284 0.733097
vt 0.829342 0.735398
vt 0.803388 0.669028
vt 0.795293 0.657903
vt 0.808828 0.656454
vt 0.819895 0.674047
vt 0.809272 0.674956
vt 0.815854 0.684087
vt 0.788907 0.643759
vt 0.790271 0.643693
vt 0.809832 0.641408
vt 0.823494 0.709042
vt 0.831862 0.726185
vt 0.810853 0.710032
vt 0.818197 0.719893
vt 0.817832 0.77902
vt 0.814956 0.781046
vt 0.821483 0.784177
vt 0.831862 0.78687
vt 0.755136 0.793728
vt 0.736228 0.791155
vt 0.747457 0.800764
vt 0.745 0.781541
vt 0.741966 0.805819
vt 0.732522 0.794091
vt 0.730867 0.791882
vt 0.747051 0.810023
vt 0.735436 0.768582
vt 0.722821 0.777849
vt 0.715695 0.766721
vt 0.71129 0.765685
vt 0.733788 0.766177
vt 0.700518 0.774837
vt 0.740171 0.765163
vt 0.718976 0.8011
vt 0.709898 0.786806
vt 0.719937 0.802354
vt 0.701585 0.798219
vt 0.726695 0.751778
vt 0.714157 0.762876
vt 0.746629 0.755439
vt 0.73787 0.742993
vt 0.750102 0.734475
vt 0.728324 0.731681
vt 0.740707 0.722368
vt 0.743406 0.720687
vt 0.739916 0.721041
vt 0.722338 0.716838
vt 0.718906 0.720034
vt 0.758356 0.719818
vt 0.753033 0.710193
vt 0.744707 0.696645
vt 0.732555 0.705547
vt 0.723248 0.693905
vt 0.753195 0.691614
vt 0.743693 0.694917
vt 0.724868 0.692506
vt 0.719865 0.68965
vt 0.707427 0.686689
vt 0.709694 0.708107
vt 0.715163 0.678109
vt 0.705585 0.666503
vt 0.711462 0.742338
vt 0.71043 0.761447
vt 0.700848 0.753296
vt 0.689879 0.763848
vt 0.689807 0.74299
vt 0.700277 0.732329
vt 0.710768 0.741915
vt 0.701932 0.730645
vt 0.693421 0.718018
vt 0.710779 0.742771
vt 0.780087 0.834537
vt 0.783506 0.836046
vt 0.765916 0.839964
vt 0.785092 0.83213
vt 0.780807 0.85431
vt 0.799184 0.847061
vt 0.768589 0.825575
vt 0.749314 0.832521
vt 0.760715 0.841672
vt 0.746577 0.84655
vt 0.73014 0.840496
vt 0.786341 0.820482
vt 0.796177 0.826276
vt 0.762862 0.859018
vt 0.765674 0.846837
vt 0.77561 0.854527
vt 0.761775 0.866024
vt 0.780929 0.857569
vt 0.801111 0.848327
vt 0.805028 0.831077
vt 0.804908 0.839364
vt 0.812324 0.835123
vt 0.747758 0.860403
vt 0.735575 0.826042
vt 0.716292 0.833918
vt 0.724765 0.855193
vt 0.740247 0.847486
vt 0.72783 0.857181
vt 0.751683 0.858024
vt 0.755118 0.818764
vt 0.775178 0.812717
vt 0.820462 0.839622
vt 0.817531 0.855302
vt 0.836581 0.84648
vt 0.829844 0.859141
vt 0.795326 0.862836
vt 0.851127 0.849399
vt 0.775658 0.87095
vt 0.819008 0.819924
vt 0.812038 0.827151
vt 0.813093 0.81596
vt 0.812379 0.804493
vt 0.809428 0.869259
vt 0.789358 0.876372
vt 0.80243 0.882528
vt 0.82237 0.876564
vt 0.803801 0.883269
vt 0.835859 0.862213
vt 0.80274 0.810665
vt 0.835091 0.829222
vt 0.796109 0.814367
vt 0.832405 0.810434
vt 0.834183 0.82626
vt 0.832331 0.864211
vt 0.818474 0.883838
vt 0.806867 0.790598
vt 0.791462 0.800709
vt 0.79015 0.801479
vt 0.718869 0.876002
vt 0.850279 0.868767
vt 0.851182 0.850493
vt 0.871071 0.857705
vt 0.851907 0.849582
vt 0.866805 0.873973
vt 0.870133 0.840149
vt 0.849955 0.876532
vt 0.867235 0.830625
vt 0.851296 0.831724
vt 0.888539 0.862017
vt 0.842398 0.827645
vt 0.850323 0.822203
vt 0.866365 0.875852
vt 0.883689 0.878854
vt 0.906501 0.86675
vt 0.901196 0.883838
vt 0.0926564 0.557595
vt 0.10487 0.572913
vt 0.0811603 0.568619
vt 0.0919766 0.580775
vt 0.117104 0.564742
vt 0.105431 0.548711
vt 0.128749 0.556335
vt 0.118543 0.541327
vt 0.0915167 0.556176
vt 0.103035 0.545358
vt 0.0801616 0.541359
vt 0.0669486 0.549232
vt 0.07883 0.565726
vt 0.053391 0.557055
vt 0.0655422 0.574435
vt 0.0479864 0.560502
vt 0.0929727 0.533408
vt 0.0424956 0.569478
vt 0.0526784 0.583172
vt 0.0398165 0.591705
vt 0.0279869 0.57596
vt 0.0378394 0.563524
vt 0.0512012 0.553957
vt 0.0412775 0.54304
vt 0.0277671 0.550978
vt 0.0158446 0.560505
vt 0.0328195 0.571633
vt 0.0267032 0.574683
vt 0.108744 0.530096
vt 0.111521 0.528749
vt 0.137507 0.540228
vt 0.138608 0.540234
vt 0.0541252 0.538869
vt 0.0590463 0.536268
vt 0.00842697 0.575825
vt 0.0746777 0.586377
vt 0.019717 0.594106
vt 0.0742883 0.586946
vt 0.120857 0.569602
vt 0.131796 0.559508
vt 0.139567 0.570151
vt 0.129054 0.577624
vt 0.148785 0.556179
vt 0.146263 0.558976
vt 0.158278 0.540088
vt 0.118093 0.581843
vt 0.1491 0.579972
vt 0.137519 0.588644
vt 0.113181 0.584825
vt 0.123099 0.595571
vt 0.160605 0.56364
vt 0.0614845 0.595571
vt 0.159937 0.564595
vt 0.170546 0.547736
vt 0.211996 0.748409
vt 0.191812 0.761268
vt 0.193879 0.746617
vt 0.211999 0.763385
vt 0.212398 0.763414
vt 0.219253 0.748725
vt 0.19957 0.780497
vt 0.198859 0.778911
vt 0.176561 0.75924
vt 0.188316 0.745593
vt 0.176823 0.756119
vt 0.175204 0.741777
vt 0.160112 0.755583
vt 0.160342 0.739534
vt 0.163138 0.725233
vt 0.179099 0.728249
vt 0.190729 0.731063
vt 0.16796 0.710567
vt 0.170685 0.758905
vt 0.161183 0.764119
vt 0.178651 0.77829
vt 0.226726 0.769068
vt 0.163725 0.780497
vt 0.173753 0.927432
vt 0.184518 0.944454
vt 0.170099 0.942265
vt 0.186645 0.928769
vt 0.198883 0.944641
vt 0.200288 0.93105
vt 0.200876 0.922485
vt 0.187363 0.923379
vt 0.189707 0.914002
vt 0.201043 0.913492
vt 0.169791 0.945062
vt 0.184173 0.947426
vt 0.181414 0.965423
vt 0.166728 0.96372
vt 0.155591 0.944814
vt 0.152071 0.959938
vt 0.174011 0.914639
vt 0.179563 0.91443
vt 0.155046 0.930983
vt 0.158247 0.930582
vt 0.139664 0.948443
vt 0.135719 0.949425
vt 0.131018 0.965423
vt 0.118964 0.953852
vt 0.154008 0.916448
vt 0.134693 0.933895
vt 0.154924 0.916372
vt 0.134323 0.933856
vt 0.133438 0.918663
vt 0.151977 0.901763
vt 0.154754 0.901747
vt 0.172358 0.900835
vt 0.112391 0.938553
vt 0.13375 0.92921
vt 0.131701 0.91879
vt 0.186701 0.900155
vt 0.186959 0.902987
vt 0.111556 0.92071
vt 0.109792 0.904396
vt 0.130963 0.903267
vt 0.13244 0.916431
vt 0.132438 0.90323
vt 0.101781 0.921853
vt 0.10812 0.938631
vt 0.0870787 0.939552
vt 0.0903224 0.923503
vt 0.0976081 0.956236
vt 0.104341 0.961856
vt 0.0936888 0.911999
vt 0.0940667 0.905701
vt 0.491256 0.96515
vt 0.485699 0.944735
vt 0.493377 0.962287
vt 0.488565 0.946011
vt 0.479314 0.957209
vt 0.50428 0.974615
vt 0.490264 0.930458
vt 0.468478 0.938815
vt 0.49289 0.93132
vt 0.461414 0.952523
vt 0.510594 0.937109
vt 0.50448 0.950567
vt 0.518377 0.957624
vt 0.518486 0.957386
vt 0.517535 0.940107
vt 0.529294 0.943687
vt 0.468256 0.969394
vt 0.460986 0.95249
vt 0.461754 0.950586
vt 0.461007 0.936963
vt 0.441011 0.94956
vt 0.527181 0.977581
vt 0.518443 0.957643
vt 0.44792 0.967241
vt 0.478019 0.978655
vt 0.442731 0.934322
vt 0.488627 0.98757
vt 0.502522 0.976291
vt 0.468206 0.988776
vt 0.45777 0.978528
vt 0.446656 0.988623
vt 0.479607 0.998875
vt 0.45757 0.999611
vt 0.503432 0.99688
vt 0.511176 0.989637
vt 0.514486 0.987019
vt 0.524579 0.999611
vt 0.307634 0.16201
vt 0.318639 0.151573
vt 0.32939 0.162199
vt 0.340034 0.151607
vt 0.318522 0.172906
vt 0.32934 0.14116
vt 0.296397 0.172541
vt 0.350624 0.161897
vt 0.360901 0.151816
vt 0.370668 0.161566
vt 0.361183 0.171608
vt 0.34038 0.17254
vt 0.351638 0.182419
vt 0.350872 0.141084
vt 0.285814 0.161262
vt 0.2968 0.150955
vt 0.307707 0.14067
vt 0.329659 0.18398
vt 0.341149 0.193772
vt 0.319669 0.195416
vt 0.307716 0.186042
vt 0.340539 0.130148
vt 0.372379 0.141092
vt 0.3833 0.151417
vt 0.393569 0.140555
vt 0.399781 0.145649
vt 0.285247 0.183056
vt 0.271669 0.171386
vt 0.385403 0.172271
vt 0.389242 0.155804
vt 0.397427 0.162381
vt 0.406097 0.149997
vt 0.406689 0.149139
vt 0.386317 0.17184
vt 0.401247 0.18395
vt 0.409797 0.171454
vt 0.418644 0.159485
vt 0.42817 0.166947
vt 0.376435 0.183868
vt 0.384885 0.173786
vt 0.366492 0.194693
vt 0.376846 0.184187
vt 0.367373 0.195416
vt 0.386201 0.172881
vt 0.525937 0.0181636
vt 0.537563 0.036067
vt 0.541324 0.0212267
vt 0.552333 0.0399654
vt 0.52255 0.0329902
vt 0.52911 0.00359615
vt 0.519503 0.0477095
vt 0.507241 0.0299229
vt 0.504352 0.0448439
vt 0.516577 0.0624293
vt 0.510663 0.0146021
vt 0.491027 0.0273117
vt 0.494939 0.0119368
vt 0.479685 0.00774173
vt 0.475398 0.0226543
vt 0.464286 0.00364908
vt 0.520447 0.0478914
vt 0.479822 0.00727076
vt 0.464905 0.00187061
vt 0.55075 0.0437109
vt 0.537488 0.0367358
vt 0.562815 0.0544534
vt 0.566308 0.0456161
vt 0.529962 0.0536859
vt 0.544002 0.0587125
vt 0.560541 0.0604526
vt 0.524476 0.0665927
vt 0.538514 0.0699195
vt 0.555265 0.068904
vt 0.577116 0.055686
vt 0.573878 0.0293468
vt 0.560614 0.0223507
vt 0.560973 0.0215323
vt 0.559643 0.0213775
vt 0.548923 0.0069792
vt 0.573944 0.066874
vt 0.569155 0.0812126
vt 0.583066 0.0847396
vt 0.567401 0.0810463
vt 0.581634 0.0902423
vt 0.568403 0.0874753
vt 0.566387 0.0956159
vt 0.579354 0.0998446
vt 0.537485 0.0729916
vt 0.550216 0.0837188
vt 0.575528 0.026321
vt 0.583066 0.0120932
vt 0.570486 0.00383199
vt 0.554262 0.0003885
vt 0.546124 0.00288824
vt 0.753714 0.255381
vt 0.745091 0.235596
vt 0.739132 0.249669
vt 0.759447 0.241349
vt 0.768281 0.26073
vt 0.747962 0.269929
vt 0.75128 0.221666
vt 0.737166 0.215522
vt 0.733205 0.263702
vt 0.741161 0.284024
vt 0.752421 0.271984
vt 0.743779 0.201948
vt 0.730189 0.195819
vt 0.73631 0.18255
vt 0.730017 0.229289
vt 0.726519 0.277282
vt 0.722133 0.177379
vt 0.726618 0.163912
vt 0.71659 0.190127
vt 0.744161 0.285441
vt 0.722471 0.209352
vt 0.733069 0.297534
vt 0.765157 0.269141
vt 0.779071 0.275585
vt 0.718088 0.290625
vt 0.782905 0.265369
vt 0.721096 0.242922
vt 0.718377 0.225046
vt 0.758487 0.292127
vt 0.763837 0.27773
vt 0.750151 0.305194
vt 0.765358 0.312743
vt 0.73962 0.300314
vt 0.716945 0.217222
vt 0.713895 0.222883
vt 0.70738 0.20354
vt 0.714736 0.207076
vt 0.710202 0.198091
vt 0.698429 0.184976
vt 0.705556 0.236252
vt 0.72001 0.242555
vt 0.720115 0.244051
vt 0.713184 0.256329
vt 0.698144 0.216767
vt 0.716604 0.257552
vt 0.715621 0.160111
vt 0.71683 0.144437
vt 0.709503 0.157741
vt 0.704573 0.171681
vt 0.710962 0.173825
vt 0.707976 0.187918
vt 0.731161 0.150141
vt 0.716398 0.144072
vt 0.701356 0.137385
vt 0.707518 0.128204
vt 0.71634 0.143879
vt 0.690061 0.152701
vt 0.713045 0.272432
vt 0.710761 0.288024
vt 0.690123 0.149503
vt 0.690682 0.117572
vt 0.687884 0.167485
vt 0.686962 0.182014
vt 0.706026 0.269894
vt 0.6947 0.249834
vt 0.6947 0.249091
vt 0.692403 0.232011
vt 0.694301 0.24968
vt 0.685307 0.230284
vt 0.691485 0.223952
vt 0.689021 0.198635
vt 0.689917 0.214514
vt 0.689348 0.194709
vt 0.686493 0.198262
vt 0.727714 0.129186
vt 0.686566 0.133942
vt 0.685409 0.122734
vt 0.687675 0.15217
vt 0.671191 0.194204
vt 0.673211 0.21114
vt 0.671292 0.147673
vt 0.672781 0.164906
vt 0.673867 0.227361
vt 0.683789 0.115966
vt 0.69926 0.101752
vt 0.700442 0.104939
vt 0.704664 0.120032
vt 0.713234 0.121497
vt 0.736644 0.117474
vt 0.702587 0.102442
vt 0.681031 0.0996558
vt 0.67538 0.239071
vt 0.675344 0.244538
vt 0.69494 0.0850022
vt 0.673182 0.211494
vt 0.710222 0.0837672
vt 0.720912 0.11262
vt 0.713673 0.0932919
vt 0.720715 0.0854381
vt 0.728176 0.104068
vt 0.716789 0.102257
vt 0.721618 0.06693
vt 0.72673 0.080496
vt 0.737059 0.0688814
vt 0.745065 0.0872635
vt 0.727878 0.0847119
vt 0.733886 0.100054
vt 0.746817 0.0853827
vt 0.740321 0.0687297
vt 0.758066 0.0718925
vt 0.743257 0.0547786
vt 0.761892 0.0585982
vt 0.765881 0.0753432
vt 0.769066 0.0821669
vt 0.773578 0.0769904
vt 0.763258 0.0590089
vt 0.782905 0.062854
vt 0.707268 0.0692544
vt 0.658477 0.226095
vt 0.671733 0.180131
vt 0.660587 0.243557
vt 0.680354 0.0935592
vt 0.689746 0.0850026
vt 0.677518 0.082307
vt 0.666228 0.0999938
vt 0.670796 0.133611
vt 0.662855 0.0829767
vt 0.67206 0.211439
vt 0.657383 0.20925
vt 0.658389 0.217274
vt 0.672658 0.165745
vt 0.670388 0.127233
vt 0.668804 0.117138
vt 0.656879 0.193916
vt 0.65611 0.130042
vt 0.654065 0.117632
vt 0.666444 0.101417
vt 0.652175 0.103471
vt 0.651795 0.101287
vt 0.648876 0.0856583
vt 0.656433 0.134875
vt 0.657184 0.1492
vt 0.657797 0.162986
vt 0.657328 0.179743
vt 0.657851 0.165833
vt 0.216165 0.200157
vt 0.196589 0.204168
vt 0.194465 0.18855
vt 0.187623 0.189946
vt 0.216934 0.216121
vt 0.219119 0.199568
vt 0.228549 0.214538
vt 0.210873 0.184766
vt 0.200554 0.219052
vt 0.186394 0.20637
vt 0.178061 0.206786
vt 0.173056 0.191458
vt 0.157081 0.195396
vt 0.153131 0.180347
vt 0.161873 0.210251
vt 0.185433 0.223599
vt 0.182119 0.214304
vt 0.141507 0.199722
vt 0.14772 0.181626
vt 0.146713 0.214749
vt 0.140649 0.197383
vt 0.137932 0.200972
vt 0.13163 0.220482
vt 0.128478 0.212917
vt 0.221252 0.22633
vt 0.134984 0.171619
vt 0.134338 0.168221
vt 0.123273 0.170241
vt 0.118187 0.168351
vt 0.132701 0.182357
vt 0.122956 0.202451
vt 0.117272 0.187312
vt 0.101889 0.192306
vt 0.107337 0.206889
vt 0.0967698 0.177513
vt 0.0814787 0.182764
vt 0.0867815 0.197546
vt 0.0925866 0.212017
vt 0.0713106 0.203211
vt 0.0759036 0.184871
vt 0.0701021 0.200694
vt 0.0558286 0.210358
vt 0.0780964 0.218033
vt 0.0624657 0.186246
vt 0.233738 0.260732
vt 0.229189 0.245881
vt 0.248943 0.258214
vt 0.243879 0.24084
vt 0.263744 0.254963
vt 0.25849 0.236428
vt 0.278242 0.25085
vt 0.273042 0.232631
vt 0.214955 0.252735
vt 0.218327 0.262906
vt 0.292474 0.245068
vt 0.288023 0.230749
vt 0.27867 0.252299
vt 0.264048 0.256046
vt 0.283278 0.269751
vt 0.2973 0.266595
vt 0.293428 0.248884
vt 0.311241 0.264855
vt 0.308194 0.24686
vt 0.317945 0.264342
vt 0.268981 0.273049
vt 0.249846 0.261633
vt 0.254433 0.276329
vt 0.236172 0.270876
vt 0.23871 0.277795
vt 0.201035 0.261904
vt 0.201768 0.263696
vt 0.325347 0.25984
vt 0.322332 0.24442
vt 0.326422 0.26602
vt 0.340765 0.267366
vt 0.338738 0.254441
vt 0.354115 0.267235
vt 0.351588 0.251192
vt 0.358601 0.266724
vt 0.341714 0.272648
vt 0.354274 0.268108
vt 0.357043 0.284653
vt 0.344014 0.28443
vt 0.357981 0.284674
vt 0.311659 0.268327
vt 0.208195 0.237431
vt 0.198351 0.240666
vt 0.207803 0.236472
vt 0.193389 0.243467
vt 0.19273 0.241852
vt 0.18341 0.246376
vt 0.170066 0.228665
vt 0.178186 0.248591
vt 0.178094 0.24834
vt 0.154957 0.234311
vt 0.162869 0.253263
vt 0.140392 0.241555
vt 0.147498 0.257957
vt 0.125602 0.248535
vt 0.132506 0.263478
vt 0.154199 0.232538
vt 0.138819 0.237836
vt 0.116431 0.226638
vt 0.123538 0.243785
vt 0.101599 0.233189
vt 0.108083 0.248816
vt 0.11455 0.222388
vt 0.0864836 0.238754
vt 0.0933496 0.255061
vt 0.0717223 0.245162
vt 0.0783421 0.260615
vt 0.0575958 0.253741
vt 0.0622617 0.264297
vt 0.0847473 0.234662
vt 0.0999186 0.229266
vt 0.168787 0.225435
vt 0.0638683 0.226637
vt 0.0680238 0.237435
vt 0.164563 0.25786
vt 0.185716 0.266974
vt 0.170295 0.271273
vt 0.19987 0.263459
vt 0.0496398 0.237973
vt 0.0348729 0.244961
vt 0.0496773 0.237843
vt 0.0346798 0.244518
vt 0.0403948 0.217703
vt 0.0508282 0.23736
vt 0.031288 0.246534
vt 0.043309 0.265998
vt 0.0480334 0.264284
vt 0.0254977 0.22666
vt 0.0227011 0.220463
vt 0.0395851 0.215958
vt 0.0462979 0.214096
vt 0.0161058 0.202254
vt 0.031541 0.197049
vt 0.0468953 0.191576
vt 0.0554931 0.209602
vt 0.000401284 0.20656
vt 0.0442892 0.268177
vt 0.112607 0.261873
vt 0.114006 0.264788
vt 0.108572 0.265506
vt 0.366826 0.261924
vt 0.364275 0.248352
vt 0.378641 0.2577
vt 0.380726 0.269671
vt 0.367927 0.2687
vt 0.314198 0.280631
vt 0.298761 0.277366
vt 0.299702 0.280582
vt 0.32824 0.280997
vt 0.0521167 0.284329
vt 0.0307483 0.277183
vt 0.0367823 0.289433
vt 0.33186 0.280971
vt 0.295872 0.280077
vt 0.230176 0.277087
vt 0.205898 0.280074
vt 0.0676758 0.280112
vt 0.221457 0.278105
vt 0.369954 0.275509
vt 0.382171 0.274772
vt 0.384289 0.285367
vt 0.372541 0.289433
vt 0.00316554 0.222183
vt 0.011919 0.240338
vt 0.0159111 0.245934
vt 0.0209355 0.258318
vt 0.0287269 0.272985
vt 0.335688 0.241561
vt 0.302759 0.233233
vt 0.306155 0.232861
vt 0.37706 0.245859
vt 0.376757 0.244108
vt 0.389849 0.243025
vt 0.374805 0.22922
vt 0.386746 0.225928
vt 0.3624 0.233418
vt 0.362886 0.241938
vt 0.401488 0.237137
vt 0.399954 0.227211
vt 0.354405 0.237744
vt 0.34866 0.238826
vt 0.390258 0.244999
vt 0.37146 0.218194
vt 0.386704 0.225407
vt 0.398293 0.223329
vt 0.385207 0.210063
vt 0.396805 0.207947
vt 0.372615 0.217834
vt 0.382866 0.199149
vt 0.397017 0.205975
vt 0.384233 0.198917
vt 0.396703 0.191922
vt 0.39347 0.258668
vt 0.39044 0.261591
vt 0.392603 0.278265
vt 0.409233 0.198375
vt 0.411154 0.214669
vt 0.409403 0.231191
vt 0.412669 0.212583
vt 0.403245 0.250965
vt 0.408042 0.246371
vt 0.412087 0.200174
vt 0.423355 0.205826
vt 0.677459 0.311115
vt 0.695212 0.32294
vt 0.68366 0.308101
vt 0.696546 0.316789
vt 0.698424 0.299216
vt 0.699438 0.319161
vt 0.699399 0.298327
vt 0.673066 0.296407
vt 0.690882 0.286325
vt 0.680347 0.325473
vt 0.663323 0.316431
vt 0.671416 0.329433
vt 0.680178 0.335343
vt 0.699399 0.339161
vt 0.641092 0.750541
vt 0.646013 0.76767
vt 0.656119 0.761021
vt 0.670983 0.772067
vt 0.652632 0.783739
vt 0.671348 0.772427
vt 0.655918 0.791825
vt 0.62455 0.757043
vt 0.639766 0.750332
vt 0.623089 0.749417
vt 0.608157 0.76169
vt 0.636626 0.789401
vt 0.638766 0.794856
vt 0.629464 0.772745
vt 0.621104 0.795928
vt 0.623052 0.800419
vt 0.606238 0.751396
vt 0.615868 0.775568
vt 0.612733 0.777364
vt 0.604081 0.799639
vt 0.599311 0.789545
vt 0.588963 0.805278
vt 0.585154 0.796964
vt 0.575731 0.81265
vt 0.57057 0.801479
vt 0.593156 0.815058
vt 0.579407 0.820604
vt 0.584055 0.830931
vt 0.59769 0.825386
vt 0.589742 0.845162
vt 0.57555 0.850197
vt 0.6037 0.839616
vt 0.604888 0.842342
vt 0.617868 0.835162
vt 0.611622 0.820582
vt 0.617461 0.834213
vt 0.63066 0.828327
vt 0.592166 0.851021
vt 0.631377 0.829969
vt 0.580612 0.863904
vt 0.612037 0.856687
vt 0.59797 0.860886
vt 0.603199 0.874382
vt 0.616855 0.87
vt 0.644732 0.824935
vt 0.626048 0.852522
vt 0.638887 0.846107
vt 0.606421 0.80869
vt 0.651961 0.839942
vt 0.626772 0.854222
vt 0.641876 0.860304
vt 0.645191 0.858685
vt 0.655135 0.847009
vt 0.657462 0.83894
vt 0.664829 0.827217
vt 0.622087 0.868399
vt 0.585263 0.862544
vt 0.566685 0.868392
vt 0.561637 0.85521
vt 0.553256 0.872801
vt 0.547737 0.860259
vt 0.569949 0.836992
vt 0.650795 0.856104
vt 0.559196 0.801823
vt 0.584592 0.877422
vt 0.571007 0.881572
vt 0.585727 0.877053
vt 0.63655 0.872849
vt 0.5565 0.842035
vt 0.556716 0.886169
vt 0.568935 0.820093
vt 0.554827 0.807726
vt 0.542881 0.847023
vt 0.627111 0.81012
vt 0.598279 0.757411
vt 0.563366 0.827529
vt 0.551783 0.80116
vt 0.559471 0.819126
vt 0.534972 0.864714
vt 0.617575 0.821985
vt 0.63302 0.823866
vt 0.640936 0.805375
vt 0.646454 0.818263
vt 0.5387 0.878053
vt 0.53604 0.879021
vt 0.531454 0.866755
vt 0.517931 0.854379
vt 0.517729 0.854603
vt 0.514045 0.872585
vt 0.51885 0.884934
vt 0.651501 0.871666
vt 0.638824 0.878192
vt 0.657895 0.884105
vt 0.671348 0.876478
vt 0.658433 0.806195
vt 0.300665 0.477375
vt 0.28074 0.48009
vt 0.289725 0.465868
vt 0.269298 0.470703
vt 0.292106 0.461846
vt 0.308302 0.464415
vt 0.274871 0.460332
vt 0.287226 0.461814
vt 0.262559 0.460944
vt 0.255102 0.461076
vt 0.249321 0.473285
vt 0.240895 0.462534
vt 0.261299 0.444355
vt 0.298815 0.44664
vt 0.280466 0.445685
vt 0.278723 0.445595
vt 0.257673 0.4512
vt 0.253072 0.444831
vt 0.236381 0.455148
vt 0.240755 0.445258
vt 0.229591 0.446568
vt 0.224258 0.467835
vt 0.22954 0.466961
vt 0.227574 0.471736
vt 0.213431 0.452312
vt 0.208471 0.474428
vt 0.212335 0.452813
vt 0.203372 0.469634
vt 0.192502 0.454694
vt 0.217943 0.484844
vt 0.23963 0.484015
vt 0.260431 0.482578
vt 0.195364 0.484273
vt 0.207231 0.496172
vt 0.189092 0.487135
vt 0.183008 0.498275
vt 0.174269 0.480288
vt 0.192942 0.482284
vt 0.292214 0.488701
vt 0.312013 0.48545
vt 0.321647 0.469788
vt 0.332307 0.480235
vt 0.229583 0.495045
vt 0.323665 0.492986
vt 0.179884 0.472397
vt 0.190219 0.454018
vt 0.271869 0.491405
vt 0.175128 0.447906
vt 0.16622 0.462574
vt 0.16232 0.468549
vt 0.148937 0.459125
vt 0.251007 0.49357
vt 0.160879 0.440568
vt 0.152857 0.453336
vt 0.142325 0.43784
vt 0.303941 0.496825
vt 0.336077 0.500047
vt 0.241208 0.504878
vt 0.283573 0.500079
vt 0.262668 0.502767
vt 0.168697 0.488223
vt 0.158121 0.502702
vt 0.144488 0.494001
vt 0.135555 0.507437
vt 0.171646 0.511245
vt 0.121626 0.498841
vt 0.14936 0.515944
vt 0.130624 0.485359
vt 0.153765 0.480281
vt 0.140111 0.471744
vt 0.116811 0.476426
vt 0.127046 0.461758
vt 0.134272 0.451364
vt 0.102815 0.466995
vt 0.107558 0.49013
vt 0.098822 0.471971
vt 0.0869572 0.458488
vt 0.106395 0.489438
vt 0.0987119 0.503806
vt 0.315962 0.504649
vt 0.126788 0.520979
vt 0.112789 0.512499
vt 0.295602 0.508539
vt 0.091889 0.499584
vt 0.274632 0.511844
vt 0.253109 0.51437
vt 0.219155 0.506316
vt 0.328472 0.51239
vt 0.0883907 0.483183
vt 0.19573 0.510296
vt 0.307968 0.516966
vt 0.0728082 0.473717
vt 0.0581862 0.462976
vt 0.0584548 0.464068
vt 0.287037 0.520979
vt 0.345062 0.484101
vt 0.347157 0.485728
vt 0.347691 0.485
vt 0.336531 0.47404
vt 0.353826 0.504392
vt 0.360651 0.492178
vt 0.368457 0.479369
vt 0.380122 0.487715
vt 0.372872 0.499168
vt 0.391603 0.494754
vt 0.398532 0.483358
vt 0.408795 0.490846
vt 0.399215 0.499203
vt 0.404993 0.496736
vt 0.412318 0.493005
vt 0.401312 0.50399
vt 0.384669 0.505846
vt 0.353344 0.504073
vt 0.366042 0.510952
vt 0.395901 0.512412
vt 0.407303 0.505081
vt 0.412905 0.508611
vt 0.414636 0.505626
vt 0.423368 0.501479
vt 0.427853 0.504028
vt 0.421175 0.493799
vt 0.425366 0.488591
vt 0.347223 0.516392
vt 0.417285 0.498438
vt 0.403553 0.501231
vt 0.373986 0.469141
vt 0.417911 0.477636
vt 0.387343 0.472873
vt 0.403758 0.473461
vt 0.415922 0.47692
vt 0.324695 0.471104
vt 0.331686 0.453966
vt 0.357213 0.46749
vt 0.322022 0.469107
vt 0.36041 0.468648
vt 0.316418 0.449394
vt 0.311797 0.456485
vt 0.43138 0.477216
vt 0.392146 0.473842
vt 0.307853 0.448864
vt 0.344786 0.46035
vt 0.428973 0.590909
vt 0.428973 0.570238
vt 0.412833 0.577838
vt 0.412119 0.565268
vt 0.381456 0.980745
vt 0.382479 0.981189
vt 0.380963 0.982621
vt 0.399295 0.990743
vt 0.399242 0.992619
vt 0.399533 0.972116
vt 0.39959 0.969691
vt 0.401978 0.991684
vt 0.417138 0.983393
vt 0.36453 0.986902
vt 0.414506 0.971724
vt 0.402349 0.951957
vt 0.387239 0.951009
vt 0.384893 0.966174
vt 0.371837 0.951269
vt 0.369974 0.961762
vt 0.360568 0.954562
vt 0.366686 0.97699
vt 0.417105 0.955112
vt 0.351511 0.974744
vt 0.354611 0.954521
vt 0.351397 0.975392
vt 0.3439 0.992619
vt 0.351467 0.974757
vt 0.420144 0.940559
vt 0.345581 0.685703
vt 0.356625 0.700466
vt 0.335072 0.700466
vt 0.367175 0.68646
vt 0.785182 0.0221322
vt 0.786343 0.0429793
vt 0.800443 0.0318839
vt 0.798887 0.0269648
vt 0.796851 0.0109034
vt 0.775889 0.0172988
vt 0.802588 0.0301411
vt 0.804101 0.00837652
vt 0.797 0.00866556
vt 0.774765 0.0334974
vt 0.809632 0.0433958
vt 0.812185 0.0417267
vt 0.818218 0.0555556
vt 0.763462 0.02362
vt 0.814485 0.0209214
vt 0.753416 0.0346268
vt 0.770902 0.0374599
vt 0.785083 0.0441908
vt 0.758195 0.0387814
vt 0.7524 0.0359545
vt 0.742086 0.0249495
vt 0.732136 0.035984
vt 0.720808 0.0262916
vt 0.722155 0.0469973
vt 0.752069 0.0139097
vt 0.736619 0.0200966
vt 0.725531 0.0208603
vt 0.717095 0.00773921
vt 0.768594 0.0175246
vt 0.752138 0.0138287
vt 0.733417 0.0372422
vt 0.818218 0.0003885
vt 0.800159 0.0529336
vt 0.788236 0.0474979
vt 0.545394 0.119733
vt 0.558186 0.127817
vt 0.558186 0.10373
vt 0.549383 0.122879
vt 0.54536 0.119774
vt 0.545345 0.119736
vt 0.898685 0.977419
vt 0.891833 0.972876
vt 0.902448 0.961891
vt 0.880907 0.966147
vt 0.886949 0.952154
vt 0.90426 0.962841
vt 0.921145 0.973819
vt 0.908619 0.984044
vt 0.929001 0.961195
vt 0.91307 0.95099
vt 0.880016 0.978532
vt 0.898205 0.989273
vt 0.923799 0.975532
vt 0.930251 0.961953
vt 0.923646 0.992907
vt 0.939179 0.984455
vt 0.94424 0.97985
vt 0.944717 0.968855
vt 0.954607 0.974182
vt 0.961411 0.960841
vt 0.959945 0.99495
vt 0.951538 0.95602
vt 0.937321 0.949106
vt 0.961566 0.976523
vt 0.967496 0.963478
vt 0.918702 0.99495
vt 0.394605 0.0477855
vt 0.383547 0.0256313
vt 0.40089 0.0359854
vt 0.383777 0.0231909
vt 0.381473 0.0242727
vt 0.363162 0.0337851
vt 0.381022 0.0453692
vt 0.402624 0.0159285
vt 0.4025 0.0365867
vt 0.420109 0.0287089
vt 0.418403 0.0466985
vt 0.431357 0.0477855
vt 0.432986 0.0322128
vt 0.973215 0.463924
vt 0.951485 0.463293
vt 0.965339 0.470608
vt 0.964954 0.450272
vt 0.975939 0.475672
vt 0.958071 0.482311
vt 0.94426 0.476163
vt 0.92161 0.559074
vt 0.923029 0.560778
vt 0.942308 0.56028
vt 0.943123 0.559449
vt 0.93257 0.550011
vt 0.910597 0.566822
vt 0.908106 0.566583
vt 0.943356 0.559896
vt 0.924289 0.535217
vt 0.910621 0.542081
vt 0.946271 0.498297
vt 0.935495 0.51309
vt 0.958487 0.507077
vt 0.948262 0.521669
vt 0.947274 0.523141
vt 0.953047 0.525977
vt 0.92439 0.50224
vt 0.933246 0.490663
vt 0.96192 0.529205
vt 0.972473 0.514276
vt 0.958525 0.534079
vt 0.964993 0.498113
vt 0.978707 0.534293
vt 0.963006 0.491429
vt 0.954446 0.486658
vt 0.942136 0.477985
vt 0.955175 0.54303
vt 0.941916 0.536456
vt 0.957164 0.543729
vt 0.931399 0.5182
vt 0.979535 0.50335
vt 0.969633 0.493002
vt 0.926172 0.469423
vt 0.938061 0.460803
vt 0.917921 0.488673
vt 0.923458 0.528561
vt 0.917882 0.517271
vt 0.962214 0.560904
vt 0.966694 0.561551
vt 0.975816 0.54681
vt 0.979535 0.547724
vt 0.913655 0.513097
vt 0.673756 0.8014
vt 0.673884 0.81857
vt 0.689712 0.804378
vt 0.689807 0.809348
vt 0.689807 0.78749
vt 0.664472 0.949483
vt 0.654791 0.960542
vt 0.66573 0.970547
vt 0.654274 0.980918
vt 0.641235 0.969143
vt 0.640851 0.970273
vt 0.643607 0.986403
vt 0.656804 0.943134
vt 0.646937 0.955143
vt 0.66573 0.939782
vt 0.855 0.0590039
vt 0.868681 0.0671641
vt 0.873774 0.056235
vt 0.862433 0.0790606
vt 0.863392 0.0471881
vt 0.87949 0.0423663
vt 0.860722 0.0455445
vt 0.855619 0.0533727
vt 0.880251 0.0404639
vt 0.865893 0.0301912
vt 0.886173 0.0283461
vt 0.873271 0.0182637
vt 0.89058 0.0122285
vt 0.897725 0.0327147
vt 0.903959 0.0163101
vt 0.890823 0.0112665
vt 0.894024 0.0447558
vt 0.890298 0.0577893
vt 0.888126 0.0569261
vt 0.888341 0.0643872
vt 0.901094 0.0712155
vt 0.904078 0.0620095
vt 0.908132 0.0481847
vt 0.921587 0.0523695
vt 0.925224 0.0391571
vt 0.91234 0.0346634
vt 0.904333 0.0779651
vt 0.918503 0.065773
vt 0.915561 0.080821
vt 0.934059 0.0683196
vt 0.931117 0.0827908
vt 0.883847 0.0721682
vt 0.898002 0.0763974
vt 0.91576 0.0250682
vt 0.929147 0.029543
vt 0.897386 0.0841977
vt 0.895234 0.09182
vt 0.881497 0.0876048
vt 0.880046 0.0887473
vt 0.875028 0.100944
vt 0.889651 0.106164
vt 0.869321 0.115373
vt 0.874874 0.10088
vt 0.867995 0.114805
vt 0.884846 0.121116
vt 0.863648 0.130516
vt 0.860803 0.12912
vt 0.880635 0.0871873
vt 0.855614 0.0924011
vt 0.914932 0.100087
vt 0.939259 0.053095
vt 0.935866 0.0387134
vt 0.939785 0.0578042
vt 0.947432 0.0829108
vt 0.944573 0.0686198
vt 0.849307 0.106443
vt 0.842716 0.120642
vt 0.840073 0.0613581
vt 0.908947 0.114668
vt 0.899643 0.12865
vt 0.909851 0.114987
vt 0.914964 0.101599
vt 0.925703 0.120131
vt 0.904544 0.130641
vt 0.88457 0.137433
vt 0.929937 0.107163
vt 0.883339 0.140818
vt 0.898772 0.146118
vt 0.877308 0.155789
vt 0.872175 0.153377
vt 0.881658 0.140011
vt 0.947321 0.122221
vt 0.857779 0.145834
vt 0.849245 0.141893
vt 0.839085 0.137026
vt 0.915892 0.154017
vt 0.924103 0.14019
vt 0.925301 0.140748
vt 0.926392 0.137968
vt 0.947432 0.147218
vt 0.944668 0.151338
vt 0.941418 0.128217
vt 0.776736 0.335325
vt 0.786458 0.324483
vt 0.775682 0.314884
vt 0.785776 0.304121
vt 0.788024 0.344496
vt 0.796864 0.313408
vt 0.798097 0.333254
vt 0.801706 0.309082
vt 0.791973 0.298107
vt 0.840825 0.325567
vt 0.837669 0.307487
vt 0.825317 0.325413
vt 0.822996 0.313118
vt 0.822386 0.30619
vt 0.837419 0.305822
vt 0.834344 0.28789
vt 0.820187 0.292057
vt 0.852724 0.306647
vt 0.855352 0.321867
vt 0.849667 0.28783
vt 0.851864 0.30051
vt 0.833748 0.28417
vt 0.855964 0.325999
vt 0.848676 0.281986
vt 0.846416 0.265696
vt 0.831505 0.267664
vt 0.830737 0.262668
vt 0.845969 0.261848
vt 0.844315 0.244337
vt 0.829197 0.246885
vt 0.829155 0.243051
vt 0.844217 0.242518
vt 0.843182 0.225317
vt 0.859349 0.239957
vt 0.859952 0.248555
vt 0.835226 0.223098
vt 0.82733 0.224428
vt 0.827275 0.222968
vt 0.842579 0.21941
vt 0.815162 0.27806
vt 0.814945 0.277887
vt 0.814614 0.256631
vt 0.810359 0.23586
vt 0.809214 0.216949
vt 0.82606 0.203786
vt 0.84233 0.207214
vt 0.841508 0.195739
vt 0.825821 0.201122
vt 0.826654 0.18686
vt 0.841593 0.187759
vt 0.841389 0.173894
vt 0.825867 0.174724
vt 0.826586 0.167997
vt 0.84171 0.16876
vt 0.828099 0.151442
vt 0.816228 0.147894
vt 0.828796 0.142739
vt 0.810357 0.235944
vt 0.811975 0.258535
vt 0.810374 0.235897
vt 0.823545 0.202667
vt 0.81545 0.181985
vt 0.808737 0.213185
vt 0.81284 0.321163
vt 0.808381 0.300619
vt 0.805351 0.166881
vt 0.805691 0.215474
vt 0.805103 0.194424
vt 0.827036 0.331035
vt 0.841187 0.327347
vt 0.829765 0.347429
vt 0.844549 0.346236
vt 0.858948 0.34289
vt 0.859952 0.347807
vt 0.813717 0.341663
vt 0.806255 0.326887
vt 0.798415 0.268759
vt 0.79791 0.247925
vt 0.810739 0.254322
vt 0.814597 0.278178
vt 0.798968 0.289338
vt 0.78995 0.207121
vt 0.80447 0.195025
vt 0.803343 0.315998
vt 0.807123 0.337412
vt 0.793759 0.227506
vt 0.790135 0.185992
vt 0.803812 0.352568
vt 0.808496 0.160977
vt 0.803105 0.192742
vt 0.805226 0.176628
vt 0.798312 0.173682
vt 0.806365 0.160079
vt 0.790114 0.153949
vt 0.81271 0.146754
vt 0.8312 0.361694
vt 0.845162 0.352091
vt 0.830323 0.135587
vt 0.79327 0.139395
vt 0.667867 0.347271
vt 0.660112 0.357032
vt 0.671505 0.346154
vt 0.682008 0.357032
vt 0.685795 0.349012
vt 0.110353 0.618114
vt 0.107634 0.632867
vt 0.0943488 0.61335
vt 0.0943018 0.607984
vt 0.110353 0.603341
vt 0.383226 0.527972
vt 0.370917 0.5387
vt 0.383226 0.549089
vt 0.370385 0.538214
vt 0.370682 0.5389
vt 0.377418 0.553542
vt 0.377388 0.566045
vt 0.738021 0.916628
vt 0.752227 0.911997
vt 0.756833 0.926501
vt 0.733316 0.902863
vt 0.71948 0.907537
vt 0.747383 0.898134
vt 0.761524 0.893359
vt 0.714287 0.894108
vt 0.728331 0.889138
vt 0.742441 0.884228
vt 0.757504 0.910185
vt 0.769687 0.92144
vt 0.763501 0.898938
vt 0.775682 0.888628
vt 0.700138 0.899534
vt 0.756556 0.879176
vt 0.705234 0.913183
vt 0.723886 0.921238
vt 0.694381 0.919007
vt 0.686223 0.90591
vt 0.682924 0.906983
vt 0.687395 0.921286
vt 0.712386 0.928797
vt 0.725339 0.934844
vt 0.705493 0.924928
vt 0.740862 0.93551
vt 0.743601 0.935709
vt 0.75899 0.940807
vt 0.772135 0.942113
vt 0.700571 0.940467
vt 0.68826 0.939189
vt 0.670582 0.931195
vt 0.668042 0.910675
vt 0.670212 0.931044
vt 0.703846 0.938339
vt 0.704186 0.942113
vt 0.652632 0.91299
vt 0.655051 0.932117
vt 0.637529 0.915134
vt 0.639995 0.933884
vt 0.635233 0.900515
vt 0.650205 0.898309
vt 0.665054 0.895893
vt 0.847392 0.971762
vt 0.83173 0.970482
vt 0.832621 0.967681
vt 0.845085 0.979409
vt 0.862317 0.9763
vt 0.833403 0.965334
vt 0.849231 0.966649
vt 0.86236 0.976273
vt 0.817416 0.962315
vt 0.819235 0.979409
vt 0.667335 0.0283605
vt 0.652087 0.0195795
vt 0.667335 0.0135975
vt 0.985679 0.789372
vt 0.994212 0.775716
vt 0.991278 0.775585
vt 0.979295 0.759955
vt 0.994776 0.760686
vt 0.995568 0.745804
vt 0.993523 0.789792
vt 0.996778 0.775908
vt 0.998083 0.761019
vt 0.999469 0.790142
vt 0.992694 0.803792
vt 0.992452 0.803788
vt 0.992793 0.803807
vt 0.999599 0.746052
vt 0.999469 0.730769
vt 0.978732 0.766875
vt 0.655905 0.422656
vt 0.640911 0.422026
vt 0.657466 0.437634
vt 0.642015 0.437295
vt 0.658653 0.45264
vt 0.641702 0.452376
vt 0.663323 0.43759
vt 0.66304 0.42243
vt 0.636508 0.422049
vt 0.639836 0.40676
vt 0.662226 0.452567
vt 0.663323 0.407345
vt 0.649015 0.46484
vt 0.627207 0.429273
vt 0.652397 0.46892
vt 0.983452 0.23796
vt 0.974661 0.228827
vt 0.978622 0.250266
vt 0.992899 0.246432
vt 0.962051 0.236376
vt 0.973908 0.252017
vt 0.961327 0.23629
vt 0.954158 0.255038
vt 0.961613 0.235634
vt 0.963696 0.234891
vt 0.995173 0.233124
vt 0.995586 0.261087
vt 0.986166 0.265006
vt 0.995218 0.271238
vt 0.995173 0.282767
vt 0.977094 0.26734
vt 0.960524 0.27026
vt 0.978627 0.283217
vt 0.953852 0.261023
vt 0.411317 0.0889666
vt 0.421165 0.100622
vt 0.407632 0.0897969
vt 0.399278 0.100622
vt 0.425762 0.0924097
vt 0.00318321 0.300151
vt 0.0156501 0.312845
vt 0.00200642 0.315985
vt 0.0123132 0.298158
vt 0.00567457 0.283994
vt 0.0156501 0.32129
vt 0.963483 0.74294
vt 0.950846 0.745188
vt 0.953673 0.761072
vt 0.949037 0.745389
vt 0.949317 0.736985
vt 0.963483 0.758721
vt 0.0210251 0.378063
vt 0.0111388 0.390443
vt 0.0276886 0.389171
vt 0.0157915 0.376473
vt 0.020443 0.362483
vt 0.0268682 0.364442
vt 0.0250948 0.348497
vt 0.0122301 0.375395
vt 0.0076244 0.389392
vt 0.0148366 0.360791
vt 0.0202555 0.347041
vt 0.0276886 0.340715
vt 0.152277 0.849632
vt 0.148792 0.834887
vt 0.154577 0.851312
vt 0.138187 0.843244
vt 0.169454 0.839818
vt 0.168596 0.859617
vt 0.175008 0.854508
vt 0.153497 0.852119
vt 0.138694 0.864097
vt 0.176421 0.862509
vt 0.132804 0.846825
vt 0.156051 0.87085
vt 0.158433 0.871668
vt 0.13534 0.86238
vt 0.120331 0.856423
vt 0.189474 0.84629
vt 0.192646 0.86614
vt 0.175278 0.877903
vt 0.132948 0.874847
vt 0.133388 0.878155
vt 0.130368 0.877077
vt 0.112894 0.866941
vt 0.113372 0.870812
vt 0.109898 0.869322
vt 0.10582 0.848846
vt 0.108443 0.849654
vt 0.107801 0.847079
vt 0.0983609 0.88117
vt 0.110199 0.886866
vt 0.180558 0.879062
vt 0.152567 0.885139
vt 0.151449 0.884772
vt 0.170174 0.891608
vt 0.125468 0.891608
vt 0.130397 0.881647
vt 0.0974008 0.864492
vt 0.0924487 0.878907
vt 0.0761417 0.87236
vt 0.0769342 0.864305
vt 0.0694733 0.869409
vt 0.0822847 0.857512
vt 0.0642731 0.883981
vt 0.0690544 0.886087
vt 0.0795956 0.856489
vt 0.192569 0.868936
vt 0.193669 0.884337
vt 0.0600731 0.866548
vt 0.0643503 0.851305
vt 0.0421348 0.85866
vt 0.208601 0.882064
vt 0.207539 0.869497
vt 0.227528 0.871688
vt 0.209488 0.865353
vt 0.207576 0.86493
vt 0.158956 0.295943
vt 0.144526 0.285237
vt 0.143414 0.294652
vt 0.151696 0.280109
vt 0.157697 0.311064
vt 0.142086 0.309769
vt 0.17317 0.312351
vt 0.174457 0.297231
vt 0.126736 0.308491
vt 0.18853 0.313629
vt 0.125602 0.323621
vt 0.18808 0.321383
vt 0.203451 0.323621
vt 0.962242 0.669459
vt 0.961075 0.668874
vt 0.961603 0.670465
vt 0.963947 0.688445
vt 0.969904 0.6554
vt 0.969904 0.691142
vt 0.978399 0.0134985
vt 0.987468 0.0158166
vt 0.996736 0.00651548
vt 0.999599 0.0180423
vt 0.99727 0.0003885
vt 0.965445 0.0114971
vt 0.958128 0.00937772
vt 0.96067 0.0181353
vt 0.961285 0.0266154
vt 0.978236 0.02859
vt 0.982347 0.0296898
vt 0.998503 0.0332912
vt 0.979543 0.0319815
vt 0.985126 0.0486136
vt 0.967777 0.0448189
vt 0.964504 0.0444162
vt 0.947432 0.0424547
vt 0.983763 0.0625486
vt 0.963904 0.0592799
vt 0.961827 0.0589067
vt 0.999599 0.0482689
vt 0.433788 0.345318
vt 0.433557 0.34534
vt 0.4292 0.324795
vt 0.43325 0.323621
vt 0.43325 0.345436
vt 0.425761 0.325255
vt 0.414522 0.340747
vt 0.418089 0.357101
vt 0.413724 0.335533
vt 0.421997 0.365579
vt 0.433564 0.345391
vt 0.630882 0.298023
vt 0.626597 0.298394
vt 0.641501 0.30969
vt 0.639903 0.31468
vt 0.627894 0.294329
vt 0.6447 0.314002
vt 0.623759 0.313919
vt 0.621186 0.329313
vt 0.637306 0.330145
vt 0.634899 0.339325
vt 0.620349 0.333327
vt 0.642617 0.299121
vt 0.61659 0.347621
vt 0.64252 0.346982
vt 0.632189 0.349434
vt 0.61381 0.362899
vt 0.629057 0.365522
vt 0.628758 0.367123
vt 0.613535 0.364204
vt 0.60988 0.382604
vt 0.625165 0.385336
vt 0.629148 0.283327
vt 0.644089 0.284743
vt 0.64555 0.270447
vt 0.630736 0.269086
vt 0.647038 0.256089
vt 0.632272 0.25501
vt 0.649049 0.240392
vt 0.633552 0.241111
vt 0.617549 0.253096
vt 0.649875 0.23585
vt 0.63526 0.22616
vt 0.635476 0.224229
vt 0.650482 0.224582
vt 0.636813 0.209516
vt 0.620598 0.222186
vt 0.62208 0.207765
vt 0.619601 0.230191
vt 0.615879 0.267368
vt 0.614238 0.281659
vt 0.612548 0.29595
vt 0.619009 0.238171
vt 0.637868 0.193352
vt 0.622952 0.192045
vt 0.623138 0.190517
vt 0.638046 0.19164
vt 0.63978 0.175758
vt 0.624747 0.175234
vt 0.608202 0.188003
vt 0.609963 0.173611
vt 0.606064 0.20109
vt 0.626629 0.162771
vt 0.611772 0.160268
vt 0.612962 0.155312
vt 0.593918 0.164103
vt 0.598418 0.165736
vt 0.598756 0.150407
vt 0.618018 0.141625
vt 0.603677 0.136694
vt 0.622883 0.127306
vt 0.607868 0.12031
vt 0.626064 0.112815
vt 0.609175 0.115455
vt 0.612316 0.105771
vt 0.626953 0.110187
vt 0.63157 0.0960772
vt 0.616891 0.0916705
vt 0.636161 0.0819168
vt 0.62142 0.0775067
vt 0.640728 0.0675623
vt 0.625947 0.0631296
vt 0.645283 0.0531328
vt 0.63047 0.0486122
vt 0.60199 0.087096
vt 0.597443 0.101212
vt 0.592697 0.115241
vt 0.606081 0.202805
vt 0.606995 0.397639
vt 0.641187 0.166776
vt 0.650482 0.0385024
vt 0.622279 0.400544
vt 0.635816 0.0336966
vt 0.621031 0.0291375
vt 0.46189 0.766713
vt 0.457382 0.758805
vt 0.471327 0.767127
vt 0.456493 0.782834
vt 0.45557 0.772936
vt 0.441036 0.784594
vt 0.471877 0.782543
vt 0.440793 0.782369
vt 0.43835 0.784599
vt 0.475228 0.795929
vt 0.460088 0.801166
vt 0.436368 0.764691
vt 0.453307 0.76567
vt 0.444828 0.804584
vt 0.424599 0.796028
vt 0.421401 0.779614
vt 0.406442 0.780406
vt 0.409627 0.800036
vt 0.485742 0.785841
vt 0.391874 0.782023
vt 0.39467 0.802285
vt 0.378877 0.80098
vt 0.491752 0.770819
vt 0.502006 0.790534
vt 0.331456 0.722499
vt 0.344616 0.734851
vt 0.340628 0.735279
vt 0.341651 0.720417
vt 0.329993 0.750023
vt 0.345266 0.749733
vt 0.359652 0.73417
vt 0.375352 0.748064
vt 0.36042 0.748782
vt 0.374607 0.733442
vt 0.345493 0.751934
vt 0.330937 0.764337
vt 0.330619 0.764483
vt 0.330425 0.76531
vt 0.330316 0.764398
vt 0.314984 0.75286
vt 0.314871 0.7511
vt 0.389924 0.732673
vt 0.39058 0.747891
vt 0.360518 0.750331
vt 0.3134 0.751389
vt 0.375397 0.750029
vt 0.390433 0.751529
vt 0.405914 0.74901
vt 0.405258 0.759458
vt 0.42069 0.764642
vt 0.409907 0.76489
vt 0.405411 0.770263
vt 0.391777 0.78071
vt 0.37725 0.783539
vt 0.377269 0.7835
vt 0.362609 0.784731
vt 0.347869 0.785109
vt 0.362601 0.784133
vt 0.347945 0.784584
vt 0.346524 0.785097
vt 0.421464 0.74906
vt 0.333031 0.800118
vt 0.348155 0.800693
vt 0.33216 0.791689
vt 0.318045 0.801746
vt 0.315952 0.788979
vt 0.300234 0.789315
vt 0.311173 0.787644
vt 0.30294 0.804584
vt 0.285145 0.792187
vt 0.282406 0.777506
vt 0.269695 0.795114
vt 0.276457 0.778236
vt 0.281413 0.771859
vt 0.283888 0.77728
vt 0.299928 0.787238
vt 0.267645 0.784399
vt 0.363877 0.80254
vt 0.265647 0.777593
vt 0.35897 0.716006
vt 0.280441 0.762594
vt 0.347816 0.76782
vt 0.375438 0.766158
vt 0.388737 0.765463
vt 0.361785 0.76694
vt 0.408537 0.729347
vt 0.262836 0.760474
vt 0.249454 0.77767
vt 0.247592 0.762219
vt 0.277453 0.745139
vt 0.292436 0.742987
vt 0.29631 0.757487
vt 0.299682 0.770956
vt 0.313468 0.76918
vt 0.315768 0.78559
vt 0.331335 0.78074
vt 0.403547 0.764846
vt 0.326438 0.739965
vt 0.985021 0.720928
vt 0.977756 0.721079
vt 0.985152 0.726884
vt 0.985152 0.701243
vt 0.969101 0.718678
vt 0.930731 0.705143
vt 0.933144 0.71299
vt 0.932793 0.697568
vt 0.912996 0.625553
vt 0.891888 0.629732
vt 0.905741 0.636566
vt 0.901311 0.616771
vt 0.899018 0.634946
vt 0.891138 0.63069
vt 0.880016 0.645226
vt 0.920083 0.615917
vt 0.907613 0.608203
vt 0.903366 0.640106
vt 0.885793 0.65112
vt 0.91487 0.598956
vt 0.909446 0.641529
vt 0.927647 0.606863
vt 0.930992 0.602199
vt 0.91958 0.592798
vt 0.941898 0.588985
vt 0.930317 0.579673
vt 0.931272 0.578477
vt 0.898528 0.65979
vt 0.907684 0.662036
vt 0.916603 0.649495
vt 0.927679 0.628339
vt 0.918261 0.646361
vt 0.929687 0.630367
vt 0.939577 0.644298
vt 0.935181 0.650166
vt 0.894232 0.65264
vt 0.890026 0.658366
vt 0.93376 0.607173
vt 0.931479 0.628675
vt 0.940816 0.616335
vt 0.922849 0.663784
vt 0.942595 0.651063
vt 0.924991 0.670202
vt 0.947447 0.62781
vt 0.951111 0.63398
vt 0.952065 0.605526
vt 0.929676 0.66427
vt 0.928795 0.681463
vt 0.944126 0.666571
vt 0.940407 0.682644
vt 0.946324 0.673049
vt 0.949369 0.683726
vt 0.952247 0.605962
vt 0.952247 0.699715
vt 0.9317 0.697518
vt 0.9157 0.698292
vt 0.950563 0.714452
vt 0.786823 0.977078
vt 0.776368 0.971988
vt 0.792069 0.976474
vt 0.792674 0.956248
vt 0.792076 0.976983
vt 0.799384 0.976975
vt 0.807785 0.974104
vt 0.73146 0.953919
vt 0.729321 0.964804
vt 0.721477 0.956829
vt 0.744043 0.972201
vt 0.747531 0.952991
vt 0.74565 0.972769
vt 0.761271 0.969785
vt 0.743991 0.972608
vt 0.728969 0.971813
vt 0.713321 0.957517
vt 0.710198 0.97552
vt 0.708386 0.975973
vt 0.696873 0.961644
vt 0.69382 0.96189
vt 0.762573 0.954055
vt 0.777635 0.955064
vt 0.694384 0.976975
vt 0.100741 0.447941
vt 0.0918941 0.450272
vt 0.107945 0.450272
vt 0.237365 0.418585
vt 0.248477 0.417088
vt 0.248193 0.418216
vt 0.257042 0.422191
vt 0.238624 0.414535
vt 0.227563 0.415557
vt 0.228958 0.41138
vt 0.232385 0.401847
vt 0.219177 0.408031
vt 0.215661 0.417554
vt 0.241471 0.405535
vt 0.219994 0.419145
vt 0.212667 0.42765
vt 0.23649 0.391877
vt 0.235054 0.425528
vt 0.211864 0.427339
vt 0.20171 0.423591
vt 0.197972 0.433461
vt 0.202945 0.435323
vt 0.210683 0.430545
vt 0.196228 0.444056
vt 0.254739 0.405774
vt 0.263503 0.410543
vt 0.243738 0.392497
vt 0.247142 0.394227
vt 0.24738 0.393765
vt 0.254631 0.405565
vt 0.254932 0.405441
vt 0.261284 0.394304
vt 0.264015 0.409692
vt 0.270545 0.39826
vt 0.260983 0.393003
vt 0.261698 0.393122
vt 0.270696 0.397292
vt 0.26166 0.392557
vt 0.323387 0.387335
vt 0.3439 0.444056
vt 0.0407152 0.839319
vt 0.0405297 0.839521
vt 0.0453451 0.843434
vt 0.043762 0.836067
vt 0.0453451 0.823232
vt 0.338598 0.954142
vt 0.337165 0.968579
vt 0.335662 0.968307
vt 0.336052 0.983025
vt 0.320384 0.982211
vt 0.301842 0.978704
vt 0.315567 0.963554
vt 0.322176 0.982641
vt 0.31935 0.949787
vt 0.341493 0.93995
vt 0.323038 0.935771
vt 0.317829 0.949518
vt 0.317716 0.934489
vt 0.298714 0.945951
vt 0.304449 0.932012
vt 0.297104 0.959283
vt 0.31505 0.963576
vt 0.339399 0.954307
vt 0.284842 0.980399
vt 0.286443 0.979878
vt 0.286499 0.980106
vt 0.301164 0.976815
vt 0.283406 0.960032
vt 0.269244 0.976592
vt 0.26835 0.960359
vt 0.253301 0.978462
vt 0.252566 0.960949
vt 0.236509 0.961457
vt 0.241781 0.983075
vt 0.236094 0.982818
vt 0.219502 0.979651
vt 0.236092 0.983294
vt 0.22819 0.983025
vt 0.219877 0.962587
vt 0.283566 0.945506
vt 0.969836 0.322027
vt 0.980337 0.310397
vt 0.979181 0.309769
vt 0.960451 0.302044
vt 0.955693 0.31595
vt 0.966982 0.335629
vt 0.965079 0.336595
vt 0.976489 0.29021
vt 0.966815 0.337744
vt 0.950721 0.331215
vt 0.949037 0.337301
vt 0.964572 0.338843
vt 0.949995 0.312785
vt 0.980337 0.344144
vt 0.958542 0.350816
vt 0.975261 0.218008
vt 0.976036 0.216781
vt 0.955214 0.223388
vt 0.976899 0.217893
vt 0.989143 0.209124
vt 0.954535 0.192571
vt 0.967785 0.204149
vt 0.954521 0.190996
vt 0.972999 0.184228
vt 0.958297 0.171396
vt 0.950642 0.211852
vt 0.979365 0.179784
vt 0.980876 0.169032
vt 0.958419 0.170695
vt 0.977288 0.163049
vt 0.981124 0.1965
vt 0.982273 0.195839
vt 0.989109 0.209084
vt 0.985991 0.158449
vt 0.989143 0.152681
vt 0.989165 0.209055
vt 0.97716 0.598907
vt 0.982574 0.615773
vt 0.977562 0.597793
vt 0.977127 0.597705
vt 0.98308 0.583423
vt 0.998796 0.601304
vt 0.998796 0.586053
vt 0.993723 0.572261
vt 0.978408 0.583116
vt 0.996512 0.615374
vt 0.0252809 0.676276
vt 0.0195921 0.690807
vt 0.0203151 0.690813
vt 0.0194586 0.676173
vt 0.023289 0.661682
vt 0.0201174 0.661545
vt 0.0212624 0.646997
vt 0.00491002 0.660909
vt 0.00549393 0.646328
vt 0.0207621 0.646976
vt 0.00623313 0.631753
vt 0.021473 0.632405
vt 0.00671373 0.617121
vt 0.00280899 0.676236
vt 0.0142253 0.617211
vt 0.0216042 0.630836
vt 0.0215465 0.632408
vt 0.0252809 0.61655
vt 0.019653 0.691142
vt 0.830615 0.416277
vt 0.830536 0.417276
vt 0.814205 0.425472
vt 0.828257 0.437311
vt 0.814436 0.402909
vt 0.831288 0.416931
vt 0.845506 0.435824
vt 0.847274 0.426636
vt 0.856092 0.433146
vt 0.860723 0.4517
vt 0.864588 0.412169
vt 0.848867 0.415544
vt 0.851721 0.403324
vt 0.863562 0.438177
vt 0.875796 0.449084
vt 0.867887 0.411646
vt 0.872202 0.393377
vt 0.867512 0.413232
vt 0.864062 0.433198
vt 0.844878 0.452426
vt 0.87844 0.449434
vt 0.879629 0.434716
vt 0.882858 0.415977
vt 0.894511 0.436037
vt 0.897423 0.420153
vt 0.909747 0.435926
vt 0.911686 0.426025
vt 0.91274 0.417605
vt 0.897891 0.417229
vt 0.882993 0.415325
vt 0.926026 0.434162
vt 0.92619 0.43338
vt 0.901584 0.400254
vt 0.914977 0.404961
vt 0.929912 0.414049
vt 0.944278 0.419855
vt 0.942012 0.432627
vt 0.926748 0.4339
vt 0.940819 0.439926
vt 0.938748 0.452603
vt 0.829334 0.452603
vt 0.908561 0.451517
vt 0.92365 0.452116
vt 0.88766 0.396319
vt 0.893541 0.45055
vt 0.928097 0.413307
vt 0.821793 0.438796
vt 0.836556 0.398865
vt 0.8255 0.391523
vt 0.917848 0.394955
vt 0.923499 0.392561
vt 0.933446 0.39708
vt 0.918817 0.389501
vt 0.906583 0.384913
vt 0.903744 0.393235
vt 0.893172 0.381475
vt 0.890771 0.386083
vt 0.930557 0.412236
vt 0.94843 0.405276
vt 0.948782 0.405032
vt 0.952247 0.389068
vt 0.922227 0.377069
vt 0.948731 0.405347
vt 0.933895 0.381826
vt 0.856753 0.388342
vt 0.841463 0.383387
vt 0.825987 0.379448
vt 0.876946 0.378142
vt 0.938481 0.383808
vt 0.910822 0.373058
vt 0.886227 0.380472
vt 0.861533 0.373626
vt 0.897848 0.368372
vt 0.881338 0.36347
vt 0.888523 0.365645
vt 0.902255 0.352869
vt 0.899913 0.35975
vt 0.916719 0.358863
vt 0.915645 0.358206
vt 0.921557 0.345377
vt 0.915506 0.358389
vt 0.924265 0.34675
vt 0.935533 0.352285
vt 0.928721 0.365004
vt 0.941844 0.355625
vt 0.934615 0.367643
vt 0.988363 0.543512
vt 0.988363 0.560606
vt 0.98756 0.56056
vt 0.590289 0.129371
vt 0.590289 0.144134
vt 0.589486 0.144097
vt 0.977417 0.688034
vt 0.977267 0.668412
vt 0.995137 0.678343
vt 0.995674 0.657593
vt 0.977127 0.667765
vt 0.977206 0.647556
vt 0.991114 0.636752
vt 0.996329 0.658238
vt 0.996329 0.637481
vt 0.996388 0.656828
vt 0.779695 0.157343
vt 0.768459 0.147071
vt 0.779695 0.133256
vt 0.970706 0.770413
vt 0.957063 0.784945
vt 0.970395 0.785227
vt 0.969947 0.770396
vt 0.968338 0.800017
vt 0.969993 0.800052
vt 0.969947 0.801476
vt 0.976764 0.397436
vt 0.973114 0.40676
vt 0.983547 0.40676
vt 0.327849 0.917249
vt 0.326342 0.912587
vt 0.310193 0.917249
vt 0.507624 0.769619
vt 0.507624 0.74864
vt 0.504414 0.768381
vt 0.5063 0.74894
vt 0.805868 0.377234
vt 0.796549 0.381119
vt 0.813403 0.381119
vt 0.404093 0.273929
vt 0.405698 0.272339
vt 0.405698 0.290987
vt 0.594302 0.0617544
vt 0.593499 0.0757576
vt 0.593499 0.0602176
vt 0.335875 0.22805
vt 0.335875 0.228827
vt 0.320626 0.228693
vt 0.515426 0.16151
vt 0.515799 0.156234
vt 0.503025 0.146568
vt 0.518716 0.142764
vt 0.498238 0.135854
vt 0.498313 0.132433
vt 0.514321 0.128702
vt 0.498264 0.114443
vt 0.513375 0.113675
vt 0.483101 0.113762
vt 0.528491 0.112529
vt 0.513343 0.110584
vt 0.483698 0.0991707
vt 0.498128 0.111342
vt 0.483118 0.132989
vt 0.465883 0.122841
vt 0.463358 0.119963
vt 0.466661 0.143442
vt 0.461278 0.138926
vt 0.456449 0.153438
vt 0.451685 0.132377
vt 0.455482 0.15386
vt 0.440635 0.142884
vt 0.439256 0.122209
vt 0.450418 0.111724
vt 0.43865 0.101638
vt 0.449764 0.0911499
vt 0.463091 0.1013
vt 0.438255 0.0810703
vt 0.462159 0.0818525
vt 0.454834 0.0685945
vt 0.43805 0.163408
vt 0.446661 0.175507
vt 0.46085 0.170104
vt 0.452022 0.189259
vt 0.469016 0.183501
vt 0.474845 0.181899
vt 0.457005 0.202993
vt 0.453287 0.204246
vt 0.474072 0.189762
vt 0.491641 0.177986
vt 0.47815 0.196986
vt 0.481942 0.164497
vt 0.458651 0.217852
vt 0.439051 0.209134
vt 0.442995 0.223283
vt 0.434741 0.195138
vt 0.461405 0.232595
vt 0.450726 0.236299
vt 0.438637 0.241054
vt 0.477007 0.228579
vt 0.461306 0.248216
vt 0.441725 0.256062
vt 0.493962 0.177354
vt 0.439882 0.252577
vt 0.494945 0.161014
vt 0.512344 0.173423
vt 0.467539 0.0979587
vt 0.482884 0.134201
vt 0.478174 0.100114
vt 0.453303 0.0664149
vt 0.441239 0.0592717
vt 0.448825 0.0534887
vt 0.47124 0.0561763
vt 0.462504 0.0443003
vt 0.451491 0.0330225
vt 0.436157 0.0789073
vt 0.472822 0.163335
vt 0.479446 0.243816
vt 0.475509 0.197327
vt 0.465921 0.215868
vt 0.431349 0.0670899
vt 0.461986 0.126601
vt 0.425434 0.0715652
vt 0.503994 0.150823
vt 0.447672 0.190805
vt 0.493413 0.179632
vt 0.455093 0.0683927
vt 0.461526 0.249145
vt 0.466109 0.263033
vt 0.447222 0.269622
vt 0.469828 0.277294
vt 0.45404 0.282814
vt 0.46697 0.29325
vt 0.449272 0.302908
vt 0.445245 0.286471
vt 0.483934 0.293445
vt 0.474517 0.296942
vt 0.484894 0.275318
vt 0.443356 0.295092
vt 0.482577 0.303033
vt 0.483046 0.311126
vt 0.444505 0.270696
vt 0.498146 0.310119
vt 0.497474 0.298211
vt 0.466603 0.297205
vt 0.483907 0.329672
vt 0.499005 0.32869
vt 0.465887 0.319923
vt 0.499031 0.329331
vt 0.483927 0.329827
vt 0.479366 0.0686618
vt 0.469053 0.333551
vt 0.48761 0.343945
vt 0.472518 0.347822
vt 0.452711 0.338745
vt 0.458494 0.352261
vt 0.444013 0.357621
vt 0.449294 0.371263
vt 0.491555 0.357982
vt 0.506165 0.354175
vt 0.510073 0.368264
vt 0.495393 0.372099
vt 0.499429 0.386124
vt 0.476398 0.376592
vt 0.480673 0.390568
vt 0.477027 0.391493
vt 0.475293 0.376855
vt 0.456892 0.381099
vt 0.479588 0.405894
vt 0.484887 0.404553
vt 0.473606 0.418506
vt 0.465241 0.407279
vt 0.495306 0.419739
vt 0.462274 0.394332
vt 0.475319 0.374241
vt 0.503351 0.400905
vt 0.465276 0.3192
vt 0.50135 0.341484
vt 0.508565 0.19144
vt 0.508476 0.19259
vt 0.49327 0.193267
vt 0.476509 0.361539
vt 0.432531 0.180082
vt 0.42869 0.275889
vt 0.423862 0.262032
vt 0.476137 0.223525
vt 0.481404 0.227481
vt 0.494315 0.222364
vt 0.493441 0.23475
vt 0.433248 0.242984
vt 0.426938 0.229552
vt 0.418539 0.248894
vt 0.434603 0.226787
vt 0.437785 0.178749
vt 0.446308 0.325567
vt 0.46208 0.249001
vt 0.480487 0.260197
vt 0.495975 0.258835
vt 0.451982 0.397626
vt 0.4495 0.403659
vt 0.445328 0.398549
vt 0.445832 0.384008
vt 0.430323 0.39884
vt 0.430201 0.384671
vt 0.444324 0.369793
vt 0.446132 0.384413
vt 0.494623 0.240923
vt 0.50608 0.21064
vt 0.490911 0.208001
vt 0.501606 0.211619
vt 0.440982 0.256332
vt 0.466326 0.0786179
vt 0.4819 0.0844401
vt 0.494568 0.0677567
vt 0.496715 0.0813641
vt 0.482304 0.0981064
vt 0.476491 0.211773
vt 0.501181 0.385711
vt 0.43699 0.289107
vt 0.423484 0.296073
vt 0.477149 0.260724
vt 0.504653 0.400597
vt 0.525324 0.39567
vt 0.520721 0.381036
vt 0.527459 0.401503
vt 0.528491 0.394718
vt 0.495792 0.420746
vt 0.510697 0.414932
vt 0.491005 0.209726
vt 0.453632 0.411721
vt 0.434638 0.310865
vt 0.499016 0.296283
vt 0.500951 0.27686
vt 0.465961 0.102482
vt 0.465563 0.364282
vt 0.465119 0.317421
vt 0.4825 0.263765
vt 0.500928 0.265697
vt 0.494244 0.133798
vt 0.0340199 0.512432
vt 0.0204655 0.528749
vt 0.0221596 0.513588
vt 0.0364389 0.527795
vt 0.0528118 0.513496
vt 0.0498978 0.528439
vt 0.0573836 0.528749
vt 0.865252 0.205517
vt 0.876003 0.216395
vt 0.854334 0.216395
vt 0.0589547 0.60597
vt 0.0589888 0.604895
vt 0.0413323 0.614147
vt 0.0589887 0.625874
vt 0.924431 0.734654
vt 0.941011 0.750194
vt 0.922552 0.750194
vt 0.94046 0.734858
vt 0.402488 0.304973
vt 0.390449 0.316157
vt 0.402488 0.325981
vt 0.392212 0.336053
vt 0.596462 0.0357852
vt 0.591986 0.0501166
vt 0.591092 0.0314685
vt 0.608867 0.0501166
vt 0.610353 0.0456054
vt 0.875201 0.254468
vt 0.869583 0.254468
vt 0.872396 0.242024
vt 0.87264 0.239708
vt 0.872432 0.239705
vt 0.467496 0.749417
vt 0.445827 0.749417
vt 0.467469 0.749331
vt 0.446407 0.746309
vt 0.720361 0.50141
vt 0.709131 0.488913
vt 0.710835 0.511705
vt 0.720255 0.479711
vt 0.731046 0.491708
vt 0.74112 0.502358
vt 0.729019 0.469641
vt 0.741637 0.481519
vt 0.751735 0.492398
vt 0.752312 0.471739
vt 0.763192 0.483403
vt 0.772411 0.494412
vt 0.765472 0.500023
vt 0.774541 0.474437
vt 0.783756 0.485455
vt 0.781902 0.505569
vt 0.793161 0.496319
vt 0.794944 0.476318
vt 0.706122 0.485551
vt 0.742122 0.46066
vt 0.718461 0.477436
vt 0.75747 0.49897
vt 0.77076 0.513957
vt 0.765144 0.46321
vt 0.785714 0.465488
vt 0.730909 0.469429
vt 0.722115 0.50348
vt 0.690821 0.490921
vt 0.698358 0.498632
vt 0.685627 0.490764
vt 0.688316 0.486538
vt 0.697977 0.474099
vt 0.710672 0.512406
vt 0.734717 0.517556
vt 0.717485 0.524749
vt 0.697712 0.518628
vt 0.734084 0.519059
vt 0.740897 0.520365
vt 0.728888 0.535805
vt 0.754756 0.506769
vt 0.750252 0.519895
vt 0.710265 0.511913
vt 0.697568 0.518703
vt 0.704418 0.531292
vt 0.711711 0.544126
vt 0.699033 0.551338
vt 0.704004 0.561167
vt 0.717649 0.555861
vt 0.723599 0.569275
vt 0.737926 0.561372
vt 0.736728 0.553259
vt 0.730501 0.581803
vt 0.744297 0.556993
vt 0.718569 0.572103
vt 0.707421 0.570607
vt 0.710271 0.579311
vt 0.701295 0.577706
vt 0.751096 0.569879
vt 0.728999 0.582362
vt 0.708159 0.465106
vt 0.717914 0.452772
vt 0.714506 0.454563
vt 0.702513 0.458113
vt 0.696426 0.452749
vt 0.697375 0.472815
vt 0.686423 0.463252
vt 0.68057 0.440714
vt 0.690259 0.430007
vt 0.704686 0.440942
vt 0.700225 0.419483
vt 0.71304 0.429219
vt 0.708034 0.407269
vt 0.723389 0.418931
vt 0.724053 0.439021
vt 0.726199 0.400137
vt 0.7259 0.398078
vt 0.706393 0.404848
vt 0.710919 0.387144
vt 0.672537 0.452717
vt 0.728183 0.399768
vt 0.72876 0.379504
vt 0.72983 0.38031
vt 0.730534 0.378393
vt 0.745732 0.392033
vt 0.72579 0.421014
vt 0.751704 0.377796
vt 0.709768 0.387693
vt 0.693447 0.394847
vt 0.740666 0.37006
vt 0.73077 0.359476
vt 0.728582 0.360614
vt 0.728388 0.358313
vt 0.713057 0.350006
vt 0.727483 0.341303
vt 0.737237 0.339077
vt 0.725308 0.327035
vt 0.74374 0.336526
vt 0.74382 0.319736
vt 0.760263 0.331901
vt 0.76141 0.347292
vt 0.74295 0.342895
vt 0.765232 0.385252
vt 0.764659 0.386855
vt 0.746302 0.392315
vt 0.760847 0.404533
vt 0.771404 0.371601
vt 0.761692 0.363483
vt 0.77374 0.359398
vt 0.784708 0.37831
vt 0.785208 0.380504
vt 0.765879 0.386021
vt 0.670546 0.451163
vt 0.713959 0.368789
vt 0.724552 0.438537
vt 0.739784 0.429097
vt 0.740139 0.413125
vt 0.746038 0.411266
vt 0.756963 0.417605
vt 0.754149 0.431948
vt 0.770828 0.421486
vt 0.775944 0.4081
vt 0.751864 0.443434
vt 0.772604 0.420324
vt 0.779364 0.408999
vt 0.79286 0.401547
vt 0.757533 0.404989
vt 0.726694 0.441247
vt 0.716524 0.450447
vt 0.754343 0.350368
vt 0.786702 0.395055
vt 0.772438 0.399083
vt 0.794944 0.436232
vt 0.748956 0.505659
vt 0.755693 0.438861
vt 0.774469 0.436845
vt 0.751355 0.538079
vt 0.760014 0.504989
vt 0.677823 0.473873
vt 0.745553 0.392409
vt 0.753431 0.365701
vt 0.726982 0.543494
vt 0.729861 0.468029
vt 0.709713 0.3858
vt 0.688495 0.388766
vt 0.697681 0.374992
vt 0.690146 0.378904
vt 0.680634 0.382557
vt 0.71071 0.37043
vt 0.700481 0.467694
vt 0.747101 0.352274
vt 0.741003 0.503171
vt 0.743427 0.454436
vt 0.740757 0.407341
vt 0.0188604 0.973597
vt 0.00361156 0.993396
vt 0.0188598 0.992484
vt 0.00365749 0.973424
vt 0.00365726 0.973242
vt 0.0188598 0.973193
vt 0.40006 0.448752
vt 0.400883 0.444833
vt 0.39687 0.446068
vt 0.400883 0.46115
vt 0.0292937 0.0540016
vt 0.0292937 0.0330225
vt 0.0283952 0.0532426
vt 0.026665 0.0341745
vt 0.0100321 0.0450478
vt 0.270102 0.987956
vt 0.271669 0.991064
vt 0.262841 0.991064
vt 0.240108 0.918026
vt 0.259261 0.932863
vt 0.259631 0.932228
vt 0.238764 0.93262
vt 0.241558 0.947552
vt 0.259631 0.947423
vt 0.00283394 0.429293
vt 0.00138886 0.432205
vt 0.0109713 0.448555
vt 0.0228234 0.434742
vt 0.00749428 0.447671
vt 0.008323 0.453853
vt 0.0188252 0.467903
vt 0.0304818 0.452279
vt 0.0137079 0.466023
vt 0.0179115 0.469151
vt 0.000401284 0.467383
vt 0.00884387 0.487204
vt 0.0304925 0.477949
vt 0.0237368 0.491453
vt 0.0389246 0.490513
vt 0.0389246 0.465948
vt 0.0943018 0.163559
vt 0.0742376 0.163559
vt 0.0765266 0.148172
vt 0.0924651 0.148019
vt 0.0172552 0.868572
vt 0.0301926 0.885392
vt 0.032504 0.87096
vt 0.032504 0.851204
vt 0.0172779 0.853477
vt 0.511637 0.312591
vt 0.526886 0.304973
vt 0.511656 0.305779
vt 0.526886 0.31352
vt 0.254013 0.304973
vt 0.264157 0.287897
vt 0.272472 0.304973
vt 0.262127 0.287879
vt 0.436998 0.974404
vt 0.433837 0.970862
vt 0.429775 0.979225
vt 0.436998 0.996503
vt 0.787449 0.586286
vt 0.775682 0.601787
vt 0.779638 0.586247
vt 0.791212 0.601787
vt 0.804575 0.600154
vt 0.217699 0.892385
vt 0.22512 0.900932
vt 0.205056 0.900932
vt 0.327742 0.0470038
vt 0.330668 0.0292329
vt 0.343868 0.0418376
vt 0.343022 0.0613664
vt 0.32792 0.0617866
vt 0.312531 0.0475685
vt 0.346859 0.0438257
vt 0.343284 0.0760296
vt 0.358314 0.0757548
vt 0.31288 0.0621419
vt 0.311961 0.0330076
vt 0.358596 0.0903241
vt 0.343567 0.0905983
vt 0.328267 0.0763374
vt 0.360693 0.055666
vt 0.297503 0.0479018
vt 0.293401 0.0678248
vt 0.297045 0.0334468
vt 0.373402 0.0754696
vt 0.379355 0.0936683
vt 0.392055 0.0788115
vt 0.385476 0.0615661
vt 0.379212 0.094106
vt 0.293135 0.067665
vt 0.27857 0.0594922
vt 0.312119 0.0775829
vt 0.296259 0.0785564
vt 0.312265 0.0923325
vt 0.328987 0.0908943
vt 0.29664 0.0188934
vt 0.311864 0.0179003
vt 0.281699 0.0193966
vt 0.282057 0.0314316
vt 0.286088 0.0337689
vt 0.267117 0.0308678
vt 0.266772 0.0198489
vt 0.266431 0.0051495
vt 0.251348 0.0058918
vt 0.251643 0.0143714
vt 0.236724 0.0145637
vt 0.251878 0.0223114
vt 0.236436 0.00639526
vt 0.228582 0.00666199
vt 0.221358 0.0021774
vt 0.220273 0.0087927
vt 0.206538 0.0003885
vt 0.236446 0.0219437
vt 0.220373 0.0243715
vt 0.239094 0.0274045
vt 0.226995 0.0383372
vt 0.206549 0.0298869
vt 0.214116 0.0460266
vt 0.214465 0.0468497
vt 0.213834 0.0470805
vt 0.206133 0.0656454
vt 0.206073 0.0655238
vt 0.220665 0.0605488
vt 0.228974 0.0757262
vt 0.237804 0.0581607
vt 0.238776 0.0571076
vt 0.21004 0.0796583
vt 0.231022 0.0754371
vt 0.243735 0.0715353
vt 0.248203 0.0853507
vt 0.243876 0.0866772
vt 0.262528 0.0809177
vt 0.258099 0.0670715
vt 0.276787 0.0766451
vt 0.2731 0.0606226
vt 0.26697 0.0947443
vt 0.254718 0.0502486
vt 0.239228 0.0581359
vt 0.228794 0.0918394
vt 0.206061 0.0656601
vt 0.20767 0.0801717
vt 0.190406 0.0836378
vt 0.185723 0.0697013
vt 0.175862 0.0877894
vt 0.172217 0.0737393
vt 0.182021 0.0563032
vt 0.196129 0.0977368
vt 0.171797 0.0750341
vt 0.165569 0.0908687
vt 0.16137 0.0919708
vt 0.166027 0.105903
vt 0.162128 0.0935032
vt 0.194991 0.0492112
vt 0.227943 0.0412373
vt 0.203847 0.0098011
vt 0.260803 0.0193511
vt 0.265265 0.0343613
vt 0.252291 0.0347298
vt 0.26729 0.0366071
vt 0.32546 0.0150731
vt 0.332046 0.0288747
vt 0.267844 0.0342148
vt 0.282717 0.0469649
vt 0.365383 0.0545213
vt 0.248669 0.0868653
vt 0.264321 0.095834
vt 0.26743 0.0975259
vt 0.180544 0.101823
vt 0.171385 0.0739367
vt 0.157088 0.078093
vt 0.151672 0.0611492
vt 0.1661 0.0573463
vt 0.147737 0.047191
vt 0.162184 0.0433864
vt 0.136191 0.0681743
vt 0.144377 0.031868
vt 0.159162 0.0296129
vt 0.174925 0.0335709
vt 0.157967 0.0244389
vt 0.143126 0.0265498
vt 0.139924 0.0124564
vt 0.127957 0.0223965
vt 0.120504 0.00386932
vt 0.128603 0.0415193
vt 0.124837 0.0245348
vt 0.110474 0.0288706
vt 0.113731 0.0434982
vt 0.11613 0.0580832
vt 0.100699 0.0596313
vt 0.117597 0.0724822
vt 0.10165 0.0741872
vt 0.119273 0.086858
vt 0.104616 0.0895952
vt 0.124196 0.0718301
vt 0.133359 0.0800014
vt 0.122139 0.101151
vt 0.107495 0.104
vt 0.12532 0.118588
vt 0.141411 0.109514
vt 0.143468 0.127583
vt 0.125611 0.120893
vt 0.129511 0.133213
vt 0.143824 0.128952
vt 0.148056 0.143195
vt 0.15813 0.139451
vt 0.164607 0.14337
vt 0.16423 0.135982
vt 0.161104 0.119776
vt 0.178826 0.132339
vt 0.167033 0.152291
vt 0.151885 0.157898
vt 0.175798 0.117193
vt 0.194587 0.117997
vt 0.189392 0.132791
vt 0.196494 0.132387
vt 0.182594 0.14781
vt 0.197486 0.146842
vt 0.216865 0.131806
vt 0.217154 0.130144
vt 0.216724 0.146294
vt 0.218744 0.146243
vt 0.207572 0.162698
vt 0.210359 0.165113
vt 0.207633 0.114933
vt 0.227866 0.117763
vt 0.223818 0.111185
vt 0.203646 0.100945
vt 0.189209 0.104733
vt 0.217579 0.0957576
vt 0.144043 0.161612
vt 0.158095 0.101414
vt 0.180969 0.142046
vt 0.133492 0.150975
vt 0.0889324 0.0935852
vt 0.0931895 0.108553
vt 0.0741727 0.0996776
vt 0.0790765 0.113378
vt 0.0599811 0.104352
vt 0.0533659 0.0888808
vt 0.0401964 0.0961674
vt 0.0454108 0.108331
vt 0.0485401 0.115954
vt 0.0276408 0.10892
vt 0.0354192 0.122847
vt 0.0558848 0.129099
vt 0.0491481 0.134847
vt 0.0412587 0.135327
vt 0.0429712 0.138292
vt 0.029999 0.14556
vt 0.0216634 0.128626
vt 0.0331693 0.0827189
vt 0.0668139 0.082472
vt 0.0650953 0.0788182
vt 0.0702987 0.0804731
vt 0.0827648 0.0670882
vt 0.0824756 0.0701483
vt 0.0871409 0.067503
vt 0.0990341 0.0540542
vt 0.083998 0.0524554
vt 0.0839767 0.0351867
vt 0.0690414 0.0445663
vt 0.0989452 0.0339138
vt 0.0993156 0.0338699
vt 0.0842543 0.0332272
vt 0.0656932 0.0430536
vt 0.0672922 0.0241084
vt 0.0834703 0.014466
vt 0.100508 0.0195057
vt 0.0652215 0.0256415
vt 0.0499588 0.0348407
vt 0.0417956 0.0470648
vt 0.0598085 0.056484
vt 0.0397995 0.0498274
vt 0.059077 0.0582785
vt 0.0887124 0.012906
vt 0.100477 0.00641661
vt 0.115781 0.0162501
vt 0.115778 0.00957758
vt 0.0610856 0.0584513
vt 0.0482864 0.0788562
vt 0.0466238 0.0739878
vt 0.0276332 0.108276
vt 0.0614006 0.108458
vt 0.0979001 0.122325
vt 0.21761 0.131792
vt 0.115691 0.121171
vt 0.136516 0.0970414
vt 0.0853241 0.0807378
vt 0.12844 0.0566177
vt 0.144701 0.128451
vt 0.154308 0.00833991
vt 0.172381 0.0205088
vt 0.169082 0.00600408
vt 0.131798 0.0422359
vt 0.124575 0.0224021
vt 0.109242 0.0234947
vt 0.176681 0.0337749
vt 0.183707 0.0525144
vt 0.3242 0.109994
vt 0.310229 0.101487
vt 0.309091 0.109064
vt 0.207015 0.0957061
vt 0.114499 0.120189
vt 0.0791754 0.113903
vt 0.0969408 0.122676
vt 0.103111 0.135778
vt 0.116997 0.130719
vt 0.122291 0.144218
vt 0.103205 0.136108
vt 0.116354 0.14649
vt 0.105357 0.152545
vt 0.24218 0.0372085
vt 0.0777242 0.113845
vt 0.0281425 0.141887
vt 0.00859711 0.135792
vt 0.0134646 0.145987
vt 0.00197285 0.144923
vt 0.000401284 0.162099
vt 0.00940992 0.164282
vt 0.0146197 0.11556
vt 0.249347 0.0516118
vt 0.137182 0.0876975
vt 0.131272 0.150419
vt 0.0169056 0.153161
vt 0.0231385 0.165113
vt 0.131539 0.151613
vt 0.253182 0.0257844
vt 0.190353 0.0317782
vt 0.138838 0.0787164
vt 0.281558 0.0337102
vt 0.129363 0.0560548
vt 0.261434 0.0468132
vt 0.281636 0.0372398
vt 0.245894 0.102711
vt 0.238083 0.120119
vt 0.239277 0.121758
vt 0.237804 0.12152
vt 0.237251 0.12496
vt 0.230637 0.119711
vt 0.260667 0.121317
vt 0.186912 0.0158651
vt 0.18445 0.00276082
vt 0.269481 0.0465551
vt 0.436196 0.0229215
vt 0.436196 0.0019425
vt 0.419342 0.0137438
vt 0.419672 0.0145814
vt 0.771031 0.559682
vt 0.778721 0.564759
vt 0.770064 0.576923
vt 0.795585 0.576923
vt 0.789029 0.553613
vt 0.801364 0.557254
vt 0.068618 0.346121
vt 0.0822378 0.353413
vt 0.0807019 0.355329
vt 0.0730233 0.340513
vt 0.0585976 0.358586
vt 0.046951 0.34756
vt 0.0656562 0.325188
vt 0.0690953 0.327693
vt 0.067147 0.323258
vt 0.0365169 0.358586
vt 0.0785614 0.311721
vt 0.0685633 0.300092
vt 0.0932444 0.301829
vt 0.0985677 0.320869
vt 0.113376 0.316919
vt 0.117442 0.331314
vt 0.0840195 0.325888
vt 0.112693 0.301962
vt 0.100979 0.284189
vt 0.120787 0.283994
vt 0.0552413 0.313728
vt 0.0567096 0.336714
vt 0.0770769 0.332199
vt 0.0539304 0.315351
vt 0.0436972 0.326819
vt 0.0421995 0.305517
vt 0.208266 0.963092
vt 0.193018 0.963092
vt 0.193095 0.961538
vt 0.401685 0.555167
vt 0.405019 0.548174
vt 0.418539 0.555167
vt 0.411565 0.80886
vt 0.41213 0.809207
vt 0.391252 0.824708
vt 0.412234 0.808898
vt 0.391372 0.824786
vt 0.411253 0.82389
vt 0.412738 0.809121
vt 0.427368 0.810085
vt 0.426483 0.824708
vt 0.426746 0.808469
vt 0.917737 0.879953
vt 0.912119 0.879953
vt 0.917722 0.879176
vt 0.955608 0.820787
vt 0.973917 0.810023
vt 0.955457 0.820575
vt 0.973917 0.831002
vt 0.909619 0.576146
vt 0.916934 0.579254
vt 0.90008 0.579254
vt 0.812908 0.078998
vt 0.824557 0.0894587
vt 0.800856 0.0893038
vt 0.79103 0.0780886
vt 0.789487 0.0794291
vt 0.801071 0.0896042
vt 0.817603 0.0976236
vt 0.805273 0.107052
vt 0.784176 0.101934
vt 0.81301 0.120047
vt 0.828652 0.108045
vt 0.785202 0.103894
vt 0.800813 0.110527
vt 0.788593 0.120047
vt 0.7816 0.10311
vt 0.800797 0.089357
vt 0.769003 0.11198
vt 0.766506 0.0985252
vt 0.761741 0.0962324
vt 0.749197 0.105753
vt 0.984998 0.980963
vt 0.986663 0.984219
vt 0.983077 0.984239
vt 0.978732 0.999611
vt 0.99077 0.999611
vt 0.636035 0.142625
vt 0.641653 0.145688
vt 0.641653 0.127817
vt 0.254815 0.198269
vt 0.25355 0.211119
vt 0.254815 0.213147
vt 0.248927 0.197747
vt 0.236356 0.197923
vt 0.252763 0.213287
vt 0.27488 0.106581
vt 0.290128 0.115385
vt 0.290128 0.0967366
vt 0.450088 0.864779
vt 0.461726 0.854721
vt 0.459689 0.875758
vt 0.438609 0.874277
vt 0.442293 0.879007
vt 0.454041 0.881008
vt 0.465824 0.896152
vt 0.454631 0.892185
vt 0.446548 0.8505
vt 0.445735 0.888196
vt 0.459949 0.834467
vt 0.465374 0.851333
vt 0.429735 0.855335
vt 0.473518 0.863982
vt 0.474124 0.884252
vt 0.453031 0.907748
vt 0.450531 0.906422
vt 0.433079 0.914178
vt 0.446436 0.920836
vt 0.43554 0.909244
vt 0.425997 0.895043
vt 0.419597 0.908088
vt 0.407035 0.887938
vt 0.401438 0.901274
vt 0.405356 0.890028
vt 0.405275 0.919836
vt 0.405883 0.887432
vt 0.382281 0.892898
vt 0.459581 0.834285
vt 0.466432 0.914533
vt 0.476306 0.841201
vt 0.474438 0.820686
vt 0.459742 0.834175
vt 0.486154 0.829576
vt 0.488568 0.849803
vt 0.492357 0.845302
vt 0.486224 0.829493
vt 0.455426 0.814685
vt 0.486423 0.829775
vt 0.399941 0.900707
vt 0.387628 0.879443
vt 0.390228 0.873065
vt 0.412497 0.874546
vt 0.39641 0.866724
vt 0.39055 0.864439
vt 0.395592 0.860254
vt 0.396531 0.850328
vt 0.40026 0.85151
vt 0.392696 0.83342
vt 0.380966 0.845516
vt 0.474127 0.863669
vt 0.477894 0.881157
vt 0.478465 0.886064
vt 0.49864 0.877655
vt 0.475777 0.904348
vt 0.377608 0.907124
vt 0.391196 0.913195
vt 0.404137 0.921134
vt 0.482157 0.898914
vt 0.486009 0.872397
vt 0.497442 0.862398
vt 0.483095 0.907509
vt 0.490131 0.912646
vt 0.50413 0.900966
vt 0.507624 0.918427
vt 0.495649 0.889078
vt 0.479621 0.921134
vt 0.42816 0.853481
vt 0.427698 0.886443
vt 0.438144 0.898024
vt 0.684189 0.276224
vt 0.668138 0.276224
vt 0.668175 0.275447
vt 0.999566 0.82634
vt 0.999599 0.827047
vt 0.984538 0.827933
vt 0.999483 0.847471
vt 0.997715 0.848125
vt 0.98434 0.847243
vt 0.984351 0.848292
vt 0.969101 0.848873
vt 0.999439 0.848873
vt 0.420947 0.705128
vt 0.408106 0.717083
vt 0.420947 0.722222
vt 0.742207 0.145688
vt 0.741974 0.162821
vt 0.759412 0.154245
vt 0.759631 0.174819
vt 0.758166 0.175214
vt 0.759631 0.154302
vt 0.606444 0.648577
vt 0.62461 0.660014
vt 0.609067 0.660337
vt 0.620742 0.642694
vt 0.597207 0.656658
vt 0.610318 0.672384
vt 0.639432 0.657685
vt 0.635251 0.638988
vt 0.640684 0.658062
vt 0.636479 0.637969
vt 0.655395 0.64532
vt 0.655051 0.643838
vt 0.656428 0.644349
vt 0.650812 0.625802
vt 0.639823 0.658512
vt 0.642588 0.66334
vt 0.641107 0.674394
vt 0.650395 0.671617
vt 0.658419 0.670837
vt 0.659936 0.685261
vt 0.657803 0.685515
vt 0.678958 0.669125
vt 0.679876 0.683602
vt 0.662806 0.699653
vt 0.679593 0.698255
vt 0.672439 0.713026
vt 0.640705 0.689621
vt 0.648371 0.703585
vt 0.625179 0.628244
vt 0.629411 0.624544
vt 0.610163 0.640729
vt 0.671064 0.631813
vt 0.672681 0.632188
vt 0.672494 0.630729
vt 0.691413 0.638426
vt 0.639201 0.61655
vt 0.605114 0.676408
vt 0.591177 0.659817
vt 0.594869 0.676944
vt 0.576503 0.6669
vt 0.578289 0.675496
vt 0.569698 0.672694
vt 0.581309 0.684878
vt 0.568356 0.694183
vt 0.583873 0.698563
vt 0.592341 0.700507
vt 0.600871 0.693455
vt 0.561319 0.675473
vt 0.565734 0.694323
vt 0.565928 0.695269
vt 0.575532 0.713821
vt 0.570318 0.714291
vt 0.570579 0.715241
vt 0.581075 0.733797
vt 0.590727 0.724676
vt 0.587928 0.716317
vt 0.575379 0.734618
vt 0.608668 0.724858
vt 0.546665 0.684675
vt 0.548148 0.691318
vt 0.541179 0.66858
vt 0.526984 0.673696
vt 0.521726 0.659988
vt 0.507508 0.665117
vt 0.512498 0.679101
vt 0.493115 0.67039
vt 0.500948 0.686101
vt 0.494415 0.682738
vt 0.495977 0.688304
vt 0.477022 0.678603
vt 0.481562 0.692949
vt 0.462605 0.683259
vt 0.467414 0.702088
vt 0.48362 0.708717
vt 0.486339 0.710579
vt 0.501349 0.700911
vt 0.464924 0.701562
vt 0.446699 0.691985
vt 0.442778 0.675444
vt 0.428184 0.679607
vt 0.442283 0.69456
vt 0.431083 0.694107
vt 0.416934 0.687847
vt 0.447226 0.695625
vt 0.447796 0.713726
vt 0.449263 0.714381
vt 0.43278 0.7147
vt 0.432005 0.69453
vt 0.480676 0.71873
vt 0.482426 0.676866
vt 0.51366 0.691788
vt 0.524167 0.694714
vt 0.535909 0.654877
vt 0.602881 0.704105
vt 0.619396 0.706007
vt 0.615463 0.687452
vt 0.551543 0.699813
vt 0.555563 0.716665
vt 0.531494 0.689353
vt 0.555592 0.662411
vt 0.549669 0.649127
vt 0.584797 0.706882
vt 0.465096 0.703141
vt 0.466843 0.72144
vt 0.61961 0.706165
vt 0.617757 0.685479
vt 0.630166 0.694467
vt 0.642808 0.703389
vt 0.556169 0.719795
vt 0.560302 0.736888
vt 0.56936 0.652508
vt 0.595662 0.678897
vt 0.492046 0.730573
vt 0.481017 0.724502
vt 0.501787 0.724278
vt 0.502548 0.735525
vt 0.520148 0.724765
vt 0.508818 0.719387
vt 0.519304 0.71262
vt 0.535271 0.726471
vt 0.533932 0.740722
vt 0.518412 0.739514
vt 0.483151 0.742424
vt 0.48023 0.741849
vt 0.462467 0.733425
vt 0.542044 0.731732
vt 0.556103 0.662777
vt 0.476846 0.722136
vt 0.61111 0.678472
vt 0.632662 0.676155
vt 0.550006 0.649006
vt 0.54351 0.63534
vt 0.503026 0.717999
vt 0.514967 0.69646
vt 0.659035 0.722034
vt 0.647887 0.703522
vt 0.658152 0.723304
vt 0.64273 0.718489
vt 0.6506 0.742424
vt 0.673197 0.729425
vt 0.671802 0.727063
vt 0.635772 0.736118
vt 0.623527 0.72142
vt 0.620627 0.721576
vt 0.61338 0.740747
vt 0.620972 0.711625
vt 0.648152 0.702709
vt 0.674599 0.727129
vt 0.625927 0.664372
vt 0.536593 0.705434
vt 0.565928 0.641472
vt 0.636039 0.688083
vt 0.532602 0.696899
vt 0.910514 0.00392627
vt 0.929775 0.0143745
vt 0.929775 0.0034965
vt 0.332665 0.56982
vt 0.351033 0.555167
vt 0.351177 0.56993
vt 0.366274 0.56982
vt 0.366372 0.56823
vt 0.263644 0.166713
vt 0.247527 0.15241
vt 0.242777 0.164154
vt 0.244979 0.169775
vt 0.263644 0.151914
vt 0.248444 0.13718
vt 0.258767 0.137141
vt 0.977929 0.447941
vt 0.978763 0.437063
vt 0.993178 0.447941
vt 0.00842697 0.899603
vt 0.0089822 0.916356
vt 0.0244783 0.916472
vt 0.0244783 0.89814
vt 0.0137628 0.89627
vt 0.949341 0.869075
vt 0.945864 0.887302
vt 0.936675 0.87468
vt 0.953185 0.884063
vt 0.969963 0.877573
vt 0.974719 0.891891
vt 0.957914 0.899445
vt 0.952166 0.891807
vt 0.953486 0.900932
vt 0.935299 0.906683
vt 0.935956 0.888253
vt 0.933257 0.904342
vt 0.933138 0.907739
vt 0.931519 0.926827
vt 0.950357 0.919757
vt 0.946951 0.938995
vt 0.962089 0.939782
vt 0.964991 0.922873
vt 0.965245 0.921292
vt 0.930082 0.925139
vt 0.915638 0.913862
vt 0.910094 0.918776
vt 0.913094 0.911638
vt 0.913299 0.896121
vt 0.898299 0.894679
vt 0.897998 0.913508
vt 0.881716 0.902428
vt 0.908083 0.927999
vt 0.880091 0.902868
vt 0.898009 0.91371
vt 0.919649 0.893867
vt 0.950235 0.919065
vt 0.883455 0.916963
vt 0.902516 0.932988
vt 0.888048 0.936647
vt 0.86891 0.920256
vt 0.873467 0.939782
vt 0.853531 0.933873
vt 0.555608 0.60101
vt 0.559479 0.605204
vt 0.548354 0.620602
vt 0.567817 0.621212
vt 0.547753 0.621212
vt 0.939178 0.190047
vt 0.924562 0.183173
vt 0.92414 0.193394
vt 0.913521 0.177972
vt 0.916902 0.197884
vt 0.923964 0.171549
vt 0.924325 0.20162
vt 0.938649 0.168221
vt 0.939482 0.185572
vt 0.903202 0.189019
vt 0.895273 0.200901
vt 0.91118 0.212183
vt 0.896845 0.220845
vt 0.908846 0.232057
vt 0.889919 0.215705
vt 0.889096 0.224254
vt 0.911277 0.212293
vt 0.912062 0.229597
vt 0.925108 0.223031
vt 0.924868 0.237626
vt 0.890725 0.240477
vt 0.915014 0.244994
vt 0.928374 0.239006
vt 0.921698 0.259653
vt 0.934887 0.252864
vt 0.924945 0.267842
vt 0.915513 0.266562
vt 0.929516 0.275311
vt 0.909052 0.270683
vt 0.941814 0.233206
vt 0.916957 0.28282
vt 0.904324 0.291091
vt 0.9094 0.302181
vt 0.896995 0.300166
vt 0.912737 0.306302
vt 0.924302 0.297494
vt 0.922453 0.318425
vt 0.933884 0.309411
vt 0.929622 0.327797
vt 0.917588 0.329042
vt 0.908597 0.329837
vt 0.941814 0.319782
vt 0.901737 0.319187
vt 0.936919 0.289414
vt 0.884754 0.292145
vt 0.894867 0.280248
vt 0.89965 0.257693
vt 0.939418 0.26432
vt 0.939454 0.213875
vt 0.912357 0.211955
vt 0.88922 0.309763
vt 0.884029 0.314503
vt 0.899082 0.257975
vt 0.894352 0.328665
vt 0.391252 0.117657
vt 0.40653 0.132464
vt 0.395523 0.11762
vt 0.406528 0.128832
vt 0.42175 0.132479
vt 0.421744 0.128911
vt 0.42175 0.113054
vt 0.791734 0.538529
vt 0.775919 0.541958
vt 0.776042 0.541036
vt 0.777083 0.522533
vt 0.761816 0.522534
vt 0.760846 0.538311
vt 0.760433 0.541958
vt 0.34924 0.940356
vt 0.364767 0.940559
vt 0.364767 0.924645
vt 0.348716 0.921911
vt 0.851021 0.482888
vt 0.830985 0.471805
vt 0.835073 0.484144
vt 0.844886 0.464703
vt 0.859127 0.459596
vt 0.822166 0.480495
vt 0.837782 0.488321
vt 0.816585 0.484278
vt 0.82525 0.496553
vt 0.812334 0.504557
vt 0.802362 0.491984
vt 0.820905 0.516813
vt 0.826519 0.498409
vt 0.821742 0.516337
vt 0.839823 0.510297
vt 0.84225 0.512376
vt 0.851596 0.500771
vt 0.855921 0.524143
vt 0.866813 0.513868
vt 0.861038 0.489793
vt 0.83805 0.531208
vt 0.857853 0.525214
vt 0.851906 0.542106
vt 0.856295 0.546031
vt 0.873315 0.538941
vt 0.850332 0.547999
vt 0.875453 0.543307
vt 0.864997 0.553904
vt 0.875831 0.563589
vt 0.885889 0.552633
vt 0.837008 0.53032
vt 0.886861 0.533952
vt 0.850576 0.49991
vt 0.867003 0.513801
vt 0.861551 0.489653
vt 0.877205 0.503205
vt 0.880461 0.482725
vt 0.86582 0.470253
vt 0.868827 0.465634
vt 0.86416 0.468913
vt 0.881518 0.461608
vt 0.821341 0.517346
vt 0.877408 0.503379
vt 0.861183 0.489311
vt 0.887781 0.492688
vt 0.893296 0.516792
vt 0.902708 0.505274
vt 0.906985 0.486604
vt 0.886974 0.492208
vt 0.907303 0.485628
vt 0.836724 0.5316
vt 0.835005 0.551844
vt 0.831654 0.548999
vt 0.846363 0.560074
vt 0.855657 0.567349
vt 0.841383 0.572912
vt 0.830666 0.552947
vt 0.839084 0.574869
vt 0.839928 0.575581
vt 0.824311 0.563306
vt 0.820672 0.581238
vt 0.82006 0.583395
vt 0.834801 0.591144
vt 0.854429 0.582628
vt 0.815942 0.602732
vt 0.832913 0.600328
vt 0.830461 0.609654
vt 0.815886 0.60301
vt 0.810876 0.618156
vt 0.821703 0.625486
vt 0.809003 0.629949
vt 0.826457 0.627418
vt 0.828002 0.623338
vt 0.84219 0.597102
vt 0.860358 0.569432
vt 0.844052 0.636988
vt 0.835414 0.649184
vt 0.820015 0.640801
vt 0.845484 0.637821
vt 0.854949 0.626167
vt 0.861146 0.647337
vt 0.866062 0.631376
vt 0.851845 0.62439
vt 0.85292 0.622715
vt 0.861391 0.610981
vt 0.852399 0.594167
vt 0.852617 0.61021
vt 0.854151 0.609567
vt 0.870407 0.603686
vt 0.839877 0.617271
vt 0.817419 0.536498
vt 0.883881 0.528786
vt 0.903585 0.524309
vt 0.907303 0.523872
vt 0.905884 0.527085
vt 0.863531 0.589809
vt 0.875164 0.580397
vt 0.896524 0.54307
vt 0.860737 0.567499
vt 0.798154 0.523541
vt 0.511089 0.802934
vt 0.511264 0.802517
vt 0.498796 0.809059
vt 0.502086 0.812056
vt 0.530096 0.801924
vt 0.530096 0.814555
vt 0.507527 0.814034
vt 0.529845 0.801534
vt 0.520516 0.786713
vt 0.51861 0.786949
vt 0.528696 0.831002
vt 0.508226 0.830535
vt 0.505628 0.83041
vt 0.170546 0.70202
vt 0.170546 0.687257
vt 0.168941 0.687312
vt 0.352729 0.859908
vt 0.374398 0.873737
vt 0.373573 0.859013
vt 0.374398 0.858974
vt 0.999599 0.0952056
vt 0.997072 0.110723
vt 0.983558 0.0944231
vt 0.983121 0.0981234
vt 0.995054 0.110543
vt 0.98023 0.110723
vt 0.981651 0.0944056
vt 0.964286 0.0959365
vt 0.850321 0.673271
vt 0.828652 0.673271
vt 0.835892 0.659285
vt 0.617576 0.423077
vt 0.613794 0.422616
vt 0.606857 0.40676
vt 0.597512 0.423077
vt 0.269829 0.613005
vt 0.26948 0.636903
vt 0.28125 0.627881
vt 0.287859 0.636068
vt 0.294031 0.636713
vt 0.302392 0.629908
vt 0.25897 0.624002
vt 0.247853 0.634125
vt 0.255009 0.603249
vt 0.290389 0.641089
vt 0.278051 0.651362
vt 0.272155 0.611176
vt 0.284535 0.609641
vt 0.298765 0.656971
vt 0.311819 0.649576
vt 0.278918 0.65627
vt 0.287081 0.672758
vt 0.265995 0.670291
vt 0.267245 0.67343
vt 0.27222 0.639664
vt 0.269563 0.593243
vt 0.270457 0.592395
vt 0.252465 0.587666
vt 0.23606 0.593589
vt 0.245649 0.586261
vt 0.261788 0.674141
vt 0.254134 0.685527
vt 0.275191 0.68928
vt 0.263025 0.697826
vt 0.250719 0.70612
vt 0.241902 0.694333
vt 0.233133 0.681134
vt 0.226671 0.700696
vt 0.218563 0.687641
vt 0.259354 0.71813
vt 0.227268 0.674195
vt 0.23649 0.672753
vt 0.244305 0.612015
vt 0.275962 0.656323
vt 0.291539 0.621957
vt 0.304045 0.633611
vt 0.282667 0.605594
vt 0.235937 0.714961
vt 0.271772 0.709612
vt 0.234048 0.582105
vt 0.221405 0.596977
vt 0.219031 0.583458
vt 0.218086 0.578874
vt 0.203124 0.581472
vt 0.206577 0.599187
vt 0.247428 0.672221
vt 0.208962 0.613766
vt 0.285544 0.674698
vt 0.20445 0.586889
vt 0.217829 0.686768
vt 0.210099 0.675278
vt 0.205539 0.695375
vt 0.22267 0.667364
vt 0.197245 0.68323
vt 0.196838 0.659989
vt 0.185902 0.669998
vt 0.182034 0.688923
vt 0.209948 0.650774
vt 0.184916 0.668796
vt 0.173109 0.677782
vt 0.212185 0.559901
vt 0.198247 0.56582
vt 0.197398 0.562697
vt 0.211805 0.558659
vt 0.206363 0.540779
vt 0.191944 0.544777
vt 0.220993 0.537403
vt 0.226157 0.554441
vt 0.237286 0.537118
vt 0.239796 0.544994
vt 0.245869 0.538867
vt 0.259724 0.54332
vt 0.260973 0.547732
vt 0.256251 0.525473
vt 0.242834 0.556066
vt 0.232136 0.576243
vt 0.175512 0.657384
vt 0.162354 0.666066
vt 0.152434 0.670734
vt 0.152904 0.659739
vt 0.146818 0.675292
vt 0.156509 0.686377
vt 0.148531 0.654841
vt 0.136874 0.664218
vt 0.134281 0.64139
vt 0.124799 0.652809
vt 0.149001 0.633853
vt 0.155886 0.640355
vt 0.159111 0.630423
vt 0.164723 0.626891
vt 0.162587 0.623731
vt 0.177932 0.618847
vt 0.152435 0.613164
vt 0.176065 0.639784
vt 0.188088 0.633779
vt 0.160989 0.646659
vt 0.184945 0.646036
vt 0.299286 0.65709
vt 0.3195 0.662176
vt 0.298941 0.657451
vt 0.217505 0.687901
vt 0.319575 0.662128
vt 0.332811 0.653771
vt 0.327849 0.674232
vt 0.327537 0.637761
vt 0.343401 0.644695
vt 0.34791 0.660002
vt 0.349518 0.66112
vt 0.34676 0.640719
vt 0.349227 0.661441
vt 0.327505 0.674447
vt 0.305304 0.674393
vt 0.283995 0.701138
vt 0.296271 0.692327
vt 0.293046 0.712767
vt 0.305237 0.704004
vt 0.306041 0.726566
vt 0.31622 0.715675
vt 0.318501 0.718283
vt 0.307006 0.727661
vt 0.319738 0.697566
vt 0.28065 0.722357
vt 0.213505 0.707591
vt 0.253278 0.558311
vt 0.245627 0.565507
vt 0.260978 0.559056
vt 0.258271 0.655204
vt 0.162424 0.601766
vt 0.289833 0.676168
vt 0.265057 0.573753
vt 0.250995 0.584862
vt 0.275384 0.557102
vt 0.190345 0.631937
vt 0.204199 0.638861
vt 0.205473 0.626941
vt 0.211897 0.623763
vt 0.223353 0.631719
vt 0.223907 0.618435
vt 0.229388 0.615211
vt 0.231286 0.648328
vt 0.232146 0.648435
vt 0.190277 0.620142
vt 0.22682 0.556076
vt 0.189294 0.704408
vt 0.198731 0.716822
vt 0.252339 0.64197
vt 0.197326 0.657849
vt 0.181992 0.600119
vt 0.278431 0.571026
vt 0.288684 0.554016
vt 0.274676 0.553796
vt 0.291959 0.568917
vt 0.302424 0.552614
vt 0.305098 0.564723
vt 0.287965 0.550655
vt 0.301235 0.547466
vt 0.297793 0.534466
vt 0.314518 0.544299
vt 0.31772 0.557299
vt 0.328049 0.541504
vt 0.325411 0.528457
vt 0.338871 0.526013
vt 0.324552 0.524087
vt 0.313344 0.530671
vt 0.31221 0.532097
vt 0.284614 0.535733
vt 0.299728 0.611481
vt 0.310568 0.619402
vt 0.321553 0.627298
vt 0.318561 0.608361
vt 0.32957 0.616521
vt 0.337601 0.602645
vt 0.307743 0.600895
vt 0.349518 0.60894
vt 0.243784 0.667964
vt 0.298377 0.592003
vt 0.311991 0.587709
vt 0.294832 0.589538
vt 0.287339 0.600172
vt 0.31325 0.585704
vt 0.301872 0.578582
vt 0.290499 0.571468
vt 0.320115 0.573498
vt 0.326134 0.590758
vt 0.28373 0.582328
vt 0.323896 0.596489
vt 0.219772 0.703557
vt 0.225729 0.719212
vt 0.25567 0.651459
vt 0.307979 0.679023
vt 0.267485 0.637913
vt 0.280435 0.586004
vt 0.333056 0.684481
vt 0.314349 0.682577
vt 0.321076 0.691863
vt 0.325539 0.632933
vt 0.288981 0.601663
vt 0.474457 0.661616
vt 0.47322 0.661616
vt 0.473114 0.646856
vt 0.47473 0.646853
vt 0.489968 0.647144
vt 0.458916 0.443278
vt 0.458668 0.443279
vt 0.4589 0.442521
vt 0.468878 0.428516
vt 0.474272 0.428664
vt 0.474331 0.443279
vt 0.493178 0.428933
vt 0.825446 0.0369075
vt 0.841493 0.0222429
vt 0.841474 0.0369075
vt 0.825441 0.022243
vt 0.826092 0.00738151
vt 0.0207946 0.0165917
vt 0.0246096 0.0003885
vt 0.0373194 0.0174825
vt 0.0104264 0.0174825
vt 0.00361156 0.00215258
vt 0.684189 0.984848
vt 0.684189 0.963869
vt 0.672953 0.974207
vt 0.670835 0.506993
vt 0.674722 0.510394
vt 0.664928 0.521756
vt 0.688202 0.521756
vt 0.79175 0.938228
vt 0.792197 0.923816
vt 0.807804 0.923846
vt 0.807227 0.909365
vt 0.807484 0.938228
vt 0.823595 0.92354
vt 0.824446 0.915588
vt 0.812871 0.907875
vt 0.806834 0.903294
vt 0.790128 0.89627
vt 0.829592 0.919919
vt 0.843082 0.929457
vt 0.844703 0.913384
vt 0.508427 0.64763
vt 0.526539 0.632867
vt 0.526886 0.64763
vt 0.953852 0.363106
vt 0.953912 0.371081
vt 0.969904 0.357809
vt 0.969904 0.37568
vt 0.688202 0.0742036
vt 0.687934 0.0596162
vt 0.680979 0.0599296
vt 0.683308 0.0393299
vt 0.688047 0.0395776
vt 0.688074 0.0387689
vt 0.683908 0.0187146
vt 0.687934 0.0194266
vt 0.688202 0.0167055
vt 0.379213 0.108188
vt 0.376947 0.105284
vt 0.364741 0.114036
vt 0.366976 0.116901
vt 0.379213 0.132479
vt 0.348181 0.112742
vt 0.345506 0.115023
vt 0.355284 0.126321
vt 0.392055 0.936674
vt 0.392055 0.928904
vt 0.376806 0.931428
vt 0.176966 0.805784
vt 0.177523 0.806232
vt 0.192215 0.798368
vt 0.192215 0.820124
vt 0.405698 0.398213
vt 0.407545 0.378011
vt 0.420947 0.398213
vt 0.0427016 0.430811
vt 0.0454538 0.415068
vt 0.0600624 0.418117
vt 0.0585955 0.436201
vt 0.0756275 0.428449
vt 0.0656034 0.44897
vt 0.0816306 0.441658
vt 0.0836829 0.440712
vt 0.0776394 0.427521
vt 0.0516642 0.438381
vt 0.0789964 0.408423
vt 0.0603554 0.416032
vt 0.0454793 0.414904
vt 0.0474609 0.398731
vt 0.0618848 0.396548
vt 0.0494327 0.390216
vt 0.0423256 0.382879
vt 0.0638578 0.397001
vt 0.0453054 0.415004
vt 0.0639028 0.396728
vt 0.0678154 0.377804
vt 0.0792045 0.397096
vt 0.0822106 0.382071
vt 0.0945699 0.392169
vt 0.0940652 0.4117
vt 0.0976428 0.393734
vt 0.111874 0.405948
vt 0.111513 0.423501
vt 0.114486 0.409516
vt 0.113621 0.405346
vt 0.131799 0.398443
vt 0.0962482 0.426047
vt 0.114541 0.437756
vt 0.0985876 0.440319
vt 0.125505 0.420572
vt 0.116454 0.386752
vt 0.101019 0.387376
vt 0.0533084 0.374551
vt 0.0389246 0.370614
vt 0.0862974 0.368019
vt 0.0953504 0.421935
vt 0.133903 0.397066
vt 0.136461 0.380037
vt 0.150361 0.390538
vt 0.154326 0.388337
vt 0.156463 0.373299
vt 0.16922 0.382635
vt 0.174981 0.362806
vt 0.172849 0.382066
vt 0.189764 0.377856
vt 0.19004 0.394082
vt 0.195712 0.375816
vt 0.206094 0.388611
vt 0.209952 0.387262
vt 0.208174 0.372134
vt 0.209561 0.362298
vt 0.217723 0.368668
vt 0.190743 0.371882
vt 0.202507 0.355845
vt 0.21005 0.353226
vt 0.192638 0.348202
vt 0.212098 0.340349
vt 0.198162 0.334195
vt 0.178721 0.342107
vt 0.223378 0.348589
vt 0.228731 0.346975
vt 0.231395 0.332083
vt 0.244915 0.341418
vt 0.247622 0.340435
vt 0.246934 0.342436
vt 0.262732 0.333248
vt 0.250736 0.324404
vt 0.266777 0.33546
vt 0.262508 0.354046
vt 0.24423 0.361795
vt 0.245907 0.366314
vt 0.265009 0.357677
vt 0.252828 0.374418
vt 0.264706 0.370737
vt 0.247279 0.37676
vt 0.275447 0.365924
vt 0.264054 0.353374
vt 0.283412 0.347541
vt 0.283055 0.363151
vt 0.295969 0.357328
vt 0.301156 0.355728
vt 0.283001 0.345205
vt 0.297935 0.341457
vt 0.281802 0.326397
vt 0.312003 0.33701
vt 0.319098 0.350166
vt 0.319783 0.349987
vt 0.316251 0.335892
vt 0.334564 0.346223
vt 0.337814 0.360579
vt 0.352573 0.356842
vt 0.341411 0.374631
vt 0.345758 0.373717
vt 0.350735 0.339095
vt 0.352183 0.340082
vt 0.351917 0.338744
vt 0.369881 0.331005
vt 0.362497 0.318282
vt 0.348008 0.324432
vt 0.349754 0.309177
vt 0.332401 0.323181
vt 0.335071 0.305164
vt 0.353279 0.294872
vt 0.316521 0.31493
vt 0.373301 0.306843
vt 0.365662 0.350608
vt 0.336277 0.327457
vt 0.321189 0.365285
vt 0.299013 0.32822
vt 0.243071 0.36214
vt 0.321034 0.3544
vt 0.281955 0.345819
vt 0.173224 0.387071
vt 0.142714 0.366716
vt 0.159745 0.364916
vt 0.143345 0.365221
vt 0.148552 0.349852
vt 0.128871 0.361105
vt 0.162367 0.356363
vt 0.122845 0.373636
vt 0.122013 0.373244
vt 0.127172 0.364947
vt 0.106088 0.365366
vt 0.132937 0.362647
vt 0.168097 0.341552
vt 0.173703 0.363504
vt 0.330154 0.362681
vt 0.226888 0.368455
vt 0.273108 0.322533
vt 0.183887 0.395525
vt 0.171404 0.400433
vt 0.16567 0.403363
vt 0.22714 0.381612
vt 0.153179 0.393224
vt 0.190436 0.360123
vt 0.102109 0.377119
vt 0.150365 0.408663
vt 0.146447 0.410629
vt 0.378184 0.342604
vt 0.36953 0.354477
vt 0.378659 0.343152
vt 0.390188 0.355473
vt 0.379707 0.36518
vt 0.364846 0.368651
vt 0.352394 0.367302
vt 0.363361 0.37279
vt 0.389918 0.375682
vt 0.228009 0.35192
vt 0.376618 0.38471
vt 0.258614 0.312631
vt 0.127078 0.4357
vt 0.133404 0.434507
vt 0.174941 0.362201
vt 0.0538608 0.454251
vt 0.0497583 0.455711
vt 0.379743 0.388076
vt 0.374234 0.404498
vt 0.391447 0.401077
vt 0.376051 0.420042
vt 0.396067 0.416064
vt 0.389761 0.435578
vt 0.368866 0.440853
vt 0.389456 0.436436
vt 0.382451 0.455711
vt 0.109599 0.383118
vt 0.359138 0.388474
vt 0.349095 0.368038
vt 0.349918 0.365092
vt 0.0406178 0.442201
vt 0.133963 0.400028
vt 0.131108 0.417688
vt 0.300002 0.311171
vt 0.332034 0.328816
vt 0.417741 0.465035
vt 0.417737 0.462912
vt 0.435688 0.454131
vt 0.435921 0.454301
vt 0.417826 0.443409
vt 0.435865 0.45408
vt 0.417834 0.443197
vt 0.432771 0.439394
vt 0.450587 0.450773
vt 0.453852 0.465035
vt 0.0838684 0.291764
vt 0.0846709 0.29129
vt 0.0846709 0.270951
vt 0.0844622 0.270785
vt 0.574238 0.162782
vt 0.574238 0.138695
vt 0.561577 0.147163
vt 0.561396 0.146938
vt 0.229752 0.291886
vt 0.239567 0.308081
vt 0.228557 0.291764
vt 0.217897 0.308081
vt 0.652087 0.291106
vt 0.65931 0.297203
vt 0.65931 0.277001
vt 0.86649 0.183761
vt 0.849797 0.169235
vt 0.869583 0.168221
vt 0.849518 0.183761
vt 0.6559 0.566822
vt 0.667735 0.548951
vt 0.674195 0.566822
vt 0.6874 0.554155
vt 0.652889 0.551573
vt 0.649473 0.372198
vt 0.639246 0.381044
vt 0.646996 0.393978
vt 0.643758 0.363248
vt 0.651951 0.370265
vt 0.652889 0.394328
vt 0.652889 0.372515
vt 0.600722 0.263792
vt 0.600722 0.261461
vt 0.59992 0.261539
vt 0.346308 0.217949
vt 0.329454 0.217949
vt 0.344341 0.202409
vt 0.790057 0.991841
vt 0.787383 0.996503
vt 0.783708 0.99381
vt 0.810995 0.996503
vt 0.271164 0.804883
vt 0.272868 0.82749
vt 0.281652 0.814926
vt 0.261351 0.817221
vt 0.261824 0.837938
vt 0.247184 0.825782
vt 0.248257 0.809677
vt 0.246884 0.828659
vt 0.23158 0.809987
vt 0.227935 0.818696
vt 0.247185 0.846121
vt 0.27139 0.849415
vt 0.22765 0.837322
vt 0.235721 0.805631
vt 0.232259 0.804062
vt 0.236822 0.789821
vt 0.278296 0.822973
vt 0.244855 0.827441
vt 0.214799 0.796578
vt 0.209892 0.810596
vt 0.226383 0.817873
vt 0.290507 0.834061
vt 0.296029 0.81966
vt 0.288498 0.833601
vt 0.227635 0.837797
vt 0.243846 0.848104
vt 0.227797 0.857433
vt 0.209439 0.846809
vt 0.209069 0.848217
vt 0.246595 0.8493
vt 0.226865 0.858336
vt 0.227258 0.837562
vt 0.291312 0.83456
vt 0.274268 0.828659
vt 0.290261 0.834953
vt 0.246396 0.867663
vt 0.262999 0.858836
vt 0.265013 0.860074
vt 0.264794 0.878214
vt 0.280142 0.859872
vt 0.279917 0.87891
vt 0.279658 0.885449
vt 0.294905 0.882834
vt 0.295125 0.878606
vt 0.26459 0.88351
vt 0.247701 0.890735
vt 0.25353 0.892253
vt 0.279946 0.897153
vt 0.295261 0.898892
vt 0.301732 0.880574
vt 0.265142 0.897447
vt 0.295691 0.861389
vt 0.209814 0.828158
vt 0.312299 0.886256
vt 0.31224 0.874782
vt 0.31064 0.860021
vt 0.294201 0.84748
vt 0.309068 0.845515
vt 0.30902 0.845097
vt 0.309926 0.845194
vt 0.322137 0.826199
vt 0.32388 0.842354
vt 0.339134 0.829845
vt 0.336862 0.810962
vt 0.32186 0.811119
vt 0.339461 0.832133
vt 0.339212 0.845589
vt 0.357448 0.848508
vt 0.354326 0.829363
vt 0.340953 0.830325
vt 0.35489 0.849795
vt 0.306783 0.825633
vt 0.323985 0.844341
vt 0.294063 0.846448
vt 0.322571 0.880442
vt 0.330054 0.883985
vt 0.33004 0.897457
vt 0.34501 0.883327
vt 0.345005 0.898381
vt 0.345061 0.902449
vt 0.359951 0.883631
vt 0.359952 0.897893
vt 0.345079 0.874317
vt 0.359951 0.90232
vt 0.329691 0.879049
vt 0.344829 0.865219
vt 0.279792 0.912587
vt 0.294645 0.912093
vt 0.264832 0.911906
vt 0.279835 0.856532
vt 0.210419 0.826805
vt 0.326885 0.85954
vt 0.283966 0.847129
vt 0.667335 0.58547
vt 0.668422 0.603981
vt 0.685795 0.593592
vt 0.685795 0.614219
vt 0.448122 0.647046
vt 0.45826 0.625874
vt 0.448496 0.647217
vt 0.461489 0.626726
vt 0.463222 0.644863
vt 0.463445 0.647122
vt 0.463483 0.661521
vt 0.458654 0.661616
vt 0.439406 0.661521
vt 0.689986 0.833333
vt 0.703892 0.849089
vt 0.705227 0.83426
vt 0.684992 0.849946
vt 0.705859 0.863636
vt 0.705859 0.834983
vt 0.594636 0.55165
vt 0.593156 0.538138
vt 0.605924 0.543947
vt 0.608152 0.558791
vt 0.625141 0.547158
vt 0.57802 0.537058
vt 0.580061 0.555391
vt 0.567408 0.537572
vt 0.592356 0.533718
vt 0.588707 0.570633
vt 0.611714 0.541182
vt 0.563219 0.539605
vt 0.559016 0.529151
vt 0.541754 0.534243
vt 0.557158 0.526416
vt 0.537319 0.531754
vt 0.626593 0.549581
vt 0.609986 0.560826
vt 0.628328 0.569245
vt 0.644694 0.556709
vt 0.577618 0.535233
vt 0.530983 0.544752
vt 0.543622 0.554469
vt 0.554127 0.541525
vt 0.553228 0.548688
vt 0.552652 0.559613
vt 0.573964 0.554395
vt 0.532529 0.565119
vt 0.530397 0.544435
vt 0.513281 0.533876
vt 0.505372 0.545176
vt 0.505425 0.546059
vt 0.499515 0.528136
vt 0.501171 0.525779
vt 0.484603 0.5239
vt 0.491253 0.54223
vt 0.479838 0.532006
vt 0.480861 0.552428
vt 0.491404 0.562405
vt 0.470158 0.562778
vt 0.479822 0.575376
vt 0.473399 0.523206
vt 0.476831 0.573952
vt 0.457671 0.570378
vt 0.464924 0.553661
vt 0.462471 0.578594
vt 0.466174 0.584433
vt 0.463163 0.585604
vt 0.466652 0.588705
vt 0.446705 0.589238
vt 0.498073 0.57688
vt 0.483453 0.595666
vt 0.489494 0.517674
vt 0.478012 0.596978
vt 0.491284 0.611989
vt 0.479399 0.577523
vt 0.504792 0.606322
vt 0.492406 0.614348
vt 0.479314 0.620894
vt 0.499907 0.629942
vt 0.513097 0.623617
vt 0.486177 0.635198
vt 0.474062 0.620993
vt 0.475654 0.610556
vt 0.505948 0.60876
vt 0.50953 0.51399
vt 0.521817 0.522193
vt 0.557601 0.544166
vt 0.55734 0.52605
vt 0.627296 0.549208
vt 0.621194 0.533446
vt 0.614232 0.519892
vt 0.627337 0.513396
vt 0.607365 0.507043
vt 0.627053 0.512594
vt 0.627615 0.51319
vt 0.628442 0.514357
vt 0.644339 0.519269
vt 0.646276 0.502463
vt 0.637173 0.500017
vt 0.623215 0.493318
vt 0.633594 0.48157
vt 0.643708 0.493297
vt 0.640182 0.533153
vt 0.630104 0.529677
vt 0.609904 0.504456
vt 0.607139 0.502851
vt 0.59584 0.516092
vt 0.593174 0.496081
vt 0.604831 0.487597
vt 0.597283 0.475152
vt 0.608152 0.484972
vt 0.622771 0.497825
vt 0.582738 0.485681
vt 0.581646 0.466622
vt 0.600245 0.472483
vt 0.58309 0.506601
vt 0.578753 0.468703
vt 0.577238 0.463835
vt 0.569508 0.457121
vt 0.571408 0.455817
vt 0.556617 0.466595
vt 0.563843 0.479474
vt 0.558538 0.447105
vt 0.548361 0.454719
vt 0.536057 0.462626
vt 0.540571 0.471625
vt 0.549815 0.472161
vt 0.524968 0.474268
vt 0.523913 0.472725
vt 0.522632 0.473766
vt 0.504042 0.470801
vt 0.503333 0.469765
vt 0.49958 0.472323
vt 0.512176 0.486748
vt 0.520609 0.497046
vt 0.532419 0.489818
vt 0.541031 0.501863
vt 0.53155 0.507497
vt 0.525284 0.511515
vt 0.54655 0.516084
vt 0.543845 0.517448
vt 0.555603 0.493585
vt 0.519465 0.497778
vt 0.560477 0.509652
vt 0.574261 0.554228
vt 0.537196 0.596023
vt 0.594906 0.457205
vt 0.583155 0.446281
vt 0.529721 0.545738
vt 0.516721 0.555514
vt 0.61295 0.462639
vt 0.623445 0.473048
vt 0.633056 0.464139
vt 0.614063 0.45975
vt 0.627199 0.444972
vt 0.634546 0.462461
vt 0.635376 0.464609
vt 0.598097 0.457524
vt 0.468984 0.519596
vt 0.468401 0.520295
vt 0.478221 0.508722
vt 0.457543 0.510321
vt 0.464568 0.494583
vt 0.464996 0.494297
vt 0.448418 0.493761
vt 0.444958 0.501563
vt 0.437692 0.516044
vt 0.449968 0.522871
vt 0.439759 0.49588
vt 0.452908 0.487676
vt 0.449274 0.524842
vt 0.443082 0.535275
vt 0.444689 0.536168
vt 0.442976 0.535503
vt 0.426845 0.53288
vt 0.430934 0.527475
vt 0.433959 0.552678
vt 0.448436 0.557105
vt 0.422318 0.541355
vt 0.488077 0.498368
vt 0.526156 0.518151
vt 0.491811 0.48169
vt 0.486641 0.472198
vt 0.491953 0.453851
vt 0.482459 0.466948
vt 0.475754 0.452788
vt 0.477169 0.472194
vt 0.500103 0.494514
vt 0.642847 0.53823
vt 0.471582 0.479791
vt 0.467498 0.471992
vt 0.464217 0.456268
vt 0.600888 0.528963
vt 0.655297 0.481751
vt 0.570912 0.492421
vt 0.524919 0.57428
vt 0.501545 0.509143
vt 0.465299 0.602427
vt 0.557704 0.526065
vt 0.572403 0.520986
vt 0.57206 0.520173
vt 0.58646 0.51438
vt 0.564119 0.500826
vt 0.545007 0.480883
vt 0.520005 0.496261
vt 0.604957 0.450328
vt 0.595154 0.43784
vt 0.609211 0.561516
vt 0.628353 0.569666
vt 0.613392 0.577143
vt 0.631024 0.589322
vt 0.614667 0.586026
vt 0.616851 0.593831
vt 0.600575 0.601168
vt 0.615092 0.611146
vt 0.591204 0.612331
vt 0.607346 0.623429
vt 0.582535 0.623939
vt 0.579222 0.603928
vt 0.598911 0.635198
vt 0.588393 0.59225
vt 0.645521 0.574046
vt 0.630195 0.569024
vt 0.417737 0.533692
vt 0.604052 0.581869
vt 0.574648 0.581208
vt 0.569111 0.493854
vt 0.580271 0.508529
vt 0.501043 0.581402
vt 0.00120385 0.952393
vt 0.0183528 0.941328
vt 0.00398926 0.938651
vt 0.0154714 0.955119
vt 0.0214904 0.927369
vt 0.00654589 0.924867
vt 0.0205472 0.941966
vt 0.0292198 0.925082
vt 0.0399317 0.940419
vt 0.0416609 0.917782
vt 0.0507205 0.93019
vt 0.0607321 0.916668
vt 0.0404097 0.916529
vt 0.0508814 0.906792
vt 0.0667527 0.902486
vt 0.0457675 0.952424
vt 0.0610365 0.917002
vt 0.0742376 0.90834
vt 0.0596201 0.944206
vt 0.0543033 0.965761
vt 0.026759 0.963868
vt 0.0352869 0.97721
vt 0.0351399 0.977298
vt 0.0614597 0.946926
vt 0.05597 0.964941
vt 0.0742376 0.959214
vt 0.0697152 0.980989
vt 0.0551719 0.966551
vt 0.0531705 0.986403
vt 0.364084 0.0198135
vt 0.348721 0.0198135
vt 0.348716 0.00475801
vt 0.36557 0.0027195
vt 0.527689 0.441725
vt 0.511637 0.441725
vt 0.527123 0.426752
vt 0.524612 0.425408
vt 0.19327 0.97397
vt 0.205056 0.981718
vt 0.186318 0.987292
vt 0.184753 0.986151
vt 0.17639 0.99845
vt 0.201429 0.99845
vt 0.176304 0.998388
vt 0.171526 0.976888
vt 0.163418 0.990671
vt 0.150482 0.98036
vt 0.159309 0.997381
vt 0.176028 0.998834
vt 0.940455 0.861305
vt 0.944221 0.84188
vt 0.941784 0.860814
vt 0.926478 0.848198
vt 0.917737 0.860814
vt 0.10256 0.995259
vt 0.11496 0.981395
vt 0.118049 0.982511
vt 0.0958719 0.977439
vt 0.102727 0.997072
vt 0.123997 0.99728
vt 0.0951043 0.977078
vt 0.0999602 0.99728
vt 0.615169 0.908702
vt 0.615169 0.889277
vt 0.597512 0.898896
vt 0.235554 0.174437
vt 0.235554 0.159674
vt 0.22191 0.167058
vt 0.85858 0.272088
vt 0.870385 0.285548
vt 0.870385 0.263015
vt 0.855136 0.26805
vt 0.522873 0.0780886
vt 0.506867 0.0948746
vt 0.522873 0.0975136
vt 0.506822 0.0810769
vt 0.999599 0.907148
vt 0.997504 0.909013
vt 0.999579 0.927431
vt 0.983547 0.917903
vt 0.998807 0.927917
vt 0.983554 0.938639
vt 0.999599 0.92834
vt 0.998538 0.946775
vt 0.281398 0.194639
vt 0.277883 0.207071
vt 0.262841 0.206632
vt 0.282517 0.206888
vt 0.30297 0.206632
vt 0.529294 0.341492
vt 0.51244 0.325952
vt 0.529122 0.32632
vt 0.513389 0.341492
vt 0.892415 0.837564
vt 0.892857 0.822455
vt 0.876863 0.822916
vt 0.876806 0.823874
vt 0.892857 0.837995
vt 0.0512731 0.804865
vt 0.0342757 0.80199
vt 0.0515839 0.804684
vt 0.0485698 0.786894
vt 0.0336741 0.78739
vt 0.0187876 0.788002
vt 0.0181761 0.773545
vt 0.0640831 0.791339
vt 0.0697626 0.777891
vt 0.0687601 0.792673
vt 0.0330932 0.772972
vt 0.00324085 0.77401
vt 0.0193894 0.802596
vt 0.0349505 0.816586
vt 0.0711652 0.778178
vt 0.0909813 0.784093
vt 0.0881953 0.765923
vt 0.0200668 0.81722
vt 0.00424911 0.802761
vt 0.00486556 0.817334
vt 0.0828926 0.764772
vt 0.0036987 0.789178
vt 0.0843258 0.797332
vt 0.0656461 0.806863
vt 0.0914291 0.783358
vt 0.104529 0.770587
vt 0.110526 0.757198
vt 0.107152 0.771216
vt 0.0910935 0.751683
vt 0.112801 0.742664
vt 0.0992263 0.738028
vt 0.091821 0.744742
vt 0.106012 0.724859
vt 0.0205439 0.827455
vt 0.03538 0.821538
vt 0.0785139 0.810719
vt 0.0908233 0.735437
vt 0.0878404 0.798219
vt 0.0856785 0.812939
vt 0.00589564 0.827894
vt 0.0897392 0.751341
vt 0.112624 0.72671
vt 0.113711 0.711695
vt 0.114368 0.711924
vt 0.11401 0.711273
vt 0.134923 0.713766
vt 0.111736 0.754094
vt 0.117896 0.743914
vt 0.12502 0.730733
vt 0.0717182 0.774325
vt 0.126154 0.700236
vt 0.132476 0.692979
vt 0.122832 0.691311
vt 0.147778 0.699023
vt 0.107023 0.693938
vt 0.110807 0.757273
vt 0.125497 0.760966
vt 0.126824 0.777725
vt 0.140809 0.767739
vt 0.145161 0.753696
vt 0.126578 0.780008
vt 0.14434 0.787848
vt 0.128622 0.798944
vt 0.128677 0.800167
vt 0.126085 0.799789
vt 0.130015 0.819432
vt 0.111667 0.809292
vt 0.113705 0.789813
vt 0.106438 0.794629
vt 0.105828 0.786173
vt 0.146554 0.808335
vt 0.126051 0.77928
vt 0.0495062 0.772364
vt 0.0942743 0.721589
vt 0.0175824 0.759114
vt 0.00916067 0.759403
vt 0.00308369 0.770866
vt 0.0107059 0.74496
vt 0.0171663 0.744713
vt 0.00200642 0.737615
vt 0.0204221 0.725894
vt 0.00601947 0.722189
vt 0.0205826 0.725238
vt 0.0369829 0.737783
vt 0.0213596 0.725619
vt 0.0306643 0.750808
vt 0.0320073 0.751399
vt 0.0418814 0.73991
vt 0.0514735 0.744372
vt 0.0479649 0.7601
vt 0.059061 0.743875
vt 0.06361 0.728551
vt 0.046427 0.729476
vt 0.06489 0.727191
vt 0.0551636 0.710845
vt 0.0742854 0.710453
vt 0.0678525 0.742448
vt 0.0745739 0.696052
vt 0.0546462 0.696471
vt 0.0748378 0.695284
vt 0.0754852 0.696163
vt 0.0831889 0.678387
vt 0.0651685 0.758339
vt 0.0654888 0.679493
vt 0.0287331 0.766303
vt 0.10282 0.802129
vt 0.0697158 0.751497
vt 0.130003 0.746986
vt 0.1561 0.797029
vt 0.151308 0.812008
vt 0.149558 0.827894
vt 0.0685666 0.725285
vt 0.131432 0.7171
vt 0.0944979 0.678762
vt 0.0835975 0.667088
vt 0.0819654 0.664089
vt 0.0635672 0.665545
vt 0.0638873 0.651324
vt 0.0791597 0.649758
vt 0.059226 0.651819
vt 0.0744687 0.635811
vt 0.0653894 0.636752
vt 0.0902824 0.632911
vt 0.0885494 0.647916
vt 0.08469 0.663877
vt 0.0510764 0.637181
vt 0.0831672 0.661638
vt 0.146092 0.72283
vt 0.0431117 0.653273
vt 0.0481511 0.637454
vt 0.0345447 0.632746
vt 0.0349994 0.631313
vt 0.0381907 0.771258
vt 0.132876 0.73347
vt 0.0960945 0.647397
vt 0.102845 0.661795
vt 0.0492267 0.634782
vt 0.0689575 0.761378
vt 0.0600616 0.758899
vt 0.0503598 0.767838
vt 0.0977509 0.815001
vt 0.149475 0.736932
vt 0.0850585 0.709502
vt 0.111703 0.672339
vt 0.0702453 0.621212
vt 0.0702247 0.621045
vt 0.0807122 0.605672
vt 0.0856091 0.606324
vt 0.0862761 0.621212
vt 0.568355 0.751619
vt 0.583066 0.766644
vt 0.567771 0.766265
vt 0.553252 0.750971
vt 0.582526 0.781274
vt 0.567445 0.781012
vt 0.552881 0.755396
vt 0.560591 0.766364
vt 0.549271 0.767488
vt 0.541192 0.760924
vt 0.52838 0.770285
vt 0.54193 0.781274
vt 0.534029 0.755676
vt 0.526083 0.768734
vt 0.0493579 0.505439
vt 0.0519705 0.489122
vt 0.0654093 0.505439
vt 0.977478 0.131361
vt 0.989165 0.141026
vt 0.989165 0.118493
vt 0.965891 0.121577
vt 0.411467 0.433955
vt 0.404896 0.416173
vt 0.420154 0.431984
vt 0.425696 0.425132
vt 0.418547 0.409558
vt 0.439368 0.414748
vt 0.445827 0.433955
vt 0.438 0.41242
vt 0.419319 0.409091
vt 0.41847 0.40938
vt 0.998796 0.461927
vt 0.986731 0.462809
vt 0.998721 0.463942
vt 0.983547 0.464512
vt 0.998796 0.482906
vt 0.105538 0.829605
vt 0.0948387 0.840326
vt 0.0841015 0.829448
vt 0.073435 0.840326
vt 0.0196629 0.537296
vt 0.00461899 0.541958
vt 0.00441413 0.540492
vt 0.0196351 0.541958
vt 0.94498 0.77018
vt 0.945024 0.77012
vt 0.931968 0.761383
vt 0.935777 0.782881
vt 0.922436 0.77431
vt 0.926157 0.795857
vt 0.909461 0.765458
vt 0.910531 0.786233
vt 0.938226 0.783825
vt 0.935694 0.800388
vt 0.933421 0.817339
vt 0.9191 0.809914
vt 0.908933 0.823015
vt 0.899584 0.806127
vt 0.920379 0.83411
vt 0.941631 0.822989
vt 0.900346 0.775869
vt 0.94498 0.828823
vt 0.937523 0.81156
vt 0.912854 0.791611
vt 0.902022 0.803676
vt 0.902072 0.803449
vt 0.895531 0.763421
vt 0.895824 0.781119
vt 0.893336 0.755374
vt 0.885129 0.763351
vt 0.881261 0.777131
vt 0.892186 0.795058
vt 0.875103 0.78575
vt 0.875808 0.791956
vt 0.872948 0.791195
vt 0.862643 0.805673
vt 0.852453 0.793351
vt 0.857137 0.786924
vt 0.865118 0.772469
vt 0.851926 0.766064
vt 0.882709 0.805775
vt 0.871722 0.775239
vt 0.85856 0.753318
vt 0.871733 0.759722
vt 0.865174 0.740571
vt 0.878346 0.746973
vt 0.871787 0.727821
vt 0.85861 0.721424
vt 0.865214 0.708666
vt 0.888758 0.732828
vt 0.8909 0.75436
vt 0.877713 0.714716
vt 0.852014 0.702286
vt 0.858597 0.689523
vt 0.863645 0.691938
vt 0.878212 0.682595
vt 0.876046 0.687669
vt 0.883246 0.699777
vt 0.866085 0.706991
vt 0.913508 0.760465
vt 0.909078 0.788022
vt 0.891675 0.718109
vt 0.877451 0.762111
vt 0.902642 0.738331
vt 0.899301 0.719329
vt 0.905041 0.734559
vt 0.909584 0.740621
vt 0.896311 0.709406
vt 0.890479 0.699099
vt 0.889266 0.757237
vt 0.884109 0.700729
vt 0.880848 0.686682
vt 0.999599 0.428516
vt 0.977955 0.428516
vt 0.989172 0.417857
vt 0.988919 0.417804
vt 0.965088 0.41922
vt 0.98896 0.417638
vt 0.7813 0.193085
vt 0.775682 0.199802
vt 0.7813 0.211733
vt 0.538409 0.178054
vt 0.542135 0.177802
vt 0.541079 0.163092
vt 0.537248 0.163344
vt 0.522735 0.179099
vt 0.522071 0.172621
vt 0.531657 0.163525
vt 0.5375 0.147242
vt 0.527584 0.149246
vt 0.542135 0.148237
vt 0.832665 0.999611
vt 0.835684 0.996503
vt 0.852729 0.999611
vt 0.872267 0.344918
vt 0.876172 0.330614
vt 0.887239 0.348485
vt 0.87199 0.348485
vt 0.947432 0.0260295
vt 0.944221 0.0260295
vt 0.944923 0.0112665
vt 0.945018 0.0112671
usemtl scout_PBR
f 510/510/510 500/500/500 501/501/501
f 859/859/859 857/857/857 858/858/858
f 493/493/493 495/495/495 499/499/499
f 493/493/493 499/499/499 500/500/500
f 499/499/499 501/501/501 500/500/500
f 499/499/499 502/502/502 501/501/501
f 857/857/857 859/859/859 860/860/860
f 860/860/860 859/859/859 862/862/862
f 495/495/495 504/504/504 499/499/499
f 505/505/505 503/503/503 504/504/504
f 503/503/503 499/499/499 504/504/504
f 503/503/503 502/502/502 499/499/499
f 860/860/860 862/862/862 874/874/874
f 874/874/874 862/862/862 875/875/875
f 505/505/505 512/512/512 503/503/503
f 1334/1334/1334 1318/1318/1318 1323/1323/1323
f 506/506/506 487/487/487 494/494/494
f 837/837/837 838/838/838 839/839/839
f 494/494/494 487/487/487 488/488/488
f 488/488/488 487/487/487 486/486/486
f 838/838/838 837/837/837 834/834/834
f 837/837/837 831/831/831 834/834/834
f 837/837/837 853/853/853 831/831/831
f 831/831/831 833/833/833 834/834/834
f 488/488/488 486/486/486 489/489/489
f 489/489/489 486/486/486 490/490/490
f 853/853/853 829/829/829 831/831/831
f 488/488/488 489/489/489 511/511/511
f 833/833/833 831/831/831 825/825/825
f 831/831/831 820/820/820 825/825/825
f 831/831/831 829/829/829 820/820/820
f 820/820/820 821/821/821 825/825/825
f 489/489/489 490/490/490 491/491/491
f 491/491/491 490/490/490 492/492/492
f 491/491/491 500/500/500 510/510/510
f 511/511/511 491/491/491 510/510/510
f 489/489/489 491/491/491 511/511/511
f 829/829/829 858/858/858 857/857/857
f 826/826/826 829/829/829 857/857/857
f 820/820/820 829/829/829 826/826/826
f 821/821/821 820/820/820 796/796/796
f 820/820/820 819/819/819 796/796/796
f 820/820/820 826/826/826 819/819/819
f 819/819/819 812/812/812 796/796/796
f 491/491/491 492/492/492 493/493/493
f 492/492/492 495/495/495 493/493/493
f 492/492/492 496/496/496 495/495/495
f 491/491/491 493/493/493 500/500/500
f 860/860/860 872/872/872 826/826/826
f 860/860/860 826/826/826 857/857/857
f 826/826/826 868/868/868 819/819/819
f 826/826/826 872/872/872 868/868/868
f 812/812/812 819/819/819 867/867/867
f 867/867/867 819/819/819 868/868/868
f 504/504/504 495/495/495 498/498/498
f 495/495/495 497/497/497 498/498/498
f 495/495/495 496/496/496 497/497/497
f 498/498/498 505/505/505 504/504/504
f 874/874/874 873/873/873 872/872/872
f 874/874/874 872/872/872 860/860/860
f 872/872/872 871/871/871 868/868/868
f 872/872/872 873/873/873 871/871/871
f 867/867/867 868/868/868 870/870/870
f 870/870/870 868/868/868 871/871/871
f 497/497/497 514/514/514 498/498/498
f 1316/1316/1316 1315/1315/1315 1317/1317/1317
f 1316/1316/1316 1317/1317/1317 1318/1318/1318
f 498/498/498 514/514/514 512/512/512
f 505/505/505 498/498/498 512/512/512
f 1317/1317/1317 1306/1306/1306 1318/1318/1318
f 1318/1318/1318 1306/1306/1306 1323/1323/1323
f 1306/1306/1306 1303/1303/1303 1323/1323/1323
f 1303/1303/1303 1326/1326/1326 1323/1323/1323
f 1326/1326/1326 1303/1303/1303 1325/1325/1325
f 1325/1325/1325 1303/1303/1303 1302/1302/1302
f 1325/1325/1325 1302/1302/1302 1335/1335/1335
f 1315/1315/1315 1320/1320/1320 1317/1317/1317
f 1317/1317/1317 1320/1320/1320 1306/1306/1306
f 508/508/508 484/484/484 485/485/485
f 844/844/844 845/845/845 846/846/846
f 846/846/846 845/845/845 847/847/847
f 844/844/844 843/843/843 845/845/845
f 485/485/485 484/484/484 483/483/483
f 483/483/483 484/484/484 482/482/482
f 483/483/483 487/487/487 506/506/506
f 507/507/507 483/483/483 506/506/506
f 485/485/485 483/483/483 507/507/507
f 841/841/841 840/840/840 838/838/838
f 838/838/838 840/840/840 839/839/839
f 840/840/840 843/843/843 839/839/839
f 843/843/843 844/844/844 839/839/839
f 841/841/841 842/842/842 840/840/840
f 483/483/483 482/482/482 478/478/478
f 478/478/478 482/482/482 479/479/479
f 478/478/478 486/486/486 487/487/487
f 478/478/478 487/487/487 483/483/483
f 834/834/834 841/841/841 838/838/838
f 836/836/836 835/835/835 833/833/833
f 833/833/833 835/835/835 834/834/834
f 835/835/835 842/842/842 834/834/834
f 842/842/842 841/841/841 834/834/834
f 836/836/836 832/832/832 835/835/835
f 478/478/478 479/479/479 480/480/480
f 480/480/480 479/479/479 481/481/481
f 480/480/480 490/490/490 486/486/486
f 480/480/480 486/486/486 478/478/478
f 825/825/825 836/836/836 833/833/833
f 822/822/822 823/823/823 821/821/821
f 821/821/821 823/823/823 825/825/825
f 823/823/823 832/832/832 825/825/825
f 832/832/832 836/836/836 825/825/825
f 822/822/822 790/790/790 823/823/823
f 481/481/481 513/513/513 480/480/480
f 490/490/490 480/480/480 513/513/513
f 515/515/515 490/490/490 513/513/513
f 492/492/492 490/490/490 515/515/515
f 796/796/796 822/822/822 821/821/821
f 811/811/811 789/789/789 812/812/812
f 812/812/812 789/789/789 796/796/796
f 789/789/789 790/790/790 796/796/796
f 790/790/790 822/822/822 796/796/796
f 811/811/811 795/795/795 789/789/789
f 515/515/515 496/496/496 492/492/492
f 529/529/529 496/496/496 515/515/515
f 867/867/867 861/861/861 811/811/811
f 867/867/867 811/811/811 812/812/812
f 795/795/795 811/811/811 813/813/813
f 811/811/811 816/816/816 813/813/813
f 811/811/811 861/861/861 816/816/816
f 816/816/816 817/817/817 813/813/813
f 529/529/529 497/497/497 496/496/496
f 4214/4214/4214 4221/4221/4221 4213/4213/4213
f 870/870/870 876/876/876 861/861/861
f 870/870/870 861/861/861 867/867/867
f 861/861/861 877/877/877 816/816/816
f 861/861/861 876/876/876 877/877/877
f 817/817/817 816/816/816 878/878/878
f 878/878/878 816/816/816 877/877/877
f 4214/4214/4214 4216/4216/4216 4221/4221/4221
f 4221/4221/4221 4216/4216/4216 4219/4219/4219
f 1313/1313/1313 1314/1314/1314 1315/1315/1315
f 1316/1316/1316 1313/1313/1313 1315/1315/1315
f 4216/4216/4216 4218/4218/4218 4219/4219/4219
f 1305/1305/1305 1303/1303/1303 1306/1306/1306
f 1312/1312/1312 1314/1314/1314 1313/1313/1313
f 1303/1303/1303 1305/1305/1305 1304/1304/1304
f 1301/1301/1301 1303/1303/1303 1304/1304/1304
f 1302/1302/1302 1303/1303/1303 1301/1301/1301
f 1335/1335/1335 1302/1302/1302 1324/1324/1324
f 1302/1302/1302 1299/1299/1299 1324/1324/1324
f 1302/1302/1302 1301/1301/1301 1299/1299/1299
f 1324/1324/1324 1299/1299/1299 1322/1322/1322
f 1322/1322/1322 1299/1299/1299 1298/1298/1298
f 1322/1322/1322 1298/1298/1298 1331/1331/1331
f 1314/1314/1314 1320/1320/1320 1315/1315/1315
f 1314/1314/1314 1312/1312/1312 1320/1320/1320
f 1312/1312/1312 1321/1321/1321 1320/1320/1320
f 1305/1305/1305 1306/1306/1306 1320/1320/1320
f 1305/1305/1305 1320/1320/1320 1321/1321/1321
f 1305/1305/1305 1321/1321/1321 1304/1304/1304
f 522/522/522 520/520/520 509/509/509
f 848/848/848 850/850/850 851/851/851
f 851/851/851 850/850/850 852/852/852
f 848/848/848 849/849/849 850/850/850
f 521/521/521 518/518/518 517/517/517
f 521/521/521 517/517/517 520/520/520
f 520/520/520 517/517/517 509/509/509
f 517/517/517 484/484/484 509/509/509
f 484/484/484 508/508/508 509/509/509
f 851/851/851 847/847/847 845/845/845
f 851/851/851 845/845/845 848/848/848
f 845/845/845 843/843/843 848/848/848
f 843/843/843 849/849/849 848/848/848
f 611/611/611 606/606/606 612/612/612
f 517/517/517 518/518/518 516/516/516
f 516/516/516 518/518/518 519/519/519
f 516/516/516 482/482/482 484/484/484
f 516/516/516 484/484/484 517/517/517
f 608/608/608 606/606/606 611/611/611
f 608/608/608 611/611/611 613/613/613
f 613/613/613 615/615/615 608/608/608
f 608/608/608 615/615/615 616/616/616
f 519/519/519 523/523/523 516/516/516
f 482/482/482 516/516/516 523/523/523
f 526/526/526 482/482/482 523/523/523
f 479/479/479 482/482/482 526/526/526
f 615/615/615 619/619/619 618/618/618
f 617/617/617 615/615/615 618/618/618
f 616/616/616 615/615/615 617/617/617
f 620/620/620 618/618/618 619/619/619
f 526/526/526 481/481/481 479/479/479
f 4259/4259/4259 4258/4258/4258 4263/4263/4263
f 1/1/1 2/2/2 3/3/3
f 627/627/627 618/618/618 620/620/620
f 823/823/823 824/824/824 832/832/832
f 810/810/810 824/824/824 823/823/823
f 823/823/823 790/790/790 810/810/810
f 810/810/810 790/790/790 791/791/791
f 4259/4259/4259 4256/4256/4256 4258/4258/4258
f 4258/4258/4258 4256/4256/4256 4257/4257/4257
f 4255/4255/4255 4257/4257/4257 4256/4256/4256
f 4255/4255/4255 4256/4256/4256 4222/4222/4222
f 788/788/788 791/791/791 790/790/790
f 788/788/788 790/790/790 789/789/789
f 792/792/792 783/783/783 795/795/795
f 783/783/783 789/789/789 795/795/795
f 783/783/783 788/788/788 789/789/789
f 797/797/797 784/784/784 792/792/792
f 792/792/792 784/784/784 783/783/783
f 798/798/798 774/774/774 797/797/797
f 797/797/797 774/774/774 784/784/784
f 798/798/798 808/808/808 774/774/774
f 4212/4212/4212 4213/4213/4213 4211/4211/4211
f 4213/4213/4213 4222/4222/4222 4211/4211/4211
f 4213/4213/4213 4255/4255/4255 4222/4222/4222
f 4210/4210/4210 4212/4212/4212 4211/4211/4211
f 813/813/813 792/792/792 795/795/795
f 792/792/792 813/813/813 817/817/817
f 866/866/866 792/792/792 817/817/817
f 797/797/797 792/792/792 866/866/866
f 797/797/797 855/855/855 798/798/798
f 797/797/797 866/866/866 855/855/855
f 808/808/808 798/798/798 809/809/809
f 798/798/798 814/814/814 809/809/809
f 798/798/798 855/855/855 814/814/814
f 814/814/814 815/815/815 809/809/809
f 4215/4215/4215 4214/4214/4214 4212/4212/4212
f 4212/4212/4212 4214/4214/4214 4213/4213/4213
f 4212/4212/4212 4210/4210/4210 4223/4223/4223
f 4212/4212/4212 4223/4223/4223 4215/4215/4215
f 878/878/878 880/880/880 866/866/866
f 878/878/878 866/866/866 817/817/817
f 866/866/866 879/879/879 855/855/855
f 866/866/866 880/880/880 879/879/879
f 855/855/855 869/869/869 814/814/814
f 855/855/855 879/879/879 869/869/869
f 815/815/815 814/814/814 863/863/863
f 814/814/814 864/864/864 863/863/863
f 814/814/814 869/869/869 864/864/864
f 864/864/864 865/865/865 863/863/863
f 4215/4215/4215 4216/4216/4216 4214/4214/4214
f 4223/4223/4223 4217/4217/4217 4215/4215/4215
f 4217/4217/4217 4216/4216/4216 4215/4215/4215
f 4217/4217/4217 4218/4218/4218 4216/4216/4216
f 1311/1311/1311 1307/1307/1307 1312/1312/1312
f 1313/1313/1313 1311/1311/1311 1312/1312/1312
f 4217/4217/4217 4220/4220/4220 4218/4218/4218
f 1301/1301/1301 1304/1304/1304 1307/1307/1307
f 1311/1311/1311 1301/1301/1301 1307/1307/1307
f 1308/1308/1308 1301/1301/1301 1311/1311/1311
f 1301/1301/1301 1300/1300/1300 1299/1299/1299
f 1308/1308/1308 1300/1300/1300 1301/1301/1301
f 1299/1299/1299 1297/1297/1297 1298/1298/1298
f 1300/1300/1300 1297/1297/1297 1299/1299/1299
f 1331/1331/1331 1298/1298/1298 1329/1329/1329
f 1298/1298/1298 1294/1294/1294 1329/1329/1329
f 1298/1298/1298 1297/1297/1297 1294/1294/1294
f 1292/1292/1292 1295/1295/1295 1294/1294/1294
f 1295/1295/1295 1329/1329/1329 1294/1294/1294
f 1295/1295/1295 1337/1337/1337 1329/1329/1329
f 1330/1330/1330 1328/1328/1328 1327/1327/1327
f 1328/1328/1328 1295/1295/1295 1327/1327/1327
f 1328/1328/1328 1337/1337/1337 1295/1295/1295
f 1328/1328/1328 1330/1330/1330 1332/1332/1332
f 1332/1332/1332 1330/1330/1330 1333/1333/1333
f 1332/1332/1332 1333/1333/1333 1336/1336/1336
f 1307/1307/1307 1321/1321/1321 1312/1312/1312
f 1321/1321/1321 1307/1307/1307 1304/1304/1304
f 1292/1292/1292 1238/1238/1238 1295/1295/1295
f 1295/1295/1295 1238/1238/1238 1327/1327/1327
f 531/531/531 528/528/528 522/522/522
f 522/522/522 528/528/528 520/520/520
f 622/622/622 625/625/625 623/623/623
f 625/625/625 624/624/624 623/623/623
f 625/625/625 630/630/630 624/624/624
f 612/612/612 623/623/623 624/624/624
f 530/530/530 524/524/524 521/521/521
f 521/521/521 524/524/524 518/518/518
f 521/521/521 520/520/520 528/528/528
f 521/521/521 528/528/528 530/530/530
f 614/614/614 622/622/622 623/623/623
f 623/623/623 612/612/612 614/614/614
f 612/612/612 609/609/609 614/614/614
f 612/612/612 606/606/606 609/609/609
f 524/524/524 519/519/519 518/518/518
f 525/525/525 519/519/519 524/524/524
f 606/606/606 608/608/608 607/607/607
f 605/605/605 606/606/606 607/607/607
f 609/609/609 606/606/606 605/605/605
f 616/616/616 607/607/607 608/608/608
f 525/525/525 527/527/527 519/519/519
f 519/519/519 527/527/527 523/523/523
f 526/526/526 523/523/523 527/527/527
f 4263/4263/4263 4272/4272/4272 4265/4265/4265
f 605/605/605 607/607/607 610/610/610
f 605/605/605 610/610/610 632/632/632
f 617/617/617 610/610/610 616/616/616
f 616/616/616 610/610/610 607/607/607
f 4260/4260/4260 4259/4259/4259 4262/4262/4262
f 4259/4259/4259 4265/4265/4265 4262/4262/4262
f 4259/4259/4259 4263/4263/4263 4265/4265/4265
f 4261/4261/4261 4260/4260/4260 4262/4262/4262
f 632/632/632 610/610/610 640/640/640
f 632/632/632 640/640/640 639/639/639
f 627/627/627 626/626/626 617/617/617
f 626/626/626 610/610/610 617/617/617
f 626/626/626 640/640/640 610/610/610
f 1689/1689/1689 1688/1688/1688 1694/1694/1694
f 1694/1694/1694 1688/1688/1688 1690/1690/1690
f 1661/1661/1661 1688/1688/1688 1687/1687/1687
f 1688/1688/1688 1689/1689/1689 1687/1687/1687
f 791/791/791 782/782/782 787/787/787
f 791/791/791 787/787/787 810/810/810
f 781/781/781 753/753/753 782/782/782
f 782/782/782 753/753/753 787/787/787
f 785/785/785 752/752/752 781/781/781
f 781/781/781 752/752/752 753/753/753
f 786/786/786 754/754/754 785/785/785
f 785/785/785 754/754/754 752/752/752
f 786/786/786 773/773/773 754/754/754
f 4260/4260/4260 4256/4256/4256 4259/4259/4259
f 4324/4324/4324 4325/4325/4325 4326/4326/4326
f 4324/4324/4324 4326/4326/4326 4329/4329/4329
f 4330/4330/4330 4324/4324/4324 4329/4329/4329
f 4260/4260/4260 4261/4261/4261 4256/4256/4256
f 4325/4325/4325 4324/4324/4324 4327/4327/4327
f 4208/4208/4208 4207/4207/4207 4209/4209/4209
f 4206/4206/4206 4207/4207/4207 4208/4208/4208
f 1690/1690/1690 1651/1651/1651 1652/1652/1652
f 1693/1693/1693 1690/1690/1690 1652/1652/1652
f 640/640/640 626/626/626 641/641/641
f 1651/1651/1651 1690/1690/1690 1688/1688/1688
f 1651/1651/1651 1688/1688/1688 1684/1684/1684
f 4/4/4 5/5/5 6/6/6
f 1688/1688/1688 1661/1661/1661 1684/1684/1684
f 782/782/782 788/788/788 783/783/783
f 782/782/782 783/783/783 781/781/781
f 781/781/781 783/783/783 784/784/784
f 781/781/781 784/784/784 785/785/785
f 785/785/785 784/784/784 774/774/774
f 785/785/785 774/774/774 786/786/786
f 806/806/806 771/771/771 808/808/808
f 808/808/808 771/771/771 774/774/774
f 771/771/771 773/773/773 774/774/774
f 773/773/773 786/786/786 774/774/774
f 807/807/807 779/779/779 806/806/806
f 806/806/806 779/779/779 771/771/771
f 807/807/807 805/805/805 779/779/779
f 4207/4207/4207 4211/4211/4211 4222/4222/4222
f 4211/4211/4211 4207/4207/4207 4210/4210/4210
f 4207/4207/4207 4205/4205/4205 4210/4210/4210
f 4207/4207/4207 4206/4206/4206 4205/4205/4205
f 4206/4206/4206 4243/4243/4243 4227/4227/4227
f 4203/4203/4203 4206/4206/4206 4227/4227/4227
f 4205/4205/4205 4206/4206/4206 4203/4203/4203
f 4202/4202/4202 4203/4203/4203 4227/4227/4227
f 809/809/809 806/806/806 808/808/808
f 806/806/806 809/809/809 815/815/815
f 830/830/830 806/806/806 815/815/815
f 807/807/807 806/806/806 830/830/830
f 805/805/805 807/807/807 804/804/804
f 807/807/807 818/818/818 804/804/804
f 807/807/807 830/830/830 818/818/818
f 818/818/818 827/827/827 804/804/804
f 4289/4289/4289 4223/4223/4223 4205/4205/4205
f 4205/4205/4205 4223/4223/4223 4210/4210/4210
f 4204/4204/4204 4205/4205/4205 4203/4203/4203
f 4289/4289/4289 4205/4205/4205 4204/4204/4204
f 4203/4203/4203 4202/4202/4202 4201/4201/4201
f 4203/4203/4203 4201/4201/4201 4204/4204/4204
f 863/863/863 830/830/830 815/815/815
f 830/830/830 863/863/863 865/865/865
f 854/854/854 830/830/830 865/865/865
f 818/818/818 830/830/830 854/854/854
f 827/827/827 818/818/818 856/856/856
f 856/856/856 818/818/818 854/854/854
f 4289/4289/4289 4217/4217/4217 4223/4223/4223
f 4217/4217/4217 4289/4289/4289 4220/4220/4220
f 4320/4320/4320 4322/4322/4322 4321/4321/4321
f 4201/4201/4201 4225/4225/4225 4204/4204/4204
f 4319/4319/4319 4320/4320/4320 4321/4321/4321
f 4319/4319/4319 4323/4323/4323 4320/4320/4320
f 1308/1308/1308 1310/1310/1310 1300/1300/1300
f 4225/4225/4225 4200/4200/4200 4288/4288/4288
f 1300/1300/1300 1296/1296/1296 1297/1297/1297
f 1310/1310/1310 1296/1296/1296 1300/1300/1300
f 1296/1296/1296 1309/1309/1309 1293/1293/1293
f 1294/1294/1294 1296/1296/1296 1293/1293/1293
f 1297/1297/1297 1296/1296/1296 1294/1294/1294
f 1293/1293/1293 1292/1292/1292 1294/1294/1294
f 1327/1327/1327 1237/1237/1237 1330/1330/1330
f 1202/1202/1202 1333/1333/1333 1330/1330/1330
f 1202/1202/1202 1330/1330/1330 1237/1237/1237
f 1210/1210/1210 1336/1336/1336 1333/1333/1333
f 1202/1202/1202 1210/1210/1210 1333/1333/1333
f 1201/1201/1201 1210/1210/1210 1202/1202/1202
f 1211/1211/1211 1210/1210/1210 1204/1204/1204
f 1204/1204/1204 1210/1210/1210 1201/1201/1201
f 1309/1309/1309 1253/1253/1253 1293/1293/1293
f 1293/1293/1293 1253/1253/1253 1292/1292/1292
f 1253/1253/1253 1238/1238/1238 1292/1292/1292
f 1253/1253/1253 1240/1240/1240 1238/1238/1238
f 1327/1327/1327 1238/1238/1238 1237/1237/1237
f 1238/1238/1238 1236/1236/1236 1237/1237/1237
f 1238/1238/1238 1240/1240/1240 1236/1236/1236
f 1237/1237/1237 1236/1236/1236 1202/1202/1202
f 1202/1202/1202 1236/1236/1236 1197/1197/1197
f 1202/1202/1202 1197/1197/1197 1201/1201/1201
f 1201/1201/1201 1197/1197/1197 1199/1199/1199
f 1201/1201/1201 1199/1199/1199 1204/1204/1204
f 4278/4278/4278 4279/4279/4279 4280/4280/4280
f 622/622/622 628/628/628 625/625/625
f 4275/4275/4275 4276/4276/4276 4277/4277/4277
f 4279/4279/4279 4278/4278/4278 4277/4277/4277
f 4278/4278/4278 4275/4275/4275 4277/4277/4277
f 628/628/628 634/634/634 635/635/635
f 614/614/614 621/621/621 622/622/622
f 621/621/621 628/628/628 622/622/622
f 621/621/621 634/634/634 628/628/628
f 609/609/609 621/621/621 614/614/614
f 4273/4273/4273 4274/4274/4274 4275/4275/4275
f 4275/4275/4275 4274/4274/4274 4276/4276/4276
f 633/633/633 635/635/635 634/634/634
f 637/637/637 635/635/635 633/633/633
f 629/629/629 634/634/634 621/621/621
f 633/633/633 634/634/634 629/629/629
f 605/605/605 629/629/629 609/609/609
f 609/609/609 629/629/629 621/621/621
f 4273/4273/4273 4272/4272/4272 4274/4274/4274
f 4272/4272/4272 4273/4273/4273 4265/4265/4265
f 4273/4273/4273 4282/4282/4282 4265/4265/4265
f 637/637/637 633/633/633 636/636/636
f 631/631/631 633/633/633 629/629/629
f 636/636/636 633/633/633 631/631/631
f 632/632/632 631/631/631 605/605/605
f 605/605/605 631/631/631 629/629/629
f 4282/4282/4282 4262/4262/4262 4265/4265/4265
f 4262/4262/4262 4282/4282/4282 4261/4261/4261
f 4282/4282/4282 4283/4283/4283 4261/4261/4261
f 636/636/636 631/631/631 638/638/638
f 639/639/639 638/638/638 632/632/632
f 632/632/632 638/638/638 631/631/631
f 1686/1686/1686 1661/1661/1661 1687/1687/1687
f 1682/1682/1682 1685/1685/1685 1687/1687/1687
f 1687/1687/1687 1685/1685/1685 1686/1686/1686
f 1685/1685/1685 1682/1682/1682 1678/1678/1678
f 1682/1682/1682 1677/1677/1677 1678/1678/1678
f 753/753/753 752/752/752 749/749/749
f 748/748/748 752/752/752 754/754/754
f 748/748/748 749/749/749 752/752/752
f 772/772/772 756/756/756 773/773/773
f 756/756/756 754/754/754 773/773/773
f 756/756/756 748/748/748 754/754/754
f 772/772/772 769/769/769 756/756/756
f 4283/4283/4283 4284/4284/4284 4261/4261/4261
f 4324/4324/4324 4328/4328/4328 4327/4327/4327
f 1650/1650/1650 1652/1652/1652 1651/1651/1651
f 1684/1684/1684 1648/1648/1648 1651/1651/1651
f 1651/1651/1651 1648/1648/1648 1650/1650/1650
f 1647/1647/1647 1648/1648/1648 1684/1684/1684
f 1647/1647/1647 1684/1684/1684 1661/1661/1661
f 1657/1657/1657 1647/1647/1647 1661/1661/1661
f 1686/1686/1686 1657/1657/1657 1661/1661/1661
f 1657/1657/1657 1686/1686/1686 1685/1685/1685
f 1657/1657/1657 1685/1685/1685 1663/1663/1663
f 1663/1663/1663 1685/1685/1685 1678/1678/1678
f 771/771/771 772/772/772 773/773/773
f 770/770/770 769/769/769 772/772/772
f 771/771/771 770/770/770 772/772/772
f 779/779/779 770/770/770 771/771/771
f 802/802/802 775/775/775 805/805/805
f 775/775/775 779/779/779 805/805/805
f 775/775/775 770/770/770 779/779/779
f 802/802/802 801/801/801 775/775/775
f 4224/4224/4224 4227/4227/4227 4243/4243/4243
f 4227/4227/4227 4224/4224/4224 4202/4202/4202
f 4224/4224/4224 4197/4197/4197 4202/4202/4202
f 1650/1650/1650 1648/1648/1648 1649/1649/1649
f 1648/1648/1648 1647/1647/1647 1646/1646/1646
f 1648/1648/1648 1646/1646/1646 1649/1649/1649
f 804/804/804 802/802/802 805/805/805
f 828/828/828 803/803/803 827/827/827
f 827/827/827 803/803/803 804/804/804
f 803/803/803 801/801/801 804/804/804
f 801/801/801 802/802/802 804/804/804
f 2155/2155/2155 2170/2170/2170 2157/2157/2157
f 2157/2157/2157 2170/2170/2170 2178/2178/2178
f 2155/2155/2155 2154/2154/2154 2170/2170/2170
f 4199/4199/4199 4201/4201/4201 4197/4197/4197
f 4197/4197/4197 4201/4201/4201 4202/4202/4202
f 4197/4197/4197 4196/4196/4196 4194/4194/4194
f 4198/4198/4198 4197/4197/4197 4194/4194/4194
f 4199/4199/4199 4197/4197/4197 4198/4198/4198
f 4228/4228/4228 4198/4198/4198 4194/4194/4194
f 2159/2159/2159 2158/2158/2158 2157/2157/2157
f 856/856/856 828/828/828 827/827/827
f 2157/2157/2157 2156/2156/2156 2155/2155/2155
f 2157/2157/2157 2158/2158/2158 2156/2156/2156
f 2154/2154/2154 2155/2155/2155 2152/2152/2152
f 2152/2152/2152 2155/2155/2155 2156/2156/2156
f 4199/4199/4199 4225/4225/4225 4201/4201/4201
f 4225/4225/4225 4199/4199/4199 4200/4200/4200
f 4200/4200/4200 4199/4199/4199 4198/4198/4198
f 4308/4308/4308 4309/4309/4309 4310/4310/4310
f 4309/4309/4309 4311/4311/4311 4310/4310/4310
f 1319/1319/1319 1296/1296/1296 1310/1310/1310
f 1309/1309/1309 1296/1296/1296 1319/1319/1319
f 4245/4245/4245 4184/4184/4184 4182/4182/4182
f 1204/1204/1204 1203/1203/1203 1212/1212/1212
f 1204/1204/1204 1212/1212/1212 1211/1211/1211
f 1213/1213/1213 1209/1209/1209 1205/1205/1205
f 1209/1209/1209 1203/1203/1203 1205/1205/1205
f 1209/1209/1209 1212/1212/1212 1203/1203/1203
f 1209/1209/1209 1213/1213/1213 1214/1214/1214
f 4182/4182/4182 4183/4183/4183 4245/4245/4245
f 4245/4245/4245 4183/4183/4183 4266/4266/4266
f 1253/1253/1253 1276/1276/1276 1240/1240/1240
f 1284/1284/1284 1276/1276/1276 1253/1253/1253
f 1240/1240/1240 1252/1252/1252 1236/1236/1236
f 1276/1276/1276 1252/1252/1252 1240/1240/1240
f 1236/1236/1236 1235/1235/1235 1197/1197/1197
f 1252/1252/1252 1235/1235/1235 1236/1236/1236
f 1197/1197/1197 1198/1198/1198 1199/1199/1199
f 1235/1235/1235 1198/1198/1198 1197/1197/1197
f 1204/1204/1204 1199/1199/1199 1203/1203/1203
f 1199/1199/1199 1200/1200/1200 1203/1203/1203
f 1199/1199/1199 1198/1198/1198 1200/1200/1200
f 1203/1203/1203 1200/1200/1200 1205/1205/1205
f 1662/1662/1662 1658/1658/1658 1677/1677/1677
f 1677/1677/1677 1658/1658/1658 1678/1678/1678
f 747/747/747 749/749/749 748/748/748
f 1681/1681/1681 1662/1662/1662 1677/1677/1677
f 743/743/743 748/748/748 756/756/756
f 743/743/743 747/747/747 748/748/748
f 763/763/763 750/750/750 769/769/769
f 750/750/750 756/756/756 769/769/769
f 750/750/750 743/743/743 756/756/756
f 776/776/776 762/762/762 763/763/763
f 763/763/763 762/762/762 750/750/750
f 776/776/776 777/777/777 762/762/762
f 1644/1644/1644 1647/1647/1647 1657/1657/1657
f 1644/1644/1644 1657/1657/1657 1643/1643/1643
f 1657/1657/1657 1656/1656/1656 1643/1643/1643
f 1657/1657/1657 1663/1663/1663 1656/1656/1656
f 1663/1663/1663 1678/1678/1678 1658/1658/1658
f 1663/1663/1663 1658/1658/1658 1656/1656/1656
f 770/770/770 763/763/763 769/769/769
f 763/763/763 770/770/770 775/775/775
f 763/763/763 775/775/775 776/776/776
f 800/800/800 778/778/778 801/801/801
f 801/801/801 778/778/778 775/775/775
f 778/778/778 777/777/777 775/775/775
f 777/777/777 776/776/776 775/775/775
f 2172/2172/2172 2176/2176/2176 2185/2185/2185
f 800/800/800 799/799/799 778/778/778
f 2172/2172/2172 2171/2171/2171 2176/2176/2176
f 1645/1645/1645 1646/1646/1646 1644/1644/1644
f 1644/1644/1644 1646/1646/1646 1647/1647/1647
f 1644/1644/1644 1643/1643/1643 1642/1642/1642
f 1644/1644/1644 1642/1642/1642 1645/1645/1645
f 803/803/803 800/800/800 801/801/801
f 2185/2185/2185 2178/2178/2178 2170/2170/2170
f 2185/2185/2185 2170/2170/2170 2172/2172/2172
f 2148/2148/2148 2163/2163/2163 2154/2154/2154
f 2154/2154/2154 2163/2163/2163 2170/2170/2170
f 2163/2163/2163 2171/2171/2171 2170/2170/2170
f 2171/2171/2171 2172/2172/2172 2170/2170/2170
f 2148/2148/2148 2141/2141/2141 2163/2163/2163
f 4195/4195/4195 4194/4194/4194 4196/4196/4196
f 4188/4188/4188 4193/4193/4193 4228/4228/4228
f 4188/4188/4188 4228/4228/4228 4194/4194/4194
f 4192/4192/4192 4188/4188/4188 4194/4194/4194
f 4195/4195/4195 4192/4192/4192 4194/4194/4194
f 4185/4185/4185 4193/4193/4193 4188/4188/4188
f 2152/2152/2152 2149/2149/2149 2148/2148/2148
f 2152/2152/2152 2148/2148/2148 2154/2154/2154
f 2141/2141/2141 2148/2148/2148 2144/2144/2144
f 2144/2144/2144 2148/2148/2148 2149/2149/2149
f 4193/4193/4193 4184/4184/4184 4228/4228/4228
f 4181/4181/4181 4180/4180/4180 4182/4182/4182
f 4181/4181/4181 4182/4182/4182 4184/4184/4184
f 4185/4185/4185 4181/4181/4181 4184/4184/4184
f 4193/4193/4193 4185/4185/4185 4184/4184/4184
f 4179/4179/4179 4180/4180/4180 4181/4181/4181
f 1205/1205/1205 1206/1206/1206 1213/1213/1213
f 1206/1206/1206 1208/1208/1208 1213/1213/1213
f 1213/1213/1213 1208/1208/1208 1214/1214/1214
f 1208/1208/1208 1215/1215/1215 1214/1214/1214
f 1215/1215/1215 1216/1216/1216 1214/1214/1214
f 1216/1216/1216 1215/1215/1215 1217/1217/1217
f 4180/4180/4180 4183/4183/4183 4182/4182/4182
f 4179/4179/4179 4178/4178/4178 4180/4180/4180
f 4178/4178/4178 4183/4183/4183 4180/4180/4180
f 1287/1287/1287 1276/1276/1276 1284/1284/1284
f 1276/1276/1276 1279/1279/1279 1252/1252/1252
f 1287/1287/1287 1279/1279/1279 1276/1276/1276
f 1252/1252/1252 1255/1255/1255 1235/1235/1235
f 1279/1279/1279 1255/1255/1255 1252/1252/1252
f 1235/1235/1235 1243/1243/1243 1198/1198/1198
f 1255/1255/1255 1243/1243/1243 1235/1235/1235
f 1198/1198/1198 1228/1228/1228 1200/1200/1200
f 1243/1243/1243 1228/1228/1228 1198/1198/1198
f 1205/1205/1205 1200/1200/1200 1206/1206/1206
f 1200/1200/1200 1207/1207/1207 1206/1206/1206
f 1200/1200/1200 1228/1228/1228 1207/1207/1207
f 1206/1206/1206 1207/1207/1207 1208/1208/1208
f 1639/1639/1639 1658/1658/1658 1662/1662/1662
f 1681/1681/1681 1638/1638/1638 1662/1662/1662
f 1662/1662/1662 1638/1638/1638 1639/1639/1639
f 1638/1638/1638 1681/1681/1681 1653/1653/1653
f 1681/1681/1681 1673/1673/1673 1653/1653/1653
f 747/747/747 743/743/743 742/742/742
f 737/737/737 743/743/743 750/750/750
f 737/737/737 742/742/742 743/743/743
f 738/738/738 750/750/750 762/762/762
f 738/738/738 737/737/737 750/750/750
f 780/780/780 744/744/744 777/777/777
f 744/744/744 762/762/762 777/777/777
f 744/744/744 738/738/738 762/762/762
f 793/793/793 751/751/751 780/780/780
f 780/780/780 751/751/751 744/744/744
f 794/794/794 760/760/760 793/793/793
f 793/793/793 760/760/760 751/751/751
f 2166/2166/2166 2167/2167/2167 2174/2174/2174
f 1640/1640/1640 1643/1643/1643 1656/1656/1656
f 1658/1658/1658 1639/1639/1639 1656/1656/1656
f 1639/1639/1639 1640/1640/1640 1656/1656/1656
f 1639/1639/1639 1633/1633/1633 1640/1640/1640
f 1638/1638/1638 1655/1655/1655 1632/1632/1632
f 1633/1633/1633 1638/1638/1638 1632/1632/1632
f 1639/1639/1639 1638/1638/1638 1633/1633/1633
f 7/7/7 8/8/8 9/9/9
f 778/778/778 780/780/780 777/777/777
f 780/780/780 778/778/778 799/799/799
f 780/780/780 799/799/799 793/793/793
f 2177/2177/2177 2176/2176/2176 2171/2171/2171
f 2165/2165/2165 2177/2177/2177 2171/2171/2171
f 2166/2166/2166 2177/2177/2177 2165/2165/2165
f 2167/2167/2167 2166/2166/2166 2164/2164/2164
f 2164/2164/2164 2166/2166/2166 2165/2165/2165
f 1641/1641/1641 1642/1642/1642 1640/1640/1640
f 1640/1640/1640 1642/1642/1642 1643/1643/1643
f 1633/1633/1633 1631/1631/1631 1634/1634/1634
f 1641/1641/1641 1633/1633/1633 1634/1634/1634
f 1640/1640/1640 1633/1633/1633 1641/1641/1641
f 1631/1631/1631 1633/1633/1633 1632/1632/1632
f 2163/2163/2163 2165/2165/2165 2171/2171/2171
f 2143/2143/2143 2153/2153/2153 2141/2141/2141
f 2141/2141/2141 2153/2153/2153 2163/2163/2163
f 2153/2153/2153 2164/2164/2164 2163/2163/2163
f 2164/2164/2164 2165/2165/2165 2163/2163/2163
f 2143/2143/2143 2150/2150/2150 2153/2153/2153
f 4190/4190/4190 4188/4188/4188 4192/4192/4192
f 4187/4187/4187 4186/4186/4186 4185/4185/4185
f 4187/4187/4187 4185/4185/4185 4188/4188/4188
f 4189/4189/4189 4187/4187/4187 4188/4188/4188
f 4190/4190/4190 4189/4189/4189 4188/4188/4188
f 4226/4226/4226 4186/4186/4186 4187/4187/4187
f 2142/2142/2142 2145/2145/2145 2143/2143/2143
f 2141/2141/2141 2142/2142/2142 2143/2143/2143
f 2144/2144/2144 2142/2142/2142 2141/2141/2141
f 2143/2143/2143 2145/2145/2145 2150/2150/2150
f 4186/4186/4186 4181/4181/4181 4185/4185/4185
f 4264/4264/4264 4177/4177/4177 4179/4179/4179
f 4264/4264/4264 4179/4179/4179 4181/4181/4181
f 4226/4226/4226 4264/4264/4264 4181/4181/4181
f 4186/4186/4186 4226/4226/4226 4181/4181/4181
f 4176/4176/4176 4177/4177/4177 4264/4264/4264
f 1208/1208/1208 1219/1219/1219 1215/1215/1215
f 1219/1219/1219 1218/1218/1218 1215/1215/1215
f 1218/1218/1218 1217/1217/1217 1215/1215/1215
f 1218/1218/1218 1221/1221/1221 1217/1217/1217
f 4177/4177/4177 4178/4178/4178 4179/4179/4179
f 4176/4176/4176 4173/4173/4173 4177/4177/4177
f 4173/4173/4173 4178/4178/4178 4177/4177/4177
f 1291/1291/1291 1279/1279/1279 1287/1287/1287
f 1279/1279/1279 1281/1281/1281 1255/1255/1255
f 1291/1291/1291 1281/1281/1281 1279/1279/1279
f 1255/1255/1255 1256/1256/1256 1243/1243/1243
f 1281/1281/1281 1256/1256/1256 1255/1255/1255
f 1243/1243/1243 1248/1248/1248 1228/1228/1228
f 1256/1256/1256 1248/1248/1248 1243/1243/1243
f 1228/1228/1228 1227/1227/1227 1207/1207/1207
f 1248/1248/1248 1227/1227/1227 1228/1228/1228
f 1208/1208/1208 1207/1207/1207 1219/1219/1219
f 1207/1207/1207 1220/1220/1220 1219/1219/1219
f 1207/1207/1207 1227/1227/1227 1220/1220/1220
f 1219/1219/1219 1220/1220/1220 1218/1218/1218
f 1674/1674/1674 1653/1653/1653 1673/1673/1673
f 1674/1674/1674 1673/1673/1673 1654/1654/1654
f 1673/1673/1673 1672/1672/1672 1654/1654/1654
f 742/742/742 737/737/737 739/739/739
f 736/736/736 737/737/737 738/738/738
f 736/736/736 739/739/739 737/737/737
f 741/741/741 738/738/738 744/744/744
f 741/741/741 736/736/736 738/738/738
f 745/745/745 744/744/744 751/751/751
f 745/745/745 741/741/741 744/744/744
f 757/757/757 751/751/751 760/760/760
f 757/757/757 745/745/745 751/751/751
f 2174/2174/2174 2167/2167/2167 2181/2181/2181
f 2181/2181/2181 2167/2167/2167 2179/2179/2179
f 1626/1626/1626 1632/1632/1632 1655/1655/1655
f 1625/1625/1625 1626/1626/1626 1655/1655/1655
f 1625/1625/1625 1655/1655/1655 1653/1653/1653
f 1637/1637/1637 1625/1625/1625 1653/1653/1653
f 1674/1674/1674 1637/1637/1637 1653/1653/1653
f 1637/1637/1637 1674/1674/1674 1654/1654/1654
f 2164/2164/2164 2162/2162/2162 2173/2173/2173
f 2179/2179/2179 2164/2164/2164 2173/2173/2173
f 2167/2167/2167 2164/2164/2164 2179/2179/2179
f 2162/2162/2162 2161/2161/2161 2173/2173/2173
f 1628/1628/1628 1634/1634/1634 1631/1631/1631
f 1632/1632/1632 1626/1626/1626 1631/1631/1631
f 1626/1626/1626 1628/1628/1628 1631/1631/1631
f 1626/1626/1626 1627/1627/1627 1628/1628/1628
f 1626/1626/1626 1625/1625/1625 1624/1624/1624
f 1626/1626/1626 1624/1624/1624 1627/1627/1627
f 2153/2153/2153 2162/2162/2162 2164/2164/2164
f 2168/2168/2168 2160/2160/2160 2150/2150/2150
f 2150/2150/2150 2160/2160/2160 2153/2153/2153
f 2160/2160/2160 2161/2161/2161 2153/2153/2153
f 2161/2161/2161 2162/2162/2162 2153/2153/2153
f 2168/2168/2168 2169/2169/2169 2160/2160/2160
f 4191/4191/4191 4187/4187/4187 4189/4189/4189
f 4187/4187/4187 4191/4191/4191 4226/4226/4226
f 4191/4191/4191 4244/4244/4244 4226/4226/4226
f 1628/1628/1628 1627/1627/1627 1629/1629/1629
f 1627/1627/1627 1624/1624/1624 1630/1630/1630
f 1627/1627/1627 1630/1630/1630 1629/1629/1629
f 2142/2142/2142 2146/2146/2146 2145/2145/2145
f 2146/2146/2146 2147/2147/2147 2145/2145/2145
f 2145/2145/2145 2147/2147/2147 2150/2150/2150
f 2147/2147/2147 2151/2151/2151 2150/2150/2150
f 2151/2151/2151 2168/2168/2168 2150/2150/2150
f 2168/2168/2168 2151/2151/2151 2169/2169/2169
f 4244/4244/4244 4264/4264/4264 4226/4226/4226
f 4167/4167/4167 4171/4171/4171 4176/4176/4176
f 4167/4167/4167 4176/4176/4176 4264/4264/4264
f 4168/4168/4168 4167/4167/4167 4264/4264/4264
f 4312/4312/4312 4313/4313/4313 4314/4314/4314
f 4170/4170/4170 4171/4171/4171 4167/4167/4167
f 1222/1222/1222 1224/1224/1224 1223/1223/1223
f 1221/1221/1221 1222/1222/1222 1223/1223/1223
f 1218/1218/1218 1222/1222/1222 1221/1221/1221
f 1223/1223/1223 1224/1224/1224 1225/1225/1225
f 4171/4171/4171 4173/4173/4173 4176/4176/4176
f 4170/4170/4170 4172/4172/4172 4171/4171/4171
f 4172/4172/4172 4173/4173/4173 4171/4171/4171
f 4172/4172/4172 4174/4174/4174 4173/4173/4173
f 1281/1281/1281 1282/1282/1282 1256/1256/1256
f 4172/4172/4172 4175/4175/4175 4174/4174/4174
f 1256/1256/1256 1254/1254/1254 1248/1248/1248
f 1282/1282/1282 1254/1254/1254 1256/1256/1256
f 1248/1248/1248 1239/1239/1239 1227/1227/1227
f 1254/1254/1254 1239/1239/1239 1248/1248/1248
f 1227/1227/1227 1226/1226/1226 1220/1220/1220
f 1239/1239/1239 1226/1226/1226 1227/1227/1227
f 1218/1218/1218 1220/1220/1220 1222/1222/1222
f 1222/1222/1222 1220/1220/1220 1226/1226/1226
f 1044/1044/1044 1079/1079/1079 1045/1045/1045
f 1046/1046/1046 1043/1043/1043 1045/1045/1045
f 1045/1045/1045 1043/1043/1043 1044/1044/1044
f 1046/1046/1046 964/964/964 1043/1043/1043
f 3668/3668/3668 3664/3664/3664 3665/3665/3665
f 3665/3665/3665 3664/3664/3664 3663/3663/3663
f 2029/2029/2029 1972/1972/1972 1971/1971/1971
f 2029/2029/2029 2032/2032/2032 1972/1972/1972
f 1970/1970/1970 1971/1971/1971 1969/1969/1969
f 1969/1969/1969 1971/1971/1971 1972/1972/1972
f 3663/3663/3663 3666/3666/3666 3665/3665/3665
f 196/196/196 194/194/194 195/195/195
f 195/195/195 194/194/194 189/189/189
f 195/195/195 189/189/189 186/186/186
f 765/765/765 758/758/758 746/746/746
f 755/755/755 764/764/764 746/746/746
f 746/746/746 764/764/764 765/765/765
f 768/768/768 766/766/766 755/755/755
f 755/755/755 766/766/766 764/764/764
f 2183/2183/2183 2182/2182/2182 2184/2184/2184
f 1675/1675/1675 1636/1636/1636 1672/1672/1672
f 1672/1672/1672 1636/1636/1636 1654/1654/1654
f 740/740/740 739/739/739 736/736/736
f 1676/1676/1676 1675/1675/1675 1672/1672/1672
f 741/741/741 746/746/746 758/758/758
f 740/740/740 741/741/741 758/758/758
f 736/736/736 741/741/741 740/740/740
f 746/746/746 741/741/741 745/745/745
f 746/746/746 745/745/745 755/755/755
f 755/755/755 745/745/745 757/757/757
f 755/755/755 757/757/757 768/768/768
f 2175/2175/2175 2180/2180/2180 2179/2179/2179
f 2179/2179/2179 2180/2180/2180 2181/2181/2181
f 2180/2180/2180 2182/2182/2182 2181/2181/2181
f 2182/2182/2182 2183/2183/2183 2181/2181/2181
f 261/261/261 266/266/266 263/263/263
f 679/679/679 677/677/677 678/678/678
f 256/256/256 258/258/258 261/261/261
f 261/261/261 258/258/258 266/266/266
f 256/256/256 257/257/257 258/258/258
f 1622/1622/1622 1625/1625/1625 1637/1637/1637
f 1621/1621/1621 1622/1622/1622 1637/1637/1637
f 1654/1654/1654 1621/1621/1621 1637/1637/1637
f 1636/1636/1636 1621/1621/1621 1654/1654/1654
f 2173/2173/2173 2175/2175/2175 2179/2179/2179
f 2175/2175/2175 2173/2173/2173 2161/2161/2161
f 262/262/262 263/263/263 264/264/264
f 261/261/261 263/263/263 262/262/262
f 261/261/261 260/260/260 256/256/256
f 261/261/261 262/262/262 260/260/260
f 257/257/257 256/256/256 252/252/252
f 256/256/256 250/250/250 252/252/252
f 256/256/256 260/260/260 250/250/250
f 250/250/250 251/251/251 252/252/252
f 1623/1623/1623 1624/1624/1624 1622/1622/1622
f 1622/1622/1622 1624/1624/1624 1625/1625/1625
f 1622/1622/1622 1621/1621/1621 1620/1620/1620
f 1622/1622/1622 1620/1620/1620 1623/1623/1623
f 267/267/267 262/262/262 264/264/264
f 262/262/262 267/267/267 268/268/268
f 269/269/269 262/262/262 268/268/268
f 260/260/260 262/262/262 269/269/269
f 260/260/260 265/265/265 250/250/250
f 260/260/260 269/269/269 265/265/265
f 251/251/251 250/250/250 253/253/253
f 250/250/250 254/254/254 253/253/253
f 250/250/250 265/265/265 254/254/254
f 254/254/254 255/255/255 253/253/253
f 4166/4166/4166 4168/4168/4168 4165/4165/4165
f 4165/4165/4165 4168/4168/4168 4249/4249/4249
f 4165/4165/4165 4164/4164/4164 4163/4163/4163
f 4165/4165/4165 4163/4163/4163 4166/4166/4166
f 285/285/285 283/283/283 284/284/284
f 269/269/269 268/268/268 284/284/284
f 283/283/283 269/269/269 284/284/284
f 282/282/282 269/269/269 283/283/283
f 269/269/269 281/281/281 265/265/265
f 269/269/269 282/282/282 281/281/281
f 279/279/279 254/254/254 280/280/280
f 254/254/254 281/281/281 280/280/280
f 254/254/254 265/265/265 281/281/281
f 254/254/254 279/279/279 255/255/255
f 4166/4166/4166 4167/4167/4167 4168/4168/4168
f 4169/4169/4169 4251/4251/4251 4170/4170/4170
f 4169/4169/4169 4170/4170/4170 4167/4167/4167
f 4163/4163/4163 4169/4169/4169 4167/4167/4167
f 4166/4166/4166 4163/4163/4163 4167/4167/4167
f 4159/4159/4159 4269/4269/4269 4251/4251/4251
f 4159/4159/4159 4251/4251/4251 4169/4169/4169
f 4331/4331/4331 4332/4332/4332 4333/4333/4333
f 1229/1229/1229 1234/1234/1234 1224/1224/1224
f 1229/1229/1229 1224/1224/1224 1222/1222/1222
f 1225/1225/1225 1224/1224/1224 1242/1242/1242
f 1224/1224/1224 1241/1241/1241 1242/1242/1242
f 1224/1224/1224 1234/1234/1234 1241/1241/1241
f 1242/1242/1242 1241/1241/1241 1244/1244/1244
f 1244/1244/1244 1241/1241/1241 1245/1245/1245
f 1244/1244/1244 1245/1245/1245 1249/1249/1249
f 1249/1249/1249 1245/1245/1245 1250/1250/1250
f 281/281/281 286/286/286 280/280/280
f 4251/4251/4251 4172/4172/4172 4170/4170/4170
f 4172/4172/4172 4251/4251/4251 4175/4175/4175
f 4175/4175/4175 4251/4251/4251 4269/4269/4269
f 4242/4242/4242 4235/4235/4235 4269/4269/4269
f 4315/4315/4315 4316/4316/4316 4317/4317/4317
f 4315/4315/4315 4318/4318/4318 4316/4316/4316
f 1254/1254/1254 1283/1283/1283 1239/1239/1239
f 4235/4235/4235 4233/4233/4233 4241/4241/4241
f 1239/1239/1239 1230/1230/1230 1226/1226/1226
f 1283/1283/1283 1230/1230/1230 1239/1239/1239
f 1222/1222/1222 1226/1226/1226 1229/1229/1229
f 1229/1229/1229 1226/1226/1226 1230/1230/1230
f 1027/1027/1027 1078/1078/1078 1028/1028/1028
f 1029/1029/1029 1025/1025/1025 1028/1028/1028
f 1028/1028/1028 1025/1025/1025 1027/1027/1027
f 1029/1029/1029 959/959/959 1025/1025/1025
f 1028/1028/1028 1078/1078/1078 1044/1044/1044
f 1078/1078/1078 1079/1079/1079 1044/1044/1044
f 3670/3670/3670 3662/3662/3662 3664/3664/3664
f 1028/1028/1028 1044/1044/1044 1043/1043/1043
f 1028/1028/1028 1043/1043/1043 1029/1029/1029
f 962/962/962 961/961/961 964/964/964
f 964/964/964 961/961/961 1043/1043/1043
f 961/961/961 959/959/959 1043/1043/1043
f 959/959/959 1029/1029/1029 1043/1043/1043
f 963/963/963 960/960/960 962/962/962
f 962/962/962 960/960/960 961/961/961
f 963/963/963 1037/1037/1037 960/960/960
f 3662/3662/3662 3663/3663/3663 3664/3664/3664
f 3661/3661/3661 3663/3663/3663 3662/3662/3662
f 1969/1969/1969 1968/1968/1968 1967/1967/1967
f 1969/1969/1969 1967/1967/1967 1970/1970/1970
f 1967/1967/1967 1966/1966/1966 1964/1964/1964
f 1967/1967/1967 1968/1968/1968 1966/1966/1966
f 1962/1962/1962 1964/1964/1964 1961/1961/1961
f 1961/1961/1961 1964/1964/1964 1966/1966/1966
f 3666/3666/3666 3663/3663/3663 3667/3667/3667
f 3663/3663/3663 3669/3669/3669 3667/3667/3667
f 3663/3663/3663 3661/3661/3661 3669/3669/3669
f 190/190/190 189/189/189 194/194/194
f 190/190/190 194/194/194 193/193/193
f 190/190/190 187/187/187 189/189/189
f 189/189/189 187/187/187 186/186/186
f 187/187/187 183/183/183 186/186/186
f 183/183/183 185/185/185 186/186/186
f 185/185/185 183/183/183 184/184/184
f 184/184/184 183/183/183 180/180/180
f 1966/1966/1966 1965/1965/1965 1961/1961/1961
f 3669/3669/3669 3680/3680/3680 3667/3667/3667
f 193/193/193 192/192/192 190/190/190
f 190/190/190 192/192/192 191/191/191
f 190/190/190 191/191/191 187/187/187
f 1601/1601/1601 1603/1603/1603 1599/1599/1599
f 1599/1599/1599 1603/1603/1603 1604/1604/1604
f 1597/1597/1597 1599/1599/1599 1598/1598/1598
f 1597/1597/1597 1601/1601/1601 1599/1599/1599
f 767/767/767 764/764/764 766/766/766
f 1596/1596/1596 1597/1597/1597 1598/1598/1598
f 2184/2184/2184 2182/2182/2182 2186/2186/2186
f 2186/2186/2186 2182/2182/2182 2140/2140/2140
f 670/670/670 675/675/675 685/685/685
f 685/685/685 681/681/681 670/670/670
f 10/10/10 11/11/11 12/12/12
f 1635/1635/1635 1675/1675/1675 1612/1612/1612
f 1675/1675/1675 1660/1660/1660 1612/1612/1612
f 1675/1675/1675 1676/1676/1676 1660/1660/1660
f 740/740/740 758/758/758 759/759/759
f 740/740/740 759/759/759 761/761/761
f 2187/2187/2187 2140/2140/2140 2182/2182/2182
f 2187/2187/2187 2182/2182/2182 2180/2180/2180
f 672/672/672 678/678/678 677/677/677
f 2188/2188/2188 2187/2187/2187 2180/2180/2180
f 676/676/676 685/685/685 675/675/675
f 672/672/672 676/676/676 675/675/675
f 677/677/677 676/676/676 672/672/672
f 275/275/275 259/259/259 257/257/257
f 257/257/257 259/259/259 258/258/258
f 683/683/683 681/681/681 676/676/676
f 681/681/681 685/685/685 676/676/676
f 273/273/273 339/339/339 275/275/275
f 275/275/275 339/339/339 259/259/259
f 274/274/274 309/309/309 273/273/273
f 273/273/273 309/309/309 339/339/339
f 274/274/274 291/291/291 309/309/309
f 1617/1617/1617 1621/1621/1621 1635/1635/1635
f 1635/1635/1635 1621/1621/1621 1636/1636/1636
f 1635/1635/1635 1612/1612/1612 1611/1611/1611
f 1635/1635/1635 1611/1611/1611 1617/1617/1617
f 252/252/252 275/275/275 257/257/257
f 275/275/275 252/252/252 251/251/251
f 270/270/270 275/275/275 251/251/251
f 273/273/273 275/275/275 270/270/270
f 273/273/273 272/272/272 274/274/274
f 273/273/273 270/270/270 272/272/272
f 291/291/291 274/274/274 287/287/287
f 287/287/287 274/274/274 272/272/272
f 1619/1619/1619 1620/1620/1620 1617/1617/1617
f 1617/1617/1617 1620/1620/1620 1621/1621/1621
f 1617/1617/1617 1611/1611/1611 1615/1615/1615
f 1617/1617/1617 1615/1615/1615 1619/1619/1619
f 253/253/253 270/270/270 251/251/251
f 270/270/270 253/253/253 255/255/255
f 271/271/271 270/270/270 255/255/255
f 272/272/272 270/270/270 271/271/271
f 287/287/287 272/272/272 288/288/288
f 272/272/272 276/276/276 288/288/288
f 272/272/272 271/271/271 276/276/276
f 276/276/276 300/300/300 288/288/288
f 4161/4161/4161 4163/4163/4163 4162/4162/4162
f 4162/4162/4162 4163/4163/4163 4164/4164/4164
f 4162/4162/4162 4246/4246/4246 4229/4229/4229
f 4160/4160/4160 4162/4162/4162 4229/4229/4229
f 4161/4161/4161 4162/4162/4162 4160/4160/4160
f 4158/4158/4158 4160/4160/4160 4229/4229/4229
f 280/280/280 278/278/278 279/279/279
f 271/271/271 255/255/255 279/279/279
f 278/278/278 271/271/271 279/279/279
f 277/277/277 271/271/271 278/278/278
f 385/385/385 276/276/276 386/386/386
f 276/276/276 277/277/277 386/386/386
f 276/276/276 271/271/271 277/277/277
f 276/276/276 385/385/385 300/300/300
f 4161/4161/4161 4169/4169/4169 4163/4163/4163
f 4169/4169/4169 4161/4161/4161 4159/4159/4159
f 4159/4159/4159 4161/4161/4161 4160/4160/4160
f 4157/4157/4157 4231/4231/4231 4242/4242/4242
f 4157/4157/4157 4242/4242/4242 4159/4159/4159
f 4158/4158/4158 4157/4157/4157 4159/4159/4159
f 4160/4160/4160 4158/4158/4158 4159/4159/4159
f 4230/4230/4230 4232/4232/4232 4231/4231/4231
f 4230/4230/4230 4231/4231/4231 4157/4157/4157
f 4240/4240/4240 4232/4232/4232 4230/4230/4230
f 1229/1229/1229 1231/1231/1231 1234/1234/1234
f 1233/1233/1233 1241/1241/1241 1234/1234/1234
f 1233/1233/1233 1234/1234/1234 1231/1231/1231
f 1246/1246/1246 1245/1245/1245 1241/1241/1241
f 1246/1246/1246 1241/1241/1241 1233/1233/1233
f 1247/1247/1247 1250/1250/1250 1245/1245/1245
f 1247/1247/1247 1245/1245/1245 1246/1246/1246
f 278/278/278 280/280/280 286/286/286
f 1247/1247/1247 1251/1251/1251 1250/1250/1250
f 391/391/391 278/278/278 392/392/392
f 387/387/387 277/277/277 388/388/388
f 277/277/277 391/391/391 388/388/388
f 277/277/277 278/278/278 391/391/391
f 277/277/277 387/387/387 386/386/386
f 4231/4231/4231 4235/4235/4235 4242/4242/4242
f 4235/4235/4235 4231/4231/4231 4233/4233/4233
f 4233/4233/4233 4231/4231/4231 4232/4232/4232
f 4240/4240/4240 4234/4234/4234 4232/4232/4232
f 4234/4234/4234 4233/4233/4233 4232/4232/4232
f 1286/1286/1286 1230/1230/1230 1283/1283/1283
f 1229/1229/1229 1230/1230/1230 1231/1231/1231
f 1230/1230/1230 1232/1232/1232 1231/1231/1231
f 1230/1230/1230 1286/1286/1286 1232/1232/1232
f 1231/1231/1231 1232/1232/1232 1233/1233/1233
f 1233/1233/1233 1232/1232/1232 1257/1257/1257
f 1233/1233/1233 1257/1257/1257 1246/1246/1246
f 1246/1246/1246 1257/1257/1257 1265/1265/1265
f 1246/1246/1246 1265/1265/1265 1247/1247/1247
f 1247/1247/1247 1265/1265/1265 1266/1266/1266
f 1247/1247/1247 1266/1266/1266 1269/1269/1269
f 1269/1269/1269 1266/1266/1266 1268/1268/1268
f 391/391/391 389/389/389 388/388/388
f 1066/1066/1066 1084/1084/1084 1077/1077/1077
f 1078/1078/1078 1027/1027/1027 1077/1077/1077
f 1027/1027/1027 1066/1066/1066 1077/1077/1077
f 1027/1027/1027 1055/1055/1055 1066/1066/1066
f 1026/1026/1026 1027/1027/1027 1025/1025/1025
f 1026/1026/1026 1055/1055/1055 1027/1027/1027
f 957/957/957 958/958/958 959/959/959
f 958/958/958 1025/1025/1025 959/959/959
f 958/958/958 1026/1026/1026 1025/1025/1025
f 955/955/955 956/956/956 957/957/957
f 957/957/957 956/956/956 958/958/958
f 954/954/954 952/952/952 955/955/955
f 955/955/955 952/952/952 956/956/956
f 954/954/954 944/944/944 952/952/952
f 3693/3693/3693 3692/3692/3692 3690/3690/3690
f 3690/3690/3690 3692/3692/3692 3691/3691/3691
f 3690/3690/3690 3689/3689/3689 3694/3694/3694
f 3690/3690/3690 3694/3694/3694 3693/3693/3693
f 961/961/961 957/957/957 959/959/959
f 957/957/957 961/961/961 960/960/960
f 957/957/957 960/960/960 955/955/955
f 955/955/955 960/960/960 1037/1037/1037
f 1033/1033/1033 955/955/955 1037/1037/1037
f 954/954/954 955/955/955 1033/1033/1033
f 944/944/944 954/954/954 965/965/965
f 954/954/954 1030/1030/1030 965/965/965
f 954/954/954 1033/1033/1033 1030/1030/1030
f 1032/1032/1032 1031/1031/1031 1030/1030/1030
f 1030/1030/1030 1031/1031/1031 965/965/965
f 1032/1032/1032 1038/1038/1038 1031/1031/1031
f 3690/3690/3690 3691/3691/3691 3688/3688/3688
f 3659/3659/3659 3657/3657/3657 3658/3658/3658
f 3659/3659/3659 3661/3661/3661 3662/3662/3662
f 3688/3688/3688 3689/3689/3689 3690/3690/3690
f 1961/1961/1961 1960/1960/1960 1959/1959/1959
f 1961/1961/1961 1959/1959/1959 1962/1962/1962
f 1959/1959/1959 1955/1955/1955 1958/1958/1958
f 1959/1959/1959 1960/1960/1960 1955/1955/1955
f 1952/1952/1952 1953/1953/1953 1954/1954/1954
f 1953/1953/1953 1955/1955/1955 1954/1954/1954
f 1953/1953/1953 1958/1958/1958 1955/1955/1955
f 1953/1953/1953 1952/1952/1952 1956/1956/1956
f 3658/3658/3658 3660/3660/3660 3659/3659/3659
f 3661/3661/3661 3659/3659/3659 3660/3660/3660
f 3677/3677/3677 3661/3661/3661 3660/3660/3660
f 3669/3669/3669 3661/3661/3661 3677/3677/3677
f 187/187/187 197/197/197 183/183/183
f 183/183/183 197/197/197 188/188/188
f 181/181/181 183/183/183 188/188/188
f 180/180/180 183/183/183 181/181/181
f 1961/1961/1961 1965/1965/1965 1960/1960/1960
f 180/180/180 177/177/177 179/179/179
f 180/180/180 181/181/181 177/177/177
f 179/179/179 177/177/177 178/178/178
f 178/178/178 177/177/177 175/175/175
f 1955/1955/1955 1957/1957/1957 1954/1954/1954
f 3677/3677/3677 3678/3678/3678 3669/3669/3669
f 3669/3669/3669 3678/3678/3678 3680/3680/3680
f 2646/2646/2646 2645/2645/2645 2647/2647/2647
f 2644/2644/2644 2645/2645/2645 2646/2646/2646
f 187/187/187 191/191/191 197/197/197
f 191/191/191 198/198/198 197/197/197
f 2647/2647/2647 2645/2645/2645 2648/2648/2648
f 197/197/197 198/198/198 188/188/188
f 1679/1679/1679 1603/1603/1603 1601/1601/1601
f 1679/1679/1679 1601/1601/1601 1671/1671/1671
f 1601/1601/1601 1602/1602/1602 1671/1671/1671
f 1601/1601/1601 1597/1597/1597 1602/1602/1602
f 1600/1600/1600 1597/1597/1597 1596/1596/1596
f 1600/1600/1600 1602/1602/1602 1597/1597/1597
f 2138/2138/2138 2139/2139/2139 2140/2140/2140
f 2139/2139/2139 2186/2186/2186 2140/2140/2140
f 2139/2139/2139 2189/2189/2189 2186/2186/2186
f 671/671/671 665/665/665 667/667/667
f 667/667/667 665/665/665 666/666/666
f 675/675/675 670/670/670 671/671/671
f 670/670/670 665/665/665 671/671/671
f 670/670/670 651/651/651 665/665/665
f 680/680/680 652/652/652 681/681/681
f 652/652/652 670/670/670 681/681/681
f 652/652/652 651/651/651 670/670/670
f 682/682/682 654/654/654 680/680/680
f 680/680/680 654/654/654 652/652/652
f 334/334/334 335/335/335 340/340/340
f 340/340/340 335/335/335 341/341/341
f 334/334/334 333/333/333 335/335/335
f 1609/1609/1609 1612/1612/1612 1660/1660/1660
f 1608/1608/1608 1609/1609/1609 1660/1660/1660
f 1608/1608/1608 1660/1660/1660 1603/1603/1603
f 1659/1659/1659 1608/1608/1608 1603/1603/1603
f 1679/1679/1679 1659/1659/1659 1603/1603/1603
f 1659/1659/1659 1679/1679/1679 1671/1671/1671
f 673/673/673 667/667/667 674/674/674
f 667/667/667 673/673/673 672/672/672
f 667/667/667 672/672/672 671/671/671
f 671/671/671 672/672/672 675/675/675
f 683/683/683 680/680/680 681/681/681
f 680/680/680 683/683/683 684/684/684
f 680/680/680 684/684/684 682/682/682
f 340/340/340 339/339/339 309/309/309
f 340/340/340 309/309/309 334/334/334
f 290/290/290 307/307/307 291/291/291
f 291/291/291 307/307/307 309/309/309
f 307/307/307 333/333/333 309/309/309
f 333/333/333 334/334/334 309/309/309
f 290/290/290 293/293/293 307/307/307
f 1610/1610/1610 1611/1611/1611 1609/1609/1609
f 1609/1609/1609 1611/1611/1611 1612/1612/1612
f 1609/1609/1609 1608/1608/1608 1606/1606/1606
f 1609/1609/1609 1606/1606/1606 1610/1610/1610
f 287/287/287 289/289/289 290/290/290
f 287/287/287 290/290/290 291/291/291
f 293/293/293 290/290/290 292/292/292
f 292/292/292 290/290/290 289/289/289
f 1616/1616/1616 1615/1615/1615 1610/1610/1610
f 1610/1610/1610 1615/1615/1615 1611/1611/1611
f 1610/1610/1610 1606/1606/1606 1613/1613/1613
f 1610/1610/1610 1613/1613/1613 1616/1616/1616
f 288/288/288 289/289/289 287/287/287
f 306/306/306 296/296/296 300/300/300
f 300/300/300 296/296/296 288/288/288
f 296/296/296 292/292/292 288/288/288
f 292/292/292 289/289/289 288/288/288
f 306/306/306 297/297/297 296/296/296
f 4247/4247/4247 4229/4229/4229 4246/4246/4246
f 4250/4250/4250 4156/4156/4156 4158/4158/4158
f 4250/4250/4250 4158/4158/4158 4229/4229/4229
f 4248/4248/4248 4250/4250/4250 4229/4229/4229
f 4247/4247/4247 4248/4248/4248 4229/4229/4229
f 4155/4155/4155 4156/4156/4156 4250/4250/4250
f 386/386/386 382/382/382 385/385/385
f 306/306/306 300/300/300 385/385/385
f 382/382/382 306/306/306 385/385/385
f 381/381/381 306/306/306 382/382/382
f 297/297/297 306/306/306 380/380/380
f 380/380/380 306/306/306 381/381/381
f 4156/4156/4156 4157/4157/4157 4158/4158/4158
f 4155/4155/4155 4154/4154/4154 4156/4156/4156
f 4154/4154/4154 4157/4157/4157 4156/4156/4156
f 4154/4154/4154 4230/4230/4230 4157/4157/4157
f 4236/4236/4236 4238/4238/4238 4240/4240/4240
f 4230/4230/4230 4236/4236/4236 4240/4240/4240
f 4154/4154/4154 4236/4236/4236 4230/4230/4230
f 4237/4237/4237 4238/4238/4238 4236/4236/4236
f 388/388/388 384/384/384 387/387/387
f 382/382/382 386/386/386 387/387/387
f 384/384/384 382/382/382 387/387/387
f 383/383/383 382/382/382 384/384/384
f 376/376/376 381/381/381 377/377/377
f 381/381/381 383/383/383 377/377/377
f 381/381/381 382/382/382 383/383/383
f 381/381/381 376/376/376 380/380/380
f 4337/4337/4337 4338/4338/4338 4339/4339/4339
f 4237/4237/4237 4239/4239/4239 4238/4238/4238
f 4340/4340/4340 4338/4338/4338 4337/4337/4337
f 1261/1261/1261 1232/1232/1232 1286/1286/1286
f 1232/1232/1232 1258/1258/1258 1257/1257/1257
f 1261/1261/1261 1258/1258/1258 1232/1232/1232
f 1257/1257/1257 1259/1259/1259 1265/1265/1265
f 1258/1258/1258 1259/1259/1259 1257/1257/1257
f 1265/1265/1265 1264/1264/1264 1266/1266/1266
f 1259/1259/1259 1264/1264/1264 1265/1265/1265
f 1266/1266/1266 1267/1267/1267 1268/1268/1268
f 1264/1264/1264 1267/1267/1267 1266/1266/1266
f 388/388/388 389/389/389 384/384/384
f 389/389/389 390/390/390 384/384/384
f 1268/1268/1268 1267/1267/1267 1270/1270/1270
f 384/384/384 390/390/390 383/383/383
f 383/383/383 390/390/390 378/378/378
f 383/383/383 378/378/378 377/377/377
f 1063/1063/1063 1082/1082/1082 1062/1062/1062
f 1057/1057/1057 1059/1059/1059 1062/1062/1062
f 1062/1062/1062 1059/1059/1059 1063/1063/1063
f 1056/1056/1056 1058/1058/1058 1057/1057/1057
f 1057/1057/1057 1058/1058/1058 1059/1059/1059
f 1061/1061/1061 1060/1060/1060 1056/1056/1056
f 1056/1056/1056 1060/1060/1060 1058/1058/1058
f 1061/1061/1061 1064/1064/1064 1060/1060/1060
f 3674/3674/3674 3651/3651/3651 3652/3652/3652
f 3652/3652/3652 3651/3651/3651 3650/3650/3650
f 1085/1085/1085 1084/1084/1084 1066/1066/1066
f 1057/1057/1057 1085/1085/1085 1066/1066/1066
f 1062/1062/1062 1085/1085/1085 1057/1057/1057
f 1057/1057/1057 1066/1066/1066 1055/1055/1055
f 1057/1057/1057 1055/1055/1055 1056/1056/1056
f 1056/1056/1056 1055/1055/1055 1026/1026/1026
f 1056/1056/1056 1026/1026/1026 1061/1061/1061
f 1065/1065/1065 1064/1064/1064 1061/1061/1061
f 1026/1026/1026 1065/1065/1065 1061/1061/1061
f 958/958/958 1065/1065/1065 1026/1026/1026
f 1052/1052/1052 958/958/958 956/956/956
f 1052/1052/1052 1065/1065/1065 958/958/958
f 953/953/953 956/956/956 952/952/952
f 953/953/953 1052/1052/1052 956/956/956
f 942/942/942 943/943/943 944/944/944
f 943/943/943 952/952/952 944/944/944
f 943/943/943 953/953/953 952/952/952
f 940/940/940 941/941/941 942/942/942
f 942/942/942 941/941/941 943/943/943
f 939/939/939 937/937/937 940/940/940
f 940/940/940 937/937/937 941/941/941
f 945/945/945 938/938/938 939/939/939
f 939/939/939 938/938/938 937/937/937
f 947/947/947 946/946/946 945/945/945
f 945/945/945 946/946/946 938/938/938
f 949/949/949 948/948/948 947/947/947
f 947/947/947 948/948/948 946/946/946
f 949/949/949 1039/1039/1039 948/948/948
f 3650/3650/3650 3653/3653/3653 3652/3652/3652
f 3654/3654/3654 3652/3652/3652 3653/3653/3653
f 3655/3655/3655 3654/3654/3654 3653/3653/3653
f 3657/3657/3657 3654/3654/3654 3655/3655/3655
f 965/965/965 942/942/942 944/944/944
f 942/942/942 965/965/965 1031/1031/1031
f 942/942/942 1031/1031/1031 940/940/940
f 940/940/940 1031/1031/1031 1038/1038/1038
f 1973/1973/1973 1992/1992/1992 1956/1956/1956
f 1991/1991/1991 1992/1992/1992 1973/1973/1973
f 1991/1991/1991 1976/1976/1976 1990/1990/1990
f 1991/1991/1991 1973/1973/1973 1976/1976/1976
f 1990/1990/1990 1978/1978/1978 1981/1981/1981
f 1990/1990/1990 1976/1976/1976 1978/1978/1978
f 1981/1981/1981 1980/1980/1980 1993/1993/1993
f 1981/1981/1981 1978/1978/1978 1980/1980/1980
f 1989/1989/1989 1993/1993/1993 1983/1983/1983
f 1983/1983/1983 1993/1993/1993 1980/1980/1980
f 3655/3655/3655 3658/3658/3658 3657/3657/3657
f 3672/3672/3672 3658/3658/3658 3655/3655/3655
f 1954/1954/1954 1963/1963/1963 1952/1952/1952
f 1973/1973/1973 1956/1956/1956 1952/1952/1952
f 1963/1963/1963 1973/1973/1973 1952/1952/1952
f 1974/1974/1974 1973/1973/1973 1963/1963/1963
f 1973/1973/1973 1975/1975/1975 1976/1976/1976
f 1973/1973/1973 1974/1974/1974 1975/1975/1975
f 1976/1976/1976 1977/1977/1977 1978/1978/1978
f 1976/1976/1976 1975/1975/1975 1977/1977/1977
f 1978/1978/1978 1979/1979/1979 1980/1980/1980
f 1978/1978/1978 1977/1977/1977 1979/1979/1979
f 1983/1983/1983 1980/1980/1980 1982/1982/1982
f 1982/1982/1982 1980/1980/1980 1979/1979/1979
f 3672/3672/3672 3671/3671/3671 3658/3658/3658
f 3658/3658/3658 3671/3671/3671 3660/3660/3660
f 2617/2617/2617 2642/2642/2642 2643/2643/2643
f 2673/2673/2673 2617/2617/2617 2643/2643/2643
f 2615/2615/2615 2617/2617/2617 2673/2673/2673
f 2611/2611/2611 2649/2649/2649 2642/2642/2642
f 2611/2611/2611 2642/2642/2642 2617/2617/2617
f 202/202/202 205/205/205 207/207/207
f 2702/2702/2702 2704/2704/2704 2703/2703/2703
f 181/181/181 188/188/188 205/205/205
f 202/202/202 181/181/181 205/205/205
f 201/201/201 181/181/181 202/202/202
f 181/181/181 182/182/182 177/177/177
f 201/201/201 182/182/182 181/181/181
f 177/177/177 176/176/176 175/175/175
f 182/182/182 176/176/176 177/177/177
f 1954/1954/1954 1957/1957/1957 1963/1963/1963
f 175/175/175 173/173/173 174/174/174
f 175/175/175 176/176/176 173/173/173
f 174/174/174 173/173/173 172/172/172
f 172/172/172 173/173/173 170/170/170
f 172/172/172 170/170/170 164/164/164
f 164/164/164 170/170/170 163/163/163
f 164/164/164 163/163/163 161/161/161
f 161/161/161 163/163/163 159/159/159
f 161/161/161 159/159/159 160/160/160
f 160/160/160 159/159/159 157/157/157
f 160/160/160 157/157/157 162/162/162
f 2642/2642/2642 2644/2644/2644 2643/2643/2643
f 2644/2644/2644 2642/2642/2642 2645/2645/2645
f 2645/2645/2645 2642/2642/2642 2649/2649/2649
f 2645/2645/2645 2649/2649/2649 2648/2648/2648
f 198/198/198 207/207/207 205/205/205
f 198/198/198 205/205/205 188/188/188
f 1680/1680/1680 1671/1671/1671 1602/1602/1602
f 1600/1600/1600 1683/1683/1683 1602/1602/1602
f 1602/1602/1602 1683/1683/1683 1680/1680/1680
f 3780/3780/3780 3778/3778/3778 3779/3779/3779
f 3779/3779/3779 3778/3778/3778 3777/3777/3777
f 3778/3778/3778 3780/3780/3780 3782/3782/3782
f 3780/3780/3780 3783/3783/3783 3782/3782/3782
f 666/666/666 665/665/665 664/664/664
f 650/650/650 665/665/665 651/651/651
f 650/650/650 664/664/664 665/665/665
f 649/649/649 651/651/651 652/652/652
f 649/649/649 650/650/650 651/651/651
f 653/653/653 652/652/652 654/654/654
f 653/653/653 649/649/649 652/652/652
f 659/659/659 654/654/654 660/660/660
f 659/659/659 653/653/653 654/654/654
f 337/337/337 336/336/336 333/333/333
f 336/336/336 335/335/335 333/333/333
f 661/661/661 659/659/659 660/660/660
f 337/337/337 338/338/338 336/336/336
f 1607/1607/1607 1608/1608/1608 1659/1659/1659
f 1664/1664/1664 1607/1607/1607 1659/1659/1659
f 1664/1664/1664 1659/1659/1659 1671/1671/1671
f 1670/1670/1670 1664/1664/1664 1671/1671/1671
f 1680/1680/1680 1670/1670/1670 1671/1671/1671
f 1670/1670/1670 1680/1680/1680 1683/1683/1683
f 3775/3775/3775 3777/3777/3777 3774/3774/3774
f 3774/3774/3774 3777/3777/3777 3778/3778/3778
f 3774/3774/3774 3778/3778/3778 3781/3781/3781
f 3781/3781/3781 3778/3778/3778 3782/3782/3782
f 307/307/307 337/337/337 333/333/333
f 294/294/294 308/308/308 293/293/293
f 293/293/293 308/308/308 307/307/307
f 308/308/308 338/338/338 307/307/307
f 338/338/338 337/337/337 307/307/307
f 294/294/294 311/311/311 308/308/308
f 1605/1605/1605 1606/1606/1606 1607/1607/1607
f 1607/1607/1607 1606/1606/1606 1608/1608/1608
f 1607/1607/1607 1664/1664/1664 1665/1665/1665
f 1607/1607/1607 1665/1665/1665 1605/1605/1605
f 292/292/292 295/295/295 294/294/294
f 292/292/292 294/294/294 293/293/293
f 311/311/311 294/294/294 310/310/310
f 294/294/294 298/298/298 310/310/310
f 294/294/294 295/295/295 298/298/298
f 298/298/298 302/302/302 310/310/310
f 1614/1614/1614 1613/1613/1613 1605/1605/1605
f 1605/1605/1605 1613/1613/1613 1606/1606/1606
f 1605/1605/1605 1665/1665/1665 1618/1618/1618
f 1605/1605/1605 1618/1618/1618 1614/1614/1614
f 296/296/296 295/295/295 292/292/292
f 295/295/295 296/296/296 297/297/297
f 299/299/299 295/295/295 297/297/297
f 298/298/298 295/295/295 299/299/299
f 302/302/302 298/298/298 301/301/301
f 301/301/301 298/298/298 299/299/299
f 4253/4253/4253 4250/4250/4250 4248/4248/4248
f 4286/4286/4286 4153/4153/4153 4155/4155/4155
f 4286/4286/4286 4155/4155/4155 4250/4250/4250
f 4254/4254/4254 4286/4286/4286 4250/4250/4250
f 4253/4253/4253 4254/4254/4254 4250/4250/4250
f 4142/4142/4142 4153/4153/4153 4286/4286/4286
f 380/380/380 304/304/304 299/299/299
f 380/380/380 299/299/299 297/297/297
f 301/301/301 299/299/299 303/303/303
f 303/303/303 299/299/299 304/304/304
f 4153/4153/4153 4154/4154/4154 4155/4155/4155
f 4142/4142/4142 4147/4147/4147 4153/4153/4153
f 4147/4147/4147 4154/4154/4154 4153/4153/4153
f 4147/4147/4147 4236/4236/4236 4154/4154/4154
f 4237/4237/4237 4236/4236/4236 4147/4147/4147
f 4237/4237/4237 4147/4147/4147 4281/4281/4281
f 377/377/377 375/375/375 376/376/376
f 304/304/304 380/380/380 376/376/376
f 375/375/375 304/304/304 376/376/376
f 373/373/373 304/304/304 375/375/375
f 303/303/303 304/304/304 305/305/305
f 304/304/304 312/312/312 305/305/305
f 304/304/304 373/373/373 312/312/312
f 312/312/312 313/313/313 305/305/305
f 4281/4281/4281 4252/4252/4252 4237/4237/4237
f 4237/4237/4237 4252/4252/4252 4239/4239/4239
f 1261/1261/1261 1263/1263/1263 1258/1258/1258
f 4334/4334/4334 4335/4335/4335 4336/4336/4336
f 1258/1258/1258 1260/1260/1260 1259/1259/1259
f 1263/1263/1263 1260/1260/1260 1258/1258/1258
f 1259/1259/1259 1262/1262/1262 1264/1264/1264
f 1260/1260/1260 1262/1262/1262 1259/1259/1259
f 1264/1264/1264 1271/1271/1271 1267/1267/1267
f 1262/1262/1262 1271/1271/1271 1264/1264/1264
f 1271/1271/1271 1274/1274/1274 1272/1272/1272
f 1270/1270/1270 1271/1271/1271 1272/1272/1272
f 1267/1267/1267 1271/1271/1271 1270/1270/1270
f 379/379/379 378/378/378 390/390/390
f 1273/1273/1273 1270/1270/1270 1272/1272/1272
f 375/375/375 377/377/377 378/378/378
f 379/379/379 375/375/375 378/378/378
f 374/374/374 375/375/375 379/379/379
f 375/375/375 372/372/372 373/373/373
f 375/375/375 374/374/374 372/372/372
f 373/373/373 371/371/371 312/312/312
f 373/373/373 372/372/372 371/371/371
f 313/313/313 312/312/312 321/321/321
f 321/321/321 312/312/312 371/371/371
f 1274/1274/1274 1285/1285/1285 1272/1272/1272
f 1272/1272/1272 1285/1285/1285 1273/1273/1273
f 1273/1273/1273 1285/1285/1285 1288/1288/1288
f 1290/1290/1290 1289/1289/1289 1288/1288/1288
f 1289/1289/1289 1273/1273/1273 1288/1288/1288
f 393/393/393 374/374/374 379/379/379
f 374/374/374 369/369/369 372/372/372
f 374/374/374 393/393/393 369/369/369
f 364/364/364 371/371/371 362/362/362
f 371/371/371 369/369/369 362/362/362
f 371/371/371 372/372/372 369/369/369
f 371/371/371 364/364/364 321/321/321
f 1071/1071/1071 1081/1081/1081 1069/1069/1069
f 1068/1068/1068 1070/1070/1070 1069/1069/1069
f 1069/1069/1069 1070/1070/1070 1071/1071/1071
f 1068/1068/1068 1072/1072/1072 1070/1070/1070
f 399/399/399 402/402/402 393/393/393
f 394/394/394 370/370/370 402/402/402
f 370/370/370 393/393/393 402/402/402
f 370/370/370 369/369/369 393/393/393
f 362/362/362 369/369/369 360/360/360
f 360/360/360 369/369/369 370/370/370
f 1100/1100/1100 1097/1097/1097 1099/1099/1099
f 1810/1810/1810 1811/1811/1811 1812/1812/1812
f 1069/1069/1069 1081/1081/1081 1063/1063/1063
f 1081/1081/1081 1082/1082/1082 1063/1063/1063
f 3656/3656/3656 3649/3649/3649 3651/3651/3651
f 1069/1069/1069 1063/1063/1063 1059/1059/1059
f 1069/1069/1069 1059/1059/1059 1068/1068/1068
f 1067/1067/1067 1072/1072/1072 1068/1068/1068
f 1059/1059/1059 1067/1067/1067 1068/1068/1068
f 1058/1058/1058 1067/1067/1067 1059/1059/1059
f 1428/1428/1428 1433/1433/1433 1432/1432/1432
f 1428/1428/1428 1424/1424/1424 1433/1433/1433
f 1432/1432/1432 1430/1430/1430 1428/1428/1428
f 1428/1428/1428 1430/1430/1430 1429/1429/1429
f 936/936/936 1053/1053/1053 935/935/935
f 931/931/931 932/932/932 935/935/935
f 935/935/935 932/932/932 936/936/936
f 929/929/929 930/930/930 931/931/931
f 931/931/931 930/930/930 932/932/932
f 927/927/927 928/928/928 929/929/929
f 929/929/929 928/928/928 930/930/930
f 925/925/925 926/926/926 927/927/927
f 927/927/927 926/926/926 928/928/928
f 934/934/934 933/933/933 925/925/925
f 925/925/925 933/933/933 926/926/926
f 951/951/951 950/950/950 934/934/934
f 934/934/934 950/950/950 933/933/933
f 951/951/951 1002/1002/1002 950/950/950
f 394/394/394 361/361/361 370/370/370
f 370/370/370 361/361/361 360/360/360
f 1099/1099/1099 1097/1097/1097 1098/1098/1098
f 1098/1098/1098 1097/1097/1097 1088/1088/1088
f 1811/1811/1811 1810/1810/1810 1801/1801/1801
f 1801/1801/1801 1810/1810/1810 1802/1802/1802
f 3649/3649/3649 3650/3650/3650 3651/3651/3651
f 3648/3648/3648 3650/3650/3650 3649/3649/3649
f 1434/1434/1434 1429/1429/1429 1430/1430/1430
f 1434/1434/1434 1430/1430/1430 1435/1435/1435
f 1748/1748/1748 1752/1752/1752 1753/1753/1753
f 1748/1748/1748 1750/1750/1750 1752/1752/1752
f 1744/1744/1744 1753/1753/1753 1754/1754/1754
f 1744/1744/1744 1748/1748/1748 1753/1753/1753
f 1054/1054/1054 953/953/953 943/943/943
f 1732/1732/1732 1744/1744/1744 1754/1754/1754
f 941/941/941 935/935/935 1053/1053/1053
f 1054/1054/1054 941/941/941 1053/1053/1053
f 943/943/943 941/941/941 1054/1054/1054
f 935/935/935 941/941/941 937/937/937
f 935/935/935 937/937/937 931/931/931
f 931/931/931 937/937/937 938/938/938
f 931/931/931 938/938/938 929/929/929
f 929/929/929 938/938/938 946/946/946
f 929/929/929 946/946/946 927/927/927
f 927/927/927 946/946/946 948/948/948
f 927/927/927 948/948/948 925/925/925
f 925/925/925 948/948/948 1039/1039/1039
f 1042/1042/1042 925/925/925 1039/1039/1039
f 934/934/934 925/925/925 1042/1042/1042
f 934/934/934 1040/1040/1040 951/951/951
f 934/934/934 1042/1042/1042 1040/1040/1040
f 2002/2002/2002 2028/2028/2028 1995/1995/1995
f 1995/1995/1995 2028/2028/2028 1988/1988/1988
f 1809/1809/1809 1799/1799/1799 1802/1802/1802
f 1802/1802/1802 1799/1799/1799 1801/1801/1801
f 3648/3648/3648 3673/3673/3673 3650/3650/3650
f 3650/3650/3650 3673/3673/3673 3653/3653/3653
f 3655/3655/3655 3653/3653/3653 3673/3673/3673
f 3655/3655/3655 3673/3673/3673 3679/3679/3679
f 1983/1983/1983 1984/1984/1984 1987/1987/1987
f 1983/1983/1983 1987/1987/1987 1989/1989/1989
f 1987/1987/1987 1986/1986/1986 1988/1988/1988
f 1987/1987/1987 1984/1984/1984 1986/1986/1986
f 1995/1995/1995 1988/1988/1988 1994/1994/1994
f 1994/1994/1994 1988/1988/1988 1986/1986/1986
f 2612/2612/2612 2614/2614/2614 2613/2613/2613
f 2614/2614/2614 2616/2616/2616 2613/2613/2613
f 3672/3672/3672 3655/3655/3655 3679/3679/3679
f 2608/2608/2608 2609/2609/2609 2612/2612/2612
f 2608/2608/2608 2612/2612/2612 2613/2613/2613
f 2607/2607/2607 2610/2610/2610 2609/2609/2609
f 2607/2607/2607 2609/2609/2609 2608/2608/2608
f 2618/2618/2618 2610/2610/2610 2607/2607/2607
f 1982/1982/1982 1985/1985/1985 1984/1984/1984
f 1982/1982/1982 1984/1984/1984 1983/1983/1983
f 146/146/146 150/150/150 155/155/155
f 150/150/150 156/156/156 155/155/155
f 1986/1986/1986 1984/1984/1984 1985/1985/1985
f 150/150/150 146/146/146 145/145/145
f 2612/2612/2612 2615/2615/2615 2614/2614/2614
f 2615/2615/2615 2612/2612/2612 2617/2617/2617
f 2617/2617/2617 2612/2612/2612 2609/2609/2609
f 2617/2617/2617 2609/2609/2609 2611/2611/2611
f 2611/2611/2611 2609/2609/2609 2610/2610/2610
f 2618/2618/2618 2678/2678/2678 2610/2610/2610
f 2678/2678/2678 2611/2611/2611 2610/2610/2610
f 2701/2701/2701 2702/2702/2702 2703/2703/2703
f 2601/2601/2601 2599/2599/2599 2600/2600/2600
f 2678/2678/2678 2599/2599/2599 2601/2601/2601
f 201/201/201 210/210/210 182/182/182
f 2599/2599/2599 2598/2598/2598 2600/2600/2600
f 182/182/182 206/206/206 176/176/176
f 210/210/210 206/206/206 182/182/182
f 176/176/176 203/203/203 173/173/173
f 206/206/206 203/203/203 176/176/176
f 203/203/203 204/204/204 199/199/199
f 170/170/170 203/203/203 199/199/199
f 173/173/173 203/203/203 170/170/170
f 168/168/168 163/163/163 170/170/170
f 168/168/168 170/170/170 199/199/199
f 165/165/165 159/159/159 163/163/163
f 165/165/165 163/163/163 168/168/168
f 159/159/159 165/165/165 136/136/136
f 134/134/134 159/159/159 136/136/136
f 157/157/157 159/159/159 134/134/134
f 162/162/162 157/157/157 156/156/156
f 157/157/157 133/133/133 156/156/156
f 157/157/157 134/134/134 133/133/133
f 156/156/156 133/133/133 155/155/155
f 204/204/204 200/200/200 199/199/199
f 199/199/199 200/200/200 168/168/168
f 168/168/168 200/200/200 169/169/169
f 168/168/168 169/169/169 165/165/165
f 165/165/165 169/169/169 166/166/166
f 165/165/165 166/166/166 136/136/136
f 3822/3822/3822 3823/3823/3823 3824/3824/3824
f 3822/3822/3822 3824/3824/3824 3825/3825/3825
f 3824/3824/3824 3826/3826/3826 3825/3825/3825
f 664/664/664 650/650/650 655/655/655
f 645/645/645 650/650/650 649/649/649
f 645/645/645 655/655/655 650/650/650
f 644/644/644 649/649/649 653/653/653
f 644/644/644 645/645/645 649/649/649
f 646/646/646 653/653/653 659/659/659
f 646/646/646 644/644/644 653/653/653
f 662/662/662 659/659/659 661/661/661
f 662/662/662 646/646/646 659/659/659
f 728/728/728 725/725/725 727/727/727
f 727/727/727 725/725/725 726/726/726
f 1666/1666/1666 1664/1664/1664 1670/1670/1670
f 3774/3774/3774 3770/3770/3770 3775/3775/3775
f 3775/3775/3775 3770/3770/3770 3776/3776/3776
f 3770/3770/3770 3774/3774/3774 3771/3771/3771
f 3774/3774/3774 3788/3788/3788 3771/3771/3771
f 3774/3774/3774 3781/3781/3781 3788/3788/3788
f 3820/3820/3820 3823/3823/3823 3822/3822/3822
f 3821/3821/3821 3820/3820/3820 3822/3822/3822
f 3819/3819/3819 3820/3820/3820 3821/3821/3821
f 3821/3821/3821 3822/3822/3822 3825/3825/3825
f 722/722/722 726/726/726 725/725/725
f 722/722/722 725/725/725 723/723/723
f 344/344/344 342/342/342 311/311/311
f 342/342/342 308/308/308 311/311/311
f 721/721/721 722/722/722 723/723/723
f 344/344/344 345/345/345 342/342/342
f 1667/1667/1667 1665/1665/1665 1666/1666/1666
f 1666/1666/1666 1665/1665/1665 1664/1664/1664
f 3770/3770/3770 3768/3768/3768 3769/3769/3769
f 1667/1667/1667 1691/1691/1691 1692/1692/1692
f 1666/1666/1666 1691/1691/1691 1667/1667/1667
f 3768/3768/3768 3770/3770/3770 3771/3771/3771
f 310/310/310 344/344/344 311/311/311
f 310/310/310 302/302/302 344/344/344
f 302/302/302 345/345/345 344/344/344
f 302/302/302 331/331/331 345/345/345
f 1668/1668/1668 1618/1618/1618 1667/1667/1667
f 1667/1667/1667 1618/1618/1618 1665/1665/1665
f 4268/4268/4268 4267/4267/4267 4146/4146/4146
f 1667/1667/1667 1669/1669/1669 1668/1668/1668
f 301/301/301 317/317/317 323/323/323
f 331/331/331 301/301/301 323/323/323
f 302/302/302 301/301/301 331/331/331
f 317/317/317 318/318/318 323/323/323
f 4287/4287/4287 4286/4286/4286 4254/4254/4254
f 4140/4140/4140 4141/4141/4141 4142/4142/4142
f 4140/4140/4140 4142/4142/4142 4286/4286/4286
f 4146/4146/4146 4140/4140/4140 4286/4286/4286
f 4287/4287/4287 4146/4146/4146 4286/4286/4286
f 4138/4138/4138 4141/4141/4141 4140/4140/4140
f 303/303/303 316/316/316 317/317/317
f 303/303/303 317/317/317 301/301/301
f 318/318/318 317/317/317 315/315/315
f 315/315/315 317/317/317 316/316/316
f 4141/4141/4141 4147/4147/4147 4142/4142/4142
f 4137/4137/4137 4148/4148/4148 4281/4281/4281
f 4137/4137/4137 4281/4281/4281 4147/4147/4147
f 4138/4138/4138 4137/4137/4137 4147/4147/4147
f 4141/4141/4141 4138/4138/4138 4147/4147/4147
f 4135/4135/4135 4148/4148/4148 4137/4137/4137
f 305/305/305 316/316/316 303/303/303
f 320/320/320 314/314/314 313/313/313
f 313/313/313 314/314/314 305/305/305
f 314/314/314 315/315/315 305/305/305
f 315/315/315 316/316/316 305/305/305
f 1499/1499/1499 1500/1500/1500 1501/1501/1501
f 1501/1501/1501 1500/1500/1500 1502/1502/1502
f 1341/1341/1341 1340/1340/1340 1339/1339/1339
f 4148/4148/4148 4252/4252/4252 4281/4281/4281
f 4135/4135/4135 4134/4134/4134 4148/4148/4148
f 4134/4134/4134 4252/4252/4252 4148/4148/4148
f 4134/4134/4134 4151/4151/4151 4252/4252/4252
f 1263/1263/1263 1277/1277/1277 1260/1260/1260
f 4134/4134/4134 4132/4132/4132 4151/4151/4151
f 1260/1260/1260 1278/1278/1278 1262/1262/1262
f 1277/1277/1277 1278/1278/1278 1260/1260/1260
f 1262/1262/1262 1275/1275/1275 1271/1271/1271
f 1278/1278/1278 1275/1275/1275 1262/1262/1262
f 1274/1274/1274 1271/1271/1271 1275/1275/1275
f 1274/1274/1274 1275/1275/1275 1280/1280/1280
f 321/321/321 322/322/322 320/320/320
f 321/321/321 320/320/320 313/313/313
f 4501/4501/4501 4631/4631/4631 4500/4500/4500
f 4631/4631/4631 4502/4502/4502 4500/4500/4500
f 1499/1499/1499 1501/1501/1501 1503/1503/1503
f 4631/4631/4631 4501/4501/4501 4506/4506/4506
f 4503/4503/4503 4493/4493/4493 4491/4491/4491
f 4743/4743/4743 4741/4741/4741 4742/4742/4742
f 4742/4742/4742 4741/4741/4741 4740/4740/4740
f 4743/4743/4743 4745/4745/4745 4741/4741/4741
f 1076/1076/1076 1080/1080/1080 1074/1074/1074
f 1074/1074/1074 1075/1075/1075 1076/1076/1076
f 4870/4870/4870 4871/4871/4871 4831/4831/4831
f 4871/4871/4871 4826/4826/4826 4831/4831/4831
f 1402/1402/1402 1378/1378/1378 1385/1385/1385
f 398/398/398 400/400/400 401/401/401
f 4869/4869/4869 4870/4870/4870 4831/4831/4831
f 398/398/398 399/399/399 400/400/400
f 362/362/362 358/358/358 364/364/364
f 322/322/322 321/321/321 364/364/364
f 358/358/358 322/322/322 364/364/364
f 353/353/353 322/322/322 358/358/358
f 4500/4500/4500 4502/4502/4502 4498/4498/4498
f 4502/4502/4502 4496/4496/4496 4498/4498/4498
f 322/322/322 353/353/353 350/350/350
f 4492/4492/4492 4495/4495/4495 4496/4496/4496
f 4496/4496/4496 4495/4495/4495 4498/4498/4498
f 4495/4495/4495 4492/4492/4492 4493/4493/4493
f 4492/4492/4492 4491/4491/4491 4493/4493/4493
f 4492/4492/4492 4490/4490/4490 4491/4491/4491
f 4742/4742/4742 4744/4744/4744 4743/4743/4743
f 4491/4491/4491 4490/4490/4490 4488/4488/4488
f 4745/4745/4745 4743/4743/4743 4746/4746/4746
f 4746/4746/4746 4743/4743/4743 4744/4744/4744
f 1086/1086/1086 1087/1087/1087 1083/1083/1083
f 1086/1086/1086 1083/1083/1083 1080/1080/1080
f 1080/1080/1080 1083/1083/1083 1074/1074/1074
f 1083/1083/1083 1081/1081/1081 1074/1074/1074
f 1081/1081/1081 1071/1071/1071 1074/1074/1074
f 1073/1073/1073 1075/1075/1075 1074/1074/1074
f 1071/1071/1071 1073/1073/1073 1074/1074/1074
f 1070/1070/1070 1073/1073/1073 1071/1071/1071
f 1420/1420/1420 1419/1419/1419 1416/1416/1416
f 1416/1416/1416 1419/1419/1419 1417/1417/1417
f 970/970/970 967/967/967 969/969/969
f 969/969/969 971/971/971 970/970/970
f 4826/4826/4826 4824/4824/4824 4831/4831/4831
f 4823/4823/4823 4822/4822/4822 4824/4824/4824
f 4822/4822/4822 4831/4831/4831 4824/4824/4824
f 4822/4822/4822 4869/4869/4869 4831/4831/4831
f 395/395/395 402/402/402 399/399/399
f 398/398/398 395/395/395 399/399/399
f 397/397/397 395/395/395 398/398/398
f 395/395/395 394/394/394 402/402/402
f 360/360/360 359/359/359 358/358/358
f 360/360/360 358/358/358 362/362/362
f 351/351/351 353/353/353 356/356/356
f 353/353/353 359/359/359 356/356/356
f 353/353/353 358/358/358 359/359/359
f 353/353/353 351/351/351 350/350/350
f 350/350/350 351/351/351 352/352/352
f 1089/1089/1089 1097/1097/1097 1100/1100/1100
f 1101/1101/1101 1089/1089/1089 1100/1100/1100
f 4492/4492/4492 4496/4496/4496 4497/4497/4497
f 352/352/352 357/357/357 350/350/350
f 1813/1813/1813 1812/1812/1812 1811/1811/1811
f 1814/1814/1814 1813/1813/1813 1811/1811/1811
f 1816/1816/1816 1813/1813/1813 1814/1814/1814
f 4490/4490/4490 4489/4489/4489 4488/4488/4488
f 1816/1816/1816 1814/1814/1814 1815/1815/1815
f 4485/4485/4485 4488/4488/4488 4487/4487/4487
f 4487/4487/4487 4488/4488/4488 4489/4489/4489
f 3686/3686/3686 3687/3687/3687 3684/3684/3684
f 3646/3646/3646 3675/3675/3675 3645/3645/3645
f 3684/3684/3684 3682/3682/3682 3685/3685/3685
f 3684/3684/3684 3685/3685/3685 3686/3686/3686
f 1423/1423/1423 1417/1417/1417 1419/1419/1419
f 1423/1423/1423 1419/1419/1419 1424/1424/1424
f 1426/1426/1426 1423/1423/1423 1427/1427/1427
f 1423/1423/1423 1428/1428/1428 1427/1427/1427
f 1423/1423/1423 1424/1424/1424 1428/1428/1428
f 1429/1429/1429 1427/1427/1427 1428/1428/1428
f 1728/1728/1728 1730/1730/1730 1726/1726/1726
f 1726/1726/1726 1730/1730/1730 1731/1731/1731
f 1716/1716/1716 1726/1726/1726 1719/1719/1719
f 1716/1716/1716 1728/1728/1728 1726/1726/1726
f 1715/1715/1715 1719/1719/1719 1720/1720/1720
f 1715/1715/1715 1716/1716/1716 1719/1719/1719
f 1717/1717/1717 1720/1720/1720 1721/1721/1721
f 1717/1717/1717 1715/1715/1715 1720/1720/1720
f 1718/1718/1718 1721/1721/1721 1727/1727/1727
f 1718/1718/1718 1717/1717/1717 1721/1721/1721
f 966/966/966 926/926/926 933/933/933
f 1725/1725/1725 1718/1718/1718 1727/1727/1727
f 950/950/950 969/969/969 967/967/967
f 966/966/966 950/950/950 967/967/967
f 933/933/933 950/950/950 966/966/966
f 1000/1000/1000 973/973/973 1002/1002/1002
f 1002/1002/1002 973/973/973 950/950/950
f 973/973/973 971/971/971 950/950/950
f 971/971/971 969/969/969 950/950/950
f 1001/1001/1001 999/999/999 1000/1000/1000
f 1000/1000/1000 999/999/999 973/973/973
f 2001/2001/2001 2004/2004/2004 2007/2007/2007
f 4823/4823/4823 4821/4821/4821 4822/4822/4822
f 4818/4818/4818 4819/4819/4819 4821/4821/4821
f 4819/4819/4819 4822/4822/4822 4821/4821/4821
f 396/396/396 395/395/395 397/397/397
f 363/363/363 361/361/361 394/394/394
f 395/395/395 363/363/363 394/394/394
f 396/396/396 363/363/363 395/395/395
f 359/359/359 360/360/360 361/361/361
f 363/363/363 359/359/359 361/361/361
f 366/366/366 359/359/359 363/363/363
f 356/356/356 359/359/359 365/365/365
f 365/365/365 359/359/359 366/366/366
f 1091/1091/1091 1092/1092/1092 1090/1090/1090
f 1089/1089/1089 1091/1091/1091 1090/1090/1090
f 1088/1088/1088 1089/1089/1089 1090/1090/1090
f 1097/1097/1097 1089/1089/1089 1088/1088/1088
f 1801/1801/1801 1804/1804/1804 1814/1814/1814
f 1801/1801/1801 1814/1814/1814 1811/1811/1811
f 1817/1817/1817 1815/1815/1815 1806/1806/1806
f 1815/1815/1815 1804/1804/1804 1806/1806/1806
f 1815/1815/1815 1814/1814/1814 1804/1804/1804
f 4489/4489/4489 4494/4494/4494 4487/4487/4487
f 3645/3645/3645 3644/3644/3644 3646/3646/3646
f 3682/3682/3682 3684/3684/3684 3683/3683/3683
f 3681/3681/3681 3682/3682/3682 3683/3683/3683
f 3648/3648/3648 3649/3649/3649 3640/3640/3640
f 532/532/532 537/537/537 536/536/536
f 532/532/532 536/536/536 535/535/535
f 1434/1434/1434 1431/1431/1431 1429/1429/1429
f 1431/1431/1431 1427/1427/1427 1429/1429/1429
f 553/553/553 536/536/536 537/537/537
f 1748/1748/1748 1749/1749/1749 1750/1750/1750
f 1750/1750/1750 1749/1749/1749 1751/1751/1751
f 1744/1744/1744 1745/1745/1745 1748/1748/1748
f 1748/1748/1748 1745/1745/1745 1749/1749/1749
f 1745/1745/1745 1744/1744/1744 1743/1743/1743
f 1744/1744/1744 1733/1733/1733 1743/1743/1743
f 1744/1744/1744 1732/1732/1732 1733/1733/1733
f 1732/1732/1732 1731/1731/1731 1730/1730/1730
f 1732/1732/1732 1730/1730/1730 1733/1733/1733
f 1995/1995/1995 1996/1996/1996 2000/2000/2000
f 1995/1995/1995 2000/2000/2000 2002/2002/2002
f 2000/2000/2000 1999/1999/1999 2001/2001/2001
f 2000/2000/2000 1996/1996/1996 1999/1999/1999
f 2004/2004/2004 2001/2001/2001 2003/2003/2003
f 2003/2003/2003 2001/2001/2001 1999/1999/1999
f 4818/4818/4818 4817/4817/4817 4819/4819/4819
f 4819/4819/4819 4817/4817/4817 4820/4820/4820
f 4820/4820/4820 4817/4817/4817 4868/4868/4868
f 4820/4820/4820 4868/4868/4868 4902/4902/4902
f 4902/4902/4902 4868/4868/4868 4894/4894/4894
f 366/366/366 368/368/368 365/365/365
f 1090/1090/1090 1092/1092/1092 1095/1095/1095
f 1095/1095/1095 1092/1092/1092 1096/1096/1096
f 1090/1090/1090 1095/1095/1095 1088/1088/1088
f 4610/4610/4610 4606/4606/4606 4611/4611/4611
f 1800/1800/1800 1799/1799/1799 1809/1809/1809
f 4610/4610/4610 4607/4607/4607 4606/4606/4606
f 1799/1799/1799 1800/1800/1800 1801/1801/1801
f 1800/1800/1800 1803/1803/1803 1801/1801/1801
f 1803/1803/1803 1804/1804/1804 1801/1801/1801
f 1803/1803/1803 1800/1800/1800 1808/1808/1808
f 1806/1806/1806 1804/1804/1804 1805/1805/1805
f 1805/1805/1805 1804/1804/1804 1803/1803/1803
f 3640/3640/3640 3647/3647/3647 3648/3648/3648
f 3648/3648/3648 3647/3647/3647 3673/3673/3673
f 2665/2665/2665 2619/2619/2619 2616/2616/2616
f 2670/2670/2670 2665/2665/2665 2616/2616/2616
f 2671/2671/2671 2665/2665/2665 2670/2670/2670
f 2661/2661/2661 2606/2606/2606 2619/2619/2619
f 2661/2661/2661 2619/2619/2619 2665/2665/2665
f 538/538/538 539/539/539 535/535/535
f 536/536/536 538/538/538 535/535/535
f 2605/2605/2605 2606/2606/2606 2604/2604/2604
f 2602/2602/2602 2604/2604/2604 2603/2603/2603
f 2605/2605/2605 2604/2604/2604 2602/2602/2602
f 2596/2596/2596 2603/2603/2603 2621/2621/2621
f 2602/2602/2602 2603/2603/2603 2596/2596/2596
f 2593/2593/2593 2621/2621/2621 2592/2592/2592
f 2596/2596/2596 2621/2621/2621 2593/2593/2593
f 2592/2592/2592 2590/2590/2590 2589/2589/2589
f 2592/2592/2592 2589/2589/2589 2593/2593/2593
f 1994/1994/1994 1997/1997/1997 1996/1996/1996
f 1994/1994/1994 1996/1996/1996 1995/1995/1995
f 1996/1996/1996 1998/1998/1998 1999/1999/1999
f 1996/1996/1996 1997/1997/1997 1998/1998/1998
f 2003/2003/2003 1999/1999/1999 2030/2030/2030
f 2030/2030/2030 1999/1999/1999 1998/1998/1998
f 4814/4814/4814 4806/4806/4806 4812/4812/4812
f 4812/4812/4812 4806/4806/4806 4811/4811/4811
f 4607/4607/4607 4610/4610/4610 4608/4608/4608
f 4608/4608/4608 4610/4610/4610 4612/4612/4612
f 1808/1808/1808 1807/1807/1807 1803/1803/1803
f 1803/1803/1803 1807/1807/1807 1805/1805/1805
f 2619/2619/2619 2613/2613/2613 2616/2616/2616
f 2613/2613/2613 2619/2619/2619 2608/2608/2608
f 2608/2608/2608 2619/2619/2619 2606/2606/2606
f 2608/2608/2608 2606/2606/2606 2607/2607/2607
f 2607/2607/2607 2606/2606/2606 2605/2605/2605
f 2607/2607/2607 2605/2605/2605 2618/2618/2618
f 2605/2605/2605 2625/2625/2625 2618/2618/2618
f 2605/2605/2605 2602/2602/2602 2625/2625/2625
f 2597/2597/2597 2602/2602/2602 2596/2596/2596
f 2625/2625/2625 2602/2602/2602 2597/2597/2597
f 2595/2595/2595 2596/2596/2596 2593/2593/2593
f 2597/2597/2597 2596/2596/2596 2595/2595/2595
f 2593/2593/2593 2589/2589/2589 2591/2591/2591
f 2593/2593/2593 2591/2591/2591 2595/2595/2595
f 13/13/13 14/14/14 15/15/15
f 144/144/144 145/145/145 146/146/146
f 147/147/147 144/144/144 146/146/146
f 148/148/148 144/144/144 147/147/147
f 152/152/152 149/149/149 151/151/151
f 149/149/149 148/148/148 151/151/151
f 149/149/149 144/144/144 148/148/148
f 149/149/149 152/152/152 154/154/154
f 4811/4811/4811 4813/4813/4813 4812/4812/4812
f 4612/4612/4612 4657/4657/4657 4608/4608/4608
f 2625/2625/2625 2678/2678/2678 2618/2618/2618
f 2678/2678/2678 2625/2625/2625 2599/2599/2599
f 2599/2599/2599 2625/2625/2625 2597/2597/2597
f 2599/2599/2599 2597/2597/2597 2598/2598/2598
f 2598/2598/2598 2597/2597/2597 2595/2595/2595
f 2591/2591/2591 2620/2620/2620 2595/2595/2595
f 2620/2620/2620 2598/2598/2598 2595/2595/2595
f 2620/2620/2620 2638/2638/2638 2598/2598/2598
f 206/206/206 209/209/209 203/203/203
f 2693/2693/2693 2695/2695/2695 2696/2696/2696
f 204/204/204 203/203/203 209/209/209
f 2674/2674/2674 2577/2577/2577 2582/2582/2582
f 136/136/136 135/135/135 134/134/134
f 134/134/134 135/135/135 132/132/132
f 130/130/130 134/134/134 132/132/132
f 133/133/133 134/134/134 130/130/130
f 155/155/155 133/133/133 147/147/147
f 133/133/133 129/129/129 147/147/147
f 133/133/133 130/130/130 129/129/129
f 147/147/147 129/129/129 148/148/148
f 148/148/148 129/129/129 153/153/153
f 148/148/148 153/153/153 151/151/151
f 2582/2582/2582 2662/2662/2662 2674/2674/2674
f 2674/2674/2674 2662/2662/2662 2663/2663/2663
f 200/200/200 208/208/208 169/169/169
f 2662/2662/2662 2627/2627/2627 2663/2663/2663
f 169/169/169 171/171/171 166/166/166
f 208/208/208 171/171/171 169/169/169
f 136/136/136 166/166/166 135/135/135
f 166/166/166 167/167/167 135/135/135
f 166/166/166 171/171/171 167/167/167
f 135/135/135 167/167/167 132/132/132
f 3794/3794/3794 3784/3784/3784 3787/3787/3787
f 3787/3787/3787 3784/3784/3784 3786/3786/3786
f 647/647/647 655/655/655 645/645/645
f 647/647/647 663/663/663 655/655/655
f 643/643/643 645/645/645 644/644/644
f 643/643/643 647/647/647 645/645/645
f 642/642/642 644/644/644 646/646/646
f 642/642/642 643/643/643 644/644/644
f 648/648/648 646/646/646 662/662/662
f 648/648/648 642/642/642 646/646/646
f 724/724/724 730/730/730 726/726/726
f 730/730/730 727/727/727 726/726/726
f 668/668/668 648/648/648 662/662/662
f 724/724/724 714/714/714 730/730/730
f 3765/3765/3765 3771/3771/3771 3788/3788/3788
f 3765/3765/3765 3788/3788/3788 3764/3764/3764
f 3788/3788/3788 3772/3772/3772 3764/3764/3764
f 3788/3788/3788 3785/3785/3785 3772/3772/3772
f 3785/3785/3785 3786/3786/3786 3784/3784/3784
f 3785/3785/3785 3784/3784/3784 3772/3772/3772
f 722/722/722 724/724/724 726/726/726
f 711/711/711 714/714/714 724/724/724
f 722/722/722 711/711/711 724/724/724
f 721/721/721 711/711/711 722/722/722
f 721/721/721 715/715/715 711/711/711
f 711/711/711 715/715/715 707/707/707
f 3767/3767/3767 3769/3769/3769 3768/3768/3768
f 3771/3771/3771 3765/3765/3765 3768/3768/3768
f 3765/3765/3765 3767/3767/3767 3768/3768/3768
f 3765/3765/3765 3766/3766/3766 3767/3767/3767
f 3765/3765/3765 3764/3764/3764 3763/3763/3763
f 3765/3765/3765 3763/3763/3763 3766/3766/3766
f 331/331/331 326/326/326 332/332/332
f 343/343/343 331/331/331 332/332/332
f 345/345/345 331/331/331 343/343/343
f 326/326/326 325/325/325 332/332/332
f 4139/4139/4139 4146/4146/4146 4144/4144/4144
f 4144/4144/4144 4146/4146/4146 4267/4267/4267
f 4143/4143/4143 4144/4144/4144 4145/4145/4145
f 4139/4139/4139 4144/4144/4144 4143/4143/4143
f 4307/4307/4307 4306/4306/4306 4305/4305/4305
f 4145/4145/4145 4152/4152/4152 4143/4143/4143
f 323/323/323 326/326/326 331/331/331
f 319/319/319 324/324/324 318/318/318
f 318/318/318 324/324/324 323/323/323
f 324/324/324 325/325/325 323/323/323
f 325/325/325 326/326/326 323/323/323
f 319/319/319 327/327/327 324/324/324
f 4139/4139/4139 4140/4140/4140 4146/4146/4146
f 4140/4140/4140 4139/4139/4139 4138/4138/4138
f 4139/4139/4139 4136/4136/4136 4138/4138/4138
f 4139/4139/4139 4143/4143/4143 4136/4136/4136
f 4300/4300/4300 4301/4301/4301 4302/4302/4302
f 4303/4303/4303 4300/4300/4300 4302/4302/4302
f 4298/4298/4298 4299/4299/4299 4295/4295/4295
f 16/16/16 17/17/17 18/18/18
f 315/315/315 329/329/329 319/319/319
f 315/315/315 319/319/319 318/318/318
f 327/327/327 319/319/319 328/328/328
f 328/328/328 319/319/319 329/329/329
f 4136/4136/4136 4137/4137/4137 4138/4138/4138
f 4137/4137/4137 4136/4136/4136 4135/4135/4135
f 4136/4136/4136 4133/4133/4133 4135/4135/4135
f 4298/4298/4298 4295/4295/4295 4297/4297/4297
f 4295/4295/4295 4292/4292/4292 4294/4294/4294
f 4296/4296/4296 4295/4295/4295 4294/4294/4294
f 4297/4297/4297 4295/4295/4295 4296/4296/4296
f 4126/4126/4126 4131/4131/4131 4129/4129/4129
f 314/314/314 329/329/329 315/315/315
f 330/330/330 328/328/328 329/329/329
f 314/314/314 330/330/330 329/329/329
f 1367/1367/1367 1368/1368/1368 1369/1369/1369
f 4504/4504/4504 4507/4507/4507 4506/4506/4506
f 1338/1338/1338 1339/1339/1339 1340/1340/1340
f 1370/1370/1370 1368/1368/1368 1367/1367/1367
f 4662/4662/4662 4509/4509/4509 4504/4504/4504
f 4504/4504/4504 4509/4509/4509 4507/4507/4507
f 4738/4738/4738 4736/4736/4736 4735/4735/4735
f 4735/4735/4735 4736/4736/4736 4737/4737/4737
f 4583/4583/4583 4582/4582/4582 4629/4629/4629
f 4133/4133/4133 4134/4134/4134 4135/4135/4135
f 4134/4134/4134 4133/4133/4133 4132/4132/4132
f 4132/4132/4132 4133/4133/4133 4131/4131/4131
f 4126/4126/4126 4127/4127/4127 4131/4131/4131
f 4127/4127/4127 4132/4132/4132 4131/4131/4131
f 4127/4127/4127 4149/4149/4149 4132/4132/4132
f 1376/1376/1376 1371/1371/1371 1375/1375/1375
f 1379/1379/1379 1376/1376/1376 1375/1375/1375
f 4149/4149/4149 4127/4127/4127 4150/4150/4150
f 1375/1375/1375 1378/1378/1378 1379/1379/1379
f 4500/4500/4500 4499/4499/4499 4501/4501/4501
f 4504/4504/4504 4506/4506/4506 4501/4501/4501
f 4499/4499/4499 4504/4504/4504 4501/4501/4501
f 4508/4508/4508 4504/4504/4504 4499/4499/4499
f 4508/4508/4508 4493/4493/4493 4503/4503/4503
f 4662/4662/4662 4508/4508/4508 4503/4503/4503
f 4504/4504/4504 4508/4508/4508 4662/4662/4662
f 4739/4739/4739 4740/4740/4740 4741/4741/4741
f 4662/4662/4662 4484/4484/4484 4583/4583/4583
f 4482/4482/4482 4481/4481/4481 4483/4483/4483
f 4483/4483/4483 4481/4481/4481 4484/4484/4484
f 4481/4481/4481 4582/4582/4582 4484/4484/4484
f 4582/4582/4582 4583/4583/4583 4484/4484/4484
f 4519/4519/4519 4468/4468/4468 4482/4482/4482
f 4482/4482/4482 4468/4468/4468 4481/4481/4481
f 4689/4689/4689 4690/4690/4690 4691/4691/4691
f 3632/3632/3632 3628/3628/3628 3634/3634/3634
f 3634/3634/3634 3628/3628/3628 3635/3635/3635
f 1415/1415/1415 1413/1413/1413 1414/1414/1414
f 1414/1414/1414 1413/1413/1413 1412/1412/1412
f 1371/1371/1371 1374/1374/1374 1375/1375/1375
f 1378/1378/1378 1375/1375/1375 1374/1374/1374
f 1377/1377/1377 1378/1378/1378 1374/1374/1374
f 1385/1385/1385 1378/1378/1378 1377/1377/1377
f 4498/4498/4498 4499/4499/4499 4500/4500/4500
f 4499/4499/4499 4498/4498/4498 4495/4495/4495
f 4499/4499/4499 4495/4495/4495 4508/4508/4508
f 4508/4508/4508 4495/4495/4495 4493/4493/4493
f 4485/4485/4485 4486/4486/4486 4482/4482/4482
f 4485/4485/4485 4482/4482/4482 4483/4483/4483
f 4482/4482/4482 4518/4518/4518 4519/4519/4519
f 4482/4482/4482 4486/4486/4486 4518/4518/4518
f 4690/4690/4690 4689/4689/4689 4687/4687/4687
f 4689/4689/4689 4688/4688/4688 4687/4687/4687
f 4519/4519/4519 4518/4518/4518 4614/4614/4614
f 4688/4688/4688 4686/4686/4686 4687/4687/4687
f 3629/3629/3629 3633/3633/3633 3627/3627/3627
f 3627/3627/3627 3633/3633/3633 3675/3675/3675
f 3627/3627/3627 3635/3635/3635 3628/3628/3628
f 3627/3627/3627 3628/3628/3628 3629/3629/3629
f 1411/1411/1411 1412/1412/1412 1413/1413/1413
f 1411/1411/1411 1413/1413/1413 1416/1416/1416
f 1416/1416/1416 1417/1417/1417 1411/1411/1411
f 1411/1411/1411 1417/1417/1417 1418/1418/1418
f 885/885/885 887/887/887 905/905/905
f 968/968/968 889/889/889 905/905/905
f 905/905/905 889/889/889 885/885/885
f 967/967/967 970/970/970 968/968/968
f 970/970/970 889/889/889 968/968/968
f 970/970/970 896/896/896 889/889/889
f 974/974/974 972/972/972 971/971/971
f 972/972/972 970/970/970 971/971/971
f 972/972/972 896/896/896 970/970/970
f 976/976/976 975/975/975 974/974/974
f 974/974/974 975/975/975 972/972/972
f 978/978/978 977/977/977 976/976/976
f 976/976/976 977/977/977 975/975/975
f 980/980/980 979/979/979 978/978/978
f 978/978/978 979/979/979 977/977/977
f 1023/1023/1023 1022/1022/1022 980/980/980
f 980/980/980 1022/1022/1022 979/979/979
f 1023/1023/1023 1024/1024/1024 1022/1022/1022
f 4824/4824/4824 4826/4826/4826 4825/4825/4825
f 4826/4826/4826 4827/4827/4827 4825/4825/4825
f 1385/1385/1385 1377/1377/1377 1382/1382/1382
f 4825/4825/4825 4823/4823/4823 4824/4824/4824
f 356/356/356 355/355/355 351/351/351
f 354/354/354 352/352/352 351/351/351
f 354/354/354 351/351/351 355/355/355
f 354/354/354 357/357/357 352/352/352
f 4487/4487/4487 4505/4505/4505 4486/4486/4486
f 4487/4487/4487 4486/4486/4486 4485/4485/4485
f 4486/4486/4486 4630/4630/4630 4518/4518/4518
f 4486/4486/4486 4505/4505/4505 4630/4630/4630
f 4752/4752/4752 4753/4753/4753 4754/4754/4754
f 4752/4752/4752 4755/4755/4755 4753/4753/4753
f 4574/4574/4574 4614/4614/4614 4571/4571/4571
f 4571/4571/4571 4614/4614/4614 4572/4572/4572
f 3643/3643/3643 3645/3645/3645 3676/3676/3676
f 3695/3695/3695 3697/3697/3697 3698/3698/3698
f 3695/3695/3695 3696/3696/3696 3697/3697/3697
f 19/19/19 20/20/20 21/21/21
f 1417/1417/1417 1423/1423/1423 1425/1425/1425
f 1436/1436/1436 1417/1417/1417 1425/1425/1425
f 1418/1418/1418 1417/1417/1417 1436/1436/1436
f 1426/1426/1426 1425/1425/1425 1423/1423/1423
f 1736/1736/1736 1730/1730/1730 1728/1728/1728
f 1736/1736/1736 1728/1728/1728 1734/1734/1734
f 1728/1728/1728 1729/1729/1729 1734/1734/1734
f 1728/1728/1728 1716/1716/1716 1729/1729/1729
f 1712/1712/1712 1716/1716/1716 1715/1715/1715
f 1712/1712/1712 1729/1729/1729 1716/1716/1716
f 1713/1713/1713 1715/1715/1715 1717/1717/1717
f 1713/1713/1713 1712/1712/1712 1715/1715/1715
f 1718/1718/1718 1724/1724/1724 1722/1722/1722
f 1713/1713/1713 1718/1718/1718 1722/1722/1722
f 1717/1717/1717 1718/1718/1718 1713/1713/1713
f 1724/1724/1724 1718/1718/1718 1725/1725/1725
f 905/905/905 966/966/966 968/968/968
f 968/968/968 966/966/966 967/967/967
f 973/973/973 974/974/974 971/971/971
f 974/974/974 973/973/973 999/999/999
f 974/974/974 999/999/999 976/976/976
f 2006/2006/2006 2007/2007/2007 2004/2004/2004
f 2005/2005/2005 2006/2006/2006 2004/2004/2004
f 2008/2008/2008 2006/2006/2006 2005/2005/2005
f 2008/2008/2008 2009/2009/2009 2010/2010/2010
f 2008/2008/2008 2005/2005/2005 2009/2009/2009
f 2010/2010/2010 2011/2011/2011 2012/2012/2012
f 2010/2010/2010 2009/2009/2009 2011/2011/2011
f 2014/2014/2014 2012/2012/2012 2013/2013/2013
f 2013/2013/2013 2012/2012/2012 2011/2011/2011
f 4825/4825/4825 4827/4827/4827 4828/4828/4828
f 4828/4828/4828 4827/4827/4827 4829/4829/4829
f 4832/4832/4832 4821/4821/4821 4823/4823/4823
f 4825/4825/4825 4832/4832/4832 4823/4823/4823
f 4828/4828/4828 4832/4832/4832 4825/4825/4825
f 4832/4832/4832 4818/4818/4818 4821/4821/4821
f 365/365/365 367/367/367 355/355/355
f 365/365/365 355/355/355 356/356/356
f 1094/1094/1094 1092/1092/1092 1091/1091/1091
f 1093/1093/1093 1094/1094/1094 1091/1091/1091
f 355/355/355 367/367/367 354/354/354
f 1093/1093/1093 1091/1091/1091 1089/1089/1089
f 4593/4593/4593 4592/4592/4592 4494/4494/4494
f 4505/4505/4505 4487/4487/4487 4494/4494/4494
f 4592/4592/4592 4505/4505/4505 4494/4494/4494
f 4594/4594/4594 4505/4505/4505 4592/4592/4592
f 4505/4505/4505 4613/4613/4613 4630/4630/4630
f 4505/4505/4505 4594/4594/4594 4613/4613/4613
f 4630/4630/4630 4576/4576/4576 4572/4572/4572
f 4716/4716/4716 4715/4715/4715 4712/4712/4712
f 4571/4571/4571 4572/4572/4572 4568/4568/4568
f 4568/4568/4568 4572/4572/4572 4576/4576/4576
f 3643/3643/3643 3644/3644/3644 3645/3645/3645
f 3640/3640/3640 3644/3644/3644 3643/3643/3643
f 3638/3638/3638 3640/3640/3640 3643/3643/3643
f 3639/3639/3639 3640/3640/3640 3638/3638/3638
f 2668/2668/2668 2669/2669/2669 2666/2666/2666
f 540/540/540 542/542/542 541/541/541
f 534/534/534 540/540/540 541/541/541
f 533/533/533 540/540/540 534/534/534
f 535/535/535 533/533/533 532/532/532
f 532/532/532 533/533/533 534/534/534
f 1742/1742/1742 1743/1743/1743 1733/1733/1733
f 1741/1741/1741 1742/1742/1742 1733/1733/1733
f 1741/1741/1741 1733/1733/1733 1730/1730/1730
f 1746/1746/1746 1741/1741/1741 1730/1730/1730
f 1736/1736/1736 1746/1746/1746 1730/1730/1730
f 1746/1746/1746 1736/1736/1736 1734/1734/1734
f 2405/2405/2405 2362/2362/2362 2399/2399/2399
f 2003/2003/2003 2005/2005/2005 2004/2004/2004
f 2399/2399/2399 2365/2365/2365 2378/2378/2378
f 2399/2399/2399 2362/2362/2362 2365/2365/2365
f 2372/2372/2372 2368/2368/2368 2367/2367/2367
f 2368/2368/2368 2365/2365/2365 2367/2367/2367
f 2368/2368/2368 2378/2378/2378 2365/2365/2365
f 2368/2368/2368 2372/2372/2372 2373/2373/2373
f 4829/4829/4829 4830/4830/4830 4828/4828/4828
f 4828/4828/4828 4830/4830/4830 4832/4832/4832
f 4937/4937/4937 4934/4934/4934 4936/4936/4936
f 4832/4832/4832 4788/4788/4788 4818/4818/4818
f 4788/4788/4788 4817/4817/4817 4818/4818/4818
f 4788/4788/4788 4816/4816/4816 4817/4817/4817
f 4816/4816/4816 4807/4807/4807 4808/4808/4808
f 4868/4868/4868 4816/4816/4816 4808/4808/4808
f 4817/4817/4817 4816/4816/4816 4868/4868/4868
f 4809/4809/4809 4894/4894/4894 4868/4868/4868
f 4809/4809/4809 4868/4868/4868 4808/4808/4808
f 367/367/367 365/365/365 368/368/368
f 4809/4809/4809 4888/4888/4888 4894/4894/4894
f 4873/4873/4873 4888/4888/4888 4809/4809/4809
f 4950/4950/4950 4953/4953/4953 4951/4951/4951
f 4950/4950/4950 4951/4951/4951 4952/4952/4952
f 4607/4607/4607 4605/4605/4605 4606/4606/4606
f 4605/4605/4605 4604/4604/4604 4606/4606/4606
f 4756/4756/4756 4757/4757/4757 4758/4758/4758
f 4756/4756/4756 4758/4758/4758 4759/4759/4759
f 4597/4597/4597 4594/4594/4594 4596/4596/4596
f 4594/4594/4594 4595/4595/4595 4596/4596/4596
f 4594/4594/4594 4592/4592/4592 4595/4595/4595
f 4594/4594/4594 4597/4597/4597 4613/4613/4613
f 4705/4705/4705 4704/4704/4704 4702/4702/4702
f 4715/4715/4715 4713/4713/4713 4712/4712/4712
f 4712/4712/4712 4713/4713/4713 4714/4714/4714
f 4576/4576/4576 4638/4638/4638 4568/4568/4568
f 3639/3639/3639 3642/3642/3642 3640/3640/3640
f 3640/3640/3640 3642/3642/3642 3647/3647/3647
f 2666/2666/2666 2665/2665/2665 2668/2668/2668
f 552/552/552 551/551/551 550/550/550
f 552/552/552 554/554/554 551/551/551
f 2665/2665/2665 2666/2666/2666 2661/2661/2661
f 2661/2661/2661 2666/2666/2666 2667/2667/2667
f 539/539/539 533/533/533 535/535/535
f 2584/2584/2584 2589/2589/2589 2586/2586/2586
f 2586/2586/2586 2589/2589/2589 2590/2590/2590
f 2586/2586/2586 2587/2587/2587 2583/2583/2583
f 2586/2586/2586 2583/2583/2583 2584/2584/2584
f 2361/2361/2361 2360/2360/2360 2362/2362/2362
f 2361/2361/2361 2362/2362/2362 2405/2405/2405
f 2366/2366/2366 2365/2365/2365 2364/2364/2364
f 2365/2365/2365 2360/2360/2360 2364/2364/2364
f 2365/2365/2365 2362/2362/2362 2360/2360/2360
f 2365/2365/2365 2366/2366/2366 2367/2367/2367
f 4807/4807/4807 4790/4790/4790 4808/4808/4808
f 4808/4808/4808 4790/4790/4790 4809/4809/4809
f 4809/4809/4809 4790/4790/4790 4802/4802/4802
f 4809/4809/4809 4802/4802/4802 4873/4873/4873
f 4873/4873/4873 4802/4802/4802 4804/4804/4804
f 4806/4806/4806 4873/4873/4873 4804/4804/4804
f 4805/4805/4805 4806/4806/4806 4804/4804/4804
f 4811/4811/4811 4806/4806/4806 4805/4805/4805
f 4608/4608/4608 4609/4609/4609 4605/4605/4605
f 4608/4608/4608 4605/4605/4605 4607/4607/4607
f 4600/4600/4600 4601/4601/4601 4604/4604/4604
f 4605/4605/4605 4600/4600/4600 4604/4604/4604
f 4609/4609/4609 4600/4600/4600 4605/4605/4605
f 4757/4757/4757 4756/4756/4756 4760/4760/4760
f 4600/4600/4600 4595/4595/4595 4601/4601/4601
f 4599/4599/4599 4595/4595/4595 4600/4600/4600
f 4596/4596/4596 4595/4595/4595 4598/4598/4598
f 4598/4598/4598 4595/4595/4595 4599/4599/4599
f 2679/2679/2679 2591/2591/2591 2584/2584/2584
f 2584/2584/2584 2591/2591/2591 2589/2589/2589
f 2584/2584/2584 2583/2583/2583 2580/2580/2580
f 2588/2588/2588 2584/2584/2584 2580/2580/2580
f 2679/2679/2679 2584/2584/2584 2588/2588/2588
f 2576/2576/2576 2588/2588/2588 2580/2580/2580
f 151/151/151 158/158/158 152/152/152
f 158/158/158 139/139/139 152/152/152
f 152/152/152 139/139/139 154/154/154
f 2363/2363/2363 2359/2359/2359 2361/2361/2361
f 2359/2359/2359 2360/2360/2360 2361/2361/2361
f 2360/2360/2360 2359/2359/2359 2364/2364/2364
f 4805/4805/4805 4815/4815/4815 4811/4811/4811
f 4811/4811/4811 4815/4815/4815 4813/4813/4813
f 4608/4608/4608 4657/4657/4657 4609/4609/4609
f 4813/4813/4813 4874/4874/4874 4904/4904/4904
f 4813/4813/4813 4815/4815/4815 4874/4874/4874
f 4942/4942/4942 4944/4944/4944 4943/4943/4943
f 4944/4944/4944 4945/4945/4945 4943/4943/4943
f 4885/4885/4885 4896/4896/4896 4904/4904/4904
f 4884/4884/4884 4895/4895/4895 4887/4887/4887
f 4895/4895/4895 4885/4885/4885 4887/4887/4887
f 4895/4895/4895 4896/4896/4896 4885/4885/4885
f 4599/4599/4599 4602/4602/4602 4598/4598/4598
f 2679/2679/2679 2620/2620/2620 2591/2591/2591
f 2693/2693/2693 2694/2694/2694 2695/2695/2695
f 2577/2577/2577 2679/2679/2679 2588/2588/2588
f 2575/2575/2575 2578/2578/2578 2582/2582/2582
f 2575/2575/2575 2582/2582/2582 2577/2577/2577
f 2576/2576/2576 2575/2575/2575 2577/2577/2577
f 2588/2588/2588 2576/2576/2576 2577/2577/2577
f 2573/2573/2573 2585/2585/2585 2578/2578/2578
f 2573/2573/2573 2578/2578/2578 2575/2575/2575
f 2545/2545/2545 2654/2654/2654 2585/2585/2585
f 2545/2545/2545 2585/2585/2585 2573/2573/2573
f 2547/2547/2547 2654/2654/2654 2545/2545/2545
f 132/132/132 131/131/131 130/130/130
f 130/130/130 131/131/131 126/126/126
f 120/120/120 130/130/130 126/126/126
f 129/129/129 130/130/130 120/120/120
f 129/129/129 122/122/122 153/153/153
f 120/120/120 122/122/122 129/129/129
f 151/151/151 153/153/153 158/158/158
f 153/153/153 137/137/137 158/158/158
f 153/153/153 122/122/122 137/137/137
f 158/158/158 137/137/137 139/139/139
f 4875/4875/4875 4876/4876/4876 4885/4885/4885
f 4885/4885/4885 4876/4876/4876 4887/4887/4887
f 2578/2578/2578 2662/2662/2662 2582/2582/2582
f 2662/2662/2662 2578/2578/2578 2627/2627/2627
f 2627/2627/2627 2578/2578/2578 2585/2585/2585
f 2627/2627/2627 2585/2585/2585 2628/2628/2628
f 2628/2628/2628 2585/2585/2585 2654/2654/2654
f 2547/2547/2547 2633/2633/2633 2654/2654/2654
f 2697/2697/2697 2698/2698/2698 2699/2699/2699
f 2697/2697/2697 2700/2700/2700 2698/2698/2698
f 132/132/132 167/167/167 131/131/131
f 167/167/167 140/140/140 131/131/131
f 2635/2635/2635 2633/2633/2633 2634/2634/2634
f 131/131/131 140/140/140 126/126/126
f 3762/3762/3762 3784/3784/3784 3794/3794/3794
f 3795/3795/3795 3773/3773/3773 3794/3794/3794
f 3794/3794/3794 3773/3773/3773 3762/3762/3762
f 3773/3773/3773 3795/3795/3795 3797/3797/3797
f 3827/3827/3827 3828/3828/3828 3829/3829/3829
f 647/647/647 643/643/643 658/658/658
f 657/657/657 643/643/643 642/642/642
f 657/657/657 658/658/658 643/643/643
f 656/656/656 642/642/642 648/648/648
f 656/656/656 657/657/657 642/642/642
f 669/669/669 648/648/648 668/668/668
f 669/669/669 656/656/656 648/648/648
f 730/730/730 714/714/714 729/729/729
f 729/729/729 714/714/714 713/713/713
f 453/453/453 415/415/415 414/414/414
f 433/433/433 460/460/460 414/414/414
f 414/414/414 460/460/460 453/453/453
f 4649/4649/4649 4650/4650/4650 4651/4651/4651
f 4651/4651/4651 4650/4650/4650 4653/4653/4653
f 4647/4647/4647 4648/4648/4648 4649/4649/4649
f 4649/4649/4649 4648/4648/4648 4650/4650/4650
f 4647/4647/4647 4646/4646/4646 4648/4648/4648
f 3761/3761/3761 3764/3764/3764 3772/3772/3772
f 3784/3784/3784 3762/3762/3762 3772/3772/3772
f 3762/3762/3762 3761/3761/3761 3772/3772/3772
f 3762/3762/3762 3757/3757/3757 3761/3761/3761
f 3773/3773/3773 3753/3753/3753 3754/3754/3754
f 3757/3757/3757 3773/3773/3773 3754/3754/3754
f 3762/3762/3762 3773/3773/3773 3757/3757/3757
f 3753/3753/3753 3773/3773/3773 3797/3797/3797
f 710/710/710 713/713/713 714/714/714
f 710/710/710 714/714/714 711/711/711
f 711/711/711 707/707/707 710/710/710
f 710/710/710 707/707/707 705/705/705
f 415/415/415 406/406/406 414/414/414
f 403/403/403 409/409/409 406/406/406
f 409/409/409 414/414/414 406/406/406
f 409/409/409 433/433/433 414/414/414
f 4651/4651/4651 4652/4652/4652 4649/4649/4649
f 433/433/433 409/409/409 432/432/432
f 4649/4649/4649 4654/4654/4654 4647/4647/4647
f 4649/4649/4649 4652/4652/4652 4654/4654/4654
f 4646/4646/4646 4647/4647/4647 4645/4645/4645
f 4647/4647/4647 4658/4658/4658 4645/4645/4645
f 4647/4647/4647 4654/4654/4654 4658/4658/4658
f 4658/4658/4658 4643/4643/4643 4645/4645/4645
f 3760/3760/3760 3763/3763/3763 3761/3761/3761
f 3761/3761/3761 3763/3763/3763 3764/3764/3764
f 3757/3757/3757 3756/3756/3756 3759/3759/3759
f 3760/3760/3760 3757/3757/3757 3759/3759/3759
f 3761/3761/3761 3757/3757/3757 3760/3760/3760
f 3756/3756/3756 3757/3757/3757 3754/3754/3754
f 689/689/689 705/705/705 707/707/707
f 689/689/689 707/707/707 708/708/708
f 708/708/708 716/716/716 689/689/689
f 689/689/689 716/716/716 717/717/717
f 403/403/403 405/405/405 409/409/409
f 411/411/411 410/410/410 405/405/405
f 410/410/410 409/409/409 405/405/405
f 410/410/410 432/432/432 409/409/409
f 4652/4652/4652 4659/4659/4659 4654/4654/4654
f 432/432/432 410/410/410 426/426/426
f 4692/4692/4692 4694/4694/4694 4695/4695/4695
f 4692/4692/4692 4693/4693/4693 4694/4694/4694
f 4643/4643/4643 4658/4658/4658 4641/4641/4641
f 4641/4641/4641 4658/4658/4658 4462/4462/4462
f 4120/4120/4120 4152/4152/4152 4119/4119/4119
f 4304/4304/4304 4305/4305/4305 4306/4306/4306
f 4119/4119/4119 4118/4118/4118 4116/4116/4116
f 4119/4119/4119 4116/4116/4116 4120/4120/4120
f 718/718/718 717/717/717 716/716/716
f 718/718/718 716/716/716 731/731/731
f 731/731/731 732/732/732 718/718/718
f 718/718/718 732/732/732 733/733/733
f 411/411/411 412/412/412 410/410/410
f 1710/1710/1710 1711/1711/1711 1707/1707/1707
f 413/413/413 410/410/410 412/412/412
f 413/413/413 426/426/426 410/410/410
f 4659/4659/4659 4459/4459/4459 4462/4462/4462
f 426/426/426 413/413/413 427/427/427
f 4641/4641/4641 4462/4462/4462 4456/4456/4456
f 4462/4462/4462 4453/4453/4453 4456/4456/4456
f 4462/4462/4462 4459/4459/4459 4453/4453/4453
f 4453/4453/4453 4455/4455/4455 4456/4456/4456
f 4120/4120/4120 4122/4122/4122 4152/4152/4152
f 4290/4290/4290 4291/4291/4291 4292/4292/4292
f 4290/4290/4290 4292/4292/4292 4293/4293/4293
f 4116/4116/4116 4114/4114/4114 4122/4122/4122
f 4120/4120/4120 4116/4116/4116 4122/4122/4122
f 4113/4113/4113 4124/4124/4124 4123/4123/4123
f 4113/4113/4113 4123/4123/4123 4114/4114/4114
f 22/22/22 23/23/23 24/24/24
f 4515/4515/4515 4511/4511/4511 4514/4514/4514
f 346/346/346 328/328/328 347/347/347
f 327/327/327 328/328/328 346/346/346
f 4510/4510/4510 4512/4512/4512 4511/4511/4511
f 4511/4511/4511 4512/4512/4512 4514/4514/4514
f 4517/4517/4517 4513/4513/4513 4510/4510/4510
f 4510/4510/4510 4513/4513/4513 4512/4512/4512
f 4731/4731/4731 4732/4732/4732 4733/4733/4733
f 4517/4517/4517 4579/4579/4579 4513/4513/4513
f 4475/4475/4475 4478/4478/4478 4480/4480/4480
f 4480/4480/4480 4478/4478/4478 4579/4579/4579
f 4475/4475/4475 4477/4477/4477 4478/4478/4478
f 413/413/413 429/429/429 428/428/428
f 428/428/428 429/429/429 430/430/430
f 4458/4458/4458 4459/4459/4459 4460/4460/4460
f 4459/4459/4459 4464/4464/4464 4460/4460/4460
f 427/427/427 413/413/413 428/428/428
f 4459/4459/4459 4458/4458/4458 4453/4453/4453
f 4453/4453/4453 4458/4458/4458 4454/4454/4454
f 4453/4453/4453 4454/4454/4454 4455/4455/4455
f 4291/4291/4291 4294/4294/4294 4292/4292/4292
f 4129/4129/4129 4123/4123/4123 4126/4126/4126
f 4123/4123/4123 4125/4125/4125 4126/4126/4126
f 4123/4123/4123 4124/4124/4124 4125/4125/4125
f 1400/1400/1400 1395/1395/1395 1384/1384/1384
f 1400/1400/1400 1384/1384/1384 1399/1399/1399
f 4516/4516/4516 4511/4511/4511 4515/4515/4515
f 4511/4511/4511 4516/4516/4516 4507/4507/4507
f 4511/4511/4511 4507/4507/4507 4510/4510/4510
f 4510/4510/4510 4507/4507/4507 4509/4509/4509
f 4510/4510/4510 4509/4509/4509 4517/4517/4517
f 4517/4517/4517 4509/4509/4509 4629/4629/4629
f 4733/4733/4733 4734/4734/4734 4731/4731/4731
f 4480/4480/4480 4629/4629/4629 4582/4582/4582
f 4474/4474/4474 4480/4480/4480 4582/4582/4582
f 4475/4475/4475 4480/4480/4480 4474/4474/4474
f 4477/4477/4477 4475/4475/4475 4476/4476/4476
f 4475/4475/4475 4466/4466/4466 4476/4476/4476
f 4475/4475/4475 4474/4474/4474 4466/4466/4466
f 4467/4467/4467 4465/4465/4465 4466/4466/4466
f 4465/4465/4465 4464/4464/4464 4466/4466/4466
f 4747/4747/4747 4748/4748/4748 4749/4749/4749
f 430/430/430 461/461/461 428/428/428
f 4464/4464/4464 4465/4465/4465 4460/4460/4460
f 4125/4125/4125 4127/4127/4127 4126/4126/4126
f 4128/4128/4128 4127/4127/4127 4125/4125/4125
f 1384/1384/1384 1371/1371/1371 1399/1399/1399
f 1380/1380/1380 1371/1371/1371 1384/1384/1384
f 4481/4481/4481 4474/4474/4474 4582/4582/4582
f 4474/4474/4474 4481/4481/4481 4468/4468/4468
f 4474/4474/4474 4468/4468/4468 4466/4466/4466
f 4682/4682/4682 4684/4684/4684 4690/4690/4690
f 4690/4690/4690 4684/4684/4684 4691/4691/4691
f 4521/4521/4521 4467/4467/4467 4468/4468/4468
f 4467/4467/4467 4466/4466/4466 4468/4468/4468
f 4678/4678/4678 4683/4683/4683 4682/4682/4682
f 4682/4682/4682 4683/4683/4683 4684/4684/4684
f 4671/4671/4671 4669/4669/4669 4678/4678/4678
f 4636/4636/4636 4635/4635/4635 4634/4634/4634
f 4671/4671/4671 4670/4670/4670 4669/4669/4669
f 3630/3630/3630 3628/3628/3628 3632/3632/3632
f 1412/1412/1412 1421/1421/1421 1414/1414/1414
f 891/891/891 890/890/890 897/897/897
f 996/996/996 895/895/895 897/897/897
f 897/897/897 895/895/895 891/891/891
f 981/981/981 900/900/900 996/996/996
f 996/996/996 900/900/900 895/895/895
f 982/982/982 903/903/903 981/981/981
f 981/981/981 903/903/903 900/900/900
f 984/984/984 983/983/983 982/982/982
f 982/982/982 983/983/983 903/903/903
f 986/986/986 985/985/985 984/984/984
f 984/984/984 985/985/985 983/983/983
f 989/989/989 988/988/988 986/986/986
f 986/986/986 988/988/988 985/985/985
f 991/991/991 990/990/990 989/989/989
f 989/989/989 990/990/990 988/988/988
f 993/993/993 992/992/992 991/991/991
f 991/991/991 992/992/992 990/990/990
f 993/993/993 1011/1011/1011 992/992/992
f 1374/1374/1374 1371/1371/1371 1373/1373/1373
f 1371/1371/1371 1372/1372/1372 1373/1373/1373
f 1371/1371/1371 1380/1380/1380 1372/1372/1372
f 1373/1373/1373 1377/1377/1377 1374/1374/1374
f 4687/4687/4687 4682/4682/4682 4690/4690/4690
f 4682/4682/4682 4687/4687/4687 4686/4686/4686
f 4681/4681/4681 4682/4682/4682 4686/4686/4686
f 4678/4678/4678 4682/4682/4682 4681/4681/4681
f 4678/4678/4678 4673/4673/4673 4671/4671/4671
f 4678/4678/4678 4681/4681/4681 4673/4673/4673
f 4670/4670/4670 4671/4671/4671 4672/4672/4672
f 4672/4672/4672 4671/4671/4671 4673/4673/4673
f 3631/3631/3631 3633/3633/3633 3629/3629/3629
f 3628/3628/3628 3630/3630/3630 3629/3629/3629
f 3630/3630/3630 3631/3631/3631 3629/3629/3629
f 3630/3630/3630 3636/3636/3636 3631/3631/3631
f 1411/1411/1411 1422/1422/1422 1412/1412/1412
f 1422/1422/1422 1421/1421/1421 1412/1412/1412
f 547/547/547 546/546/546 549/549/549
f 1418/1418/1418 1422/1422/1422 1411/1411/1411
f 881/881/881 886/886/886 885/885/885
f 885/885/885 886/886/886 887/887/887
f 882/882/882 885/885/885 889/889/889
f 882/882/882 881/881/881 885/885/885
f 896/896/896 897/897/897 890/890/890
f 882/882/882 896/896/896 890/890/890
f 889/889/889 896/896/896 882/882/882
f 897/897/897 896/896/896 972/972/972
f 897/897/897 972/972/972 996/996/996
f 996/996/996 972/972/972 975/975/975
f 996/996/996 975/975/975 981/981/981
f 981/981/981 975/975/975 977/977/977
f 981/981/981 977/977/977 982/982/982
f 982/982/982 977/977/977 979/979/979
f 982/982/982 979/979/979 984/984/984
f 984/984/984 979/979/979 1022/1022/1022
f 984/984/984 1022/1022/1022 986/986/986
f 986/986/986 1022/1022/1022 1024/1024/1024
f 2015/2015/2015 2027/2027/2027 2014/2014/2014
f 2026/2026/2026 2027/2027/2027 2015/2015/2015
f 2026/2026/2026 2018/2018/2018 2025/2025/2025
f 2026/2026/2026 2015/2015/2015 2018/2018/2018
f 991/991/991 1041/1041/1041 993/993/993
f 2025/2025/2025 2018/2018/2018 2020/2020/2020
f 1011/1011/1011 993/993/993 1021/1021/1021
f 993/993/993 1034/1034/1034 1021/1021/1021
f 993/993/993 1041/1041/1041 1034/1034/1034
f 1036/1036/1036 1035/1035/1035 1034/1034/1034
f 1034/1034/1034 1035/1035/1035 1021/1021/1021
f 1404/1404/1404 1403/1403/1403 1372/1372/1372
f 1403/1403/1403 1373/1373/1373 1372/1372/1372
f 2024/2024/2024 2033/2033/2033 2034/2034/2034
f 1381/1381/1381 1382/1382/1382 1377/1377/1377
f 1381/1381/1381 1377/1377/1377 1373/1373/1373
f 4571/4571/4571 4570/4570/4570 4573/4573/4573
f 4571/4571/4571 4573/4573/4573 4574/4574/4574
f 4573/4573/4573 4575/4575/4575 4577/4577/4577
f 4573/4573/4573 4570/4570/4570 4575/4575/4575
f 4672/4672/4672 4673/4673/4673 4674/4674/4674
f 4674/4674/4674 4673/4673/4673 4679/4679/4679
f 3631/3631/3631 3676/3676/3676 3633/3633/3633
f 3676/3676/3676 3631/3631/3631 3638/3638/3638
f 3631/3631/3631 3637/3637/3637 3638/3638/3638
f 3631/3631/3631 3636/3636/3636 3637/3637/3637
f 543/543/543 546/546/546 547/547/547
f 545/545/545 546/546/546 543/543/543
f 541/541/541 543/543/543 548/548/548
f 548/548/548 543/543/543 547/547/547
f 1735/1735/1735 1734/1734/1734 1729/1729/1729
f 1712/1712/1712 1737/1737/1737 1729/1729/1729
f 1729/1729/1729 1737/1737/1737 1735/1735/1735
f 1737/1737/1737 1712/1712/1712 1738/1738/1738
f 1712/1712/1712 1714/1714/1714 1738/1738/1738
f 1712/1712/1712 1713/1713/1713 1714/1714/1714
f 1713/1713/1713 1722/1722/1722 1723/1723/1723
f 1713/1713/1713 1723/1723/1723 1714/1714/1714
f 2013/2013/2013 2016/2016/2016 2015/2015/2015
f 2013/2013/2013 2015/2015/2015 2014/2014/2014
f 2015/2015/2015 2017/2017/2017 2018/2018/2018
f 2015/2015/2015 2016/2016/2016 2017/2017/2017
f 2018/2018/2018 2019/2019/2019 2020/2020/2020
f 2018/2018/2018 2017/2017/2017 2019/2019/2019
f 2020/2020/2020 2021/2021/2021 2022/2022/2022
f 2020/2020/2020 2019/2019/2019 2021/2021/2021
f 2022/2022/2022 2023/2023/2023 2024/2024/2024
f 2022/2022/2022 2021/2021/2021 2023/2023/2023
f 2024/2024/2024 2031/2031/2031 2033/2033/2033
f 2024/2024/2024 2023/2023/2023 2031/2031/2031
f 4866/4866/4866 4829/4829/4829 4827/4827/4827
f 1383/1383/1383 1382/1382/1382 1381/1381/1381
f 4568/4568/4568 4569/4569/4569 4570/4570/4570
f 4568/4568/4568 4570/4570/4570 4571/4571/4571
f 4570/4570/4570 4637/4637/4637 4575/4575/4575
f 4570/4570/4570 4569/4569/4569 4637/4637/4637
f 4674/4674/4674 4679/4679/4679 4677/4677/4677
f 4677/4677/4677 4679/4679/4679 4680/4680/4680
f 3641/3641/3641 3639/3639/3639 3637/3637/3637
f 3637/3637/3637 3639/3639/3639 3638/3638/3638
f 550/550/550 544/544/544 542/542/542
f 544/544/544 543/543/543 542/542/542
f 544/544/544 545/545/545 543/543/543
f 542/542/542 543/543/543 541/541/541
f 1747/1747/1747 1741/1741/1741 1746/1746/1746
f 1734/1734/1734 1735/1735/1735 1746/1746/1746
f 1735/1735/1735 1747/1747/1747 1746/1746/1746
f 1894/1894/1894 1893/1893/1893 1895/1895/1895
f 1890/1890/1890 1885/1885/1885 1886/1886/1886
f 1893/1893/1893 1890/1890/1890 1886/1886/1886
f 1894/1894/1894 1890/1890/1890 1893/1893/1893
f 1885/1885/1885 1890/1890/1890 1887/1887/1887
f 2367/2367/2367 2377/2377/2377 2372/2372/2372
f 2379/2379/2379 2373/2373/2373 2372/2372/2372
f 2377/2377/2377 2379/2379/2379 2372/2372/2372
f 2380/2380/2380 2379/2379/2379 2377/2377/2377
f 2379/2379/2379 2382/2382/2382 2403/2403/2403
f 2379/2379/2379 2380/2380/2380 2382/2382/2382
f 2403/2403/2403 2384/2384/2384 2400/2400/2400
f 2403/2403/2403 2382/2382/2382 2384/2384/2384
f 2400/2400/2400 2389/2389/2389 2401/2401/2401
f 2400/2400/2400 2384/2384/2384 2389/2389/2389
f 2397/2397/2397 2398/2398/2398 2396/2396/2396
f 2398/2398/2398 2389/2389/2389 2396/2396/2396
f 2398/2398/2398 2401/2401/2401 2389/2389/2389
f 4901/4901/4901 4799/4799/4799 4866/4866/4866
f 4866/4866/4866 4799/4799/4799 4798/4798/4798
f 4931/4931/4931 4932/4932/4932 4933/4933/4933
f 4932/4932/4932 4934/4934/4934 4933/4933/4933
f 4932/4932/4932 4935/4935/4935 4934/4934/4934
f 4935/4935/4935 4939/4939/4939 4938/4938/4938
f 4936/4936/4936 4935/4935/4935 4938/4938/4938
f 4934/4934/4934 4935/4935/4935 4936/4936/4936
f 4787/4787/4787 4816/4816/4816 4788/4788/4788
f 4787/4787/4787 4788/4788/4788 4786/4786/4786
f 4787/4787/4787 4807/4807/4807 4816/4816/4816
f 25/25/25 26/26/26 27/27/27
f 4703/4703/4703 4702/4702/4702 4704/4704/4704
f 4703/4703/4703 4704/4704/4704 4706/4706/4706
f 4700/4700/4700 4701/4701/4701 4702/4702/4702
f 4700/4700/4700 4702/4702/4702 4703/4703/4703
f 4567/4567/4567 4563/4563/4563 4638/4638/4638
f 4638/4638/4638 4563/4563/4563 4568/4568/4568
f 4563/4563/4563 4561/4561/4561 4568/4568/4568
f 4561/4561/4561 4569/4569/4569 4568/4568/4568
f 4569/4569/4569 4561/4561/4561 4637/4637/4637
f 4637/4637/4637 4561/4561/4561 4559/4559/4559
f 4637/4637/4637 4559/4559/4559 4560/4560/4560
f 3641/3641/3641 3642/3642/3642 3639/3639/3639
f 551/551/551 544/544/544 550/550/550
f 2579/2579/2579 2583/2583/2583 2675/2675/2675
f 2675/2675/2675 2583/2583/2583 2587/2587/2587
f 2581/2581/2581 2675/2675/2675 2676/2676/2676
f 2579/2579/2579 2675/2675/2675 2581/2581/2581
f 2676/2676/2676 2681/2681/2681 2680/2680/2680
f 2676/2676/2676 2680/2680/2680 2581/2581/2581
f 2364/2364/2364 2370/2370/2370 2366/2366/2366
f 2370/2370/2370 2369/2369/2369 2366/2366/2366
f 2366/2366/2366 2369/2369/2369 2367/2367/2367
f 2369/2369/2369 2376/2376/2376 2367/2367/2367
f 2376/2376/2376 2377/2377/2377 2367/2367/2367
f 2377/2377/2377 2376/2376/2376 2380/2380/2380
f 2380/2380/2380 2376/2376/2376 2381/2381/2381
f 2380/2380/2380 2381/2381/2381 2382/2382/2382
f 2382/2382/2382 2381/2381/2381 2383/2383/2383
f 2382/2382/2382 2383/2383/2383 2384/2384/2384
f 2384/2384/2384 2383/2383/2383 2385/2385/2385
f 2384/2384/2384 2385/2385/2385 2389/2389/2389
f 2389/2389/2389 2385/2385/2385 2390/2390/2390
f 2389/2389/2389 2390/2390/2390 2396/2396/2396
f 4785/4785/4785 4777/4777/4777 4786/4786/4786
f 4786/4786/4786 4777/4777/4777 4787/4787/4787
f 4787/4787/4787 4777/4777/4777 4789/4789/4789
f 4789/4789/4789 4792/4792/4792 4791/4791/4791
f 4789/4789/4789 4791/4791/4791 4790/4790/4790
f 4787/4787/4787 4789/4789/4789 4790/4790/4790
f 4807/4807/4807 4787/4787/4787 4790/4790/4790
f 4793/4793/4793 4802/4802/4802 4790/4790/4790
f 4793/4793/4793 4790/4790/4790 4791/4791/4791
f 4803/4803/4803 4804/4804/4804 4802/4802/4802
f 4803/4803/4803 4802/4802/4802 4793/4793/4793
f 4803/4803/4803 4805/4805/4805 4804/4804/4804
f 4710/4710/4710 4708/4708/4708 4706/4706/4706
f 4710/4710/4710 4706/4706/4706 4711/4711/4711
f 4706/4706/4706 4707/4707/4707 4703/4703/4703
f 4706/4706/4706 4708/4708/4708 4707/4707/4707
f 4564/4564/4564 4567/4567/4567 4566/4566/4566
f 4567/4567/4567 4615/4615/4615 4566/4566/4566
f 4567/4567/4567 4621/4621/4621 4615/4615/4615
f 4567/4567/4567 4564/4564/4564 4563/4563/4563
f 2579/2579/2579 2580/2580/2580 2583/2583/2583
f 2580/2580/2580 2579/2579/2579 2576/2576/2576
f 2579/2579/2579 2574/2574/2574 2576/2576/2576
f 2579/2579/2579 2581/2581/2581 2574/2574/2574
f 2581/2581/2581 2680/2680/2680 2664/2664/2664
f 2572/2572/2572 2581/2581/2581 2664/2664/2664
f 2574/2574/2574 2581/2581/2581 2572/2572/2572
f 2639/2639/2639 2571/2571/2571 2572/2572/2572
f 2639/2639/2639 2572/2572/2572 2664/2664/2664
f 2544/2544/2544 2571/2571/2571 2639/2639/2639
f 2407/2407/2407 2406/2406/2406 2359/2359/2359
f 2407/2407/2407 2359/2359/2359 2363/2363/2363
f 2364/2364/2364 2359/2359/2359 2370/2370/2370
f 2359/2359/2359 2371/2371/2371 2370/2370/2370
f 2359/2359/2359 2406/2406/2406 2371/2371/2371
f 2370/2370/2370 2371/2371/2371 2369/2369/2369
f 4792/4792/4792 4797/4797/4797 4791/4791/4791
f 4791/4791/4791 4797/4797/4797 4793/4793/4793
f 4793/4793/4793 4797/4797/4797 4834/4834/4834
f 4793/4793/4793 4834/4834/4834 4803/4803/4803
f 4803/4803/4803 4834/4834/4834 4903/4903/4903
f 4803/4803/4803 4903/4903/4903 4805/4805/4805
f 4903/4903/4903 4815/4815/4815 4805/4805/4805
f 4946/4946/4946 4947/4947/4947 4948/4948/4948
f 4861/4861/4861 4860/4860/4860 4862/4862/4862
f 4874/4874/4874 4861/4861/4861 4862/4862/4862
f 4948/4948/4948 4947/4947/4947 4949/4949/4949
f 4941/4941/4941 4942/4942/4942 4943/4943/4943
f 4887/4887/4887 4879/4879/4879 4884/4884/4884
f 4603/4603/4603 4598/4598/4598 4602/4602/4602
f 4879/4879/4879 4883/4883/4883 4884/4884/4884
f 4881/4881/4881 4883/4883/4883 4879/4879/4879
f 4616/4616/4616 4615/4615/4615 4620/4620/4620
f 4615/4615/4615 4623/4623/4623 4620/4620/4620
f 4707/4707/4707 4708/4708/4708 4709/4709/4709
f 4615/4615/4615 4616/4616/4616 4566/4566/4566
f 2574/2574/2574 2575/2575/2575 2576/2576/2576
f 2575/2575/2575 2574/2574/2574 2573/2573/2573
f 2573/2573/2573 2574/2574/2574 2572/2572/2572
f 2573/2573/2573 2572/2572/2572 2545/2545/2545
f 2545/2545/2545 2572/2572/2572 2571/2571/2571
f 2541/2541/2541 2542/2542/2542 2547/2547/2547
f 2541/2541/2541 2547/2547/2547 2545/2545/2545
f 2544/2544/2544 2541/2541/2541 2545/2545/2545
f 2571/2571/2571 2544/2544/2544 2545/2545/2545
f 124/124/124 125/125/125 128/128/128
f 2538/2538/2538 2542/2542/2542 2541/2541/2541
f 120/120/120 126/126/126 125/125/125
f 124/124/124 120/120/120 125/125/125
f 123/123/123 120/120/120 124/124/124
f 120/120/120 121/121/121 122/122/122
f 123/123/123 121/121/121 120/120/120
f 122/122/122 127/127/127 137/137/137
f 121/121/121 127/127/127 122/122/122
f 139/139/139 137/137/137 138/138/138
f 138/138/138 137/137/137 127/127/127
f 4860/4860/4860 4864/4864/4864 4862/4862/4862
f 4862/4862/4862 4864/4864/4864 4875/4875/4875
f 4864/4864/4864 4876/4876/4876 4875/4875/4875
f 4864/4864/4864 4877/4877/4877 4876/4876/4876
f 4887/4887/4887 4876/4876/4876 4879/4879/4879
f 4876/4876/4876 4878/4878/4878 4879/4879/4879
f 4876/4876/4876 4877/4877/4877 4878/4878/4878
f 4879/4879/4879 4878/4878/4878 4881/4881/4881
f 4881/4881/4881 4878/4878/4878 4882/4882/4882
f 4623/4623/4623 4624/4624/4624 4620/4620/4620
f 2542/2542/2542 2633/2633/2633 2547/2547/2547
f 2633/2633/2633 2542/2542/2542 2634/2634/2634
f 2634/2634/2634 2542/2542/2542 2636/2636/2636
f 140/140/140 125/125/125 126/126/126
f 444/444/444 443/443/443 451/451/451
f 459/459/459 458/458/458 451/451/451
f 451/451/451 458/458/458 444/444/444
f 3956/3956/3956 3954/3954/3954 3955/3955/3955
f 3955/3955/3955 3954/3954/3954 3953/3953/3953
f 3956/3956/3956 3959/3959/3959 3954/3954/3954
f 3726/3726/3726 3797/3797/3797 3727/3727/3727
f 3728/3728/3728 3725/3725/3725 3727/3727/3727
f 3727/3727/3727 3725/3725/3725 3726/3726/3726
f 3796/3796/3796 3730/3730/3730 3728/3728/3728
f 3728/3728/3728 3730/3730/3730 3725/3725/3725
f 3793/3793/3793 3791/3791/3791 3796/3796/3796
f 3833/3833/3833 3832/3832/3832 3831/3831/3831
f 3792/3792/3792 3791/3791/3791 3793/3793/3793
f 442/442/442 424/424/424 422/422/422
f 442/442/442 422/422/422 443/443/443
f 443/443/443 422/422/422 451/451/451
f 422/422/422 415/415/415 451/451/451
f 415/415/415 453/453/453 451/451/451
f 451/451/451 453/453/453 460/460/460
f 451/451/451 460/460/460 459/459/459
f 3955/3955/3955 3958/3958/3958 3957/3957/3957
f 3955/3955/3955 3957/3957/3957 3956/3956/3956
f 4097/4097/4097 4096/4096/4096 4099/4099/4099
f 4100/4100/4100 4097/4097/4097 4099/4099/4099
f 4101/4101/4101 4097/4097/4097 4100/4100/4100
f 4033/4033/4033 4031/4031/4031 4032/4032/4032
f 4032/4032/4032 4031/4031/4031 3949/3949/3949
f 3752/3752/3752 3754/3754/3754 3753/3753/3753
f 3724/3724/3724 3752/3752/3752 3753/3753/3753
f 3724/3724/3724 3753/3753/3753 3797/3797/3797
f 3722/3722/3722 3724/3724/3724 3797/3797/3797
f 3726/3726/3726 3722/3722/3722 3797/3797/3797
f 3722/3722/3722 3726/3726/3726 3725/3725/3725
f 3722/3722/3722 3725/3725/3725 3723/3723/3723
f 3723/3723/3723 3725/3725/3725 3730/3730/3730
f 3723/3723/3723 3730/3730/3730 3790/3790/3790
f 3830/3830/3830 3831/3831/3831 3832/3832/3832
f 3790/3790/3790 3791/3791/3791 3744/3744/3744
f 3744/3744/3744 3791/3791/3791 3792/3792/3792
f 710/710/710 712/712/712 713/713/713
f 709/709/709 712/712/712 710/710/710
f 710/710/710 705/705/705 709/709/709
f 709/709/709 705/705/705 706/706/706
f 424/424/424 423/423/423 422/422/422
f 423/423/423 408/408/408 404/404/404
f 423/423/423 404/404/404 406/406/406
f 422/422/422 423/423/423 406/406/406
f 415/415/415 422/422/422 406/406/406
f 404/404/404 403/403/403 406/406/406
f 3942/3942/3942 3949/3949/3949 4031/4031/4031
f 4644/4644/4644 4646/4646/4646 4645/4645/4645
f 4645/4645/4645 4643/4643/4643 4644/4644/4644
f 4644/4644/4644 4643/4643/4643 4642/4642/4642
f 3758/3758/3758 3759/3759/3759 3756/3756/3756
f 3755/3755/3755 3758/3758/3758 3756/3756/3756
f 3755/3755/3755 3756/3756/3756 3754/3754/3754
f 3750/3750/3750 3755/3755/3755 3754/3754/3754
f 3752/3752/3752 3750/3750/3750 3754/3754/3754
f 3750/3750/3750 3752/3752/3752 3724/3724/3724
f 687/687/687 706/706/706 705/705/705
f 687/687/687 705/705/705 689/689/689
f 719/719/719 688/688/688 717/717/717
f 688/688/688 689/689/689 717/717/717
f 688/688/688 687/687/687 689/689/689
f 719/719/719 720/720/720 688/688/688
f 408/408/408 407/407/407 404/404/404
f 407/407/407 418/418/418 417/417/417
f 407/407/407 417/417/417 405/405/405
f 404/404/404 407/407/407 405/405/405
f 403/403/403 404/404/404 405/405/405
f 417/417/417 411/411/411 405/405/405
f 4641/4641/4641 4470/4470/4470 4471/4471/4471
f 4642/4642/4642 4641/4641/4641 4471/4471/4471
f 4643/4643/4643 4641/4641/4641 4642/4642/4642
f 4470/4470/4470 4469/4469/4469 4471/4471/4471
f 4115/4115/4115 4116/4116/4116 4117/4117/4117
f 4117/4117/4117 4116/4116/4116 4118/4118/4118
f 4117/4117/4117 4270/4270/4270 4121/4121/4121
f 4117/4117/4117 4121/4121/4121 4115/4115/4115
f 718/718/718 719/719/719 717/717/717
f 348/348/348 349/349/349 346/346/346
f 733/733/733 734/734/734 718/718/718
f 734/734/734 720/720/720 718/718/718
f 720/720/720 719/719/719 718/718/718
f 2354/2354/2354 2355/2355/2355 2357/2357/2357
f 418/418/418 416/416/416 417/417/417
f 417/417/417 416/416/416 411/411/411
f 416/416/416 412/412/412 411/411/411
f 1705/1705/1705 1706/1706/1706 1707/1707/1707
f 1710/1710/1710 1707/1707/1707 1706/1706/1706
f 1710/1710/1710 1706/1706/1706 1709/1709/1709
f 4456/4456/4456 4470/4470/4470 4641/4641/4641
f 4463/4463/4463 4457/4457/4457 4455/4455/4455
f 4455/4455/4455 4457/4457/4457 4456/4456/4456
f 4457/4457/4457 4469/4469/4469 4456/4456/4456
f 4469/4469/4469 4470/4470/4470 4456/4456/4456
f 4463/4463/4463 4523/4523/4523 4457/4457/4457
f 4115/4115/4115 4114/4114/4114 4116/4116/4116
f 4121/4121/4121 4112/4112/4112 4115/4115/4115
f 4112/4112/4112 4114/4114/4114 4115/4115/4115
f 4112/4112/4112 4113/4113/4113 4114/4114/4114
f 4130/4130/4130 4113/4113/4113 4112/4112/4112
f 1395/1395/1395 1396/1396/1396 1391/1391/1391
f 347/347/347 348/348/348 346/346/346
f 2351/2351/2351 2355/2355/2355 2354/2354/2354
f 2352/2352/2352 2351/2351/2351 2354/2354/2354
f 2350/2350/2350 2351/2351/2351 2352/2352/2352
f 2349/2349/2349 2350/2350/2350 2348/2348/2348
f 2349/2349/2349 2351/2351/2351 2350/2350/2350
f 2345/2345/2345 2348/2348/2348 2347/2347/2347
f 2345/2345/2345 2349/2349/2349 2348/2348/2348
f 2343/2343/2343 2347/2347/2347 2353/2353/2353
f 2343/2343/2343 2345/2345/2345 2347/2347/2347
f 4520/4520/4520 4479/4479/4479 4477/4477/4477
f 4479/4479/4479 4478/4478/4478 4477/4477/4477
f 2341/2341/2341 2343/2343/2343 2353/2353/2353
f 4578/4578/4578 4479/4479/4479 4520/4520/4520
f 4747/4747/4747 4751/4751/4751 4750/4750/4750
f 429/429/429 431/431/431 430/430/430
f 4460/4460/4460 4473/4473/4473 4458/4458/4458
f 4461/4461/4461 4454/4454/4454 4458/4458/4458
f 4461/4461/4461 4458/4458/4458 4473/4473/4473
f 4463/4463/4463 4455/4455/4455 4454/4454/4454
f 4461/4461/4461 4463/4463/4463 4454/4454/4454
f 4626/4626/4626 4463/4463/4463 4461/4461/4461
f 4523/4523/4523 4463/4463/4463 4524/4524/4524
f 4524/4524/4524 4463/4463/4463 4626/4626/4626
f 1391/1391/1391 1384/1384/1384 1395/1395/1395
f 1386/1386/1386 1384/1384/1384 1391/1391/1391
f 4476/4476/4476 4520/4520/4520 4477/4477/4477
f 4747/4747/4747 4750/4750/4750 4748/4748/4748
f 4465/4465/4465 4467/4467/4467 4632/4632/4632
f 4473/4473/4473 4460/4460/4460 4465/4465/4465
f 4632/4632/4632 4473/4473/4473 4465/4465/4465
f 4633/4633/4633 4473/4473/4473 4632/4632/4632
f 4663/4663/4663 4664/4664/4664 4665/4665/4665
f 4663/4663/4663 4666/4666/4666 4664/4664/4664
f 4665/4665/4665 4667/4667/4667 4668/4668/4668
f 4665/4665/4665 4664/4664/4664 4667/4667/4667
f 4524/4524/4524 4626/4626/4626 4526/4526/4526
f 4526/4526/4526 4626/4626/4626 4540/4540/4540
f 911/911/911 902/902/902 904/904/904
f 987/987/987 914/914/914 904/904/904
f 904/904/904 914/914/914 911/911/911
f 995/995/995 918/918/918 987/987/987
f 987/987/987 918/918/918 914/914/914
f 994/994/994 923/923/923 995/995/995
f 995/995/995 923/923/923 918/918/918
f 998/998/998 997/997/997 994/994/994
f 994/994/994 997/997/997 923/923/923
f 998/998/998 1008/1008/1008 997/997/997
f 1049/1049/1049 1009/1009/1009 1050/1050/1050
f 1386/1386/1386 1389/1389/1389 1387/1387/1387
f 1380/1380/1380 1386/1386/1386 1387/1387/1387
f 1384/1384/1384 1386/1386/1386 1380/1380/1380
f 28/28/28 29/29/29 30/30/30
f 4685/4685/4685 4684/4684/4684 4683/4683/4683
f 4632/4632/4632 4634/4634/4634 4633/4633/4633
f 4633/4633/4633 4634/4634/4634 4635/4635/4635
f 4666/4666/4666 4669/4669/4669 4664/4664/4664
f 4664/4664/4664 4669/4669/4669 4670/4670/4670
f 4698/4698/4698 4697/4697/4697 4699/4699/4699
f 4696/4696/4696 4697/4697/4697 4698/4698/4698
f 4526/4526/4526 4540/4540/4540 4539/4539/4539
f 4540/4540/4540 4541/4541/4541 4539/4539/4539
f 4540/4540/4540 4549/4549/4549 4541/4541/4541
f 4541/4541/4541 4542/4542/4542 4539/4539/4539
f 892/892/892 884/884/884 891/891/891
f 891/891/891 884/884/884 890/890/890
f 893/893/893 891/891/891 895/895/895
f 893/893/893 892/892/892 891/891/891
f 898/898/898 895/895/895 900/900/900
f 898/898/898 893/893/893 895/895/895
f 903/903/903 904/904/904 902/902/902
f 898/898/898 903/903/903 902/902/902
f 900/900/900 903/903/903 898/898/898
f 904/904/904 903/903/903 983/983/983
f 904/904/904 983/983/983 987/987/987
f 987/987/987 983/983/983 985/985/985
f 987/987/987 985/985/985 995/995/995
f 995/995/995 985/985/985 988/988/988
f 995/995/995 988/988/988 994/994/994
f 994/994/994 988/988/988 990/990/990
f 994/994/994 990/990/990 998/998/998
f 1003/1003/1003 1008/1008/1008 998/998/998
f 990/990/990 1003/1003/1003 998/998/998
f 992/992/992 1003/1003/1003 990/990/990
f 1010/1010/1010 1004/1004/1004 1011/1011/1011
f 1004/1004/1004 992/992/992 1011/1011/1011
f 1004/1004/1004 1003/1003/1003 992/992/992
f 1004/1004/1004 1010/1010/1010 1009/1009/1009
f 1010/1010/1010 1050/1050/1050 1009/1009/1009
f 1010/1010/1010 1051/1051/1051 1050/1050/1050
f 1388/1388/1388 1372/1372/1372 1380/1380/1380
f 1388/1388/1388 1380/1380/1380 1387/1387/1387
f 4660/4660/4660 4628/4628/4628 4549/4549/4549
f 4660/4660/4660 4549/4549/4549 4661/4661/4661
f 4549/4549/4549 4546/4546/4546 4541/4541/4541
f 4549/4549/4549 4628/4628/4628 4546/4546/4546
f 4542/4542/4542 4541/4541/4541 4543/4543/4543
f 4543/4543/4543 4541/4541/4541 4546/4546/4546
f 1872/1872/1872 1871/1871/1871 1873/1873/1873
f 1872/1872/1872 1873/1873/1873 1861/1861/1861
f 881/881/881 883/883/883 888/888/888
f 881/881/881 882/882/882 883/883/883
f 882/882/882 890/890/890 884/884/884
f 882/882/882 884/884/884 883/883/883
f 1021/1021/1021 1010/1010/1010 1011/1011/1011
f 1010/1010/1010 1021/1021/1021 1035/1035/1035
f 1010/1010/1010 1035/1035/1035 1051/1051/1051
f 1388/1388/1388 1404/1404/1404 1372/1372/1372
f 4674/4674/4674 4676/4676/4676 4675/4675/4675
f 4674/4674/4674 4675/4675/4675 4672/4672/4672
f 4628/4628/4628 4550/4550/4550 4546/4546/4546
f 4628/4628/4628 4555/4555/4555 4550/4550/4550
f 4543/4543/4543 4546/4546/4546 4547/4547/4547
f 4547/4547/4547 4546/4546/4546 4550/4550/4550
f 1739/1739/1739 1738/1738/1738 1714/1714/1714
f 1740/1740/1740 1739/1739/1739 1714/1714/1714
f 1740/1740/1740 1714/1714/1714 1723/1723/1723
f 1868/1868/1868 1870/1870/1870 1871/1871/1871
f 1872/1872/1872 1868/1868/1868 1871/1871/1871
f 1868/1868/1868 1872/1872/1872 1861/1861/1861
f 4560/4560/4560 4554/4554/4554 4555/4555/4555
f 4677/4677/4677 4676/4676/4676 4674/4674/4674
f 4551/4551/4551 4550/4550/4550 4552/4552/4552
f 4550/4550/4550 4554/4554/4554 4552/4552/4552
f 4550/4550/4550 4555/4555/4555 4554/4554/4554
f 4550/4550/4550 4551/4551/4551 4547/4547/4547
f 1884/1884/1884 1886/1886/1886 1885/1885/1885
f 1887/1887/1887 1882/1882/1882 1885/1885/1885
f 1882/1882/1882 1884/1884/1884 1885/1885/1885
f 1882/1882/1882 1883/1883/1883 1884/1884/1884
f 1882/1882/1882 1870/1870/1870 1874/1874/1874
f 1882/1882/1882 1874/1874/1874 1883/1883/1883
f 2396/2396/2396 2395/2395/2395 2397/2397/2397
f 4783/4783/4783 4798/4798/4798 4799/4799/4799
f 4783/4783/4783 4799/4799/4799 4796/4796/4796
f 4940/4940/4940 4935/4935/4935 4932/4932/4932
f 4776/4776/4776 4798/4798/4798 4783/4783/4783
f 4940/4940/4940 4939/4939/4939 4935/4935/4935
f 4563/4563/4563 4562/4562/4562 4561/4561/4561
f 4558/4558/4558 4559/4559/4559 4561/4561/4561
f 4558/4558/4558 4561/4561/4561 4562/4562/4562
f 4554/4554/4554 4560/4560/4560 4559/4559/4559
f 4558/4558/4558 4554/4554/4554 4559/4559/4559
f 4557/4557/4557 4554/4554/4554 4558/4558/4558
f 4552/4552/4552 4554/4554/4554 4556/4556/4556
f 4556/4556/4556 4554/4554/4554 4557/4557/4557
f 1889/1889/1889 1888/1888/1888 1884/1884/1884
f 1884/1884/1884 1888/1888/1888 1886/1886/1886
f 2561/2561/2561 2641/2641/2641 2650/2650/2650
f 2640/2640/2640 2641/2641/2641 2561/2561/2561
f 2650/2650/2650 2632/2632/2632 2630/2630/2630
f 2543/2543/2543 2650/2650/2650 2630/2630/2630
f 2561/2561/2561 2650/2650/2650 2543/2543/2543
f 2629/2629/2629 2543/2543/2543 2630/2630/2630
f 2369/2369/2369 2374/2374/2374 2376/2376/2376
f 2388/2388/2388 2381/2381/2381 2376/2376/2376
f 2388/2388/2388 2376/2376/2376 2374/2374/2374
f 2387/2387/2387 2383/2383/2383 2381/2381/2381
f 2387/2387/2387 2381/2381/2381 2388/2388/2388
f 2386/2386/2386 2385/2385/2385 2383/2383/2383
f 2386/2386/2386 2383/2383/2383 2387/2387/2387
f 2385/2385/2385 2386/2386/2386 2404/2404/2404
f 2393/2393/2393 2385/2385/2385 2404/2404/2404
f 2390/2390/2390 2385/2385/2385 2393/2393/2393
f 2396/2396/2396 2390/2390/2390 2395/2395/2395
f 2390/2390/2390 2394/2394/2394 2395/2395/2395
f 2390/2390/2390 2393/2393/2393 2394/2394/2394
f 4796/4796/4796 4784/4784/4784 4783/4783/4783
f 4783/4783/4783 4784/4784/4784 4770/4770/4770
f 4783/4783/4783 4770/4770/4770 4776/4776/4776
f 4776/4776/4776 4770/4770/4770 4775/4775/4775
f 4775/4775/4775 4810/4810/4810 4781/4781/4781
f 4775/4775/4775 4781/4781/4781 4777/4777/4777
f 4776/4776/4776 4775/4775/4775 4777/4777/4777
f 4785/4785/4785 4776/4776/4776 4777/4777/4777
f 4801/4801/4801 4789/4789/4789 4777/4777/4777
f 4801/4801/4801 4777/4777/4777 4781/4781/4781
f 4801/4801/4801 4792/4792/4792 4789/4789/4789
f 4566/4566/4566 4565/4565/4565 4564/4564/4564
f 4562/4562/4562 4563/4563/4563 4564/4564/4564
f 4565/4565/4565 4562/4562/4562 4564/4564/4564
f 2815/2815/2815 2817/2817/2817 2816/2816/2816
f 2847/2847/2847 2818/2818/2818 2819/2819/2819
f 2818/2818/2818 2815/2815/2815 2819/2819/2819
f 2818/2818/2818 2817/2817/2817 2815/2815/2815
f 2938/2938/2938 2939/2939/2939 2940/2940/2940
f 2826/2826/2826 2847/2847/2847 2825/2825/2825
f 2826/2826/2826 2825/2825/2825 2824/2824/2824
f 2640/2640/2640 2664/2664/2664 2680/2680/2680
f 2664/2664/2664 2640/2640/2640 2639/2639/2639
f 2639/2639/2639 2640/2640/2640 2561/2561/2561
f 2639/2639/2639 2561/2561/2561 2544/2544/2544
f 2561/2561/2561 2540/2540/2540 2544/2544/2544
f 2561/2561/2561 2543/2543/2543 2540/2540/2540
f 2543/2543/2543 2629/2629/2629 2563/2563/2563
f 2536/2536/2536 2543/2543/2543 2563/2563/2563
f 2540/2540/2540 2543/2543/2543 2536/2536/2536
f 2530/2530/2530 2531/2531/2531 2536/2536/2536
f 2530/2530/2530 2536/2536/2536 2563/2563/2563
f 2527/2527/2527 2568/2568/2568 2531/2531/2531
f 2527/2527/2527 2531/2531/2531 2530/2530/2530
f 2525/2525/2525 2637/2637/2637 2568/2568/2568
f 2525/2525/2525 2568/2568/2568 2527/2527/2527
f 142/142/142 138/138/138 141/141/141
f 143/143/143 142/142/142 141/141/141
f 2424/2424/2424 2406/2406/2406 2425/2425/2425
f 2406/2406/2406 2423/2423/2423 2371/2371/2371
f 2424/2424/2424 2423/2423/2423 2406/2406/2406
f 2369/2369/2369 2371/2371/2371 2374/2374/2374
f 2371/2371/2371 2375/2375/2375 2374/2374/2374
f 2371/2371/2371 2423/2423/2423 2375/2375/2375
f 2374/2374/2374 2375/2375/2375 2388/2388/2388
f 2388/2388/2388 2375/2375/2375 2402/2402/2402
f 2388/2388/2388 2402/2402/2402 2387/2387/2387
f 2387/2387/2387 2402/2402/2402 2391/2391/2391
f 2387/2387/2387 2391/2391/2391 2386/2386/2386
f 2386/2386/2386 2391/2391/2391 2392/2392/2392
f 2386/2386/2386 2392/2392/2392 2404/2404/2404
f 4810/4810/4810 4898/4898/4898 4781/4781/4781
f 4781/4781/4781 4898/4898/4898 4801/4801/4801
f 4801/4801/4801 4898/4898/4898 4867/4867/4867
f 4801/4801/4801 4867/4867/4867 4792/4792/4792
f 4867/4867/4867 4797/4797/4797 4792/4792/4792
f 4930/4930/4930 4927/4927/4927 4929/4929/4929
f 4797/4797/4797 4872/4872/4872 4834/4834/4834
f 4927/4927/4927 4928/4928/4928 4929/4929/4929
f 4872/4872/4872 4854/4854/4854 4856/4856/4856
f 4903/4903/4903 4872/4872/4872 4856/4856/4856
f 4924/4924/4924 4925/4925/4925 4926/4926/4926
f 4858/4858/4858 4861/4861/4861 4903/4903/4903
f 4858/4858/4858 4903/4903/4903 4856/4856/4856
f 4858/4858/4858 4860/4860/4860 4861/4861/4861
f 4620/4620/4620 4618/4618/4618 4616/4616/4616
f 4618/4618/4618 4617/4617/4617 4616/4616/4616
f 4616/4616/4616 4617/4617/4617 4566/4566/4566
f 1592/1592/1592 1591/1591/1591 1593/1593/1593
f 1591/1591/1591 1594/1594/1594 1593/1593/1593
f 2816/2816/2816 2814/2814/2814 2815/2815/2815
f 2815/2815/2815 2814/2814/2814 2813/2813/2813
f 2815/2815/2815 2813/2813/2813 2819/2819/2819
f 2540/2540/2540 2541/2541/2541 2544/2544/2544
f 2541/2541/2541 2540/2540/2540 2538/2538/2538
f 2538/2538/2538 2540/2540/2540 2536/2536/2536
f 2538/2538/2538 2536/2536/2536 2537/2537/2537
f 2537/2537/2537 2536/2536/2536 2531/2531/2531
f 2537/2537/2537 2531/2531/2531 2539/2539/2539
f 2539/2539/2539 2531/2531/2531 2568/2568/2568
f 2539/2539/2539 2568/2568/2568 2626/2626/2626
f 2626/2626/2626 2568/2568/2568 2637/2637/2637
f 127/127/127 141/141/141 138/138/138
f 4854/4854/4854 4855/4855/4855 4856/4856/4856
f 4856/4856/4856 4855/4855/4855 4858/4858/4858
f 4858/4858/4858 4855/4855/4855 4859/4859/4859
f 4858/4858/4858 4859/4859/4859 4860/4860/4860
f 4859/4859/4859 4864/4864/4864 4860/4860/4860
f 2226/2226/2226 2232/2232/2232 2233/2233/2233
f 2232/2232/2232 2236/2236/2236 2235/2235/2235
f 2234/2234/2234 2232/2232/2232 2235/2235/2235
f 2233/2233/2233 2232/2232/2232 2234/2234/2234
f 4880/4880/4880 4878/4878/4878 4877/4877/4877
f 2237/2237/2237 2234/2234/2234 2235/2235/2235
f 4886/4886/4886 4882/4882/4882 4878/4878/4878
f 4886/4886/4886 4878/4878/4878 4880/4880/4880
f 4886/4886/4886 4897/4897/4897 4882/4882/4882
f 4624/4624/4624 4625/4625/4625 4620/4620/4620
f 1579/1579/1579 1576/1576/1576 1585/1585/1585
f 1576/1576/1576 1595/1595/1595 1585/1585/1585
f 4618/4618/4618 4619/4619/4619 4617/4617/4617
f 1566/1566/1566 1543/1543/1543 1568/1568/1568
f 1568/1568/1568 1543/1543/1543 1567/1567/1567
f 1567/1567/1567 1543/1543/1543 1544/1544/1544
f 4880/4880/4880 4889/4889/4889 4886/4886/4886
f 4886/4886/4886 4889/4889/4889 4890/4890/4890
f 4886/4886/4886 4890/4890/4890 4897/4897/4897
f 454/454/454 455/455/455 441/441/441
f 443/443/443 444/444/444 441/441/441
f 444/444/444 454/454/454 441/441/441
f 3960/3960/3960 3877/3877/3877 3868/3868/3868
f 3951/3951/3951 3960/3960/3960 3953/3953/3953
f 3951/3951/3951 3877/3877/3877 3960/3960/3960
f 3952/3952/3952 3953/3953/3953 3954/3954/3954
f 3952/3952/3952 3951/3951/3951 3953/3953/3953
f 3954/3954/3954 3959/3959/3959 3952/3952/3952
f 3952/3952/3952 3959/3959/3959 4028/4028/4028
f 452/452/452 436/436/436 434/434/434
f 452/452/452 434/434/434 455/455/455
f 455/455/455 434/434/434 441/441/441
f 434/434/434 424/424/424 441/441/441
f 424/424/424 442/442/442 441/441/441
f 441/441/441 442/442/442 443/443/443
f 4094/4094/4094 4095/4095/4095 4096/4096/4096
f 4094/4094/4094 4096/4096/4096 4097/4097/4097
f 4097/4097/4097 4098/4098/4098 4094/4094/4094
f 3950/3950/3950 3949/3949/3949 3937/3937/3937
f 3721/3721/3721 3724/3724/3724 3722/3722/3722
f 3723/3723/3723 3720/3720/3720 3722/3722/3722
f 3722/3722/3722 3720/3720/3720 3721/3721/3721
f 3790/3790/3790 3732/3732/3732 3723/3723/3723
f 3723/3723/3723 3732/3732/3732 3720/3720/3720
f 3744/3744/3744 3741/3741/3741 3790/3790/3790
f 3815/3815/3815 3816/3816/3816 3817/3817/3817
f 3745/3745/3745 3743/3743/3743 3744/3744/3744
f 3744/3744/3744 3743/3743/3743 3741/3741/3741
f 3746/3746/3746 3743/3743/3743 3745/3745/3745
f 434/434/434 436/436/436 435/435/435
f 435/435/435 436/436/436 437/437/437
f 421/421/421 423/423/423 424/424/424
f 434/434/434 421/421/421 424/424/424
f 435/435/435 421/421/421 434/434/434
f 421/421/421 408/408/408 423/423/423
f 3940/3940/3940 3937/3937/3937 3949/3949/3949
f 3940/3940/3940 3949/3949/3949 3942/3942/3942
f 4656/4656/4656 4655/4655/4655 4642/4642/4642
f 4655/4655/4655 4644/4644/4644 4642/4642/4642
f 3941/3941/3941 3940/3940/3940 3942/3942/3942
f 3945/3945/3945 3944/3944/3944 3941/3941/3941
f 3751/3751/3751 3755/3755/3755 3750/3750/3750
f 3749/3749/3749 3751/3751/3751 3750/3750/3750
f 3749/3749/3749 3750/3750/3750 3724/3724/3724
f 3719/3719/3719 3749/3749/3749 3724/3724/3724
f 3721/3721/3721 3719/3719/3719 3724/3724/3724
f 3719/3719/3719 3721/3721/3721 3720/3720/3720
f 3719/3719/3719 3720/3720/3720 3716/3716/3716
f 3716/3716/3716 3720/3720/3720 3732/3732/3732
f 3716/3716/3716 3732/3732/3732 3717/3717/3717
f 3818/3818/3818 3817/3817/3817 3816/3816/3816
f 3717/3717/3717 3741/3741/3741 3734/3734/3734
f 3734/3734/3734 3741/3741/3741 3743/3743/3743
f 695/695/695 702/702/702 692/692/692
f 3747/3747/3747 3743/3743/3743 3746/3746/3746
f 3748/3748/3748 3747/3747/3747 3746/3746/3746
f 690/690/690 692/692/692 687/687/687
f 686/686/686 687/687/687 688/688/688
f 686/686/686 690/690/690 687/687/687
f 735/735/735 691/691/691 720/720/720
f 691/691/691 688/688/688 720/720/720
f 691/691/691 686/686/686 688/688/688
f 456/456/456 448/448/448 437/437/437
f 448/448/448 435/435/435 437/437/437
f 448/448/448 445/445/445 435/435/435
f 435/435/435 438/438/438 421/421/421
f 435/435/435 445/445/445 438/438/438
f 420/420/420 407/407/407 408/408/408
f 421/421/421 420/420/420 408/408/408
f 438/438/438 420/420/420 421/421/421
f 420/420/420 418/418/418 407/407/407
f 3946/3946/3946 3945/3945/3945 3948/3948/3948
f 4522/4522/4522 4472/4472/4472 4469/4469/4469
f 4469/4469/4469 4472/4472/4472 4471/4471/4471
f 3947/3947/3947 3944/3944/3944 3946/3946/3946
f 3944/3944/3944 3945/3945/3945 3946/3946/3946
f 4522/4522/4522 4622/4622/4622 4472/4472/4472
f 4285/4285/4285 4121/4121/4121 4271/4271/4271
f 4271/4271/4271 4121/4121/4121 4270/4270/4270
f 3751/3751/3751 3749/3749/3749 3789/3789/3789
f 1398/1398/1398 1393/1393/1393 1397/1397/1397
f 734/734/734 735/735/735 720/720/720
f 448/448/448 457/457/457 449/449/449
f 447/447/447 448/448/448 449/449/449
f 445/445/445 448/448/448 447/447/447
f 445/445/445 446/446/446 438/438/438
f 445/445/445 447/447/447 446/446/446
f 438/438/438 440/440/440 420/420/420
f 438/438/438 446/446/446 440/440/440
f 419/419/419 416/416/416 418/418/418
f 420/420/420 419/419/419 418/418/418
f 440/440/440 419/419/419 420/420/420
f 1708/1708/1708 1706/1706/1706 1705/1705/1705
f 425/425/425 416/416/416 419/419/419
f 1708/1708/1708 1709/1709/1709 1706/1706/1706
f 4457/4457/4457 4522/4522/4522 4469/4469/4469
f 4537/4537/4537 4536/4536/4536 4523/4523/4523
f 4523/4523/4523 4536/4536/4536 4457/4457/4457
f 4536/4536/4536 4622/4622/4622 4457/4457/4457
f 4622/4622/4622 4522/4522/4522 4457/4457/4457
f 4728/4728/4728 4729/4729/4729 4730/4730/4730
f 4285/4285/4285 4112/4112/4112 4121/4121/4121
f 1391/1391/1391 1396/1396/1396 1397/1397/1397
f 1393/1393/1393 1391/1391/1391 1397/1397/1397
f 1392/1392/1392 1391/1391/1391 1393/1393/1393
f 31/31/31 32/32/32 33/33/33
f 2356/2356/2356 2351/2351/2351 2349/2349/2349
f 2356/2356/2356 2349/2349/2349 2346/2346/2346
f 2346/2346/2346 2349/2349/2349 2345/2345/2345
f 2346/2346/2346 2345/2345/2345 2344/2344/2344
f 2344/2344/2344 2345/2345/2345 2343/2343/2343
f 2344/2344/2344 2343/2343/2343 2340/2340/2340
f 2340/2340/2340 2343/2343/2343 2341/2341/2341
f 2340/2340/2340 2341/2341/2341 2342/2342/2342
f 2342/2342/2342 2341/2341/2341 2358/2358/2358
f 4525/4525/4525 4529/4529/4529 4537/4537/4537
f 4523/4523/4523 4525/4525/4525 4537/4537/4537
f 4524/4524/4524 4525/4525/4525 4523/4523/4523
f 4537/4537/4537 4529/4529/4529 4530/4530/4530
f 1014/1014/1014 1015/1015/1015 1007/1007/1007
f 1012/1012/1012 1013/1013/1013 1007/1007/1007
f 1007/1007/1007 1013/1013/1013 1014/1014/1014
f 1048/1048/1048 1047/1047/1047 1012/1012/1012
f 1012/1012/1012 1047/1047/1047 1013/1013/1013
f 1392/1392/1392 1401/1401/1401 1390/1390/1390
f 1386/1386/1386 1392/1392/1392 1390/1390/1390
f 1391/1391/1391 1392/1392/1392 1386/1386/1386
f 4526/4526/4526 4538/4538/4538 4527/4527/4527
f 4525/4525/4525 4526/4526/4526 4527/4527/4527
f 4524/4524/4524 4526/4526/4526 4525/4525/4525
f 4718/4718/4718 4717/4717/4717 4720/4720/4720
f 910/910/910 899/899/899 901/901/901
f 902/902/902 911/911/911 901/901/901
f 911/911/911 910/910/910 901/901/901
f 911/911/911 912/912/912 910/910/910
f 913/913/913 911/911/911 914/914/914
f 913/913/913 912/912/912 911/911/911
f 917/917/917 914/914/914 918/918/918
f 917/917/917 913/913/913 914/914/914
f 919/919/919 918/918/918 923/923/923
f 919/919/919 917/917/917 918/918/918
f 922/922/922 923/923/923 997/997/997
f 922/922/922 919/919/919 923/923/923
f 1005/1005/1005 1007/1007/1007 1008/1008/1008
f 1007/1007/1007 922/922/922 1008/1008/1008
f 922/922/922 997/997/997 1008/1008/1008
f 1007/1007/1007 1015/1015/1015 922/922/922
f 1007/1007/1007 1006/1006/1006 1012/1012/1012
f 1007/1007/1007 1005/1005/1005 1006/1006/1006
f 1006/1006/1006 1009/1009/1009 1049/1049/1049
f 1048/1048/1048 1006/1006/1006 1049/1049/1049
f 1012/1012/1012 1006/1006/1006 1048/1048/1048
f 1390/1390/1390 1389/1389/1389 1386/1386/1386
f 4539/4539/4539 4538/4538/4538 4526/4526/4526
f 4544/4544/4544 4545/4545/4545 4542/4542/4542
f 4722/4722/4722 4721/4721/4721 4719/4719/4719
f 4721/4721/4721 4717/4717/4717 4719/4719/4719
f 4717/4717/4717 4718/4718/4718 4719/4719/4719
f 4725/4725/4725 4726/4726/4726 4727/4727/4727
f 1847/1847/1847 1850/1850/1850 1848/1848/1848
f 1847/1847/1847 1848/1848/1848 1849/1849/1849
f 1848/1848/1848 1851/1851/1851 1849/1849/1849
f 892/892/892 893/893/893 894/894/894
f 898/898/898 901/901/901 899/899/899
f 894/894/894 898/898/898 899/899/899
f 893/893/893 898/898/898 894/894/894
f 901/901/901 898/898/898 902/902/902
f 34/34/34 35/35/35 36/36/36
f 1005/1005/1005 1003/1003/1003 1004/1004/1004
f 1005/1005/1005 1004/1004/1004 1006/1006/1006
f 1006/1006/1006 1004/1004/1004 1009/1009/1009
f 4543/4543/4543 4548/4548/4548 4544/4544/4544
f 4543/4543/4543 4544/4544/4544 4542/4542/4542
f 4585/4585/4585 4544/4544/4544 4584/4584/4584
f 4584/4584/4584 4544/4544/4544 4548/4548/4548
f 1860/1860/1860 1861/1861/1861 1857/1857/1857
f 1855/1855/1855 1860/1860/1860 1857/1857/1857
f 1855/1855/1855 1857/1857/1857 1850/1850/1850
f 1854/1854/1854 1855/1855/1855 1850/1850/1850
f 1847/1847/1847 1854/1854/1854 1850/1850/1850
f 1854/1854/1854 1847/1847/1847 1849/1849/1849
f 4547/4547/4547 4580/4580/4580 4548/4548/4548
f 4547/4547/4547 4548/4548/4548 4543/4543/4543
f 4584/4584/4584 4548/4548/4548 4591/4591/4591
f 4591/4591/4591 4548/4548/4548 4580/4580/4580
f 1869/1869/1869 1870/1870/1870 1868/1868/1868
f 1867/1867/1867 1869/1869/1869 1868/1868/1868
f 1867/1867/1867 1868/1868/1868 1861/1861/1861
f 1865/1865/1865 1867/1867/1867 1861/1861/1861
f 1860/1860/1860 1865/1865/1865 1861/1861/1861
f 1865/1865/1865 1860/1860/1860 1855/1855/1855
f 4552/4552/4552 4553/4553/4553 4551/4551/4551
f 4580/4580/4580 4547/4547/4547 4551/4551/4551
f 4553/4553/4553 4580/4580/4580 4551/4551/4551
f 4581/4581/4581 4580/4580/4580 4553/4553/4553
f 1702/1702/1702 1703/1703/1703 1700/1700/1700
f 1700/1700/1700 1703/1703/1703 1704/1704/1704
f 1875/1875/1875 1874/1874/1874 1869/1869/1869
f 1869/1869/1869 1874/1874/1874 1870/1870/1870
f 1869/1869/1869 1867/1867/1867 1881/1881/1881
f 1880/1880/1880 1869/1869/1869 1881/1881/1881
f 1875/1875/1875 1869/1869/1869 1880/1880/1880
f 2652/2652/2652 2672/2672/2672 2653/2653/2653
f 2820/2820/2820 2829/2829/2829 2828/2828/2828
f 2827/2827/2827 2820/2820/2820 2828/2828/2828
f 2824/2824/2824 2820/2820/2820 2827/2827/2827
f 2828/2828/2828 2829/2829/2829 2848/2848/2848
f 2848/2848/2848 2829/2829/2829 2849/2849/2849
f 2910/2910/2910 2908/2908/2908 2909/2909/2909
f 2631/2631/2631 2630/2630/2630 2632/2632/2632
f 2630/2630/2630 2631/2631/2631 2629/2629/2629
f 2631/2631/2631 2660/2660/2660 2629/2629/2629
f 2631/2631/2631 2672/2672/2672 2660/2660/2660
f 2672/2672/2672 2652/2652/2652 2534/2534/2534
f 2562/2562/2562 2672/2672/2672 2534/2534/2534
f 2660/2660/2660 2672/2672/2672 2562/2562/2562
f 2532/2532/2532 2562/2562/2562 2534/2534/2534
f 2404/2404/2404 2416/2416/2416 2393/2393/2393
f 2393/2393/2393 2416/2416/2416 2417/2417/2417
f 2421/2421/2421 2393/2393/2393 2417/2417/2417
f 2394/2394/2394 2393/2393/2393 2421/2421/2421
f 4905/4905/4905 4906/4906/4906 4907/4907/4907
f 4908/4908/4908 4905/4905/4905 4907/4907/4907
f 4909/4909/4909 4905/4905/4905 4908/4908/4908
f 4769/4769/4769 4775/4775/4775 4770/4770/4770
f 4769/4769/4769 4770/4770/4770 4768/4768/4768
f 4769/4769/4769 4810/4810/4810 4775/4775/4775
f 2819/2819/2819 2868/2868/2868 2847/2847/2847
f 2858/2858/2858 2825/2825/2825 2847/2847/2847
f 2858/2858/2858 2847/2847/2847 2868/2868/2868
f 2858/2858/2858 2804/2804/2804 2825/2825/2825
f 2804/2804/2804 2824/2824/2824 2825/2825/2825
f 2804/2804/2804 2820/2820/2820 2824/2824/2824
f 2660/2660/2660 2563/2563/2563 2629/2629/2629
f 2563/2563/2563 2660/2660/2660 2530/2530/2530
f 2530/2530/2530 2660/2660/2660 2562/2562/2562
f 2532/2532/2532 2528/2528/2528 2562/2562/2562
f 2528/2528/2528 2530/2530/2530 2562/2562/2562
f 2528/2528/2528 2527/2527/2527 2530/2530/2530
f 2527/2527/2527 2526/2526/2526 2525/2525/2525
f 2528/2528/2528 2526/2526/2526 2527/2527/2527
f 2525/2525/2525 2514/2514/2514 2524/2524/2524
f 2526/2526/2526 2514/2514/2514 2525/2525/2525
f 2424/2424/2424 2430/2430/2430 2423/2423/2423
f 2514/2514/2514 2515/2515/2515 2524/2524/2524
f 2423/2423/2423 2426/2426/2426 2375/2375/2375
f 2430/2430/2430 2426/2426/2426 2423/2423/2423
f 2426/2426/2426 2429/2429/2429 2415/2415/2415
f 2402/2402/2402 2426/2426/2426 2415/2415/2415
f 2375/2375/2375 2426/2426/2426 2402/2402/2402
f 2413/2413/2413 2391/2391/2391 2402/2402/2402
f 2413/2413/2413 2402/2402/2402 2415/2415/2415
f 2408/2408/2408 2392/2392/2392 2391/2391/2391
f 2408/2408/2408 2391/2391/2391 2413/2413/2413
f 2408/2408/2408 2409/2409/2409 2392/2392/2392
f 2392/2392/2392 2409/2409/2409 2404/2404/2404
f 2409/2409/2409 2410/2410/2410 2404/2404/2404
f 2410/2410/2410 2416/2416/2416 2404/2404/2404
f 2416/2416/2416 2410/2410/2410 2417/2417/2417
f 4763/4763/4763 4764/4764/4764 4768/4768/4768
f 4768/4768/4768 4764/4764/4764 4769/4769/4769
f 4769/4769/4769 4764/4764/4764 4833/4833/4833
f 4833/4833/4833 4900/4900/4900 4899/4899/4899
f 4833/4833/4833 4899/4899/4899 4898/4898/4898
f 4769/4769/4769 4833/4833/4833 4898/4898/4898
f 4810/4810/4810 4769/4769/4769 4898/4898/4898
f 4920/4920/4920 4923/4923/4923 4922/4922/4922
f 4920/4920/4920 4922/4922/4922 4919/4919/4919
f 4851/4851/4851 4857/4857/4857 4867/4867/4867
f 4851/4851/4851 4867/4867/4867 4863/4863/4863
f 4852/4852/4852 4872/4872/4872 4857/4857/4857
f 4852/4852/4852 4857/4857/4857 4851/4851/4851
f 4852/4852/4852 4854/4854/4854 4872/4872/4872
f 1592/1592/1592 1590/1590/1590 1591/1591/1591
f 2812/2812/2812 2813/2813/2813 2814/2814/2814
f 1589/1589/1589 1591/1591/1591 1590/1590/1590
f 2812/2812/2812 2810/2810/2810 2813/2813/2813
f 2813/2813/2813 2810/2810/2810 2819/2819/2819
f 2810/2810/2810 2808/2808/2808 2819/2819/2819
f 2808/2808/2808 2868/2868/2868 2819/2819/2819
f 2868/2868/2868 2808/2808/2808 2858/2858/2858
f 2858/2858/2858 2808/2808/2808 2807/2807/2807
f 2858/2858/2858 2807/2807/2807 2804/2804/2804
f 2429/2429/2429 2414/2414/2414 2415/2415/2415
f 2415/2415/2415 2414/2414/2414 2413/2413/2413
f 2413/2413/2413 2414/2414/2414 2412/2412/2412
f 2413/2413/2413 2412/2412/2412 2408/2408/2408
f 2408/2408/2408 2412/2412/2412 2411/2411/2411
f 2408/2408/2408 2411/2411/2411 2409/2409/2409
f 4916/4916/4916 4918/4918/4918 4919/4919/4919
f 4919/4919/4919 4918/4918/4918 4920/4920/4920
f 4920/4920/4920 4918/4918/4918 4921/4921/4921
f 4863/4863/4863 4850/4850/4850 4851/4851/4851
f 4851/4851/4851 4850/4850/4850 4849/4849/4849
f 4851/4851/4851 4849/4849/4849 4852/4852/4852
f 4852/4852/4852 4849/4849/4849 4853/4853/4853
f 4852/4852/4852 4853/4853/4853 4854/4854/4854
f 4853/4853/4853 4855/4855/4855 4854/4854/4854
f 2224/2224/2224 2223/2223/2223 2225/2225/2225
f 2223/2223/2223 2222/2222/2222 2228/2228/2228
f 2226/2226/2226 2223/2223/2223 2228/2228/2228
f 2225/2225/2225 2223/2223/2223 2226/2226/2226
f 2229/2229/2229 2232/2232/2232 2226/2226/2226
f 2229/2229/2229 2226/2226/2226 2228/2228/2228
f 2229/2229/2229 2236/2236/2236 2232/2232/2232
f 1575/1575/1575 1574/1574/1574 1576/1576/1576
f 1575/1575/1575 1576/1576/1576 1579/1579/1579
f 1592/1592/1592 1576/1576/1576 1590/1590/1590
f 1576/1576/1576 1577/1577/1577 1590/1590/1590
f 1576/1576/1576 1574/1574/1574 1577/1577/1577
f 1590/1590/1590 1577/1577/1577 1589/1589/1589
f 1589/1589/1589 1577/1577/1577 1581/1581/1581
f 2812/2812/2812 2811/2811/2811 2810/2810/2810
f 1548/1548/1548 1538/1538/1538 1565/1565/1565
f 1565/1565/1565 1538/1538/1538 1564/1564/1564
f 1564/1564/1564 1538/1538/1538 1537/1537/1537
f 1564/1564/1564 1537/1537/1537 1566/1566/1566
f 1537/1537/1537 1543/1543/1543 1566/1566/1566
f 1537/1537/1537 1541/1541/1541 1543/1543/1543
f 1543/1543/1543 1542/1542/1542 1544/1544/1544
f 1541/1541/1541 1542/1542/1542 1543/1543/1543
f 4889/4889/4889 4891/4891/4891 4890/4890/4890
f 1542/1542/1542 1563/1563/1563 1544/1544/1544
f 4897/4897/4897 4890/4890/4890 4892/4892/4892
f 4892/4892/4892 4890/4890/4890 4891/4891/4891
f 473/473/473 470/470/470 472/472/472
f 455/455/455 454/454/454 472/472/472
f 454/454/454 473/473/473 472/472/472
f 3868/3868/3868 3863/3863/3863 3876/3876/3876
f 3862/3862/3862 3868/3868/3868 3877/3877/3877
f 3862/3862/3862 3863/3863/3863 3868/3868/3868
f 3861/3861/3861 3877/3877/3877 3951/3951/3951
f 3861/3861/3861 3862/3862/3862 3877/3877/3877
f 3886/3886/3886 3861/3861/3861 3967/3967/3967
f 3861/3861/3861 3952/3952/3952 3967/3967/3967
f 3861/3861/3861 3951/3951/3951 3952/3952/3952
f 4028/4028/4028 3967/3967/3967 3952/3952/3952
f 2481/2481/2481 2482/2482/2482 2483/2483/2483
f 470/470/470 436/436/436 452/452/452
f 470/470/470 439/439/439 436/436/436
f 472/472/472 452/452/452 455/455/455
f 3850/3850/3850 3886/3886/3886 3967/3967/3967
f 3850/3850/3850 3967/3967/3967 4028/4028/4028
f 3950/3950/3950 3850/3850/3850 4028/4028/4028
f 3938/3938/3938 3850/3850/3850 3950/3950/3950
f 3950/3950/3950 3937/3937/3937 3938/3938/3938
f 3938/3938/3938 3937/3937/3937 3936/3936/3936
f 463/463/463 462/462/462 450/450/450
f 439/439/439 463/463/463 450/450/450
f 437/437/437 439/439/439 450/450/450
f 436/436/436 439/439/439 437/437/437
f 3848/3848/3848 3936/3936/3936 3937/3937/3937
f 3848/3848/3848 3937/3937/3937 3940/3940/3940
f 4034/4034/4034 3848/3848/3848 3943/3943/3943
f 3848/3848/3848 3941/3941/3941 3943/3943/3943
f 3848/3848/3848 3940/3940/3940 3941/3941/3941
f 3944/3944/3944 3943/3943/3943 3941/3941/3941
f 3729/3729/3729 3749/3749/3749 3719/3719/3719
f 3716/3716/3716 3714/3714/3714 3719/3719/3719
f 3719/3719/3719 3714/3714/3714 3729/3729/3729
f 3717/3717/3717 3715/3715/3715 3716/3716/3716
f 3716/3716/3716 3715/3715/3715 3714/3714/3714
f 3715/3715/3715 3717/3717/3717 3718/3718/3718
f 3717/3717/3717 3733/3733/3733 3718/3718/3718
f 3717/3717/3717 3734/3734/3734 3733/3733/3733
f 694/694/694 695/695/695 692/692/692
f 3735/3735/3735 3733/3733/3733 3734/3734/3734
f 693/693/693 692/692/692 690/690/690
f 693/693/693 694/694/694 692/692/692
f 696/696/696 690/690/690 686/686/686
f 696/696/696 693/693/693 690/690/690
f 456/456/456 450/450/450 462/462/462
f 468/468/468 456/456/456 462/462/462
f 686/686/686 691/691/691 696/696/696
f 450/450/450 456/456/456 437/437/437
f 4041/4041/4041 4042/4042/4042 4043/4043/4043
f 4041/4041/4041 4043/4043/4043 4044/4044/4044
f 4045/4045/4045 4041/4041/4041 4044/4044/4044
f 4046/4046/4046 4041/4041/4041 4045/4045/4045
f 4045/4045/4045 4047/4047/4047 4046/4046/4046
f 4009/4009/4009 4012/4012/4012 4010/4010/4010
f 3740/3740/3740 3789/3789/3789 3729/3729/3729
f 3729/3729/3729 3789/3789/3789 3749/3749/3749
f 3714/3714/3714 3713/3713/3713 3712/3712/3712
f 3740/3740/3740 3714/3714/3714 3712/3712/3712
f 3729/3729/3729 3714/3714/3714 3740/3740/3740
f 3713/3713/3713 3714/3714/3714 3715/3715/3715
f 3713/3713/3713 3715/3715/3715 3731/3731/3731
f 3731/3731/3731 3715/3715/3715 3718/3718/3718
f 4419/4419/4419 4420/4420/4420 4424/4424/4424
f 4419/4419/4419 4424/4424/4424 4422/4422/4422
f 4422/4422/4422 4421/4421/4421 4419/4419/4419
f 4419/4419/4419 4421/4421/4421 4418/4418/4418
f 3710/3710/3710 3798/3798/3798 3740/3740/3740
f 3798/3798/3798 3789/3789/3789 3740/3740/3740
f 1394/1394/1394 1392/1392/1392 1393/1393/1393
f 3710/3710/3710 3740/3740/3740 3712/3712/3712
f 4525/4525/4525 4528/4528/4528 4529/4529/4529
f 4418/4418/4418 4421/4421/4421 4423/4423/4423
f 4530/4530/4530 4528/4528/4528 4531/4531/4531
f 4528/4528/4528 4532/4532/4532 4531/4531/4531
f 4530/4530/4530 4529/4529/4529 4528/4528/4528
f 4532/4532/4532 4535/4535/4535 4531/4531/4531
f 924/924/924 920/920/920 921/921/921
f 1019/1019/1019 1018/1018/1018 921/921/921
f 921/921/921 1018/1018/1018 924/924/924
f 1015/1015/1015 1014/1014/1014 1019/1019/1019
f 1014/1014/1014 1018/1018/1018 1019/1019/1019
f 1014/1014/1014 1017/1017/1017 1018/1018/1018
f 1016/1016/1016 1014/1014/1014 1013/1013/1013
f 1016/1016/1016 1017/1017/1017 1014/1014/1014
f 1020/1020/1020 1013/1013/1013 1047/1047/1047
f 1020/1020/1020 1016/1016/1016 1013/1013/1013
f 1401/1401/1401 1392/1392/1392 1394/1394/1394
f 3539/3539/3539 3538/3538/3538 3508/3508/3508
f 4527/4527/4527 4528/4528/4528 4525/4525/4525
f 4723/4723/4723 4720/4720/4720 4717/4717/4717
f 4724/4724/4724 4723/4723/4723 4717/4717/4717
f 4532/4532/4532 4528/4528/4528 4533/4533/4533
f 4535/4535/4535 4532/4532/4532 4534/4534/4534
f 4534/4534/4534 4532/4532/4532 4533/4533/4533
f 3489/3489/3489 3490/3490/3490 3487/3487/3487
f 3489/3489/3489 3487/3487/3487 3488/3488/3488
f 3487/3487/3487 3485/3485/3485 3488/3488/3488
f 3487/3487/3487 3486/3486/3486 3485/3485/3485
f 915/915/915 912/912/912 913/913/913
f 3479/3479/3479 3485/3485/3485 3486/3486/3486
f 916/916/916 913/913/913 917/917/917
f 916/916/916 915/915/915 913/913/913
f 919/919/919 921/921/921 920/920/920
f 916/916/916 919/919/919 920/920/920
f 917/917/917 919/919/919 916/916/916
f 921/921/921 919/919/919 922/922/922
f 921/921/921 922/922/922 1019/1019/1019
f 1019/1019/1019 922/922/922 1015/1015/1015
f 4721/4721/4721 4724/4724/4724 4717/4717/4717
f 4410/4410/4410 4406/4406/4406 4409/4409/4409
f 4409/4409/4409 4406/4406/4406 4408/4408/4408
f 4406/4406/4406 4407/4407/4407 4408/4408/4408
f 4407/4407/4407 4411/4411/4411 4408/4408/4408
f 4586/4586/4586 4589/4589/4589 4590/4590/4590
f 1853/1853/1853 1852/1852/1852 1851/1851/1851
f 1851/1851/1851 1852/1852/1852 1849/1849/1849
f 894/894/894 899/899/899 906/906/906
f 907/907/907 894/894/894 906/906/906
f 1853/1853/1853 1851/1851/1851 1862/1862/1862
f 907/907/907 906/906/906 908/908/908
f 4584/4584/4584 4587/4587/4587 4586/4586/4586
f 4584/4584/4584 4586/4586/4586 4585/4585/4585
f 4589/4589/4589 4586/4586/4586 4588/4588/4588
f 4588/4588/4588 4586/4586/4586 4587/4587/4587
f 1858/1858/1858 1855/1855/1855 1854/1854/1854
f 1859/1859/1859 1858/1858/1858 1854/1854/1854
f 1849/1849/1849 1859/1859/1859 1854/1854/1854
f 1852/1852/1852 1859/1859/1859 1849/1849/1849
f 4591/4591/4591 4639/4639/4639 4587/4587/4587
f 4591/4591/4591 4587/4587/4587 4584/4584/4584
f 2918/2918/2918 2919/2919/2919 2916/2916/2916
f 2916/2916/2916 2919/2919/2919 2920/2920/2920
f 1866/1866/1866 1867/1867/1867 1865/1865/1865
f 1855/1855/1855 1858/1858/1858 1865/1865/1865
f 1858/1858/1858 1866/1866/1866 1865/1865/1865
f 1858/1858/1858 1878/1878/1878 1866/1866/1866
f 1858/1858/1858 1859/1859/1859 1877/1877/1877
f 1858/1858/1858 1877/1877/1877 1878/1878/1878
f 2839/2839/2839 2842/2842/2842 2843/2843/2843
f 4591/4591/4591 4640/4640/4640 4639/4639/4639
f 1700/1700/1700 1701/1701/1701 1702/1702/1702
f 2843/2843/2843 2842/2842/2842 2850/2850/2850
f 1866/1866/1866 1881/1881/1881 1867/1867/1867
f 2653/2653/2653 2651/2651/2651 2652/2652/2652
f 2651/2651/2651 2624/2624/2624 2652/2652/2652
f 2651/2651/2651 2623/2623/2623 2624/2624/2624
f 2623/2623/2623 2622/2622/2622 2569/2569/2569
f 2623/2623/2623 2569/2569/2569 2624/2624/2624
f 2820/2820/2820 2821/2821/2821 2829/2829/2829
f 2829/2829/2829 2821/2821/2821 2823/2823/2823
f 2905/2905/2905 2911/2911/2911 2902/2902/2902
f 2908/2908/2908 2911/2911/2911 2905/2905/2905
f 2909/2909/2909 2908/2908/2908 2907/2907/2907
f 2907/2907/2907 2908/2908/2908 2905/2905/2905
f 2624/2624/2624 2534/2534/2534 2652/2652/2652
f 2533/2533/2533 2529/2529/2529 2532/2532/2532
f 2533/2533/2533 2532/2532/2532 2534/2534/2534
f 2569/2569/2569 2533/2533/2533 2534/2534/2534
f 2624/2624/2624 2569/2569/2569 2534/2534/2534
f 2535/2535/2535 2560/2560/2560 2529/2529/2529
f 2535/2535/2535 2529/2529/2529 2533/2533/2533
f 2510/2510/2510 2512/2512/2512 2560/2560/2560
f 2687/2687/2687 2689/2689/2689 2688/2688/2688
f 2511/2511/2511 2512/2512/2512 2510/2510/2510
f 37/37/37 38/38/38 39/39/39
f 38/38/38 40/40/40 39/39/39
f 2802/2802/2802 2822/2822/2822 2821/2821/2821
f 2820/2820/2820 2802/2802/2802 2821/2821/2821
f 2804/2804/2804 2802/2802/2802 2820/2820/2820
f 2821/2821/2821 2822/2822/2822 2823/2823/2823
f 2529/2529/2529 2528/2528/2528 2532/2532/2532
f 2528/2528/2528 2529/2529/2529 2526/2526/2526
f 2526/2526/2526 2529/2529/2529 2560/2560/2560
f 2526/2526/2526 2560/2560/2560 2514/2514/2514
f 2514/2514/2514 2560/2560/2560 2512/2512/2512
f 2511/2511/2511 2513/2513/2513 2512/2512/2512
f 2513/2513/2513 2514/2514/2514 2512/2512/2512
f 2513/2513/2513 2515/2515/2515 2514/2514/2514
f 2430/2430/2430 2432/2432/2432 2426/2426/2426
f 2513/2513/2513 2516/2516/2516 2515/2515/2515
f 2429/2429/2429 2426/2426/2426 2432/2432/2432
f 2429/2429/2429 2432/2432/2432 2433/2433/2433
f 2422/2422/2422 2427/2427/2427 2410/2410/2410
f 2422/2422/2422 2410/2410/2410 2409/2409/2409
f 2417/2417/2417 2410/2410/2410 2418/2418/2418
f 2410/2410/2410 2419/2419/2419 2418/2418/2418
f 2410/2410/2410 2427/2427/2427 2419/2419/2419
f 4761/4761/4761 4762/4762/4762 4763/4763/4763
f 4762/4762/4762 4764/4764/4764 4763/4763/4763
f 4762/4762/4762 4765/4765/4765 4764/4764/4764
f 4764/4764/4764 4771/4771/4771 4833/4833/4833
f 4765/4765/4765 4771/4771/4771 4764/4764/4764
f 4912/4912/4912 4917/4917/4917 4916/4916/4916
f 4913/4913/4913 4912/4912/4912 4916/4916/4916
f 4910/4910/4910 4912/4912/4912 4913/4913/4913
f 4846/4846/4846 4847/4847/4847 4865/4865/4865
f 4915/4915/4915 4917/4917/4917 4912/4912/4912
f 4844/4844/4844 4848/4848/4848 4847/4847/4847
f 4844/4844/4844 4847/4847/4847 4846/4846/4846
f 2241/2241/2241 2240/2240/2240 2242/2242/2242
f 2810/2810/2810 2809/2809/2809 2808/2808/2808
f 2801/2801/2801 2807/2807/2807 2808/2808/2808
f 2801/2801/2801 2808/2808/2808 2809/2809/2809
f 2801/2801/2801 2800/2800/2800 2807/2807/2807
f 2800/2800/2800 2804/2804/2804 2807/2807/2807
f 2800/2800/2800 2802/2802/2802 2804/2804/2804
f 2433/2433/2433 2431/2431/2431 2429/2429/2429
f 2429/2429/2429 2431/2431/2431 2414/2414/2414
f 2414/2414/2414 2428/2428/2428 2412/2412/2412
f 2431/2431/2431 2428/2428/2428 2414/2414/2414
f 2412/2412/2412 2420/2420/2420 2411/2411/2411
f 2428/2428/2428 2420/2420/2420 2412/2412/2412
f 2409/2409/2409 2411/2411/2411 2422/2422/2422
f 2422/2422/2422 2411/2411/2411 2420/2420/2420
f 4917/4917/4917 4918/4918/4918 4916/4916/4916
f 4893/4893/4893 4865/4865/4865 4850/4850/4850
f 4850/4850/4850 4865/4865/4865 4847/4847/4847
f 4850/4850/4850 4847/4847/4847 4849/4849/4849
f 4849/4849/4849 4847/4847/4847 4848/4848/4848
f 2241/2241/2241 2227/2227/2227 2240/2240/2240
f 2227/2227/2227 2230/2230/2230 2240/2240/2240
f 2227/2227/2227 2224/2224/2224 2230/2230/2230
f 2224/2224/2224 2221/2221/2221 2223/2223/2223
f 2227/2227/2227 2221/2221/2221 2224/2224/2224
f 2222/2222/2222 2223/2223/2223 2221/2221/2221
f 2222/2222/2222 2221/2221/2221 2217/2217/2217
f 1575/1575/1575 1572/1572/1572 1574/1574/1574
f 1573/1573/1573 1577/1577/1577 1574/1574/1574
f 1573/1573/1573 1574/1574/1574 1572/1572/1572
f 1577/1577/1577 1573/1573/1573 1578/1578/1578
f 1580/1580/1580 1577/1577/1577 1578/1578/1578
f 1581/1581/1581 1577/1577/1577 1580/1580/1580
f 2810/2810/2810 2811/2811/2811 2809/2809/2809
f 2811/2811/2811 2831/2831/2831 2809/2809/2809
f 1581/1581/1581 1580/1580/1580 1582/1582/1582
f 2809/2809/2809 2831/2831/2831 2801/2801/2801
f 2801/2801/2801 2831/2831/2831 2799/2799/2799
f 2801/2801/2801 2799/2799/2799 2800/2800/2800
f 2217/2217/2217 2231/2231/2231 2222/2222/2222
f 1548/1548/1548 1539/1539/1539 1538/1538/1538
f 1538/1538/1538 1536/1536/1536 1537/1537/1537
f 1539/1539/1539 1536/1536/1536 1538/1538/1538
f 1537/1537/1537 1535/1535/1535 1541/1541/1541
f 1536/1536/1536 1535/1535/1535 1537/1537/1537
f 1535/1535/1535 1534/1534/1534 1540/1540/1540
f 1542/1542/1542 1535/1535/1535 1540/1540/1540
f 1541/1541/1541 1535/1535/1535 1542/1542/1542
f 1542/1542/1542 1540/1540/1540 1549/1549/1549
f 1550/1550/1550 1542/1542/1542 1549/1549/1549
f 1563/1563/1563 1542/1542/1542 1550/1550/1550
f 1575/1575/1575 1563/1563/1563 1572/1572/1572
f 1563/1563/1563 1554/1554/1554 1572/1572/1572
f 1563/1563/1563 1550/1550/1550 1554/1554/1554
f 1572/1572/1572 1554/1554/1554 1573/1573/1573
f 1573/1573/1573 1554/1554/1554 1558/1558/1558
f 1573/1573/1573 1558/1558/1558 1578/1578/1578
f 1534/1534/1534 1546/1546/1546 1540/1540/1540
f 1540/1540/1540 1546/1546/1546 1549/1549/1549
f 3866/3866/3866 4025/4025/4025 3876/3876/3876
f 3876/3876/3876 4025/4025/4025 4026/4026/4026
f 3864/3864/3864 3876/3876/3876 3863/3863/3863
f 3864/3864/3864 3866/3866/3866 3876/3876/3876
f 3860/3860/3860 3863/3863/3863 3862/3862/3862
f 3860/3860/3860 3864/3864/3864 3863/3863/3863
f 3859/3859/3859 3860/3860/3860 3852/3852/3852
f 3860/3860/3860 3861/3861/3861 3852/3852/3852
f 3860/3860/3860 3862/3862/3862 3861/3861/3861
f 3886/3886/3886 3852/3852/3852 3861/3861/3861
f 467/467/467 464/464/464 465/465/465
f 469/469/469 467/467/467 465/465/465
f 439/439/439 469/469/469 465/465/465
f 470/470/470 469/469/469 439/439/439
f 3851/3851/3851 3859/3859/3859 3852/3852/3852
f 3872/3872/3872 3851/3851/3851 3849/3849/3849
f 3849/3849/3849 3851/3851/3851 3850/3850/3850
f 3851/3851/3851 3852/3852/3852 3850/3850/3850
f 3852/3852/3852 3886/3886/3886 3850/3850/3850
f 3938/3938/3938 3847/3847/3847 3850/3850/3850
f 3850/3850/3850 3847/3847/3847 3849/3849/3849
f 3936/3936/3936 3847/3847/3847 3938/3938/3938
f 465/465/465 464/464/464 463/463/463
f 464/464/464 462/462/462 463/463/463
f 464/464/464 466/466/466 462/462/462
f 465/465/465 463/463/463 439/439/439
f 3844/3844/3844 3872/3872/3872 3849/3849/3849
f 3844/3844/3844 3849/3849/3849 3847/3847/3847
f 3844/3844/3844 3847/3847/3847 3843/3843/3843
f 3838/3838/3838 3843/3843/3843 3874/3874/3874
f 3874/3874/3874 3843/3843/3843 3848/3848/3848
f 3843/3843/3843 3847/3847/3847 3848/3848/3848
f 3847/3847/3847 3936/3936/3936 3848/3848/3848
f 4034/4034/4034 3874/3874/3874 3848/3848/3848
f 3742/3742/3742 3718/3718/3718 3733/3733/3733
f 3735/3735/3735 3736/3736/3736 3733/3733/3733
f 3733/3733/3733 3736/3736/3736 3742/3742/3742
f 3736/3736/3736 3735/3735/3735 3737/3737/3737
f 3735/3735/3735 3739/3739/3739 3737/3737/3737
f 694/694/694 693/693/693 697/697/697
f 698/698/698 693/693/693 696/696/696
f 698/698/698 697/697/697 693/693/693
f 468/468/468 462/462/462 466/466/466
f 468/468/468 466/466/466 474/474/474
f 3839/3839/3839 3838/3838/3838 3874/3874/3874
f 3839/3839/3839 3874/3874/3874 4034/4034/4034
f 4007/4007/4007 3839/3839/3839 4034/4034/4034
f 4006/4006/4006 3839/3839/3839 4007/4007/4007
f 4008/4008/4008 4007/4007/4007 4009/4009/4009
f 4008/4008/4008 4006/4006/4006 4007/4007/4007
f 4009/4009/4009 4010/4010/4010 4008/4008/4008
f 4008/4008/4008 4010/4010/4010 4024/4024/4024
f 3711/3711/3711 3712/3712/3712 3713/3713/3713
f 3804/3804/3804 3805/3805/3805 3809/3809/3809
f 3809/3809/3809 3805/3805/3805 3810/3810/3810
f 3799/3799/3799 3805/3805/3805 3804/3804/3804
f 3799/3799/3799 3804/3804/3804 3803/3803/3803
f 3800/3800/3800 3799/3799/3799 3803/3803/3803
f 3806/3806/3806 3800/3800/3800 3803/3803/3803
f 3800/3800/3800 3806/3806/3806 3807/3807/3807
f 3800/3800/3800 3807/3807/3807 3808/3808/3808
f 3738/3738/3738 3736/3736/3736 3737/3737/3737
f 4102/4102/4102 4103/4103/4103 4104/4104/4104
f 4417/4417/4417 4420/4420/4420 4419/4419/4419
f 4419/4419/4419 4418/4418/4418 4417/4417/4417
f 4417/4417/4417 4418/4418/4418 4416/4416/4416
f 3518/3518/3518 3534/3534/3534 3558/3558/3558
f 3558/3558/3558 3534/3534/3534 3538/3538/3538
f 3710/3710/3710 3712/3712/3712 3711/3711/3711
f 3707/3707/3707 3710/3710/3710 3711/3711/3711
f 3708/3708/3708 3710/3710/3710 3707/3707/3707
f 3811/3811/3811 3810/3810/3810 3805/3805/3805
f 3812/3812/3812 3813/3813/3813 3814/3814/3814
f 3802/3802/3802 3805/3805/3805 3799/3799/3799
f 4425/4425/4425 4416/4416/4416 4418/4418/4418
f 4425/4425/4425 4418/4418/4418 4423/4423/4423
f 4423/4423/4423 4426/4426/4426 4425/4425/4425
f 4425/4425/4425 4426/4426/4426 4432/4432/4432
f 3475/3475/3475 3497/3497/3497 3473/3473/3473
f 3475/3475/3475 3473/3473/3473 3474/3474/3474
f 3473/3473/3473 3472/3472/3472 3474/3474/3474
f 3473/3473/3473 3471/3471/3471 3472/3472/3472
f 3469/3469/3469 3471/3471/3471 3470/3470/3470
f 3469/3469/3469 3472/3472/3472 3471/3471/3471
f 3468/3468/3468 3470/3470/3470 3500/3500/3500
f 3468/3468/3468 3469/3469/3469 3470/3470/3470
f 3507/3507/3507 3500/3500/3500 3508/3508/3508
f 3507/3507/3507 3468/3468/3468 3500/3500/3500
f 3508/3508/3508 3538/3538/3538 3534/3534/3534
f 3508/3508/3508 3534/3534/3534 3507/3507/3507
f 4534/4534/4534 4627/4627/4627 4535/4535/4535
f 4407/4407/4407 4413/4413/4413 4432/4432/4432
f 3491/3491/3491 3488/3488/3488 3485/3485/3485
f 3479/3479/3479 3484/3484/3484 3485/3485/3485
f 3485/3485/3485 3484/3484/3484 3491/3491/3491
f 3484/3484/3484 3479/3479/3479 3480/3480/3480
f 3479/3479/3479 3478/3478/3478 3480/3480/3480
f 3479/3479/3479 3477/3477/3477 3478/3478/3478
f 3477/3477/3477 3497/3497/3497 3475/3475/3475
f 3476/3476/3476 3477/3477/3477 3475/3475/3475
f 3478/3478/3478 3477/3477/3477 3476/3476/3476
f 3476/3476/3476 3475/3475/3475 3474/3474/3474
f 4402/4402/4402 4413/4413/4413 4407/4407/4407
f 4402/4402/4402 4407/4407/4407 4406/4406/4406
f 4406/4406/4406 4403/4403/4403 4402/4402/4402
f 4402/4402/4402 4403/4403/4403 4401/4401/4401
f 1856/1856/1856 1852/1852/1852 1853/1853/1853
f 1862/1862/1862 1863/1863/1863 1853/1853/1853
f 1853/1853/1853 1863/1863/1863 1856/1856/1856
f 908/908/908 909/909/909 907/907/907
f 3491/3491/3491 3494/3494/3494 3495/3495/3495
f 3491/3491/3491 3492/3492/3492 3494/3494/3494
f 3484/3484/3484 3510/3510/3510 3493/3493/3493
f 3492/3492/3492 3484/3484/3484 3493/3493/3493
f 3491/3491/3491 3484/3484/3484 3492/3492/3492
f 3510/3510/3510 3484/3484/3484 3480/3480/3480
f 4404/4404/4404 4401/4401/4401 4403/4403/4403
f 4404/4404/4404 4405/4405/4405 4401/4401/4401
f 1864/1864/1864 1859/1859/1859 1856/1856/1856
f 1856/1856/1856 1859/1859/1859 1852/1852/1852
f 1863/1863/1863 1891/1891/1891 1876/1876/1876
f 1864/1864/1864 1863/1863/1863 1876/1876/1876
f 1856/1856/1856 1863/1863/1863 1864/1864/1864
f 1891/1891/1891 1863/1863/1863 1900/1900/1900
f 1891/1891/1891 1900/1900/1900 1897/1897/1897
f 1897/1897/1897 1900/1900/1900 1899/1899/1899
f 2916/2916/2916 2917/2917/2917 2918/2918/2918
f 2850/2850/2850 2743/2743/2743 2736/2736/2736
f 1879/1879/1879 1877/1877/1877 1864/1864/1864
f 1864/1864/1864 1877/1877/1877 1859/1859/1859
f 2493/2493/2493 2494/2494/2494 2495/2495/2495
f 2567/2567/2567 2493/2493/2493 2495/2495/2495
f 2690/2690/2690 2691/2691/2691 2692/2692/2692
f 2497/2497/2497 2567/2567/2567 2495/2495/2495
f 2839/2839/2839 2841/2841/2841 2842/2842/2842
f 2841/2841/2841 2853/2853/2853 2842/2842/2842
f 2912/2912/2912 2914/2914/2914 2915/2915/2915
f 2912/2912/2912 2913/2913/2913 2914/2914/2914
f 2546/2546/2546 2569/2569/2569 2549/2549/2549
f 2549/2549/2549 2569/2569/2569 2622/2622/2622
f 2548/2548/2548 2549/2549/2549 2567/2567/2567
f 2546/2546/2546 2549/2549/2549 2548/2548/2548
f 2567/2567/2567 2497/2497/2497 2682/2682/2682
f 2683/2683/2683 2684/2684/2684 2685/2685/2685
f 2686/2686/2686 2684/2684/2684 2683/2683/2683
f 2507/2507/2507 2551/2551/2551 2682/2682/2682
f 2902/2902/2902 2904/2904/2904 2905/2905/2905
f 2904/2904/2904 2906/2906/2906 2905/2905/2905
f 2905/2905/2905 2906/2906/2906 2907/2907/2907
f 2836/2836/2836 2838/2838/2838 2839/2839/2839
f 2838/2838/2838 2841/2841/2841 2839/2839/2839
f 2841/2841/2841 2838/2838/2838 2853/2853/2853
f 2546/2546/2546 2533/2533/2533 2569/2569/2569
f 2533/2533/2533 2546/2546/2546 2535/2535/2535
f 2535/2535/2535 2546/2546/2546 2548/2548/2548
f 2688/2688/2688 2686/2686/2686 2687/2687/2687
f 2687/2687/2687 2686/2686/2686 2683/2683/2683
f 2508/2508/2508 2565/2565/2565 2511/2511/2511
f 2508/2508/2508 2511/2511/2511 2510/2510/2510
f 2507/2507/2507 2508/2508/2508 2510/2510/2510
f 2551/2551/2551 2507/2507/2507 2510/2510/2510
f 2509/2509/2509 2565/2565/2565 2508/2508/2508
f 2251/2251/2251 2249/2249/2249 2248/2248/2248
f 2245/2245/2245 2248/2248/2248 2249/2249/2249
f 2802/2802/2802 2857/2857/2857 2822/2822/2822
f 2857/2857/2857 2871/2871/2871 2822/2822/2822
f 2903/2903/2903 2898/2898/2898 2902/2902/2902
f 2898/2898/2898 2901/2901/2901 2902/2902/2902
f 2901/2901/2901 2904/2904/2904 2902/2902/2902
f 2844/2844/2844 2835/2835/2835 2836/2836/2836
f 2565/2565/2565 2513/2513/2513 2511/2511/2511
f 2705/2705/2705 2706/2706/2706 2707/2707/2707
f 2517/2517/2517 2513/2513/2513 2565/2565/2565
f 2517/2517/2517 2516/2516/2516 2513/2513/2513
f 2434/2434/2434 2435/2435/2435 2433/2433/2433
f 2432/2432/2432 2434/2434/2434 2433/2433/2433
f 2517/2517/2517 2518/2518/2518 2516/2516/2516
f 2437/2437/2437 2439/2439/2439 2435/2435/2435
f 2437/2437/2437 2435/2435/2435 2434/2434/2434
f 2436/2436/2436 2439/2439/2439 2437/2437/2437
f 4794/4794/4794 4778/4778/4778 4774/4774/4774
f 4794/4794/4794 4774/4774/4774 4795/4795/4795
f 4774/4774/4774 4773/4773/4773 4762/4762/4762
f 4778/4778/4778 4773/4773/4773 4774/4774/4774
f 4762/4762/4762 4766/4766/4766 4765/4765/4765
f 4773/4773/4773 4766/4766/4766 4762/4762/4762
f 4765/4765/4765 4767/4767/4767 4771/4771/4771
f 4766/4766/4766 4767/4767/4767 4765/4765/4765
f 4910/4910/4910 4911/4911/4911 4912/4912/4912
f 4767/4767/4767 4835/4835/4835 4771/4771/4771
f 4912/4912/4912 4914/4914/4914 4915/4915/4915
f 4911/4911/4911 4914/4914/4914 4912/4912/4912
f 4845/4845/4845 4844/4844/4844 4841/4841/4841
f 4844/4844/4844 4839/4839/4839 4841/4841/4841
f 4844/4844/4844 4846/4846/4846 4839/4839/4839
f 2244/2244/2244 2243/2243/2243 2241/2241/2241
f 2244/2244/2244 2241/2241/2241 2242/2242/2242
f 2245/2245/2245 2244/2244/2244 2242/2242/2242
f 2248/2248/2248 2245/2245/2245 2242/2242/2242
f 41/41/41 42/42/42 43/43/43
f 2794/2794/2794 2798/2798/2798 2857/2857/2857
f 2802/2802/2802 2794/2794/2794 2857/2857/2857
f 2800/2800/2800 2794/2794/2794 2802/2802/2802
f 2857/2857/2857 2798/2798/2798 2871/2871/2871
f 2471/2471/2471 2472/2472/2472 2473/2473/2473
f 2431/2431/2431 2435/2435/2435 2428/2428/2428
f 2428/2428/2428 2435/2435/2435 2439/2439/2439
f 2487/2487/2487 2488/2488/2488 2489/2489/2489
f 2442/2442/2442 2428/2428/2428 2439/2439/2439
f 2442/2442/2442 2420/2420/2420 2428/2428/2428
f 2422/2422/2422 2420/2420/2420 2444/2444/2444
f 2444/2444/2444 2420/2420/2420 2442/2442/2442
f 2243/2243/2243 2227/2227/2227 2241/2241/2241
f 2238/2238/2238 2218/2218/2218 2243/2243/2243
f 2218/2218/2218 2227/2227/2227 2243/2243/2243
f 2218/2218/2218 2221/2221/2221 2227/2227/2227
f 2217/2217/2217 2221/2221/2221 2218/2218/2218
f 2217/2217/2217 2218/2218/2218 2219/2219/2219
f 1578/1578/1578 1584/1584/1584 1580/1580/1580
f 1583/1583/1583 1582/1582/1582 1580/1580/1580
f 1583/1583/1583 1580/1580/1580 1584/1584/1584
f 2831/2831/2831 2866/2866/2866 2861/2861/2861
f 2796/2796/2796 2831/2831/2831 2861/2861/2861
f 2799/2799/2799 2831/2831/2831 2796/2796/2796
f 2800/2800/2800 2799/2799/2799 2794/2794/2794
f 2794/2794/2794 2799/2799/2799 2796/2796/2796
f 1528/1528/1528 1527/1527/1527 1547/1547/1547
f 1547/1547/1547 1527/1527/1527 1539/1539/1539
f 1539/1539/1539 1530/1530/1530 1536/1536/1536
f 1527/1527/1527 1530/1530/1530 1539/1539/1539
f 1536/1536/1536 1531/1531/1531 1535/1535/1535
f 1530/1530/1530 1531/1531/1531 1536/1536/1536
f 1534/1534/1534 1535/1535/1535 1531/1531/1531
f 1534/1534/1534 1531/1531/1531 1533/1533/1533
f 1549/1549/1549 1551/1551/1551 1550/1550/1550
f 1550/1550/1550 1551/1551/1551 1552/1552/1552
f 1553/1553/1553 1550/1550/1550 1552/1552/1552
f 1554/1554/1554 1550/1550/1550 1553/1553/1553
f 1554/1554/1554 1555/1555/1555 1558/1558/1558
f 1553/1553/1553 1555/1555/1555 1554/1554/1554
f 1578/1578/1578 1558/1558/1558 1584/1584/1584
f 1558/1558/1558 1559/1559/1559 1584/1584/1584
f 1558/1558/1558 1555/1555/1555 1559/1559/1559
f 1584/1584/1584 1559/1559/1559 1583/1583/1583
f 1583/1583/1583 1559/1559/1559 1586/1586/1586
f 2866/2866/2866 2863/2863/2863 2861/2861/2861
f 1533/1533/1533 1545/1545/1545 1534/1534/1534
f 1534/1534/1534 1545/1545/1545 1546/1546/1546
f 1549/1549/1549 1546/1546/1546 1551/1551/1551
f 1546/1546/1546 1561/1561/1561 1551/1551/1551
f 1546/1546/1546 1545/1545/1545 1561/1561/1561
f 1551/1551/1551 1561/1561/1561 1552/1552/1552
f 3867/3867/3867 3939/3939/3939 3866/3866/3866
f 3866/3866/3866 3939/3939/3939 4025/4025/4025
f 3865/3865/3865 3866/3866/3866 3864/3864/3864
f 3865/3865/3865 3867/3867/3867 3866/3866/3866
f 3870/3870/3870 3865/3865/3865 3884/3884/3884
f 3865/3865/3865 3860/3860/3860 3884/3884/3884
f 3865/3865/3865 3864/3864/3864 3860/3860/3860
f 3859/3859/3859 3884/3884/3884 3860/3860/3860
f 3890/3890/3890 3982/3982/3982 3961/3961/3961
f 3961/3961/3961 3982/3982/3982 3983/3983/3983
f 3961/3961/3961 4025/4025/4025 3939/3939/3939
f 3961/3961/3961 3939/3939/3939 3890/3890/3890
f 4013/4013/4013 3870/3870/3870 3884/3884/3884
f 4027/4027/4027 4013/4013/4013 3965/3965/3965
f 3965/3965/3965 4013/4013/4013 3851/3851/3851
f 4013/4013/4013 3884/3884/3884 3851/3851/3851
f 3884/3884/3884 3859/3859/3859 3851/3851/3851
f 3872/3872/3872 3965/3965/3965 3851/3851/3851
f 471/471/471 466/466/466 464/464/464
f 475/475/475 466/466/466 471/471/471
f 4091/4091/4091 4092/4092/4092 4093/4093/4093
f 4029/4029/4029 3984/3984/3984 3853/3853/3853
f 3853/3853/3853 3984/3984/3984 3844/3844/3844
f 3984/3984/3984 3965/3965/3965 3844/3844/3844
f 3965/3965/3965 3872/3872/3872 3844/3844/3844
f 3843/3843/3843 3837/3837/3837 3844/3844/3844
f 3844/3844/3844 3837/3837/3837 3853/3853/3853
f 3838/3838/3838 3837/3837/3837 3843/3843/3843
f 3421/3421/3421 3417/3417/3417 3443/3443/3443
f 3443/3443/3443 3417/3417/3417 3437/3437/3437
f 699/699/699 697/697/697 698/698/698
f 699/699/699 700/700/700 697/697/697
f 474/474/474 466/466/466 475/475/475
f 698/698/698 703/703/703 699/699/699
f 3835/3835/3835 4029/4029/4029 3853/3853/3853
f 3835/3835/3835 3853/3853/3853 3837/3837/3837
f 3835/3835/3835 3837/3837/3837 3836/3836/3836
f 3836/3836/3836 3837/3837/3837 3838/3838/3838
f 3839/3839/3839 3836/3836/3836 3838/3838/3838
f 3873/3873/3873 3836/3836/3836 3839/3839/3839
f 4005/4005/4005 3839/3839/3839 4006/4006/4006
f 4005/4005/4005 3873/3873/3873 3839/3839/3839
f 4011/4011/4011 4006/4006/4006 4008/4008/4008
f 4011/4011/4011 4005/4005/4005 4006/4006/4006
f 4008/4008/4008 4024/4024/4024 4011/4011/4011
f 4011/4011/4011 4024/4024/4024 4015/4015/4015
f 3700/3700/3700 3704/3704/3704 3701/3701/3701
f 3799/3799/3799 3800/3800/3800 3801/3801/3801
f 3699/3699/3699 3700/3700/3700 3701/3701/3701
f 3699/3699/3699 3702/3702/3702 3700/3700/3700
f 3415/3415/3415 3438/3438/3438 3436/3436/3436
f 3703/3703/3703 3702/3702/3702 3699/3699/3699
f 3436/3436/3436 3437/3437/3437 3417/3417/3417
f 3436/3436/3436 3417/3417/3417 3415/3415/3415
f 4018/4018/4018 4015/4015/4015 4024/4024/4024
f 4018/4018/4018 4024/4024/4024 4022/4022/4022
f 4415/4415/4415 4394/4394/4394 4416/4416/4416
f 4394/4394/4394 4417/4417/4417 4416/4416/4416
f 4021/4021/4021 4018/4018/4018 4022/4022/4022
f 4415/4415/4415 4395/4395/4395 4394/4394/4394
f 3447/3447/3447 3449/3449/3449 3518/3518/3518
f 3518/3518/3518 3449/3449/3449 3534/3534/3534
f 3706/3706/3706 3708/3708/3708 3707/3707/3707
f 3706/3706/3706 3709/3709/3709 3708/3708/3708
f 3705/3705/3705 3701/3701/3701 3704/3704/3704
f 3706/3706/3706 3705/3705/3705 3704/3704/3704
f 3707/3707/3707 3705/3705/3705 3706/3706/3706
f 3801/3801/3801 3802/3802/3802 3799/3799/3799
f 4425/4425/4425 4415/4415/4415 4416/4416/4416
f 4425/4425/4425 4432/4432/4432 4415/4415/4415
f 4432/4432/4432 4395/4395/4395 4415/4415/4415
f 4432/4432/4432 4396/4396/4396 4395/4395/4395
f 3498/3498/3498 3474/3474/3474 3472/3472/3472
f 3498/3498/3498 3472/3472/3472 3499/3499/3499
f 3472/3472/3472 3506/3506/3506 3499/3499/3499
f 3472/3472/3472 3469/3469/3469 3506/3506/3506
f 3466/3466/3466 3469/3469/3469 3468/3468/3468
f 3466/3466/3466 3506/3506/3506 3469/3469/3469
f 3455/3455/3455 3468/3468/3468 3507/3507/3507
f 3455/3455/3455 3466/3466/3466 3468/3468/3468
f 3507/3507/3507 3534/3534/3534 3449/3449/3449
f 3507/3507/3507 3449/3449/3449 3455/3455/3455
f 4413/4413/4413 4400/4400/4400 4398/4398/4398
f 4396/4396/4396 4413/4413/4413 4398/4398/4398
f 4432/4432/4432 4413/4413/4413 4396/4396/4396
f 4400/4400/4400 4399/4399/4399 4398/4398/4398
f 3481/3481/3481 3480/3480/3480 3478/3478/3478
f 3481/3481/3481 3478/3478/3478 3482/3482/3482
f 3478/3478/3478 3483/3483/3483 3482/3482/3482
f 3478/3478/3478 3476/3476/3476 3483/3483/3483
f 3476/3476/3476 3474/3474/3474 3498/3498/3498
f 3541/3541/3541 3476/3476/3476 3498/3498/3498
f 3483/3483/3483 3476/3476/3476 3541/3541/3541
f 3541/3541/3541 3498/3498/3498 3499/3499/3499
f 4402/4402/4402 4400/4400/4400 4413/4413/4413
f 4402/4402/4402 4401/4401/4401 4400/4400/4400
f 4401/4401/4401 4399/4399/4399 4400/4400/4400
f 4401/4401/4401 4412/4412/4412 4399/4399/4399
f 3511/3511/3511 3493/3493/3493 3510/3510/3510
f 3535/3535/3535 3511/3511/3511 3510/3510/3510
f 3535/3535/3535 3510/3510/3510 3480/3480/3480
f 3496/3496/3496 3535/3535/3535 3480/3480/3480
f 3481/3481/3481 3496/3496/3496 3480/3480/3480
f 3496/3496/3496 3481/3481/3481 3482/3482/3482
f 4405/4405/4405 4412/4412/4412 4401/4401/4401
f 2736/2736/2736 2733/2733/2733 2735/2735/2735
f 1892/1892/1892 1876/1876/1876 1891/1891/1891
f 1897/1897/1897 1896/1896/1896 1891/1891/1891
f 1891/1891/1891 1896/1896/1896 1892/1892/1892
f 1899/1899/1899 1898/1898/1898 1897/1897/1897
f 1898/1898/1898 1896/1896/1896 1897/1897/1897
f 2503/2503/2503 2501/2501/2501 2499/2499/2499
f 3576/3576/3576 3577/3577/3577 3578/3578/3578
f 2503/2503/2503 2504/2504/2504 2501/2501/2501
f 2743/2743/2743 2733/2733/2733 2736/2736/2736
f 2743/2743/2743 2732/2732/2732 2733/2733/2733
f 2496/2496/2496 2495/2495/2495 2494/2494/2494
f 2495/2495/2495 2496/2496/2496 2497/2497/2497
f 2496/2496/2496 2498/2498/2498 2497/2497/2497
f 2496/2496/2496 2499/2499/2499 2498/2498/2498
f 2500/2500/2500 2499/2499/2499 2501/2501/2501
f 2498/2498/2498 2499/2499/2499 2500/2500/2500
f 2501/2501/2501 2504/2504/2504 2506/2506/2506
f 2501/2501/2501 2506/2506/2506 2500/2500/2500
f 2853/2853/2853 2732/2732/2732 2743/2743/2743
f 2853/2853/2853 2742/2742/2742 2732/2732/2732
f 2498/2498/2498 2682/2682/2682 2497/2497/2497
f 2682/2682/2682 2498/2498/2498 2507/2507/2507
f 2498/2498/2498 2502/2502/2502 2507/2507/2507
f 2498/2498/2498 2500/2500/2500 2502/2502/2502
f 2716/2716/2716 2718/2718/2718 2717/2717/2717
f 2715/2715/2715 2716/2716/2716 2717/2717/2717
f 2502/2502/2502 2500/2500/2500 2505/2505/2505
f 44/44/44 45/45/45 46/46/46
f 2837/2837/2837 2852/2852/2852 2838/2838/2838
f 2837/2837/2837 2838/2838/2838 2836/2836/2836
f 2928/2928/2928 2926/2926/2926 2925/2925/2925
f 2925/2925/2925 2926/2926/2926 2927/2927/2927
f 2502/2502/2502 2508/2508/2508 2507/2507/2507
f 2502/2502/2502 2505/2505/2505 2552/2552/2552
f 2509/2509/2509 2502/2502/2502 2552/2552/2552
f 2677/2677/2677 2509/2509/2509 2552/2552/2552
f 2502/2502/2502 2509/2509/2509 2508/2508/2508
f 2712/2712/2712 2714/2714/2714 2713/2713/2713
f 2490/2490/2490 2491/2491/2491 2492/2492/2492
f 4842/4842/4842 4843/4843/4843 4841/4841/4841
f 2245/2245/2245 2249/2249/2249 2250/2250/2250
f 2245/2245/2245 2250/2250/2250 2247/2247/2247
f 2898/2898/2898 2900/2900/2900 2901/2901/2901
f 2834/2834/2834 2833/2833/2833 2835/2835/2835
f 2833/2833/2833 2836/2836/2836 2835/2835/2835
f 2833/2833/2833 2837/2837/2837 2836/2836/2836
f 2709/2709/2709 2708/2708/2708 2705/2705/2705
f 2705/2705/2705 2708/2708/2708 2706/2706/2706
f 2517/2517/2517 2519/2519/2519 2518/2518/2518
f 2520/2520/2520 2519/2519/2519 2517/2517/2517
f 2434/2434/2434 2438/2438/2438 2437/2437/2437
f 2519/2519/2519 2521/2521/2521 2518/2518/2518
f 2436/2436/2436 2437/2437/2437 2438/2438/2438
f 2436/2436/2436 2438/2438/2438 2440/2440/2440
f 4800/4800/4800 4780/4780/4780 4778/4778/4778
f 4800/4800/4800 4778/4778/4778 4794/4794/4794
f 4778/4778/4778 4779/4779/4779 4773/4773/4773
f 4780/4780/4780 4779/4779/4779 4778/4778/4778
f 4773/4773/4773 4782/4782/4782 4766/4766/4766
f 4779/4779/4779 4782/4782/4782 4773/4773/4773
f 4766/4766/4766 4772/4772/4772 4767/4767/4767
f 4782/4782/4782 4772/4772/4772 4766/4766/4766
f 4772/4772/4772 4837/4837/4837 4836/4836/4836
f 4835/4835/4835 4772/4772/4772 4836/4836/4836
f 4767/4767/4767 4772/4772/4772 4835/4835/4835
f 4838/4838/4838 4839/4839/4839 4835/4835/4835
f 4838/4838/4838 4835/4835/4835 4836/4836/4836
f 4838/4838/4838 4840/4840/4840 4839/4839/4839
f 4840/4840/4840 4841/4841/4841 4839/4839/4839
f 4840/4840/4840 4842/4842/4842 4841/4841/4841
f 2247/2247/2247 2246/2246/2246 2245/2245/2245
f 2245/2245/2245 2246/2246/2246 2244/2244/2244
f 2238/2238/2238 2244/2244/2244 2246/2246/2246
f 2238/2238/2238 2246/2246/2246 2239/2239/2239
f 2794/2794/2794 2793/2793/2793 2798/2798/2798
f 2793/2793/2793 2791/2791/2791 2798/2798/2798
f 2899/2899/2899 2896/2896/2896 2898/2898/2898
f 2896/2896/2896 2897/2897/2897 2898/2898/2898
f 2897/2897/2897 2900/2900/2900 2898/2898/2898
f 2834/2834/2834 2803/2803/2803 2833/2833/2833
f 2440/2440/2440 2441/2441/2441 2436/2436/2436
f 2436/2436/2436 2441/2441/2441 2442/2442/2442
f 2444/2444/2444 2442/2442/2442 2443/2443/2443
f 2443/2443/2443 2442/2442/2442 2441/2441/2441
f 1818/1818/1818 1822/1822/1822 1819/1819/1819
f 1818/1818/1818 1819/1819/1819 1820/1820/1820
f 1819/1819/1819 1821/1821/1821 1820/1820/1820
f 1504/1504/1504 1505/1505/1505 1506/1506/1506
f 1509/1509/1509 1507/1507/1507 1508/1508/1508
f 1507/1507/1507 1505/1505/1505 1508/1508/1508
f 1507/1507/1507 1506/1506/1506 1505/1505/1505
f 1507/1507/1507 1509/1509/1509 1510/1510/1510
f 2239/2239/2239 2220/2220/2220 2238/2238/2238
f 2238/2238/2238 2220/2220/2220 2218/2218/2218
f 2219/2219/2219 2218/2218/2218 2220/2220/2220
f 1528/1528/1528 1529/1529/1529 1526/1526/1526
f 2861/2861/2861 2805/2805/2805 2796/2796/2796
f 2805/2805/2805 2795/2795/2795 2796/2796/2796
f 2796/2796/2796 2795/2795/2795 2794/2794/2794
f 2795/2795/2795 2790/2790/2790 2794/2794/2794
f 2790/2790/2790 2793/2793/2793 2794/2794/2794
f 2793/2793/2793 2790/2790/2790 2791/2791/2791
f 1513/1513/1513 1511/1511/1511 1504/1504/1504
f 1504/1504/1504 1511/1511/1511 1505/1505/1505
f 1505/1505/1505 1511/1511/1511 1512/1512/1512
f 1505/1505/1505 1512/1512/1512 1508/1508/1508
f 1526/1526/1526 1524/1524/1524 1528/1528/1528
f 1528/1528/1528 1524/1524/1524 1527/1527/1527
f 1527/1527/1527 1522/1522/1522 1530/1530/1530
f 1524/1524/1524 1522/1522/1522 1527/1527/1527
f 1522/1522/1522 1519/1519/1519 1532/1532/1532
f 1531/1531/1531 1522/1522/1522 1532/1532/1532
f 1530/1530/1530 1522/1522/1522 1531/1531/1531
f 1532/1532/1532 1533/1533/1533 1531/1531/1531
f 1552/1552/1552 1556/1556/1556 1553/1553/1553
f 1557/1557/1557 1555/1555/1555 1553/1553/1553
f 1557/1557/1557 1553/1553/1553 1556/1556/1556
f 1560/1560/1560 1559/1559/1559 1555/1555/1555
f 1560/1560/1560 1555/1555/1555 1557/1557/1557
f 1587/1587/1587 1586/1586/1586 1559/1559/1559
f 1587/1587/1587 1559/1559/1559 1560/1560/1560
f 2864/2864/2864 2862/2862/2862 2863/2863/2863
f 2863/2863/2863 2862/2862/2862 2861/2861/2861
f 2862/2862/2862 2806/2806/2806 2861/2861/2861
f 2806/2806/2806 2805/2805/2805 2861/2861/2861
f 2805/2805/2805 2806/2806/2806 2795/2795/2795
f 1519/1519/1519 1516/1516/1516 1532/1532/1532
f 1532/1532/1532 1516/1516/1516 1533/1533/1533
f 1516/1516/1516 1545/1545/1545 1533/1533/1533
f 1516/1516/1516 1515/1515/1515 1545/1545/1545
f 1545/1545/1545 1517/1517/1517 1561/1561/1561
f 1515/1515/1515 1517/1517/1517 1545/1545/1545
f 1552/1552/1552 1561/1561/1561 1556/1556/1556
f 1561/1561/1561 1562/1562/1562 1556/1556/1556
f 1561/1561/1561 1517/1517/1517 1562/1562/1562
f 1556/1556/1556 1562/1562/1562 1557/1557/1557
f 1557/1557/1557 1562/1562/1562 1569/1569/1569
f 1557/1557/1557 1569/1569/1569 1560/1560/1560
f 1560/1560/1560 1569/1569/1569 1570/1570/1570
f 1560/1560/1560 1570/1570/1570 1587/1587/1587
f 1587/1587/1587 1570/1570/1570 1588/1588/1588
f 2864/2864/2864 2865/2865/2865 2862/2862/2862
f 3888/3888/3888 3939/3939/3939 3867/3867/3867
f 3865/3865/3865 3869/3869/3869 3867/3867/3867
f 3867/3867/3867 3869/3869/3869 3888/3888/3888
f 3870/3870/3870 3869/3869/3869 3865/3865/3865
f 3892/3892/3892 3895/3895/3895 3890/3890/3890
f 3890/3890/3890 3895/3895/3895 3982/3982/3982
f 3890/3890/3890 3939/3939/3939 3888/3888/3888
f 3889/3889/3889 3890/3890/3890 3888/3888/3888
f 3892/3892/3892 3890/3890/3890 3889/3889/3889
f 3889/3889/3889 3888/3888/3888 3869/3869/3869
f 3889/3889/3889 3869/3869/3869 3891/3891/3891
f 3978/3978/3978 3891/3891/3891 3979/3979/3979
f 3979/3979/3979 3891/3891/3891 4013/4013/4013
f 3891/3891/3891 3869/3869/3869 4013/4013/4013
f 3869/3869/3869 3870/3870/3870 4013/4013/4013
f 4027/4027/4027 3979/3979/3979 4013/4013/4013
f 476/476/476 475/475/475 471/471/471
f 477/477/477 475/475/475 476/476/476
f 4088/4088/4088 4089/4089/4089 4090/4090/4090
f 3976/3976/3976 3975/3975/3975 3977/3977/3977
f 3977/3977/3977 3975/3975/3975 3984/3984/3984
f 4088/4088/4088 4090/4090/4090 4091/4091/4091
f 4090/4090/4090 4092/4092/4092 4091/4091/4091
f 4076/4076/4076 4075/4075/4075 4077/4077/4077
f 3419/3419/3419 3417/3417/3417 3421/3421/3421
f 3419/3419/3419 3421/3421/3421 3420/3420/3420
f 3421/3421/3421 3439/3439/3439 3420/3420/3420
f 700/700/700 699/699/699 701/701/701
f 699/699/699 703/703/703 704/704/704
f 699/699/699 704/704/704 701/701/701
f 4070/4070/4070 4071/4071/4071 4075/4075/4075
f 4070/4070/4070 4075/4075/4075 4076/4076/4076
f 3835/3835/3835 3841/3841/3841 4029/4029/4029
f 3840/3840/3840 3841/3841/3841 3835/3835/3835
f 3834/3834/3834 3835/3835/3835 3836/3836/3836
f 3834/3834/3834 3840/3840/3840 3835/3835/3835
f 3845/3845/3845 3834/3834/3834 3846/3846/3846
f 3834/3834/3834 3873/3873/3873 3846/3846/3846
f 3834/3834/3834 3836/3836/3836 3873/3873/3873
f 4005/4005/4005 4035/4035/4035 3873/3873/3873
f 3873/3873/3873 4035/4035/4035 3846/3846/3846
f 4011/4011/4011 4014/4014/4014 4005/4005/4005
f 4005/4005/4005 4014/4014/4014 4035/4035/4035
f 4015/4015/4015 4014/4014/4014 4011/4011/4011
f 3410/3410/3410 3412/3412/3412 3408/3408/3408
f 3411/3411/3411 3409/3409/3409 3408/3408/3408
f 3408/3408/3408 3409/3409/3409 3410/3410/3410
f 3415/3415/3415 3414/3414/3414 3411/3411/3411
f 3411/3411/3411 3414/3414/3414 3409/3409/3409
f 3416/3416/3416 3414/3414/3414 3415/3415/3415
f 3416/3416/3416 3415/3415/3415 3417/3417/3417
f 3418/3418/3418 3416/3416/3416 3417/3417/3417
f 3419/3419/3419 3418/3418/3418 3417/3417/3417
f 3418/3418/3418 3419/3419/3419 3420/3420/3420
f 3875/3875/3875 3845/3845/3845 3846/3846/3846
f 4036/4036/4036 4037/4037/4037 4038/4038/4038
f 4036/4036/4036 4038/4038/4038 4039/4039/4039
f 4017/4017/4017 4035/4035/4035 4014/4014/4014
f 4017/4017/4017 4014/4014/4014 4016/4016/4016
f 4016/4016/4016 4014/4014/4014 4015/4015/4015
f 4018/4018/4018 4016/4016/4016 4015/4015/4015
f 4019/4019/4019 4016/4016/4016 4018/4018/4018
f 4383/4383/4383 4389/4389/4389 4390/4390/4390
f 4389/4389/4389 4394/4394/4394 4390/4390/4390
f 4019/4019/4019 4018/4018/4018 4021/4021/4021
f 4395/4395/4395 4390/4390/4390 4394/4394/4394
f 3448/3448/3448 3449/3449/3449 3447/3447/3447
f 3445/3445/3445 3446/3446/3446 3447/3447/3447
f 3447/3447/3447 3446/3446/3446 3448/3448/3448
f 3444/3444/3444 3446/3446/3446 3445/3445/3445
f 3444/3444/3444 3445/3445/3445 3412/3412/3412
f 3413/3413/3413 3444/3444/3444 3412/3412/3412
f 3410/3410/3410 3413/3413/3413 3412/3412/3412
f 3413/3413/3413 3410/3410/3410 3409/3409/3409
f 3413/3413/3413 3409/3409/3409 3556/3556/3556
f 3556/3556/3556 3409/3409/3409 3414/3414/3414
f 3556/3556/3556 3414/3414/3414 3422/3422/3422
f 3422/3422/3422 3414/3414/3414 3416/3416/3416
f 4384/4384/4384 4383/4383/4383 4390/4390/4390
f 4390/4390/4390 4395/4395/4395 4384/4384/4384
f 4395/4395/4395 4392/4392/4392 4384/4384/4384
f 4395/4395/4395 4396/4396/4396 4392/4392/4392
f 3560/3560/3560 3499/3499/3499 3506/3506/3506
f 3466/3466/3466 3467/3467/3467 3506/3506/3506
f 3506/3506/3506 3467/3467/3467 3560/3560/3560
f 3455/3455/3455 3456/3456/3456 3466/3466/3466
f 3466/3466/3466 3456/3456/3456 3467/3467/3467
f 3451/3451/3451 3456/3456/3456 3455/3455/3455
f 3451/3451/3451 3455/3455/3455 3449/3449/3449
f 3450/3450/3450 3451/3451/3451 3449/3449/3449
f 3448/3448/3448 3450/3450/3450 3449/3449/3449
f 3450/3450/3450 3448/3448/3448 3446/3446/3446
f 3450/3450/3450 3446/3446/3446 3519/3519/3519
f 3519/3519/3519 3446/3446/3446 3444/3444/3444
f 4397/4397/4397 4392/4392/4392 4396/4396/4396
f 4397/4397/4397 4396/4396/4396 4398/4398/4398
f 4398/4398/4398 4399/4399/4399 4397/4397/4397
f 4397/4397/4397 4399/4399/4399 4414/4414/4414
f 3540/3540/3540 3482/3482/3482 3483/3483/3483
f 3572/3572/3572 3569/3569/3569 3571/3571/3571
f 3569/3569/3569 3570/3570/3570 3571/3571/3571
f 3569/3569/3569 3573/3573/3573 3570/3570/3570
f 3541/3541/3541 3499/3499/3499 3560/3560/3560
f 3574/3574/3574 3573/3573/3573 3575/3575/3575
f 3570/3570/3570 3573/3573/3573 3574/3574/3574
f 3557/3557/3557 3560/3560/3560 3467/3467/3467
f 3557/3557/3557 3467/3467/3467 3504/3504/3504
f 3504/3504/3504 3467/3467/3467 3456/3456/3456
f 3504/3504/3504 3456/3456/3456 3457/3457/3457
f 3457/3457/3457 3456/3456/3456 3451/3451/3451
f 4412/4412/4412 4414/4414/4414 4399/4399/4399
f 4451/4451/4451 4448/4448/4448 4450/4450/4450
f 3521/3521/3521 3535/3535/3535 3496/3496/3496
f 3520/3520/3520 3521/3521/3521 3496/3496/3496
f 3520/3520/3520 3496/3496/3496 3482/3482/3482
f 3522/3522/3522 3520/3520/3520 3482/3482/3482
f 3540/3540/3540 3522/3522/3522 3482/3482/3482
f 3522/3522/3522 3540/3540/3540 3525/3525/3525
f 2733/2733/2733 2734/2734/2734 2735/2735/2735
f 2733/2733/2733 2730/2730/2730 2734/2734/2734
f 3531/3531/3531 3532/3532/3532 3521/3521/3521
f 3521/3521/3521 3532/3532/3532 3535/3535/3535
f 3521/3521/3521 3520/3520/3520 3530/3530/3530
f 3521/3521/3521 3530/3530/3530 3531/3531/3531
f 2732/2732/2732 2730/2730/2730 2733/2733/2733
f 2732/2732/2732 2729/2729/2729 2730/2730/2730
f 1187/1187/1187 1190/1190/1190 1186/1186/1186
f 1186/1186/1186 1190/1190/1190 1191/1191/1191
f 1186/1186/1186 1185/1185/1185 1180/1180/1180
f 1186/1186/1186 1180/1180/1180 1187/1187/1187
f 2742/2742/2742 2729/2729/2729 2732/2732/2732
f 2742/2742/2742 2728/2728/2728 2729/2729/2729
f 1187/1187/1187 1189/1189/1189 1190/1190/1190
f 1188/1188/1188 1189/1189/1189 1187/1187/1187
f 1180/1180/1180 1188/1188/1188 1187/1187/1187
f 2656/2656/2656 2659/2659/2659 2658/2658/2658
f 2309/2309/2309 2312/2312/2312 2310/2310/2310
f 2313/2313/2313 2326/2326/2326 2310/2310/2310
f 2313/2313/2313 2310/2310/2310 2312/2312/2312
f 47/47/47 48/48/48 49/49/49
f 2837/2837/2837 2840/2840/2840 2852/2852/2852
f 2878/2878/2878 2880/2880/2880 2881/2881/2881
f 2738/2738/2738 2742/2742/2742 2852/2852/2852
f 2738/2738/2738 2728/2728/2728 2742/2742/2742
f 2710/2710/2710 2711/2711/2711 2712/2712/2712
f 2659/2659/2659 2656/2656/2656 2655/2655/2655
f 2550/2550/2550 2659/2659/2659 2655/2655/2655
f 2522/2522/2522 2550/2550/2550 2655/2655/2655
f 2712/2712/2712 2713/2713/2713 2710/2710/2710
f 2570/2570/2570 2523/2523/2523 2522/2522/2522
f 2570/2570/2570 2522/2522/2522 2655/2655/2655
f 2553/2553/2553 2523/2523/2523 2570/2570/2570
f 1172/1172/1172 1128/1128/1128 1125/1125/1125
f 1127/1127/1127 1123/1123/1123 1125/1125/1125
f 1127/1127/1127 1125/1125/1125 1128/1128/1128
f 1910/1910/1910 1912/1912/1912 1913/1913/1913
f 1149/1149/1149 1123/1123/1123 1127/1127/1127
f 1117/1117/1117 1116/1116/1116 1121/1121/1121
f 1907/1907/1907 1912/1912/1912 1910/1910/1910
f 1114/1114/1114 1113/1113/1113 1116/1116/1116
f 1114/1114/1114 1116/1116/1116 1117/1117/1117
f 1108/1108/1108 1106/1106/1106 1113/1113/1113
f 1108/1108/1108 1113/1113/1113 1114/1114/1114
f 1107/1107/1107 1105/1105/1105 1106/1106/1106
f 1108/1108/1108 1107/1107/1107 1106/1106/1106
f 1909/1909/1909 1911/1911/1911 1906/1906/1906
f 2310/2310/2310 2315/2315/2315 2319/2319/2319
f 2252/2252/2252 2253/2253/2253 2247/2247/2247
f 2250/2250/2250 2252/2252/2252 2247/2247/2247
f 2309/2309/2309 2310/2310/2310 2311/2311/2311
f 2324/2324/2324 2310/2310/2310 2326/2326/2326
f 2315/2315/2315 2310/2310/2310 2324/2324/2324
f 2326/2326/2326 2329/2329/2329 2325/2325/2325
f 2326/2326/2326 2325/2325/2325 2324/2324/2324
f 2792/2792/2792 2845/2845/2845 2832/2832/2832
f 2845/2845/2845 2870/2870/2870 2840/2840/2840
f 2833/2833/2833 2845/2845/2845 2840/2840/2840
f 2837/2837/2837 2833/2833/2833 2840/2840/2840
f 2832/2832/2832 2845/2845/2845 2833/2833/2833
f 2878/2878/2878 2879/2879/2879 2880/2880/2880
f 2550/2550/2550 2520/2520/2520 2677/2677/2677
f 2520/2520/2520 2550/2550/2550 2519/2519/2519
f 2519/2519/2519 2550/2550/2550 2522/2522/2522
f 2519/2519/2519 2522/2522/2522 2521/2521/2521
f 2521/2521/2521 2522/2522/2522 2523/2523/2523
f 2554/2554/2554 2564/2564/2564 2559/2559/2559
f 2554/2554/2554 2559/2559/2559 2521/2521/2521
f 2553/2553/2553 2554/2554/2554 2521/2521/2521
f 2523/2523/2523 2553/2553/2553 2521/2521/2521
f 1173/1173/1173 1179/1179/1179 1172/1172/1172
f 1173/1173/1173 1172/1172/1172 1125/1125/1125
f 1165/1165/1165 1173/1173/1173 1125/1125/1125
f 1126/1126/1126 1165/1165/1165 1125/1125/1125
f 1126/1126/1126 1125/1125/1125 1124/1124/1124
f 1124/1124/1124 1125/1125/1125 1123/1123/1123
f 1124/1124/1124 1123/1123/1123 1122/1122/1122
f 1122/1122/1122 1123/1123/1123 1121/1121/1121
f 1122/1122/1122 1121/1121/1121 1120/1120/1120
f 1120/1120/1120 1121/1121/1121 1116/1116/1116
f 1120/1120/1120 1116/1116/1116 1119/1119/1119
f 1116/1116/1116 1115/1115/1115 1119/1119/1119
f 1116/1116/1116 1113/1113/1113 1115/1115/1115
f 1103/1103/1103 1113/1113/1113 1106/1106/1106
f 1115/1115/1115 1113/1113/1113 1103/1103/1103
f 1104/1104/1104 1103/1103/1103 1105/1105/1105
f 1105/1105/1105 1103/1103/1103 1106/1106/1106
f 2315/2315/2315 2314/2314/2314 2319/2319/2319
f 2314/2314/2314 2315/2315/2315 2316/2316/2316
f 2315/2315/2315 2317/2317/2317 2316/2316/2316
f 2315/2315/2315 2324/2324/2324 2317/2317/2317
f 2324/2324/2324 2325/2325/2325 2320/2320/2320
f 2324/2324/2324 2320/2320/2320 2317/2317/2317
f 2792/2792/2792 2832/2832/2832 2803/2803/2803
f 2791/2791/2791 2792/2792/2792 2803/2803/2803
f 2789/2789/2789 2792/2792/2792 2791/2791/2791
f 2803/2803/2803 2832/2832/2832 2833/2833/2833
f 2564/2564/2564 2566/2566/2566 2559/2559/2559
f 1178/1178/1178 1173/1173/1173 1165/1165/1165
f 1698/1698/1698 1699/1699/1699 1697/1697/1697
f 1695/1695/1695 1696/1696/1696 1697/1697/1697
f 1696/1696/1696 1698/1698/1698 1697/1697/1697
f 1115/1115/1115 1109/1109/1109 1112/1112/1112
f 1110/1110/1110 1109/1109/1109 1102/1102/1102
f 1109/1109/1109 1103/1103/1103 1102/1102/1102
f 1109/1109/1109 1115/1115/1115 1103/1103/1103
f 1102/1102/1102 1103/1103/1103 1104/1104/1104
f 2317/2317/2317 2318/2318/2318 2316/2316/2316
f 2321/2321/2321 2323/2323/2323 2322/2322/2322
f 2321/2321/2321 2322/2322/2322 2318/2318/2318
f 2320/2320/2320 2321/2321/2321 2318/2318/2318
f 2317/2317/2317 2320/2320/2320 2318/2318/2318
f 2327/2327/2327 2323/2323/2323 2321/2321/2321
f 2208/2208/2208 2213/2213/2213 2210/2210/2210
f 2208/2208/2208 2210/2210/2210 2209/2209/2209
f 2791/2791/2791 2790/2790/2790 2789/2789/2789
f 2789/2789/2789 2790/2790/2790 2788/2788/2788
f 1112/1112/1112 1118/1118/1118 1176/1176/1176
f 1118/1118/1118 1112/1112/1112 1111/1111/1111
f 1111/1111/1111 1112/1112/1112 1109/1109/1109
f 1111/1111/1111 1109/1109/1109 1110/1110/1110
f 1525/1525/1525 1524/1524/1524 1526/1526/1526
f 2327/2327/2327 2328/2328/2328 2323/2323/2323
f 1523/1523/1523 1524/1524/1524 1525/1525/1525
f 1523/1523/1523 1522/1522/1522 1524/1524/1524
f 1520/1520/1520 1518/1518/1518 1519/1519/1519
f 1522/1522/1522 1520/1520/1520 1519/1519/1519
f 1523/1523/1523 1520/1520/1520 1522/1522/1522
f 1521/1521/1521 1518/1518/1518 1520/1520/1520
f 2195/2195/2195 2194/2194/2194 2192/2192/2192
f 2190/2190/2190 2192/2192/2192 2194/2194/2194
f 2202/2202/2202 2204/2204/2204 2200/2200/2200
f 2205/2205/2205 2198/2198/2198 2200/2200/2200
f 2205/2205/2205 2200/2200/2200 2204/2204/2204
f 2206/2206/2206 2199/2199/2199 2198/2198/2198
f 2205/2205/2205 2206/2206/2206 2198/2198/2198
f 2207/2207/2207 2206/2206/2206 2205/2205/2205
f 2209/2209/2209 2206/2206/2206 2208/2208/2208
f 2208/2208/2208 2206/2206/2206 2207/2207/2207
f 1518/1518/1518 1516/1516/1516 1519/1519/1519
f 1521/1521/1521 1514/1514/1514 1518/1518/1518
f 1514/1514/1514 1516/1516/1516 1518/1518/1518
f 1514/1514/1514 1515/1515/1515 1516/1516/1516
f 2192/2192/2192 2193/2193/2193 2195/2195/2195
f 2193/2193/2193 2196/2196/2196 2195/2195/2195
f 1517/1517/1517 1515/1515/1515 1514/1514/1514
f 2190/2190/2190 2191/2191/2191 2192/2192/2192
f 2191/2191/2191 2193/2193/2193 2192/2192/2192
f 2191/2191/2191 2212/2212/2212 2193/2193/2193
f 2212/2212/2212 2203/2203/2203 2211/2211/2211
f 2191/2191/2191 2203/2203/2203 2212/2212/2212
f 2200/2200/2200 2201/2201/2201 2202/2202/2202
f 2201/2201/2201 2203/2203/2203 2202/2202/2202
f 2201/2201/2201 2211/2211/2211 2203/2203/2203
f 2201/2201/2201 2200/2200/2200 2197/2197/2197
f 2197/2197/2197 2200/2200/2200 2198/2198/2198
f 2197/2197/2197 2198/2198/2198 2199/2199/2199
f 3894/3894/3894 3895/3895/3895 3892/3892/3892
f 3889/3889/3889 3893/3893/3893 3892/3892/3892
f 3892/3892/3892 3893/3893/3893 3894/3894/3894
f 3891/3891/3891 3896/3896/3896 3889/3889/3889
f 3889/3889/3889 3896/3896/3896 3893/3893/3893
f 3978/3978/3978 3896/3896/3896 3891/3891/3891
f 2451/2451/2451 2452/2452/2452 2453/2453/2453
f 3897/3897/3897 3898/3898/3898 3894/3894/3894
f 4109/4109/4109 4110/4110/4110 4111/4111/4111
f 2461/2461/2461 2462/2462/2462 2463/2463/2463
f 3442/3442/3442 3440/3440/3440 3441/3441/3441
f 3897/3897/3897 3894/3894/3894 3893/3893/3893
f 3897/3897/3897 3893/3893/3893 3985/3985/3985
f 3985/3985/3985 3893/3893/3893 3896/3896/3896
f 4085/4085/4085 4086/4086/4086 4087/4087/4087
f 3973/3973/3973 3972/3972/3972 3974/3974/3974
f 3974/3974/3974 3972/3972/3972 3975/3975/3975
f 4087/4087/4087 4086/4086/4086 4088/4088/4088
f 4086/4086/4086 4089/4089/4089 4088/4088/4088
f 3976/3976/3976 3974/3974/3974 3975/3975/3975
f 2455/2455/2455 2456/2456/2456 2454/2454/2454
f 2455/2455/2455 2454/2454/2454 2452/2452/2452
f 2452/2452/2452 2454/2454/2454 2453/2453/2453
f 2454/2454/2454 2458/2458/2458 2453/2453/2453
f 3420/3420/3420 3439/3439/3439 3440/3440/3440
f 3440/3440/3440 3439/3439/3439 3441/3441/3441
f 4068/4068/4068 4073/4073/4073 4072/4072/4072
f 4068/4068/4068 4072/4072/4072 4071/4071/4071
f 4070/4070/4070 4068/4068/4068 4071/4071/4071
f 4067/4067/4067 4068/4068/4068 4070/4070/4070
f 3871/3871/3871 3841/3841/3841 3840/3840/3840
f 4069/4069/4069 4067/4067/4067 4070/4070/4070
f 3842/3842/3842 3840/3840/3840 3834/3834/3834
f 3842/3842/3842 3871/3871/3871 3840/3840/3840
f 3834/3834/3834 3845/3845/3845 3842/3842/3842
f 3842/3842/3842 3845/3845/3845 3854/3854/3854
f 3425/3425/3425 3424/3424/3424 3423/3423/3423
f 3425/3425/3425 3423/3423/3423 3426/3426/3426
f 2456/2456/2456 2457/2457/2457 2454/2454/2454
f 2457/2457/2457 2459/2459/2459 2454/2454/2454
f 2459/2459/2459 2460/2460/2460 2454/2454/2454
f 2454/2454/2454 2460/2460/2460 2458/2458/2458
f 3855/3855/3855 3854/3854/3854 3845/3845/3845
f 3855/3855/3855 3845/3845/3845 3875/3875/3875
f 4040/4040/4040 4036/4036/4036 4039/4039/4039
f 4030/4030/4030 3855/3855/3855 3875/3875/3875
f 4023/4023/4023 4017/4017/4017 4016/4016/4016
f 4023/4023/4023 4030/4030/4030 4017/4017/4017
f 4020/4020/4020 4016/4016/4016 4019/4019/4019
f 4388/4388/4388 4427/4427/4427 4428/4428/4428
f 4389/4389/4389 4383/4383/4383 4388/4388/4388
f 4388/4388/4388 4383/4383/4383 4382/4382/4382
f 3536/3536/3536 3444/3444/3444 3413/3413/3413
f 3583/3583/3583 3579/3579/3579 3582/3582/3582
f 3579/3579/3579 3581/3581/3581 3582/3582/3582
f 3579/3579/3579 3580/3580/3580 3581/3581/3581
f 3422/3422/3422 3423/3423/3423 3424/3424/3424
f 3537/3537/3537 3422/3422/3422 3424/3424/3424
f 3556/3556/3556 3422/3422/3422 3537/3537/3537
f 3423/3423/3423 3422/3422/3422 3416/3416/3416
f 4381/4381/4381 4382/4382/4382 4383/4383/4383
f 4381/4381/4381 4383/4383/4383 4384/4384/4384
f 4384/4384/4384 4392/4392/4392 4381/4381/4381
f 4381/4381/4381 4392/4392/4392 4380/4380/4380
f 3452/3452/3452 3451/3451/3451 3450/3450/3450
f 3452/3452/3452 3450/3450/3450 3453/3453/3453
f 3450/3450/3450 3454/3454/3454 3453/3453/3453
f 3450/3450/3450 3519/3519/3519 3454/3454/3454
f 3519/3519/3519 3444/3444/3444 3536/3536/3536
f 3503/3503/3503 3519/3519/3519 3536/3536/3536
f 3454/3454/3454 3519/3519/3519 3503/3503/3503
f 3503/3503/3503 3536/3536/3536 3513/3513/3513
f 4430/4430/4430 4380/4380/4380 4392/4392/4392
f 4430/4430/4430 4392/4392/4392 4397/4397/4397
f 4397/4397/4397 4414/4414/4414 4430/4430/4430
f 4430/4430/4430 4414/4414/4414 4433/4433/4433
f 3524/3524/3524 3525/3525/3525 3526/3526/3526
f 3557/3557/3557 3527/3527/3527 3526/3526/3526
f 3526/3526/3526 3527/3527/3527 3524/3524/3524
f 3504/3504/3504 3505/3505/3505 3557/3557/3557
f 3564/3564/3564 3565/3565/3565 3566/3566/3566
f 3457/3457/3457 3459/3459/3459 3504/3504/3504
f 3504/3504/3504 3459/3459/3459 3505/3505/3505
f 3458/3458/3458 3459/3459/3459 3457/3457/3457
f 3458/3458/3458 3457/3457/3457 3451/3451/3451
f 3509/3509/3509 3458/3458/3458 3451/3451/3451
f 3452/3452/3452 3509/3509/3509 3451/3451/3451
f 3509/3509/3509 3452/3452/3452 3453/3453/3453
f 4448/4448/4448 4452/4452/4452 4449/4449/4449
f 4447/4447/4447 4448/4448/4448 4449/4449/4449
f 4450/4450/4450 4448/4448/4448 4447/4447/4447
f 4373/4373/4373 4362/4362/4362 4375/4375/4375
f 3523/3523/3523 3520/3520/3520 3522/3522/3522
f 3525/3525/3525 3524/3524/3524 3522/3522/3522
f 3524/3524/3524 3523/3523/3523 3522/3522/3522
f 3524/3524/3524 3529/3529/3529 3523/3523/3523
f 3528/3528/3528 3524/3524/3524 3527/3527/3527
f 3529/3529/3529 3524/3524/3524 3528/3528/3528
f 3505/3505/3505 3516/3516/3516 3533/3533/3533
f 3567/3567/3567 3565/3565/3565 3568/3568/3568
f 3566/3566/3566 3565/3565/3565 3567/3567/3567
f 3516/3516/3516 3505/3505/3505 3459/3459/3459
f 3516/3516/3516 3459/3459/3459 3460/3460/3460
f 3460/3460/3460 3459/3459/3459 3458/3458/3458
f 2730/2730/2730 2731/2731/2731 2741/2741/2741
f 2730/2730/2730 2741/2741/2741 2734/2734/2734
f 4362/4362/4362 4373/4373/4373 4363/4363/4363
f 2855/2855/2855 2741/2741/2741 2731/2731/2731
f 1161/1161/1161 1185/1185/1185 1171/1171/1171
f 3523/3523/3523 3530/3530/3530 3520/3520/3520
f 1159/1159/1159 1171/1171/1171 1167/1167/1167
f 1161/1161/1161 1171/1171/1171 1159/1159/1159
f 1141/1141/1141 1167/1167/1167 1166/1166/1166
f 1159/1159/1159 1167/1167/1167 1141/1141/1141
f 1166/1166/1166 1168/1168/1168 1158/1158/1158
f 1166/1166/1166 1158/1158/1158 1141/1141/1141
f 2727/2727/2727 2740/2740/2740 2731/2731/2731
f 2730/2730/2730 2727/2727/2727 2731/2731/2731
f 2729/2729/2729 2727/2727/2727 2730/2730/2730
f 2731/2731/2731 2740/2740/2740 2855/2855/2855
f 1162/1162/1162 1180/1180/1180 1161/1161/1161
f 1161/1161/1161 1180/1180/1180 1185/1185/1185
f 1160/1160/1160 1161/1161/1161 1159/1159/1159
f 1162/1162/1162 1161/1161/1161 1160/1160/1160
f 1132/1132/1132 1159/1159/1159 1141/1141/1141
f 1160/1160/1160 1159/1159/1159 1132/1132/1132
f 1141/1141/1141 1158/1158/1158 1139/1139/1139
f 1131/1131/1131 1141/1141/1141 1139/1139/1139
f 1132/1132/1132 1141/1141/1141 1131/1131/1131
f 1134/1134/1134 1133/1133/1133 1131/1131/1131
f 1134/1134/1134 1131/1131/1131 1139/1139/1139
f 1135/1135/1135 1137/1137/1137 1133/1133/1133
f 1135/1135/1135 1133/1133/1133 1134/1134/1134
f 1140/1140/1140 1138/1138/1138 1137/1137/1137
f 1140/1140/1140 1137/1137/1137 1135/1135/1135
f 1773/1773/1773 1781/1781/1781 1782/1782/1782
f 1146/1146/1146 1138/1138/1138 1140/1140/1140
f 1772/1772/1772 1776/1776/1776 1781/1781/1781
f 1772/1772/1772 1781/1781/1781 1773/1773/1773
f 1769/1769/1769 1775/1775/1775 1776/1776/1776
f 1769/1769/1769 1776/1776/1776 1772/1772/1772
f 1774/1774/1774 1777/1777/1777 1775/1775/1775
f 1774/1774/1774 1775/1775/1775 1769/1769/1769
f 1778/1778/1778 1780/1780/1780 1777/1777/1777
f 1778/1778/1778 1777/1777/1777 1774/1774/1774
f 50/50/50 51/51/51 52/52/52
f 2728/2728/2728 2727/2727/2727 2729/2729/2729
f 2728/2728/2728 2726/2726/2726 2727/2727/2727
f 2594/2594/2594 2656/2656/2656 2657/2657/2657
f 2657/2657/2657 2656/2656/2656 2658/2658/2658
f 1170/1170/1170 1162/1162/1162 1160/1160/1160
f 1174/1174/1174 1162/1162/1162 1170/1170/1170
f 1163/1163/1163 1160/1160/1160 1132/1132/1132
f 1170/1170/1170 1160/1160/1160 1163/1163/1163
f 1129/1129/1129 1132/1132/1132 1131/1131/1131
f 1163/1163/1163 1132/1132/1132 1129/1129/1129
f 1130/1130/1130 1131/1131/1131 1133/1133/1133
f 1129/1129/1129 1131/1131/1131 1130/1130/1130
f 1136/1136/1136 1133/1133/1133 1137/1137/1137
f 1130/1130/1130 1133/1133/1133 1136/1136/1136
f 1794/1794/1794 1788/1788/1788 1796/1796/1796
f 1798/1798/1798 1794/1794/1794 1796/1796/1796
f 1137/1137/1137 1138/1138/1138 1136/1136/1136
f 1788/1788/1788 1794/1794/1794 1790/1790/1790
f 1788/1788/1788 1790/1790/1790 1786/1786/1786
f 1786/1786/1786 1790/1790/1790 1791/1791/1791
f 1786/1786/1786 1791/1791/1791 1784/1784/1784
f 1784/1784/1784 1791/1791/1791 1795/1795/1795
f 1763/1763/1763 1760/1760/1760 1757/1757/1757
f 1914/1914/1914 1915/1915/1915 1916/1916/1916
f 1760/1760/1760 1755/1755/1755 1757/1757/1757
f 1755/1755/1755 1760/1760/1760 1761/1761/1761
f 2448/2448/2448 2449/2449/2449 2450/2450/2450
f 1762/1762/1762 1755/1755/1755 1761/1761/1761
f 4954/4954/4954 4955/4955/4955 4956/4956/4956
f 1915/1915/1915 1914/1914/1914 1918/1918/1918
f 51/51/51 50/50/50 53/53/53
f 49/49/49 54/54/54 47/47/47
f 2738/2738/2738 2726/2726/2726 2728/2728/2728
f 2738/2738/2738 2744/2744/2744 2726/2726/2726
f 2594/2594/2594 2655/2655/2655 2656/2656/2656
f 2655/2655/2655 2594/2594/2594 2570/2570/2570
f 2570/2570/2570 2594/2594/2594 2556/2556/2556
f 2570/2570/2570 2556/2556/2556 2553/2553/2553
f 2556/2556/2556 2555/2555/2555 2553/2553/2553
f 2556/2556/2556 2557/2557/2557 2555/2555/2555
f 1172/1172/1172 1177/1177/1177 1128/1128/1128
f 1177/1177/1177 1129/1129/1129 1128/1128/1128
f 2555/2555/2555 2557/2557/2557 2558/2558/2558
f 1128/1128/1128 1129/1129/1129 1127/1127/1127
f 1127/1127/1127 1129/1129/1129 1130/1130/1130
f 1127/1127/1127 1130/1130/1130 1149/1149/1149
f 1149/1149/1149 1130/1130/1130 1136/1136/1136
f 1181/1181/1181 1175/1175/1175 1136/1136/1136
f 1175/1175/1175 1149/1149/1149 1136/1136/1136
f 1908/1908/1908 1907/1907/1907 1910/1910/1910
f 1907/1907/1907 1901/1901/1901 1905/1905/1905
f 1908/1908/1908 1901/1901/1901 1907/1907/1907
f 1905/1905/1905 1903/1903/1903 1906/1906/1906
f 1901/1901/1901 1903/1903/1903 1905/1905/1905
f 4978/4978/4978 4976/4976/4976 4960/4960/4960
f 5009/5009/5009 4978/4978/4978 4960/4960/4960
f 1906/1906/1906 1903/1903/1903 1909/1909/1909
f 1914/1914/1914 1916/1916/1916 1917/1917/1917
f 1919/1919/1919 1914/1914/1914 1917/1917/1917
f 4958/4958/4958 4956/4956/4956 4960/4960/4960
f 4956/4956/4956 4957/4957/4957 4954/4954/4954
f 4956/4956/4956 4958/4958/4958 4957/4957/4957
f 5048/5048/5048 5049/5049/5049 5050/5050/5050
f 5048/5048/5048 5050/5050/5050 5051/5051/5051
f 2876/2876/2876 2875/2875/2875 2872/2872/2872
f 2876/2876/2876 2872/2872/2872 2877/2877/2877
f 2872/2872/2872 2873/2873/2873 2874/2874/2874
f 2875/2875/2875 2873/2873/2873 2872/2872/2872
f 2738/2738/2738 2870/2870/2870 2744/2744/2744
f 2744/2744/2744 2870/2870/2870 2860/2860/2860
f 2555/2555/2555 2554/2554/2554 2553/2553/2553
f 1179/1179/1179 1177/1177/1177 1172/1172/1172
f 4976/4976/4976 4970/4970/4970 4960/4960/4960
f 4960/4960/4960 4970/4970/4970 4958/4958/4958
f 4958/4958/4958 4970/4970/4970 4961/4961/4961
f 4973/4973/4973 4959/4959/4959 4961/4961/4961
f 4959/4959/4959 4958/4958/4958 4961/4961/4961
f 4959/4959/4959 4957/4957/4957 4958/4958/4958
f 4959/4959/4959 4963/4963/4963 4962/4962/4962
f 4959/4959/4959 4962/4962/4962 4957/4957/4957
f 2789/2789/2789 2846/2846/2846 2792/2792/2792
f 2789/2789/2789 2787/2787/2787 2846/2846/2846
f 55/55/55 56/56/56 57/57/57
f 4975/4975/4975 4974/4974/4974 4973/4973/4973
f 4974/4974/4974 4959/4959/4959 4973/4973/4973
f 4974/4974/4974 4965/4965/4965 4959/4959/4959
f 4964/4964/4964 4972/4972/4972 4963/4963/4963
f 4959/4959/4959 4964/4964/4964 4963/4963/4963
f 4965/4965/4965 4964/4964/4964 4959/4959/4959
f 4964/4964/4964 4969/4969/4969 4972/4972/4972
f 2261/2261/2261 2260/2260/2260 2262/2262/2262
f 2261/2261/2261 2262/2262/2262 2266/2266/2266
f 2789/2789/2789 2788/2788/2788 2787/2787/2787
f 2787/2787/2787 2788/2788/2788 2786/2786/2786
f 56/56/56 58/58/58 57/57/57
f 4974/4974/4974 4967/4967/4967 4965/4965/4965
f 4965/4965/4965 4967/4967/4967 4966/4966/4966
f 4965/4965/4965 4966/4966/4966 4964/4964/4964
f 4964/4964/4964 4966/4966/4966 4968/4968/4968
f 4964/4964/4964 4968/4968/4968 4969/4969/4969
f 4968/4968/4968 4971/4971/4971 4969/4969/4969
f 2068/2068/2068 2065/2065/2065 2114/2114/2114
f 2114/2114/2114 2060/2060/2060 2062/2062/2062
f 2065/2065/2065 2060/2060/2060 2114/2114/2114
f 2059/2059/2059 2062/2062/2062 2060/2060/2060
f 2059/2059/2059 2060/2060/2060 2061/2061/2061
f 2291/2291/2291 2288/2288/2288 2290/2290/2290
f 2288/2288/2288 2287/2287/2287 2290/2290/2290
f 2277/2277/2277 2278/2278/2278 2279/2279/2279
f 2280/2280/2280 2264/2264/2264 2279/2279/2279
f 2280/2280/2280 2279/2279/2279 2278/2278/2278
f 2264/2264/2264 2280/2280/2280 2275/2275/2275
f 2265/2265/2265 2264/2264/2264 2275/2275/2275
f 2263/2263/2263 2264/2264/2264 2265/2265/2265
f 2266/2266/2266 2263/2263/2263 2261/2261/2261
f 2261/2261/2261 2263/2263/2263 2265/2265/2265
f 2061/2061/2061 2132/2132/2132 2059/2059/2059
f 1521/1521/1521 1571/1571/1571 1514/1514/1514
f 2214/2214/2214 2215/2215/2215 2216/2216/2216
f 2289/2289/2289 2286/2286/2286 2288/2288/2288
f 2289/2289/2289 2292/2292/2292 2286/2286/2286
f 2288/2288/2288 2286/2286/2286 2287/2287/2287
f 2286/2286/2286 2284/2284/2284 2287/2287/2287
f 2286/2286/2286 2285/2285/2285 2284/2284/2284
f 2284/2284/2284 2283/2283/2283 2282/2282/2282
f 2285/2285/2285 2283/2283/2283 2284/2284/2284
f 2277/2277/2277 2282/2282/2282 2278/2278/2278
f 2282/2282/2282 2281/2281/2281 2278/2278/2278
f 2282/2282/2282 2283/2283/2283 2281/2281/2281
f 2278/2278/2278 2281/2281/2281 2280/2280/2280
f 2280/2280/2280 2281/2281/2281 2274/2274/2274
f 2280/2280/2280 2274/2274/2274 2275/2275/2275
f 3916/3916/3916 3917/3917/3917 3898/3898/3898
f 4108/4108/4108 4107/4107/4107 4106/4106/4106
f 3915/3915/3915 3898/3898/3898 3897/3897/3897
f 3915/3915/3915 3916/3916/3916 3898/3898/3898
f 3935/3935/3935 3897/3897/3897 3985/3985/3985
f 3935/3935/3935 3915/3915/3915 3897/3897/3897
f 3933/3933/3933 3935/3935/3935 3971/3971/3971
f 3935/3935/3935 3972/3972/3972 3971/3971/3971
f 3935/3935/3935 3985/3985/3985 3972/3972/3972
f 3973/3973/3973 3971/3971/3971 3972/3972/3972
f 3430/3430/3430 3427/3427/3427 3429/3429/3429
f 3429/3429/3429 3427/3427/3427 3426/3426/3426
f 4105/4105/4105 4106/4106/4106 4107/4107/4107
f 3920/3920/3920 3917/3917/3917 3919/3919/3919
f 3980/3980/3980 3933/3933/3933 3971/3971/3971
f 3980/3980/3980 3971/3971/3971 3973/3973/3973
f 4068/4068/4068 4074/4074/4074 4073/4073/4073
f 3883/3883/3883 3980/3980/3980 3885/3885/3885
f 4066/4066/4066 4068/4068/4068 4067/4067/4067
f 3879/3879/3879 3883/3883/3883 3885/3885/3885
f 4065/4065/4065 4067/4067/4067 4069/4069/4069
f 4065/4065/4065 4066/4066/4066 4067/4067/4067
f 3858/3858/3858 3857/3857/3857 3856/3856/3856
f 3857/3857/3857 3842/3842/3842 3856/3856/3856
f 3857/3857/3857 3871/3871/3871 3842/3842/3842
f 3854/3854/3854 3856/3856/3856 3842/3842/3842
f 3428/3428/3428 3434/3434/3434 3425/3425/3425
f 3425/3425/3425 3434/3434/3434 3424/3424/3424
f 3425/3425/3425 3426/3426/3426 3427/3427/3427
f 3425/3425/3425 3427/3427/3427 3428/3428/3428
f 3969/3969/3969 3858/3858/3858 3856/3856/3856
f 3969/3969/3969 3856/3856/3856 3854/3854/3854
f 3855/3855/3855 3969/3969/3969 3854/3854/3854
f 4051/4051/4051 4052/4052/4052 4049/4049/4049
f 4048/4048/4048 4049/4049/4049 4050/4050/4050
f 4048/4048/4048 4051/4051/4051 4049/4049/4049
f 4058/4058/4058 4059/4059/4059 4060/4060/4060
f 3990/3990/3990 3987/3987/3987 4030/4030/4030
f 4391/4391/4391 4427/4427/4427 4388/4388/4388
f 4391/4391/4391 4429/4429/4429 4427/4427/4427
f 4388/4388/4388 4382/4382/4382 4391/4391/4391
f 4391/4391/4391 4382/4382/4382 4385/4385/4385
f 3559/3559/3559 3514/3514/3514 3537/3537/3537
f 3537/3537/3537 3514/3514/3514 3513/3513/3513
f 3537/3537/3537 3424/3424/3424 3434/3434/3434
f 3537/3537/3537 3434/3434/3434 3559/3559/3559
f 4379/4379/4379 4385/4385/4385 4382/4382/4382
f 4379/4379/4379 4382/4382/4382 4381/4381/4381
f 4381/4381/4381 4380/4380/4380 4379/4379/4379
f 4379/4379/4379 4380/4380/4380 4378/4378/4378
f 3501/3501/3501 3453/3453/3453 3454/3454/3454
f 3503/3503/3503 3502/3502/3502 3454/3454/3454
f 3454/3454/3454 3502/3502/3502 3501/3501/3501
f 3512/3512/3512 3502/3502/3502 3503/3503/3503
f 3513/3513/3513 3512/3512/3512 3503/3503/3503
f 3514/3514/3514 3512/3512/3512 3513/3513/3513
f 4440/4440/4440 4443/4443/4443 4444/4444/4444
f 4440/4440/4440 4444/4444/4444 4445/4445/4445
f 4445/4445/4445 4446/4446/4446 4440/4440/4440
f 4440/4440/4440 4446/4446/4446 4438/4438/4438
f 3463/3463/3463 3458/3458/3458 3509/3509/3509
f 3453/3453/3453 3501/3501/3501 3509/3509/3509
f 3561/3561/3561 3562/3562/3562 3563/3563/3563
f 1194/1194/1194 1192/1192/1192 1193/1193/1193
f 1941/1941/1941 1942/1942/1942 1943/1943/1943
f 1944/1944/1944 1941/1941/1941 1943/1943/1943
f 1194/1194/1194 1195/1195/1195 1192/1192/1192
f 59/59/59 60/60/60 61/61/61
f 4433/4433/4433 4375/4375/4375 4364/4364/4364
f 4374/4374/4374 4433/4433/4433 4364/4364/4364
f 4352/4352/4352 4433/4433/4433 4374/4374/4374
f 4362/4362/4362 4364/4364/4364 4375/4375/4375
f 3517/3517/3517 3533/3533/3533 3516/3516/3516
f 3460/3460/3460 3464/3464/3464 3516/3516/3516
f 3516/3516/3516 3464/3464/3464 3517/3517/3517
f 3461/3461/3461 3464/3464/3464 3460/3460/3460
f 3461/3461/3461 3460/3460/3460 3458/3458/3458
f 3462/3462/3462 3461/3461/3461 3458/3458/3458
f 3463/3463/3463 3462/3462/3462 3458/3458/3458
f 1153/1153/1153 1152/1152/1152 1169/1169/1169
f 3463/3463/3463 3465/3465/3465 3462/3462/3462
f 1192/1192/1192 1153/1153/1153 1193/1193/1193
f 2474/2474/2474 2475/2475/2475 2476/2476/2476
f 1192/1192/1192 1164/1164/1164 1153/1153/1153
f 4357/4357/4357 4374/4374/4374 4364/4364/4364
f 4364/4364/4364 4362/4362/4362 4357/4357/4357
f 4362/4362/4362 4343/4343/4343 4357/4357/4357
f 4362/4362/4362 4363/4363/4363 4343/4343/4343
f 1143/1143/1143 1158/1158/1158 1144/1144/1144
f 1144/1144/1144 1158/1158/1158 1168/1168/1168
f 1142/1142/1142 1144/1144/1144 1145/1145/1145
f 1143/1143/1143 1144/1144/1144 1142/1142/1142
f 1145/1145/1145 1157/1157/1157 1151/1151/1151
f 1147/1147/1147 1145/1145/1145 1151/1151/1151
f 1142/1142/1142 1145/1145/1145 1147/1147/1147
f 1147/1147/1147 1151/1151/1151 1152/1152/1152
f 1153/1153/1153 1147/1147/1147 1152/1152/1152
f 1148/1148/1148 1147/1147/1147 1153/1153/1153
f 1153/1153/1153 1164/1164/1164 1154/1154/1154
f 1150/1150/1150 1153/1153/1153 1154/1154/1154
f 1148/1148/1148 1153/1153/1153 1150/1150/1150
f 1155/1155/1155 1150/1150/1150 1154/1154/1154
f 2724/2724/2724 2851/2851/2851 2740/2740/2740
f 2724/2724/2724 2740/2740/2740 2727/2727/2727
f 2924/2924/2924 2922/2922/2922 2921/2921/2921
f 2921/2921/2921 2922/2922/2922 2923/2923/2923
f 1143/1143/1143 1139/1139/1139 1158/1158/1158
f 1139/1139/1139 1143/1143/1143 1134/1134/1134
f 1134/1134/1134 1143/1143/1143 1142/1142/1142
f 1134/1134/1134 1142/1142/1142 1135/1135/1135
f 1135/1135/1135 1142/1142/1142 1147/1147/1147
f 1135/1135/1135 1147/1147/1147 1140/1140/1140
f 1140/1140/1140 1147/1147/1147 1148/1148/1148
f 1140/1140/1140 1148/1148/1148 1146/1146/1146
f 1146/1146/1146 1148/1148/1148 1150/1150/1150
f 1155/1155/1155 1156/1156/1156 1150/1150/1150
f 1156/1156/1156 1146/1146/1146 1150/1150/1150
f 1771/1771/1771 1772/1772/1772 1773/1773/1773
f 1771/1771/1771 1783/1783/1783 1770/1770/1770
f 1769/1769/1769 1771/1771/1771 1770/1770/1770
f 1772/1772/1772 1771/1771/1771 1769/1769/1769
f 1768/1768/1768 1774/1774/1774 1769/1769/1769
f 1768/1768/1768 1769/1769/1769 1770/1770/1770
f 1779/1779/1779 1778/1778/1778 1774/1774/1774
f 1779/1779/1779 1774/1774/1774 1768/1768/1768
f 62/62/62 50/50/50 52/52/52
f 2726/2726/2726 2724/2724/2724 2727/2727/2727
f 2726/2726/2726 2723/2723/2723 2724/2724/2724
f 1789/1789/1789 1796/1796/1796 1788/1788/1788
f 1786/1786/1786 1787/1787/1787 1788/1788/1788
f 1788/1788/1788 1787/1787/1787 1789/1789/1789
f 1784/1784/1784 1785/1785/1785 1786/1786/1786
f 1786/1786/1786 1785/1785/1785 1787/1787/1787
f 1757/1757/1757 1756/1756/1756 1763/1763/1763
f 1764/1764/1764 1763/1763/1763 1756/1756/1756
f 1765/1765/1765 1766/1766/1766 1767/1767/1767
f 1835/1835/1835 1836/1836/1836 1837/1837/1837
f 1836/1836/1836 1835/1835/1835 1838/1838/1838
f 1840/1840/1840 1839/1839/1839 1835/1835/1835
f 1838/1838/1838 1835/1835/1835 1839/1839/1839
f 1756/1756/1756 1755/1755/1755 1758/1758/1758
f 1755/1755/1755 1756/1756/1756 1757/1757/1757
f 1830/1830/1830 1832/1832/1832 1831/1831/1831
f 1839/1839/1839 1840/1840/1840 1841/1841/1841
f 2445/2445/2445 2446/2446/2446 2447/2447/2447
f 1759/1759/1759 1758/1758/1758 1755/1755/1755
f 53/53/53 50/50/50 62/62/62
f 1832/1832/1832 1830/1830/1830 1833/1833/1833
f 2739/2739/2739 2722/2722/2722 2725/2725/2725
f 2722/2722/2722 2723/2723/2723 2725/2725/2725
f 2723/2723/2723 2744/2744/2744 2725/2725/2725
f 2723/2723/2723 2726/2726/2726 2744/2744/2744
f 1182/1182/1182 1175/1175/1175 1181/1181/1181
f 1175/1175/1175 1182/1182/1182 1183/1183/1183
f 1183/1183/1183 1182/1182/1182 1184/1184/1184
f 1901/1901/1901 1902/1902/1902 1903/1903/1903
f 1902/1902/1902 1901/1901/1901 1904/1904/1904
f 1184/1184/1184 1196/1196/1196 1183/1183/1183
f 1797/1797/1797 1787/1787/1787 1792/1792/1792
f 1785/1785/1785 1792/1792/1792 1787/1787/1787
f 4976/4976/4976 4978/4978/4978 4979/4979/4979
f 1842/1842/1842 1843/1843/1843 1838/1838/1838
f 1785/1785/1785 1793/1793/1793 1792/1792/1792
f 1842/1842/1842 1838/1838/1838 1839/1839/1839
f 1842/1842/1842 1839/1839/1839 1844/1844/1844
f 1844/1844/1844 1839/1839/1839 1841/1841/1841
f 1844/1844/1844 1841/1841/1841 1845/1845/1845
f 1845/1845/1845 1841/1841/1841 1846/1846/1846
f 2846/2846/2846 2780/2780/2780 2779/2779/2779
f 2778/2778/2778 2739/2739/2739 2725/2725/2725
f 2779/2779/2779 2778/2778/2778 2725/2725/2725
f 2860/2860/2860 2779/2779/2779 2725/2725/2725
f 2778/2778/2778 2779/2779/2779 2780/2780/2780
f 2860/2860/2860 2725/2725/2725 2744/2744/2744
f 4979/4979/4979 5012/5012/5012 4980/4980/4980
f 4980/4980/4980 5012/5012/5012 4991/4991/4991
f 4977/4977/4977 4970/4970/4970 4976/4976/4976
f 4979/4979/4979 4977/4977/4977 4976/4976/4976
f 4980/4980/4980 4977/4977/4977 4979/4979/4979
f 5010/5010/5010 4961/4961/4961 4970/4970/4970
f 5010/5010/5010 4970/4970/4970 4977/4977/4977
f 5010/5010/5010 4973/4973/4973 4961/4961/4961
f 2782/2782/2782 2781/2781/2781 2780/2780/2780
f 2846/2846/2846 2782/2782/2782 2780/2780/2780
f 2787/2787/2787 2782/2782/2782 2846/2846/2846
f 2780/2780/2780 2781/2781/2781 2778/2778/2778
f 4991/4991/4991 4982/4982/4982 4980/4980/4980
f 4983/4983/4983 4981/4981/4981 4982/4982/4982
f 4981/4981/4981 4980/4980/4980 4982/4982/4982
f 4981/4981/4981 4977/4977/4977 4980/4980/4980
f 5023/5023/5023 5025/5025/5025 5024/5024/5024
f 5022/5022/5022 5023/5023/5023 5024/5024/5024
f 4977/4977/4977 4981/4981/4981 5010/5010/5010
f 5010/5010/5010 4975/4975/4975 4973/4973/4973
f 2259/2259/2259 2276/2276/2276 2260/2260/2260
f 2259/2259/2259 2260/2260/2260 2261/2261/2261
f 2787/2787/2787 2786/2786/2786 2782/2782/2782
f 2782/2782/2782 2786/2786/2786 2785/2785/2785
f 4983/4983/4983 4990/4990/4990 4981/4981/4981
f 5023/5023/5023 5026/5026/5026 5025/5025/5025
f 5026/5026/5026 5027/5027/5027 5025/5025/5025
f 2095/2095/2095 2082/2082/2082 2120/2120/2120
f 2120/2120/2120 2077/2077/2077 2076/2076/2076
f 2082/2082/2082 2077/2077/2077 2120/2120/2120
f 2076/2076/2076 2066/2066/2066 2068/2068/2068
f 2077/2077/2077 2066/2066/2066 2076/2076/2076
f 2068/2068/2068 2067/2067/2067 2065/2065/2065
f 2066/2066/2066 2067/2067/2067 2068/2068/2068
f 2065/2065/2065 2064/2064/2064 2060/2060/2060
f 2067/2067/2067 2064/2064/2064 2065/2065/2065
f 2338/2338/2338 2334/2334/2334 2337/2337/2337
f 2060/2060/2060 2063/2063/2063 2061/2061/2061
f 2064/2064/2064 2063/2063/2063 2060/2060/2060
f 2333/2333/2333 2332/2332/2332 2334/2334/2334
f 2333/2333/2333 2334/2334/2334 2338/2338/2338
f 2330/2330/2330 2332/2332/2332 2333/2333/2333
f 2270/2270/2270 2267/2267/2267 2265/2265/2265
f 2270/2270/2270 2265/2265/2265 2275/2275/2275
f 2261/2261/2261 2265/2265/2265 2259/2259/2259
f 2259/2259/2259 2265/2265/2265 2267/2267/2267
f 2334/2334/2334 2336/2336/2336 2337/2337/2337
f 2336/2336/2336 2334/2334/2334 2335/2335/2335
f 2335/2335/2335 2334/2334/2334 2332/2332/2332
f 2330/2330/2330 2331/2331/2331 2332/2332/2332
f 2331/2331/2331 2335/2335/2335 2332/2332/2332
f 2331/2331/2331 2339/2339/2339 2335/2335/2335
f 2125/2125/2125 2115/2115/2115 2124/2124/2124
f 2126/2126/2126 2115/2115/2115 2125/2125/2125
f 2283/2283/2283 2293/2293/2293 2281/2281/2281
f 2115/2115/2115 2121/2121/2121 2124/2124/2124
f 2281/2281/2281 2272/2272/2272 2274/2274/2274
f 2293/2293/2293 2272/2272/2272 2281/2281/2281
f 2275/2275/2275 2274/2274/2274 2270/2270/2270
f 2270/2270/2270 2274/2274/2274 2272/2272/2272
f 3918/3918/3918 3917/3917/3917 3916/3916/3916
f 3915/3915/3915 3934/3934/3934 3916/3916/3916
f 3916/3916/3916 3934/3934/3934 3918/3918/3918
f 4081/4081/4081 4082/4082/4082 4083/4083/4083
f 4083/4083/4083 4082/4082/4082 4084/4084/4084
f 3933/3933/3933 3932/3932/3932 3935/3935/3935
f 3432/3432/3432 3431/3431/3431 3430/3430/3430
f 3430/3430/3430 3431/3431/3431 3427/3427/3427
f 3919/3919/3919 3917/3917/3917 3918/3918/3918
f 3921/3921/3921 3919/3919/3919 3918/3918/3918
f 3922/3922/3922 3919/3919/3919 3921/3921/3921
f 3921/3921/3921 3918/3918/3918 3934/3934/3934
f 3921/3921/3921 3934/3934/3934 3926/3926/3926
f 3928/3928/3928 3927/3927/3927 3926/3926/3926
f 3934/3934/3934 3928/3928/3928 3926/3926/3926
f 3932/3932/3932 3928/3928/3928 3934/3934/3934
f 3980/3980/3980 3930/3930/3930 3933/3933/3933
f 3930/3930/3930 3932/3932/3932 3933/3933/3933
f 3930/3930/3930 3928/3928/3928 3932/3932/3932
f 3883/3883/3883 3887/3887/3887 3980/3980/3980
f 4064/4064/4064 4063/4063/4063 4062/4062/4062
f 3879/3879/3879 3880/3880/3880 3883/3883/3883
f 3883/3883/3883 3880/3880/3880 3887/3887/3887
f 3857/3857/3857 3878/3878/3878 3879/3879/3879
f 3879/3879/3879 3878/3878/3878 3880/3880/3880
f 3858/3858/3858 3878/3878/3878 3857/3857/3857
f 3624/3624/3624 3623/3623/3623 3625/3625/3625
f 3626/3626/3626 3624/3624/3624 3625/3625/3625
f 3427/3427/3427 3435/3435/3435 3428/3428/3428
f 3431/3431/3431 3435/3435/3435 3427/3427/3427
f 3929/3929/3929 3927/3927/3927 3928/3928/3928
f 3929/3929/3929 3928/3928/3928 3930/3930/3930
f 3929/3929/3929 3930/3930/3930 3986/3986/3986
f 4061/4061/4061 4062/4062/4062 4063/4063/4063
f 3986/3986/3986 3887/3887/3887 3882/3882/3882
f 3882/3882/3882 3887/3887/3887 3880/3880/3880
f 3882/3882/3882 3880/3880/3880 3881/3881/3881
f 3881/3881/3881 3880/3880/3880 3878/3878/3878
f 3881/3881/3881 3878/3878/3878 3914/3914/3914
f 3914/3914/3914 3878/3878/3878 3858/3858/3858
f 3969/3969/3969 3914/3914/3914 3858/3858/3858
f 4053/4053/4053 4054/4054/4054 4055/4055/4055
f 3962/3962/3962 3963/3963/3963 3964/3964/3964
f 3963/3963/3963 3968/3968/3968 3964/3964/3964
f 3963/3963/3963 3969/3969/3969 3968/3968/3968
f 3987/3987/3987 3970/3970/3970 3968/3968/3968
f 3968/3968/3968 3970/3970/3970 3964/3964/3964
f 3990/3990/3990 3988/3988/3988 3987/3987/3987
f 3987/3987/3987 3988/3988/3988 3970/3970/3970
f 3992/3992/3992 3991/3991/3991 3990/3990/3990
f 3990/3990/3990 3991/3991/3991 3988/3988/3988
f 4385/4385/4385 4387/4387/4387 4391/4391/4391
f 3587/3587/3587 3585/3585/3585 3584/3584/3584
f 3584/3584/3584 3585/3585/3585 3586/3586/3586
f 3622/3622/3622 3623/3623/3623 3624/3624/3624
f 3543/3543/3543 3559/3559/3559 3554/3554/3554
f 3587/3587/3587 3584/3584/3584 3588/3588/3588
f 3543/3543/3543 3554/3554/3554 3435/3435/3435
f 3911/3911/3911 3962/3962/3962 3964/3964/3964
f 3911/3911/3911 3964/3964/3964 3970/3970/3970
f 1495/1495/1495 1497/1497/1497 1496/1496/1496
f 3989/3989/3989 3970/3970/3970 3988/3988/3988
f 3989/3989/3989 3988/3988/3988 3993/3993/3993
f 3993/3993/3993 3988/3988/3988 3991/3991/3991
f 3993/3993/3993 3991/3991/3991 3994/3994/3994
f 4386/4386/4386 4387/4387/4387 4385/4385/4385
f 4379/4379/4379 4386/4386/4386 4385/4385/4385
f 3996/3996/3996 3994/3994/3994 3997/3997/3997
f 4377/4377/4377 4376/4376/4376 4378/4378/4378
f 4376/4376/4376 4379/4379/4379 4378/4378/4378
f 3998/3998/3998 3996/3996/3996 3997/3997/3997
f 4377/4377/4377 4370/4370/4370 4376/4376/4376
f 1948/1948/1948 1947/1947/1947 1945/1945/1945
f 1950/1950/1950 1948/1948/1948 1945/1945/1945
f 1951/1951/1951 1950/1950/1950 1945/1945/1945
f 3514/3514/3514 3515/3515/3515 3512/3512/3512
f 4440/4440/4440 4442/4442/4442 4443/4443/4443
f 4345/4345/4345 4351/4351/4351 4352/4352/4352
f 4438/4438/4438 4439/4439/4439 4440/4440/4440
f 4439/4439/4439 4441/4441/4441 4440/4440/4440
f 4441/4441/4441 4442/4442/4442 4440/4440/4440
f 4345/4345/4345 4348/4348/4348 4351/4351/4351
f 1447/1447/1447 1445/1445/1445 1446/1446/1446
f 1449/1449/1449 1448/1448/1448 1446/1446/1446
f 1446/1446/1446 1448/1448/1448 1447/1447/1447
f 1949/1949/1949 1946/1946/1946 1947/1947/1947
f 1947/1947/1947 1946/1946/1946 1945/1945/1945
f 1946/1946/1946 1943/1943/1943 1945/1945/1945
f 1943/1943/1943 1942/1942/1942 1945/1945/1945
f 63/63/63 59/59/59 61/61/61
f 4374/4374/4374 4342/4342/4342 4345/4345/4345
f 4374/4374/4374 4345/4345/4345 4352/4352/4352
f 4348/4348/4348 4345/4345/4345 4346/4346/4346
f 4345/4345/4345 4344/4344/4344 4346/4346/4346
f 4345/4345/4345 4342/4342/4342 4344/4344/4344
f 4344/4344/4344 4347/4347/4347 4346/4346/4346
f 1438/1438/1438 1441/1441/1441 1440/1440/1440
f 1444/1444/1444 1439/1439/1439 1440/1440/1440
f 1440/1440/1440 1439/1439/1439 1438/1438/1438
f 1439/1439/1439 1444/1444/1444 1445/1445/1445
f 1445/1445/1445 1444/1444/1444 1446/1446/1446
f 5003/5003/5003 5004/5004/5004 5005/5005/5005
f 5004/5004/5004 5006/5006/5006 5005/5005/5005
f 5005/5005/5005 5006/5006/5006 5007/5007/5007
f 5020/5020/5020 5005/5005/5005 5007/5007/5007
f 5044/5044/5044 5045/5045/5045 5046/5046/5046
f 5020/5020/5020 5018/5018/5018 5021/5021/5021
f 5046/5046/5046 5047/5047/5047 5044/5044/5044
f 4357/4357/4357 4342/4342/4342 4374/4374/4374
f 4342/4342/4342 4357/4357/4357 4343/4343/4343
f 4341/4341/4341 4342/4342/4342 4343/4343/4343
f 4344/4344/4344 4342/4342/4342 4341/4341/4341
f 2936/2936/2936 2934/2934/2934 2933/2933/2933
f 2933/2933/2933 2934/2934/2934 2935/2935/2935
f 102/102/102 100/100/100 101/101/101
f 94/94/94 93/93/93 100/100/100
f 93/93/93 101/101/101 100/100/100
f 93/93/93 105/105/105 101/101/101
f 4998/4998/4998 5008/5008/5008 5004/5004/5004
f 5003/5003/5003 4998/4998/4998 5004/5004/5004
f 5002/5002/5002 4998/4998/4998 5003/5003/5003
f 5041/5041/5041 5042/5042/5042 5043/5043/5043
f 4998/4998/4998 5020/5020/5020 5008/5008/5008
f 5001/5001/5001 5020/5020/5020 4998/4998/4998
f 5011/5011/5011 5017/5017/5017 5018/5018/5018
f 5020/5020/5020 5011/5011/5011 5018/5018/5018
f 5001/5001/5001 5011/5011/5011 5020/5020/5020
f 5011/5011/5011 5014/5014/5014 5017/5017/5017
f 2724/2724/2724 2869/2869/2869 2851/2851/2851
f 2869/2869/2869 2752/2752/2752 2851/2851/2851
f 2851/2851/2851 2752/2752/2752 2758/2758/2758
f 2752/2752/2752 2756/2756/2756 2758/2758/2758
f 2756/2756/2756 2759/2759/2759 2758/2758/2758
f 2759/2759/2759 2756/2756/2756 2854/2854/2854
f 93/93/93 94/94/94 92/92/92
f 92/92/92 94/94/94 95/95/95
f 5002/5002/5002 4997/4997/4997 4998/4998/4998
f 93/93/93 92/92/92 91/91/91
f 4998/4998/4998 4996/4996/4996 5001/5001/5001
f 4998/4998/4998 4997/4997/4997 4996/4996/4996
f 5001/5001/5001 4999/4999/4999 5011/5011/5011
f 5001/5001/5001 4996/4996/4996 4999/4999/4999
f 5013/5013/5013 5015/5015/5015 5014/5014/5014
f 5011/5011/5011 5013/5013/5013 5014/5014/5014
f 4999/4999/4999 5013/5013/5013 5011/5011/5011
f 5013/5013/5013 5016/5016/5016 5015/5015/5015
f 2883/2883/2883 2885/2885/2885 2884/2884/2884
f 2882/2882/2882 2883/2883/2883 2884/2884/2884
f 2723/2723/2723 2719/2719/2719 2724/2724/2724
f 2884/2884/2884 2885/2885/2885 2886/2886/2886
f 95/95/95 96/96/96 92/92/92
f 97/97/97 90/90/90 96/96/96
f 90/90/90 92/92/92 96/96/96
f 90/90/90 91/91/91 92/92/92
f 4997/4997/4997 4994/4994/4994 4996/4996/4996
f 91/91/91 90/90/90 89/89/89
f 4996/4996/4996 4995/4995/4995 4999/4999/4999
f 4996/4996/4996 4994/4994/4994 4995/4995/4995
f 4999/4999/4999 5000/5000/5000 5013/5013/5013
f 4999/4999/4999 4995/4995/4995 5000/5000/5000
f 5034/5034/5034 5037/5037/5037 5036/5036/5036
f 5035/5035/5035 5034/5034/5034 5036/5036/5036
f 5031/5031/5031 5034/5034/5034 5035/5035/5035
f 5038/5038/5038 5039/5039/5039 5037/5037/5037
f 5038/5038/5038 5037/5037/5037 5034/5034/5034
f 1829/1829/1829 1830/1830/1830 1831/1831/1831
f 1829/1829/1829 1831/1831/1831 1834/1834/1834
f 1829/1829/1829 1833/1833/1833 1830/1830/1830
f 2737/2737/2737 2720/2720/2720 2722/2722/2722
f 2737/2737/2737 2722/2722/2722 2739/2739/2739
f 2723/2723/2723 2722/2722/2722 2719/2719/2719
f 2719/2719/2719 2722/2722/2722 2720/2720/2720
f 97/97/97 98/98/98 90/90/90
f 99/99/99 88/88/88 98/98/98
f 88/88/88 90/90/90 98/98/98
f 88/88/88 89/89/89 90/90/90
f 4994/4994/4994 4993/4993/4993 4995/4995/4995
f 4994/4994/4994 4992/4992/4992 4993/4993/4993
f 5028/5028/5028 5029/5029/5029 5030/5030/5030
f 5000/5000/5000 4993/4993/4993 5019/5019/5019
f 4995/4995/4995 4993/4993/4993 5000/5000/5000
f 5031/5031/5031 5032/5032/5032 5033/5033/5033
f 5031/5031/5031 5033/5033/5033 5034/5034/5034
f 5034/5034/5034 5033/5033/5033 5040/5040/5040
f 1827/1827/1827 1826/1826/1826 1823/1823/1823
f 1823/1823/1823 1826/1826/1826 1824/1824/1824
f 1823/1823/1823 1824/1824/1824 1825/1825/1825
f 1825/1825/1825 1824/1824/1824 1828/1828/1828
f 2887/2887/2887 2888/2888/2888 2889/2889/2889
f 2750/2750/2750 2737/2737/2737 2867/2867/2867
f 2737/2737/2737 2778/2778/2778 2867/2867/2867
f 2737/2737/2737 2739/2739/2739 2778/2778/2778
f 88/88/88 99/99/99 106/106/106
f 106/106/106 99/99/99 107/107/107
f 4992/4992/4992 4988/4988/4988 4993/4993/4993
f 4992/4992/4992 4989/4989/4989 4988/4988/4988
f 4988/4988/4988 4991/4991/4991 5012/5012/5012
f 4988/4988/4988 5012/5012/5012 4993/4993/4993
f 2783/2783/2783 2867/2867/2867 2781/2781/2781
f 2782/2782/2782 2783/2783/2783 2781/2781/2781
f 2784/2784/2784 2783/2783/2783 2782/2782/2782
f 2781/2781/2781 2867/2867/2867 2778/2778/2778
f 107/107/107 108/108/108 106/106/106
f 2035/2035/2035 2036/2036/2036 2037/2037/2037
f 110/110/110 106/106/106 108/108/108
f 4987/4987/4987 4988/4988/4988 4989/4989/4989
f 4984/4984/4984 4982/4982/4982 4991/4991/4991
f 4988/4988/4988 4984/4984/4984 4991/4991/4991
f 4987/4987/4987 4984/4984/4984 4988/4988/4988
f 4984/4984/4984 4983/4983/4983 4982/4982/4982
f 2830/2830/2830 2797/2797/2797 2785/2785/2785
f 2268/2268/2268 2276/2276/2276 2259/2259/2259
f 2782/2782/2782 2785/2785/2785 2784/2784/2784
f 2784/2784/2784 2785/2785/2785 2797/2797/2797
f 2035/2035/2035 2047/2047/2047 2036/2036/2036
f 4987/4987/4987 4986/4986/4986 4984/4984/4984
f 4984/4984/4984 4986/4986/4986 4985/4985/4985
f 4984/4984/4984 4985/4985/4985 4983/4983/4983
f 4985/4985/4985 4990/4990/4990 4983/4983/4983
f 2046/2046/2046 2084/2084/2084 2095/2095/2095
f 2084/2084/2084 2085/2085/2085 2083/2083/2083
f 2082/2082/2082 2084/2084/2084 2083/2083/2083
f 2095/2095/2095 2084/2084/2084 2082/2082/2082
f 2081/2081/2081 2077/2077/2077 2082/2082/2082
f 2081/2081/2081 2082/2082/2082 2083/2083/2083
f 2080/2080/2080 2066/2066/2066 2077/2077/2077
f 2080/2080/2080 2077/2077/2077 2081/2081/2081
f 2078/2078/2078 2067/2067/2067 2066/2066/2066
f 2078/2078/2078 2066/2066/2066 2080/2080/2080
f 2069/2069/2069 2064/2064/2064 2067/2067/2067
f 2069/2069/2069 2067/2067/2067 2078/2078/2078
f 2064/2064/2064 2069/2069/2069 2070/2070/2070
f 2071/2071/2071 2064/2064/2064 2070/2070/2070
f 2063/2063/2063 2064/2064/2064 2071/2071/2071
f 2071/2071/2071 2073/2073/2073 2074/2074/2074
f 2075/2075/2075 2071/2071/2071 2074/2074/2074
f 2063/2063/2063 2071/2071/2071 2075/2075/2075
f 2074/2074/2074 2079/2079/2079 2075/2075/2075
f 2109/2109/2109 2105/2105/2105 2108/2108/2108
f 2107/2107/2107 2108/2108/2108 2105/2105/2105
f 2271/2271/2271 2269/2269/2269 2267/2267/2267
f 2271/2271/2271 2267/2267/2267 2270/2270/2270
f 2259/2259/2259 2267/2267/2267 2268/2268/2268
f 2268/2268/2268 2267/2267/2267 2269/2269/2269
f 2085/2085/2085 2131/2131/2131 2083/2083/2083
f 2083/2083/2083 2131/2131/2131 2081/2081/2081
f 2081/2081/2081 2131/2131/2131 2118/2118/2118
f 2081/2081/2081 2118/2118/2118 2080/2080/2080
f 2080/2080/2080 2118/2118/2118 2117/2117/2117
f 2080/2080/2080 2117/2117/2117 2078/2078/2078
f 2078/2078/2078 2117/2117/2117 2119/2119/2119
f 2078/2078/2078 2119/2119/2119 2069/2069/2069
f 2069/2069/2069 2119/2119/2119 2116/2116/2116
f 2069/2069/2069 2116/2116/2116 2070/2070/2070
f 2073/2073/2073 2128/2128/2128 2074/2074/2074
f 2074/2074/2074 2128/2128/2128 2079/2079/2079
f 2128/2128/2128 2126/2126/2126 2079/2079/2079
f 2128/2128/2128 2127/2127/2127 2126/2126/2126
f 2108/2108/2108 2115/2115/2115 2109/2109/2109
f 2115/2115/2115 2127/2127/2127 2109/2109/2109
f 2115/2115/2115 2126/2126/2126 2127/2127/2127
f 2107/2107/2107 2113/2113/2113 2108/2108/2108
f 2113/2113/2113 2115/2115/2115 2108/2108/2108
f 2113/2113/2113 2121/2121/2121 2115/2115/2115
f 2121/2121/2121 2122/2122/2122 2123/2123/2123
f 2113/2113/2113 2122/2122/2122 2121/2121/2121
f 2270/2270/2270 2272/2272/2272 2271/2271/2271
f 2271/2271/2271 2272/2272/2272 2273/2273/2273
f 3433/3433/3433 3431/3431/3431 3432/3432/3432
f 3921/3921/3921 3923/3923/3923 3922/3922/3922
f 3922/3922/3922 3923/3923/3923 3924/3924/3924
f 3926/3926/3926 3925/3925/3925 3921/3921/3921
f 3921/3921/3921 3925/3925/3925 3923/3923/3923
f 3927/3927/3927 3925/3925/3925 3926/3926/3926
f 3542/3542/3542 3435/3435/3435 3433/3433/3433
f 3433/3433/3433 3435/3435/3435 3431/3431/3431
f 223/223/223 222/222/222 224/224/224
f 225/225/225 223/223/223 224/224/224
f 226/226/226 223/223/223 225/225/225
f 220/220/220 221/221/221 222/222/222
f 223/223/223 220/220/220 222/222/222
f 230/230/230 220/220/220 223/223/223
f 3929/3929/3929 3931/3931/3931 3927/3927/3927
f 3931/3931/3931 3925/3925/3925 3927/3927/3927
f 227/227/227 220/220/220 230/230/230
f 3986/3986/3986 3966/3966/3966 3929/3929/3929
f 3929/3929/3929 3966/3966/3966 3931/3931/3931
f 3882/3882/3882 3900/3900/3900 3986/3986/3986
f 4078/4078/4078 4079/4079/4079 4080/4080/4080
f 3881/3881/3881 3899/3899/3899 3882/3882/3882
f 3882/3882/3882 3899/3899/3899 3900/3900/3900
f 3914/3914/3914 3981/3981/3981 3881/3881/3881
f 3881/3881/3881 3981/3981/3981 3899/3899/3899
f 4053/4053/4053 4056/4056/4056 4054/4054/4054
f 4054/4054/4054 4056/4056/4056 4057/4057/4057
f 3962/3962/3962 3913/3913/3913 3963/3963/3963
f 2300/2300/2300 2305/2305/2305 2302/2302/2302
f 2302/2302/2302 2299/2299/2299 2300/2300/2300
f 3591/3591/3591 3585/3585/3585 3587/3587/3587
f 3591/3591/3591 3587/3587/3587 3590/3590/3590
f 3587/3587/3587 3589/3589/3589 3590/3590/3590
f 3587/3587/3587 3588/3588/3588 3589/3589/3589
f 3543/3543/3543 3435/3435/3435 3542/3542/3542
f 3544/3544/3544 3543/3543/3543 3542/3542/3542
f 3545/3545/3545 3543/3543/3543 3544/3544/3544
f 231/231/231 225/225/225 224/224/224
f 218/218/218 221/221/221 220/220/220
f 215/215/215 216/216/216 218/218/218
f 220/220/220 215/215/215 218/218/218
f 227/227/227 215/215/215 220/220/220
f 217/217/217 227/227/227 228/228/228
f 215/215/215 227/227/227 217/217/217
f 3097/3097/3097 3096/3096/3096 3094/3094/3094
f 3095/3095/3095 3097/3097/3097 3094/3094/3094
f 228/228/228 229/229/229 217/217/217
f 3901/3901/3901 3900/3900/3900 3899/3899/3899
f 3901/3901/3901 3899/3899/3899 3902/3902/3902
f 3902/3902/3902 3899/3899/3899 3981/3981/3981
f 3902/3902/3902 3981/3981/3981 3906/3906/3906
f 3906/3906/3906 3981/3981/3981 3913/3913/3913
f 3906/3906/3906 3913/3913/3913 3908/3908/3908
f 3909/3909/3909 3908/3908/3908 3910/3910/3910
f 3910/3910/3910 3908/3908/3908 3911/3911/3911
f 3908/3908/3908 3913/3913/3913 3911/3911/3911
f 3913/3913/3913 3962/3962/3962 3911/3911/3911
f 1496/1496/1496 1485/1485/1485 1495/1495/1495
f 1495/1495/1495 1485/1485/1485 1494/1494/1494
f 1485/1485/1485 1496/1496/1496 1477/1477/1477
f 1496/1496/1496 1475/1475/1475 1477/1477/1477
f 3989/3989/3989 3993/3993/3993 4004/4004/4004
f 3995/3995/3995 3993/3993/3993 3994/3994/3994
f 1476/1476/1476 1475/1475/1475 1479/1479/1479
f 2307/2307/2307 2302/2302/2302 2305/2305/2305
f 2308/2308/2308 2307/2307/2307 2305/2305/2305
f 3994/3994/3994 3996/3996/3996 3995/3995/3995
f 3999/3999/3999 4002/4002/4002 4003/4003/4003
f 3996/3996/3996 3999/3999/3999 4003/4003/4003
f 3998/3998/3998 3999/3999/3999 3996/3996/3996
f 4366/4366/4366 4367/4367/4367 4370/4370/4370
f 4367/4367/4367 4376/4376/4376 4370/4370/4370
f 4000/4000/4000 3999/3999/3999 3998/3998/3998
f 4366/4366/4366 4365/4365/4365 4367/4367/4367
f 3595/3595/3595 3614/3614/3614 3594/3594/3594
f 3593/3593/3593 3595/3595/3595 3594/3594/3594
f 3593/3593/3593 3594/3594/3594 3585/3585/3585
f 3592/3592/3592 3593/3593/3593 3585/3585/3585
f 3591/3591/3591 3592/3592/3592 3585/3585/3585
f 3551/3551/3551 3553/3553/3553 3550/3550/3550
f 216/216/216 215/215/215 214/214/214
f 216/216/216 214/214/214 219/219/219
f 212/212/212 215/215/215 217/217/217
f 214/214/214 215/215/215 212/212/212
f 3095/3095/3095 3094/3094/3094 3092/3092/3092
f 3095/3095/3095 3092/3092/3092 3159/3159/3159
f 3909/3909/3909 3910/3910/3910 3912/3912/3912
f 3104/3104/3104 3200/3200/3200 3107/3107/3107
f 1485/1485/1485 1483/1483/1483 1460/1460/1460
f 1464/1464/1464 1485/1485/1485 1460/1460/1460
f 1494/1494/1494 1485/1485/1485 1464/1464/1464
f 1483/1483/1483 1485/1485/1485 1477/1477/1477
f 4351/4351/4351 4366/4366/4366 4370/4370/4370
f 4358/4358/4358 4353/4353/4353 4348/4348/4348
f 4348/4348/4348 4353/4353/4353 4351/4351/4351
f 4353/4353/4353 4365/4365/4365 4351/4351/4351
f 4365/4365/4365 4366/4366/4366 4351/4351/4351
f 4434/4434/4434 4435/4435/4435 4436/4436/4436
f 3609/3609/3609 3610/3610/3610 3608/3608/3608
f 3607/3607/3607 3606/3606/3606 3608/3608/3608
f 3608/3608/3608 3606/3606/3606 3609/3609/3609
f 3604/3604/3604 3606/3606/3606 3607/3607/3607
f 3604/3604/3604 3607/3607/3607 3614/3614/3614
f 3596/3596/3596 3604/3604/3604 3614/3614/3614
f 3595/3595/3595 3596/3596/3596 3614/3614/3614
f 3596/3596/3596 3595/3595/3595 3593/3593/3593
f 3210/3210/3210 3212/3212/3212 3211/3211/3211
f 219/219/219 214/214/214 211/211/211
f 3212/3212/3212 3213/3213/3213 3211/3211/3211
f 211/211/211 214/214/214 212/212/212
f 211/211/211 212/212/212 213/213/213
f 3093/3093/3093 3159/3159/3159 3092/3092/3092
f 3197/3197/3197 3107/3107/3107 3200/3200/3200
f 1459/1459/1459 1464/1464/1464 1460/1460/1460
f 4346/4346/4346 4358/4358/4358 4348/4348/4348
f 4354/4354/4354 4349/4349/4349 4347/4347/4347
f 4347/4347/4347 4349/4349/4349 4346/4346/4346
f 4349/4349/4349 4350/4350/4350 4346/4346/4346
f 4350/4350/4350 4358/4358/4358 4346/4346/4346
f 4354/4354/4354 4355/4355/4355 4349/4349/4349
f 1443/1443/1443 1442/1442/1442 1438/1438/1438
f 1438/1438/1438 1442/1442/1442 1441/1441/1441
f 1437/1437/1437 1438/1438/1438 1439/1439/1439
f 1437/1437/1437 1443/1443/1443 1438/1438/1438
f 3612/3612/3612 3610/3610/3610 3609/3609/3609
f 3613/3613/3613 3612/3612/3612 3609/3609/3609
f 3616/3616/3616 3612/3612/3612 3613/3613/3613
f 3613/3613/3613 3609/3609/3609 3606/3606/3606
f 3173/3173/3173 3175/3175/3175 3174/3174/3174
f 3605/3605/3605 3606/3606/3606 3604/3604/3604
f 1345/1345/1345 1349/1349/1349 1346/1346/1346
f 3210/3210/3210 3211/3211/3211 3209/3209/3209
f 3041/3041/3041 3040/3040/3040 3010/3010/3010
f 3209/3209/3209 3211/3211/3211 3213/3213/3213
f 2854/2854/2854 2771/2771/2771 2776/2776/2776
f 2933/2933/2933 2937/2937/2937 2936/2936/2936
f 4355/4355/4355 4354/4354/4354 4356/4356/4356
f 2768/2768/2768 2776/2776/2776 2771/2771/2771
f 119/119/119 118/118/118 117/117/117
f 117/117/117 104/104/104 100/100/100
f 103/103/103 117/117/117 100/100/100
f 102/102/102 103/103/103 100/100/100
f 117/117/117 103/103/103 119/119/119
f 104/104/104 94/94/94 100/100/100
f 1342/1342/1342 1343/1343/1343 1344/1344/1344
f 1344/1344/1344 1343/1343/1343 1345/1345/1345
f 1346/1346/1346 1344/1344/1344 1345/1345/1345
f 3006/3006/3006 3008/3008/3008 3010/3010/3010
f 3010/3010/3010 3040/3040/3040 3039/3039/3039
f 3004/3004/3004 3010/3010/3010 3039/3039/3039
f 3006/3006/3006 3010/3010/3010 3004/3004/3004
f 3005/3005/3005 3004/3004/3004 3039/3039/3039
f 2752/2752/2752 2755/2755/2755 2756/2756/2756
f 2755/2755/2755 2757/2757/2757 2756/2756/2756
f 2756/2756/2756 2757/2757/2757 2854/2854/2854
f 2929/2929/2929 2931/2931/2931 2932/2932/2932
f 2769/2769/2769 2771/2771/2771 2854/2854/2854
f 2771/2771/2771 2769/2769/2769 2768/2768/2768
f 118/118/118 116/116/116 117/117/117
f 117/117/117 116/116/116 104/104/104
f 104/104/104 116/116/116 109/109/109
f 94/94/94 104/104/104 109/109/109
f 111/111/111 94/94/94 109/109/109
f 95/95/95 94/94/94 111/111/111
f 2133/2133/2133 2134/2134/2134 2135/2135/2135
f 1925/1925/1925 1926/1926/1926 1927/1927/1927
f 1342/1342/1342 1344/1344/1344 1351/1351/1351
f 1342/1342/1342 1351/1351/1351 1359/1359/1359
f 3007/3007/3007 3008/3008/3008 3006/3006/3006
f 3009/3009/3009 3008/3008/3008 3007/3007/3007
f 3003/3003/3003 3006/3006/3006 3004/3004/3004
f 3007/3007/3007 3006/3006/3006 3003/3003/3003
f 3004/3004/3004 3005/3005/3005 3002/3002/3002
f 3004/3004/3004 3002/3002/3002 3003/3003/3003
f 2719/2719/2719 2721/2721/2721 2745/2745/2745
f 2721/2721/2721 2751/2751/2751 2745/2745/2745
f 2745/2745/2745 2751/2751/2751 2752/2752/2752
f 2751/2751/2751 2753/2753/2753 2752/2752/2752
f 2753/2753/2753 2755/2755/2755 2752/2752/2752
f 2755/2755/2755 2753/2753/2753 2757/2757/2757
f 111/111/111 112/112/112 95/95/95
f 95/95/95 112/112/112 96/96/96
f 97/97/97 96/96/96 112/112/112
f 97/97/97 112/112/112 114/114/114
f 2254/2254/2254 2255/2255/2255 2256/2256/2256
f 2254/2254/2254 2256/2256/2256 2257/2257/2257
f 1359/1359/1359 1351/1351/1351 1363/1363/1363
f 1359/1359/1359 1363/1363/1363 1361/1361/1361
f 3011/3011/3011 3009/3009/3009 3007/3007/3007
f 1363/1363/1363 1351/1351/1351 1364/1364/1364
f 3012/3012/3012 3007/3007/3007 3003/3003/3003
f 3011/3011/3011 3007/3007/3007 3012/3012/3012
f 3003/3003/3003 3002/3002/3002 2999/2999/2999
f 3003/3003/3003 2999/2999/2999 3012/3012/3012
f 2746/2746/2746 2747/2747/2747 2720/2720/2720
f 2746/2746/2746 2720/2720/2720 2737/2737/2737
f 2719/2719/2719 2720/2720/2720 2721/2721/2721
f 2890/2890/2890 2891/2891/2891 2892/2892/2892
f 2890/2890/2890 2893/2893/2893 2891/2891/2891
f 2721/2721/2721 2760/2760/2760 2751/2751/2751
f 114/114/114 113/113/113 97/97/97
f 97/97/97 113/113/113 98/98/98
f 99/99/99 98/98/98 113/113/113
f 99/99/99 113/113/113 115/115/115
f 64/64/64 65/65/65 66/66/66
f 2464/2464/2464 2467/2467/2467 2465/2465/2465
f 2464/2464/2464 2465/2465/2465 2466/2466/2466
f 2466/2466/2466 2465/2465/2465 2468/2468/2468
f 2466/2466/2466 2468/2468/2468 2469/2469/2469
f 2469/2469/2469 2468/2468/2468 2470/2470/2470
f 3153/3153/3153 3148/3148/3148 3146/3146/3146
f 3147/3147/3147 3145/3145/3145 3146/3146/3146
f 3148/3148/3148 3147/3147/3147 3146/3146/3146
f 2749/2749/2749 2750/2750/2750 2856/2856/2856
f 2737/2737/2737 2750/2750/2750 2746/2746/2746
f 2746/2746/2746 2750/2750/2750 2749/2749/2749
f 115/115/115 107/107/107 99/99/99
f 2053/2053/2053 2057/2057/2057 2058/2058/2058
f 3153/3153/3153 3146/3146/3146 3139/3139/3139
f 3153/3153/3153 3139/3139/3139 3135/3135/3135
f 3144/3144/3144 3139/3139/3139 3145/3145/3145
f 3145/3145/3145 3139/3139/3139 3146/3146/3146
f 2053/2053/2053 2041/2041/2041 2057/2057/2057
f 2057/2057/2057 2041/2041/2041 2037/2037/2037
f 2038/2038/2038 2039/2039/2039 2035/2035/2035
f 2037/2037/2037 2038/2038/2038 2035/2035/2035
f 2041/2041/2041 2038/2038/2038 2037/2037/2037
f 2040/2040/2040 2042/2042/2042 2039/2039/2039
f 2040/2040/2040 2039/2039/2039 2038/2038/2038
f 2043/2043/2043 2042/2042/2042 2040/2040/2040
f 67/67/67 68/68/68 69/69/69
f 3284/3284/3284 3283/3283/3283 3282/3282/3282
f 3284/3284/3284 3282/3282/3282 3295/3295/3295
f 3138/3138/3138 3134/3134/3134 3135/3135/3135
f 3138/3138/3138 3135/3135/3135 3139/3139/3139
f 3140/3140/3140 3138/3138/3138 3139/3139/3139
f 3143/3143/3143 3140/3140/3140 3139/3139/3139
f 3143/3143/3143 3139/3139/3139 3144/3144/3144
f 2039/2039/2039 2047/2047/2047 2035/2035/2035
f 2047/2047/2047 2039/2039/2039 2046/2046/2046
f 2046/2046/2046 2039/2039/2039 2042/2042/2042
f 2043/2043/2043 2050/2050/2050 2042/2042/2042
f 2050/2050/2050 2046/2046/2046 2042/2042/2042
f 2050/2050/2050 2084/2084/2084 2046/2046/2046
f 2051/2051/2051 2086/2086/2086 2085/2085/2085
f 2084/2084/2084 2051/2051/2051 2085/2085/2085
f 2050/2050/2050 2051/2051/2051 2084/2084/2084
f 2054/2054/2054 2087/2087/2087 2086/2086/2086
f 2054/2054/2054 2086/2086/2086 2051/2051/2051
f 2088/2088/2088 2089/2089/2089 2087/2087/2087
f 2088/2088/2088 2087/2087/2087 2054/2054/2054
f 2090/2090/2090 2092/2092/2092 2089/2089/2089
f 2090/2090/2090 2089/2089/2089 2088/2088/2088
f 2091/2091/2091 2093/2093/2093 2092/2092/2092
f 2091/2091/2091 2092/2092/2092 2090/2090/2090
f 2072/2072/2072 2071/2071/2071 2070/2070/2070
f 2094/2094/2094 2093/2093/2093 2091/2091/2091
f 2072/2072/2072 2073/2073/2073 2071/2071/2071
f 2102/2102/2102 2101/2101/2101 2110/2110/2110
f 2105/2105/2105 2109/2109/2109 2110/2110/2110
f 2101/2101/2101 2105/2105/2105 2110/2110/2110
f 2104/2104/2104 2105/2105/2105 2101/2101/2101
f 2106/2106/2106 2111/2111/2111 2107/2107/2107
f 2105/2105/2105 2106/2106/2106 2107/2107/2107
f 2104/2104/2104 2106/2106/2106 2105/2105/2105
f 3281/3281/3281 3286/3286/3286 3285/3285/3285
f 3282/3282/3282 3281/3281/3281 3285/3285/3285
f 3280/3280/3280 3281/3281/3281 3282/3282/3282
f 3149/3149/3149 3142/3142/3142 3141/3141/3141
f 3142/3142/3142 3138/3138/3138 3141/3141/3141
f 3280/3280/3280 3282/3282/3282 3283/3283/3283
f 3141/3141/3141 3138/3138/3138 3140/3140/3140
f 2086/2086/2086 2131/2131/2131 2085/2085/2085
f 2131/2131/2131 2086/2086/2086 2118/2118/2118
f 2118/2118/2118 2086/2086/2086 2087/2087/2087
f 2118/2118/2118 2087/2087/2087 2117/2117/2117
f 2117/2117/2117 2087/2087/2087 2089/2089/2089
f 2117/2117/2117 2089/2089/2089 2119/2119/2119
f 2119/2119/2119 2089/2089/2089 2092/2092/2092
f 2119/2119/2119 2092/2092/2092 2116/2116/2116
f 2116/2116/2116 2092/2092/2092 2093/2093/2093
f 2093/2093/2093 2094/2094/2094 2116/2116/2116
f 2094/2094/2094 2130/2130/2130 2116/2116/2116
f 2072/2072/2072 2070/2070/2070 2116/2116/2116
f 2072/2072/2072 2116/2116/2116 2130/2130/2130
f 2072/2072/2072 2130/2130/2130 2073/2073/2073
f 2130/2130/2130 2128/2128/2128 2073/2073/2073
f 2130/2130/2130 2129/2129/2129 2128/2128/2128
f 2110/2110/2110 2127/2127/2127 2102/2102/2102
f 2127/2127/2127 2129/2129/2129 2102/2102/2102
f 2127/2127/2127 2128/2128/2128 2129/2129/2129
f 2127/2127/2127 2110/2110/2110 2109/2109/2109
f 2111/2111/2111 2113/2113/2113 2107/2107/2107
f 3152/3152/3152 3151/3151/3151 3150/3150/3150
f 3150/3150/3150 3151/3151/3151 3142/3142/3142
f 3150/3150/3150 3142/3142/3142 3149/3149/3149
f 3547/3547/3547 3548/3548/3548 3555/3555/3555
f 221/221/221 246/246/246 222/222/222
f 2303/2303/2303 2304/2304/2304 2300/2300/2300
f 2300/2300/2300 2304/2304/2304 2305/2305/2305
f 2294/2294/2294 2298/2298/2298 2299/2299/2299
f 2298/2298/2298 2300/2300/2300 2299/2299/2299
f 2298/2298/2298 2303/2303/2303 2300/2300/2300
f 2296/2296/2296 2297/2297/2297 2294/2294/2294
f 2294/2294/2294 2297/2297/2297 2298/2298/2298
f 2296/2296/2296 2301/2301/2301 2297/2297/2297
f 3549/3549/3549 3550/3550/3550 3545/3545/3545
f 3544/3544/3544 3546/3546/3546 3545/3545/3545
f 3545/3545/3545 3546/3546/3546 3549/3549/3549
f 3548/3548/3548 3547/3547/3547 3544/3544/3544
f 3547/3547/3547 3546/3546/3546 3544/3544/3544
f 246/246/246 234/234/234 236/236/236
f 218/218/218 233/233/233 221/221/221
f 233/233/233 246/246/246 221/221/221
f 233/233/233 234/234/234 246/246/246
f 216/216/216 233/233/233 218/218/218
f 3091/3091/3091 3094/3094/3094 3096/3096/3096
f 3902/3902/3902 3903/3903/3903 3901/3901/3901
f 3901/3901/3901 3903/3903/3903 3904/3904/3904
f 3906/3906/3906 3905/3905/3905 3902/3902/3902
f 3902/3902/3902 3905/3905/3905 3903/3903/3903
f 3908/3908/3908 3907/3907/3907 3906/3906/3906
f 3906/3906/3906 3907/3907/3907 3905/3905/3905
f 3909/3909/3909 3907/3907/3907 3908/3908/3908
f 1472/1472/1472 1477/1477/1477 1475/1475/1475
f 1472/1472/1472 1475/1475/1475 1470/1470/1470
f 1475/1475/1475 1469/1469/1469 1470/1470/1470
f 1475/1475/1475 1476/1476/1476 1469/1469/1469
f 1476/1476/1476 1487/1487/1487 1478/1478/1478
f 1476/1476/1476 1478/1478/1478 1469/1469/1469
f 3999/3999/3999 4001/4001/4001 4002/4002/4002
f 4001/4001/4001 3999/3999/3999 4000/4000/4000
f 2294/2294/2294 2295/2295/2295 2296/2296/2296
f 4372/4372/4372 4368/4368/4368 4365/4365/4365
f 4365/4365/4365 4368/4368/4368 4367/4367/4367
f 4368/4368/4368 4369/4369/4369 4367/4367/4367
f 4369/4369/4369 4371/4371/4371 4367/4367/4367
f 4372/4372/4372 4393/4393/4393 4368/4368/4368
f 3615/3615/3615 3593/3593/3593 3592/3592/3592
f 3550/3550/3550 3549/3549/3549 3551/3551/3551
f 3549/3549/3549 3552/3552/3552 3551/3551/3551
f 238/238/238 239/239/239 240/240/240
f 237/237/237 238/238/238 236/236/236
f 239/239/239 238/238/238 237/237/237
f 235/235/235 236/236/236 234/234/234
f 237/237/237 236/236/236 235/235/235
f 232/232/232 234/234/234 233/233/233
f 235/235/235 234/234/234 232/232/232
f 219/219/219 232/232/232 216/216/216
f 216/216/216 232/232/232 233/233/233
f 3089/3089/3089 3092/3092/3092 3091/3091/3091
f 3091/3091/3091 3092/3092/3092 3094/3094/3094
f 3090/3090/3090 3106/3106/3106 3088/3088/3088
f 3089/3089/3089 3090/3090/3090 3088/3088/3088
f 3091/3091/3091 3090/3090/3090 3089/3089/3089
f 3257/3257/3257 3258/3258/3258 3259/3259/3259
f 3106/3106/3106 3084/3084/3084 3080/3080/3080
f 3078/3078/3078 3079/3079/3079 3080/3080/3080
f 3084/3084/3084 3078/3078/3078 3080/3080/3080
f 3085/3085/3085 3078/3078/3078 3084/3084/3084
f 3107/3107/3107 3078/3078/3078 3104/3104/3104
f 3104/3104/3104 3078/3078/3078 3085/3085/3085
f 1484/1484/1484 1461/1461/1461 1483/1483/1483
f 1483/1483/1483 1461/1461/1461 1460/1460/1460
f 1483/1483/1483 1477/1477/1477 1472/1472/1472
f 1471/1471/1471 1483/1483/1483 1472/1472/1472
f 1484/1484/1484 1483/1483/1483 1471/1471/1471
f 1471/1471/1471 1472/1472/1472 1470/1470/1470
f 4353/4353/4353 4372/4372/4372 4365/4365/4365
f 4361/4361/4361 4431/4431/4431 4350/4350/4350
f 4435/4435/4435 4437/4437/4437 4436/4436/4436
f 4431/4431/4431 4393/4393/4393 4353/4353/4353
f 4393/4393/4393 4372/4372/4372 4353/4353/4353
f 4361/4361/4361 4360/4360/4360 4431/4431/4431
f 3603/3603/3603 3604/3604/3604 3596/3596/3596
f 3597/3597/3597 3603/3603/3603 3596/3596/3596
f 3597/3597/3597 3596/3596/3596 3593/3593/3593
f 3598/3598/3598 3597/3597/3597 3593/3593/3593
f 3615/3615/3615 3598/3598/3598 3593/3593/3593
f 3598/3598/3598 3615/3615/3615 3602/3602/3602
f 3598/3598/3598 3602/3602/3602 3601/3601/3601
f 241/241/241 244/244/244 243/243/243
f 239/239/239 241/241/241 243/243/243
f 237/237/237 241/241/241 239/239/239
f 242/242/242 237/237/237 235/235/235
f 241/241/241 237/237/237 242/242/242
f 3210/3210/3210 3214/3214/3214 3212/3212/3212
f 242/242/242 232/232/232 249/249/249
f 242/242/242 235/235/235 232/232/232
f 3277/3277/3277 3278/3278/3278 3279/3279/3279
f 249/249/249 232/232/232 247/247/247
f 219/219/219 211/211/211 247/247/247
f 219/219/219 247/247/247 232/232/232
f 3093/3093/3093 3098/3098/3098 3099/3099/3099
f 3099/3099/3099 3098/3098/3098 3100/3100/3100
f 3092/3092/3092 3089/3089/3089 3093/3093/3093
f 3089/3089/3089 3098/3098/3098 3093/3093/3093
f 3253/3253/3253 3251/3251/3251 3252/3252/3252
f 3089/3089/3089 3088/3088/3088 3087/3087/3087
f 3254/3254/3254 3255/3255/3255 3256/3256/3256
f 3079/3079/3079 3078/3078/3078 3077/3077/3077
f 3079/3079/3079 3077/3077/3077 3164/3164/3164
f 3197/3197/3197 3076/3076/3076 3107/3107/3107
f 3076/3076/3076 3078/3078/3078 3107/3107/3107
f 3076/3076/3076 3077/3077/3077 3078/3078/3078
f 1457/1457/1457 1458/1458/1458 1459/1459/1459
f 1460/1460/1460 1457/1457/1457 1459/1459/1459
f 1461/1461/1461 1457/1457/1457 1460/1460/1460
f 4349/4349/4349 4361/4361/4361 4350/4350/4350
f 4349/4349/4349 4355/4355/4355 4361/4361/4361
f 4355/4355/4355 4360/4360/4360 4361/4361/4361
f 4355/4355/4355 4359/4359/4359 4360/4360/4360
f 3620/3620/3620 3621/3621/3621 3619/3619/3619
f 3616/3616/3616 3618/3618/3618 3619/3619/3619
f 3619/3619/3619 3618/3618/3618 3620/3620/3620
f 3613/3613/3613 3617/3617/3617 3616/3616/3616
f 3616/3616/3616 3617/3617/3617 3618/3618/3618
f 3174/3174/3174 2968/2968/2968 3173/3173/3173
f 3173/3173/3173 2968/2968/2968 2969/2969/2969
f 3604/3604/3604 3603/3603/3603 3605/3605/3605
f 3603/3603/3603 3611/3611/3611 3605/3605/3605
f 1939/1939/1939 1935/1935/1935 1936/1936/1936
f 1939/1939/1939 1938/1938/1938 1934/1934/1934
f 1939/1939/1939 1934/1934/1934 1935/1935/1935
f 244/244/244 241/241/241 245/245/245
f 1352/1352/1352 1347/1347/1347 1348/1348/1348
f 1345/1345/1345 1347/1347/1347 1349/1349/1349
f 1347/1347/1347 1350/1350/1350 1349/1349/1349
f 245/245/245 241/241/241 242/242/242
f 3040/3040/3040 3041/3041/3041 3208/3208/3208
f 3041/3041/3041 3214/3214/3214 3208/3208/3208
f 3210/3210/3210 3209/3209/3209 3208/3208/3208
f 3210/3210/3210 3208/3208/3208 3214/3214/3214
f 3213/3213/3213 3100/3100/3100 3209/3209/3209
f 3100/3100/3100 3208/3208/3208 3209/3209/3209
f 3100/3100/3100 3103/3103/3103 3208/3208/3208
f 3101/3101/3101 3100/3100/3100 3098/3098/3098
f 3103/3103/3103 3100/3100/3100 3101/3101/3101
f 3234/3234/3234 3252/3252/3252 3251/3251/3251
f 3101/3101/3101 3098/3098/3098 3102/3102/3102
f 3251/3251/3251 3248/3248/3248 3236/3236/3236
f 3251/3251/3251 3236/3236/3236 3234/3234/3234
f 3074/3074/3074 3164/3164/3164 3077/3077/3077
f 3074/3074/3074 3077/3077/3077 3076/3076/3076
f 3074/3074/3074 3076/3076/3076 3075/3075/3075
f 1405/1405/1405 1409/1409/1409 1408/1408/1408
f 1457/1457/1457 1462/1462/1462 1458/1458/1458
f 70/70/70 71/71/71 72/72/72
f 4356/4356/4356 4359/4359/4359 4355/4355/4355
f 2768/2768/2768 2767/2767/2767 2770/2770/2770
f 2959/2959/2959 2961/2961/2961 2960/2960/2960
f 2963/2963/2963 2952/2952/2952 2960/2960/2960
f 2952/2952/2952 2959/2959/2959 2960/2960/2960
f 2952/2952/2952 2949/2949/2949 2959/2959/2959
f 2948/2948/2948 2952/2952/2952 2953/2953/2953
f 2949/2949/2949 2952/2952/2952 2948/2948/2948
f 2954/2954/2954 2953/2953/2953 2969/2969/2969
f 2948/2948/2948 2953/2953/2953 2954/2954/2954
f 2966/2966/2966 2969/2969/2969 2968/2968/2968
f 2954/2954/2954 2969/2969/2969 2966/2966/2966
f 1928/1928/1928 1936/1936/1936 1935/1935/1935
f 2966/2966/2966 2968/2968/2968 2967/2967/2967
f 1935/1935/1935 1934/1934/1934 1932/1932/1932
f 1929/1929/1929 1935/1935/1935 1932/1932/1932
f 1928/1928/1928 1935/1935/1935 1929/1929/1929
f 1930/1930/1930 1929/1929/1929 1932/1932/1932
f 1348/1348/1348 1347/1347/1347 1343/1343/1343
f 1342/1342/1342 1348/1348/1348 1343/1343/1343
f 1355/1355/1355 1348/1348/1348 1342/1342/1342
f 1343/1343/1343 1347/1347/1347 1345/1345/1345
f 3208/3208/3208 3039/3039/3039 3040/3040/3040
f 3039/3039/3039 3208/3208/3208 3005/3005/3005
f 3208/3208/3208 3013/3013/3013 3005/3005/3005
f 3237/3237/3237 3233/3233/3233 3232/3232/3232
f 3228/3228/3228 3233/3233/3233 3249/3249/3249
f 3232/3232/3232 3233/3233/3233 3228/3228/3228
f 3234/3234/3234 3235/3235/3235 3231/3231/3231
f 3228/3228/3228 3234/3234/3234 3231/3231/3231
f 3249/3249/3249 3234/3234/3234 3228/3228/3228
f 3235/3235/3235 3234/3234/3234 3236/3236/3236
f 3270/3270/3270 3271/3271/3271 3272/3272/3272
f 73/73/73 71/71/71 70/70/70
f 2929/2929/2929 2930/2930/2930 2931/2931/2931
f 2859/2859/2859 2766/2766/2766 2769/2769/2769
f 2766/2766/2766 2768/2768/2768 2769/2769/2769
f 2766/2766/2766 2767/2767/2767 2768/2768/2768
f 2959/2959/2959 2962/2962/2962 2961/2961/2961
f 2962/2962/2962 2959/2959/2959 3038/3038/3038
f 3038/3038/3038 2959/2959/2959 2949/2949/2949
f 3038/3038/3038 2949/2949/2949 2955/2955/2955
f 2949/2949/2949 2944/2944/2944 2955/2955/2955
f 2949/2949/2949 2948/2948/2948 2944/2944/2944
f 2945/2945/2945 2948/2948/2948 2954/2954/2954
f 2944/2944/2944 2948/2948/2948 2945/2945/2945
f 2950/2950/2950 2954/2954/2954 2966/2966/2966
f 2945/2945/2945 2954/2954/2954 2950/2950/2950
f 2133/2133/2133 2136/2136/2136 2134/2134/2134
f 2136/2136/2136 2137/2137/2137 2134/2134/2134
f 2950/2950/2950 2966/2966/2966 2967/2967/2967
f 1927/1927/1927 1928/1928/1928 1925/1925/1925
f 1928/1928/1928 1920/1920/1920 1925/1925/1925
f 1928/1928/1928 1929/1929/1929 1920/1920/1920
f 1929/1929/1929 1930/1930/1930 1921/1921/1921
f 1929/1929/1929 1921/1921/1921 1920/1920/1920
f 1359/1359/1359 1355/1355/1355 1342/1342/1342
f 1359/1359/1359 1357/1357/1357 1355/1355/1355
f 2998/2998/2998 3002/3002/3002 3013/3013/3013
f 3013/3013/3013 3002/3002/3002 3005/3005/3005
f 3230/3230/3230 3232/3232/3232 3228/3228/3228
f 2998/2998/2998 3013/3013/3013 3001/3001/3001
f 3228/3228/3228 3231/3231/3231 3229/3229/3229
f 3228/3228/3228 3229/3229/3229 3230/3230/3230
f 74/74/74 75/75/75 76/76/76
f 2753/2753/2753 2751/2751/2751 2754/2754/2754
f 2761/2761/2761 2753/2753/2753 2754/2754/2754
f 2762/2762/2762 2753/2753/2753 2761/2761/2761
f 2757/2757/2757 2753/2753/2753 2859/2859/2859
f 2753/2753/2753 2763/2763/2763 2859/2859/2859
f 2753/2753/2753 2762/2762/2762 2763/2763/2763
f 2859/2859/2859 2763/2763/2763 2766/2766/2766
f 2944/2944/2944 2947/2947/2947 2955/2955/2955
f 2947/2947/2947 2944/2944/2944 2943/2943/2943
f 2944/2944/2944 2941/2941/2941 2943/2943/2943
f 2944/2944/2944 2945/2945/2945 2941/2941/2941
f 2946/2946/2946 2945/2945/2945 2950/2950/2950
f 2941/2941/2941 2945/2945/2945 2946/2946/2946
f 2964/2964/2964 2956/2956/2956 2957/2957/2957
f 2956/2956/2956 2950/2950/2950 2957/2957/2957
f 2956/2956/2956 2946/2946/2946 2950/2950/2950
f 2257/2257/2257 2258/2258/2258 2254/2254/2254
f 2965/2965/2965 2956/2956/2956 2964/2964/2964
f 2965/2965/2965 3037/3037/3037 2956/2956/2956
f 1920/1920/1920 1921/1921/1921 1922/1922/1922
f 1924/1924/1924 1920/1920/1920 1922/1922/1922
f 3037/3037/3037 2965/2965/2965 3217/3217/3217
f 1358/1358/1358 1357/1357/1357 1362/1362/1362
f 1357/1357/1357 1361/1361/1361 1362/1362/1362
f 1357/1357/1357 1359/1359/1359 1361/1361/1361
f 2997/2997/2997 2999/2999/2999 2998/2998/2998
f 2998/2998/2998 2999/2999/2999 3002/3002/3002
f 2995/2995/2995 2998/2998/2998 3001/3001/3001
f 2997/2997/2997 2998/2998/2998 2995/2995/2995
f 3001/3001/3001 3015/3015/3015 3014/3014/3014
f 3001/3001/3001 3014/3014/3014 2995/2995/2995
f 3128/3128/3128 3126/3126/3126 3127/3127/3127
f 3113/3113/3113 3154/3154/3154 3127/3127/3127
f 3113/3113/3113 3127/3127/3127 3126/3126/3126
f 2747/2747/2747 2746/2746/2746 2748/2748/2748
f 3113/3113/3113 3125/3125/3125 3154/3154/3154
f 3114/3114/3114 3125/3125/3125 3113/3113/3113
f 76/76/76 77/77/77 74/74/74
f 2891/2891/2891 2894/2894/2894 2895/2895/2895
f 2891/2891/2891 2893/2893/2893 2894/2894/2894
f 2760/2760/2760 2754/2754/2754 2751/2751/2751
f 2941/2941/2941 2942/2942/2942 2943/2943/2943
f 3221/3221/3221 3218/3218/3218 3220/3220/3220
f 3218/3218/3218 3219/3219/3219 3220/3220/3220
f 2941/2941/2941 2946/2946/2946 2951/2951/2951
f 2958/2958/2958 2946/2946/2946 2956/2956/2956
f 2951/2951/2951 2946/2946/2946 2958/2958/2958
f 3037/3037/3037 3207/3207/3207 2974/2974/2974
f 2958/2958/2958 3037/3037/3037 2974/2974/2974
f 2956/2956/2956 3037/3037/3037 2958/2958/2958
f 3207/3207/3207 3037/3037/3037 3217/3217/3217
f 3207/3207/3207 3217/3217/3217 3033/3033/3033
f 3031/3031/3031 3033/3033/3033 3032/3032/3032
f 3223/3223/3223 3226/3226/3226 3225/3225/3225
f 3226/3226/3226 3227/3227/3227 3225/3225/3225
f 1362/1362/1362 1361/1361/1361 1365/1365/1365
f 3195/3195/3195 3186/3186/3186 3206/3206/3206
f 3225/3225/3225 3224/3224/3224 3223/3223/3223
f 3000/3000/3000 3028/3028/3028 3195/3195/3195
f 3195/3195/3195 3028/3028/3028 3186/3186/3186
f 2999/2999/2999 2997/2997/2997 3000/3000/3000
f 2997/2997/2997 3028/3028/3028 3000/3000/3000
f 2997/2997/2997 2993/2993/2993 3028/3028/3028
f 2995/2995/2995 2996/2996/2996 2994/2994/2994
f 2993/2993/2993 2995/2995/2995 2994/2994/2994
f 2997/2997/2997 2995/2995/2995 2993/2993/2993
f 78/78/78 79/79/79 80/80/80
f 3131/3131/3131 3130/3130/3130 3129/3129/3129
f 3129/3129/3129 3130/3130/3130 3128/3128/3128
f 3129/3129/3129 3128/3128/3128 3127/3127/3127
f 3153/3153/3153 3129/3129/3129 3127/3127/3127
f 2484/2484/2484 2485/2485/2485 2486/2486/2486
f 3314/3314/3314 3315/3315/3315 3316/3316/3316
f 3155/3155/3155 3127/3127/3127 3154/3154/3154
f 2749/2749/2749 2748/2748/2748 2746/2746/2746
f 2971/2971/2971 3034/3034/3034 2951/2951/2951
f 2951/2951/2951 3034/3034/3034 3035/3035/3035
f 2970/2970/2970 2951/2951/2951 2958/2958/2958
f 2971/2971/2971 2951/2951/2951 2970/2970/2970
f 2958/2958/2958 2974/2974/2974 2973/2973/2973
f 2972/2972/2972 2958/2958/2958 2973/2973/2973
f 2970/2970/2970 2958/2958/2958 2972/2972/2972
f 2975/2975/2975 2976/2976/2976 2972/2972/2972
f 2975/2975/2975 2972/2972/2972 2973/2973/2973
f 2976/2976/2976 3201/3201/3201 3030/3030/3030
f 2976/2976/2976 3032/3032/3032 3201/3201/3201
f 2976/2976/2976 2975/2975/2975 3031/3031/3031
f 3032/3032/3032 2976/2976/2976 3031/3031/3031
f 3222/3222/3222 3223/3223/3223 3224/3224/3224
f 3201/3201/3201 3186/3186/3186 2989/2989/2989
f 2989/2989/2989 3186/3186/3186 3028/3028/3028
f 2989/2989/2989 3028/3028/3028 2990/2990/2990
f 2990/2990/2990 3028/3028/3028 2993/2993/2993
f 2990/2990/2990 2993/2993/2993 2992/2992/2992
f 2992/2992/2992 2993/2993/2993 2994/2994/2994
f 3291/3291/3291 3294/3294/3294 3288/3288/3288
f 3288/3288/3288 3294/3294/3294 3297/3297/3297
f 3129/3129/3129 3132/3132/3132 3131/3131/3131
f 3133/3133/3133 3132/3132/3132 3129/3129/3129
f 3135/3135/3135 3133/3133/3133 3153/3153/3153
f 3153/3153/3153 3133/3133/3133 3129/3129/3129
f 2044/2044/2044 2041/2041/2041 2053/2053/2053
f 2041/2041/2041 2044/2044/2044 2038/2038/2038
f 2038/2038/2038 2044/2044/2044 2045/2045/2045
f 2038/2038/2038 2045/2045/2045 2040/2040/2040
f 2040/2040/2040 2045/2045/2045 2048/2048/2048
f 2040/2040/2040 2048/2048/2048 2043/2043/2043
f 2048/2048/2048 2049/2049/2049 2043/2043/2043
f 2972/2972/2972 2976/2976/2976 2977/2977/2977
f 2976/2976/2976 3030/3030/3030 2979/2979/2979
f 2978/2978/2978 2976/2976/2976 2979/2979/2979
f 2977/2977/2977 2976/2976/2976 2978/2978/2978
f 2980/2980/2980 2982/2982/2982 2978/2978/2978
f 2980/2980/2980 2978/2978/2978 2979/2979/2979
f 2983/2983/2983 2982/2982/2982 2980/2980/2980
f 3056/3056/3056 3059/3059/3059 3169/3169/3169
f 3060/3060/3060 3170/3170/3170 3169/3169/3169
f 3060/3060/3060 3169/3169/3169 3059/3059/3059
f 3287/3287/3287 3292/3292/3292 3291/3291/3291
f 3287/3287/3287 3291/3291/3291 3288/3288/3288
f 3285/3285/3285 3287/3287/3287 3288/3288/3288
f 3136/3136/3136 3137/3137/3137 3132/3132/3132
f 3136/3136/3136 3132/3132/3132 3134/3134/3134
f 3134/3134/3134 3132/3132/3132 3133/3133/3133
f 3134/3134/3134 3133/3133/3133 3135/3135/3135
f 2049/2049/2049 2050/2050/2050 2043/2043/2043
f 2050/2050/2050 2049/2049/2049 2051/2051/2051
f 2051/2051/2051 2049/2049/2049 2052/2052/2052
f 2051/2051/2051 2052/2052/2052 2054/2054/2054
f 2054/2054/2054 2052/2052/2052 2055/2055/2055
f 2983/2983/2983 2984/2984/2984 2982/2982/2982
f 2056/2056/2056 2054/2054/2054 2055/2055/2055
f 2056/2056/2056 2088/2088/2088 2054/2054/2054
f 2088/2088/2088 2112/2112/2112 2090/2090/2090
f 2056/2056/2056 2112/2112/2112 2088/2088/2088
f 2090/2090/2090 2097/2097/2097 2091/2091/2091
f 2112/2112/2112 2097/2097/2097 2090/2090/2090
f 2096/2096/2096 2098/2098/2098 2094/2094/2094
f 2091/2091/2091 2096/2096/2096 2094/2094/2094
f 2097/2097/2097 2096/2096/2096 2091/2091/2091
f 2099/2099/2099 2100/2100/2100 2098/2098/2098
f 2099/2099/2099 2098/2098/2098 2096/2096/2096
f 2101/2101/2101 2102/2102/2102 2100/2100/2100
f 2099/2099/2099 2101/2101/2101 2100/2100/2100
f 2103/2103/2103 2101/2101/2101 2099/2099/2099
f 3169/3169/3169 3057/3057/3057 3056/3056/3056
f 3057/3057/3057 3055/3055/3055 3056/3056/3056
f 2104/2104/2104 2101/2101/2101 2103/2103/2103
f 3290/3290/3290 3289/3289/3289 3286/3286/3286
f 3286/3286/3286 3289/3289/3289 3287/3287/3287
f 3286/3286/3286 3287/3287/3287 3285/3285/3285
f 2098/2098/2098 2130/2130/2130 2094/2094/2094
f 2130/2130/2130 2098/2098/2098 2129/2129/2129
f 2129/2129/2129 2098/2098/2098 2100/2100/2100
f 2129/2129/2129 2100/2100/2100 2102/2102/2102
f 1450/1450/1450 1452/1452/1452 1454/1454/1454
f 603/603/603 597/597/597 600/600/600
f 1480/1480/1480 1478/1478/1478 1488/1488/1488
f 1452/1452/1452 1455/1455/1455 1454/1454/1454
f 1455/1455/1455 1488/1488/1488 1454/1454/1454
f 2303/2303/2303 2298/2298/2298 2306/2306/2306
f 1488/1488/1488 1455/1455/1455 1480/1480/1480
f 592/592/592 597/597/597 603/603/603
f 604/604/604 592/592/592 603/603/603
f 593/593/593 592/592/592 604/604/604
f 595/595/595 589/589/589 594/594/594
f 589/589/589 593/593/593 594/594/594
f 589/589/589 592/592/592 593/593/593
f 595/595/595 583/583/583 589/589/589
f 1467/1467/1467 1468/1468/1468 1469/1469/1469
f 1469/1469/1469 1468/1468/1468 1470/1470/1470
f 1469/1469/1469 1478/1478/1478 1480/1480/1480
f 1481/1481/1481 1469/1469/1469 1480/1480/1480
f 1467/1467/1467 1469/1469/1469 1481/1481/1481
f 1481/1481/1481 1480/1480/1480 1455/1455/1455
f 596/596/596 595/595/595 594/594/594
f 596/596/596 584/584/584 595/595/595
f 584/584/584 583/583/583 595/595/595
f 584/584/584 579/579/579 583/583/583
f 3083/3083/3083 3088/3088/3088 3106/3106/3106
f 3080/3080/3080 3081/3081/3081 3106/3106/3106
f 3106/3106/3106 3081/3081/3081 3083/3083/3083
f 3079/3079/3079 3081/3081/3081 3080/3080/3080
f 1465/1465/1465 1461/1461/1461 1484/1484/1484
f 1465/1465/1465 1484/1484/1484 1492/1492/1492
f 1484/1484/1484 1486/1486/1486 1492/1492/1492
f 1484/1484/1484 1471/1471/1471 1486/1486/1486
f 1471/1471/1471 1470/1470/1470 1468/1468/1468
f 1471/1471/1471 1468/1468/1468 1486/1486/1486
f 581/581/581 579/579/579 584/584/584
f 581/581/581 584/584/584 585/585/585
f 585/585/585 586/586/586 581/581/581
f 581/581/581 586/586/586 571/571/571
f 3599/3599/3599 3597/3597/3597 3598/3598/3598
f 3601/3601/3601 3600/3600/3600 3598/3598/3598
f 3598/3598/3598 3600/3600/3600 3599/3599/3599
f 244/244/244 248/248/248 243/243/243
f 3086/3086/3086 3087/3087/3087 3083/3083/3083
f 3083/3083/3083 3087/3087/3087 3088/3088/3088
f 3082/3082/3082 3083/3083/3083 3081/3081/3081
f 3086/3086/3086 3083/3083/3083 3082/3082/3082
f 3164/3164/3164 3082/3082/3082 3079/3079/3079
f 3079/3079/3079 3082/3082/3082 3081/3081/3081
f 1466/1466/1466 1457/1457/1457 1465/1465/1465
f 1465/1465/1465 1457/1457/1457 1461/1461/1461
f 3182/3182/3182 3184/3184/3184 3183/3183/3183
f 3180/3180/3180 3182/3182/3182 3183/3183/3183
f 3181/3181/3181 3182/3182/3182 3180/3180/3180
f 81/81/81 82/82/82 83/83/83
f 590/590/590 591/591/591 572/572/572
f 571/571/571 590/590/590 572/572/572
f 586/586/586 590/590/590 571/571/571
f 591/591/591 563/563/563 572/572/572
f 1933/1933/1933 1934/1934/1934 1937/1937/1937
f 1937/1937/1937 1934/1934/1934 1938/1938/1938
f 1353/1353/1353 1366/1366/1366 1360/1360/1360
f 1933/1933/1933 1937/1937/1937 1940/1940/1940
f 1348/1348/1348 1353/1353/1353 1352/1352/1352
f 1352/1352/1352 1353/1353/1353 1360/1360/1360
f 3238/3238/3238 3236/3236/3236 3239/3239/3239
f 3239/3239/3239 3236/3236/3236 3248/3248/3248
f 3105/3105/3105 3086/3086/3086 3082/3082/3082
f 3238/3238/3238 3239/3239/3239 3240/3240/3240
f 3074/3074/3074 3073/3073/3073 3164/3164/3164
f 3245/3245/3245 3246/3246/3246 3247/3247/3247
f 3245/3245/3245 3240/3240/3240 3246/3246/3246
f 3075/3075/3075 3072/3072/3072 3074/3074/3074
f 3074/3074/3074 3072/3072/3072 3073/3073/3073
f 1462/1462/1462 1457/1457/1457 1463/1463/1463
f 1457/1457/1457 1466/1466/1466 1463/1463/1463
f 1405/1405/1405 1408/1408/1408 1406/1406/1406
f 1405/1405/1405 1406/1406/1406 1407/1407/1407
f 1405/1405/1405 1407/1407/1407 1410/1410/1410
f 3276/3276/3276 3274/3274/3274 3273/3273/3273
f 3181/3181/3181 3180/3180/3180 3158/3158/3158
f 3353/3353/3353 3350/3350/3350 3348/3348/3348
f 3180/3180/3180 3179/3179/3179 3158/3158/3158
f 2767/2767/2767 2772/2772/2772 2777/2777/2777
f 2767/2767/2767 2777/2777/2777 2770/2770/2770
f 563/563/563 591/591/591 564/564/564
f 2774/2774/2774 2777/2777/2777 2772/2772/2772
f 1933/1933/1933 1932/1932/1932 1934/1934/1934
f 1932/1932/1932 1933/1933/1933 1930/1930/1930
f 1933/1933/1933 1931/1931/1931 1930/1930/1930
f 1933/1933/1933 1940/1940/1940 1931/1931/1931
f 1355/1355/1355 1354/1354/1354 1348/1348/1348
f 1348/1348/1348 1354/1354/1354 1353/1353/1353
f 3250/3250/3250 3231/3231/3231 3235/3235/3235
f 3236/3236/3236 3238/3238/3238 3235/3235/3235
f 3238/3238/3238 3250/3250/3250 3235/3235/3235
f 3238/3238/3238 3244/3244/3244 3250/3250/3250
f 3241/3241/3241 3238/3238/3238 3240/3240/3240
f 3244/3244/3244 3238/3238/3238 3241/3241/3241
f 3242/3242/3242 3240/3240/3240 3245/3245/3245
f 3241/3241/3241 3240/3240/3240 3242/3242/3242
f 3070/3070/3070 3073/3073/3073 3072/3072/3072
f 3161/3161/3161 3073/3073/3073 3070/3070/3070
f 3177/3177/3177 3071/3071/3071 3160/3160/3160
f 3071/3071/3071 3072/3072/3072 3160/3160/3160
f 3071/3071/3071 3070/3070/3070 3072/3072/3072
f 3273/3273/3273 3274/3274/3274 3275/3275/3275
f 3158/3158/3158 3071/3071/3071 3177/3177/3177
f 3158/3158/3158 3109/3109/3109 3071/3071/3071
f 3158/3158/3158 3179/3179/3179 3178/3178/3178
f 3111/3111/3111 3158/3158/3158 3178/3178/3178
f 3109/3109/3109 3158/3158/3158 3111/3111/3111
f 3187/3187/3187 3111/3111/3111 3178/3178/3178
f 2765/2765/2765 2773/2773/2773 2772/2772/2772
f 2767/2767/2767 2765/2765/2765 2772/2772/2772
f 2766/2766/2766 2765/2765/2765 2767/2767/2767
f 2772/2772/2772 2773/2773/2773 2774/2774/2774
f 1923/1923/1923 1921/1921/1921 1931/1931/1931
f 1931/1931/1931 1921/1921/1921 1930/1930/1930
f 1357/1357/1357 1356/1356/1356 1355/1355/1355
f 1355/1355/1355 1356/1356/1356 1354/1354/1354
f 3016/3016/3016 3015/3015/3015 3021/3021/3021
f 3021/3021/3021 3015/3015/3015 3176/3176/3176
f 3018/3018/3018 3021/3021/3021 3042/3042/3042
f 3016/3016/3016 3021/3021/3021 3018/3018/3018
f 3025/3025/3025 3026/3026/3026 3023/3023/3023
f 3018/3018/3018 3025/3025/3025 3023/3023/3023
f 3042/3042/3042 3025/3025/3025 3018/3018/3018
f 3308/3308/3308 3309/3309/3309 3310/3310/3310
f 3025/3025/3025 3196/3196/3196 3026/3026/3026
f 3242/3242/3242 3243/3243/3243 3241/3241/3241
f 3066/3066/3066 3161/3161/3161 3070/3070/3070
f 3196/3196/3196 3161/3161/3161 3066/3066/3066
f 3067/3067/3067 3070/3070/3070 3071/3071/3071
f 3066/3066/3066 3070/3070/3070 3067/3067/3067
f 3108/3108/3108 3071/3071/3071 3109/3109/3109
f 3067/3067/3067 3071/3071/3071 3108/3108/3108
f 3110/3110/3110 3109/3109/3109 3111/3111/3111
f 3108/3108/3108 3109/3109/3109 3110/3110/3110
f 3111/3111/3111 3187/3187/3187 3157/3157/3157
f 3112/3112/3112 3111/3111/3111 3157/3157/3157
f 3110/3110/3110 3111/3111/3111 3112/3112/3112
f 3116/3116/3116 3115/3115/3115 3112/3112/3112
f 3116/3116/3116 3112/3112/3112 3157/3157/3157
f 75/75/75 74/74/74 84/84/84
f 3116/3116/3116 3117/3117/3117 3115/3115/3115
f 3118/3118/3118 3117/3117/3117 3116/3116/3116
f 3117/3117/3117 3124/3124/3124 3194/3194/3194
f 3118/3118/3118 3124/3124/3124 3117/3117/3117
f 2762/2762/2762 2764/2764/2764 2763/2763/2763
f 3124/3124/3124 3189/3189/3189 3194/3194/3194
f 2766/2766/2766 2763/2763/2763 2765/2765/2765
f 2765/2765/2765 2763/2763/2763 2764/2764/2764
f 1923/1923/1923 1922/1922/1922 1921/1921/1921
f 1358/1358/1358 1356/1356/1356 1357/1357/1357
f 3017/3017/3017 3014/3014/3014 3016/3016/3016
f 3016/3016/3016 3014/3014/3014 3015/3015/3015
f 3018/3018/3018 3022/3022/3022 3019/3019/3019
f 3017/3017/3017 3018/3018/3018 3019/3019/3019
f 3016/3016/3016 3018/3018/3018 3017/3017/3017
f 3022/3022/3022 3018/3018/3018 3023/3023/3023
f 3311/3311/3311 3309/3309/3309 3308/3308/3308
f 3064/3064/3064 3068/3068/3068 3069/3069/3069
f 3196/3196/3196 3064/3064/3064 3069/3069/3069
f 3066/3066/3066 3064/3064/3064 3196/3196/3196
f 3065/3065/3065 3066/3066/3066 3067/3067/3067
f 3064/3064/3064 3066/3066/3066 3065/3065/3065
f 3162/3162/3162 3067/3067/3067 3108/3108/3108
f 3065/3065/3065 3067/3067/3067 3162/3162/3162
f 3128/3128/3128 3162/3162/3162 3126/3126/3126
f 3162/3162/3162 3110/3110/3110 3126/3126/3126
f 3162/3162/3162 3108/3108/3108 3110/3110/3110
f 3126/3126/3126 3110/3110/3110 3113/3113/3113
f 3113/3113/3113 3110/3110/3110 3112/3112/3112
f 3113/3113/3113 3112/3112/3112 3114/3114/3114
f 3114/3114/3114 3112/3112/3112 3115/3115/3115
f 3114/3114/3114 3115/3115/3115 3156/3156/3156
f 3204/3204/3204 2974/2974/2974 3207/3207/3207
f 3033/3033/3033 3036/3036/3036 3207/3207/3207
f 3207/3207/3207 3036/3036/3036 3204/3204/3204
f 3031/3031/3031 3036/3036/3036 3033/3033/3033
f 3027/3027/3027 2994/2994/2994 2996/2996/2996
f 3261/3261/3261 3265/3265/3265 3264/3264/3264
f 3261/3261/3261 3264/3264/3264 3262/3262/3262
f 3260/3260/3260 3261/3261/3261 3262/3262/3262
f 3017/3017/3017 3020/3020/3020 3014/3014/3014
f 3020/3020/3020 3017/3017/3017 3019/3019/3019
f 3068/3068/3068 3064/3064/3064 3062/3062/3062
f 3068/3068/3068 3062/3062/3062 3163/3163/3163
f 3063/3063/3063 3064/3064/3064 3065/3065/3065
f 3062/3062/3062 3064/3064/3064 3063/3063/3063
f 3297/3297/3297 3296/3296/3296 3298/3298/3298
f 3296/3296/3296 3299/3299/3299 3298/3298/3298
f 3063/3063/3063 3065/3065/3065 3162/3162/3162
f 3130/3130/3130 3162/3162/3162 3128/3128/3128
f 3204/3204/3204 2973/2973/2973 2974/2974/2974
f 2973/2973/2973 3204/3204/3204 2975/2975/2975
f 2975/2975/2975 3204/3204/3204 3036/3036/3036
f 2975/2975/2975 3036/3036/3036 3031/3031/3031
f 2981/2981/2981 3030/3030/3030 3201/3201/3201
f 2989/2989/2989 2987/2987/2987 3201/3201/3201
f 3201/3201/3201 2987/2987/2987 2981/2981/2981
f 2990/2990/2990 2988/2988/2988 2989/2989/2989
f 2989/2989/2989 2988/2988/2988 2987/2987/2987
f 2992/2992/2992 2991/2991/2991 2990/2990/2990
f 2990/2990/2990 2991/2991/2991 2988/2988/2988
f 2994/2994/2994 3027/3027/3027 2992/2992/2992
f 3027/3027/3027 2991/2991/2991 2992/2992/2992
f 3027/3027/3027 3202/3202/3202 2991/2991/2991
f 3265/3265/3265 3261/3261/3261 3266/3266/3266
f 3267/3267/3267 3265/3265/3265 3266/3266/3266
f 3268/3268/3268 3265/3265/3265 3267/3267/3267
f 3269/3269/3269 3267/3267/3267 3266/3266/3266
f 3168/3168/3168 3205/3205/3205 3058/3058/3058
f 3058/3058/3058 3205/3205/3205 3163/3163/3163
f 3062/3062/3062 3058/3058/3058 3163/3163/3163
f 3061/3061/3061 3058/3058/3058 3062/3062/3062
f 3291/3291/3291 3293/3293/3293 3294/3294/3294
f 3293/3293/3293 3296/3296/3296 3294/3294/3294
f 3061/3061/3061 3062/3062/3062 3063/3063/3063
f 3294/3294/3294 3296/3296/3296 3297/3297/3297
f 2981/2981/2981 2979/2979/2979 3030/3030/3030
f 2979/2979/2979 2981/2981/2981 2980/2980/2980
f 2980/2980/2980 2981/2981/2981 2987/2987/2987
f 2980/2980/2980 2987/2987/2987 2983/2983/2983
f 2987/2987/2987 2985/2985/2985 2983/2983/2983
f 2987/2987/2987 2988/2988/2988 2985/2985/2985
f 3029/3029/3029 2988/2988/2988 2991/2991/2991
f 2985/2985/2985 2988/2988/2988 3029/3029/3029
f 3215/3215/3215 2991/2991/2991 3202/3202/3202
f 3029/3029/3029 2991/2991/2991 3215/3215/3215
f 3166/3166/3166 3202/3202/3202 3171/3171/3171
f 3215/3215/3215 3202/3202/3202 3166/3166/3166
f 3171/3171/3171 3052/3052/3052 3051/3051/3051
f 3053/3053/3053 3171/3171/3171 3051/3051/3051
f 3166/3166/3166 3171/3171/3171 3053/3053/3053
f 3050/3050/3050 3054/3054/3054 3053/3053/3053
f 3050/3050/3050 3053/3053/3053 3051/3051/3051
f 3054/3054/3054 3050/3050/3050 3168/3168/3168
f 3054/3054/3054 3168/3168/3168 3058/3058/3058
f 3056/3056/3056 3054/3054/3054 3058/3058/3058
f 3059/3059/3059 3056/3056/3056 3058/3058/3058
f 3059/3059/3059 3058/3058/3058 3060/3060/3060
f 3060/3060/3060 3058/3058/3058 3061/3061/3061
f 3292/3292/3292 3293/3293/3293 3291/3291/3291
f 2985/2985/2985 2984/2984/2984 2983/2983/2983
f 2984/2984/2984 2985/2985/2985 2986/2986/2986
f 2986/2986/2986 2985/2985/2985 3029/3029/3029
f 3305/3305/3305 3306/3306/3306 3307/3307/3307
f 3216/3216/3216 3029/3029/3029 3215/3215/3215
f 3216/3216/3216 3215/3215/3215 3167/3167/3167
f 3167/3167/3167 3215/3215/3215 3166/3166/3166
f 3167/3167/3167 3166/3166/3166 3165/3165/3165
f 3165/3165/3165 3166/3166/3166 3053/3053/3053
f 3165/3165/3165 3053/3053/3053 3055/3055/3055
f 3055/3055/3055 3053/3053/3053 3054/3054/3054
f 3055/3055/3055 3054/3054/3054 3056/3056/3056
f 1453/1453/1453 1451/1451/1451 1450/1450/1450
f 1450/1450/1450 1451/1451/1451 1452/1452/1452
f 600/600/600 597/597/597 599/599/599
f 599/599/599 597/597/597 598/598/598
f 1451/1451/1451 1455/1455/1455 1452/1452/1452
f 1456/1456/1456 1455/1455/1455 1451/1451/1451
f 587/587/587 598/598/598 597/597/597
f 587/587/587 597/597/597 592/592/592
f 582/582/582 587/587/587 588/588/588
f 587/587/587 589/589/589 588/588/588
f 587/587/587 592/592/592 589/589/589
f 583/583/583 588/588/588 589/589/589
f 1474/1474/1474 1473/1473/1473 1467/1467/1467
f 1467/1467/1467 1473/1473/1473 1468/1468/1468
f 1482/1482/1482 1467/1467/1467 1481/1481/1481
f 1482/1482/1482 1474/1474/1474 1467/1467/1467
f 1481/1481/1481 1455/1455/1455 1456/1456/1456
f 1481/1481/1481 1456/1456/1456 1482/1482/1482
f 580/580/580 582/582/582 588/588/588
f 588/588/588 583/583/583 580/580/580
f 583/583/583 573/573/573 580/580/580
f 583/583/583 579/579/579 573/573/573
f 1493/1493/1493 1492/1492/1492 1486/1486/1486
f 1498/1498/1498 1493/1493/1493 1486/1486/1486
f 1468/1468/1468 1498/1498/1498 1486/1486/1486
f 1473/1473/1473 1498/1498/1498 1468/1468/1468
f 574/574/574 573/573/573 579/579/579
f 574/574/574 579/579/579 581/581/581
f 581/581/581 571/571/571 574/574/574
f 574/574/574 571/571/571 555/555/555
f 3185/3185/3185 3183/3183/3183 3184/3184/3184
f 3350/3350/3350 3355/3355/3355 3352/3352/3352
f 3351/3351/3351 3350/3350/3350 3352/3352/3352
f 3347/3347/3347 3350/3350/3350 3351/3351/3351
f 571/571/571 572/572/572 562/562/562
f 558/558/558 571/571/571 562/562/562
f 555/555/555 571/571/571 558/558/558
f 563/563/563 562/562/562 572/572/572
f 3349/3349/3349 3348/3348/3348 3327/3327/3327
f 3348/3348/3348 3347/3347/3347 3327/3327/3327
f 3348/3348/3348 3350/3350/3350 3347/3347/3347
f 85/85/85 86/86/86 87/87/87
f 558/558/558 562/562/562 561/561/561
f 558/558/558 561/561/561 560/560/560
f 564/564/564 561/561/561 563/563/563
f 563/563/563 561/561/561 562/562/562
f 3349/3349/3349 3354/3354/3354 3348/3348/3348
f 3364/3364/3364 3363/3363/3363 3365/3365/3365
f 3403/3403/3403 3406/3406/3406 3405/3405/3405
f 3404/3404/3404 3403/3403/3403 3405/3405/3405
f 3407/3407/3407 3404/3404/3404 3405/3405/3405
f 3362/3362/3362 3363/3363/3363 3364/3364/3364
f 3120/3120/3120 3122/3122/3122 3121/3121/3121
f 3123/3123/3123 3188/3188/3188 3121/3121/3121
f 3123/3123/3123 3121/3121/3121 3122/3122/3122
f 3198/3198/3198 3190/3190/3190 3188/3188/3188
f 3198/3198/3198 3188/3188/3188 3123/3123/3123
f 3190/3190/3190 3198/3198/3198 3193/3193/3193
f 3190/3190/3190 3193/3193/3193 3192/3192/3192
f 3191/3191/3191 3190/3190/3190 3192/3192/3192
f 2773/2773/2773 2765/2765/2765 2775/2775/2775
f 2773/2773/2773 2775/2775/2775 2774/2774/2774
f 3024/3024/3024 3023/3023/3023 3026/3026/3026
f 3309/3309/3309 3313/3313/3313 3310/3310/3310
f 3363/3363/3363 3366/3366/3366 3365/3365/3365
f 3362/3362/3362 3361/3361/3361 3363/3363/3363
f 3361/3361/3361 3366/3366/3366 3363/3363/3363
f 3119/3119/3119 3116/3116/3116 3157/3157/3157
f 3121/3121/3121 3118/3118/3118 3120/3120/3120
f 3118/3118/3118 3119/3119/3119 3120/3120/3120
f 3118/3118/3118 3116/3116/3116 3119/3119/3119
f 3118/3118/3118 3121/3121/3121 3124/3124/3124
f 3124/3124/3124 3121/3121/3121 3188/3188/3188
f 3124/3124/3124 3188/3188/3188 3189/3189/3189
f 3189/3189/3189 3188/3188/3188 3190/3190/3190
f 3189/3189/3189 3190/3190/3190 3191/3191/3191
f 3043/3043/3043 3019/3019/3019 3022/3022/3022
f 3023/3023/3023 3024/3024/3024 3022/3022/3022
f 3024/3024/3024 3043/3043/3043 3022/3022/3022
f 3024/3024/3024 3044/3044/3044 3043/3043/3043
f 3311/3311/3311 3312/3312/3312 3309/3309/3309
f 3312/3312/3312 3313/3313/3313 3309/3309/3309
f 3203/3203/3203 3044/3044/3044 3024/3024/3024
f 3068/3068/3068 3203/3203/3203 3069/3069/3069
f 3263/3263/3263 3261/3261/3261 3260/3260/3260
f 3019/3019/3019 3043/3043/3043 3020/3020/3020
f 3043/3043/3043 3172/3172/3172 3020/3020/3020
f 3043/3043/3043 3046/3046/3046 3172/3172/3172
f 3045/3045/3045 3043/3043/3043 3044/3044/3044
f 3046/3046/3046 3043/3043/3043 3045/3045/3045
f 3049/3049/3049 3044/3044/3044 3203/3203/3203
f 3045/3045/3045 3044/3044/3044 3049/3049/3049
f 3302/3302/3302 3301/3301/3301 3303/3303/3303
f 3303/3303/3303 3301/3301/3301 3304/3304/3304
f 3263/3263/3263 3266/3266/3266 3261/3261/3261
f 3266/3266/3266 3263/3263/3263 3269/3269/3269
f 3172/3172/3172 3048/3048/3048 3052/3052/3052
f 3172/3172/3172 3046/3046/3046 3048/3048/3048
f 3047/3047/3047 3046/3046/3046 3045/3045/3045
f 3048/3048/3048 3046/3046/3046 3047/3047/3047
f 3168/3168/3168 3047/3047/3047 3205/3205/3205
f 3047/3047/3047 3049/3049/3049 3205/3205/3205
f 3047/3047/3047 3045/3045/3045 3049/3049/3049
f 3300/3300/3300 3301/3301/3301 3302/3302/3302
f 3048/3048/3048 3051/3051/3051 3052/3052/3052
f 3051/3051/3051 3048/3048/3048 3050/3050/3050
f 3050/3050/3050 3048/3048/3048 3047/3047/3047
f 3050/3050/3050 3047/3047/3047 3168/3168/3168
f 3379/3379/3379 3380/3380/3380 3381/3381/3381
f 598/598/598 601/601/601 599/599/599
f 3378/3378/3378 3375/3375/3375 3379/3379/3379
f 3375/3375/3375 3380/3380/3380 3379/3379/3379
f 3375/3375/3375 3382/3382/3382 3380/3380/3380
f 602/602/602 601/601/601 598/598/598
f 587/587/587 602/602/602 598/598/598
f 578/578/578 602/602/602 587/587/587
f 587/587/587 582/582/582 578/578/578
f 578/578/578 582/582/582 576/576/576
f 1491/1491/1491 1473/1473/1473 1474/1474/1474
f 3376/3376/3376 3370/3370/3370 3368/3368/3368
f 3370/3370/3370 3369/3369/3369 3368/3368/3368
f 1474/1474/1474 1482/1482/1482 1489/1489/1489
f 1482/1482/1482 1456/1456/1456 1490/1490/1490
f 1482/1482/1482 1490/1490/1490 1489/1489/1489
f 575/575/575 576/576/576 582/582/582
f 575/575/575 582/582/582 580/580/580
f 580/580/580 573/573/573 575/575/575
f 575/575/575 573/573/573 569/569/569
f 3367/3367/3367 3351/3351/3351 3376/3376/3376
f 3376/3376/3376 3351/3351/3351 3377/3377/3377
f 3376/3376/3376 3368/3368/3368 3330/3330/3330
f 3387/3387/3387 3388/3388/3388 3389/3389/3389
f 573/573/573 574/574/574 557/557/557
f 565/565/565 573/573/573 557/557/557
f 569/569/569 573/573/573 565/565/565
f 555/555/555 557/557/557 574/574/574
f 3328/3328/3328 3347/3347/3347 3367/3367/3367
f 3367/3367/3367 3347/3347/3347 3351/3351/3351
f 3367/3367/3367 3330/3330/3330 3318/3318/3318
f 3367/3367/3367 3318/3318/3318 3328/3328/3328
f 565/565/565 557/557/557 556/556/556
f 565/565/565 556/556/556 566/566/566
f 558/558/558 556/556/556 555/555/555
f 555/555/555 556/556/556 557/557/557
f 3328/3328/3328 3327/3327/3327 3347/3347/3347
f 3325/3325/3325 3384/3384/3384 3345/3345/3345
f 3325/3325/3325 3345/3345/3345 3327/3327/3327
f 3318/3318/3318 3325/3325/3325 3327/3327/3327
f 3328/3328/3328 3318/3318/3318 3327/3327/3327
f 3395/3395/3395 3396/3396/3396 3397/3397/3397
f 3329/3329/3329 3384/3384/3384 3325/3325/3325
f 3394/3394/3394 3396/3396/3396 3395/3395/3395
f 3341/3341/3341 3340/3340/3340 3356/3356/3356
f 2478/2478/2478 2480/2480/2480 2479/2479/2479
f 2477/2477/2477 2478/2478/2478 2479/2479/2479
f 3373/3373/3373 3356/3356/3356 3374/3374/3374
f 560/560/560 559/559/559 558/558/558
f 558/558/558 559/559/559 556/556/556
f 3402/3402/3402 3403/3403/3403 3404/3404/3404
f 3364/3364/3364 3384/3384/3384 3362/3362/3362
f 3384/3384/3384 3360/3360/3360 3362/3362/3362
f 3384/3384/3384 3359/3359/3359 3360/3360/3360
f 3343/3343/3343 3357/3357/3357 3358/3358/3358
f 3359/3359/3359 3343/3343/3343 3358/3358/3358
f 3360/3360/3360 3359/3359/3359 3358/3358/3358
f 3398/3398/3398 3396/3396/3396 3394/3394/3394
f 3356/3356/3356 3344/3344/3344 3341/3341/3341
f 3344/3344/3344 3343/3343/3343 3341/3341/3341
f 3344/3344/3344 3357/3357/3357 3343/3343/3343
f 3344/3344/3344 3356/3356/3356 3372/3372/3372
f 3372/3372/3372 3356/3356/3356 3373/3373/3373
f 3198/3198/3198 3199/3199/3199 3193/3193/3193
f 3360/3360/3360 3361/3361/3361 3362/3362/3362
f 3361/3361/3361 3360/3360/3360 3358/3358/3358
f 3371/3371/3371 3375/3375/3375 3378/3378/3378
f 3383/3383/3383 3346/3346/3346 3378/3378/3378
f 3378/3378/3378 3346/3346/3346 3371/3371/3371
f 576/576/576 577/577/577 578/578/578
f 3331/3331/3331 3368/3368/3368 3369/3369/3369
f 3375/3375/3375 3371/3371/3371 3369/3369/3369
f 3371/3371/3371 3331/3331/3331 3369/3369/3369
f 3371/3371/3371 3323/3323/3323 3331/3331/3331
f 3332/3332/3332 3371/3371/3371 3346/3346/3346
f 3323/3323/3323 3371/3371/3371 3332/3332/3332
f 575/575/575 570/570/570 576/576/576
f 570/570/570 577/577/577 576/576/576
f 3335/3335/3335 3332/3332/3332 3346/3346/3346
f 569/569/569 570/570/570 575/575/575
f 3319/3319/3319 3330/3330/3330 3331/3331/3331
f 3331/3331/3331 3330/3330/3330 3368/3368/3368
f 3323/3323/3323 3324/3324/3324 3322/3322/3322
f 3319/3319/3319 3323/3323/3323 3322/3322/3322
f 3331/3331/3331 3323/3323/3323 3319/3319/3319
f 3324/3324/3324 3323/3323/3323 3332/3332/3332
f 3324/3324/3324 3332/3332/3332 3333/3333/3333
f 3334/3334/3334 3336/3336/3336 3333/3333/3333
f 3332/3332/3332 3334/3334/3334 3333/3333/3333
f 3335/3335/3335 3334/3334/3334 3332/3332/3332
f 565/565/565 568/568/568 569/569/569
f 569/569/569 568/568/568 570/570/570
f 3317/3317/3317 3318/3318/3318 3319/3319/3319
f 3319/3319/3319 3318/3318/3318 3330/3330/3330
f 3319/3319/3319 3322/3322/3322 3321/3321/3321
f 3320/3320/3320 3319/3319/3319 3321/3321/3321
f 3317/3317/3317 3319/3319/3319 3320/3320/3320
f 3390/3390/3390 3391/3391/3391 3392/3392/3392
f 3385/3385/3385 3320/3320/3320 3321/3321/3321
f 3337/3337/3337 3385/3385/3385 3336/3336/3336
f 3334/3334/3334 3337/3337/3337 3336/3336/3336
f 3338/3338/3338 3337/3337/3337 3334/3334/3334
f 566/566/566 567/567/567 565/565/565
f 565/565/565 567/567/567 568/568/568
f 3317/3317/3317 3325/3325/3325 3318/3318/3318
f 3325/3325/3325 3317/3317/3317 3329/3329/3329
f 3329/3329/3329 3317/3317/3317 3320/3320/3320
f 3395/3395/3395 3392/3392/3392 3394/3394/3394
f 3392/3392/3392 3393/3393/3393 3394/3394/3394
f 3392/3392/3392 3391/3391/3391 3393/3393/3393
f 3341/3341/3341 3339/3339/3339 3340/3340/3340
f 3339/3339/3339 3338/3338/3338 3340/3340/3340
f 3339/3339/3339 3337/3337/3337 3338/3338/3338
f 3340/3340/3340 3338/3338/3338 3342/3342/3342
f 3393/3393/3393 3398/3398/3398 3394/3394/3394
f 3343/3343/3343 3339/3339/3339 3341/3341/3341
f 3326/3326/3326 3322/3322/3322 3324/3324/3324
f 3333/3333/3333 3386/3386/3386 3324/3324/3324
f 3324/3324/3324 3386/3386/3386 3326/3326/3326
f 3336/3336/3336 3386/3386/3386 3333/3333/3333
f 3326/3326/3326 3321/3321/3321 3322/3322/3322
f 3321/3321/3321 3326/3326/3326 3385/3385/3385
f 3385/3385/3385 3326/3326/3326 3386/3386/3386
f 3399/3399/3399 3400/3400/3400 3401/3401/3401
