mtllib mesh.mtl
v -0.320526 -0.0457159 -0.283895
v -0.320526 -0.0457895 -0.283862
v -0.320587 -0.0457895 -0.283895
v -0.302103 -0.0091579 -0.210632
v -0.302211 -0.0091579 -0.210764
v -0.302211 -0.00955796 -0.210632
v -0.119406 0.0457895 -0.119053
v -0.119053 0.0457559 -0.119053
v -0.119053 0.0457895 -0.119295
v -0.192316 0.0461665 -0.119053
v -0.192316 0.0457895 -0.119278
v -0.191907 0.0457895 -0.119053
v -0.155793 0.0641053 -0.137368
v -0.155684 0.0641053 -0.136981
v -0.155684 0.0640414 -0.137368
v -0.173961 -0.0091579 -0.100737
v -0.174 -0.0091579 -0.100789
v -0.174 -0.00950891 -0.100737
v -0.485368 0.0820975 -0.100737
v -0.485691 0.082421 -0.100737
v -0.485368 0.082421 -0.101062
v -0.302164 0.155684 -0.0641053
v -0.302211 0.155684 -0.064123
v -0.302211 0.15563 -0.0641053
v -0.46703 0.082421 -0.0641053
v -0.467053 0.082421 -0.064081
v -0.467053 0.0823979 -0.0641053
v 0.210632 -0.0274737 -0.0278136
v 0.210632 -0.027135 -0.0274737
v 0.211002 -0.0274737 -0.0274737
v 0.137367 0.0091579 -0.0457895
v 0.137368 0.0091579 -0.0457842
v 0.137368 0.00910383 -0.0457895
v 0.137368 0.00921047 -0.0457895
v 0.155576 0.0641053 -0.0274737
v 0.155684 0.0641053 -0.0273113
v 0.155684 0.0638251 -0.0274737
v 0.100737 -0.0640502 -0.0091579
v 0.100737 -0.0641053 -0.00907791
v 0.0996924 -0.0641053 -0.0091579
v -0.100908 0.155684 0.0091579
v -0.100737 0.155774 0.0091579
v -0.100737 0.155684 0.00900042
v -0.082421 0.155684 0.00906485
v -0.082421 0.155758 0.0091579
v -0.081119 0.155684 0.0091579
v -0.100737 0.155684 0.00925809
v -0.082421 0.155684 0.00925183
v 0.137228 -0.0457895 0.0457895
v 0.137368 -0.0457415 0.0457895
v 0.137368 -0.0457895 0.0461831
v -0.0274737 0.00955582 0.0641053
v -0.0274737 0.0091579 0.0640301
v -0.0271228 0.0091579 0.0641053
v 0.246796 0.137368 0.0457895
v 0.247263 0.137368 0.0459901
v 0.247263 0.137249 0.0457895
v -0.0091579 0.00936127 0.082421
v -0.0091579 0.0091579 0.0823019
v -0.00910068 0.0091579 0.082421
v 0.100737 0.00925547 0.119053
v 0.100737 0.0091579 0.119018
v 0.100761 0.0091579 0.119053
v 0.0284572 0.0641053 0.119053
v 0.0274736 0.0641053 0.119042
v 0.0274736 0.0639222 0.119053
v 0.155684 -0.00895637 0.155684
v 0.155684 -0.0091579 0.155605
v 0.156069 -0.0091579 0.155684
v 0.137368 0.100862 0.155684
v 0.137368 0.100737 0.155118
v 0.137694 0.100737 0.155684
v 0.174 0.00927156 0.174
v 0.174 0.0091579 0.17397
v 0.174064 0.0091579 0.174
v 0.155863 0.0641053 0.174
v 0.155684 0.0641053 0.17378
v 0.155684 0.0634635 0.174
v 0.174067 0.082421 0.192316
v 0.174 0.082421 0.192268
v 0.174 0.0821182 0.192316
v 0.174 0.0825078 0.192316
v 0.174864 0.155684 0.192316
v 0.174 0.155684 0.192145
v 0.174 0.15562 0.192316
v -0.100737 0.137368 -0.0545987
v -0.100737 0.13183 -0.0641053
v -0.119053 0.133156 -0.0641053
v -0.100737 0.119053 -0.0769038
v -0.119053 0.119053 -0.0784068
v -0.137368 0.124061 -0.082421
v -0.137368 0.137166 -0.0641053
v -0.119053 0.137368 -0.0612984
v -0.119053 0.152766 -0.0457895
v -0.100737 0.146162 -0.0457895
v -0.137368 0.15414 -0.0457895
v -0.137368 0.137368 -0.0638003
v -0.138367 0.137368 -0.0641053
v -0.155684 0.134314 -0.082421
v -0.137368 0.119053 -0.0874598
v -0.155684 0.119053 -0.097578
v -0.162305 0.137368 -0.082421
v -0.155684 0.137368 -0.0789746
v -0.0904508 0.137368 -0.0457895
v -0.100737 0.154655 -0.0274737
v -0.0832638 0.119053 -0.0641053
v -0.082421 0.13535 -0.0457895
v -0.082421 0.119053 -0.0637628
v -0.0641053 0.119053 -0.0621861
v -0.0641053 0.134744 -0.0457895
v -0.0641053 0.137368 -0.0427302
v -0.155684 0.151047 -0.0641053
v -0.174 0.147363 -0.082421
v -0.174 0.137368 -0.0924476
v -0.192316 0.144786 -0.100737
v -0.192316 0.153563 -0.082421
v -0.210632 0.153225 -0.100737
v -0.192316 0.137368 -0.108114
v -0.210632 0.137368 -0.117164
v -0.215922 0.137368 -0.119053
v -0.223272 0.155684 -0.100737
v -0.131947 0.119053 -0.082421
v -0.228947 0.148452 -0.119053
v -0.228947 0.155684 -0.105753
v -0.247263 0.155082 -0.119053
v -0.247263 0.155684 -0.118156
v -0.247263 0.16985 -0.100737
v -0.265579 0.16582 -0.119053
v -0.228947 0.160684 -0.100737
v -0.249548 0.155684 -0.119053
v -0.265579 0.155684 -0.12906
v -0.228947 0.137368 -0.130087
v -0.247263 0.137368 -0.134666
v -0.228947 0.168824 -0.082421
v -0.210632 0.119053 -0.130622
v -0.210632 0.132363 -0.119053
v -0.196837 0.119053 -0.119053
v -0.18491 0.137368 -0.100737
v -0.119053 0.100737 -0.0872895
v -0.119053 0.106002 -0.082421
v -0.100737 0.100737 -0.0836654
v -0.100737 0.101994 -0.082421
v -0.0990041 0.100737 -0.082421
v -0.082421 0.118228 -0.0641053
v -0.082421 0.100737 -0.0782224
v -0.0641053 0.100737 -0.0733747
v -0.0641053 0.111735 -0.0641053
v -0.192316 0.119053 -0.11678
v -0.137368 0.100737 -0.0969912
v -0.082421 0.137368 -0.0445094
v -0.082421 0.153955 -0.0274737
v -0.0641053 0.152509 -0.0274737
v -0.174 0.119053 -0.100222
v -0.174616 0.119053 -0.100737
v -0.174 0.117938 -0.100737
v -0.174 0.100737 -0.114139
v -0.155684 0.100737 -0.104037
v -0.155684 0.105035 -0.100737
v -0.152077 0.100737 -0.100737
v -0.265579 0.137368 -0.136353
v -0.212139 0.155684 -0.082421
v -0.0457895 0.137368 -0.0438262
v -0.0457895 0.152834 -0.0274737
v -0.0457895 0.100737 -0.0750738
v -0.283895 0.164202 -0.119053
v -0.283895 0.155684 -0.127355
v -0.302211 0.167597 -0.119053
v -0.302211 0.155684 -0.130832
v -0.320526 0.169025 -0.119053
v -0.320526 0.155684 -0.134111
v -0.338842 0.161922 -0.137368
v -0.330144 0.155684 -0.137368
v -0.338842 0.155684 -0.143507
v -0.320526 0.137368 -0.146664
v -0.320526 0.149249 -0.137368
v -0.303801 0.137368 -0.137368
v -0.357158 0.169012 -0.137368
v -0.357158 0.155684 -0.151257
v -0.302211 0.137368 -0.137172
v -0.375474 0.166369 -0.155684
v -0.364045 0.155684 -0.155684
v -0.375474 0.155684 -0.166255
v -0.393789 0.161298 -0.174
v -0.388317 0.155684 -0.174
v -0.393789 0.155684 -0.17963
v -0.412105 0.171384 -0.174
v -0.412105 0.155684 -0.191127
v -0.430421 0.172776 -0.174
v -0.393789 0.172855 -0.155684
v -0.338842 0.137368 -0.150152
v -0.357158 0.137368 -0.154547
v -0.283895 0.137368 -0.134142
v -0.430421 0.155684 -0.191042
v -0.0457895 0.119053 -0.0636202
v -0.0457895 0.13629 -0.0457895
v -0.228947 0.119053 -0.134068
v -0.338842 0.170843 -0.119053
v -0.0457895 0.116116 -0.0641053
v -0.283895 0.173112 -0.100737
v -0.119053 0.082421 -0.0902796
v -0.137368 0.082421 -0.0936005
v -0.192316 0.100737 -0.118859
v -0.192316 0.0989308 -0.119053
v -0.174 0.0897963 -0.119053
v -0.16481 0.082421 -0.119053
v -0.155684 0.0899619 -0.100737
v -0.359785 0.137368 -0.155684
v -0.247263 0.119053 -0.134815
v -0.375474 0.137368 -0.169328
v -0.393789 0.137368 -0.173724
v -0.0371947 0.137368 -0.0457895
v -0.194298 0.100737 -0.119053
v -0.210632 0.100737 -0.127602
v -0.228947 0.100737 -0.134981
v -0.265579 0.172419 -0.100737
v -0.100737 0.082421 -0.082267
v -0.430421 0.137368 -0.191349
v -0.155684 0.082421 -0.0985275
v -0.247263 0.100737 -0.130618
v -0.228947 0.082421 -0.12911
v -0.155684 0.0641053 0.0435464
v -0.150213 0.0641053 0.0457895
v -0.149304 0.082421 0.0457895
v -0.155684 0.082421 0.0447714
v -0.174 0.082421 0.0418562
v -0.155684 0.100737 0.0446136
v -0.149623 0.100737 0.0457895
v -0.174 0.100737 0.0429589
v -0.1404 0.119053 0.0457895
v -0.155684 0.119053 0.0426005
v -0.137368 0.0457895 0.0449467
v -0.137368 0.0487754 0.0457895
v -0.137368 0.082421 0.0552474
v -0.137368 0.100737 0.0549875
v -0.137368 0.0641053 0.0580988
v -0.119053 0.0641053 0.0639321
v -0.190469 0.100737 0.0274736
v -0.188433 0.082421 0.0274736
v -0.192316 0.082421 0.024148
v -0.192316 0.100737 0.0255708
v -0.210632 0.100737 0.0218387
v -0.192316 0.119053 0.0232046
v -0.17839 0.119053 0.0274736
v -0.210632 0.119053 0.0148697
v -0.137368 0.119053 0.0487227
v -0.119053 0.119053 0.0616808
v -0.119053 0.111745 0.0641053
v -0.112717 0.119053 0.0641053
v -0.100737 0.130062 0.0641053
v -0.100737 0.137368 0.0609837
v -0.216574 0.119053 0.0091579
v -0.129132 0.100737 0.0641053
v -0.223413 0.100737 0.0091579
v -0.228947 0.100737 0.00458407
v -0.228947 0.119053 0.0057382
v -0.210632 0.125307 0.0091579
v -0.210632 0.137368 0.00429201
v -0.243811 0.119053 -0.0091579
v -0.242668 0.100737 -0.0091579
v -0.192316 0.135488 0.0091579
v -0.174 0.123427 0.0274736
v -0.174 0.119053 0.0317865
v -0.0847063 0.137368 0.0641053
v -0.082421 0.139613 0.0641053
v -0.190233 0.137368 0.0091579
v -0.174 0.137368 0.0228028
v -0.155684 0.136024 0.0274736
v -0.137368 0.122026 0.0457895
v -0.192316 0.137368 0.00801158
v -0.228947 0.137368 -0.00606948
v -0.232019 0.137368 -0.0091579
v -0.174 0.150977 0.0091579
v -0.155684 0.137368 0.0267763
v -0.153266 0.137368 0.0274736
v -0.137368 0.150237 0.0274736
v -0.137368 0.137368 0.0404252
v -0.120039 0.137368 0.0457895
v -0.119053 0.138332 0.0457895
v -0.119053 0.137368 0.0467516
v -0.119053 0.100737 0.074001
v -0.119053 0.082421 0.0761492
v -0.131582 0.082421 0.0641053
v -0.100737 0.100737 0.0814244
v -0.100737 0.119053 0.0750625
v -0.082421 0.119053 0.0804517
v -0.082421 0.114523 0.082421
v -0.0968705 0.100737 0.082421
v -0.100737 0.082421 0.0802094
v -0.0641053 0.118209 0.082421
v -0.0641053 0.119053 0.0820401
v -0.0641053 0.137368 0.0788828
v -0.082421 0.137368 0.0663826
v -0.0457895 0.137368 0.0809309
v -0.0457895 0.130217 0.082421
v -0.0604444 0.119053 0.082421
v -0.082421 0.100737 0.0952538
v -0.100737 0.15254 0.0457895
v -0.0641053 0.151932 0.0641053
v -0.228947 0.140462 -0.0091579
v -0.247263 0.137368 -0.020025
v -0.247263 0.119053 -0.0175226
v -0.254845 0.137368 -0.0274737
v -0.257777 0.119053 -0.0274737
v -0.265579 0.119053 -0.03014
v -0.265579 0.137368 -0.0305964
v -0.283895 0.119053 -0.0355595
v -0.283895 0.137368 -0.0369983
v -0.293157 0.137368 -0.0457895
v -0.295168 0.119053 -0.0457895
v -0.302211 0.119053 -0.0509824
v -0.302211 0.137368 -0.050893
v -0.302211 0.15563 -0.0641053
v -0.283895 0.146267 -0.0457895
v -0.302164 0.155684 -0.0641053
v -0.283895 0.155684 -0.050633
v -0.265579 0.154345 -0.0457895
v -0.247263 0.145051 -0.0274737
v -0.320526 0.137368 -0.0585701
v -0.320526 0.119053 -0.0554133
v -0.326383 0.137368 -0.0641053
v -0.329742 0.119053 -0.0641053
v -0.247263 0.100737 -0.0162683
v -0.320526 0.143344 -0.0641053
v -0.320526 0.155684 -0.0676891
v -0.302211 0.155684 -0.064123
v -0.338842 0.137368 -0.0652878
v -0.338842 0.155684 -0.0771133
v -0.357158 0.137368 -0.0704934
v -0.338842 0.119053 -0.0660731
v -0.258438 0.100737 -0.0274737
v -0.265579 0.100737 -0.0320054
v -0.283895 0.169308 -0.0641053
v -0.155684 0.153906 0.0091579
v -0.210632 0.150442 -0.0091579
v -0.192316 0.152926 -0.0091579
v -0.320526 0.170181 -0.082421
v -0.338842 0.161002 -0.082421
v -0.345166 0.155684 -0.082421
v -0.357158 0.155684 -0.0844285
v -0.357158 0.150361 -0.082421
v -0.375474 0.137368 -0.0826356
v -0.373361 0.137368 -0.082421
v -0.375474 0.155684 -0.0863987
v -0.302211 0.171895 -0.082421
v -0.119053 0.153937 0.0274736
v -0.0457895 0.119053 0.0956691
v -0.0641053 0.100737 0.0981974
v -0.357158 0.171536 -0.100737
v -0.393789 0.137368 -0.0829515
v -0.393789 0.155684 -0.0879276
v -0.412105 0.137368 -0.0835226
v -0.412105 0.155684 -0.0907248
v -0.430421 0.137368 -0.0830517
v -0.430421 0.155684 -0.0914805
v -0.448737 0.155684 -0.0933791
v -0.082421 0.153432 0.0457895
v -0.393789 0.168647 -0.100737
v -0.412105 0.165782 -0.100737
v -0.375474 0.170059 -0.100737
v -0.430421 0.164985 -0.100737
v -0.228947 0.153652 -0.0274737
v -0.247263 0.155684 -0.0381648
v -0.259075 0.155684 -0.0457895
v -0.247263 0.162969 -0.0457895
v -0.265579 0.155684 -0.047851
v -0.265579 0.169491 -0.0641053
v -0.448737 0.163285 -0.100737
v -0.0457895 0.153689 0.0641053
v -0.437149 0.137368 -0.082421
v -0.338842 0.172698 -0.100737
v -0.0274737 0.123003 0.082421
v -0.0274737 0.137368 0.0799859
v -0.0091579 0.128234 0.082421
v -0.0274737 0.119053 0.0859995
v -0.0091579 0.119053 0.0912164
v -0.0274737 0.100737 0.0961316
v -0.0091579 0.100737 0.0988358
v -0.0457895 0.100737 0.0942753
v 0.0091579 0.135057 0.082421
v -0.0091579 0.137368 0.0792235
v 0.0091579 0.137368 0.0808192
v 0.0204627 0.137368 0.082421
v 0.0274736 0.142234 0.082421
v 0.0091579 0.153041 0.0641053
v -0.0091579 0.152223 0.0641053
v -0.0274737 0.152855 0.0641053
v -0.0457895 0.082421 0.097359
v -0.0641053 0.082421 0.0957775
v -0.0641053 0.0641053 0.0987462
v -0.082421 0.0641053 0.0925782
v -0.0813681 0.082421 0.082421
v -0.0457895 0.0641053 0.100641
v -0.0274737 0.082421 0.0981258
v -0.082421 0.0802425 0.082421
v -0.093363 0.0641053 0.082421
v -0.082421 0.082421 0.0821561
v -0.100737 0.0641053 0.0715095
v -0.228947 0.162812 -0.0457895
v -0.228947 0.155684 -0.0373357
v -0.0091579 0.082421 0.0992411
v -0.000895798 0.100737 0.100737
v -0.00501984 0.082421 0.100737
v -0.0091579 0.0641053 0.100277
v 0.0091579 0.082421 0.114232
v 0.0091579 0.0641053 0.118398
v 0.0274736 0.082421 0.118384
v 0.0091579 0.100737 0.112123
v -0.00903636 0.0641053 0.100737
v -0.0274737 0.0641053 0.0961792
v -0.00523764 0.119053 0.100737
v 0.0274736 0.0641053 0.119042
v 0.0358239 0.082421 0.119053
v 0.0091579 0.0457895 0.117339
v 0.0274736 0.0639222 0.119053
v 0.0111206 0.0457895 0.119053
v 0.0274736 0.0457895 0.135146
v 0.0284572 0.0641053 0.119053
v 0.0457895 0.0641053 0.129573
v 0.0457895 0.0457895 0.136914
v 0.0641053 0.0641053 0.134593
v 0.0641053 0.082421 0.129576
v 0.082421 0.082421 0.131004
v 0.082421 0.100737 0.120887
v 0.100737 0.082421 0.133336
v 0.0457895 0.082421 0.127497
v -0.082421 0.0836341 0.082421
v 0.0641053 0.0457895 0.135916
v -0.00735277 0.0457895 0.100737
v -0.119053 0.0651832 0.0641053
v -0.375474 0.119053 -0.0844629
v -0.430421 0.119053 -0.0828316
v -0.412105 0.119053 -0.0851423
v -0.393789 0.119053 -0.084438
v 0.0641053 0.100737 0.13236
v 0.100737 0.099579 0.119053
v 0.0274736 0.0872398 0.119053
v 0.0138986 0.100737 0.119053
v 0.0274736 0.114161 0.119053
v 0.0274736 0.119053 0.117978
v 0.0274736 0.100737 0.131295
v 0.0457895 0.118391 0.119053
v 0.0457895 0.100737 0.13639
v -0.430994 0.119053 -0.082421
v 0.0457895 0.119053 0.118271
v -0.467053 0.155684 -0.0911822
v -0.467053 0.165176 -0.100737
v -0.47666 0.155684 -0.100737
v 0.0641053 0.115919 0.119053
v 0.0641053 0.119053 0.118754
v 0.082421 0.10287 0.119053
v 0.082421 0.119053 0.116689
v 0.0882412 0.100737 0.119053
v 0.100737 0.100737 0.118162
v 0.105444 0.100737 0.119053
v 0.119053 0.110376 0.119053
v 0.119053 0.119053 0.117983
v 0.100737 0.119053 0.106597
v 0.12741 0.119053 0.119053
v -0.448737 0.145854 -0.082421
v -0.467053 0.151312 -0.082421
v 0.082421 0.0641053 0.131465
v 0.082421 0.0457895 0.133745
v 0.0091579 0.119053 0.115701
v 0.0059343 0.137368 0.100737
v 0.0457895 0.0274736 0.13357
v -0.0091579 0.0457895 0.0984933
v -0.0091579 0.0274736 0.0971583
v -0.0274737 0.0457895 0.0874327
v 0.0641053 0.0274736 0.132801
v 0.0641053 0.120943 0.119053
v 0.0457895 0.12105 0.119053
v -0.467053 0.137368 -0.068087
v -0.485368 0.137368 -0.0665179
v -0.485368 0.153091 -0.082421
v -0.501031 0.137368 -0.082421
v -0.485368 0.134185 -0.0641053
v -0.500302 0.119053 -0.0641053
v -0.485368 0.119053 -0.0491711
v -0.485368 0.100737 -0.0467315
v -0.503348 0.100737 -0.0641053
v -0.467053 0.131997 -0.0641053
v -0.467053 0.119053 -0.0513827
v -0.467053 0.100737 -0.0491565
v -0.485368 0.082421 -0.0495318
v -0.448737 0.137368 -0.0740488
v -0.448737 0.119053 -0.0661953
v -0.485368 0.152357 -0.100737
v -0.499962 0.082421 -0.0641053
v -0.453417 0.119053 -0.0641053
v 0.082421 0.0274736 0.129975
v -0.452253 0.100737 -0.0641053
v 0.0274736 0.12193 0.119053
v -0.485368 0.0677631 -0.0641053
v 0.0641053 0.122632 0.155684
v 0.0457895 0.119282 0.137368
v 0.0641053 0.11919 0.137368
v 0.082421 0.121867 0.155684
v 0.082421 0.119407 0.137368
v 0.100737 0.120144 0.155684
v 0.100737 0.119133 0.137368
v 0.082421 0.12111 0.119053
v 0.100737 0.12087 0.119053
v 0.100737 0.119053 0.106597
v 0.0641053 0.120943 0.119053
v 0.0457895 0.12105 0.119053
v 0.119053 0.120895 0.119053
v 0.0274736 0.12193 0.119053
v 0.0274736 0.119364 0.137368
v 0.0091579 0.121312 0.119053
v 0.0091579 0.119383 0.137368
v -0.0091579 0.120009 0.119053
v -0.0091579 0.119649 0.137368
v -0.0274737 0.119333 0.119053
v -0.0274737 0.119535 0.137368
v -0.0295217 0.119053 0.119053
v -0.0318587 0.119053 0.137368
v -0.0457895 0.119053 0.102228
v 0.119053 0.119053 0.117983
v 0.10161 0.119053 0.137368
v 0.10214 0.119053 0.155684
v 0.0457895 0.127296 0.155684
v 0.0274736 0.130624 0.155684
v 0.0091579 0.119053 0.115701
v 0.0274736 0.119053 0.117978
v 0.082421 0.119053 0.116689
v -0.0091579 0.137368 0.155164
v -0.0274737 0.137368 0.155111
v -0.0457895 0.105977 0.137368
v -0.0457895 0.103835 0.119053
v -0.0641053 0.103275 0.119053
v -0.0641053 0.102739 0.137368
v -0.0457895 0.119053 0.150477
v -0.0641053 0.119053 0.153686
v -0.0808126 0.119053 0.137368
v -0.0810844 0.119053 0.119053
v -0.082421 0.119232 0.119053
v 0.119053 0.119053 0.121842
v 0.12741 0.119053 0.119053
v -0.0641053 0.119053 0.102707
v 0.174 -0.0279057 -0.0274737
v 0.192316 -0.027557 -0.0274737
v 0.174 -0.0320637 -0.0457895
v 0.174 -0.0275956 -0.0091579
v 0.192316 -0.0274737 -0.0259949
v 0.177249 -0.0274737 -0.0091579
v 0.208166 -0.0274737 -0.0274737
v 0.210632 -0.0274737 -0.0278136
v 0.174 -0.0299315 0.0091579
v 0.155684 -0.0298141 -0.0091579
v 0.192316 -0.0358798 -0.0457895
v 0.155684 -0.039698 -0.0274737
v 0.192316 -0.0167987 -0.0091579
v 0.192316 -0.0131475 0.0091579
v 0.210632 -0.011519 -0.0091579
v 0.210632 -0.0091579 0.00641948
v 0.207664 -0.0091579 0.0091579
v 0.192316 -0.0091579 0.0187249
v 0.228947 -0.0091579 -0.00510848
v 0.210632 -0.027135 -0.0274737
v 0.228947 -0.0116608 -0.0091579
v 0.247263 -0.0091579 -0.00627571
v 0.176972 -0.0274737 0.0091579
v 0.174 -0.0274737 0.0112005
v 0.15973 -0.0457895 -0.0457895
v 0.174 -0.0457895 -0.0595223
v 0.192316 -0.0457895 -0.0557679
v 0.155684 -0.0462166 -0.0457895
v 0.155684 -0.0457895 -0.0315673
v 0.137368 -0.0459923 -0.0274737
v 0.137368 -0.0465413 -0.0457895
v 0.145912 -0.0457895 -0.0274737
v 0.137368 -0.0457895 -0.0242676
v 0.155684 -0.0641053 -0.0638785
v 0.137368 -0.0641053 -0.0636588
v 0.20309 -0.0457895 -0.0457895
v 0.130162 -0.0457895 -0.0457895
v 0.13694 -0.0457895 -0.0274737
v 0.228947 -0.0274737 -0.0247081
v 0.210632 -0.0457895 -0.0448064
v 0.121515 -0.0641053 -0.0091579
v 0.228947 -0.0457895 -0.0365152
v 0.247263 -0.0274737 -0.0139018
v 0.247263 -0.022227 -0.0091579
v 0.211002 -0.0274737 -0.0274737
v 0.228947 -0.0365461 -0.0274737
v 0.119053 -0.0457895 -0.0560579
v 0.247263 0.0091579 0.00165504
v 0.174 -0.0091579 0.0191447
v 0.237888 -0.0457895 -0.0274737
v 0.247263 -0.0457895 -0.0129574
v 0.252015 -0.0274737 -0.0091579
v 0.174 -0.0641053 -0.0629789
v 0.0457895 -0.0814162 0.0641053
v 0.0285661 -0.0641053 0.0641053
v 0.0457895 -0.0820267 0.0457895
v 0.0279602 -0.0641053 0.0457895
v 0.0341138 -0.082421 0.0274736
v 0.0274736 -0.0752801 0.0274736
v 0.0274736 -0.0821665 0.0091579
v 0.0457895 -0.0641053 0.0816928
v 0.0283877 -0.082421 0.0091579
v 0.0274736 -0.0641053 0.0411739
v 0.0499319 -0.0641053 0.082421
v 0.0641053 -0.0767662 0.082421
v 0.0641053 -0.0641053 0.0951149
v -0.484508 0.100737 -0.119053
v -0.485368 0.119053 -0.125366
v -0.467053 0.100737 -0.135387
v -0.467053 0.0858049 -0.119053
v -0.479331 0.119053 -0.137368
v -0.467053 0.104602 -0.137368
v -0.467053 0.119053 -0.149715
v -0.467053 0.137368 -0.152093
v -0.48108 0.137368 -0.137368
v -0.46283 0.119053 -0.155684
v -0.485368 0.100737 -0.118735
v -0.448737 0.100737 -0.13814
v -0.450154 0.100737 -0.137368
v -0.448737 0.0999654 -0.137368
v -0.485368 0.106156 -0.119053
v -0.491557 0.119053 -0.119053
v -0.502327 0.100737 -0.100737
v -0.485691 0.082421 -0.100737
v -0.485368 0.082421 -0.101062
v -0.501776 0.082421 -0.082421
v -0.485368 0.0820975 -0.100737
v -0.485368 0.0660172 -0.082421
v -0.467053 0.082421 -0.106099
v -0.467053 0.0770968 -0.100737
v -0.448737 0.105136 -0.155684
v -0.448737 0.119053 -0.169738
v -0.448737 0.137368 -0.173906
v -0.466261 0.137368 -0.155684
v -0.467053 0.0708069 -0.082421
v -0.499962 0.082421 -0.0641053
v -0.485368 0.0677631 -0.0641053
v 0.338842 0.082421 0.132709
v 0.338842 0.0845724 0.137368
v 0.340923 0.082421 0.137368
v 0.356524 0.082421 0.155684
v 0.338842 0.100176 0.155684
v 0.356034 0.0641053 0.137368
v 0.352423 0.0641053 0.119053
v 0.338842 0.0803149 0.119053
v 0.350751 0.082421 0.174
v 0.338842 0.0944506 0.174
v 0.346492 0.082421 0.192316
v 0.338842 0.0900092 0.192316
v 0.357158 0.0804977 0.174
v 0.338724 0.082421 0.119053
v 0.337997 0.100737 0.137368
v 0.357158 0.0641053 0.154402
v 0.357158 0.0457895 0.137615
v 0.356518 0.0457895 0.137368
v 0.353106 0.0457895 0.119053
v 0.355338 0.0274736 0.119053
v 0.352084 0.0457895 0.100737
v 0.356638 0.0274736 0.100737
v 0.350706 0.0457895 0.082421
v 0.356218 0.0274736 0.082421
v 0.350056 0.0457895 0.0641053
v 0.357158 0.0652865 0.155684
v 0.357158 0.0274736 0.122248
v 0.357158 0.0443335 0.137368
v 0.338842 0.082421 0.11718
v 0.338842 0.0966871 0.100737
v 0.338452 0.100737 0.119053
v 0.329563 0.119053 0.119053
v 0.336652 0.100737 0.100737
v 0.338842 0.082421 0.0841339
v 0.338159 0.082421 0.082421
v 0.336304 0.100737 0.082421
v 0.3355 0.100737 0.155684
v 0.356405 0.0641053 0.100737
v 0.352611 0.082421 0.100737
v 0.355635 0.0641053 0.082421
v 0.320526 0.11661 0.082421
v 0.320526 0.118473 0.100737
v 0.320317 0.119053 0.100737
v 0.320526 0.119053 0.103971
v 0.320526 0.128143 0.119053
v 0.31822 0.137368 0.119053
v 0.320204 0.119053 0.137368
v 0.317333 0.137368 0.137368
v 0.319963 0.119053 0.155684
v 0.320526 0.118286 0.137368
v 0.320526 0.119053 0.129075
v 0.320526 0.115321 0.155684
v 0.302211 0.153365 0.119053
v 0.302211 0.152546 0.137368
v 0.318655 0.100737 0.174
v 0.315859 0.119053 0.174
v 0.304032 0.137368 0.155684
v 0.338842 0.0818973 0.082421
v 0.320526 0.100737 0.170601
v 0.320526 0.0984548 0.174
v 0.317026 0.119053 0.082421
v 0.302211 0.133728 0.082421
v 0.302211 0.136982 0.100737
v 0.302027 0.137368 0.100737
v 0.302211 0.137368 0.101721
v 0.298339 0.137368 0.082421
v 0.283895 0.151676 0.082421
v 0.283895 0.155301 0.100737
v 0.289496 0.155684 0.119053
v 0.373747 0.0641053 0.174
v 0.374482 0.0641053 0.192316
v 0.375474 0.0621471 0.174
v 0.357158 0.0803358 0.192316
v 0.373293 0.0641053 0.210632
v 0.357158 0.0772045 0.210632
v 0.358309 0.0641053 0.155684
v 0.374765 0.0457895 0.155684
v 0.375474 0.0457895 0.157863
v 0.302211 0.119053 0.0653347
v 0.3016 0.119053 0.0641053
v 0.283895 0.136517 0.0641053
v 0.283895 0.123385 0.0457895
v 0.288182 0.119053 0.0457895
v 0.299372 0.100737 0.0457895
v 0.283895 0.137368 0.0659193
v 0.282853 0.137368 0.0641053
v 0.265579 0.153118 0.0641053
v 0.338842 0.0641053 0.0649864
v 0.371685 0.0274736 0.137368
v 0.320526 0.100737 0.0661991
v 0.319911 0.100737 0.0641053
v 0.302211 0.118824 0.0641053
v 0.283895 0.119053 0.0415034
v 0.391611 0.0457895 0.174
v 0.393611 0.0457895 0.192316
v 0.375474 0.0635064 0.192316
v 0.39379 0.0457895 0.194905
v 0.39379 0.0537788 0.210632
v 0.401616 0.0457895 0.210632
v 0.405206 0.0457895 0.228947
v 0.39379 0.0575323 0.228947
v 0.409315 0.0274736 0.228947
v 0.409599 0.0274736 0.210632
v 0.407346 0.0274736 0.192316
v 0.39379 0.045035 0.192316
v 0.302211 0.100737 0.0464341
v 0.265579 0.135794 0.0457895
v 0.265579 0.137368 0.048011
v 0.283895 0.100737 0.0305917
v 0.338842 0.0594642 0.0641053
v 0.338842 0.0457895 0.0528797
v 0.332817 0.0457895 0.0457895
v 0.335634 0.0641053 0.0641053
v 0.320526 0.0584413 0.0457895
v 0.320526 0.0641053 0.0506468
v 0.319443 0.0641053 0.0457895
v 0.320362 0.082421 0.0641053
v 0.307585 0.082421 0.0457895
v 0.314491 0.0457895 0.0274736
v 0.320526 0.0457895 0.0335213
v 0.302211 0.0641053 0.028549
v 0.302211 0.082421 0.0404826
v 0.294043 0.082421 0.0274736
v 0.301965 0.0641053 0.0274736
v 0.302211 0.0887284 0.0457895
v 0.320526 0.0808661 0.0641053
v 0.320526 0.082421 0.0646225
v 0.283895 0.0931995 0.0274736
v 0.283895 0.082421 0.0173229
v 0.280882 0.100737 0.0274736
v 0.265579 0.100737 0.0126035
v 0.265579 0.115833 0.0274736
v 0.302211 0.0584821 0.0274736
v 0.302211 0.0457895 0.0152025
v 0.283895 0.0641053 0.00941455
v 0.265579 0.119053 0.0291662
v 0.247263 0.129272 0.0274736
v 0.375474 0.0635037 0.210632
v 0.405191 0.0274736 0.247263
v 0.295162 0.155684 0.137368
v 0.283895 0.161235 0.119053
v 0.283895 0.166963 0.137368
v 0.283895 0.155684 0.112686
v 0.265579 0.16609 0.100737
v 0.276612 0.155684 0.100737
v 0.265579 0.155684 0.0895351
v 0.265579 0.172865 0.119053
v 0.286197 0.155684 0.155684
v 0.283895 0.157917 0.155684
v 0.283895 0.155684 0.160016
v 0.282085 0.155684 0.174
v 0.283895 0.153902 0.174
v 0.300078 0.137368 0.174
v 0.302211 0.137368 0.158826
v 0.302211 0.134595 0.174
v 0.265579 0.170471 0.174
v 0.291961 0.137368 0.192316
v 0.283895 0.145498 0.192316
v 0.300716 0.119053 0.192316
v 0.302211 0.119053 0.187916
v 0.302211 0.139293 0.155684
v 0.362607 0.0641053 0.228947
v 0.357158 0.0683256 0.228947
v 0.375474 0.0630758 0.228947
v 0.247263 0.171973 0.100737
v 0.338842 0.082421 0.201767
v 0.301006 0.100737 0.192316
v 0.338842 0.0820878 0.210632
v 0.302211 0.100737 0.190885
v 0.302211 0.0993139 0.192316
v 0.320526 0.0922 0.192316
v 0.302211 0.082421 0.208694
v 0.283895 0.100737 0.209827
v 0.357158 0.0641053 0.233214
v -0.082421 0.0487044 -0.0641053
v -0.100737 0.0469807 -0.0641053
v -0.100737 0.0616606 -0.082421
v -0.119053 0.0533596 -0.0641053
v -0.119053 0.0457895 -0.0520729
v -0.119053 0.0641053 -0.0744959
v -0.137368 0.0457895 -0.0588911
v -0.137368 0.0641053 -0.0797915
v -0.137368 0.0482464 -0.0641053
v -0.155684 0.0641053 -0.0818449
v -0.155684 0.0472902 -0.0641053
v -0.163714 0.0641053 -0.082421
v -0.155684 0.0457895 -0.0602959
v -0.137368 0.0333373 -0.0457895
v -0.155684 0.0319483 -0.0457895
v -0.119053 0.0398934 -0.0457895
v -0.174 0.0457895 -0.0579569
v -0.174 0.0349234 -0.0457895
v -0.192316 0.0457895 -0.0559703
v -0.192316 0.0367916 -0.0457895
v -0.100737 0.0346965 -0.0457895
v -0.100737 0.0457895 -0.0573257
v -0.119053 0.0281289 -0.0274737
v -0.100737 0.0282738 -0.0274737
v -0.082421 0.0283001 -0.0274737
v -0.137368 0.0281891 -0.0274737
v -0.119053 0.0744662 -0.082421
v -0.174 0.0588844 -0.082421
v -0.174 0.0470513 -0.0641053
v -0.192316 0.0517625 -0.082421
v -0.192316 0.0641053 -0.0990612
v -0.210632 0.0641053 -0.0967165
v -0.174 0.0641053 -0.0889934
v -0.174 0.0705743 -0.100737
v -0.210632 0.0565798 -0.082421
v -0.192316 0.0468372 -0.0641053
v -0.210632 0.0491043 -0.0641053
v -0.155684 0.0679226 -0.082421
v -0.192316 0.0662935 -0.100737
v -0.210632 0.0659215 -0.100737
v -0.100737 0.0274736 -0.0230789
v -0.119053 0.0274736 -0.0231432
v -0.100737 0.0150584 -0.0091579
v -0.119053 0.0162737 -0.0091579
v -0.082421 0.0185988 -0.0091579
v -0.082421 0.0274736 -0.0200782
v -0.082421 0.0098685 0.0091579
v -0.0641053 0.00937277 0.0091579
v -0.137368 0.0274736 -0.018935
v -0.137368 0.0211211 -0.0091579
v -0.100737 0.0101886 0.0091579
v -0.119053 0.0108853 0.0091579
v -0.137368 0.0141416 0.0091579
v -0.082421 0.0461919 -0.0457895
v -0.0850082 0.0457895 -0.0457895
v -0.082421 0.0457895 -0.0454609
v -0.0738991 0.0274736 -0.0274737
v -0.0641053 0.0467129 -0.0457895
v -0.174 0.0316576 -0.0274737
v -0.155684 0.0290873 -0.0274737
v -0.0641053 0.0492386 -0.0641053
v -0.082421 0.0641053 -0.0795797
v -0.0641053 0.0641053 -0.0787528
v -0.0989893 0.0641053 -0.082421
v -0.0457895 0.0469877 -0.0641053
v -0.0457895 0.0641053 -0.0808826
v -0.20204 0.0457895 -0.0457895
v -0.0432501 0.0457895 -0.0641053
v -0.0274737 0.0630628 -0.082421
v -0.0641053 0.013187 -0.0091579
v -0.0641053 0.0190134 -0.0274737
v -0.0629387 0.0091579 0.0091579
v -0.0457895 0.0457895 -0.0612413
v -0.0636666 0.0457895 -0.0457895
v -0.145294 0.0274736 -0.0091579
v -0.155684 0.0283887 -0.0091579
v -0.152092 0.0274736 0.0091579
v -0.082421 0.0100116 0.0274736
v -0.0664443 0.0091579 0.0274736
v -0.0641053 0.0091579 0.022918
v -0.100737 0.0107524 0.0274736
v -0.174 0.0317834 -0.0091579
v -0.0641053 0.0091579 0.0298992
v -0.155684 0.0288411 0.0091579
v -0.157709 0.082421 -0.100737
v -0.192316 0.0372035 -0.0274737
v -0.102368 0.0641053 -0.082421
v -0.119053 0.082421 -0.0902796
v -0.137368 0.082421 -0.0936005
v -0.137368 0.0725998 -0.082421
v -0.155684 0.082421 -0.0985275
v -0.100737 0.0641053 -0.0841603
v -0.0641053 0.0108337 0.0457895
v -0.119053 0.0127844 0.0274736
v -0.0641053 0.00730568 0.0274736
v -0.0641053 0.0274736 -0.0438154
v -0.0641053 0.0457895 -0.0456699
v -0.500235 0.137368 -0.100737
v -0.485368 0.153091 -0.082421
v -0.485368 0.152357 -0.100737
v -0.501031 0.137368 -0.082421
v -0.485368 0.137368 -0.117816
v -0.484893 0.137368 -0.119053
v -0.47666 0.155684 -0.100737
v -0.491557 0.119053 -0.119053
v -0.502152 0.119053 -0.100737
v -0.485368 0.130407 -0.119053
v -0.479331 0.119053 -0.137368
v -0.485368 0.119053 -0.125366
v -0.502327 0.100737 -0.100737
v -0.502983 0.119053 -0.082421
v -0.503649 0.100737 -0.082421
v -0.48108 0.137368 -0.137368
v -0.472356 0.155684 -0.137368
v -0.480428 0.155684 -0.119053
v -0.467053 0.155684 -0.142811
v -0.467053 0.137368 -0.152093
v -0.466261 0.137368 -0.155684
v -0.465335 0.155684 -0.155684
v -0.467053 0.161044 -0.137368
v -0.467053 0.169008 -0.119053
v -0.467053 0.165176 -0.100737
v -0.448737 0.172662 -0.155684
v -0.448737 0.155684 -0.173007
v -0.430421 0.172776 -0.174
v -0.447883 0.155684 -0.174
v -0.430421 0.155684 -0.191042
v -0.448615 0.137368 -0.174
v -0.448737 0.137368 -0.173906
v -0.430421 0.137368 -0.191349
v -0.503348 0.100737 -0.0641053
v -0.501776 0.082421 -0.082421
v -0.500302 0.119053 -0.0641053
v -0.499962 0.082421 -0.0641053
v 0.357158 0.0274736 0.265227
v 0.338842 0.0457895 0.259611
v 0.35 0.0274736 0.265579
v 0.357158 0.0457895 0.259979
v 0.338842 0.0328064 0.265579
v 0.320526 0.0274736 0.265216
v 0.327633 0.0274736 0.265579
v 0.320526 0.0457895 0.262721
v 0.302211 0.0274736 0.262122
v 0.302211 0.0457895 0.260439
v 0.357061 0.0091579 0.265579
v 0.375474 0.0457895 0.254104
v 0.375474 0.0274736 0.264038
v 0.357158 0.0091579 0.265542
v 0.375474 0.0091579 0.263796
v 0.357158 -0.0091579 0.26504
v 0.349309 -0.0091579 0.265579
v 0.338842 -0.0168301 0.265579
v 0.39379 0.0274736 0.259191
v 0.338842 0.0274736 0.270981
v 0.375474 -0.0091579 0.258655
v 0.320526 0.0269499 0.265579
v 0.302211 0.0091579 0.254816
v 0.39379 0.0091579 0.254103
v 0.320526 0.0091579 0.282211
v 0.338842 0.0091579 0.281299
v 0.320526 -0.0091579 0.272606
v 0.338842 -0.0091579 0.272142
v 0.338842 0.0580902 0.247263
v 0.375474 0.0526019 0.247263
v 0.357158 0.0585246 0.247263
v 0.320526 0.0606809 0.247263
v 0.302211 0.0590359 0.247263
v 0.39379 0.0395678 0.247263
v 0.38296 0.0457895 0.247263
v 0.39379 0.0457895 0.24105
v 0.39379 0.0575323 0.228947
v 0.405191 0.0274736 0.247263
v 0.405206 0.0457895 0.228947
v 0.375474 0.0630758 0.228947
v 0.400123 0.0091579 0.247263
v 0.357158 0.0641053 0.233214
v 0.304073 0.0091579 0.265579
v 0.348547 0.0641053 0.228947
v 0.357158 0.0683256 0.228947
v 0.338842 0.0641053 0.228765
v 0.338842 0.063393 0.228947
v 0.320526 0.0641053 0.228614
v 0.338842 0.0820878 0.210632
v 0.320526 0.0811493 0.210632
v 0.302211 0.0641053 0.228481
v 0.302211 0.0819311 0.210632
v 0.283895 0.082421 0.226009
v 0.320526 0.0639551 0.228947
v 0.302211 0.0634016 0.228947
v 0.302211 0.082421 0.208694
v 0.299486 0.082421 0.210632
v 0.283895 0.100737 0.209827
v 0.283895 0.09936 0.210632
v 0.277162 0.100737 0.210632
v 0.265579 0.100737 0.218351
v 0.283895 0.119053 0.20937
v 0.320526 0.082421 0.202778
v 0.320526 0.0922 0.192316
v 0.338842 0.0900092 0.192316
v 0.338842 0.082421 0.201767
v 0.301006 0.100737 0.192316
v 0.300716 0.119053 0.192316
v 0.283895 0.137368 0.200439
v 0.291961 0.137368 0.192316
v 0.28217 0.119053 0.210632
v -0.119053 0.127465 0.137368
v -0.119053 0.137368 0.147309
v -0.137368 0.123202 0.137368
v -0.137368 0.137368 0.15154
v -0.155684 0.122009 0.137368
v -0.155684 0.137368 0.152715
v -0.174 0.123174 0.137368
v -0.174 0.137368 0.151588
v -0.192316 0.133627 0.137368
v -0.192316 0.137368 0.141937
v -0.119053 0.121734 0.119053
v -0.100737 0.119614 0.119053
v -0.100737 0.137368 0.137015
v -0.097923 0.137368 0.137368
v -0.10699 0.137368 0.137368
v -0.082421 0.122495 0.137368
v -0.082421 0.119232 0.119053
v -0.082421 0.137368 0.151626
v -0.196025 0.137368 0.137368
v -0.0641053 0.119053 0.153686
v -0.0808126 0.119053 0.137368
v 0.283895 -0.00899959 0.210632
v 0.265868 0.0091579 0.210632
v 0.267372 -0.0091579 0.192316
v 0.283895 0.0091579 0.228881
v 0.280803 0.0274736 0.228947
v 0.266049 0.0274736 0.210632
v 0.282891 0.0457895 0.228947
v 0.265579 0.0451896 0.210632
v 0.283895 0.0274736 0.232347
v 0.283895 0.0457895 0.230018
v 0.265579 -0.00355822 0.192316
v 0.265579 0.0274736 0.208827
v 0.265579 0.0091579 0.204373
v 0.288786 0.0457895 0.247263
v 0.283895 0.0468354 0.228947
v 0.302211 0.0590359 0.247263
v 0.302211 0.0457895 0.260439
v 0.283895 0.0185603 0.228947
v 0.285746 0.0091579 0.228947
v 0.302211 0.0634016 0.228947
v 0.302211 -0.00320047 0.247263
v 0.302211 -0.0091579 0.245703
v 0.302846 -0.0091579 0.247263
v 0.304073 0.0091579 0.265579
v 0.302211 0.0091579 0.254816
v 0.302211 -0.0237826 0.228947
v 0.303957 -0.0274737 0.228947
v 0.312173 -0.0274737 0.247263
v 0.313759 -0.0091579 0.265579
v 0.320526 -0.0091579 0.272606
v 0.320526 -0.0274737 0.256511
v 0.294707 0.0091579 0.247263
v 0.320526 0.0091579 0.282211
v 0.320526 -0.0167786 0.265579
v 0.287927 -0.0091579 0.228947
v 0.320526 -0.0359745 0.247263
v 0.287243 0.0274736 0.247263
v 0.302211 0.0274736 0.262122
v 0.320526 -0.0439499 0.228947
v 0.302211 -0.0201523 0.210632
v 0.30443 -0.0274737 0.210632
v 0.302211 -0.0274737 0.202263
v 0.302211 -0.0360214 0.192316
v 0.320526 -0.043237 0.210632
v 0.289716 -0.0091579 0.210632
v 0.320526 -0.0439444 0.192316
v 0.338842 -0.0407919 0.247263
v 0.338842 -0.0274737 0.261704
v 0.338842 -0.0091579 0.272142
v 0.338842 -0.0168301 0.265579
v 0.0318736 -0.119053 -0.0274737
v 0.0457895 -0.10498 -0.0274737
v 0.0274736 -0.119053 -0.0282014
v 0.0457895 -0.137368 -0.0279621
v 0.0274736 -0.137368 -0.0286815
v 0.0457895 -0.132562 -0.0274737
v 0.0641053 -0.137368 -0.030983
v 0.0641053 -0.12523 -0.0274737
v 0.0091579 -0.137368 -0.040814
v 0.0274736 -0.154503 -0.0457895
v 0.0457895 -0.155182 -0.0457895
v 0.0091579 -0.142366 -0.0457895
v 0.0641053 -0.152186 -0.0457895
v 0.0641053 -0.119053 -0.0213479
v 0.0457895 -0.119053 -0.0141595
v 0.082421 -0.119053 -0.0146102
v 0.082421 -0.131942 -0.0274737
v 0.100737 -0.119053 -0.0116408
v 0.100737 -0.134895 -0.0274737
v 0.100737 -0.100737 -0.0105755
v 0.00363094 -0.137368 -0.0457895
v -0.0091579 -0.137368 -0.0557047
v 0.00538886 -0.155684 -0.0641053
v 0.0091579 -0.154597 -0.0641053
v 0.082421 -0.100737 -0.0168303
v 0.082421 -0.094541 -0.0091579
v 0.100737 -0.0926773 -0.0091579
v 0.104921 -0.100737 -0.0091579
v 0.119053 -0.119053 -0.0232746
v 0.0641053 -0.0950071 -0.0091579
v 0.119053 -0.12314 -0.0274737
v 0.082421 -0.137368 -0.0450411
v 0.082421 -0.138114 -0.0457895
v 0.123665 -0.119053 -0.0274737
v 0.083189 -0.137368 -0.0457895
v 0.100737 -0.136945 -0.0457895
v 0.119053 -0.114006 -0.0091579
v 0.137368 -0.118868 -0.0274737
v 0.137368 -0.115218 -0.0091579
v 0.155684 -0.11517 -0.0091579
v 0.0641053 -0.110485 -0.0274737
v 0.0457895 -0.0641053 0.0816928
v 0.0457895 -0.046317 0.0641053
v 0.0285661 -0.0641053 0.0641053
v 0.0279602 -0.0641053 0.0457895
v 0.0573409 -0.0457895 0.0641053
v 0.0499319 -0.0641053 0.082421
v 0.100737 -0.0457895 0.08189
v 0.082421 -0.0457895 0.0785419
v 0.100737 -0.0625166 0.0641053
v 0.082421 -0.0456723 0.082421
v 0.0789406 -0.0457895 0.082421
v 0.100737 -0.0877461 0.0091579
v 0.119053 -0.082421 0.00593626
v 0.10779 -0.082421 0.0091579
v 0.118737 -0.0641053 0.0091579
v 0.104921 -0.100737 -0.0091579
v 0.082421 -0.082421 0.0443937
v 0.0834497 -0.082421 0.0457895
v 0.082421 -0.0834214 0.0457895
v 0.0994917 -0.0641053 0.0457895
v 0.0981805 -0.0641053 0.0641053
v 0.082421 -0.0797939 0.0641053
v 0.100737 -0.0712193 0.0274736
v 0.0848794 -0.0641053 0.082421
v 0.082421 -0.066546 0.082421
v 0.082421 -0.0641053 0.0848766
v 0.082421 -0.082421 0.0467771
v 0.0641053 -0.0976966 0.0457895
v 0.0641053 -0.0962999 0.0274736
v 0.0641053 -0.082421 0.0615552
v 0.0641053 -0.0810737 0.0641053
v 0.0641053 -0.0767662 0.082421
v 0.0641053 -0.0641053 0.0951149
v 0.082421 -0.081172 0.0274736
v 0.100737 -0.082421 0.0144167
v 0.082421 -0.082421 0.0258301
v 0.112069 -0.0641053 0.0274736
v 0.100737 -0.0641053 0.0350844
v 0.0790406 -0.082421 0.0274736
v 0.082421 -0.0984789 0.0091579
v 0.100737 -0.0639429 0.0457895
v 0.119053 -0.0620528 0.0274736
v 0.119053 -0.0621527 0.0457895
v 0.119053 -0.0457895 0.0631325
v 0.118294 -0.0457895 0.0641053
v 0.119053 -0.0450755 0.0641053
v 0.100737 -0.0449747 0.082421
v 0.0457895 -0.0814162 0.0641053
v 0.0457895 -0.0820267 0.0457895
v 0.119053 -0.0451311 0.082421
v 0.119053 -0.0402701 0.100737
v 0.155684 -0.0641053 0.0254778
v 0.155684 -0.0465741 0.0091579
v 0.137368 -0.0457895 0.0245364
v 0.174 -0.0641053 0.0272818
v 0.151721 -0.0457895 0.0091579
v 0.155684 -0.0457895 0.00344604
v 0.157164 -0.0457895 0.0091579
v 0.0557218 0.155684 0.082421
v 0.0457895 0.155684 0.0813012
v 0.0457895 0.153005 0.082421
v 0.0641053 0.162353 0.082421
v 0.0457895 0.172389 0.0641053
v 0.0289315 0.155684 0.0641053
v 0.0274736 0.154529 0.0641053
v 0.0274736 0.142234 0.082421
v 0.0091579 0.153041 0.0641053
v 0.0641053 0.172234 0.0641053
v 0.082421 0.167737 0.082421
v 0.082421 0.17178 0.0641053
v 0.0091579 0.15537 0.0457895
v -0.0091579 0.154786 0.0457895
v -0.0091579 0.155684 0.0426178
v -0.0274737 0.155684 0.0432768
v -0.0091579 0.170242 0.0274736
v -0.0274737 0.169674 0.0274736
v -0.0457895 0.155684 0.0431696
v -0.0457895 0.167564 0.0274736
v -0.0611979 0.155684 0.0274736
v -0.0091579 0.152223 0.0641053
v -0.0274737 0.155378 0.0457895
v -0.0274737 0.152855 0.0641053
v -0.0457895 0.155591 0.0457895
v -0.0641053 0.155521 0.0274736
v -0.0274737 0.170825 0.0091579
v -0.0457895 0.166752 0.0091579
v -0.0091579 0.171779 0.0091579
v -0.0457895 0.153689 0.0641053
v -0.0641053 0.154821 0.0457895
v -0.0641053 0.151932 0.0641053
v -0.082421 0.153432 0.0457895
v -0.082421 0.155001 0.0274736
v -0.100737 0.155023 0.0274736
v -0.100737 0.15254 0.0457895
v -0.119053 0.153937 0.0274736
v -0.119053 0.155285 0.0091579
v -0.137368 0.154651 0.0091579
v -0.137368 0.150237 0.0274736
v -0.155684 0.153906 0.0091579
v -0.155684 0.155292 -0.0091579
v -0.174 0.153397 -0.0091579
v -0.174 0.150977 0.0091579
v -0.192316 0.152926 -0.0091579
v -0.174 0.15531 -0.0274737
v -0.192316 0.154553 -0.0274737
v -0.210632 0.154134 -0.0274737
v -0.210632 0.150442 -0.0091579
v -0.228947 0.153652 -0.0274737
v -0.228947 0.155684 -0.0373357
v -0.210632 0.155684 -0.0401949
v -0.192316 0.15565 -0.0457895
v 0.0274736 0.155647 0.0457895
v 0.028003 0.155684 0.0457895
v -0.137368 0.155597 -0.0091579
v -0.100908 0.155684 0.0091579
v -0.100737 0.155684 0.00925809
v -0.194106 0.155684 -0.0457895
v 0.0641053 0.173302 0.0457895
v 0.082421 0.173548 0.0457895
v 0.0457895 0.171517 0.0457895
v 0.0091579 0.155684 0.0358843
v 0.0274736 0.155684 0.0424256
v -0.0641053 0.155662 0.0091579
v -0.082421 0.155684 0.00925183
v -0.0634848 0.155684 0.0091579
v -0.155684 0.155523 -0.0274737
v -0.174 0.155425 -0.0457895
v -0.081119 0.155684 0.0091579
v -0.119053 0.155321 -0.0091579
v -0.137368 0.15543 -0.0274737
v -0.155684 0.155148 -0.0457895
v -0.100737 0.155464 -0.0091579
v -0.100737 0.155684 0.00900042
v -0.082421 0.155684 0.00906485
v -0.192316 0.155356 -0.0641053
v -0.210632 0.155425 -0.082421
v -0.210632 0.155684 -0.0729284
v -0.204322 0.155684 -0.0641053
v -0.119053 0.154747 -0.0274737
v -0.082421 0.155159 -0.0091579
v 0.0641053 0.17254 0.0274736
v -0.0457895 0.155684 -0.00314134
v -0.0457895 0.155467 -0.0091579
v -0.0641053 0.154815 -0.0091579
v -0.0274737 0.155684 -0.00726306
v -0.100737 0.154655 -0.0274737
v 0.0457895 0.168946 0.0274736
v 0.0457895 0.170154 0.0091579
v 0.0274736 0.167626 0.0091579
v 0.0641053 0.172583 0.0091579
v 0.0274736 0.164011 0.0274736
v 0.0091579 0.169631 0.0091579
v 0.0091579 0.163418 0.0274736
v -0.0274737 0.155563 -0.0091579
v -0.0091579 0.155684 -0.00815958
v -0.082421 0.153955 -0.0274737
v -0.137368 0.15414 -0.0457895
v -0.119053 0.152766 -0.0457895
v -0.174 0.153441 -0.0641053
v -0.192316 0.153563 -0.082421
v -0.0641053 0.152509 -0.0274737
v -0.0457895 0.152834 -0.0274737
v -0.0274737 0.153305 -0.0274737
v -0.0091579 0.155549 -0.0091579
v -0.0012778 0.155684 -0.0091579
v 0.0091579 0.155684 -0.0162014
v 0.082421 0.169446 0.0274736
v 0.082421 0.17335 0.0091579
v -0.0091579 0.152639 -0.0274737
v 0.0091579 0.153606 -0.0274737
v -0.210632 0.153225 -0.100737
v -0.212139 0.155684 -0.082421
v -0.0091579 0.148779 -0.0457895
v 0.0457895 0.155375 0.100737
v 0.0475828 0.155684 0.100737
v 0.082421 0.169857 0.100737
v 0.100737 0.166039 0.0274736
v -0.0274737 0.145146 -0.0457895
v -0.155684 0.151047 -0.0641053
v 0.100737 0.168519 0.0457895
v 0.100737 0.172297 0.0091579
v 0.0167841 0.155684 -0.0091579
v 0.0274736 0.155464 -0.0091579
v 0.0274736 0.155684 -0.00381249
v 0.0457895 0.155684 -0.00536376
v 0.100737 0.165656 0.0641053
v 0.0641053 0.168577 0.100737
v -0.174 0.147363 -0.082421
v 0.0274736 0.149835 -0.0274737
v 0.0457895 0.153763 -0.0091579
v 0.0457895 0.150276 -0.0274737
v 0.0274736 0.146488 -0.0457895
v 0.0091579 0.145659 -0.0457895
v 0.0641053 0.15536 -0.0091579
v 0.0641053 0.155684 -0.00798202
v 0.082421 0.155684 -0.00872332
v 0.0641053 0.149512 -0.0274737
v 0.082421 0.155388 -0.0091579
v 0.082421 0.152151 -0.0274737
v 0.100737 0.154874 -0.0091579
v 0.100737 0.149466 -0.0274737
v 0.119053 0.150888 -0.0091579
v 0.119053 0.152339 0.0091579
v 0.0091579 0.162237 -0.0091579
v 0.0457895 0.142045 -0.0457895
v 0.100737 0.155684 -0.00765675
v -0.100737 0.155774 0.0091579
v -0.210632 0.158912 -0.0641053
v -0.210632 0.160248 -0.0457895
v -0.228947 0.167079 -0.0641053
v -0.228947 0.162812 -0.0457895
v -0.247263 0.16775 -0.0641053
v -0.247263 0.170398 -0.082421
v -0.228947 0.168824 -0.082421
v -0.247263 0.16985 -0.100737
v -0.265579 0.172419 -0.100737
v -0.265579 0.17175 -0.082421
v -0.283895 0.173112 -0.100737
v -0.283895 0.173056 -0.082421
v -0.302211 0.17289 -0.100737
v -0.302211 0.171895 -0.082421
v -0.320526 0.172605 -0.100737
v -0.265579 0.169491 -0.0641053
v -0.320526 0.170181 -0.082421
v -0.338842 0.172698 -0.100737
v -0.338842 0.170843 -0.119053
v -0.357158 0.171206 -0.119053
v -0.357158 0.171536 -0.100737
v -0.375474 0.171463 -0.119053
v -0.375474 0.172065 -0.137368
v -0.393789 0.173666 -0.137368
v -0.393789 0.172619 -0.119053
v -0.412105 0.17372 -0.137368
v -0.393789 0.172855 -0.155684
v -0.412105 0.174 -0.144328
v -0.406576 0.174 -0.155684
v -0.430421 0.174 -0.138668
v -0.375474 0.170059 -0.100737
v -0.357158 0.169012 -0.137368
v -0.412105 0.171198 -0.119053
v -0.430421 0.173727 -0.137368
v -0.430421 0.170751 -0.119053
v -0.448737 0.173363 -0.137368
v -0.448737 0.172662 -0.155684
v -0.448737 0.170108 -0.119053
v -0.283895 0.169308 -0.0641053
v -0.412105 0.171384 -0.174
v -0.320526 0.169025 -0.119053
v -0.412105 0.174 -0.159344
v -0.430421 0.172776 -0.174
v -0.393789 0.168647 -0.100737
v -0.430421 0.174 -0.167901
v -0.247263 0.162969 -0.0457895
v -0.412105 0.177219 -0.155684
v -0.412105 0.165782 -0.100737
v -0.442895 0.174 -0.155684
v -0.430421 0.164985 -0.100737
v -0.302211 0.167597 -0.119053
v -0.375474 0.166369 -0.155684
v -0.448737 0.163285 -0.100737
v -0.467053 0.169008 -0.119053
v -0.467053 0.165176 -0.100737
v -0.467053 0.161044 -0.137368
v 0.0274736 0.154193 0.100737
v -0.430421 0.185066 -0.155684
v -0.082421 0.155758 0.0091579
v 0.117378 0.155684 0.0091579
v 0.136538 0.137368 0.0091579
v 0.100046 0.155684 0.082421
v 0.091888 0.155684 0.100737
v 0.100737 0.155522 0.082421
v 0.100737 0.155684 0.081336
v 0.119053 0.151124 0.0641053
v 0.119053 0.148226 0.082421
v 0.137368 0.154463 0.082421
v 0.137368 0.154559 0.0641053
v 0.155684 0.155476 0.0641053
v 0.155684 0.155684 0.0724114
v 0.160333 0.155684 0.0641053
v 0.174 0.155684 0.0529056
v 0.148008 0.155684 0.082421
v 0.137368 0.154791 0.100737
v 0.141271 0.155684 0.100737
v 0.119053 0.155012 0.0457895
v 0.137368 0.148277 0.0457895
v 0.155684 0.153235 0.0457895
v 0.174 0.152784 0.0457895
v 0.137368 0.145246 0.0274736
v 0.119053 0.154431 0.0274736
v 0.114344 0.155684 0.0457895
v 0.110681 0.155684 0.0641053
v 0.111495 0.155684 0.0274736
v 0.119053 0.154898 0.100737
v 0.192316 0.155684 0.0536182
v 0.192316 0.151881 0.0457895
v 0.20458 0.155684 0.0641053
v 0.210632 0.155327 0.0641053
v 0.192316 0.155684 0.0792705
v 0.192316 0.155446 0.082421
v 0.189092 0.155684 0.082421
v 0.210632 0.155436 0.082421
v 0.228947 0.15533 0.082421
v 0.228947 0.154196 0.0641053
v 0.247263 0.155197 0.082421
v 0.247263 0.15444 0.0641053
v 0.265579 0.154712 0.082421
v 0.228947 0.152941 0.0457895
v 0.210632 0.152218 0.0457895
v 0.265579 0.153118 0.0641053
v 0.265579 0.155684 0.0895351
v 0.283895 0.151676 0.082421
v 0.228947 0.155684 0.0845157
v 0.247263 0.155684 0.0835766
v 0.276612 0.155684 0.100737
v 0.283895 0.155301 0.100737
v 0.283895 0.155684 0.112686
v 0.289496 0.155684 0.119053
v 0.210632 0.155684 0.0836037
v 0.210632 0.146712 0.0274736
v 0.192316 0.145149 0.0274736
v 0.174 0.139989 0.0274736
v 0.155684 0.164849 0.100737
v 0.137368 0.137368 0.01318
v 0.137368 0.136884 0.0091579
v 0.149193 0.137368 0.0274736
v 0.155684 0.136885 0.0274736
v 0.155684 0.13416 0.0091579
v 0.137368 0.135446 -0.0091579
v 0.174 0.134022 0.0091579
v 0.174 0.137368 0.024715
v 0.192316 0.137368 0.0190219
v 0.168653 0.137368 0.0274736
v 0.132873 0.137368 -0.0091579
v 0.155684 0.137368 0.0285475
v 0.228947 0.170727 0.100737
v 0.210632 0.171697 0.100737
v 0.192316 0.1732 0.100737
v 0.247263 0.171973 0.100737
v 0.192316 0.155684 0.0826602
v 0.174 0.166815 0.0641053
v 0.192316 0.166094 0.0641053
v 0.0091579 0.140741 0.100737
v 0.0204627 0.137368 0.082421
v 0.155684 0.162835 0.082421
v 0.174 0.165982 0.082421
v 0.0091579 0.137368 0.0958318
v 0.0091579 0.135057 0.082421
v 0.0059343 0.137368 0.100737
v 0.100737 0.14311 0.100737
v 0.137368 -0.082421 0.0127717
v 0.155684 -0.0641053 0.0254778
v 0.137956 -0.0641053 0.0091579
v 0.155684 -0.082421 0.0250459
v 0.137368 -0.0609983 0.0091579
v 0.137368 -0.0641053 0.00790846
v 0.119053 -0.0633866 -0.0091579
v 0.137368 -0.0733061 0.0091579
v 0.121515 -0.0641053 -0.0091579
v 0.132284 -0.082421 0.0091579
v 0.119053 -0.066842 -0.0091579
v 0.174 -0.0641053 0.0272818
v 0.174 -0.082421 0.0263223
v 0.192316 -0.082421 0.0262853
v 0.175089 -0.0641053 0.0274736
v 0.174 -0.0628073 0.0274736
v 0.157164 -0.0457895 0.0091579
v 0.155684 -0.0465741 0.0091579
v 0.192316 -0.0791469 0.0274736
v 0.119053 -0.082421 0.00593626
v 0.137368 -0.100737 0.0052104
v 0.119053 -0.100737 0.00398451
v 0.104921 -0.100737 -0.0091579
v 0.137368 -0.0860296 0.0091579
v 0.155684 -0.100737 0.00518239
v 0.210632 -0.082421 0.0253502
v 0.119053 -0.114006 -0.0091579
v 0.137368 -0.0457895 0.0245364
v 0.155684 -0.0983223 0.0091579
v 0.137368 -0.115218 -0.0091579
v 0.174 -0.0996224 0.0091579
v 0.155684 -0.11517 -0.0091579
v 0.192316 -0.0995099 0.0091579
v 0.174 -0.100737 0.00109386
v 0.174 -0.110862 -0.0091579
v 0.210632 -0.0970309 0.0091579
v -0.155684 0.137368 0.122049
v -0.174 0.151331 0.137368
v -0.155684 0.153168 0.137368
v -0.174 0.137368 0.12344
v -0.137368 0.137368 0.119127
v -0.137368 0.153 0.137368
v -0.119053 0.148325 0.137368
v -0.192316 0.141075 0.137368
v -0.192316 0.137368 0.133659
v -0.196025 0.137368 0.137368
v 0.0274736 -0.144233 -0.082421
v 0.0091579 -0.154597 -0.0641053
v 0.0091579 -0.137368 -0.0819687
v -0.0091579 -0.137368 -0.0726957
v 0.0274736 -0.155123 -0.0641053
v 0.0457895 -0.154869 -0.0641053
v 0.0457895 -0.145894 -0.082421
v 0.0274736 -0.137368 -0.089149
v 0.0457895 -0.137368 -0.0909296
v 0.014037 -0.137368 -0.082421
v 0.0641053 -0.152322 -0.0641053
v 0.0457895 -0.155182 -0.0457895
v 0.0274736 -0.154503 -0.0457895
v 0.0641053 -0.152186 -0.0457895
v -0.0457895 0.0641053 -0.0808826
v -0.0457895 0.082421 -0.0777454
v -0.0274737 0.082421 -0.0822148
v -0.0274737 0.100737 -0.0809999
v -0.0457895 0.100737 -0.0750738
v -0.0274737 0.119053 -0.0770977
v -0.0269443 0.082421 -0.082421
v -0.0209812 0.100737 -0.082421
v -0.0641053 0.0641053 -0.0787528
v -0.0091579 0.119053 -0.0793774
v -0.0274737 0.0641053 -0.0822693
v -0.0274737 0.0630628 -0.082421
v -0.0262006 0.0641053 -0.082421
v -0.0091579 0.111293 -0.082421
v 0.0091579 0.119053 -0.0810683
v 0.0091579 0.109658 -0.082421
v 0.0274736 0.119053 -0.081006
v 0.0274736 0.113734 -0.082421
v 0.0457895 0.119053 -0.0792015
v 0.0457895 0.112288 -0.082421
v -0.0641053 0.082421 -0.0651497
v -0.0641053 0.100737 -0.0733747
v -0.082421 0.0641053 -0.0795797
v -0.0091579 0.082421 -0.0974295
v -0.0091579 0.100737 -0.0929007
v 0.0091579 0.100737 -0.0910434
v 0.0091579 0.082421 -0.0993325
v -0.0091579 0.0641053 -0.0999766
v -0.00563216 0.0641053 -0.100737
v 0.0091579 0.0754686 -0.100737
v 0.0274736 0.100737 -0.0952361
v 0.0274736 0.082421 -0.0999035
v 0.0274736 0.0772778 -0.100737
v 0.0457895 0.100737 -0.0938784
v 0.0457895 0.082421 -0.0985239
v 0.0457895 0.0727567 -0.100737
v 0.0641053 0.082421 -0.0955279
v 0.0641053 0.073015 -0.100737
v 0.0274736 0.0641053 -0.111391
v -0.0457895 0.116116 -0.0641053
v -0.0438851 0.119053 -0.0641053
v -0.0457895 0.119053 -0.0636202
v -0.0274737 0.132094 -0.0641053
v -0.0091579 0.134345 -0.0641053
v 0.0091579 0.136202 -0.0641053
v 0.0274736 0.136001 -0.0641053
v 0.0457895 0.134154 -0.0641053
v 0.0641053 0.0641053 -0.109631
v 0.0457895 0.0641053 -0.107507
v 0.0641053 0.0457895 -0.117451
v -0.0457895 0.13629 -0.0457895
v 0.0091579 0.0641053 -0.112693
v 0.0641053 0.100737 -0.0792729
v 0.0641053 0.119053 -0.0708673
v 0.0641053 0.125788 -0.0641053
v 0.082421 0.100737 -0.0798689
v 0.082421 0.082421 -0.0805822
v 0.100737 0.100737 -0.0763868
v 0.100737 0.082421 -0.0813722
v 0.100737 0.0641053 -0.0821255
v 0.082421 0.116571 -0.0641053
v 0.100737 0.113109 -0.0641053
v 0.0712181 0.119053 -0.0641053
v 0.082421 0.119053 -0.0594046
v 0.119053 0.0641053 -0.0777644
v 0.0584182 0.100737 -0.082421
v 0.0641053 0.0964546 -0.082421
v 0.077995 0.082421 -0.082421
v 0.119053 0.0457895 -0.0768661
v 0.100737 0.0619999 -0.082421
v 0.0993686 0.0641053 -0.082421
v 0.082421 0.0810909 -0.082421
v 0.0731145 0.0641053 -0.100737
v 0.082421 0.0641053 -0.0991392
v 0.082421 0.0494776 -0.100737
v -0.082421 0.082421 -0.0751711
v -0.100737 0.082421 -0.082267
v -0.100737 0.0770168 -0.082421
v -0.101664 0.082421 -0.082421
v -0.0989893 0.0641053 -0.082421
v -0.100737 0.0887511 -0.082421
v -0.0990041 0.100737 -0.082421
v -0.119053 0.082421 -0.0902796
v -0.100737 0.0641053 -0.0841603
v 0.0859678 0.0457895 -0.100737
v 0.100737 0.0457895 -0.0981915
v -0.082421 0.100737 -0.0782224
v -0.100737 0.100737 -0.0836654
v 0.082421 0.0457895 -0.104291
v 0.082421 0.132663 -0.0457895
v 0.100737 0.119053 -0.0552598
v 0.100737 0.128474 -0.0457895
v 0.100737 0.137368 -0.0396347
v 0.082421 0.137368 -0.0424829
v 0.0641053 0.134565 -0.0457895
v 0.082421 0.152151 -0.0274737
v 0.100737 0.149466 -0.0274737
v 0.0641053 0.149512 -0.0274737
v 0.0641053 0.137368 -0.0419011
v 0.0457895 0.142045 -0.0457895
v 0.0529945 0.137368 -0.0457895
v 0.0457895 0.137368 -0.0505795
v 0.0274736 0.146488 -0.0457895
v 0.0274736 0.137368 -0.055391
v 0.0091579 0.145659 -0.0457895
v 0.0091579 0.137368 -0.0551072
v -0.0091579 0.148779 -0.0457895
v -0.0091579 0.137368 -0.0572884
v -0.0274737 0.145146 -0.0457895
v -0.0274737 0.137368 -0.0536155
v 0.0457895 0.0543604 -0.119053
v 0.054743 0.0457895 -0.119053
v 0.0274736 0.0596717 -0.119053
v 0.0457895 0.0457895 -0.127433
v 0.0274736 0.0457895 -0.131626
v 0.0091579 0.0622187 -0.119053
v 0.0091579 0.0457895 -0.132753
v 0.0091579 0.0274736 -0.136938
v -0.0091579 0.0274736 -0.135837
v -0.0091579 0.0196458 -0.137368
v 0.0274736 0.0274736 -0.134472
v 0.0274736 0.0091579 -0.136306
v 0.0091579 0.0172724 -0.137368
v 0.0144338 0.0091579 -0.137368
v -0.0091579 0.0452185 -0.119053
v 0.112499 0.119053 -0.0457895
v 0.114201 0.137368 -0.0274737
v 0.119053 0.135479 -0.0274737
v 0.119053 0.119053 -0.0441952
v 0.119053 0.117959 -0.0457895
v 0.11312 0.100737 -0.0641053
v 0.119053 0.100737 -0.0623481
v 0.119053 0.137368 -0.023711
v 0.119053 0.150888 -0.0091579
v -0.0371947 0.137368 -0.0457895
v -0.0457895 0.152834 -0.0274737
v 0.13664 0.119053 -0.0274737
v 0.136675 0.100737 -0.0457895
v 0.137368 0.118333 -0.0274737
v 0.137368 0.119053 -0.0268789
v 0.137368 0.135446 -0.0091579
v 0.132873 0.137368 -0.0091579
v 0.117277 0.0457895 -0.082421
v 0.155029 0.119053 -0.0091579
v 0.153734 0.100737 -0.0274737
v 0.118358 0.082421 -0.0641053
v 0.119053 0.082421 -0.063181
v 0.137368 0.100737 -0.0447792
v -0.0073908 0.0457895 -0.119053
v -0.0091579 0.0457895 -0.118644
v -0.0274737 0.0411001 -0.119053
v -0.0274737 0.0457895 -0.11138
v -0.0274737 0.056469 -0.100737
v -0.0091579 0.063906 -0.100737
v -0.0457895 0.0431697 -0.100737
v -0.0386489 0.0457895 -0.100737
v 0.137368 0.082421 -0.050871
v -0.0501514 -0.174 -0.100737
v -0.0457895 -0.158505 -0.082421
v -0.0457895 -0.172547 -0.100737
v -0.0457895 -0.174 -0.102204
v -0.0633011 -0.174 -0.082421
v 0.0996924 -0.0641053 -0.0091579
v 0.100737 -0.0641053 -0.00907791
v 0.100737 -0.0669104 -0.0091579
v 0.082421 -0.0741501 -0.0274737
v 0.082421 -0.0641053 -0.0251375
v 0.118737 -0.0641053 0.0091579
v 0.119053 -0.082421 0.00593626
v 0.119053 -0.0592471 0.0091579
v 0.0780107 -0.0641053 -0.0274737
v 0.0641053 -0.0641053 -0.0394986
v 0.082421 -0.082421 -0.034364
v 0.119053 -0.0620528 0.0274736
v -0.210632 0.0570802 -0.119053
v -0.192316 0.0641053 -0.103776
v -0.210632 0.0641053 -0.105469
v -0.210632 0.0659215 -0.100737
v -0.192316 0.0662935 -0.100737
v -0.174 0.0641053 -0.108666
v -0.174 0.0705743 -0.100737
v -0.157709 0.082421 -0.100737
v -0.155684 0.0709277 -0.119053
v -0.192316 0.0461665 -0.119053
v -0.192316 0.0457895 -0.119278
v -0.174 0.0457895 -0.109506
v -0.191907 0.0457895 -0.119053
v -0.210632 0.0457895 -0.132777
v -0.155684 0.0641053 -0.114317
v -0.192316 0.0274736 -0.125098
v -0.183518 0.0274736 -0.119053
v -0.174 0.0274736 -0.110986
v -0.155684 0.0457895 -0.109579
v -0.137368 0.0457895 -0.112162
v -0.210632 0.0379282 -0.137368
v -0.206474 0.0274736 -0.137368
v -0.210632 0.0274736 -0.140949
v -0.214876 0.0457895 -0.137368
v -0.217643 0.0641053 -0.119053
v -0.0457895 -0.174 -0.0672012
v -0.0389637 -0.155684 -0.082421
v -0.0457895 -0.158505 -0.082421
v -0.0274737 -0.162256 -0.0641053
v -0.0633011 -0.174 -0.082421
v 0.0848794 -0.0641053 0.082421
v 0.082421 -0.0457895 0.0785419
v 0.082421 -0.0560067 0.082421
v 0.100737 -0.0625166 0.0641053
v 0.0789406 -0.0457895 0.082421
v 0.082421 -0.0641053 0.0848766
v 0.0641053 -0.0457895 0.0962074
v 0.0641053 -0.0641053 0.0951149
v 0.00136662 -0.155684 -0.082421
v -0.0091579 -0.144473 -0.082421
v -0.0091579 -0.137368 -0.0726957
v 0.0091579 -0.154597 -0.0641053
v -0.0091579 -0.155684 -0.0928025
v 0.157164 -0.0457895 0.0091579
v 0.155684 -0.0457895 0.0265859
v 0.155684 -0.0400469 0.0091579
v 0.155684 -0.0457895 0.00344604
v -0.0274737 -0.155684 -0.0933663
v -0.0274737 -0.174 -0.0857779
v -0.0442873 -0.174 -0.100737
v -0.0274737 -0.177278 -0.082421
v -0.0457895 -0.175547 -0.100737
v -0.0457895 -0.174 -0.102204
v -0.0240443 -0.174 -0.082421
v -0.0457895 -0.189341 -0.082421
v -0.0091579 -0.166316 -0.082421
v -0.0091579 -0.155684 -0.0928025
v 0.00136662 -0.155684 -0.082421
v -0.0091579 -0.167976 -0.0641053
v 0.00538886 -0.155684 -0.0641053
v 0.0091579 -0.154597 -0.0641053
v -0.0501514 -0.174 -0.100737
v -0.0633011 -0.174 -0.082421
v 0.119053 0.119053 0.121842
v 0.119053 0.110376 0.119053
v 0.10161 0.119053 0.137368
v 0.12741 0.119053 0.119053
v 0.105444 0.100737 0.119053
v 0.10161 0.119053 0.137368
v 0.105444 0.100737 0.119053
v 0.119053 0.100737 0.128417
v 0.119053 0.103671 0.137368
v 0.121649 0.100737 0.137368
v 0.137368 0.100737 0.155118
v 0.137368 0.100862 0.155684
v 0.10214 0.119053 0.155684
v 0.119053 0.10244 0.155684
v 0.137368 0.106002 0.174
v 0.142798 0.100737 0.174
v 0.137694 0.100737 0.155684
v -0.119053 0.0532284 -0.137368
v -0.137368 0.0558472 -0.119053
v -0.119406 0.0457895 -0.119053
v -0.119053 0.0457895 -0.119295
v -0.137368 0.0571042 -0.137368
v -0.155684 0.0640414 -0.137368
v -0.116728 0.0457895 -0.119053
v -0.119053 0.0457559 -0.119053
v -0.100737 0.0471267 -0.119053
v -0.100737 0.0457895 -0.108992
v -0.100737 0.0456722 -0.100737
v -0.082421 0.0426242 -0.119053
v -0.099176 0.0457895 -0.119053
v -0.100737 0.0442003 -0.137368
v -0.082421 0.0405537 -0.137368
v -0.100737 0.0457895 -0.121471
v -0.107654 0.0457895 -0.137368
v -0.0641053 0.0402699 -0.119053
v -0.0641053 0.038832 -0.137368
v -0.0457895 0.0346924 -0.119053
v -0.137368 0.0527931 -0.155684
v -0.119053 0.043932 -0.155684
v -0.12704 0.0457895 -0.155684
v -0.119053 0.0457895 -0.148127
v -0.155684 0.0588283 -0.155684
v -0.082421 0.0455306 -0.100737
v -0.0641053 0.04533 -0.100737
v -0.0641053 0.0444254 -0.082421
v -0.0457895 0.0439917 -0.082421
v -0.0457895 0.0431697 -0.100737
v -0.0457895 0.04259 -0.0641053
v -0.082421 0.0436385 -0.082421
v -0.137368 0.0404484 -0.174
v -0.155793 0.0641053 -0.137368
v -0.166513 0.0641053 -0.155684
v -0.155684 0.0490957 -0.174
v -0.174 0.0588152 -0.174
v -0.174 0.0546219 -0.192316
v -0.192316 0.0557091 -0.192316
v -0.192316 0.0614687 -0.174
v -0.174 0.0641053 -0.162213
v -0.192316 0.0641053 -0.168803
v -0.210632 0.0533764 -0.192316
v -0.210632 0.0591946 -0.174
v -0.100737 0.0334685 -0.155684
v -0.137368 0.0457895 -0.164391
v -0.151227 0.0457895 -0.174
v -0.155684 0.0435333 -0.192316
v -0.155684 0.0457895 -0.179883
v -0.161732 0.0457895 -0.192316
v -0.174 0.0692682 -0.155684
v -0.174 0.0763953 -0.137368
v -0.192316 0.0739816 -0.155684
v -0.189184 0.082421 -0.137368
v -0.192316 0.082421 -0.139445
v -0.174 0.082421 -0.128025
v -0.137368 0.030551 -0.192316
v -0.119053 0.0287078 -0.174
v -0.16481 0.082421 -0.119053
v -0.082421 0.0274736 -0.155278
v -0.0457895 0.0274736 -0.132076
v -0.0483336 0.0274736 -0.137368
v -0.0457895 0.026344 -0.137368
v -0.147624 0.0641053 -0.119053
v -0.155684 0.0641053 -0.136981
v -0.0641053 0.0274736 -0.148938
v -0.082421 0.0272519 -0.155684
v -0.0842476 0.0274736 -0.155684
v -0.155684 0.0709277 -0.119053
v -0.0641053 0.021999 -0.155684
v -0.0274737 0.0274736 -0.133615
v -0.192316 0.0842491 -0.137368
v -0.174 0.0897963 -0.119053
v -0.192316 0.0989308 -0.119053
v -0.210632 0.0877991 -0.137368
v -0.158553 0.0274736 -0.210632
v -0.174 0.0396585 -0.210632
v -0.174 0.0457895 -0.201393
v -0.192316 0.0436994 -0.210632
v -0.192316 0.0457895 -0.205877
v -0.155684 0.0274736 -0.208861
v -0.137368 0.0274736 -0.195429
v -0.100737 0.0274736 -0.161942
v -0.100737 0.0218244 -0.174
v -0.117745 0.0274736 -0.174
v -0.0485848 0.0091579 -0.155684
v -0.0641053 0.0091579 -0.168365
v -0.0457895 0.0091579 -0.154013
v -0.174 0.0274736 -0.222789
v -0.100737 0.0091579 -0.186513
v -0.119053 0.0274736 -0.175261
v -0.134258 0.0274736 -0.192316
v -0.086453 0.0091579 -0.174
v -0.082421 0.0091579 -0.171823
v -0.210632 0.0293026 -0.228947
v -0.192316 0.0274736 -0.226772
v -0.210632 0.0426311 -0.210632
v -0.0274737 0.0239673 -0.137368
v -0.210632 0.0725282 -0.155684
v -0.210632 0.082421 -0.142048
v -0.0274737 0.0091579 -0.151276
v -0.0091579 0.0091579 -0.147399
v -0.0091579 0.0196458 -0.137368
v 0.0091579 0.0091579 -0.142315
v -0.210632 0.0457895 -0.201188
v -0.210632 0.0641053 -0.163925
v -0.119053 0.0091579 -0.190534
v -0.155684 0.0091579 -0.222753
v -0.155684 0.024645 -0.210632
v -0.228947 0.0402737 -0.210632
v -0.14207 0.0091579 -0.210632
v -0.137368 0.0091579 -0.206825
v -0.194298 0.100737 -0.119053
v -0.210632 0.100737 -0.127602
v -0.0091579 0.0274736 -0.135837
v -0.0274737 0.0411001 -0.119053
v -0.157709 0.082421 -0.100737
v -0.121305 0.0091579 -0.192316
v -0.228947 0.0419198 -0.192316
v -0.0091579 0.0452185 -0.119053
v 0.0091579 0.0172724 -0.137368
v 0.0144338 0.0091579 -0.137368
v -0.219047 0.0457895 -0.192316
v -0.0386489 0.0457895 -0.100737
v -0.213621 0.0274736 -0.228947
v -0.228947 0.0274736 -0.225342
v -0.228947 0.0259741 -0.228947
v -0.210632 0.0274736 -0.230774
v -0.206891 0.0274736 -0.228947
v -0.192316 0.0091579 -0.241921
v -0.192316 0.0246427 -0.228947
v -0.210632 0.0091579 -0.245265
v -0.228947 0.0091579 -0.245797
v -0.247263 0.0233389 -0.228947
v -0.247263 0.0091579 -0.247042
v -0.265579 0.0141203 -0.247263
v -0.247263 0.00892919 -0.247263
v -0.249109 0.0091579 -0.247263
v -0.265579 0.0091579 -0.252308
v -0.283895 0.0168297 -0.247263
v -0.265579 0.0214705 -0.228947
v -0.283895 0.0091579 -0.255486
v -0.302211 0.0129862 -0.265579
v -0.247263 -0.0091579 -0.261319
v -0.298001 0.0091579 -0.265579
v -0.283895 0.00188893 -0.265579
v -0.265579 -0.0091579 -0.264908
v -0.283895 -0.0091579 -0.27618
v -0.302211 0.0091579 -0.269513
v -0.320526 0.0206208 -0.265579
v -0.320526 0.0091579 -0.282681
v -0.338842 0.0228574 -0.283895
v -0.302211 0.0166965 -0.247263
v -0.302211 -0.0091579 -0.282926
v -0.321247 0.0091579 -0.283895
v -0.338842 0.0091579 -0.298743
v -0.357158 0.0203102 -0.302211
v -0.357158 0.0256574 -0.283895
v -0.320526 0.00819784 -0.283895
v -0.344484 0.0091579 -0.302211
v -0.357158 0.0091579 -0.313461
v -0.375474 0.0231494 -0.283895
v -0.338842 0.0240215 -0.265579
v -0.247263 0.0253336 -0.210632
v -0.242579 0.0274736 -0.210632
v -0.21674 0.082421 -0.137368
v -0.228947 0.082421 -0.12911
v -0.217544 0.0641053 -0.155684
v -0.225292 0.0457895 -0.174
v -0.0274737 -0.149233 -0.0641053
v -0.0274737 -0.155684 -0.0576651
v -0.0168949 -0.137368 -0.0641053
v -0.0091579 -0.137368 -0.0557047
v -0.0091579 -0.129644 -0.0641053
v -0.0339321 -0.155684 -0.0641053
v 0.0091579 -0.130939 -0.0457895
v 0.0091579 -0.12085 -0.0641053
v 0.0139635 -0.119053 -0.0641053
v -0.0389637 -0.155684 -0.082421
v -0.0274737 -0.144761 -0.082421
v -0.0091579 -0.144473 -0.082421
v 0.0274736 -0.119053 -0.0780129
v -0.0091579 -0.137368 -0.0726957
v 0.0274736 -0.105887 -0.0641053
v 0.0274736 -0.101378 -0.0457895
v 0.00975859 -0.119053 -0.0457895
v -0.0274737 -0.155684 -0.0933663
v -0.0457895 -0.158505 -0.082421
v -0.0442873 -0.174 -0.100737
v 0.0091579 -0.137368 -0.0819687
v 0.0274736 -0.129706 -0.082421
v 0.0384799 -0.119053 -0.082421
v 0.0457895 -0.119053 -0.088793
v 0.0274736 -0.137368 -0.089149
v 0.0457895 -0.112665 -0.082421
v 0.014037 -0.137368 -0.082421
v 0.0641053 -0.119053 -0.0888657
v 0.0641053 -0.112564 -0.082421
v -0.0091579 -0.155684 -0.0928025
v 0.0718882 -0.119053 -0.082421
v 0.0457895 -0.137368 -0.0909296
v 0.082421 -0.100737 -0.0784129
v 0.0641053 -0.101203 -0.0641053
v 0.0665771 -0.100737 -0.0641053
v 0.0641053 -0.101211 -0.0457895
v 0.0457895 -0.101596 -0.0641053
v 0.0457895 -0.100924 -0.0457895
v 0.0457895 -0.10498 -0.0274737
v 0.0641053 -0.110485 -0.0274737
v 0.0647361 -0.100737 -0.0457895
v 0.082421 -0.083005 -0.0457895
v 0.082421 -0.0865406 -0.0641053
v 0.0898811 -0.082421 -0.0641053
v 0.0884058 -0.082421 -0.0457895
v 0.082421 -0.082421 -0.034364
v 0.100737 -0.0718936 -0.0457895
v 0.100737 -0.082421 -0.0748974
v 0.100737 -0.0716293 -0.0641053
v 0.119053 -0.0709723 -0.0641053
v 0.119053 -0.0641053 -0.0533757
v 0.0748543 -0.082421 -0.0274737
v 0.137368 -0.0641053 -0.0636588
v 0.082421 -0.0741501 -0.0274737
v 0.100737 -0.0656098 -0.0274737
v 0.111262 -0.0641053 -0.0457895
v 0.100737 -0.0669104 -0.0091579
v 0.109675 -0.0641053 -0.0274737
v 0.119053 -0.066842 -0.0091579
v 0.119053 -0.0641053 -0.0173672
v 0.121515 -0.0641053 -0.0091579
v 0.137368 -0.0459923 -0.0274737
v 0.0706964 -0.100737 -0.0274737
v 0.119053 -0.082421 -0.0751981
v 0.137368 -0.082421 -0.0714276
v 0.137368 -0.0715681 -0.0641053
v 0.0274736 -0.119053 -0.0282014
v 0.100737 -0.100737 -0.0814876
v 0.0641053 -0.119053 -0.0213479
v 0.082421 -0.100737 -0.0168303
v 0.119053 -0.082421 0.00593626
v 0.0457895 -0.119053 -0.0141595
v 0.082421 -0.119053 -0.0817725
v -0.221438 0.0641053 -0.137368
v -0.217544 0.0641053 -0.155684
v -0.214876 0.0457895 -0.137368
v -0.217643 0.0641053 -0.119053
v -0.21674 0.082421 -0.137368
v -0.221423 0.0457895 -0.155684
v -0.225292 0.0457895 -0.174
v -0.224218 0.0274736 -0.155684
v -0.210632 0.0274736 -0.140949
v 0.0508565 -0.0457895 0.082421
v 0.0573409 -0.0457895 0.0641053
v 0.0499319 -0.0641053 0.082421
v 0.0641053 -0.128346 -0.082421
v 0.0641053 -0.137368 -0.0804305
v 0.0570886 -0.137368 -0.082421
v 0.0457895 -0.137368 -0.0909296
v 0.0641053 -0.119053 -0.0888657
v 0.0718882 -0.119053 -0.082421
v 0.082421 -0.137092 -0.0641053
v 0.0457895 -0.145894 -0.082421
v 0.0641053 -0.152322 -0.0641053
v 0.0812095 -0.137368 -0.0641053
v 0.082421 -0.119053 -0.0817725
v 0.100737 -0.134883 -0.0641053
v 0.100737 -0.119053 -0.0797885
v 0.116665 -0.119053 -0.0641053
v 0.119053 -0.11463 -0.0641053
v 0.119053 -0.100737 -0.077635
v 0.133586 -0.100737 -0.0641053
v 0.137368 -0.118691 -0.0457895
v 0.137368 -0.100737 -0.0637971
v 0.155684 -0.113594 -0.0457895
v 0.155684 -0.100737 -0.0586234
v 0.168765 -0.100737 -0.0457895
v 0.174 -0.0965976 -0.0457895
v 0.174 -0.082421 -0.0597397
v 0.190013 -0.082421 -0.0457895
v 0.192316 -0.0989463 -0.0274737
v 0.192316 -0.082421 -0.0448752
v 0.209922 -0.082421 -0.0274737
v 0.210632 -0.0981451 -0.0091579
v 0.174 -0.111748 -0.0274737
v 0.192316 -0.0787671 -0.0457895
v 0.192316 -0.0641053 -0.0576015
v 0.204368 -0.0641053 -0.0457895
v 0.210632 -0.0812808 -0.0274737
v 0.210632 -0.0641053 -0.0429892
v 0.227257 -0.0641053 -0.0274737
v 0.228947 -0.0791138 -0.0091579
v 0.226633 -0.082421 -0.0091579
v 0.210632 -0.082421 -0.0264254
v 0.174 -0.100737 -0.0388767
v 0.185336 -0.100737 -0.0274737
v 0.228947 -0.0641053 -0.0252003
v 0.243722 -0.0641053 -0.0091579
v 0.247263 -0.0779943 0.0091579
v 0.247263 -0.0641053 -0.00502563
v 0.26115 -0.0641053 0.0091579
v 0.265579 -0.0733804 0.0274736
v 0.119053 -0.126563 -0.0457895
v 0.155684 -0.118143 -0.0274737
v 0.100737 -0.136945 -0.0457895
v 0.082421 -0.138114 -0.0457895
v 0.265579 -0.0641053 0.0183845
v 0.27571 -0.0641053 0.0274736
v 0.283895 -0.0778443 0.0457895
v 0.283895 -0.0641053 0.0313113
v 0.265579 -0.0522946 0.0091579
v 0.283895 -0.0634905 0.0274736
v 0.272304 -0.0457895 0.0091579
v 0.265579 -0.0457895 0.00263834
v 0.25107 -0.0457895 -0.0091579
v 0.247263 -0.0498655 -0.0091579
v 0.247263 -0.0457895 -0.0129574
v 0.237888 -0.0457895 -0.0274737
v 0.228947 -0.0574785 -0.0274737
v 0.228947 -0.0457895 -0.0365152
v 0.281941 -0.0274737 0.0091579
v 0.0641053 -0.152186 -0.0457895
v 0.265579 -0.0274737 -0.00524449
v 0.283895 -0.0457895 0.00988644
v 0.119053 -0.119053 -0.0537386
v 0.127172 -0.119053 -0.0457895
v 0.192316 -0.0999762 -0.0091579
v 0.174 -0.110862 -0.0091579
v 0.184724 -0.100737 -0.0091579
v 0.137368 -0.0910987 -0.0641053
v 0.137368 -0.082421 -0.0714276
v 0.146241 -0.082421 -0.0641053
v 0.210632 -0.0970309 0.0091579
v 0.228676 -0.082421 0.0091579
v 0.252015 -0.0274737 -0.0091579
v 0.082421 -0.137368 -0.0480133
v 0.083189 -0.137368 -0.0457895
v 0.119053 -0.12314 -0.0274737
v 0.100737 -0.134895 -0.0274737
v 0.123665 -0.119053 -0.0274737
v 0.192316 -0.0995099 0.0091579
v 0.137368 -0.118868 -0.0274737
v 0.155684 -0.11517 -0.0091579
v 0.174 -0.0996224 0.0091579
v 0.174 -0.100737 0.00109386
v 0.155684 -0.082421 -0.063756
v 0.247263 -0.0274737 -0.0139018
v 0.174 -0.0641053 -0.0629789
v 0.210632 -0.0457895 -0.0448064
v 0.228947 -0.0274737 -0.0247081
v 0.20309 -0.0457895 -0.0457895
v 0.192316 -0.0457895 -0.0557679
v 0.100737 -0.100737 -0.0814876
v 0.155684 -0.0641053 -0.0638785
v 0.137368 -0.0641053 -0.0636588
v 0.137368 -0.0715681 -0.0641053
v 0.119053 -0.082421 -0.0751981
v 0.082421 -0.100737 -0.0784129
v -0.0091579 -0.137368 -0.0557047
v -0.0091579 -0.155684 -0.0518783
v 0.00538886 -0.155684 -0.0641053
v -0.0091579 -0.167976 -0.0641053
v -0.0274737 -0.155684 -0.0576651
v -0.0339321 -0.155684 -0.0641053
v -0.0389637 -0.155684 -0.082421
v -0.0274737 -0.162256 -0.0641053
v -0.0091579 -0.166316 -0.082421
v -0.0240443 -0.174 -0.082421
v -0.0274737 -0.174 -0.0790708
v -0.0274737 -0.177278 -0.082421
v -0.0457895 -0.189341 -0.082421
v -0.0457895 -0.174 -0.0672012
v -0.0633011 -0.174 -0.082421
v 0.100737 -0.0640502 -0.0091579
v 0.100737 -0.0638941 -0.0274737
v 0.119053 -0.0633866 -0.0091579
v 0.082421 -0.063978 -0.0274737
v 0.082421 -0.0641053 -0.0251375
v 0.0996924 -0.0641053 -0.0091579
v 0.0780107 -0.0641053 -0.0274737
v 0.0641053 -0.0641053 -0.0394986
v 0.082421 -0.0625771 -0.0457895
v 0.0641053 -0.0625495 -0.0457895
v 0.0641053 -0.0624878 -0.0641053
v 0.046722 -0.0641053 -0.0641053
v 0.0457895 -0.0641053 -0.0654026
v 0.0457895 -0.0618435 -0.082421
v 0.119053 -0.0641053 -0.0173672
v 0.109675 -0.0641053 -0.0274737
v 0.119053 -0.0592471 0.0091579
v 0.137368 -0.0609983 0.0091579
v 0.119053 -0.0620528 0.0274736
v 0.100737 -0.0531331 -0.0457895
v 0.13694 -0.0457895 -0.0274737
v 0.137368 -0.0457895 -0.0242676
v 0.100737 -0.0641053 -0.00907791
v 0.121515 -0.0641053 -0.0091579
v 0.0633423 -0.0641053 -0.0457895
v 0.0641053 -0.0774649 -0.0274737
v -0.265579 -0.0621859 -0.228947
v -0.283895 -0.063006 -0.228947
v -0.283895 -0.060276 -0.247263
v -0.302211 -0.0627303 -0.247263
v -0.302211 -0.0632194 -0.228947
v -0.320526 -0.0631455 -0.228947
v -0.265579 -0.061092 -0.210632
v -0.247263 -0.0622025 -0.210632
v -0.247263 -0.0610176 -0.192316
v -0.247263 -0.0606726 -0.228947
v -0.228947 -0.0621033 -0.210632
v -0.228947 -0.0624664 -0.192316
v -0.210632 -0.0616208 -0.192316
v -0.210632 -0.0630001 -0.174
v -0.192316 -0.0630121 -0.174
v -0.192316 -0.0617772 -0.155684
v -0.174 -0.0627116 -0.174
v -0.228947 -0.0598016 -0.174
v -0.192316 -0.0585232 -0.192316
v -0.210632 -0.0579865 -0.210632
v -0.181642 -0.0641053 -0.155684
v -0.174 -0.0641053 -0.163084
v -0.155684 -0.0632725 -0.174
v -0.155684 -0.0641053 -0.165505
v -0.137368 -0.0621697 -0.174
v -0.137368 -0.0641053 -0.158792
v -0.132661 -0.0641053 -0.155684
v -0.119053 -0.0624914 -0.155684
v -0.181993 -0.0641053 -0.137368
v -0.283895 -0.0585896 -0.210632
v -0.174 -0.0563685 -0.192316
v -0.228947 -0.0564563 -0.228947
v -0.119053 -0.0641053 -0.151525
v -0.210632 -0.058309 -0.155684
v -0.192316 -0.057907 -0.137368
v -0.265579 -0.0546325 -0.192316
v -0.192316 -0.050272 -0.210632
v -0.155684 -0.0544501 -0.192316
v -0.306207 -0.0641053 -0.247263
v -0.319112 -0.0641053 -0.265579
v -0.320526 -0.0641053 -0.231725
v -0.325056 -0.0641053 -0.228947
v -0.174 -0.069602 -0.155684
v -0.0091579 -0.0975776 -0.0641053
v -0.0274737 -0.0975783 -0.0641053
v -0.0274737 -0.094337 -0.082421
v -0.0457895 -0.0939981 -0.082421
v -0.0457895 -0.0950203 -0.0641053
v -0.0641053 -0.0927349 -0.082421
v -0.0091579 -0.0964074 -0.0457895
v 0.0091579 -0.0970975 -0.0457895
v 0.0091579 -0.0957603 -0.0274737
v 0.0091579 -0.0968103 -0.0641053
v -0.0274737 -0.0958846 -0.0457895
v 0.0274736 -0.0937014 -0.0274737
v 0.0274736 -0.0952044 -0.0091579
v 0.0091579 -0.0934153 -0.0091579
v -0.0641053 -0.0912002 -0.0641053
v -0.0457895 -0.0910609 -0.0457895
v -0.0091579 -0.0896953 -0.0274737
v -0.0091579 -0.0907472 -0.082421
v 0.0457895 -0.0894363 -0.0091579
v 0.0457895 -0.0869508 -0.0274737
v 0.0274736 -0.0927839 -0.0457895
v 0.0457895 -0.0965962 0.0091579
v 0.0274736 -0.0858558 -0.0641053
v 0.0432803 -0.082421 -0.0457895
v 0.0312151 -0.082421 -0.0641053
v 0.0457895 -0.082247 -0.0457895
v 0.0457895 -0.082421 -0.0390777
v 0.0521979 -0.082421 -0.0274737
v 0.0641053 -0.0774649 -0.0274737
v 0.0633423 -0.0641053 -0.0457895
v 0.0091579 -0.082421 -0.0794731
v 0.046722 -0.0641053 -0.0641053
v 0.0457895 -0.065151 -0.0641053
v 0.0274736 -0.0774387 -0.082421
v 0.0274736 -0.082421 -0.0675138
v 0.0419598 -0.0641053 -0.082421
v 0.0457895 -0.0641053 -0.0654026
v 0.0457895 -0.0618435 -0.082421
v 0.0641053 -0.0950071 -0.0091579
v 0.0641053 -0.082421 -0.0228118
v 0.000988901 -0.082421 -0.082421
v 0.0091579 -0.0803351 -0.082421
v -0.0091579 -0.082421 -0.090759
v -0.0091579 -0.0799876 -0.100737
v 0.0091579 -0.0733912 -0.100737
v -0.0274737 -0.082421 -0.0966575
v -0.0274737 -0.0815854 -0.100737
v -0.0457895 -0.082421 -0.0989369
v -0.0457895 -0.0821017 -0.100737
v -0.0623658 -0.082421 -0.100737
v -0.0457895 -0.0724601 -0.119053
v -0.0641053 -0.073589 -0.119053
v -0.0641053 -0.082421 -0.101097
v -0.0641053 -0.0827731 -0.100737
v -0.0651454 -0.082421 -0.100737
v -0.082421 -0.081508 -0.100737
v -0.082421 -0.0776252 -0.119053
v -0.100737 -0.0787233 -0.119053
v -0.0813851 -0.082421 -0.082421
v 0.0641053 -0.100026 0.0091579
v 0.082421 -0.0984789 0.0091579
v 0.082421 -0.094541 -0.0091579
v 0.100737 -0.0877461 0.0091579
v -0.100737 -0.0793491 -0.100737
v -0.082421 -0.082131 -0.082421
v -0.119053 -0.07749 -0.119053
v -0.119053 -0.0761589 -0.137368
v -0.137368 -0.0759114 -0.137368
v -0.137368 -0.0670447 -0.155684
v -0.155684 -0.0714642 -0.155684
v -0.155684 -0.076211 -0.137368
v -0.174 -0.069602 -0.155684
v -0.137368 -0.0769638 -0.119053
v -0.119053 -0.0783629 -0.100737
v -0.137368 -0.0768728 -0.100737
v -0.155684 -0.074632 -0.119053
v -0.174 -0.0718063 -0.137368
v -0.100737 -0.0772884 -0.082421
v 0.0641053 -0.0962999 0.0274736
v 0.0457895 -0.0940721 0.0274736
v 0.0641053 -0.0976966 0.0457895
v -0.174 -0.0641053 -0.163084
v -0.155684 -0.0641053 -0.165505
v -0.119053 -0.0743778 -0.082421
v -0.0746965 -0.082421 -0.0641053
v 0.100737 -0.0926773 -0.0091579
v 0.091888 0.155684 0.100737
v 0.100737 0.155684 0.100893
v 0.100737 0.14311 0.100737
v 0.082421 0.169857 0.100737
v 0.082421 0.174 0.100848
v 0.100737 0.174 0.10096
v 0.119053 0.174 0.101682
v 0.119053 0.155684 0.100815
v 0.0641053 0.168577 0.100737
v 0.0641053 0.174 0.101371
v 0.119053 0.154898 0.100737
v 0.137368 0.155684 0.100854
v 0.137368 0.154791 0.100737
v 0.141271 0.155684 0.100737
v 0.137368 0.174 0.104548
v 0.155684 0.174 0.118393
v 0.119053 0.191272 0.119053
v 0.137368 0.188457 0.119053
v 0.155684 0.174647 0.119053
v 0.100737 0.191782 0.119053
v 0.082421 0.191698 0.119053
v 0.0641053 0.191204 0.119053
v 0.0457895 0.1897 0.119053
v 0.0457895 0.174 0.103048
v 0.0274736 0.187061 0.119053
v 0.0274736 0.174 0.105936
v 0.0091579 0.178855 0.119053
v 0.0091579 0.174 0.114189
v 0.15674 0.174 0.119053
v 0.00195342 0.174 0.119053
v 0.155684 0.164849 0.100737
v 0.173686 0.174 0.137368
v 0.155684 0.186034 0.137368
v 0.100737 -0.0531331 -0.0457895
v 0.111262 -0.0641053 -0.0457895
v 0.109675 -0.0641053 -0.0274737
v 0.119053 -0.0641053 -0.0533757
v -0.412105 -0.119053 -0.198183
v -0.424791 -0.119053 -0.210632
v -0.412105 -0.131631 -0.210632
v -0.412105 -0.134656 -0.228947
v -0.427807 -0.119053 -0.228947
v -0.393789 -0.130803 -0.210632
v -0.393789 -0.13719 -0.228947
v -0.393789 -0.135526 -0.247263
v -0.375474 -0.133698 -0.228947
v 0.148715 -0.0274737 -0.0274737
v 0.155684 -0.0298141 -0.0091579
v 0.155684 -0.039698 -0.0274737
v 0.153629 -0.0274737 -0.0091579
v 0.155684 -0.0274737 -0.00680149
v 0.174 -0.0299315 0.0091579
v 0.16583 -0.0274737 0.0091579
v 0.137368 -0.0274737 -0.0393644
v 0.155684 -0.0457895 -0.0315673
v 0.174 -0.0274737 0.0112005
v 0.0748543 -0.082421 -0.0274737
v 0.0641053 -0.0641053 -0.0394986
v 0.082421 -0.082421 -0.034364
v 0.0641053 -0.0774649 -0.0274737
v 0.0641053 -0.082421 -0.0228118
v 0.0641053 -0.0950071 -0.0091579
v 0.082421 -0.100737 -0.0168303
v 0.100737 -0.0877461 0.0091579
v 0.100737 -0.0926773 -0.0091579
v 0.104921 -0.100737 -0.0091579
v 0.155684 -0.0400469 0.0091579
v 0.137368 -0.0453854 0.0274736
v 0.151721 -0.0457895 0.0091579
v 0.155684 -0.0457895 0.00344604
v 0.137228 -0.0457895 0.0457895
v 0.137368 -0.0592417 0.0641053
v 0.119053 -0.0621527 0.0457895
v 0.137368 -0.0457895 0.0461831
v 0.136087 -0.0457895 0.0274736
v 0.119053 -0.0620528 0.0274736
v 0.137368 -0.0457415 0.0457895
v 0.137368 -0.0457895 0.0245364
v 0.137368 -0.0609983 0.0091579
v -0.157709 0.082421 -0.100737
v -0.16481 0.082421 -0.119053
v -0.155684 0.0899619 -0.100737
v -0.155684 0.082421 -0.0985275
v -0.152077 0.100737 -0.100737
v -0.155684 0.100737 -0.104037
v -0.155684 0.0679226 -0.082421
v 0.121649 0.100737 0.137368
v 0.119053 0.100737 0.128417
v 0.119053 0.0982921 0.137368
v 0.137368 0.0990818 0.155684
v 0.105444 0.100737 0.119053
v 0.100737 0.099579 0.119053
v 0.0091579 -0.137368 -0.040814
v 0.0091579 -0.130939 -0.0457895
v 0.00363094 -0.137368 -0.0457895
v -0.0091579 -0.137368 -0.0557047
v 0.00975859 -0.119053 -0.0457895
v 0.0274736 -0.119053 -0.0282014
v -0.0641053 0.0190134 -0.0274737
v -0.063541 0.0091579 -0.0091579
v -0.0641053 0.013187 -0.0091579
v -0.0629387 0.0091579 0.0091579
v -0.058833 -0.0091579 0.0091579
v -0.0529033 -0.0091579 0.0274736
v -0.0499817 -0.0274737 0.0091579
v -0.0641053 0.0091579 0.022918
v -0.0641053 0.00730568 0.0274736
v -0.0630972 0.0091579 0.0457895
v -0.0641053 0.0091579 0.0298992
v -0.0641053 0.0108337 0.0457895
v -0.0555499 0.0091579 -0.0274737
v -0.0641053 0.0274736 -0.0438154
v -0.0638095 0.0274736 -0.0457895
v -0.0614088 0.0091579 -0.0457895
v -0.0641053 -0.0091579 -0.0069043
v -0.0641053 -0.0274737 0.00326318
v -0.0641053 -0.0066641 -0.0091579
v -0.0457895 -0.174 -0.102204
v -0.0457895 -0.172547 -0.100737
v -0.0442873 -0.174 -0.100737
v -0.0457895 -0.158505 -0.082421
v -0.0641053 0.0457895 -0.0456699
v -0.0638095 0.0274736 -0.0457895
v -0.0641053 0.0274736 -0.0438154
v -0.0457895 0.0457895 -0.0612413
v -0.0457895 0.04259 -0.0641053
v -0.0636666 0.0457895 -0.0457895
v -0.0432501 0.0457895 -0.0641053
v -0.0641053 0.0274736 -0.048564
v -0.0434967 0.0457895 -0.082421
v -0.0274737 0.0630628 -0.082421
v -0.0386489 0.0457895 -0.100737
v -0.0457895 0.0439917 -0.082421
v -0.0641053 0.0091579 -0.0472082
v 0.13694 -0.0457895 -0.0274737
v 0.119053 -0.0641053 -0.0173672
v 0.137368 -0.0459923 -0.0274737
v -0.130174 0.155684 0.119053
v -0.137324 0.137368 0.119053
v -0.137368 0.137368 0.119127
v -0.119053 0.155684 0.10881
v -0.119053 0.137368 0.103449
v -0.119053 0.165993 0.119053
v -0.100737 0.155684 0.103204
v -0.100737 0.171555 0.119053
v -0.082421 0.155684 0.101403
v -0.082421 0.17334 0.119053
v -0.0641053 0.155684 0.101171
v -0.0641053 0.173574 0.119053
v -0.0457895 0.174 0.116476
v -0.0457895 0.155684 0.100922
v -0.0274737 0.174 0.111651
v -0.0457895 0.176552 0.119053
v -0.0274737 0.181356 0.119053
v -0.0484106 0.174 0.119053
v -0.0174457 0.174 0.119053
v -0.0091579 0.155684 0.101184
v -0.0091579 0.173748 0.119053
v 0.0091579 0.174 0.114189
v -0.082421 0.137368 0.101082
v -0.0641053 0.137368 0.101001
v -0.0641053 0.119053 0.102707
v -0.0457895 0.137368 0.100745
v -0.0457895 0.119053 0.102228
v -0.0274737 0.137368 0.101128
v -0.100737 0.137368 0.101306
v -0.0274737 0.155684 0.10095
v -0.0091579 0.137368 0.1017
v 0.0091579 0.155684 0.100931
v 0.0059343 0.137368 0.100737
v 0.0091579 0.140741 0.100737
v 0.0274736 0.155684 0.10089
v 0.0274736 0.154193 0.100737
v 0.0457895 0.155684 0.100775
v 0.0457895 0.155375 0.100737
v 0.0475828 0.155684 0.100737
v 0.0641053 0.174 0.101371
v 0.0457895 0.174 0.103048
v 0.0641053 0.168577 0.100737
v 0.0274736 0.174 0.105936
v -0.082421 0.119232 0.119053
v -0.100737 0.119614 0.119053
v -0.119053 0.121734 0.119053
v -0.0810844 0.119053 0.119053
v -0.0641053 0.103275 0.119053
v -0.0091579 0.120009 0.119053
v 0.0091579 0.119053 0.115701
v -0.0274737 0.119333 0.119053
v -0.137368 0.123202 0.137368
v -0.155684 0.137368 0.122049
v -0.155684 0.122009 0.137368
v -0.174 0.137368 0.12344
v -0.174 0.123174 0.137368
v -0.192316 0.137368 0.133659
v -0.192316 0.133627 0.137368
v -0.196025 0.137368 0.137368
v -0.0457895 -0.174 -0.0672012
v -0.0274737 -0.174 -0.0790708
v -0.0274737 -0.162256 -0.0641053
v 0.137368 -0.082421 -0.0714276
v 0.137368 -0.0715681 -0.0641053
v 0.146241 -0.082421 -0.0641053
v 0.137368 -0.0641053 -0.0636588
v 0.137368 -0.0715681 -0.0641053
v 0.119053 -0.0709723 -0.0641053
v 0.149193 0.137368 0.0274736
v 0.137368 0.145246 0.0274736
v 0.155684 0.137368 0.0285475
v 0.189092 0.155684 0.082421
v 0.174 0.165982 0.082421
v 0.192316 0.155684 0.0826602
v 0.155684 -0.0453216 0.119053
v 0.174 -0.0457895 0.118934
v 0.174 -0.0452719 0.119053
v 0.176031 -0.0457895 0.119053
v 0.155684 0.137368 0.192063
v 0.137368 0.119053 0.186918
v 0.155684 0.119053 0.191576
v 0.137368 0.137368 0.190235
v 0.119053 0.137368 0.184706
v 0.137368 0.155684 0.185525
v 0.119053 0.124913 0.174
v 0.155684 0.100737 0.186743
v 0.137368 0.106002 0.174
v 0.142798 0.100737 0.174
v 0.155684 0.082421 0.179812
v 0.149857 0.082421 0.174
v 0.155684 0.0711527 0.174
v 0.137694 0.100737 0.155684
v 0.137368 0.082421 0.16598
v 0.155863 0.0641053 0.174
v 0.174 0.0821182 0.192316
v 0.165983 0.0641053 0.192316
v 0.174 0.0557817 0.192316
v 0.155684 0.0457895 0.19029
v 0.174 0.0457895 0.191562
v 0.174966 0.0457895 0.192316
v 0.192316 0.0457895 0.209599
v 0.192316 0.0274736 0.194963
v 0.210632 0.0457895 0.209957
v 0.192316 0.0641053 0.210304
v 0.155684 0.0274736 0.1854
v 0.139347 0.0457895 0.174
v 0.144288 0.0274736 0.174
v 0.210632 0.0274736 0.209798
v 0.155684 0.0158449 0.174
v 0.155684 0.0091579 0.173046
v 0.174 0.0091579 0.17397
v 0.123022 0.119053 0.174
v 0.174 0.0641053 0.200457
v 0.189583 0.0274736 0.192316
v 0.174 -0.0091579 0.172176
v 0.155684 -0.00895637 0.155684
v 0.199131 0.0641053 0.210632
v 0.137368 0.00208378 0.155684
v 0.205787 0.082421 0.210632
v 0.155684 0.155684 0.19048
v 0.108056 0.137368 0.174
v 0.137368 0.0274736 0.170361
v 0.228947 0.0457895 0.209752
v 0.10214 0.119053 0.155684
v 0.210632 0.0641053 0.220054
v 0.228947 0.0274736 0.207555
v 0.210632 0.00955904 0.192316
v 0.119053 0.150872 0.174
v 0.100737 0.137368 0.172751
v 0.119053 0.155684 0.173676
v 0.100737 0.155684 0.173443
v 0.119053 0.174 0.169827
v 0.100737 0.174 0.170607
v 0.082421 0.155684 0.172714
v 0.082421 0.137368 0.171215
v 0.082421 0.174 0.168476
v 0.0641053 0.155684 0.172834
v 0.0641053 0.174 0.164307
v 0.0457895 0.155684 0.17223
v 0.0457895 0.137368 0.165883
v 0.0274736 0.137368 0.162459
v 0.0274736 0.155684 0.169416
v 0.00935382 0.155684 0.155684
v 0.0274736 0.169487 0.155684
v 0.0274736 0.130624 0.155684
v 0.0091579 0.155684 0.155678
v 0.0274736 0.174 0.152136
v 0.0091579 0.174 0.143382
v -0.0091579 0.155684 0.155485
v -0.0091579 0.137368 0.155164
v 0.0457895 0.127296 0.155684
v -0.0274737 0.137368 0.155111
v -0.0274737 0.155684 0.155207
v -0.0457895 0.137368 0.155182
v -0.0457895 0.119053 0.150477
v -0.0641053 0.119053 0.153686
v -0.0457895 0.155684 0.154413
v -0.0641053 0.137368 0.155118
v 0.0157502 0.137368 0.155684
v 0.228947 0.0101278 0.192316
v 0.247263 0.0091579 0.19916
v 0.247263 0.0274736 0.206243
v 0.265579 0.0274736 0.208827
v 0.265579 0.0091579 0.204373
v 0.247263 0.00246865 0.192316
v 0.265579 -0.00355822 0.192316
v 0.192316 0.0247914 0.192316
v 0.174 0.0274736 0.190387
v 0.210632 0.0531474 0.210632
v 0.234909 0.0091579 0.192316
v 0.210632 0.082421 0.214986
v 0.228947 0.082421 0.221925
v 0.228947 0.100737 0.226238
v 0.247263 0.100737 0.225353
v 0.247263 0.082421 0.224071
v 0.265579 0.100737 0.218351
v 0.265579 0.082421 0.226279
v 0.247263 0.0641053 0.224882
v 0.247263 0.119053 0.221874
v 0.228947 0.119053 0.227979
v 0.228947 0.137368 0.221194
v 0.210632 0.119053 0.228066
v 0.210632 0.137368 0.226407
v 0.265579 0.119053 0.226777
v 0.265579 0.0641053 0.223644
v 0.283895 0.082421 0.226009
v 0.210632 0.100737 0.227841
v 0.192316 0.119053 0.227129
v 0.192316 0.137368 0.225259
v 0.177348 0.137368 0.210632
v 0.175252 0.119053 0.210632
v 0.174 0.119053 0.209219
v 0.174 0.137368 0.209846
v 0.247263 0.0457895 0.209249
v 0.265579 -0.0091579 0.190433
v 0.267372 -0.0091579 0.192316
v 0.265579 -0.0265561 0.174
v 0.247263 -0.0195935 0.174
v 0.192316 0.0855904 0.210632
v 0.123225 0.155684 0.174
v 0.156955 0.119053 0.192316
v 0.16057 0.100737 0.192316
v 0.268728 -0.0274737 0.174
v 0.283895 -0.0255798 0.192316
v 0.283895 -0.0274737 0.186381
v 0.283895 -0.0091579 0.20944
v 0.283895 -0.0392639 0.174
v 0.265908 -0.0457895 0.155684
v 0.283895 -0.0457895 0.172955
v 0.30163 -0.0457895 0.155684
v 0.283895 -0.0630713 0.155684
v 0.265579 -0.0574533 0.137368
v 0.292938 -0.0274737 0.192316
v 0.137368 0.0990818 0.155684
v 0.127064 0.082421 0.155684
v 0.137368 0.0641053 0.170912
v 0.119053 0.0982921 0.137368
v 0.120975 0.0641053 0.155684
v 0.119053 0.082421 0.152227
v 0.1042 0.082421 0.137368
v 0.100737 0.099579 0.119053
v 0.100737 0.082421 0.133336
v 0.100737 0.0641053 0.135744
v 0.101106 0.0641053 0.137368
v 0.100737 0.0457895 0.136996
v 0.082421 0.0641053 0.131465
v 0.082421 0.082421 0.131004
v 0.082421 0.0457895 0.133745
v 0.119053 0.0641053 0.155456
v 0.265579 -0.0452127 0.155684
v 0.174 0.100737 0.206335
v 0.102009 0.0457895 0.137368
v 0.156069 -0.0091579 0.155684
v 0.174 -0.0269281 0.155684
v 0.178535 -0.0091579 0.174
v 0.176264 -0.0274737 0.155684
v 0.192316 -0.0228791 0.174
v 0.192316 -0.0274737 0.167759
v 0.210632 -0.0274737 0.165134
v 0.192316 -0.0091579 0.187729
v 0.210632 -0.0091579 0.191454
v 0.192316 -0.0396118 0.155684
v 0.210632 -0.0266359 0.174
v 0.174 -0.0274737 0.155358
v 0.283895 -0.00899959 0.210632
v 0.156171 0.137368 0.192316
v 0.265579 -0.0457895 0.153033
v 0.265579 -0.0274737 0.17329
v 0.137368 0.100737 0.155118
v 0.121649 0.100737 0.137368
v 0.155684 0.0634635 0.174
v 0.100737 0.0274736 0.13637
v 0.101965 0.0274736 0.137368
v 0.119053 0.0274736 0.154508
v 0.119053 0.0091579 0.15325
v 0.10318 0.0091579 0.137368
v 0.119053 -0.00668567 0.137368
v 0.130219 0.0091579 0.155684
v 0.123552 -0.0091579 0.137368
v 0.122569 0.0274736 0.155684
v 0.155684 -0.0091579 0.155605
v 0.155684 -0.0274737 0.14868
v 0.155684 -0.0387882 0.137368
v 0.144375 -0.0274737 0.137368
v 0.137368 -0.0423486 0.119053
v 0.137368 -0.0274737 0.13391
v 0.137368 -0.0229641 0.137368
v 0.247263 -0.0274737 0.171818
v 0.228947 -0.0260754 0.174
v 0.082421 0.121867 0.155684
v 0.0641053 0.137368 0.170521
v 0.247263 -0.0439788 0.155684
v 0.137368 -0.0091579 0.151186
v -0.0641053 0.155684 0.15362
v 0.302211 -0.0360214 0.192316
v 0.302211 -0.0274737 0.202263
v 0.302211 -0.0201523 0.210632
v -0.082421 0.137368 0.151626
v 0.137368 0.167378 0.174
v 0.228947 -0.0091579 0.190807
v 0.289716 -0.0091579 0.210632
v 0.174 -0.0448158 0.137368
v 0.119053 0.10244 0.155684
v 0.283895 0.0641053 0.228794
v 0.302211 0.0641053 0.228481
v 0.302211 0.0634016 0.228947
v 0.283895 0.0468354 0.228947
v 0.122499 -0.0274737 0.119053
v 0.174067 0.082421 0.192316
v 0.247263 -0.0091579 0.184132
v 0.119053 -0.0402701 0.100737
v 0.0641053 0.122632 0.155684
v 0.210632 -0.0369469 0.155684
v 0.210632 -0.0457895 0.150855
v 0.192316 -0.0457895 0.145077
v 0.192316 -0.0534204 0.137368
v 0.228947 -0.0457895 0.155074
v 0.210632 -0.0591483 0.137368
v 0.228947 -0.0274737 0.172309
v 0.183921 -0.0457895 0.137368
v 0.0091579 0.119383 0.137368
v 0.119053 0.119053 0.172837
v 0.0091579 0.137368 0.155529
v 0.082421 0.0274736 0.129975
v 0.192316 0.100737 0.22532
v 0.119053 0.0457895 0.154393
v 0.277162 0.100737 0.210632
v 0.28217 0.119053 0.210632
v 0.137368 0.0091579 0.16292
v 0.228947 0.0568324 0.210632
v 0.247263 0.0495216 0.210632
v 0.228947 0.0091579 0.191679
v 0.17714 0.100737 0.210632
v 0.192316 0.082421 0.207098
v 0.120588 0.0457895 0.155684
v 0.174 0.00927156 0.174
v 0.174064 0.0091579 0.174
v 0.228947 -0.0457604 0.155684
v 0.228947 0.0641053 0.21682
v -0.0091579 0.119649 0.137368
v 0.155684 0.155684 0.19048
v 0.155684 0.137368 0.192063
v 0.174 0.155684 0.192145
v 0.174 0.15562 0.192316
v 0.156171 0.137368 0.192316
v 0.192316 0.0855904 0.210632
v 0.17714 0.100737 0.210632
v 0.174067 0.082421 0.192316
v 0.192316 0.082421 0.207098
v 0.192316 0.100737 0.22532
v 0.174 0.0825078 0.192316
v 0.174 0.100737 0.206335
v 0.175252 0.119053 0.210632
v 0.16057 0.100737 0.192316
v 0.174 0.082421 0.192268
v 0.155684 0.100737 0.186743
v 0.155684 0.082421 0.179812
v 0.174 0.0821182 0.192316
v 0.108056 0.137368 0.174
v 0.100737 0.120144 0.155684
v 0.10214 0.119053 0.155684
v 0.100737 0.137368 0.172751
v 0.082421 0.121867 0.155684
v 0.119053 0.119053 0.172837
v 0.10214 0.119053 0.155684
v 0.119053 0.10244 0.155684
v 0.174 0.119053 0.209219
v 0.156955 0.119053 0.192316
v 0.174 0.100737 0.206335
v 0.156171 0.137368 0.192316
v 0.137368 0.0457895 0.172433
v 0.120975 0.0641053 0.155684
v 0.120588 0.0457895 0.155684
v 0.137368 0.0641053 0.170912
v 0.155684 0.0641053 0.17378
v 0.137368 0.082421 0.16598
v 0.149857 0.082421 0.174
v 0.137368 0.0274736 0.170361
v 0.155684 0.0711527 0.174
v 0.122569 0.0274736 0.155684
v 0.137368 0.0091579 0.16292
v 0.155684 0.0634635 0.174
v 0.119053 0.0274736 0.154508
v 0.139347 0.0457895 0.174
v 0.155863 0.0641053 0.174
v 0.265031 0.0457895 0.210632
v 0.265579 0.0457895 0.211118
v 0.247263 0.0495216 0.210632
v 0.247263 0.0457895 0.209249
v 0.265579 0.0274736 0.208827
v 0.247263 0.0641053 0.224882
v 0.228947 0.0568324 0.210632
v 0.228947 0.0641053 0.21682
v 0.265579 0.0641053 0.223644
v 0.283895 0.0641053 0.228794
v 0.283895 0.0468354 0.228947
v 0.282891 0.0457895 0.228947
v 0.265579 0.0451896 0.210632
v 0.210632 -0.0266359 0.174
v 0.228947 -0.0274737 0.172309
v 0.228947 -0.0260754 0.174
v 0.228947 -0.0091579 0.190807
v 0.247263 -0.0091579 0.184132
v 0.228947 0.0091579 0.191679
v 0.210632 0.0091579 0.191734
v 0.192316 -0.0091579 0.187729
v 0.210632 -0.0091579 0.191454
v 0.192316 0.0091579 0.191149
v 0.174064 0.0091579 0.174
v 0.192316 0.0247914 0.192316
v 0.178535 -0.0091579 0.174
v 0.228947 0.0091579 0.191679
v 0.174 -0.0091579 0.172176
v 0.174 0.0091579 0.17397
v 0.189583 0.0274736 0.192316
v 0.210632 0.00955904 0.192316
v 0.137368 -0.0229641 0.137368
v 0.123552 -0.0091579 0.137368
v 0.122499 -0.0274737 0.119053
v 0.137368 -0.0091579 0.151186
v 0.137368 0.00208378 0.155684
v 0.130219 0.0091579 0.155684
v 0.137368 0.0091579 0.16292
v 0.283895 -0.0392639 0.174
v 0.302211 -0.0443522 0.174
v 0.302211 -0.0360214 0.192316
v 0.320526 -0.0439444 0.192316
v 0.319579 -0.0274737 0.0457895
v 0.320526 -0.0274737 0.0471628
v 0.320526 -0.0444251 0.0641053
v 0.336281 -0.0274737 0.0641053
v 0.329051 -0.0091579 0.0457895
v 0.338607 -0.0091579 0.0641053
v 0.334805 0.0091579 0.0457895
v 0.338411 -0.0274737 0.082421
v 0.320526 -0.0091579 0.0373752
v 0.335722 -0.0457895 0.082421
v 0.320526 0.0091579 0.031512
v 0.325694 0.0274736 0.0457895
v 0.313386 0.0091579 0.0274736
v 0.320526 0.0274736 0.040733
v 0.332817 0.0457895 0.0457895
v 0.338842 0.0274736 0.062202
v 0.320526 0.0457895 0.0335213
v 0.314491 0.0457895 0.0274736
v 0.338842 0.0091579 0.0469127
v 0.306244 -0.0091579 0.0274736
v 0.302211 -0.0091579 0.0234442
v 0.302211 -0.0235572 0.0274736
v 0.283895 -0.0274737 0.0100293
v 0.302051 -0.0274737 0.0274736
v 0.283895 -0.0457895 0.00988644
v 0.301489 -0.0457895 0.0274736
v 0.283895 -0.0634905 0.0274736
v 0.302211 -0.0608163 0.0457895
v 0.302211 0.0091579 0.0163188
v 0.298215 -0.0641053 0.0457895
v 0.283895 -0.0641053 0.0313113
v 0.283895 -0.0778443 0.0457895
v 0.302211 -0.0786719 0.0641053
v 0.302211 -0.0457895 0.0310829
v 0.302211 -0.0641053 0.0490209
v 0.338842 0.0457895 0.0528797
v 0.350056 0.0457895 0.0641053
v 0.338842 -0.024615 0.082421
v 0.338842 -0.0091579 0.067435
v 0.351424 -0.0091579 0.082421
v 0.335978 -0.0457895 0.100737
v 0.338313 -0.0274737 0.100737
v 0.333641 -0.0457895 0.119053
v 0.320526 -0.0589834 0.119053
v 0.338464 -0.0274737 0.119053
v 0.338842 -0.0240119 0.119053
v 0.337137 -0.0274737 0.137368
v 0.320526 -0.0441329 0.137368
v 0.338842 -0.0318242 0.155684
v 0.320526 -0.0440017 0.155684
v 0.338842 -0.0446279 0.174
v 0.338842 -0.0274737 0.151358
v 0.320526 -0.0613374 0.100737
v 0.308631 0.0274736 0.0274736
v 0.283895 -0.0091579 0.0126051
v 0.319347 -0.0457895 0.0641053
v 0.35604 0.0091579 0.0641053
v 0.281941 -0.0274737 0.0091579
v 0.356866 0.0091579 0.082421
v 0.353471 -0.0091579 0.100737
v 0.356983 0.0091579 0.100737
v 0.356218 0.0274736 0.082421
v 0.356638 0.0274736 0.100737
v 0.356043 0.0091579 0.119053
v 0.355338 0.0274736 0.119053
v 0.353774 -0.0091579 0.119053
v 0.343093 -0.0274737 0.155684
v 0.357158 0.0091579 0.121672
v 0.357158 0.0274736 0.122248
v 0.371685 0.0274736 0.137368
v 0.372725 0.0091579 0.137368
v 0.357158 -0.00649977 0.137368
v 0.37259 0.0091579 0.155684
v 0.357731 -0.0091579 0.155684
v 0.374772 0.0274736 0.155684
v 0.374765 0.0457895 0.155684
v 0.375474 0.0091579 0.167638
v 0.375474 0.00235724 0.174
v 0.320526 -0.0208153 0.0457895
v 0.374676 -0.0091579 0.174
v 0.338842 -0.0258359 0.100737
v 0.320526 -0.0457895 0.0658127
v 0.382045 0.0091579 0.174
v 0.39379 0.00344074 0.192316
v 0.39379 0.0091579 0.186584
v 0.399098 0.0091579 0.192316
v 0.39379 -0.00718468 0.210632
v 0.407346 0.0274736 0.192316
v 0.39379 0.0274736 0.178497
v 0.39379 0.045035 0.192316
v 0.393611 0.0457895 0.192316
v 0.381844 -0.0091579 0.192316
v 0.409946 0.0091579 0.210632
v 0.392506 0.0274736 0.174
v 0.39379 0.0457895 0.194905
v 0.386924 -0.0091579 0.210632
v 0.375474 -0.0201622 0.210632
v 0.375474 -0.0153276 0.192316
v 0.357158 -0.0267905 0.192316
v 0.357158 -0.0272989 0.210632
v 0.35597 -0.0274737 0.192316
v 0.357099 -0.0274737 0.210632
v 0.357158 -0.0274737 0.212102
v 0.357158 -0.0386025 0.228947
v 0.368469 -0.0274737 0.228947
v 0.338842 -0.0455058 0.210632
v 0.375474 -0.0250963 0.228947
v 0.316908 -0.0641053 0.0641053
v 0.302211 -0.0747099 0.082421
v 0.312965 -0.0641053 0.082421
v 0.351358 -0.0091579 0.137368
v 0.409599 0.0274736 0.210632
v 0.407661 0.0091579 0.228947
v 0.409315 0.0274736 0.228947
v 0.400123 0.0091579 0.247263
v 0.405191 0.0274736 0.247263
v 0.39379 0.00217813 0.247263
v 0.39379 0.0091579 0.254103
v 0.387169 -0.0091579 0.247263
v 0.316756 -0.0457895 0.0457895
v 0.375474 0.0274736 0.156721
v 0.375474 0.0457895 0.157863
v 0.283895 0.0091579 0.00933421
v 0.356091 -0.0274737 0.174
v 0.302211 -0.0274737 0.0276303
v 0.39379 -0.00639498 0.228947
v 0.338842 -0.0442039 0.192316
v 0.340713 0.0274736 0.0641053
v 0.391611 0.0457895 0.174
v 0.302211 0.0274736 0.0210873
v 0.283895 0.0274736 0.0105054
v 0.320526 -0.0610233 0.082421
v 0.357158 -0.0091579 0.155079
v 0.302211 0.0457895 0.0152025
v 0.338842 -0.0215476 0.137368
v 0.375474 -0.0091579 0.185705
v 0.392391 -0.0091579 0.228947
v 0.375474 -0.020223 0.247263
v 0.319347 -0.0457895 0.0641053
v 0.320526 -0.0457895 0.0658127
v 0.320526 -0.0610233 0.082421
v 0.312965 -0.0641053 0.082421
v 0.316908 -0.0641053 0.0641053
v 0.316756 -0.0457895 0.0457895
v 0.320526 -0.0208153 0.0457895
v 0.319579 -0.0274737 0.0457895
v 0.302211 -0.0235572 0.0274736
v 0.302211 -0.0274737 0.0276303
v 0.302211 -0.0457895 0.0310829
v 0.316756 -0.0457895 0.0457895
v 0.338607 -0.0091579 0.0641053
v 0.334805 0.0091579 0.0457895
v 0.338842 -0.00856388 0.0641053
v 0.338842 0.0091579 0.0469127
v 0.35604 0.0091579 0.0641053
v 0.340713 0.0274736 0.0641053
v 0.338842 -0.0091579 0.067435
v 0.350056 0.0457895 0.0641053
v 0.356218 0.0274736 0.082421
v 0.340713 0.0274736 0.0641053
v 0.338842 -0.0258359 0.100737
v 0.353471 -0.0091579 0.100737
v 0.338842 -0.0240119 0.119053
v 0.353774 -0.0091579 0.119053
v 0.338842 -0.0215476 0.137368
v 0.351358 -0.0091579 0.137368
v 0.357158 -0.00973147 0.155684
v 0.338842 -0.0215476 0.137368
v 0.343093 -0.0274737 0.155684
v 0.357158 -0.0266161 0.174
v 0.357731 -0.0091579 0.155684
v 0.374676 -0.0091579 0.174
v 0.375474 -0.0153276 0.192316
v 0.375474 -0.0091579 0.185705
v 0.357158 -0.0267905 0.192316
v 0.356091 -0.0274737 0.174
v 0.357158 -0.0091579 0.155079
v 0.357158 -0.00649977 0.137368
v 0.338842 -0.0446279 0.174
v 0.356091 -0.0274737 0.174
v 0.338842 -0.0442039 0.192316
v 0.35597 -0.0274737 0.192316
v 0.39379 0.00217813 0.247263
v 0.392391 -0.0091579 0.228947
v 0.39379 -0.00639498 0.228947
v 0.375474 -0.020223 0.247263
v 0.392391 -0.0091579 0.228947
v 0.387169 -0.0091579 0.247263
v 0.0274736 -0.0519161 -0.100737
v 0.0274736 -0.0641053 -0.0961115
v 0.0189219 -0.0641053 -0.100737
v 0.0091579 -0.0585333 -0.119053
v 0.0220309 -0.0457895 -0.119053
v 0.0274736 -0.0774387 -0.082421
v 0.0419598 -0.0641053 -0.082421
v 0.0091579 -0.0641053 -0.110111
v -0.0091579 -0.0641053 -0.117744
v -0.0091579 -0.0628796 -0.119053
v 0.0091579 -0.0457895 -0.131879
v 0.0274736 -0.0322295 -0.119053
v 0.0274736 -0.0274737 -0.123671
v 0.0323065 -0.0274737 -0.119053
v 0.0457895 -0.0169564 -0.119053
v 0.0091579 -0.0733912 -0.100737
v 0.0457895 -0.0274737 -0.1137
v 0.0606043 -0.0274737 -0.100737
v 0.0641053 -0.0268164 -0.100737
v 0.0641053 -0.0274737 -0.089826
v 0.0457895 -0.0457895 -0.097873
v 0.0274736 -0.0457895 -0.106655
v -0.0091579 -0.0457895 -0.135212
v 0.0641053 -0.0457895 -0.0859486
v 0.0641053 -0.049215 -0.082421
v 0.0696402 -0.0274737 -0.082421
v 0.0457895 -0.0091579 -0.126537
v 0.0274736 -0.0091579 -0.132738
v 0.0457895 0.0091579 -0.128651
v 0.0621028 0.0091579 -0.119053
v 0.0610147 0.0274736 -0.119053
v 0.0457895 0.0274736 -0.12816
v 0.054743 0.0457895 -0.119053
v 0.0457895 0.0457895 -0.127433
v 0.0641053 0.0274736 -0.118846
v 0.0641053 0.0457895 -0.117451
v 0.082421 0.0457895 -0.104291
v 0.082421 0.0274736 -0.112167
v 0.0859678 0.0457895 -0.100737
v 0.0941245 0.0274736 -0.100737
v 0.100737 0.0274736 -0.0978608
v 0.0274736 0.0274736 -0.134472
v 0.082421 0.0091579 -0.110173
v 0.100737 0.0457895 -0.0981915
v 0.117277 0.0457895 -0.082421
v 0.116672 0.0274736 -0.082421
v 0.119053 0.0274736 -0.0786158
v 0.119053 0.0091579 -0.0816604
v 0.115633 0.0091579 -0.082421
v 0.119053 0.0457895 -0.0768661
v 0.130803 0.0457895 -0.0641053
v 0.132588 0.0641053 -0.0641053
v 0.137368 0.0457895 -0.0631225
v 0.119053 0.0641053 -0.0777644
v 0.137368 0.0274736 -0.0598848
v 0.154903 0.0457895 -0.0457895
v 0.151261 0.0274736 -0.0457895
v 0.137368 0.00921047 -0.0457895
v 0.155684 0.0151609 -0.0274737
v 0.155173 0.0091579 -0.0274737
v 0.155684 0.0274736 -0.0393134
v 0.132892 0.0274736 -0.0641053
v 0.100737 0.0091579 -0.0962474
v 0.0274736 0.0091579 -0.136306
v -0.0199887 -0.0641053 -0.119053
v 0.0534797 -0.0091579 -0.119053
v 0.0641053 0.0091579 -0.118933
v 0.119053 -0.0091579 -0.0703198
v 0.115095 -0.0091579 -0.082421
v 0.119053 -0.018017 -0.0641053
v 0.125175 -0.0091579 -0.0641053
v 0.100737 -0.0235516 -0.082421
v 0.11797 -0.0274737 -0.0641053
v 0.119053 -0.0274737 -0.0610305
v 0.119053 -0.0457895 -0.0560579
v 0.109739 -0.0457895 -0.0641053
v 0.119053 -0.0641053 -0.0533757
v 0.100737 -0.0457895 -0.0728992
v 0.100737 -0.0545457 -0.0641053
v 0.082421 -0.0457895 -0.0717227
v 0.082421 -0.0532229 -0.0641053
v 0.100737 -0.0531331 -0.0457895
v 0.137368 -0.0641053 -0.0636588
v 0.100737 -0.0274737 -0.0805573
v 0.134813 -0.0274737 -0.0457895
v 0.155684 0.0091579 -0.0267338
v 0.155684 -0.0091579 -0.0221475
v 0.174 0.0091579 -0.0230725
v 0.174 0.0274736 -0.0227538
v 0.192316 0.0274736 -0.0110059
v 0.192316 0.0091579 -0.0148314
v 0.192316 0.00349396 -0.0091579
v 0.210632 0.00778049 -0.0091579
v 0.192316 0.0457895 -0.0243556
v 0.210632 0.0457895 -0.0202196
v 0.210632 0.0312556 -0.0091579
v 0.196366 0.0274736 -0.0091579
v 0.227663 0.0457895 -0.0091579
v 0.228947 0.0475642 -0.0091579
v 0.228947 0.0457895 -0.00905526
v 0.238618 0.0641053 -0.0091579
v 0.247263 0.0641053 0.00146794
v 0.247263 0.0457895 -0.00891614
v 0.265579 0.0457895 -0.0072118
v 0.228947 0.0274736 -0.00862825
v 0.247263 0.0274736 -0.00752699
v 0.228947 0.0641053 -0.0188214
v 0.174 -0.00473762 -0.0091579
v 0.154788 -0.0091579 -0.0274737
v 0.155684 -0.0264012 -0.0091579
v 0.15109 -0.0091579 -0.0457895
v 0.174 0.0457895 -0.0252769
v 0.148715 -0.0274737 -0.0274737
v 0.137368 -0.0274737 -0.0393644
v 0.210632 0.0274736 -0.00899488
v 0.192316 0.0641053 -0.0225459
v 0.153629 -0.0274737 -0.0091579
v 0.172206 0.0457895 -0.0274737
v 0.155684 0.0638251 -0.0274737
v 0.155684 0.0641053 -0.0273113
v 0.137368 0.0091579 -0.0457842
v 0.137368 0.00910383 -0.0457895
v 0.174 0.0641053 -0.0269695
v 0.137368 -0.0251583 -0.0457895
v 0.136296 0.0091579 -0.0641053
v 0.130162 -0.0457895 -0.0457895
v 0.13694 -0.0457895 -0.0274737
v 0.137368 -0.0419229 -0.0274737
v 0.137368 -0.0457895 -0.0242676
v 0.145912 -0.0457895 -0.0274737
v 0.0091579 -0.0091579 -0.136505
v 0.0144338 0.0091579 -0.137368
v 0.0091579 0.000578105 -0.137368
v 0.0091579 0.0091579 -0.142315
v -0.0091579 -0.0091579 -0.14689
v -0.0091579 0.0091579 -0.147399
v -0.0274737 -0.0091579 -0.152025
v -0.0274737 -0.0274737 -0.148834
v -0.0091579 -0.0249959 -0.137368
v -0.0274737 0.0091579 -0.151276
v -0.0457895 0.0091579 -0.154013
v -0.0457895 -0.0063777 -0.155684
v -0.0445284 -0.0091579 -0.155684
v -0.0457895 -0.0091579 -0.156919
v -0.0457895 -0.0112438 -0.155684
v -0.0641053 -0.0274737 -0.166188
v -0.0512021 -0.0274737 -0.155684
v -0.0641053 -0.0405514 -0.155684
v -0.082421 -0.0457895 -0.159536
v -0.0764753 -0.0457895 -0.155684
v -0.082421 -0.0496163 -0.155684
v -0.0641053 -0.0606155 -0.137368
v -0.0817942 -0.0641053 -0.137368
v -0.082421 -0.0641053 -0.137649
v -0.0641053 -0.0641053 -0.132062
v -0.0641053 -0.073589 -0.119053
v -0.0457895 -0.0724601 -0.119053
v -0.0457895 -0.0641053 -0.127623
v -0.0457895 -0.0577773 -0.137368
v -0.0313348 -0.0457895 -0.137368
v -0.0274737 -0.0457895 -0.136708
v -0.0457895 -0.0457895 -0.149229
v -0.0274737 -0.0416839 -0.137368
v -0.100737 -0.0641053 -0.140404
v -0.100737 -0.055729 -0.155684
v -0.119053 -0.0641053 -0.151525
v -0.100737 -0.0457895 -0.166524
v -0.119053 -0.0624914 -0.155684
v -0.100737 -0.0668083 -0.137368
v -0.119053 -0.0761589 -0.137368
v -0.132661 -0.0641053 -0.155684
v -0.100737 -0.0787233 -0.119053
v -0.082421 -0.0776252 -0.119053
v -0.137368 -0.0670447 -0.155684
v -0.137368 -0.0641053 -0.158792
v -0.155684 -0.0641053 -0.165505
v -0.155684 -0.0714642 -0.155684
v -0.082421 -0.0643851 -0.137368
v -0.082421 -0.0274737 -0.170699
v -0.0893276 -0.0274737 -0.174
v -0.0836364 -0.0091579 -0.174
v -0.082421 -0.0091579 -0.173378
v -0.086453 0.0091579 -0.174
v -0.100737 -0.0091579 -0.187652
v -0.082421 0.0091579 -0.171823
v -0.0641053 0.0091579 -0.168365
v -0.100737 0.0091579 -0.186513
v -0.119053 0.0091579 -0.190534
v -0.119053 -0.00275207 -0.192316
v -0.116071 -0.0091579 -0.192316
v -0.119053 -0.0274737 -0.186868
v -0.119053 -0.0134874 -0.192316
v -0.126332 -0.0274737 -0.192316
v -0.119053 -0.0422987 -0.174
v -0.137368 -0.0382066 -0.192316
v -0.119811 -0.0457895 -0.174
v -0.137368 -0.0457895 -0.190909
v -0.137368 -0.0621697 -0.174
v -0.145208 -0.0457895 -0.192316
v -0.137368 -0.0274737 -0.201513
v -0.121305 0.0091579 -0.192316
v -0.100737 -0.038262 -0.174
v -0.0641053 -0.0457895 -0.15152
v 0.0041886 -0.0091579 -0.137368
v -0.0485848 0.0091579 -0.155684
v 0.082421 -0.0262405 -0.082421
v 0.0817394 -0.0091579 -0.100737
v 0.082421 -0.0091579 -0.0999007
v 0.082421 -0.00279665 -0.100737
v -0.119053 -0.0091579 -0.195287
v -0.0641053 -0.0091579 -0.16942
v 0.167359 -0.0091579 -0.0091579
v -0.151385 -0.0274737 -0.210632
v -0.140137 -0.0091579 -0.210632
v -0.155684 -0.0274737 -0.214697
v -0.155684 -0.0091579 -0.223075
v -0.174 -0.0274737 -0.224975
v -0.169387 -0.0091579 -0.228947
v -0.14207 0.0091579 -0.210632
v -0.155684 0.0091579 -0.222753
v -0.174 0.0091579 -0.228877
v -0.174 0.00785363 -0.228947
v -0.174 0.0274736 -0.222789
v -0.192316 0.0274736 -0.226772
v -0.192316 0.0246427 -0.228947
v -0.174195 0.0091579 -0.228947
v -0.192316 0.0091579 -0.241921
v -0.174 -0.0152475 -0.228947
v -0.181334 -0.0274737 -0.228947
v -0.174 -0.0422152 -0.210632
v -0.192316 -0.0368843 -0.228947
v -0.185837 -0.0457895 -0.210632
v -0.192316 -0.0457895 -0.215261
v -0.192316 -0.050272 -0.210632
v -0.210632 -0.0457895 -0.227858
v -0.192316 -0.0274737 -0.238225
v -0.174 -0.0457895 -0.205049
v -0.174 -0.0563685 -0.192316
v -0.210632 -0.0579865 -0.210632
v -0.21217 -0.0457895 -0.228947
v -0.228947 -0.0564563 -0.228947
v -0.228947 -0.0457895 -0.239558
v -0.247263 -0.0457895 -0.244835
v -0.247263 -0.0606726 -0.228947
v -0.261576 -0.0457895 -0.247263
v -0.265579 -0.0484983 -0.247263
v -0.265579 -0.0457895 -0.250054
v -0.283895 -0.0457895 -0.262048
v -0.265579 -0.0274737 -0.263696
v -0.27164 -0.0274737 -0.265579
v -0.247263 -0.0274737 -0.259253
v -0.247263 -0.0091579 -0.261319
v -0.265579 -0.0091579 -0.264908
v -0.228947 -0.0091579 -0.255774
v -0.247263 0.00892919 -0.247263
v -0.228947 0.00202298 -0.247263
v -0.212792 -0.0091579 -0.247263
v -0.210632 -0.0091579 -0.246946
v -0.228947 0.0091579 -0.245797
v -0.228947 -0.0274737 -0.25098
v -0.283895 -0.060276 -0.247263
v -0.283895 -0.0379875 -0.265579
v -0.283895 -0.0274737 -0.275675
v -0.302211 -0.0457895 -0.271754
v -0.302211 -0.0274737 -0.28259
v -0.320526 -0.0457895 -0.283862
v -0.305356 -0.0274737 -0.283895
v -0.320526 -0.0457159 -0.283895
v -0.320526 -0.0274737 -0.296714
v -0.320526 -0.0641053 -0.266996
v -0.302211 -0.0518746 -0.265579
v -0.319112 -0.0641053 -0.265579
v -0.320526 -0.065478 -0.265579
v -0.320526 -0.0770808 -0.247263
v -0.306207 -0.0641053 -0.247263
v -0.338842 -0.0808471 -0.265579
v -0.338842 -0.0818994 -0.247263
v -0.343262 -0.082421 -0.265579
v -0.357158 -0.0786922 -0.283895
v -0.357158 -0.082421 -0.279817
v -0.357158 -0.0954642 -0.265579
v -0.357158 -0.100249 -0.247263
v -0.341765 -0.0641053 -0.283895
v -0.357158 -0.0641053 -0.297109
v -0.375474 -0.082421 -0.294951
v -0.375474 -0.0641053 -0.298988
v -0.375474 -0.0457895 -0.300832
v -0.357158 -0.0560137 -0.302211
v -0.362598 -0.082421 -0.283895
v -0.361413 -0.100737 -0.265579
v -0.357838 -0.100737 -0.247263
v -0.367386 -0.119053 -0.247263
v -0.375474 -0.119053 -0.257204
v -0.375474 -0.127108 -0.247263
v -0.393789 -0.119053 -0.263745
v -0.393789 -0.135526 -0.247263
v -0.375474 -0.133698 -0.228947
v -0.360935 -0.119053 -0.228947
v -0.375474 -0.115681 -0.265579
v -0.338842 -0.0641053 -0.282811
v -0.320587 -0.0457895 -0.283895
v -0.30443 -0.0091579 -0.283895
v -0.336036 -0.0274737 -0.302211
v -0.338842 -0.0305095 -0.302211
v -0.338842 -0.0274737 -0.305006
v -0.295681 -0.0457895 -0.265579
v -0.302211 -0.0627303 -0.247263
v -0.283895 -0.0091579 -0.27618
v -0.268425 -0.0091579 -0.265579
v -0.332473 -0.0091579 -0.302211
v -0.265579 -0.0621859 -0.228947
v -0.357158 -0.0457895 -0.312119
v -0.357158 -0.0274737 -0.31745
v -0.347004 -0.0457895 -0.302211
v -0.338842 -0.0457895 -0.29778
v -0.247263 -0.0412648 -0.247263
v 0.192316 -0.00384086 0.0091579
v -0.210632 -0.045276 -0.228947
v 0.265579 0.0274736 -0.00322187
v 0.282606 0.0457895 0.0091579
v 0.279012 0.0274736 0.0091579
v 0.283895 0.0274736 0.0105054
v 0.265579 0.0091579 0.00975513
v 0.283895 0.0091579 0.00933421
v 0.283895 -0.0091579 0.0126051
v 0.265579 -0.000991821 0.0091579
v 0.271085 -0.0091579 0.0091579
v 0.265579 -0.0091579 0.00404334
v 0.265579 -0.0274737 -0.00524449
v 0.247263 -0.0091579 -0.00627571
v 0.247263 -0.022227 -0.0091579
v 0.228947 -0.0116608 -0.0091579
v 0.252015 -0.0274737 -0.0091579
v 0.281941 -0.0274737 0.0091579
v 0.25727 0.0091579 0.0091579
v 0.265579 0.01262 0.0091579
v 0.283895 -0.0274737 0.0100293
v 0.283895 0.0457895 0.010002
v 0.302211 0.0457895 0.0152025
v 0.283895 0.0641053 0.00941455
v 0.265579 0.0641053 0.010773
v 0.207664 -0.0091579 0.0091579
v 0.192316 -0.0091579 0.0187249
v 0.174 -0.0091579 0.0191447
v 0.167442 0.0274736 -0.0274737
v -0.375474 -0.0932889 -0.283895
v 0.0457895 -0.0618435 -0.082421
v -0.210632 0.0091579 -0.245265
v 0.0676566 -0.0457895 -0.082421
v -0.100737 -0.0274737 -0.183299
v -0.283895 0.00188893 -0.265579
v -0.119053 -0.0457895 -0.172966
v -0.302211 -0.0091579 -0.282926
v -0.137368 -0.0091579 -0.208127
v 0.0920129 0.0091579 -0.100737
v -0.0274737 -0.0641053 -0.123806
v -0.224306 -0.0274737 -0.247263
v -0.0091579 -0.0799876 -0.100737
v -0.137368 0.0091579 -0.206825
v -0.0091579 -0.0274737 -0.137149
v -0.338842 -0.0091579 -0.308392
v -0.357158 -0.0091579 -0.318522
v -0.357158 0.0091579 -0.313461
v -0.344484 0.0091579 -0.302211
v 0.100737 -0.0091579 -0.0967177
v 0.0091579 -0.0274737 -0.135368
v -0.155684 -0.0544501 -0.192316
v -0.155684 -0.0457895 -0.201161
v -0.375474 -0.100737 -0.279169
v -0.210632 -0.0274737 -0.244512
v -0.367878 -0.0457895 -0.302211
v -0.393789 -0.115105 -0.265579
v -0.0457895 -0.0274737 -0.152888
v -0.228947 -0.0312845 -0.247263
v -0.393789 -0.100737 -0.279733
v -0.155684 -0.0317096 -0.210632
v -0.320526 -0.0091579 -0.2966
v -0.320526 0.00819784 -0.283895
v -0.321247 0.0091579 -0.283895
v -0.393789 -0.082421 -0.280685
v 0.082421 -0.0625771 -0.0457895
v 0.100737 -0.0638941 -0.0274737
v 0.247263 0.0091579 0.00165504
v 0.228947 0.0237697 -0.0091579
v 0.238179 0.0091579 -0.0091579
v 0.228947 0.0091579 -0.0176753
v 0.228947 -0.000172734 -0.0091579
v -0.338842 -0.00132632 -0.302211
v -0.338842 0.0091579 -0.298743
v 0.137368 -0.0091579 -0.0595
v 0.0641053 -0.0091579 -0.117908
v -0.192316 -0.0091579 -0.241774
v -0.174 -0.0091579 -0.233559
v 0.0641053 -0.0624878 -0.0641053
v 0.155684 -0.0274737 -0.00680149
v 0.16583 -0.0274737 0.0091579
v 0.171831 -0.0091579 0.0091579
v 0.137367 0.0091579 -0.0457895
v 0.210632 0.0121108 -0.0091579
v 0.0334828 -0.0457895 -0.100737
v 0.0457895 -0.0404407 -0.100737
v -0.338842 -0.061653 -0.283895
v 0.0323065 -0.0274737 -0.119053
v 0.0457895 -0.0404407 -0.100737
v 0.0274736 -0.0322295 -0.119053
v 0.0457895 -0.0274737 -0.1137
v 0.0606043 -0.0274737 -0.100737
v 0.0457895 -0.0457895 -0.097873
v 0.082421 -0.0532229 -0.0641053
v 0.0641053 -0.049215 -0.082421
v 0.0676566 -0.0457895 -0.082421
v 0.0641053 -0.0624878 -0.0641053
v 0.082421 -0.0091579 -0.0999007
v 0.100737 -0.0235516 -0.082421
v 0.082421 -0.0262405 -0.082421
v 0.082421 -0.0274737 -0.0811456
v 0.100737 -0.0091579 -0.0967177
v 0.100737 0.0091579 -0.0962474
v 0.100737 -0.0274737 -0.0805573
v 0.082421 -0.0457895 -0.0717227
v 0.0920129 0.0091579 -0.100737
v 0.0696402 -0.0274737 -0.082421
v 0.0676566 -0.0457895 -0.082421
v -0.0274737 -0.0641053 -0.123806
v -0.0199887 -0.0641053 -0.119053
v -0.0274737 -0.0688751 -0.119053
v -0.0091579 -0.0799876 -0.100737
v -0.0274737 -0.0815854 -0.100737
v -0.0457895 -0.0724601 -0.119053
v -0.0457895 -0.0641053 -0.127623
v -0.0274737 -0.0641053 -0.123806
v -0.0274737 -0.0457895 -0.136708
v -0.0091579 -0.0457895 -0.135212
v -0.0091579 -0.0274737 -0.137149
v 0.0091579 -0.0274737 -0.135368
v -0.0108639 -0.0274737 -0.137368
v -0.0091579 -0.0249959 -0.137368
v -0.0274737 -0.0274737 -0.148834
v -0.0274737 -0.0416839 -0.137368
v -0.0457895 -0.0457895 -0.149229
v -0.0457895 -0.0274737 -0.152888
v -0.174 -0.0091579 -0.233559
v -0.169387 -0.0091579 -0.228947
v -0.174 -0.0152475 -0.228947
v -0.192316 -0.0274737 -0.238225
v -0.174 0.00785363 -0.228947
v -0.174195 0.0091579 -0.228947
v -0.192316 0.0091579 -0.241921
v -0.192316 -0.0091579 -0.241774
v -0.210632 -0.0091579 -0.246946
v -0.210632 0.0091579 -0.245265
v -0.174 0.0091579 -0.228877
v -0.210632 -0.0274737 -0.244512
v -0.210632 -0.045276 -0.228947
v -0.224306 -0.0274737 -0.247263
v -0.228947 -0.0312845 -0.247263
v -0.283895 -0.060276 -0.247263
v -0.302211 -0.0518746 -0.265579
v -0.295681 -0.0457895 -0.265579
v -0.302211 -0.0627303 -0.247263
v -0.347004 -0.0457895 -0.302211
v -0.338842 -0.061653 -0.283895
v -0.357158 -0.0560137 -0.302211
v -0.357158 -0.0457895 -0.312119
v -0.367878 -0.0457895 -0.302211
v -0.338842 -0.0457895 -0.29778
v -0.320587 -0.0457895 -0.283895
v -0.338842 -0.061653 -0.283895
v -0.338842 -0.0305095 -0.302211
v -0.320526 -0.0457159 -0.283895
v -0.119811 -0.0457895 -0.174
v -0.119053 -0.0624914 -0.155684
v -0.137368 -0.0621697 -0.174
v -0.119053 -0.0457895 -0.172966
v -0.0641053 -0.073589 -0.119053
v -0.082421 -0.0776252 -0.119053
v -0.082421 -0.0643851 -0.137368
v 0.0641053 -0.0091579 -0.117908
v 0.082421 0.0091579 -0.110173
v 0.082421 -0.00279665 -0.100737
v 0.0920129 0.0091579 -0.100737
v -0.0457895 -0.0091579 -0.156919
v -0.0641053 -0.0091579 -0.16942
v -0.0641053 0.0091579 -0.168365
v -0.0485848 0.0091579 -0.155684
v 0.167442 0.0274736 -0.0274737
v 0.155684 0.0274736 -0.0393134
v 0.172206 0.0457895 -0.0274737
v 0.155684 0.0457895 -0.0443769
v 0.155684 0.0638251 -0.0274737
v 0.154903 0.0457895 -0.0457895
v 0.210632 0.0091579 -0.0104746
v 0.210632 0.00778049 -0.0091579
v 0.192316 0.0091579 -0.0148314
v 0.192316 0.0274736 -0.0110059
v 0.228947 -0.000172734 -0.0091579
v 0.228947 0.0091579 -0.0176753
v 0.210632 0.0121108 -0.0091579
v 0.210632 -0.0091579 0.00641948
v 0.207664 -0.0091579 0.0091579
v 0.228947 -0.0091579 -0.00510848
v 0.238179 0.0091579 -0.0091579
v 0.247263 0.0091579 0.00165504
v 0.210632 0.0091579 -0.0104746
v 0.192316 0.0274736 -0.0110059
v 0.196366 0.0274736 -0.0091579
v 0.210632 0.0121108 -0.0091579
v -0.302211 -0.0091579 -0.282926
v -0.30443 -0.0091579 -0.283895
v -0.320526 0.00819784 -0.283895
v -0.265579 -0.0091579 -0.264908
v -0.268425 -0.0091579 -0.265579
v -0.283895 0.00188893 -0.265579
v 0.137368 -0.0251583 -0.0457895
v 0.137368 -0.0274737 -0.0393644
v 0.134813 -0.0274737 -0.0457895
v 0.137368 -0.0419229 -0.0274737
v 0.145912 -0.0457895 -0.0274737
v 0.155684 -0.0457895 -0.0315673
v 0.137368 -0.0091579 -0.0595
v 0.137368 0.00910383 -0.0457895
v 0.15109 -0.0091579 -0.0457895
v 0.155173 0.0091579 -0.0274737
v 0.137367 0.0091579 -0.0457895
v 0.171831 -0.0091579 0.0091579
v 0.174 -0.0274737 0.0112005
v 0.16583 -0.0274737 0.0091579
v 0.174 -0.0091579 0.0191447
v 0.174 -0.00650424 0.0091579
v 0.192316 -0.00384086 0.0091579
v 0.174 -0.00473762 -0.0091579
v 0.167359 -0.0091579 -0.0091579
v -0.357158 -0.100249 -0.247263
v -0.343262 -0.082421 -0.265579
v -0.339801 -0.082421 -0.247263
v -0.338842 -0.0818994 -0.247263
v -0.0274737 -0.0641053 0.00215232
v -0.0274737 -0.0735562 -0.0091579
v -0.0180255 -0.0641053 0.0091579
v -0.0274737 -0.0562652 0.0091579
v -0.0091579 -0.0641053 0.0161585
v -0.0399781 -0.0641053 -0.0091579
v -0.0274737 -0.0457895 0.0180413
v -0.0091579 -0.0710109 0.0091579
v -0.0091579 -0.0457895 0.0267684
v -0.0274737 -0.0367136 0.0274736
v -0.0091579 -0.0453739 0.0274736
v -0.00646299 -0.0457895 0.0274736
v -0.0091579 -0.030775 0.0457895
v -0.0126271 -0.0274737 0.0457895
v -0.0091579 -0.0274737 0.0492796
v 0.0091579 -0.0274737 0.0561818
v -0.0091579 -0.0215168 0.0641053
v -0.0274737 -0.0274737 0.0367755
v -0.0274737 -0.0177068 0.0457895
v 0.0091579 -0.0375906 0.0457895
v -0.0366076 -0.0274737 0.0274736
v -0.0091579 -0.0779181 -0.0091579
v -0.0091579 -0.082421 -0.0178718
v -0.00389707 -0.082421 -0.0091579
v 0.0091579 -0.082421 0.00216872
v 0.0091579 -0.0934153 -0.0091579
v 0.0274736 -0.082421 0.0079295
v 0.0274736 -0.0952044 -0.0091579
v 0.0283877 -0.082421 0.0091579
v 0.0457895 -0.0965962 0.0091579
v 0.0341138 -0.082421 0.0274736
v -0.0091579 -0.0896953 -0.0274737
v 0.0457895 -0.0940721 0.0274736
v 0.0457895 -0.082421 0.0422234
v 0.0457895 -0.0820267 0.0457895
v 0.0091579 -0.0714738 0.0091579
v -0.0274737 -0.082421 -0.0269128
v 0.0472407 -0.082421 0.0457895
v 0.0091579 -0.0457895 0.0375029
v -0.0359588 -0.0091579 0.0457895
v -0.0274737 -0.0091579 0.0556356
v -0.0457895 -0.00792128 0.0457895
v -0.0457895 -0.0091579 0.0349717
v -0.0457895 -0.0165557 0.0274736
v -0.0457895 0.0091579 0.0629209
v -0.0630972 0.0091579 0.0457895
v -0.0274737 0.0091579 0.0640301
v -0.0457895 0.0149 0.0641053
v -0.0641053 0.0108337 0.0457895
v -0.0271228 0.0091579 0.0641053
v -0.0274737 0.00955582 0.0641053
v -0.0274737 0.0274736 0.0801368
v -0.0457895 0.0274736 0.076371
v -0.0457895 0.0457895 0.0813912
v -0.0366426 0.0457895 0.082421
v -0.0457895 0.0460713 0.082421
v -0.0274737 0.0403312 0.082421
v -0.0641053 0.0274736 0.0731025
v -0.0641053 0.0457895 0.0820946
v -0.082421 0.0457895 0.079869
v -0.082421 0.0294305 0.0641053
v -0.0751168 0.0274736 0.0641053
v -0.082421 0.0274736 0.061141
v -0.082421 0.0133817 0.0457895
v -0.100737 0.0179942 0.0457895
v -0.100737 0.0274736 0.0553192
v -0.111819 0.0274736 0.0457895
v -0.119053 0.0127844 0.0274736
v -0.119053 0.0274736 0.0431204
v -0.119053 0.0297271 0.0457895
v -0.103937 0.0457895 0.0641053
v -0.119053 0.0457895 0.0612418
v -0.115802 0.0641053 0.0641053
v -0.100737 0.0457895 0.0671575
v -0.100737 0.0641053 0.0715095
v -0.119053 0.0651832 0.0641053
v -0.119053 0.082421 0.0761492
v -0.131582 0.082421 0.0641053
v -0.100737 0.082421 0.0802094
v -0.082421 0.082421 0.0821561
v -0.13611 0.0457895 0.0457895
v -0.137368 0.0487754 0.0457895
v -0.137368 0.0457895 0.0449467
v -0.137368 0.028214 0.0274736
v -0.155684 0.0395355 0.0274736
v -0.155684 0.0457895 0.0338355
v -0.155684 0.0641053 0.0435464
v -0.173308 0.0641053 0.0274736
v -0.174 0.0652217 0.0274736
v -0.174 0.0641053 0.0270579
v -0.174 0.0457895 0.0201718
v -0.192316 0.0641053 0.0152993
v -0.192316 0.082421 0.024148
v -0.209864 0.082421 0.0091579
v -0.210632 0.083813 0.0091579
v -0.198552 0.0641053 0.0091579
v -0.210632 0.0641053 -0.0011251
v -0.210632 0.0563024 -0.0091579
v -0.218458 0.0641053 -0.0091579
v -0.210632 0.0526926 -0.0274737
v -0.222624 0.0641053 -0.0274737
v -0.228947 0.0693833 -0.0274737
v -0.192316 0.0461034 -0.0091579
v -0.192316 0.0457895 -0.0113563
v -0.191659 0.0457895 -0.0091579
v -0.185022 0.0457895 0.0091579
v -0.174 0.0317834 -0.0091579
v -0.174 0.0349608 0.0091579
v -0.201282 0.0457895 -0.0274737
v -0.210632 0.100737 0.0218387
v -0.223413 0.100737 0.0091579
v -0.192316 0.0372035 -0.0274737
v -0.228947 0.0800681 -0.0091579
v -0.192316 0.0579689 0.0091579
v -0.210632 0.082421 0.00788659
v -0.228947 0.100737 0.00458407
v -0.188433 0.082421 0.0274736
v -0.174 0.082421 0.0418562
v -0.155684 0.0288411 0.0091579
v -0.162099 0.0457895 0.0274736
v -0.137368 0.0641053 0.0580988
v -0.150213 0.0641053 0.0457895
v -0.136037 0.0274736 0.0274736
v -0.100737 0.0107524 0.0274736
v -0.100737 0.0427628 0.0641053
v -0.082421 0.0534503 0.082421
v -0.093363 0.0641053 0.082421
v -0.082421 0.0641053 0.0925782
v -0.0242345 0.0274736 0.082421
v -0.0641053 0.0641053 0.0987462
v -0.0274737 0.0457895 0.0874327
v -0.0641053 0.046507 0.082421
v -0.119053 0.0641053 0.0639321
v 0.0091579 -0.0556607 0.0274736
v 0.0108018 -0.0274737 0.0641053
v -0.0274737 -0.0829699 -0.0274737
v -0.0372583 -0.0457895 0.0091579
v -0.0282713 -0.082421 -0.0274737
v 0.0641053 -0.0976966 0.0457895
v -0.0457895 -0.0636503 -0.0091579
v -0.0457895 -0.0457895 0.00846106
v -0.0641053 -0.0487419 -0.0091579
v -0.0641053 -0.0457895 -0.00629431
v -0.0641053 -0.0274737 0.00326318
v -0.0766319 -0.0274737 -0.0091579
v -0.0670115 -0.0457895 -0.0091579
v -0.082421 -0.0457895 -0.0191833
v -0.082421 -0.0548581 -0.0274737
v -0.0908123 -0.0457895 -0.0274737
v -0.0918071 -0.0641053 -0.0457895
v -0.100737 -0.0546334 -0.0457895
v -0.100737 -0.0641053 -0.0549909
v -0.100737 -0.0719407 -0.0641053
v -0.109294 -0.0641053 -0.0641053
v -0.119053 -0.0743778 -0.082421
v -0.100737 -0.0772884 -0.082421
v -0.082421 -0.0775939 -0.0641053
v -0.082421 -0.082131 -0.082421
v -0.119053 -0.0641053 -0.071375
v -0.137368 -0.0657126 -0.082421
v -0.137368 -0.0768728 -0.100737
v -0.155684 -0.0714672 -0.100737
v -0.139127 -0.0641053 -0.082421
v -0.155684 -0.0641053 -0.0929292
v -0.153154 -0.0457895 -0.082421
v -0.155684 -0.0457895 -0.0859335
v -0.171696 -0.0457895 -0.100737
v -0.163141 -0.0641053 -0.100737
v -0.119053 -0.0599248 -0.0641053
v -0.133805 -0.0457895 -0.0641053
v -0.119053 -0.0457895 -0.0504017
v -0.137368 -0.0301576 -0.0641053
v -0.137368 -0.0457895 -0.0678742
v -0.0746965 -0.082421 -0.0641053
v -0.155684 -0.0406326 -0.082421
v -0.165061 -0.0274737 -0.082421
v -0.174 -0.0407137 -0.100737
v -0.174 -0.0457895 -0.102295
v -0.174 -0.0624 -0.119053
v -0.155684 -0.0274737 -0.0730493
v -0.174 -0.0274737 -0.093519
v -0.181204 -0.0274737 -0.100737
v -0.189293 -0.0457895 -0.119053
v -0.0641053 -0.082421 -0.0505897
v -0.0641053 -0.0912002 -0.0641053
v -0.0592286 -0.082421 -0.0457895
v -0.0457895 -0.0910609 -0.0457895
v -0.0457895 -0.082421 -0.0353922
v -0.0641053 -0.0927349 -0.082421
v -0.137368 -0.0274737 -0.0622302
v -0.119053 -0.0274737 -0.0470812
v -0.0641053 -0.0814806 -0.0457895
v -0.116398 -0.0274737 -0.0457895
v -0.137368 -0.0641053 -0.0807818
v -0.108443 -0.0457895 -0.0457895
v -0.082421 -0.0641053 -0.037051
v -0.082421 -0.0274737 -0.0135424
v -0.0968745 -0.0274737 -0.0274737
v -0.0750977 -0.0641053 -0.0274737
v -0.0499817 -0.0274737 0.0091579
v -0.0457895 -0.0641053 -0.0116928
v -0.0529033 -0.0091579 0.0274736
v -0.137368 0.0141416 0.0091579
v -0.0457895 -0.0325961 0.0091579
v -0.139242 -0.0274737 -0.0641053
v -0.02257 -0.0091579 0.0641053
v -0.082421 0.0100116 0.0274736
v -0.0641053 -0.0641053 -0.0171574
v -0.228947 0.082421 -0.00678521
v -0.192316 -0.0304298 -0.119053
v -0.192316 -0.0274737 -0.117362
v -0.194015 -0.0274737 -0.119053
v -0.204883 -0.0457895 -0.137368
v -0.210632 -0.0341499 -0.137368
v -0.210632 -0.0457895 -0.142727
v -0.210632 -0.058309 -0.155684
v -0.192316 -0.057907 -0.137368
v -0.223903 -0.0457895 -0.155684
v -0.210632 -0.0274737 -0.131398
v -0.194027 -0.0091579 -0.119053
v -0.192316 -0.0457895 -0.123152
v -0.210632 -0.0091579 -0.130873
v -0.217124 -0.0091579 -0.137368
v -0.242668 0.100737 -0.0091579
v -0.170833 -0.0641053 -0.119053
v -0.216583 -0.0274737 -0.137368
v -0.228947 -0.0598016 -0.174
v -0.228947 -0.0457895 -0.15942
v -0.245248 -0.0457895 -0.174
v -0.247263 -0.0610176 -0.192316
v -0.247263 -0.0457895 -0.17535
v -0.247263 -0.0428979 -0.174
v -0.235071 -0.0274737 -0.155684
v -0.247263 -0.0274737 -0.161797
v -0.23681 -0.0091579 -0.155684
v -0.259888 -0.0274737 -0.174
v -0.265579 -0.0274737 -0.176227
v -0.265579 -0.0457895 -0.183416
v -0.28309 -0.0274737 -0.192316
v -0.274821 -0.0457895 -0.192316
v -0.283895 -0.0457895 -0.197638
v -0.283895 -0.0274737 -0.192658
v -0.283895 -0.0585896 -0.210632
v -0.301223 -0.0457895 -0.210632
v -0.302211 -0.0444205 -0.210632
v -0.302211 -0.0457895 -0.210787
v -0.31468 -0.0274737 -0.210632
v -0.320526 -0.0274737 -0.212138
v -0.302211 -0.0632194 -0.228947
v -0.320526 -0.0631455 -0.228947
v -0.320526 -0.0457895 -0.212427
v -0.302211 -0.0274737 -0.199474
v -0.265579 -0.0546325 -0.192316
v 0.0274736 -0.0821665 0.0091579
v -0.0274737 -0.0958846 -0.0457895
v 0.0274736 -0.0752801 0.0274736
v 0.0161791 -0.0641053 0.0274736
v 0.0274736 -0.0641053 0.0411739
v 0.0274736 -0.0637031 0.0457895
v 0.0279602 -0.0641053 0.0457895
v 0.0274736 -0.0457895 0.0635281
v 0.0457895 -0.046317 0.0641053
v 0.0457895 -0.0457895 0.0639743
v 0.0573409 -0.0457895 0.0641053
v 0.0457895 -0.0455259 0.0641053
v 0.0508565 -0.0457895 0.082421
v 0.0457895 -0.0431218 0.082421
v 0.0641053 -0.0457895 0.0962074
v 0.0457895 -0.0274737 0.0945209
v 0.0641053 -0.0641053 0.0951149
v 0.0499319 -0.0641053 0.082421
v 0.0641053 -0.0274737 0.0991498
v 0.0457895 -0.0202233 0.100737
v 0.0338101 -0.0274737 0.082421
v 0.0641053 -0.0230989 0.100737
v 0.0641053 -0.0091579 0.11393
v 0.0457895 -0.0091579 0.111723
v 0.082421 -0.0091579 0.113316
v 0.0641053 0.0091579 0.118779
v 0.0457895 0.0091579 0.118675
v 0.0457895 0.0123328 0.119053
v 0.0274736 0.0091579 0.118509
v 0.0274736 -0.00874031 0.100737
v 0.00963384 0.0091579 0.100737
v 0.0641053 0.0126117 0.119053
v 0.0641053 0.0274736 0.132801
v 0.0457895 0.0274736 0.13357
v 0.082421 0.0274736 0.129975
v 0.082421 0.0150556 0.119053
v 0.100737 0.0274736 0.13637
v 0.082421 -0.0240403 0.100737
v 0.100737 -0.0091579 0.116933
v 0.100737 -0.0264709 0.100737
v 0.10612 -0.0091579 0.119053
v 0.100761 0.0091579 0.119053
v 0.103647 -0.0274737 0.100737
v 0.119053 -0.0220395 0.119053
v 0.119053 -0.0091579 0.13193
v 0.123552 -0.0091579 0.137368
v 0.122499 -0.0274737 0.119053
v 0.10318 0.0091579 0.137368
v 0.119053 -0.0274737 0.113521
v 0.082421 0.0091579 0.118564
v 0.100737 -0.0274737 0.0995981
v 0.00986248 -0.0457895 0.0457895
v 0.082421 -0.0274737 0.100434
v 0.082421 -0.0456723 0.082421
v 0.119053 -0.0402701 0.100737
v -0.228947 -0.0346725 -0.155684
v 0.100737 -0.0449747 0.082421
v -0.0641053 0.0184945 0.0641053
v 0.100737 -0.0457895 0.08189
v 0.0335758 -0.0091579 0.100737
v 0.0274736 -0.0091579 0.0971997
v 0.0091579 -0.0236449 0.0641053
v -0.082421 -0.0721411 -0.0457895
v -0.0457895 -0.0790577 -0.0274737
v -0.181993 -0.0641053 -0.137368
v -0.174 -0.0641053 -0.124078
v -0.174 -0.0718063 -0.137368
v -0.174 -0.069602 -0.155684
v 0.0789406 -0.0457895 0.082421
v -0.0641053 -0.0744051 -0.0274737
v -0.155684 -0.074632 -0.119053
v 0.0091579 -0.0641053 0.0162967
v 0.0274736 -0.0230001 0.082421
v -0.228947 -0.0274737 -0.149584
v -0.228947 -0.0091579 -0.147831
v -0.0457895 0.0641053 0.100641
v -0.137368 0.0274736 0.0255309
v -0.152092 0.0274736 0.0091579
v -0.100737 -0.0457895 -0.0382555
v -0.100737 -0.0274737 -0.031025
v 0.0641053 -0.082421 0.0615552
v 0.0641053 -0.0810737 0.0641053
v 0.119053 -0.00668567 0.137368
v 0.0127157 -0.0091579 0.082421
v -0.23129 0.082421 -0.0091579
v -0.242871 0.082421 -0.0274737
v -0.247263 0.0877454 -0.0274737
v -0.247263 0.100737 -0.0162683
v -0.247263 0.082421 -0.0362082
v -0.255439 0.082421 -0.0457895
v -0.258438 0.100737 -0.0274737
v -0.265579 0.0865036 -0.0457895
v -0.265579 0.100737 -0.0320054
v -0.281996 0.100737 -0.0457895
v -0.283895 0.104786 -0.0457895
v -0.283895 0.100737 -0.0472865
v -0.295168 0.119053 -0.0457895
v -0.302211 0.119053 -0.0509824
v -0.302211 0.100737 -0.0573398
v -0.320526 0.119053 -0.0554133
v -0.302211 0.0940633 -0.0641053
v -0.309704 0.100737 -0.0641053
v -0.320526 0.0926036 -0.082421
v -0.302211 0.0864384 -0.082421
v -0.320526 0.100737 -0.0733914
v -0.329565 0.100737 -0.082421
v -0.320526 0.109669 -0.0641053
v -0.329742 0.119053 -0.0641053
v -0.338842 0.102638 -0.082421
v -0.338842 0.119053 -0.0660731
v -0.357158 0.112881 -0.082421
v -0.357158 0.102478 -0.100737
v -0.357158 0.119053 -0.076175
v -0.365379 0.119053 -0.082421
v -0.373361 0.137368 -0.082421
v -0.357158 0.137368 -0.0704934
v -0.375474 0.119053 -0.0844629
v -0.338842 0.137368 -0.0652878
v -0.375474 0.103774 -0.100737
v -0.283895 0.119053 -0.0355595
v -0.283895 0.0859209 -0.0641053
v -0.393789 0.103274 -0.100737
v -0.393789 0.119053 -0.084438
v -0.412105 0.103729 -0.100737
v -0.412105 0.119053 -0.0851423
v -0.247263 0.0749283 -0.0457895
v -0.0457895 -0.0274737 0.0135084
v 0.101965 0.0274736 0.137368
v 0.100737 0.00925547 0.119053
v 0.0274736 -0.0274737 0.0806071
v -0.0529033 -0.0091579 0.0274736
v -0.0499817 -0.0274737 0.0091579
v -0.0457895 -0.0274737 0.0135084
v -0.0091579 -0.0091579 0.0760519
v -0.02257 -0.0091579 0.0641053
v -0.0091579 -0.0215168 0.0641053
v -0.0271228 0.0091579 0.0641053
v 0.0091579 -0.0091579 0.0791208
v 0.0091579 -0.0236449 0.0641053
v -0.0091579 0.0091579 0.0823019
v 0.0127157 -0.0091579 0.082421
v 0.0091579 -0.00829089 0.082421
v 0.00963384 0.0091579 0.100737
v 0.0274736 -0.00874031 0.100737
v 0.0274736 -0.0091579 0.0971997
v 0.0091579 0.0091579 0.0997588
v 0.0091579 0.0242808 0.100737
v 0.0274736 0.0091579 0.118509
v 0.0091579 0.0274736 0.103467
v 0.0274736 0.0274736 0.114726
v 0.0091579 0.0457895 0.117339
v 0.0111206 0.0457895 0.119053
v 0.0274736 0.0288157 0.119053
v 0.0298625 0.0274736 0.119053
v 0.0457895 0.0274736 0.13357
v 0.0457895 0.0123328 0.119053
v 0.00642061 0.0274736 0.100737
v 0.0274736 0.0457895 0.135146
v -0.00735277 0.0457895 0.100737
v -0.0091579 0.0274736 0.0971583
v -0.0274737 -0.082421 -0.0269128
v -0.0282713 -0.082421 -0.0274737
v -0.0274737 -0.0829699 -0.0274737
v -0.0457895 -0.0910609 -0.0457895
v -0.0274737 -0.0958846 -0.0457895
v -0.0457895 -0.082421 -0.0353922
v -0.0457895 -0.0790577 -0.0274737
v -0.137368 -0.0457895 -0.0678742
v -0.153154 -0.0457895 -0.082421
v -0.137368 -0.0641053 -0.0807818
v -0.137368 -0.0301576 -0.0641053
v -0.139242 -0.0274737 -0.0641053
v 0.0091579 -0.0556607 0.0274736
v 0.0091579 -0.0641053 0.0162967
v 0.0161791 -0.0641053 0.0274736
v 0.00986248 -0.0457895 0.0457895
v 0.0274736 -0.0457895 0.0635281
v 0.0274736 -0.0443509 0.0641053
v 0.00986248 -0.0457895 0.0457895
v 0.0108018 -0.0274737 0.0641053
v 0.0274736 -0.0274737 0.0806071
v 0.0274736 -0.0230001 0.082421
v 0.0127157 -0.0091579 0.082421
v 0.0338101 -0.0274737 0.082421
v 0.0457895 -0.0431218 0.082421
v 0.0457895 -0.0457895 0.0639743
v -0.189293 -0.0457895 -0.119053
v -0.192316 -0.057907 -0.137368
v -0.181993 -0.0641053 -0.137368
v -0.192316 -0.0457895 -0.123152
v -0.174 -0.0624 -0.119053
v -0.174 -0.0641053 -0.124078
v -0.170833 -0.0641053 -0.119053
v -0.174 -0.0718063 -0.137368
v -0.155684 -0.074632 -0.119053
v 0.0091579 -0.0091579 0.0791208
v 0.0091579 -0.00829089 0.082421
v -0.00910068 0.0091579 0.082421
v 0.0091579 0.0091579 0.0997588
v 0.0091579 0.0242808 0.100737
v 0.00642061 0.0274736 0.100737
v -0.0091579 0.00936127 0.082421
v -0.0091579 0.0274736 0.0971583
v -0.0242345 0.0274736 0.082421
v -0.0271228 0.0091579 0.0641053
v -0.0274737 0.0403312 0.082421
v -0.0274737 0.0457895 0.0874327
v -0.0274737 0.00955582 0.0641053
v -0.0091579 0.0091579 0.0823019
v -0.174 0.0349608 0.0091579
v -0.155684 0.0395355 0.0274736
v -0.162099 0.0457895 0.0274736
v -0.174 0.0457895 0.0201718
v -0.185022 0.0457895 0.0091579
v -0.155684 0.0288411 0.0091579
v -0.192316 0.0579689 0.0091579
v -0.137368 0.028214 0.0274736
v -0.137368 0.0274736 0.0255309
v -0.136037 0.0274736 0.0274736
v -0.100737 0.0427628 0.0641053
v -0.082421 0.0457895 0.079869
v -0.100737 0.0457895 0.0671575
v -0.100737 0.0641053 0.0715095
v -0.093363 0.0641053 0.082421
v -0.082421 0.0133817 0.0457895
v -0.0641053 0.0108337 0.0457895
v -0.0641053 0.0184945 0.0641053
v -0.082421 0.0100116 0.0274736
v 0.0274736 -0.0443509 0.0641053
v 0.0457895 -0.0455259 0.0641053
v 0.0457895 -0.0431218 0.082421
v 0.0457895 -0.0457895 0.0639743
v 0.0274736 0.0274736 0.114726
v 0.0457895 0.0091579 0.118675
v 0.0298625 0.0274736 0.119053
v 0.0274736 0.0091579 0.118509
v 0.0457895 0.0123328 0.119053
v 0.100737 0.00925547 0.119053
v 0.100737 0.0274736 0.13637
v 0.082421 0.0150556 0.119053
v 0.101965 0.0274736 0.137368
v 0.100737 0.0091579 0.119018
v 0.082421 0.0091579 0.118564
v 0.082421 -0.0091579 0.113316
v 0.100737 -0.0091579 0.116933
v 0.100761 0.0091579 0.119053
v 0.228947 -0.076219 0.0457895
v 0.210632 -0.0817717 0.0274736
v 0.228947 -0.0809939 0.0274736
v 0.247263 -0.0809308 0.0457895
v 0.247263 -0.0808312 0.0274736
v 0.265579 -0.0811058 0.0457895
v 0.265579 -0.0733804 0.0274736
v 0.247263 -0.0779943 0.0091579
v 0.283895 -0.0778443 0.0457895
v 0.210632 -0.0655987 0.0457895
v 0.192316 -0.0791469 0.0274736
v 0.210632 -0.082421 0.0253502
v 0.228676 -0.082421 0.0091579
v 0.228947 -0.0781962 0.0641053
v 0.210632 -0.0970309 0.0091579
v 0.209001 -0.0641053 0.0457895
v 0.192316 -0.0641053 0.0426387
v 0.175089 -0.0641053 0.0274736
v 0.192316 -0.0607617 0.0457895
v 0.283895 -0.0781452 0.0641053
v 0.247263 -0.0820775 0.0641053
v 0.211345 -0.0641053 0.0641053
v 0.228947 -0.0641053 0.0794433
v 0.230377 -0.0641053 0.082421
v 0.210632 -0.0620633 0.0641053
v 0.302211 -0.0786719 0.0641053
v 0.302211 -0.0747099 0.082421
v 0.283895 -0.0799419 0.082421
v 0.265579 -0.082421 0.0598144
v 0.269746 -0.082421 0.0641053
v 0.283895 -0.0804297 0.100737
v 0.302211 -0.0641053 0.0948746
v 0.228947 -0.0640007 0.082421
v 0.265579 -0.0821565 0.082421
v 0.312965 -0.0641053 0.082421
v 0.302211 -0.0637644 0.100737
v 0.320526 -0.0610233 0.082421
v 0.320526 -0.0613374 0.100737
v 0.320526 -0.0589834 0.119053
v 0.302211 -0.0633817 0.119053
v 0.302211 -0.0559945 0.137368
v 0.283895 -0.061913 0.137368
v 0.320526 -0.0457895 0.132403
v 0.312675 -0.0457895 0.137368
v 0.320526 -0.0441329 0.137368
v 0.283895 -0.0630713 0.155684
v 0.265579 -0.0574533 0.137368
v 0.283895 -0.0641053 0.130055
v 0.302211 -0.0457895 0.150204
v 0.265579 -0.0641053 0.132449
v 0.265579 -0.0775305 0.119053
v 0.333641 -0.0457895 0.119053
v 0.247263 -0.0633103 0.119053
v 0.247263 -0.0494066 0.137368
v 0.265579 -0.0457895 0.153033
v 0.228947 -0.062934 0.119053
v 0.228947 -0.051196 0.137368
v 0.210632 -0.0633301 0.119053
v 0.210632 -0.0638236 0.100737
v 0.192316 -0.0638875 0.100737
v 0.192316 -0.0613019 0.082421
v 0.192316 -0.0601014 0.119053
v 0.174 -0.0638474 0.100737
v 0.176031 -0.0457895 0.119053
v 0.183921 -0.0457895 0.137368
v 0.192316 -0.0534204 0.137368
v 0.174 -0.0621684 0.082421
v 0.174 -0.0452719 0.119053
v 0.174 -0.0448158 0.137368
v 0.174 -0.0457895 0.118934
v 0.155684 -0.0613121 0.100737
v 0.155684 -0.0457895 0.117548
v 0.14005 -0.0457895 0.100737
v 0.137368 -0.0536279 0.082421
v 0.137368 -0.0457895 0.090477
v 0.125413 -0.0457895 0.082421
v 0.119053 -0.0451311 0.082421
v 0.137368 -0.0592417 0.0641053
v 0.121572 -0.0457895 0.0641053
v 0.137368 -0.0442435 0.100737
v 0.119053 -0.0450755 0.0641053
v 0.247263 -0.0457895 0.141853
v 0.228947 -0.0639627 0.100737
v 0.119053 -0.0457895 0.0631325
v 0.119053 -0.0621527 0.0457895
v 0.210632 -0.0591483 0.137368
v 0.283895 -0.0751025 0.119053
v 0.174 -0.0628073 0.0274736
v 0.210632 -0.0641053 0.0530639
v 0.265579 -0.0862466 0.0641053
v 0.300817 -0.0641053 0.100737
v 0.250948 -0.0641053 0.119053
v 0.174 -0.0568931 0.0457895
v 0.192316 -0.062947 0.0641053
v 0.155684 -0.0461247 0.0274736
v 0.155684 -0.0457895 0.0265859
v 0.154428 -0.0457895 0.0274736
v 0.155684 -0.0567228 0.0457895
v 0.157164 -0.0457895 0.0091579
v 0.138089 -0.0457895 0.0457895
v 0.247263 -0.0439788 0.155684
v 0.265579 -0.0452127 0.155684
v 0.265908 -0.0457895 0.155684
v 0.228947 -0.0457604 0.155684
v 0.297246 -0.0641053 0.119053
v 0.155684 -0.0632263 0.082421
v 0.174 -0.0628439 0.0641053
v 0.137368 -0.0453854 0.0274736
v 0.155684 -0.0400469 0.0091579
v 0.265579 -0.0773036 0.100737
v 0.210632 -0.0636915 0.082421
v 0.265579 -0.082421 0.0694017
v 0.155684 -0.0453216 0.119053
v 0.119053 -0.0402701 0.100737
v 0.30163 -0.0457895 0.155684
v 0.283895 -0.0457895 0.172955
v 0.228947 -0.0457895 0.155074
v 0.137368 -0.0457415 0.0457895
v 0.247263 -0.0754966 0.100737
v 0.155684 -0.0634377 0.0641053
v 0.137368 -0.0423486 0.119053
v 0.302211 -0.0448313 0.155684
v 0.320526 -0.0440017 0.155684
v 0.320526 -0.0432448 0.174
v 0.302211 -0.0443522 0.174
v 0.320526 -0.0439444 0.192316
v 0.338842 -0.0442039 0.192316
v 0.338842 -0.0446279 0.174
v 0.338842 -0.0455058 0.210632
v 0.320526 -0.043237 0.210632
v 0.338842 -0.0439088 0.228947
v 0.357158 -0.0386025 0.228947
v 0.338842 -0.0407919 0.247263
v 0.357158 -0.0274737 0.242217
v 0.353764 -0.0274737 0.247263
v 0.357158 -0.026643 0.247263
v 0.338842 -0.0274737 0.261704
v 0.368469 -0.0274737 0.228947
v 0.375474 -0.0250963 0.228947
v 0.375474 -0.020223 0.247263
v 0.375474 -0.0091579 0.258655
v 0.357158 -0.0091579 0.26504
v 0.387169 -0.0091579 0.247263
v 0.39379 0.0091579 0.254103
v 0.320526 -0.0439499 0.228947
v 0.338842 -0.0168301 0.265579
v 0.137368 -0.0457895 0.0461831
v 0.155684 -0.0387882 0.137368
v 0.235465 -0.0641053 0.100737
v 0.247263 -0.0641053 0.113418
v 0.247263 -0.080314 0.082421
v 0.260631 -0.082421 0.0641053
v 0.228947 -0.0809939 0.0274736
v 0.210632 -0.0817717 0.0274736
v 0.228947 -0.0823258 0.0091579
v 0.247263 -0.0808312 0.0274736
v 0.247263 -0.0779943 0.0091579
v 0.228947 -0.0791138 -0.0091579
v 0.226633 -0.082421 -0.0091579
v 0.228676 -0.082421 0.0091579
v 0.247263 -0.0820775 0.0641053
v 0.260631 -0.082421 0.0641053
v 0.265579 -0.082421 0.0694017
v 0.265579 -0.0821565 0.082421
v 0.247263 -0.080314 0.082421
v 0.283895 -0.0751025 0.119053
v 0.265579 -0.0773036 0.100737
v 0.283895 -0.0804297 0.100737
v 0.300817 -0.0641053 0.100737
v 0.297246 -0.0641053 0.119053
v 0.283895 -0.0641053 0.130055
v 0.283895 -0.061913 0.137368
v 0.302211 -0.0633817 0.119053
v 0.210632 -0.0620633 0.0641053
v 0.192316 -0.0607617 0.0457895
v 0.210632 -0.0641053 0.0530639
v 0.192316 -0.062947 0.0641053
v 0.210632 -0.0636915 0.082421
v 0.192316 -0.0613019 0.082421
v 0.174 -0.0628439 0.0641053
v 0.247263 -0.0754966 0.100737
v 0.235465 -0.0641053 0.100737
v 0.247263 -0.080314 0.082421
v 0.247263 -0.0641053 0.113418
v 0.228947 -0.0639627 0.100737
v 0.228947 -0.0640007 0.082421
v 0.210632 -0.0636915 0.082421
v 0.302211 -0.0443522 0.174
v 0.283895 -0.0392639 0.174
v 0.302211 -0.0448313 0.155684
v 0.30163 -0.0457895 0.155684
v 0.155684 -0.0567228 0.0457895
v 0.137368 -0.0592417 0.0641053
v 0.137368 -0.0457895 0.0461831
v 0.155684 -0.0634377 0.0641053
v 0.119053 -0.0457895 0.0631325
v 0.121572 -0.0457895 0.0641053
v 0.119053 -0.0450755 0.0641053
v -0.393789 -0.0457895 -0.272893
v -0.390742 -0.0641053 -0.283895
v -0.393789 -0.0641053 -0.279862
v -0.386361 -0.082421 -0.283895
v -0.393789 -0.082421 -0.280685
v -0.408853 -0.082421 -0.265579
v -0.407791 -0.100737 -0.265579
v -0.393789 -0.100737 -0.279733
v -0.393789 -0.115105 -0.265579
v -0.410285 -0.119053 -0.247263
v -0.407772 -0.0641053 -0.265579
v -0.412099 -0.100737 -0.247263
v -0.392215 -0.0457895 -0.283895
v -0.375474 -0.0457895 -0.300832
v -0.375474 -0.0641053 -0.298988
v -0.375474 -0.0274737 -0.301997
v -0.393789 -0.0377107 -0.265579
v -0.375474 -0.0932889 -0.283895
v -0.393789 -0.119053 -0.263745
v -0.393789 -0.135526 -0.247263
v -0.412105 -0.119053 -0.244883
v -0.412105 -0.134656 -0.228947
v -0.427807 -0.119053 -0.228947
v -0.392386 -0.0274737 -0.283895
v -0.375474 -0.0175482 -0.302211
v -0.377367 -0.0091579 -0.302211
v -0.39148 -0.0091579 -0.283895
v -0.389597 0.0091579 -0.283895
v -0.375474 0.0091579 -0.297966
v -0.375474 0.0231494 -0.283895
v -0.368366 0.0091579 -0.302211
v -0.391159 -0.0091579 -0.265579
v -0.367878 -0.0457895 -0.302211
v -0.357158 0.0203102 -0.302211
v -0.357158 0.0091579 -0.313461
v -0.375474 -0.0091579 -0.304242
v -0.392828 -0.0274737 -0.265579
v -0.375474 -0.00720823 -0.302211
v -0.374969 -0.0274737 -0.302211
v -0.357158 -0.0274737 -0.31745
v -0.357158 -0.0091579 -0.318522
v -0.357158 -0.0457895 -0.312119
v -0.375474 -0.082421 -0.294951
v -0.40073 -0.0457895 -0.265579
v -0.411849 -0.082421 -0.247263
v -0.410584 -0.0641053 -0.247263
v -0.403996 -0.0457895 -0.247263
v -0.407571 -0.0641053 -0.228947
v -0.412105 -0.0702838 -0.228947
v -0.393789 -0.035607 -0.247263
v -0.412105 -0.082421 -0.244777
v -0.424175 -0.082421 -0.228947
v -0.428505 -0.100737 -0.228947
v -0.427136 -0.100737 -0.210632
v -0.424791 -0.119053 -0.210632
v -0.357158 0.0091579 -0.313461
v -0.357158 -0.0091579 -0.318522
v -0.375474 -0.0091579 -0.304242
v -0.375474 -0.00720823 -0.302211
v -0.412105 -0.100737 -0.247245
v -0.412099 -0.100737 -0.247263
v -0.410285 -0.119053 -0.247263
v -0.412105 -0.119053 -0.244883
v -0.427807 -0.119053 -0.228947
v -0.428505 -0.100737 -0.228947
v -0.424791 -0.119053 -0.210632
v -0.412105 -0.082421 -0.244777
v -0.259019 -0.0091579 -0.174
v -0.247263 0.00339627 -0.174
v -0.265579 0.00577939 -0.192316
v -0.247263 -0.0091579 -0.162394
v -0.247263 -0.0274737 -0.161797
v -0.259888 -0.0274737 -0.174
v -0.265579 -0.0091579 -0.177915
v -0.280528 -0.0091579 -0.192316
v -0.23681 -0.0091579 -0.155684
v -0.283895 0.00735152 -0.210632
v -0.283895 -0.0091579 -0.194524
v -0.302103 -0.0091579 -0.210632
v -0.302211 -0.0274737 -0.199474
v -0.302211 0.00763279 -0.228947
v -0.291394 0.0091579 -0.228947
v -0.283895 0.0091579 -0.223097
v -0.283895 0.0134339 -0.228947
v -0.260691 0.0091579 -0.192316
v -0.247263 0.0091579 -0.178847
v -0.247263 0.0217932 -0.192316
v -0.242819 0.0274736 -0.192316
v -0.244539 0.0091579 -0.174
v -0.242579 0.0274736 -0.210632
v -0.247263 0.0253336 -0.210632
v -0.228947 0.0419198 -0.192316
v -0.228947 0.0386137 -0.174
v -0.219047 0.0457895 -0.192316
v -0.228947 0.0402737 -0.210632
v -0.225292 0.0457895 -0.174
v -0.228947 0.0274736 -0.163536
v -0.276619 0.0091579 -0.210632
v -0.224218 0.0274736 -0.155684
v -0.228947 0.0091579 -0.155965
v -0.283895 -0.0274737 -0.192658
v -0.265579 -0.0274737 -0.176227
v -0.302211 0.0091579 -0.23595
v -0.302211 -0.00955796 -0.210632
v -0.31468 -0.0274737 -0.210632
v -0.320526 -0.0274737 -0.212138
v -0.228565 0.0091579 -0.155684
v -0.210632 0.0091579 -0.139701
v -0.210632 0.0274736 -0.140949
v -0.206474 0.0274736 -0.137368
v -0.210632 0.00058347 -0.137368
v -0.208364 0.0091579 -0.137368
v -0.302211 -0.0091579 -0.210764
v -0.192316 0.0091579 -0.121561
v -0.192316 0.0274736 -0.125098
v -0.183518 0.0274736 -0.119053
v -0.188371 0.0091579 -0.119053
v -0.174 0.0091579 -0.106181
v -0.174 0.0274736 -0.110986
v -0.155684 0.0274736 -0.101082
v -0.155684 0.0457895 -0.109579
v -0.137368 0.0457895 -0.112162
v -0.137368 0.0423997 -0.100737
v -0.155268 0.0274736 -0.100737
v -0.119053 0.0457559 -0.119053
v -0.119053 0.0433713 -0.100737
v -0.100737 0.0456722 -0.100737
v -0.100737 0.0422687 -0.082421
v -0.082421 0.0436385 -0.082421
v -0.100737 0.0274736 -0.0688171
v -0.119053 0.0274736 -0.0722262
v -0.119053 0.0091579 -0.0655538
v -0.137368 0.0091579 -0.0727733
v -0.119053 0.00742114 -0.0641053
v -0.100737 0.00854605 -0.0641053
v -0.100737 0.00454539 -0.0457895
v -0.119053 -0.0091579 -0.0478316
v -0.137368 -0.0091579 -0.0623419
v -0.137368 -0.0274737 -0.0622302
v -0.119053 -0.0274737 -0.0470812
v -0.082421 0.0274736 -0.0662241
v -0.082421 0.00760084 -0.0457895
v -0.0964012 0.0091579 -0.0641053
v -0.082421 0.000397503 -0.0274737
v -0.0641053 0.00787008 -0.0274737
v -0.0641053 -0.0066641 -0.0091579
v -0.0641053 0.0088039 -0.0457895
v -0.0614088 0.0091579 -0.0457895
v -0.082421 -0.0091579 -0.017931
v -0.0925636 -0.0091579 -0.0274737
v -0.082421 -0.0274737 -0.0135424
v -0.0968745 -0.0274737 -0.0274737
v -0.100737 -0.0274737 -0.031025
v -0.100737 -0.0091579 -0.0316055
v -0.0662475 -0.0091579 -0.0091579
v -0.082421 0.0091579 -0.0529632
v -0.130741 0.0274736 -0.082421
v -0.137368 0.0206808 -0.082421
v -0.147308 0.0091579 -0.082421
v -0.0641053 0.0338128 -0.0641053
v -0.0729691 0.0274736 -0.0641053
v -0.0641053 0.0274736 -0.048564
v -0.0457895 0.04259 -0.0641053
v -0.0641053 0.0444254 -0.082421
v -0.0555499 0.0091579 -0.0274737
v -0.119053 0.0375509 -0.082421
v -0.192316 -0.0091579 -0.117341
v -0.174 -0.0091579 -0.100789
v -0.192316 -0.0274737 -0.117362
v -0.174 -0.00950891 -0.100737
v -0.181204 -0.0274737 -0.100737
v -0.174 -0.0274737 -0.093519
v -0.166886 0.0091579 -0.100737
v -0.139139 -0.0091579 -0.0641053
v -0.139242 -0.0274737 -0.0641053
v -0.155684 -0.0274737 -0.0730493
v -0.155684 -0.0091579 -0.0734996
v -0.164589 -0.0091579 -0.082421
v -0.165061 -0.0274737 -0.082421
v -0.155684 8.04067e-05 -0.082421
v -0.155684 0.0264536 -0.100737
v -0.119406 0.0457895 -0.119053
v -0.137368 0.0558472 -0.119053
v -0.155684 0.0641053 -0.114317
v -0.147624 0.0641053 -0.119053
v -0.155684 0.0709277 -0.119053
v -0.194027 -0.0091579 -0.119053
v -0.194015 -0.0274737 -0.119053
v -0.173961 -0.0091579 -0.100737
v -0.320526 -0.0091579 -0.218903
v -0.192316 -0.00623709 -0.119053
v -0.302211 0.0166965 -0.247263
v -0.283895 0.0168297 -0.247263
v -0.265579 0.0214705 -0.228947
v -0.265579 0.0091579 -0.200617
v -0.236911 0.0274736 -0.174
v -0.082421 0.0225208 -0.0641053
v -0.0641053 0.0091579 -0.0472082
v -0.0638095 0.0274736 -0.0457895
v -0.28309 -0.0274737 -0.192316
v -0.265579 0.0181721 -0.210632
v -0.320526 0.0091579 -0.240035
v -0.320526 0.0162415 -0.247263
v -0.338842 0.0091579 -0.242342
v -0.338842 0.0140707 -0.247263
v -0.345663 0.0091579 -0.247263
v -0.357158 -0.0091579 -0.2381
v -0.357158 0.0091579 -0.250178
v -0.357158 0.0231953 -0.265579
v -0.375474 0.0091579 -0.255195
v -0.375474 0.0195747 -0.265579
v -0.385934 0.0091579 -0.265579
v -0.389597 0.0091579 -0.283895
v -0.375474 0.0231494 -0.283895
v -0.375474 -0.0091579 -0.249287
v -0.338842 0.0240215 -0.265579
v -0.338842 -0.0091579 -0.230418
v -0.320526 0.0206208 -0.265579
v -0.137368 -0.00737894 -0.0641053
v -0.0766319 -0.0274737 -0.0091579
v -0.0641053 -0.0274737 0.00326318
v -0.320526 0.00102115 -0.228947
v -0.114827 -0.0091579 -0.0457895
v -0.116398 -0.0274737 -0.0457895
v -0.338842 -0.0274737 -0.216516
v -0.338842 -0.0457895 -0.212788
v -0.357158 -0.0457895 -0.216166
v -0.355511 -0.0274737 -0.228947
v -0.357158 -0.0289998 -0.228947
v -0.375474 -0.0457895 -0.224944
v -0.375474 -0.0641053 -0.212911
v -0.393789 -0.0641053 -0.215117
v -0.380254 -0.0457895 -0.228947
v -0.393789 -0.0496676 -0.228947
v -0.393789 -0.0457895 -0.23599
v -0.403996 -0.0457895 -0.247263
v -0.393789 -0.035607 -0.247263
v -0.407571 -0.0641053 -0.228947
v -0.393789 -0.0735962 -0.210632
v -0.412105 -0.0702838 -0.228947
v -0.411044 -0.082421 -0.210632
v -0.412105 -0.082421 -0.211143
v -0.412105 -0.0826483 -0.210632
v -0.412105 -0.100737 -0.195798
v -0.424175 -0.082421 -0.228947
v -0.393789 -0.082421 -0.202088
v -0.427136 -0.100737 -0.210632
v -0.391159 -0.0091579 -0.265579
v -0.375474 -0.0418094 -0.228947
v -0.375474 -0.0274737 -0.235042
v -0.357158 -0.0274737 -0.229531
v -0.387674 -0.0274737 -0.247263
v -0.357158 0.0021618 -0.247263
v -0.412105 -0.119053 -0.198183
v -0.424791 -0.119053 -0.210632
v -0.367731 -0.0091579 -0.247263
v -0.357158 0.0256574 -0.283895
v -0.137368 0.0274736 -0.0854056
v -0.333253 -0.0091579 -0.228947
v -0.338842 -0.0128542 -0.228947
v -0.375474 -0.0140998 -0.247263
v -0.0641053 -0.0091579 -0.0069043
v -0.155684 0.0091579 -0.0899993
v -0.338842 -0.0274737 -0.216516
v -0.338842 -0.0128542 -0.228947
v -0.355511 -0.0274737 -0.228947
v -0.357158 -0.0274737 -0.229531
v -0.338842 -0.0091579 -0.230418
v -0.357158 -0.0091579 -0.2381
v -0.375474 -0.0274737 -0.235042
v -0.367731 -0.0091579 -0.247263
v -0.375474 -0.0140998 -0.247263
v -0.357158 -0.0289998 -0.228947
v -0.265579 0.0181721 -0.210632
v -0.247263 0.0253336 -0.210632
v -0.265579 0.0214705 -0.228947
v -0.392828 -0.0274737 -0.265579
v -0.393789 -0.035607 -0.247263
v -0.387674 -0.0274737 -0.247263
v -0.391159 -0.0091579 -0.265579
v -0.375474 -0.0140998 -0.247263
v -0.228947 0.00758469 -0.155684
v -0.244539 0.0091579 -0.174
v -0.247263 0.00339627 -0.174
v -0.23681 -0.0091579 -0.155684
v -0.228947 -0.0091579 -0.147831
v -0.217124 -0.0091579 -0.137368
v -0.210632 0.00058347 -0.137368
v -0.210632 -0.0091579 -0.130873
v -0.194027 -0.0091579 -0.119053
v -0.192316 -0.00623709 -0.119053
v -0.228565 0.0091579 -0.155684
v -0.228947 0.0091579 -0.155965
v -0.236911 0.0274736 -0.174
v -0.155684 0.0091579 -0.0899993
v -0.166886 0.0091579 -0.100737
v -0.155684 8.04067e-05 -0.082421
v -0.164589 -0.0091579 -0.082421
v -0.147308 0.0091579 -0.082421
v -0.173961 -0.0091579 -0.100737
v -0.137368 -0.00737894 -0.0641053
v -0.137368 0.0091579 -0.0727733
v -0.119053 0.00742114 -0.0641053
v -0.137368 -0.0091579 -0.0623419
v -0.137368 0.0206808 -0.082421
v -0.137368 0.0274736 -0.0854056
v -0.155268 0.0274736 -0.100737
v -0.155684 0.0264536 -0.100737
v -0.100737 0.00854605 -0.0641053
v -0.100737 0.0091579 -0.0647452
v -0.119053 0.0091579 -0.0655538
v -0.100737 0.0274736 -0.0688171
v -0.082421 0.0274736 -0.0662241
v -0.0964012 0.0091579 -0.0641053
v -0.082421 0.0225208 -0.0641053
v -0.082421 0.0225208 -0.0641053
v -0.082421 0.0091579 -0.0529632
v -0.0729691 0.0274736 -0.0641053
v -0.0641053 0.0274736 -0.048564
v -0.0641053 0.0091579 -0.0472082
v -0.165061 -0.0274737 -0.082421
v -0.173961 -0.0091579 -0.100737
v -0.174 -0.0274737 -0.093519
v -0.357158 -0.082421 -0.216107
v -0.375474 -0.100737 -0.2108
v -0.358361 -0.100737 -0.228947
v -0.360935 -0.119053 -0.228947
v -0.357838 -0.100737 -0.247263
v -0.375474 -0.082421 -0.21068
v -0.357158 -0.0641053 -0.213797
v -0.338842 -0.0641053 -0.218611
v -0.34422 -0.082421 -0.228947
v -0.338842 -0.0457895 -0.212788
v -0.320526 -0.0457895 -0.212427
v -0.375474 -0.0641053 -0.212911
v -0.357158 -0.0457895 -0.216166
v -0.325056 -0.0641053 -0.228947
v -0.393789 -0.0641053 -0.215117
v -0.375474 -0.119053 -0.212909
v -0.375474 -0.133698 -0.228947
v -0.379749 -0.119053 -0.210632
v -0.320526 -0.0274737 -0.212138
v -0.302211 -0.0457895 -0.210787
v -0.320526 -0.0631455 -0.228947
v -0.338842 -0.0747656 -0.228947
v -0.357158 -0.0954617 -0.228947
v -0.393789 -0.130803 -0.210632
v -0.376358 -0.082421 -0.210632
v -0.393789 -0.0735962 -0.210632
v -0.393789 -0.082421 -0.202088
v -0.357158 -0.100249 -0.247263
v -0.393789 -0.119053 -0.198921
v -0.412105 -0.131631 -0.210632
v -0.412105 -0.119053 -0.198183
v -0.393789 -0.100737 -0.195521
v -0.320526 -0.0641053 -0.231725
v -0.320526 -0.0770808 -0.247263
v -0.338842 -0.0818994 -0.247263
v -0.306207 -0.0641053 -0.247263
v -0.37593 -0.100737 -0.210632
v -0.412105 -0.100737 -0.195798
v -0.379749 -0.119053 -0.210632
v -0.375474 -0.100737 -0.2108
v -0.37593 -0.100737 -0.210632
v -0.375474 -0.082421 -0.21068
v -0.376358 -0.082421 -0.210632
v -0.393789 -0.082421 -0.202088
v -0.393789 -0.100737 -0.195521
v -0.412105 -0.100737 -0.195798
v -0.338842 -0.0747656 -0.228947
v -0.34422 -0.082421 -0.228947
v -0.339801 -0.082421 -0.247263
v -0.357158 -0.0954617 -0.228947
v -0.357158 -0.100249 -0.247263
v -0.338842 -0.0818994 -0.247263
v -0.155684 0.153168 0.137368
v -0.174 0.137368 0.151588
v -0.155684 0.137368 0.152715
v -0.137368 0.153 0.137368
v -0.174 0.151331 0.137368
v -0.192316 0.137368 0.141937
v -0.192316 0.141075 0.137368
v -0.137368 0.137368 0.15154
v -0.119053 0.148325 0.137368
v -0.119053 0.137368 0.147309
v -0.10699 0.137368 0.137368
v -0.119053 0.155684 0.130297
v -0.130174 0.155684 0.119053
v -0.119053 0.165993 0.119053
v -0.100737 0.171555 0.119053
v -0.100737 0.155684 0.13502
v -0.082421 0.17334 0.119053
v -0.082421 0.155684 0.136796
v -0.0641053 0.171911 0.137368
v -0.0641053 0.173574 0.119053
v -0.0457895 0.172778 0.137368
v -0.0641053 0.155684 0.15362
v -0.0484106 0.174 0.119053
v -0.0457895 0.174 0.121737
v -0.0457895 0.155684 0.154413
v -0.100737 0.137368 0.137015
v -0.0274737 0.173752 0.137368
v -0.0457895 0.176552 0.119053
v -0.196025 0.137368 0.137368
v -0.0274737 0.181356 0.119053
v -0.0805929 0.155684 0.137368
v -0.0274737 0.155684 0.155207
v -0.0091579 0.17381 0.137368
v -0.0091579 0.155684 0.155485
v 0.000708997 0.174 0.137368
v 0.00195342 0.174 0.119053
v 0.0091579 0.179913 0.137368
v 0.0091579 0.174 0.143382
v -0.0091579 0.173748 0.119053
v 0.0091579 0.178855 0.119053
v -0.0274737 0.174 0.129737
v 0.0091579 0.174 0.114189
v -0.082421 0.151985 0.137368
v -0.097923 0.137368 0.137368
v -0.082421 0.137368 0.151626
v -0.0174457 0.174 0.119053
v 0.0274736 0.188684 0.137368
v 0.0274736 0.187061 0.119053
v 0.0457895 0.190936 0.137368
v 0.0457895 0.1897 0.119053
v 0.0641053 0.191554 0.137368
v 0.0641053 0.191204 0.119053
v 0.082421 0.191746 0.137368
v 0.082421 0.191698 0.119053
v 0.100737 0.19192 0.137368
v 0.100737 0.188814 0.155684
v 0.119053 0.188124 0.155684
v 0.119053 0.191605 0.137368
v 0.100737 0.174 0.170607
v 0.119053 0.174 0.169827
v 0.082421 0.174 0.168476
v 0.100737 0.191782 0.119053
v 0.119053 0.191272 0.119053
v 0.137368 0.190347 0.137368
v 0.137368 0.188457 0.119053
v 0.155684 0.186034 0.137368
v 0.137368 0.17952 0.155684
v 0.147697 0.174 0.155684
v 0.155684 0.174 0.152975
v 0.173686 0.174 0.137368
v 0.174 0.17397 0.137368
v 0.174 0.171669 0.119053
v 0.192316 0.173791 0.137368
v 0.192316 0.172711 0.155684
v 0.210632 0.172205 0.155684
v 0.210632 0.173717 0.137368
v 0.210632 0.172619 0.174
v 0.192316 0.172182 0.174
v 0.210632 0.170828 0.192316
v 0.192316 0.166463 0.192316
v 0.228947 0.171144 0.174
v 0.174 0.17194 0.174
v 0.228947 0.173112 0.155684
v 0.174 0.173273 0.155684
v 0.174 0.155684 0.192145
v 0.192316 0.173343 0.119053
v 0.15674 0.174 0.119053
v 0.155684 0.164849 0.100737
v 0.155684 0.155684 0.19048
v 0.192316 0.155684 0.203104
v 0.210632 0.155684 0.207506
v 0.155684 0.172222 0.174
v 0.137368 0.155684 0.185525
v 0.137368 0.167378 0.174
v 0.228947 0.161062 0.192316
v 0.123225 0.155684 0.174
v 0.119053 0.137368 0.184706
v 0.210632 0.153179 0.210632
v 0.192316 0.152063 0.210632
v 0.192316 0.137368 0.225259
v 0.177348 0.137368 0.210632
v 0.174 0.15562 0.192316
v 0.174 0.137368 0.209846
v 0.156171 0.137368 0.192316
v 0.210632 0.137368 0.226407
v 0.228947 0.147984 0.210632
v 0.228947 0.137368 0.221194
v 0.239898 0.137368 0.210632
v 0.247263 0.130576 0.210632
v 0.247263 0.119053 0.221874
v 0.265579 0.135246 0.210632
v 0.247263 0.137368 0.208552
v 0.265579 0.119053 0.226777
v 0.28217 0.119053 0.210632
v 0.174864 0.155684 0.192316
v 0.228947 0.173089 0.137368
v 0.247263 0.170949 0.155684
v 0.247263 0.172707 0.137368
v 0.228947 0.173402 0.119053
v 0.247263 0.173227 0.119053
v 0.265579 0.172093 0.137368
v 0.228947 0.170727 0.100737
v 0.247263 0.171973 0.100737
v 0.210632 0.171697 0.100737
v 0.265579 0.172865 0.119053
v 0.265579 0.172331 0.155684
v 0.265579 0.16609 0.100737
v 0.283895 0.166963 0.137368
v 0.210632 0.173604 0.119053
v 0.283895 0.157917 0.155684
v 0.174 0.17316 0.100737
v 0.155684 0.173841 0.155684
v 0.137368 0.174 0.161333
v 0.265579 0.137368 0.209408
v 0.283895 0.119053 0.20937
v 0.283895 0.137368 0.200439
v 0.283895 0.145498 0.192316
v 0.291961 0.137368 0.192316
v 0.265579 0.154464 0.192316
v 0.247263 0.15352 0.192316
v 0.234511 0.155684 0.192316
v 0.247263 0.155684 0.185478
v 0.265579 0.155684 0.188672
v 0.283895 0.153902 0.174
v 0.282085 0.155684 0.174
v 0.192316 0.1732 0.100737
v 0.082421 0.186746 0.155684
v 0.0641053 0.174 0.164307
v 0.0641053 0.182378 0.155684
v 0.0457895 0.174 0.154841
v 0.265579 0.170471 0.174
v 0.155684 0.162835 0.082421
v 0.148008 0.155684 0.082421
v 0.174 0.165982 0.082421
v 0.174 0.166815 0.0641053
v 0.192316 0.166094 0.0641053
v 0.189092 0.155684 0.082421
v 0.192316 0.155684 0.0792705
v 0.20458 0.155684 0.0641053
v 0.0534468 0.174 0.155684
v 0.0457895 0.155684 0.17223
v 0.228947 0.155684 0.197762
v 0.0457895 0.172861 0.155684
v 0.0274736 0.155684 0.169416
v 0.0274736 0.169487 0.155684
v 0.0274736 0.174 0.152136
v 0.247263 0.167258 0.174
v -0.0805929 0.155684 0.137368
v -0.082421 0.155684 0.136796
v -0.082421 0.151985 0.137368
v -0.082421 0.137368 0.151626
v 0.0457895 0.172861 0.155684
v 0.0457895 0.174 0.154841
v 0.0274736 0.174 0.152136
v 0.137368 0.174 0.161333
v 0.119053 0.155684 0.173676
v 0.137368 0.167378 0.174
v 0.119053 0.174 0.169827
v 0.247263 0.167258 0.174
v 0.228947 0.161062 0.192316
v 0.234511 0.155684 0.192316
v 0.228947 0.155684 0.197762
v -0.119053 0.148325 0.137368
v -0.130174 0.155684 0.119053
v -0.137368 0.137368 0.119127
v -0.452253 0.100737 -0.0641053
v -0.455438 0.082421 -0.082421
v -0.448737 0.100737 -0.0704366
v -0.448737 0.0888751 -0.082421
v -0.46176 0.082421 -0.100737
v -0.467053 0.0708069 -0.082421
v -0.467053 0.0770968 -0.100737
v -0.448737 0.119053 -0.0661953
v -0.46703 0.082421 -0.0641053
v -0.467053 0.082421 -0.106099
v -0.436414 0.100737 -0.082421
v -0.467053 0.100737 -0.0491565
v -0.448737 0.0847437 -0.100737
v -0.467053 0.082421 -0.064081
v -0.485368 0.082421 -0.0495318
v -0.485368 0.0677631 -0.0641053
v -0.467053 0.0823979 -0.0641053
v -0.485368 0.0660172 -0.082421
v -0.430994 0.119053 -0.082421
v -0.430421 0.119053 -0.0828316
v -0.467053 0.0858049 -0.119053
v -0.448737 0.0885963 -0.119053
v -0.448737 0.0999654 -0.137368
v -0.447801 0.100737 -0.137368
v -0.43127 0.100737 -0.119053
v -0.448737 0.100737 -0.13814
v -0.430421 0.100737 -0.0969965
v -0.412105 0.119053 -0.0851423
v -0.426618 0.100737 -0.100737
v -0.412105 0.103729 -0.100737
v -0.430421 0.0973747 -0.100737
v -0.467053 0.0823979 -0.0641053
v -0.455438 0.082421 -0.082421
v -0.46703 0.082421 -0.0641053
v -0.467053 0.0708069 -0.082421
v -0.485368 0.0660172 -0.082421
v -0.430421 0.100737 -0.113669
v -0.426618 0.100737 -0.100737
v -0.430421 0.0973747 -0.100737
v -0.43127 0.100737 -0.119053
v 0.212199 0.0641053 -0.0091579
v 0.228947 0.0641053 -0.0188214
v 0.210632 0.0457895 -0.0202196
v 0.228947 0.0743037 -0.0091579
v 0.228947 0.082421 -0.00782406
v 0.210632 0.0641053 -0.00897765
v 0.247263 0.0641053 0.00146794
v 0.247263 0.082421 -0.00168031
v 0.258108 0.082421 0.0091579
v 0.255157 0.0641053 0.0091579
v 0.265579 0.0457895 -0.0072118
v 0.228947 0.100737 -0.00388575
v 0.238618 0.0641053 -0.0091579
v 0.244266 0.100737 0.0091579
v 0.228947 0.116596 0.0091579
v 0.210632 0.082421 -0.00834608
v 0.265579 0.0641053 0.010773
v 0.265579 0.082421 0.0119197
v 0.283895 0.082421 0.0173229
v 0.283895 0.0641053 0.00941455
v 0.294043 0.082421 0.0274736
v 0.301965 0.0641053 0.0274736
v 0.225436 0.119053 0.0091579
v 0.228947 0.119053 0.00995058
v 0.228947 0.136568 0.0274736
v 0.247263 0.119053 0.0172234
v 0.247263 0.129272 0.0274736
v 0.247263 0.137249 0.0457895
v 0.257824 0.119053 0.0274736
v 0.22404 0.137368 0.0274736
v 0.228947 0.137368 0.028657
v 0.210632 0.130314 0.0091579
v 0.210632 0.137368 0.0181165
v 0.192316 0.134646 0.0091579
v 0.192316 0.137368 0.0190219
v 0.265579 0.135794 0.0457895
v 0.192316 0.145149 0.0274736
v 0.174 0.139989 0.0274736
v 0.210632 0.119053 -0.00213325
v 0.174 0.134022 0.0091579
v 0.174 0.137368 0.024715
v 0.247263 0.0961685 0.0091579
v 0.210632 0.146712 0.0274736
v 0.265579 0.137368 0.048011
v 0.265579 0.0623062 0.0091579
v 0.265579 0.100737 0.0126035
v 0.265579 0.119053 0.0291662
v 0.246796 0.137368 0.0457895
v 0.210632 0.0629747 -0.0091579
v 0.247263 0.137368 0.0459901
v 0.247263 0.15444 0.0641053
v 0.265579 0.153118 0.0641053
v 0.192316 0.119053 -0.00635695
v 0.228947 0.152941 0.0457895
v 0.174 0.119053 -0.00853914
v 0.155684 0.13416 0.0091579
v 0.155684 0.119053 -0.00804836
v 0.137368 0.135446 -0.0091579
v 0.155029 0.119053 -0.0091579
v 0.155684 0.11661 -0.0091579
v 0.174 0.116708 -0.0091579
v 0.174 0.100737 -0.0184414
v 0.192316 0.100737 -0.0144917
v 0.174 0.082421 -0.0215629
v 0.155684 0.082421 -0.0260663
v 0.155684 0.0641053 -0.0273113
v 0.154946 0.082421 -0.0274737
v 0.174 0.0641053 -0.0269695
v 0.192316 0.082421 -0.0154784
v 0.155684 0.100737 -0.0221894
v 0.155576 0.0641053 -0.0274737
v 0.142417 0.082421 -0.0457895
v 0.138631 0.0641053 -0.0457895
v 0.154903 0.0457895 -0.0457895
v 0.155684 0.0457895 -0.0443769
v 0.155684 0.0638251 -0.0274737
v 0.137368 0.0457895 -0.0631225
v 0.137368 0.0641053 -0.0470555
v 0.132588 0.0641053 -0.0641053
v 0.119053 0.0791209 -0.0641053
v 0.119053 0.082421 -0.063181
v 0.118358 0.082421 -0.0641053
v 0.119053 0.0641053 -0.0777644
v 0.137368 0.082421 -0.050871
v 0.192316 0.0641053 -0.0225459
v 0.209956 0.0641053 -0.0091579
v 0.192316 0.106606 -0.0091579
v 0.199291 0.100737 -0.0091579
v 0.265579 0.115833 0.0274736
v 0.210632 0.100737 -0.00872838
v 0.137368 0.0918189 -0.0457895
v 0.136675 0.100737 -0.0457895
v 0.137368 0.100737 -0.0447792
v 0.153734 0.100737 -0.0274737
v 0.282606 0.0457895 0.0091579
v 0.283895 0.0457895 0.010002
v 0.20155 0.082421 -0.0091579
v 0.247263 0.100737 0.00993145
v 0.199291 0.100737 -0.0091579
v 0.210632 0.082421 -0.00834608
v 0.20155 0.082421 -0.0091579
v 0.210632 0.100737 -0.00872838
v 0.209956 0.0641053 -0.0091579
v 0.192316 0.0641053 -0.0225459
v 0.20155 0.082421 -0.0091579
v 0.210632 0.0457895 -0.0202196
v 0.265579 0.0641053 0.010773
v 0.283895 0.0457895 0.010002
v 0.265579 0.0623062 0.0091579
v 0.246796 0.137368 0.0457895
v 0.228947 0.152941 0.0457895
v 0.247263 0.137368 0.0459901
v -0.21674 0.082421 -0.137368
v -0.217643 0.0641053 -0.119053
v -0.228947 0.082421 -0.12911
v -0.228947 0.0752535 -0.119053
v -0.239792 0.082421 -0.119053
v -0.247263 0.082421 -0.112419
v -0.247263 0.100737 -0.130618
v -0.210632 0.0641053 -0.105469
v -0.210632 0.0570802 -0.119053
v -0.210632 0.0659215 -0.100737
v -0.228947 0.0697129 -0.100737
v -0.228947 0.0675512 -0.082421
v -0.219761 0.0641053 -0.082421
v -0.227243 0.0641053 -0.0641053
v -0.210632 0.0641053 -0.0967165
v -0.210632 0.0565798 -0.082421
v -0.247263 0.07484 -0.100737
v -0.228947 0.0668832 -0.0641053
v -0.247263 0.0861123 -0.119053
v -0.224955 0.0641053 -0.0457895
v -0.228947 0.0653483 -0.0457895
v -0.222624 0.0641053 -0.0274737
v -0.210632 0.0525582 -0.0457895
v -0.210632 0.0526926 -0.0274737
v -0.201282 0.0457895 -0.0274737
v -0.228947 0.0693833 -0.0274737
v -0.247263 0.0749283 -0.0457895
v -0.20204 0.0457895 -0.0457895
v -0.192316 0.0367916 -0.0457895
v -0.192316 0.0372035 -0.0274737
v -0.192316 0.0468372 -0.0641053
v -0.247263 0.0731487 -0.0641053
v -0.255439 0.082421 -0.0457895
v -0.262433 0.082421 -0.0641053
v -0.265579 0.0804444 -0.082421
v -0.265579 0.082421 -0.0757148
v -0.26809 0.082421 -0.082421
v -0.265579 0.082421 -0.0865484
v -0.265579 0.08342 -0.100737
v -0.283895 0.0841727 -0.082421
v -0.210632 0.0491043 -0.0641053
v -0.265579 0.100737 -0.126006
v -0.247263 0.119053 -0.134815
v -0.228947 0.119053 -0.134068
v -0.265579 0.119053 -0.135522
v -0.283895 0.119053 -0.132321
v -0.265579 0.0937745 -0.119053
v -0.265579 0.137368 -0.136353
v -0.247263 0.137368 -0.134666
v -0.283895 0.137368 -0.134142
v -0.302211 0.119053 -0.135531
v -0.283895 0.102224 -0.119053
v -0.302211 0.137368 -0.137172
v -0.302211 0.101528 -0.119053
v -0.320526 0.119053 -0.136075
v -0.320526 0.102699 -0.119053
v -0.338842 0.119053 -0.136875
v -0.338842 0.102944 -0.119053
v -0.344363 0.119053 -0.137368
v -0.338842 0.120404 -0.137368
v -0.357158 0.119053 -0.142883
v -0.338842 0.137368 -0.150152
v -0.357158 0.137368 -0.154547
v -0.375474 0.119053 -0.148516
v -0.359785 0.137368 -0.155684
v -0.375474 0.123142 -0.155684
v -0.375474 0.137368 -0.169328
v -0.393789 0.137368 -0.173724
v -0.393789 0.119454 -0.155684
v -0.394414 0.137368 -0.174
v -0.393789 0.143064 -0.174
v -0.388317 0.155684 -0.174
v -0.412105 0.137368 -0.190185
v -0.393789 0.155684 -0.17963
v -0.412105 0.121651 -0.174
v -0.393789 0.119053 -0.153754
v -0.338842 0.100924 -0.100737
v -0.335989 0.100737 -0.100737
v -0.357158 0.103016 -0.119053
v -0.357158 0.113566 -0.137368
v -0.320526 0.124372 -0.137368
v -0.320526 0.137368 -0.146664
v -0.357158 0.102478 -0.100737
v -0.375474 0.102931 -0.119053
v -0.375474 0.103774 -0.100737
v -0.393789 0.102612 -0.119053
v -0.393789 0.106194 -0.137368
v -0.393789 0.103274 -0.100737
v -0.412105 0.102072 -0.119053
v -0.412105 0.103729 -0.100737
v -0.430421 0.10085 -0.119053
v -0.430421 0.10282 -0.137368
v -0.447801 0.100737 -0.137368
v -0.448737 0.100737 -0.13814
v -0.448737 0.105136 -0.155684
v -0.430421 0.105128 -0.155684
v -0.448737 0.119053 -0.169738
v -0.430421 0.119053 -0.172096
v -0.412105 0.11231 -0.155684
v -0.448737 0.137368 -0.173906
v -0.430421 0.119553 -0.174
v -0.430421 0.100737 -0.113669
v -0.426618 0.100737 -0.100737
v -0.412105 0.104693 -0.137368
v -0.43127 0.100737 -0.119053
v -0.338842 0.102638 -0.082421
v -0.320526 0.100737 -0.112247
v -0.320526 0.0910622 -0.100737
v -0.302211 0.0865253 -0.100737
v -0.302211 0.0864384 -0.082421
v -0.320526 0.0926036 -0.082421
v -0.329565 0.100737 -0.082421
v -0.279134 0.100737 -0.119053
v -0.302211 0.100737 -0.117613
v -0.448615 0.137368 -0.174
v -0.412105 0.155684 -0.191127
v -0.375474 0.108736 -0.137368
v -0.303801 0.137368 -0.137368
v -0.399738 0.119053 -0.155684
v -0.247263 0.071926 -0.082421
v -0.430421 0.137368 -0.191349
v -0.283895 0.100737 -0.118309
v -0.258788 0.082421 -0.100737
v -0.258788 0.082421 -0.100737
v -0.247263 0.07484 -0.100737
v -0.265579 0.082421 -0.0865484
v -0.265579 0.0804444 -0.082421
v -0.247263 0.071926 -0.082421
v -0.265579 0.08342 -0.100737
v -0.247263 0.0861123 -0.119053
v -0.258788 0.082421 -0.100737
v -0.265579 0.0937745 -0.119053
v -0.283895 0.0853875 -0.100737
v -0.283895 0.100737 -0.118309
v -0.283895 0.0841727 -0.082421
v -0.302211 0.0865253 -0.100737
v -0.302211 0.0864384 -0.082421
v -0.302211 0.100737 -0.117613
v -0.283895 0.0859209 -0.0641053
v -0.265579 0.0828949 -0.0641053
v -0.265579 0.082421 -0.0757148
v -0.265579 0.0865036 -0.0457895
v -0.255439 0.082421 -0.0457895
v -0.262433 0.082421 -0.0641053
v -0.393789 0.119053 -0.153754
v -0.375474 0.108736 -0.137368
v -0.393789 0.106194 -0.137368
v -0.399738 0.119053 -0.155684
v -0.412105 0.11231 -0.155684
v -0.412105 0.104693 -0.137368
v -0.393789 0.119454 -0.155684
v -0.412105 0.119053 -0.162895
v -0.430421 0.119053 -0.172096
v -0.412105 0.121651 -0.174
v -0.430421 0.119553 -0.174
v -0.430421 0.137368 -0.191349
v -0.283895 0.100737 -0.118309
v -0.283895 0.102224 -0.119053
v -0.279134 0.100737 -0.119053
v -0.0937949 -0.210632 -0.119053
v -0.100737 -0.210632 -0.109274
v -0.100737 -0.217504 -0.119053
v -0.100737 -0.203909 -0.119053
v -0.100737 -0.210632 -0.109274
v -0.0937949 -0.210632 -0.119053
v -0.100737 -0.210632 -0.109274
v -0.107483 -0.210632 -0.119053
v -0.100737 -0.217504 -0.119053
v -0.100737 -0.210632 -0.109274
v -0.100737 -0.203909 -0.119053
v -0.107483 -0.210632 -0.119053
v -0.100737 -0.210632 -0.125835
v -0.0937949 -0.210632 -0.119053
v -0.100737 -0.217504 -0.119053
v -0.100737 -0.210632 -0.125835
v -0.100737 -0.203909 -0.119053
v -0.0937949 -0.210632 -0.119053
v -0.100737 -0.217504 -0.119053
v -0.107483 -0.210632 -0.119053
v -0.100737 -0.210632 -0.125835
v -0.107483 -0.210632 -0.119053
v -0.100737 -0.203909 -0.119053
v -0.100737 -0.210632 -0.125835
v -0.082421 -0.192316 -0.114959
v -0.0641053 -0.202986 -0.100737
v -0.082421 -0.205976 -0.100737
v -0.0641053 -0.192316 -0.111618
v -0.0532492 -0.192316 -0.100737
v -0.0957966 -0.192316 -0.100737
v -0.082421 -0.192316 -0.114959
v -0.082421 -0.17893 -0.100737
v -0.0641053 -0.192316 -0.111618
v -0.0641053 -0.177088 -0.100737
v -0.0532492 -0.192316 -0.100737
v -0.0957966 -0.192316 -0.100737
v -0.082421 -0.205976 -0.100737
v -0.0641053 -0.192316 -0.0896614
v -0.082421 -0.192316 -0.0872666
v -0.0641053 -0.202986 -0.100737
v -0.0532492 -0.192316 -0.100737
v -0.0957966 -0.192316 -0.100737
v -0.082421 -0.17893 -0.100737
v -0.082421 -0.192316 -0.0872666
v -0.0641053 -0.177088 -0.100737
v -0.0641053 -0.192316 -0.0896614
v -0.0957966 -0.192316 -0.100737
v -0.0532492 -0.192316 -0.100737
vn 0.452542 -0.403736 -0.795112
vn 0.461862 -0.471288 -0.751379
vn 0.463641 -0.42527 -0.777292
vn -0.667162 0.447151 0.595777
vn -0.549155 0.471144 0.690255
vn -0.670583 0.295939 0.680249
vn 0.225642 0.914248 0.336506
vn 0.00884144 0.990525 0.137045
vn 0.0881869 0.954393 0.285231
vn -0.361905 -0.52736 0.76871
vn -0.454751 -0.406474 0.792452
vn -0.467383 -0.342234 0.815126
vn 0.545989 0.794005 -0.267304
vn 0.585327 0.785747 -0.199983
vn 0.444993 0.876707 -0.182663
vn -0.826867 0.208239 0.522424
vn -0.726871 0.165177 0.666614
vn -0.857116 0.146117 0.493966
vn -0.369437 -0.710669 -0.59872
vn -0.60013 -0.575686 -0.555364
vn -0.397114 -0.643468 -0.654408
vn -0.415197 0.442379 0.794929
vn -0.2882 0.496388 0.818865
vn -0.34746 0.41434 0.841186
vn 0.645241 -0.571874 0.50658
vn 0.564631 -0.558322 0.607839
vn 0.556668 -0.67646 0.482205
vn 0.215251 0.716319 -0.663743
vn 0.064703 0.687163 -0.723617
vn 0.346876 0.477914 -0.807016
vn 0.962921 -0.00586173 -0.269721
vn 0.84723 -0.000744839 -0.531226
vn 0.877987 0.203024 -0.433498
vn 0.832911 -0.205925 -0.513667
vn 0.807343 0.198235 -0.555788
vn 0.539866 0.184422 -0.8213
vn 0.712295 0.416147 -0.565206
vn 0.142204 -0.96835 -0.205123
vn 0.461433 -0.425609 -0.778419
vn 0.381339 -0.54887 -0.743856
vn -0.115443 0.993221 0.0135925
vn -0.218449 0.971009 0.0970682
vn -0.071201 0.976307 -0.204342
vn 0.0141974 0.942361 -0.334295
vn 0.0282746 0.999598 -0.00222527
vn 0.00273751 0.999983 -0.00523984
vn -0.07875 0.944288 0.319559
vn 0.0116993 0.941084 0.337971
vn 0.543551 -0.821743 -0.171144
vn 0.129612 -0.989111 -0.0697135
vn 0.290596 -0.835273 -0.466769
vn -0.308786 -0.436033 0.845297
vn -0.128688 -0.303385 0.944138
vn -0.512725 -0.368162 0.775609
vn 0.356922 0.722342 -0.592307
vn 0.221671 0.748659 -0.624797
vn 0.161657 0.884636 -0.437364
vn -0.636574 -0.37755 0.67248
vn -0.674514 -0.409516 0.61427
vn -0.724354 -0.439761 0.530964
vn -0.574907 -0.41891 0.702848
vn -0.484975 -0.201717 0.850946
vn -0.895598 -0.178117 0.407649
vn -0.239939 0.351255 0.905013
vn -0.0423228 0.0270782 0.998737
vn -0.199519 0.316098 0.92751
vn -0.339884 -0.527171 0.778826
vn -0.223148 -0.334654 0.915539
vn -0.363653 -0.535808 0.762014
vn -0.280479 -0.945048 0.167974
vn -0.736303 -0.434684 0.518563
vn -0.777076 -0.493831 0.390235
vn -0.29929 -0.405618 0.863655
vn -0.242389 -0.162902 0.956405
vn -0.533198 -0.180986 0.826404
vn -0.789716 0.119449 0.601731
vn -0.532334 0.114772 0.838718
vn -0.698253 0.346173 0.626584
vn -0.648477 -0.141044 0.748054
vn -0.576933 -0.133381 0.805828
vn -0.763989 0.166006 0.623509
vn -0.594612 -0.444067 0.670254
vn -0.188474 0.717185 0.670912
vn -0.28877 0.717427 0.633964
vn -0.428805 0.796751 0.425809
vn 0.322092 0.747695 -0.580696
vn 0.26738 0.759943 -0.592448
vn 0.167295 0.676218 -0.717455
vn 0.301449 0.485432 -0.820661
vn 0.197438 0.498836 -0.843908
vn 0.380193 0.665607 -0.6422
vn 0.185629 0.819715 -0.541858
vn 0.185968 0.626208 -0.757152
vn 0.138527 0.88032 -0.453704
vn 0.308066 0.736916 -0.601706
vn 0.129806 0.931958 -0.338534
vn 0.201485 0.737822 -0.644223
vn 0.297943 0.689902 -0.659746
vn 0.367655 0.687387 -0.626362
vn 0.459717 0.550352 -0.696975
vn 0.295769 0.436186 -0.84986
vn 0.423359 0.594803 -0.683357
vn 0.452203 0.646783 -0.614153
vn 0.305492 0.519294 -0.798128
vn 0.0595934 0.978284 -0.198517
vn 0.412687 0.554966 -0.722289
vn 0.110201 0.650579 -0.7514
vn 0.194255 0.575396 -0.794471
vn 0.000787334 0.517968 -0.8554
vn -0.0128622 0.742588 -0.669625
vn 0.00327561 0.7309 -0.682477
vn 0.310861 0.842579 -0.439802
vn 0.389159 0.778223 -0.492874
vn 0.489483 0.534929 -0.688664
vn 0.414119 0.710794 -0.568575
vn 0.215199 0.945263 -0.24529
vn 0.233396 0.866137 -0.441964
vn 0.501057 0.499867 -0.706453
vn 0.32036 0.528254 -0.786332
vn 0.439056 0.604823 -0.664394
vn 0.4411 0.774684 -0.453096
vn 0.433475 0.447431 -0.782244
vn 0.406627 0.723637 -0.557678
vn 0.395262 0.748312 -0.532727
vn 0.237804 0.740986 -0.628004
vn 0.345462 0.738385 -0.579175
vn 0.271746 0.904651 -0.32827
vn 0.134553 0.818129 -0.559071
vn 0.473684 0.722217 -0.50401
vn 0.31469 0.60232 -0.733608
vn 0.126456 0.569389 -0.812284
vn 0.315287 0.466404 -0.826476
vn 0.195509 0.296789 -0.934715
vn 0.366907 0.922505 -0.119851
vn 0.478912 0.192651 -0.856463
vn 0.44422 0.454414 -0.772125
vn 0.485301 0.257002 -0.835723
vn 0.582191 0.439221 -0.684206
vn 0.32225 0.354851 -0.87763
vn 0.302767 0.496825 -0.813325
vn 0.396157 0.331923 -0.856088
vn 0.294 0.520586 -0.801595
vn 0.395003 0.276676 -0.876027
vn 0.248014 0.464267 -0.850262
vn 0.2583 0.264824 -0.929058
vn 0.127696 0.178672 -0.975587
vn 0.0401213 0.478635 -0.877097
vn 0.48083 0.299369 -0.824124
vn 0.383547 0.101288 -0.91795
vn 0.157249 0.589873 -0.792037
vn 0.0932472 0.92497 -0.368423
vn 0.0217991 0.897334 -0.440814
vn 0.375308 0.379698 -0.845561
vn 0.624902 0.380032 -0.681962
vn 0.486261 0.43264 -0.759192
vn 0.430627 0.393064 -0.812441
vn 0.559983 0.156181 -0.81365
vn 0.338295 0.376543 -0.862422
vn 0.42087 0.0605204 -0.9051
vn -0.0206101 0.157243 -0.987345
vn 0.378153 0.915567 -0.136884
vn -0.0928029 0.795316 -0.599049
vn -0.0597273 0.915163 -0.398634
vn -0.33119 0.254204 -0.908677
vn 0.0509523 0.812763 -0.580362
vn 0.0369133 0.541006 -0.840208
vn 0.0872153 0.846184 -0.525706
vn 0.144464 0.531104 -0.834901
vn 0.113575 0.898816 -0.423356
vn 0.255003 0.563516 -0.785763
vn 0.310004 0.736993 -0.600616
vn 0.374168 0.509714 -0.774719
vn 0.342202 0.528693 -0.776776
vn 0.366436 -0.0270532 -0.93005
vn 0.339403 0.500903 -0.796179
vn 0.204314 -0.00234191 -0.978903
vn 0.25541 0.885367 -0.388447
vn 0.451447 0.414731 -0.790059
vn 0.146535 0.100635 -0.984073
vn 0.397307 0.770436 -0.498573
vn 0.559177 0.346369 -0.753226
vn 0.541538 0.340139 -0.768793
vn 0.427348 0.672045 -0.604756
vn 0.577826 0.152812 -0.801727
vn 0.624405 0.216681 -0.750445
vn 0.197288 0.861934 -0.467063
vn 0.259976 0.350102 -0.899912
vn -0.214042 0.844249 -0.491355
vn 0.207532 0.94409 -0.256174
vn 0.218967 -0.132297 -0.966722
vn 0.334937 -0.1999 -0.920792
vn 0.0266923 0.134599 -0.990541
vn -0.336543 0.350375 -0.874058
vn -0.203171 0.420595 -0.884207
vn -0.153354 0.828605 -0.53842
vn 0.077284 0.0959196 -0.992384
vn 0.0872809 0.966398 -0.241778
vn -0.296803 0.378776 -0.876605
vn 0.038855 0.979756 -0.196387
vn 0.163309 -0.237997 -0.957438
vn 0.23384 -0.448786 -0.862502
vn 0.18834 0.086841 -0.978257
vn 0.295777 0.447618 -0.843892
vn 0.357781 0.554172 -0.751589
vn 0.659226 0.579732 -0.478886
vn 0.710964 -0.133525 -0.690435
vn 0.500331 -0.265231 -0.82421
vn 0.0318062 -0.116835 -0.992642
vn 0.424248 -0.261386 -0.867001
vn 0.31879 -0.384168 -0.86648
vn -0.278726 0.829926 -0.483254
vn 0.321385 0.230152 -0.918554
vn 0.342882 0.169698 -0.923923
vn 0.0457384 -0.150155 -0.987604
vn 0.0642001 0.982453 -0.175111
vn 0.223973 0.00957204 -0.974548
vn -0.310255 -0.343011 -0.886614
vn 0.492747 -0.46697 -0.734261
vn -0.233556 -0.354291 -0.905499
vn -0.419254 -0.450939 -0.787959
vn -0.449516 -0.269578 0.851624
vn -0.503639 -0.179161 0.845133
vn -0.427752 0.00510402 0.903882
vn -0.159009 -0.030952 0.986792
vn -0.478077 -0.228471 0.848082
vn -0.150479 0.0483103 0.987432
vn -0.375013 0.0896556 0.922674
vn -0.434668 0.15097 0.887846
vn -0.456928 0.399298 0.794845
vn -0.264022 0.432053 0.862335
vn -0.450963 -0.478332 0.753546
vn -0.50557 -0.352942 0.787294
vn -0.665918 -0.00191561 0.746022
vn -0.638954 0.175954 0.748851
vn -0.530656 -0.152542 0.833748
vn -0.201923 -0.13917 0.969463
vn -0.691319 0.186267 0.698128
vn -0.645788 -0.286339 0.70779
vn -0.559361 -0.296983 0.773897
vn -0.437316 0.0866608 0.895123
vn -0.526275 -0.0695485 0.847466
vn -0.29222 0.411335 0.863372
vn -0.493702 0.448687 0.744942
vn -0.50296 0.448016 0.739129
vn -0.586735 0.418469 0.693272
vn -0.461379 0.390796 0.796498
vn -0.568143 0.433253 0.699646
vn -0.459629 0.455227 0.762568
vn -0.340581 0.510432 0.789597
vn -0.324082 0.541544 0.775694
vn -0.467785 0.264997 0.843181
vn -0.693533 0.320347 0.645283
vn -0.660527 -0.115826 0.741815
vn -0.623992 -0.198786 0.755724
vn -0.505312 0.180413 0.843866
vn -0.344441 0.475526 0.809466
vn -0.263616 0.558687 0.786368
vn -0.811868 0.231429 0.536014
vn -0.757673 -0.245916 0.60453
vn -0.320765 0.519164 0.792199
vn -0.463539 0.493716 0.735782
vn -0.52681 0.516832 0.674801
vn -0.370598 0.497284 0.784452
vn -0.379145 0.642575 0.665843
vn -0.458605 0.489804 0.741467
vn -0.382129 0.485991 0.785996
vn -0.273629 0.512357 0.814013
vn -0.495632 0.487856 0.718572
vn -0.315522 0.588166 0.744652
vn -0.50936 0.541328 0.668967
vn -0.59588 0.444448 0.668875
vn -0.268101 0.834372 0.481606
vn -0.259635 0.545082 0.797167
vn -0.351388 0.452526 0.819601
vn -0.287229 0.81095 0.509764
vn -0.417962 0.476846 0.773256
vn -0.43657 0.4678 0.768485
vn -0.423938 0.616992 0.663022
vn -0.515499 0.588826 0.622531
vn -0.55447 0.288281 0.780677
vn -0.481664 -0.208739 0.851133
vn -0.762928 -0.194392 0.616565
vn -0.276978 0.12243 0.953045
vn -0.389646 0.502856 0.771564
vn -0.234703 0.428473 0.87254
vn -0.264527 0.504371 0.82197
vn -0.374581 0.0294554 0.926726
vn -0.155386 -0.247697 0.956296
vn -0.11514 0.5452 0.830361
vn -0.0934327 0.289932 0.952476
vn -0.229585 0.491443 0.840104
vn -0.455825 0.629218 0.62953
vn -0.0266735 0.467968 0.883343
vn -0.0592808 0.423803 0.903813
vn -0.278711 0.460398 0.842825
vn -0.456631 0.124661 0.880879
vn -0.237228 0.8572 0.45709
vn -0.222555 0.848994 0.479248
vn -0.434393 0.658303 0.614768
vn -0.600406 0.355999 0.716084
vn -0.775037 0.142289 0.615687
vn -0.498204 0.343577 0.796082
vn -0.527106 0.0341394 0.849114
vn -0.299859 -0.0318706 0.953451
vn -0.276615 0.360957 0.890615
vn -0.528447 -0.161978 0.833371
vn -0.480102 0.356503 0.801504
vn -0.56553 0.304436 0.766482
vn -0.612491 -0.181911 0.769261
vn -0.398047 -0.165217 0.902365
vn -0.404139 0.303442 0.862899
vn -0.34746 0.41434 0.841186
vn -0.402579 0.546431 0.7344
vn -0.415197 0.442379 0.794929
vn -0.323029 0.567865 0.757088
vn -0.199621 0.739295 0.643113
vn -0.432862 0.628974 0.645772
vn -0.513392 0.362528 0.777819
vn -0.508183 -0.204339 0.836657
vn -0.356548 0.162718 0.919998
vn -0.460305 -0.321133 0.827643
vn -0.774105 -0.238991 0.586212
vn -0.315451 0.432981 0.844404
vn -0.228882 0.531437 0.81559
vn -0.2882 0.496388 0.818865
vn -0.259281 0.175792 0.949669
vn -0.396758 0.612483 0.683701
vn -0.435165 0.17492 0.883196
vn -0.308641 -0.364803 0.878442
vn -0.614408 -0.310686 0.725243
vn -0.481647 -0.398056 0.780748
vn -0.193657 0.838831 0.508783
vn -0.155062 0.927453 0.340275
vn -0.207747 0.843504 0.495319
vn -0.140669 0.930616 0.337884
vn -0.178024 0.864289 0.470437
vn -0.332662 0.688305 0.64465
vn -0.329491 0.474938 0.816009
vn -0.175566 0.50247 0.846581
vn -0.288463 0.485812 0.825092
vn -0.0625485 0.0508531 0.996746
vn -0.266549 0.0555443 0.962219
vn -0.0728845 0.482507 0.872854
vn -0.138735 0.935043 0.326262
vn -0.171011 0.931971 0.319664
vn 0.0319157 0.445524 0.894701
vn -0.0686415 0.199341 0.977523
vn -0.0856466 0.932546 0.350745
vn -0.0330247 0.0830424 0.995999
vn -0.0851834 0.507909 0.857189
vn -0.00424935 0.141783 0.989889
vn -0.0734093 0.554232 0.829119
vn 0.0326138 0.239232 0.970415
vn -0.0595728 0.567804 0.821005
vn 0.0584414 0.675851 0.734717
vn -0.116738 0.945952 0.302569
vn -0.090736 0.869776 0.485032
vn -0.0829143 0.851949 0.517018
vn -0.0531325 0.899284 0.434126
vn -0.052116 0.850111 0.524019
vn -0.185812 0.901989 0.389731
vn -0.268815 0.722417 0.637065
vn -0.269947 0.641664 0.717911
vn -0.130905 0.834657 0.534988
vn -0.179843 0.772782 0.608658
vn -0.0169112 0.930281 0.366458
vn -0.0114062 0.843963 0.536281
vn -0.0163035 0.905319 0.424418
vn 0.32631 0.394551 0.858983
vn -0.0738194 0.979958 0.185022
vn 0.0499285 0.496337 0.866693
vn 0.024312 0.475736 0.879252
vn -0.14371 0.500854 0.853518
vn 0.0461685 0.547344 0.835633
vn -0.542139 0.571059 0.616423
vn -0.125866 0.29292 0.947816
vn -0.242898 0.116672 0.96301
vn 0.0962823 0.0867971 0.991562
vn -0.297072 0.831459 0.469494
vn -0.0245771 0.548262 0.835945
vn -0.123416 0.63022 0.766545
vn -0.43419 0.804277 0.405732
vn -0.420112 0.898048 0.130448
vn -0.0822061 0.909103 0.40838
vn -0.00429204 0.895807 0.444422
vn 0.0320229 0.899644 0.435448
vn -0.0724885 0.161465 0.984213
vn -0.232405 0.0315307 0.972108
vn -0.19798 -0.276975 0.94026
vn -0.522391 -0.154918 0.838516
vn -0.513746 -0.0465216 0.85668
vn -0.0100663 -0.27583 0.961154
vn -0.0265099 0.0260081 0.99931
vn -0.649197 0.278265 0.707892
vn -0.75985 -0.0261358 0.649573
vn -0.261738 -0.0980932 0.960141
vn -0.486511 -0.288059 0.82482
vn 0.0630004 0.890155 0.451281
vn 0.0125632 0.909688 0.415103
vn -0.213638 0.0281804 0.976506
vn -0.53573 -0.0226519 0.844085
vn -0.525503 0.11354 0.843182
vn -0.714895 -0.00528993 0.699212
vn -0.478323 0.158679 0.863729
vn -0.400813 0.0475037 0.914927
vn -0.147022 -0.019078 0.988949
vn -0.648654 -0.0229166 0.760738
vn -0.863398 0.0713402 0.499455
vn 0.0284886 -0.259367 0.965359
vn -0.794818 0.229422 0.561809
vn -0.0423228 0.0270782 0.998737
vn -0.42997 -0.287194 0.855947
vn -0.579396 -0.227203 0.782738
vn -0.199519 0.316098 0.92751
vn -0.681793 -0.0489458 0.729906
vn -0.491563 0.0227959 0.870544
vn -0.239939 0.351255 0.905013
vn -0.324814 0.323243 0.888825
vn -0.0596478 0.0600679 0.996411
vn -0.0349788 0.177289 0.983537
vn -0.0279896 0.125341 0.991719
vn -0.0667696 0.291847 0.954132
vn 0.24793 0.545701 0.800463
vn -0.461507 0.342961 0.818162
vn -0.308443 -0.198309 0.930342
vn -0.407578 -0.359894 0.839259
vn 0.0906762 -0.0431064 0.994947
vn -0.689345 -0.151264 0.708465
vn -0.28057 -0.33975 0.897692
vn -0.0859679 -0.445856 0.890967
vn 0.425351 -0.227185 0.87605
vn 0.0595039 -0.41909 0.905993
vn -0.018171 -0.426528 0.904292
vn 0.314756 0.218349 0.923717
vn -0.1228 0.684392 0.718698
vn -0.311433 -0.38222 0.87001
vn -0.761256 0.0496099 0.646551
vn -0.338421 0.427132 0.838469
vn -0.100169 -0.138354 0.985304
vn -0.478143 0.0608038 0.876175
vn 0.00536603 0.714394 0.699723
vn -0.0323949 0.142248 0.989301
vn 0.591522 -0.0324098 0.805638
vn 0.0116338 0.226093 0.974036
vn -0.178405 0.801573 0.57066
vn -0.294829 0.853116 0.430429
vn -0.593321 0.777858 0.207141
vn 0.13203 0.36189 0.922824
vn 0.0430224 -0.0291492 0.998649
vn 0.232878 0.413735 0.880109
vn 0.229944 -0.293751 0.927813
vn 0.102444 0.654664 0.748946
vn -0.0415137 0.487943 0.871888
vn -0.432123 0.615707 0.658919
vn -0.724658 0.645205 0.242037
vn -0.159241 -0.232613 0.959444
vn -0.0418916 -0.329584 0.943196
vn -0.976814 -0.202743 0.0687712
vn 0.330109 0.698884 0.634499
vn 0.0967664 0.848706 0.519936
vn -0.0229671 0.0806618 0.996477
vn -0.031749 -0.0427523 0.998581
vn -0.395037 -0.63088 0.667785
vn -0.602379 0.297942 -0.74052
vn -0.198476 -0.492074 0.847626
vn -0.657289 -0.0663848 0.750709
vn -0.422233 -0.374008 0.825734
vn -0.388442 -0.501591 0.772993
vn 0.0797682 -0.442717 0.893106
vn 0.0359133 -0.799625 0.599424
vn -0.0294068 -0.84755 0.5299
vn 0.189813 0.616784 0.763903
vn -0.287746 0.623964 0.726547
vn -0.301087 0.897751 0.321542
vn -0.857571 0.463475 0.223074
vn -0.279344 0.634264 0.720885
vn -0.820651 0.301263 0.485565
vn -0.290376 0.396922 0.870709
vn -0.305275 -0.00830001 0.952228
vn -0.917776 -0.0241206 0.396364
vn 0.306604 0.611968 0.729033
vn 0.385331 0.386232 0.83806
vn 0.471158 -0.162126 0.867021
vn -0.132924 -0.474833 0.86998
vn 0.410593 0.49326 0.766882
vn 0.552968 0.144334 0.820606
vn -0.463284 0.847495 -0.259075
vn -0.833768 -0.408396 0.371543
vn 0.510192 0.283336 0.81205
vn -0.0706842 -0.446757 0.891859
vn 0.752978 -0.279495 0.59574
vn 0.00132259 -0.860787 0.508963
vn -0.050126 -0.923868 0.379415
vn -0.0938566 -0.871049 0.482146
vn -0.0395555 -0.991569 0.123395
vn -0.00329096 -0.999255 0.0384642
vn -0.0529535 -0.890795 0.451309
vn -0.0117703 -0.999878 0.0102475
vn -0.320103 -0.833257 0.450795
vn -0.049663 -0.997816 -0.0435505
vn 0.0611582 -0.965598 0.252746
vn -0.0277434 -0.998834 0.0394986
vn -0.0418916 -0.329584 0.943196
vn 0.0359133 -0.799625 0.599424
vn -0.0294068 -0.84755 0.5299
vn -0.182095 -0.94124 0.284445
vn 0.00132259 -0.860787 0.508963
vn -0.0170649 -0.981509 0.190656
vn 0.0218426 -0.967625 0.251446
vn -0.0261825 -0.948142 0.316767
vn -0.00530767 -0.925309 -0.379176
vn -0.000120118 -0.92634 0.376689
vn 0.165394 -0.937646 -0.305719
vn 0.0535358 -0.917944 0.393082
vn 0.349575 -0.929286 -0.11927
vn 0.425005 -0.817451 0.388772
vn 0.205853 -0.487886 -0.848287
vn -0.159241 -0.232613 0.959444
vn -0.408093 -0.905864 -0.113451
vn -0.624101 -0.691031 0.364658
vn -0.156129 -0.804672 0.572824
vn -0.213366 -0.736597 0.641794
vn -0.395037 -0.63088 0.667785
vn -0.100169 -0.138354 0.985304
vn 0.229944 -0.293751 0.927813
vn -0.00855894 -0.390748 0.920458
vn 0.0664928 -0.329506 0.941809
vn 0.385366 -0.843453 0.374272
vn 0.340225 -0.898437 -0.277594
vn -0.30067 -0.895288 -0.328721
vn -0.260967 -0.907611 0.328846
vn 0.28344 -0.537162 0.79443
vn -0.198045 -0.465423 0.862647
vn -0.764142 -0.540216 0.352497
vn -0.427932 -0.826336 -0.366119
vn -0.102748 -0.932765 -0.345533
vn -0.503534 -0.333607 -0.796969
vn -0.976814 -0.202743 0.0687712
vn -0.221843 -0.483251 -0.846908
vn -0.284896 0.951853 -0.11318
vn 0.0629134 0.960759 -0.270157
vn -0.237322 0.838382 -0.490708
vn -0.137043 0.990541 -0.00690517
vn -0.111611 0.962968 -0.245431
vn -0.294456 0.952285 -0.0803128
vn -0.0526132 0.945622 -0.320984
vn 0.215251 0.716319 -0.663743
vn -0.198981 0.898334 -0.391666
vn 0.441738 0.802557 -0.40096
vn 0.393113 0.761563 -0.515252
vn 0.107633 0.820945 -0.560772
vn -0.382519 0.849497 -0.363365
vn -0.463367 0.852184 -0.243052
vn -0.138418 0.895632 -0.42271
vn -0.589481 0.366579 -0.719814
vn -0.537675 0.201646 -0.818685
vn -0.406072 -0.0976536 -0.908608
vn -0.0954766 0.471686 -0.876582
vn 0.064703 0.687163 -0.723617
vn 0.0963883 0.74419 -0.660976
vn 0.217269 0.353958 -0.909675
vn -0.594382 0.738941 -0.317297
vn 0.0125686 0.474878 -0.879962
vn -0.375349 0.890444 -0.257338
vn -0.103647 0.523551 -0.845667
vn 0.419297 0.393184 -0.818289
vn -0.138093 0.934306 -0.328637
vn -0.446509 0.680865 -0.580562
vn -0.0186138 0.986221 0.16438
vn 0.0418582 0.915637 -0.39982
vn -0.338625 0.407695 -0.848008
vn 0.106944 0.0336675 -0.993695
vn -0.0608789 0.308263 -0.949351
vn -0.0395297 0.387499 -0.921022
vn 0.426528 0.403679 -0.809393
vn 0.635711 0.443617 -0.631724
vn 0.962473 0.19861 0.18493
vn 0.338544 0.446416 -0.828312
vn 0.253564 0.30184 -0.91902
vn -0.964039 -0.12745 0.233208
vn 0.59974 0.134487 -0.788813
vn 0.569025 0.292885 -0.768394
vn 0.334516 0.40744 -0.84976
vn 0.346876 0.477914 -0.807016
vn 0.490917 0.48224 -0.725565
vn 0.568343 -0.0170763 -0.822614
vn 0.454847 -0.0828763 -0.886705
vn 0.52334 -0.326256 -0.787192
vn 0.790197 0.0589946 -0.610007
vn 0.721586 -0.21199 -0.659071
vn 0.501231 0.116303 -0.857462
vn 0.175344 0.0175132 -0.984351
vn -0.397033 -0.87443 0.278813
vn -0.938857 -0.00595278 0.344255
vn -0.418244 -0.892384 0.169478
vn -0.75679 -0.580129 0.301198
vn -0.658685 -0.683509 0.314562
vn -0.64848 -0.656987 0.384502
vn -0.415698 -0.887013 0.201006
vn -0.410147 0.0039142 0.912011
vn -0.463196 -0.844964 0.267368
vn -0.684584 -0.702691 0.193829
vn -0.598599 -0.155022 0.785905
vn 0.0198961 -0.845244 0.53401
vn -0.109117 -0.357152 0.927651
vn -0.486225 -0.324183 -0.811474
vn -0.804011 -0.0430118 -0.593057
vn -0.357436 -0.565701 -0.743116
vn -0.251881 -0.874576 -0.414334
vn -0.803752 -0.279743 -0.525097
vn -0.334185 -0.510115 -0.792529
vn -0.659771 -0.410105 -0.629695
vn -0.891286 0.0391621 -0.451747
vn -0.883294 0.153731 -0.442897
vn -0.721848 -0.425516 -0.545776
vn -0.534361 -0.327392 -0.779277
vn -0.109399 -0.868113 -0.48416
vn -0.222106 -0.500319 -0.836869
vn 0.20561 -0.728051 -0.653962
vn -0.814234 -0.186529 -0.549755
vn -0.746873 0.0102681 -0.664888
vn -0.876471 -0.25157 -0.410501
vn -0.60013 -0.575686 -0.555364
vn -0.397114 -0.643468 -0.654408
vn -0.867262 -0.467349 -0.171584
vn -0.369437 -0.710669 -0.59872
vn -0.173812 -0.961076 -0.21476
vn -0.00165442 -0.865637 -0.50067
vn 0.228867 -0.842344 -0.487931
vn -0.321877 -0.842185 -0.432574
vn -0.379586 -0.448642 -0.809095
vn -0.612762 -0.136439 -0.778401
vn -0.888827 -0.0497149 -0.455538
vn 0.415895 -0.90878 0.0339177
vn -0.833768 -0.408396 0.371543
vn -0.050126 -0.923868 0.379415
vn 0.798522 0.590377 -0.117549
vn 0.875228 0.408251 -0.259437
vn 0.669054 0.637271 -0.382429
vn 0.896453 0.436509 -0.0763689
vn 0.432558 0.88198 -0.187095
vn 0.939956 0.268562 -0.21061
vn 0.948051 0.307626 0.0810242
vn 0.877313 0.439456 0.192877
vn 0.609033 0.792063 0.0414182
vn 0.47214 0.84945 0.235623
vn 0.426532 0.882384 0.19867
vn 0.395318 0.818978 0.415932
vn 0.460652 0.839508 -0.28814
vn 0.998265 0.0559661 0.0183226
vn 0.925663 0.362144 0.109544
vn 0.889424 0.314462 -0.331722
vn 0.611253 0.177732 -0.771221
vn 0.760375 0.126834 -0.636979
vn 0.995345 0.0445656 -0.0854517
vn 0.972188 0.134682 -0.191604
vn 0.998864 -0.0132107 -0.0457884
vn 0.990174 0.139032 0.0150417
vn 0.998771 0.00864203 -0.0488027
vn 0.958175 0.0780953 -0.27532
vn 0.832897 0.0625536 -0.549882
vn 0.881773 0.378591 -0.281326
vn 0.789865 0.242511 -0.563295
vn 0.719572 0.360556 -0.593477
vn 0.888788 0.326506 0.321637
vn 0.83807 0.545445 -0.011301
vn 0.972735 0.229217 -0.0353118
vn 0.746598 0.663438 0.0494083
vn 0.884437 0.458122 -0.0888545
vn 0.625934 0.695417 -0.352989
vn 0.736185 0.451794 -0.503899
vn 0.856853 0.383121 -0.344994
vn 0.50814 0.858682 0.0667756
vn 0.998486 0.0184262 0.0518314
vn 0.829497 0.557729 0.0295572
vn 0.91551 0.208706 -0.343923
vn 0.612374 0.716709 -0.333656
vn 0.827709 0.545757 -0.130562
vn 0.864662 0.4782 -0.153899
vn 0.761206 0.624785 -0.173809
vn 0.920106 0.391116 0.0208186
vn 0.834762 0.516573 -0.190592
vn 0.962523 0.269358 0.031554
vn 0.847556 0.490636 0.202299
vn 0.922407 0.342237 0.178993
vn 0.834902 0.547661 0.0548323
vn 0.850212 0.464781 0.247223
vn 0.889964 0.39659 0.225125
vn 0.438957 0.841679 -0.314474
vn 0.583828 0.783805 0.211645
vn 0.756535 0.387352 0.526891
vn 0.819003 0.376919 0.432627
vn 0.656883 0.642656 0.394333
vn 0.537587 0.683788 -0.49339
vn 0.627713 0.610836 0.482551
vn 0.426735 0.806498 0.409216
vn 0.615504 0.711548 -0.338902
vn 0.656801 0.677707 -0.330644
vn 0.765622 0.601714 -0.227515
vn 0.811646 0.551891 -0.191432
vn 0.740897 0.584636 -0.330563
vn 0.654533 0.678434 -0.333637
vn 0.486814 0.821025 -0.298211
vn 0.375445 0.917089 -0.134121
vn 0.482946 0.818313 -0.311653
vn 0.701059 0.653075 -0.286373
vn 0.609761 0.792585 0.000619162
vn 0.691331 0.647962 -0.319698
vn 0.446427 0.892618 0.0627377
vn 0.440099 0.887246 0.13823
vn 0.43107 0.860313 0.272105
vn 0.616443 0.569307 -0.543956
vn 0.831022 0.328947 -0.44855
vn 0.84703 0.24423 -0.472115
vn 0.538945 0.771959 -0.33707
vn 0.550085 0.67446 -0.492453
vn 0.559777 0.689652 -0.45938
vn 0.532295 0.642868 -0.550802
vn 0.651939 0.510974 -0.560251
vn 0.535764 0.400093 -0.74356
vn 0.545843 0.719659 -0.429124
vn 0.577758 0.672787 -0.462118
vn 0.267672 0.854349 -0.445465
vn 0.457566 0.407113 -0.790502
vn 0.853273 0.20426 -0.479794
vn 0.865309 0.223016 -0.448893
vn 0.813132 0.293664 -0.502572
vn 0.411143 0.775691 -0.478816
vn 0.544705 0.514388 -0.662345
vn 0.849269 0.359401 -0.386746
vn 0.878602 0.466973 -0.0999729
vn 0.576834 0.814803 -0.0579595
vn 0.632748 0.740969 -0.224935
vn 0.62124 0.755146 -0.209324
vn 0.806932 0.555644 -0.200301
vn 0.850013 0.502552 0.157861
vn 0.53206 0.813871 0.233507
vn 0.991092 0.0689096 0.113968
vn 0.979452 0.198082 -0.0379034
vn 0.87052 0.126524 -0.475591
vn 0.865262 0.395551 -0.307995
vn 0.436743 0.355165 -0.826507
vn 0.314882 0.760022 -0.568521
vn 0.293132 0.742851 -0.601868
vn 0.634341 0.376261 -0.675307
vn 0.629949 0.389928 -0.671655
vn 0.739707 0.087102 -0.667268
vn 0.72201 0.131679 -0.679236
vn 0.48401 0.514979 -0.707482
vn 0.75317 0.400163 -0.522115
vn 0.809893 0.374083 -0.451812
vn 0.833667 0.315749 -0.453103
vn 0.913706 0.120473 -0.388109
vn 0.651063 0.409759 -0.638917
vn 0.698468 0.157615 -0.698068
vn 0.697719 0.163991 -0.697349
vn 0.841659 0.256193 -0.475369
vn 0.710996 0.419655 -0.564247
vn 0.694624 0.392363 -0.60295
vn 0.878238 0.273344 -0.392404
vn 0.701874 0.302753 -0.644759
vn 0.842386 0.291529 -0.453207
vn 0.844002 0.111611 -0.524598
vn 0.720659 0.409876 -0.559154
vn 0.513415 0.337078 -0.789166
vn 0.643934 0.480006 -0.59577
vn 0.375644 0.357639 -0.854977
vn 0.388388 0.538709 -0.747628
vn 0.852944 0.274615 -0.443928
vn 0.587775 0.0878444 -0.804241
vn 0.258062 0.23401 -0.93736
vn 0.377242 0.509583 -0.773313
vn 0.344803 0.731765 -0.587904
vn 0.328918 0.944332 0.00705711
vn 0.856774 0.125409 0.500211
vn 0.511555 0.855207 0.0832663
vn 0.614301 0.708709 -0.346937
vn 0.515197 0.849487 0.113773
vn 0.385489 0.873518 -0.297263
vn 0.418224 0.764013 -0.491297
vn 0.344196 0.899777 -0.2682
vn 0.221569 0.899852 -0.37573
vn 0.273706 0.951136 -0.142914
vn 0.64965 0.671127 0.357132
vn 0.640064 0.724787 0.254954
vn 0.83722 0.512109 0.191851
vn 0.643265 0.66391 0.381357
vn 0.646852 0.71647 0.261255
vn 0.750079 0.613536 0.246893
vn 0.676102 0.686902 0.266555
vn 0.737435 0.589759 0.329203
vn 0.244584 0.87848 0.410429
vn 0.714788 0.500019 0.488937
vn 0.50627 0.708076 0.492259
vn 0.835752 0.179933 0.51879
vn 0.844982 0.227988 0.483763
vn 0.654303 0.629027 0.419776
vn 0.312668 0.914884 0.255394
vn 0.208889 0.760803 0.614446
vn 0.209664 0.950345 0.22997
vn 0.0666181 0.905506 -0.419072
vn 0.159626 0.948587 0.273318
vn 0.714809 0.312509 0.625609
vn 0.0542076 0.927825 0.369057
vn 0.695633 0.34219 0.631665
vn 0.528238 0.634147 0.564643
vn 0.202087 0.8307 0.518747
vn 0.292886 0.816774 0.497089
vn 0.412595 0.297486 0.860969
vn 0.00722701 0.879441 0.475953
vn 0.0694067 -0.897776 -0.43495
vn -0.0535559 -0.90078 -0.43096
vn 0.00993067 -0.576521 -0.817022
vn -0.0522308 -0.783434 -0.619277
vn 0.00523226 -0.792807 -0.60945
vn -0.082345 -0.650101 -0.755372
vn 0.142905 -0.815714 -0.560526
vn 0.122149 -0.53338 -0.83701
vn 0.134429 -0.816801 -0.561039
vn 0.0627305 -0.46592 -0.8826
vn 0.0388313 -0.858858 -0.51074
vn 0.278899 -0.711837 -0.644595
vn -0.00847581 -0.84669 -0.532018
vn 0.133576 -0.84506 -0.517717
vn -0.0506286 -0.894483 -0.444227
vn 0.0492162 -0.796967 -0.602014
vn -0.0511459 -0.887237 -0.45847
vn -0.115189 -0.893489 -0.43406
vn -0.163721 -0.921641 -0.351815
vn -0.398199 -0.855932 -0.329875
vn 0.0567234 -0.824928 -0.562384
vn 0.0716501 -0.922253 -0.379889
vn 0.0345711 -0.949444 -0.312027
vn -0.0282708 -0.957934 -0.285594
vn 0.0166784 -0.922387 -0.385907
vn -0.0168513 -0.987461 -0.156964
vn -0.125991 -0.645903 -0.752951
vn 0.293277 -0.751235 -0.5913
vn 0.0453586 -0.940775 -0.335985
vn 0.0163298 -0.8943 -0.447171
vn 0.0707257 -0.725122 -0.684978
vn -0.327202 -0.836583 -0.439395
vn 0.311408 -0.79218 -0.524858
vn 0.425042 -0.904172 0.0425609
vn -0.418547 -0.832703 -0.362524
vn -0.101851 -0.977148 -0.186572
vn -0.389153 -0.916183 -0.0957561
vn 0.21403 -0.492166 -0.84378
vn 0.0874524 -0.987593 -0.130434
vn -0.233542 -0.970708 -0.0564247
vn 0.0323893 -0.90735 -0.419126
vn -0.0471817 -0.918995 -0.391436
vn 0.0338809 -0.875201 -0.482572
vn -0.132298 -0.886103 -0.444205
vn -0.0810235 -0.873824 -0.479444
vn -0.17551 -0.879212 -0.442925
vn 0.0019656 -0.981032 -0.193833
vn -0.138031 -0.980785 -0.13787
vn -0.173432 -0.943404 -0.282683
vn -0.412691 -0.821265 -0.393967
vn -0.033752 -0.992165 -0.12029
vn -0.123934 -0.986361 -0.108317
vn -0.476688 -0.87772 0.0487537
vn 0.0698844 -0.869466 -0.489024
vn 0.247201 -0.826343 -0.506012
vn -0.0289141 -0.628275 -0.777454
vn -0.449735 -0.735657 -0.506505
vn -0.231777 -0.6727 -0.702676
vn -0.196538 -0.978295 -0.0656673
vn -0.0960709 -0.9905 -0.0983916
vn -0.0405276 -0.890507 -0.45316
vn 0.195874 -0.253221 -0.947371
vn -0.112188 -0.13696 -0.984203
vn 0.475142 -0.240372 -0.84644
vn -0.268022 -0.806415 -0.527124
vn -0.129789 -0.302767 -0.944186
vn -0.613672 -0.765667 -0.192773
vn -0.83852 0.0429156 -0.543177
vn -0.469478 0.446081 -0.761973
vn -0.757586 -0.635242 -0.150104
vn -0.632229 -0.683179 -0.365448
vn -0.693766 -0.71999 -0.0174098
vn -0.667885 -0.228613 -0.708284
vn -0.537292 -0.0942459 -0.838114
vn -0.334673 -0.924275 -0.183601
vn -0.133652 -0.990853 -0.0186173
vn -0.443354 -0.884265 0.146673
vn -0.0518797 -0.995162 0.0834279
vn -0.23975 -0.970117 0.0373355
vn -0.50298 -0.857743 -0.106249
vn -0.0892181 -0.97868 0.185
vn -0.387231 -0.914047 0.12071
vn -0.69019 -0.699331 0.185942
vn -0.33435 -0.908879 0.249298
vn 0.821585 -0.426056 -0.37878
vn -0.535456 -0.831567 0.14759
vn -0.500897 -0.500978 -0.705779
vn 0.163309 -0.237997 -0.957438
vn 0.23384 -0.448786 -0.862502
vn 0.101588 -0.5439 -0.832978
vn 0.492747 -0.46697 -0.734261
vn 0.167815 -0.38564 -0.90726
vn -0.443946 -0.824635 0.350556
vn -0.32706 -0.859524 0.392747
vn -0.78711 -0.616806 -0.00285538
vn -0.806604 -0.470888 -0.357286
vn -0.153531 -0.0884688 -0.984176
vn -0.860194 0.413876 -0.297948
vn -0.301087 0.897751 0.321542
vn -0.463284 0.847495 -0.259075
vn -0.857571 0.463475 0.223074
vn -0.812916 0.325194 -0.483132
vn -0.936382 0.207887 -0.282792
vn -0.593321 0.777858 0.207141
vn -0.746873 0.0102681 -0.664888
vn -0.957689 0.0577214 -0.281958
vn -0.690482 0.172921 -0.702376
vn -0.803752 -0.279743 -0.525097
vn -0.804011 -0.0430118 -0.593057
vn -0.876471 -0.25157 -0.410501
vn -0.995649 0.0868648 0.0337351
vn -0.998831 -0.0462108 -0.0142174
vn -0.883294 0.153731 -0.442897
vn -0.73657 0.488542 -0.467751
vn -0.878584 0.468645 -0.0919904
vn -0.88421 0.266098 -0.38388
vn -0.891286 0.0391621 -0.451747
vn -0.888827 -0.0497149 -0.455538
vn -0.844582 0.322097 -0.42771
vn -0.633227 0.724566 -0.272079
vn -0.36733 0.92752 -0.0691107
vn -0.294829 0.853116 0.430429
vn -0.459654 0.848074 -0.263606
vn -0.694276 0.328128 -0.640557
vn -0.214042 0.844249 -0.491355
vn -0.692244 0.32877 -0.642424
vn -0.336543 0.350375 -0.874058
vn -0.622837 -0.27234 -0.73342
vn -0.612762 -0.136439 -0.778401
vn -0.310255 -0.343011 -0.886614
vn -0.917776 -0.0241206 0.396364
vn -0.867262 -0.467349 -0.171584
vn -0.820651 0.301263 0.485565
vn -0.833768 -0.408396 0.371543
vn 0.0762807 0.183539 0.980048
vn 0.0483886 0.527751 0.848019
vn 0.208877 0.275927 0.938208
vn 0.124958 0.492964 0.861029
vn 0.0206844 0.530764 0.847267
vn -0.21168 0.269519 0.939442
vn -0.151596 0.463311 0.873133
vn 0.011691 0.434267 0.900709
vn -0.431581 -0.121392 0.893869
vn -0.386642 0.382113 0.839343
vn 0.447454 -0.0300933 0.893801
vn 0.318831 0.588531 0.742953
vn 0.158301 0.237285 0.958455
vn 0.206961 -0.0327944 0.977799
vn 0.280549 -0.131826 0.950744
vn 0.204104 -0.366048 0.907937
vn 0.279128 -0.224786 0.933573
vn 0.225893 -0.519072 0.82434
vn 0.529539 0.201929 0.823901
vn 0.113798 0.602067 0.790294
vn 0.416416 -0.488976 0.766486
vn -0.401849 0.594369 0.696594
vn -0.835871 -0.124605 0.534597
vn 0.615968 -0.326049 0.71713
vn -0.348265 0.0838157 0.933642
vn 0.328512 0.0293258 0.944044
vn -0.325719 -0.532626 0.781164
vn 0.243782 -0.531035 0.811524
vn 0.0407469 0.865157 0.499843
vn 0.352301 0.71507 0.603787
vn 0.0853308 0.836276 0.541629
vn 0.0277793 0.890149 0.454822
vn -0.365358 0.816814 0.446462
vn 0.512974 0.613808 0.600082
vn 0.460954 0.666409 0.586021
vn 0.489302 0.62097 0.612356
vn 0.53206 0.813871 0.233507
vn 0.856774 0.125409 0.500211
vn 0.850013 0.502552 0.157861
vn 0.209664 0.950345 0.22997
vn 0.783721 -0.404276 0.471532
vn 0.00722701 0.879441 0.475953
vn -0.870449 0.172428 0.461071
vn -0.102766 0.598303 0.794653
vn 0.208889 0.760803 0.614446
vn -0.0481116 0.474462 0.87896
vn -0.0123748 0.701664 0.712401
vn 0.000237431 0.825709 0.564097
vn 0.0542076 0.927825 0.369057
vn -0.00549415 0.89199 0.452022
vn 0.085364 0.574227 0.814234
vn 0.17577 0.885609 0.429886
vn 0.23091 0.404556 0.884881
vn 0.0195481 0.949666 0.312655
vn -0.175977 0.727118 0.663575
vn 0.292886 0.816774 0.497089
vn 0.393688 0.782075 0.483082
vn 0.412595 0.297486 0.860969
vn 0.37955 0.561538 0.735267
vn 0.406819 0.45171 0.794012
vn 0.339519 0.0255817 0.940251
vn 0.598459 0.180161 0.780634
vn 0.0841082 0.89305 0.442027
vn 0.202087 0.8307 0.518747
vn 0.395318 0.818978 0.415932
vn 0.159626 0.948587 0.273318
vn 0.714809 0.312509 0.625609
vn 0.835752 0.179933 0.51879
vn 0.504487 0.500321 0.703685
vn 0.714788 0.500019 0.488937
vn 0.618788 0.195434 0.760859
vn 0.247418 -0.783422 0.570118
vn 0.40646 -0.0228101 0.913384
vn -0.0245961 -0.986834 0.159855
vn 0.140263 -0.0236089 0.989833
vn -0.000776423 -0.999999 -0.00153269
vn -0.00499074 -0.011558 0.999921
vn -0.261748 -0.965126 -0.00439021
vn -0.257447 -0.00273832 0.966289
vn -0.567546 -0.822834 -0.0289136
vn -0.601954 -0.0185507 0.798315
vn -0.240923 -0.919164 -0.311598
vn -0.0859733 -0.987254 -0.133931
vn 0.00252751 -0.249335 0.968414
vn -0.370337 -0.225141 0.9012
vn 0.237002 0.143363 0.960873
vn -0.643339 -0.586344 0.492256
vn -0.102748 -0.932765 -0.345533
vn -0.569965 -0.00489827 0.821654
vn -0.999162 0.00186651 -0.0408978
vn -0.198045 -0.465423 0.862647
vn -0.764142 -0.540216 0.352497
vn -0.258447 -0.842368 0.472886
vn -0.870299 -0.246294 0.426521
vn -0.670803 -0.489226 0.557388
vn -0.335278 -0.371695 0.865697
vn -0.736714 -0.0297081 0.675551
vn -0.892059 -0.0102877 0.451802
vn -0.69312 0.327957 0.641894
vn -0.48482 -0.231271 0.843483
vn -0.899442 -0.0423095 0.434987
vn -0.807687 0.333036 0.486548
vn -0.585462 -0.437346 0.682614
vn -0.681496 -0.151512 0.715966
vn -0.822265 -0.263992 0.504171
vn -0.811129 0.368396 0.454262
vn -0.648171 0.393417 0.651995
vn -0.365358 0.816814 0.446462
vn -0.386642 0.382113 0.839343
vn -0.598985 -0.113596 0.792662
vn -0.663051 -0.34148 0.66615
vn -0.175977 0.727118 0.663575
vn -0.771565 -0.215635 0.598489
vn -0.797504 -0.355292 0.487601
vn -0.873399 -0.299173 0.384277
vn -0.870449 0.172428 0.461071
vn -0.835871 -0.124605 0.534597
vn -0.832135 -0.530708 0.160932
vn -0.817779 -0.556614 0.14635
vn -0.717784 -0.546491 0.431433
vn -0.69583 -0.437978 0.569206
vn -0.325719 -0.532626 0.781164
vn -0.416346 -0.631524 0.65409
vn -0.7466 -0.308097 0.589631
vn -0.348265 0.0838157 0.933642
vn -0.345442 -0.592592 0.72767
vn -0.874445 -0.434617 0.215531
vn -0.439391 -0.756114 0.485003
vn -0.864475 -0.093885 0.49383
vn -0.431581 -0.121392 0.893869
vn -0.388132 -0.912162 0.131582
vn -0.798278 -0.570168 0.194065
vn -0.857612 -0.49148 0.151488
vn -0.783278 -0.46954 0.40744
vn -0.506007 -0.750075 0.425846
vn -0.377759 -0.923406 0.06797
vn -0.477395 -0.76339 0.435121
vn -0.165033 -0.985277 0.0446509
vn 0.172992 -0.856106 0.486987
vn 0.230361 -0.554972 0.799338
vn 0.243782 -0.531035 0.811524
vn 0.225893 -0.519072 0.82434
vn -0.313757 0.0032657 0.949498
vn -0.0781697 0.837658 0.540572
vn -0.437607 0.255933 0.861974
vn 0.0462922 -0.412959 0.909573
vn -0.275565 -0.364244 0.889601
vn -0.0304598 -0.334901 0.941761
vn 0.339537 -0.462216 0.819189
vn 0.0848519 -0.622838 0.777736
vn -0.654941 -0.203376 0.727798
vn -0.192466 -0.880663 0.432885
vn 0.0641376 -0.926079 0.37184
vn -0.463708 -0.6557 0.595846
vn 0.356255 -0.866784 0.348952
vn -0.0675072 -0.170701 0.983008
vn -0.17211 -0.0186272 0.984902
vn -0.257821 -0.333795 0.906702
vn -0.196436 -0.854753 0.480426
vn 0.178811 -0.378142 0.908314
vn 0.180169 -0.897698 0.402092
vn -0.119319 -0.261727 0.957738
vn -0.629984 -0.0562753 0.774566
vn -0.475476 0.330357 0.815345
vn 0.392475 -0.842342 0.369354
vn 0.091657 -0.991494 -0.0924069
vn -0.520819 -0.328414 0.787967
vn 0.0582258 -0.939524 0.337497
vn -0.388459 -0.668702 0.633985
vn -0.454718 -0.577411 0.678107
vn 0.307459 -0.760215 0.572312
vn -0.154721 -0.925287 -0.346274
vn 0.548774 -0.742574 0.383968
vn 0.363549 -0.782347 0.505733
vn 0.654586 -0.711086 0.256659
vn 0.310874 -0.918116 0.245806
vn 0.295829 -0.942129 0.15773
vn 0.259407 -0.964796 0.0433111
vn -0.329531 -0.818612 0.470408
vn 0.014062 -0.994836 0.100518
vn -0.0279771 -0.882008 0.470403
vn 0.106779 -0.886781 0.449687
vn -0.308188 0.719442 0.622433
vn -0.410147 0.0039142 0.912011
vn -0.201835 0.372338 0.905885
vn -0.938857 -0.00595278 0.344255
vn -0.75679 -0.580129 0.301198
vn -0.717728 -0.278357 0.638267
vn -0.598599 -0.155022 0.785905
vn 0.300927 -0.620607 0.724078
vn 0.464299 -0.610994 0.641181
vn 0.499124 -0.749777 0.434408
vn 0.0218893 -0.913818 0.405534
vn 0.554475 -0.361271 0.749694
vn 0.318407 -0.776478 0.543782
vn 0.0909602 0.0770575 0.992869
vn 0.419415 -0.464215 0.780125
vn 0.951555 -0.212874 -0.221872
vn -0.454718 -0.577411 0.678107
vn 0.795205 -0.567847 -0.2126
vn 0.662335 -0.741669 -0.106018
vn 0.68743 -0.699561 0.195076
vn 0.49981 -0.859342 0.108265
vn 0.599275 -0.764816 0.236486
vn 0.372632 -0.859775 0.349187
vn 0.525926 -0.703264 0.478354
vn 0.732397 -0.227641 0.641697
vn 0.477424 -0.694361 0.53845
vn 0.598308 -0.254579 0.759748
vn 0.33854 -0.850521 0.402499
vn 0.061 -0.925236 0.374455
vn 0.206314 -0.968979 0.13607
vn -0.0223704 -0.84013 0.541924
vn 0.0789043 -0.947362 0.31029
vn 0.0198961 -0.845244 0.53401
vn -0.109117 -0.357152 0.927651
vn 0.394661 -0.875862 0.277682
vn 0.417726 -0.668104 0.615745
vn 0.388277 -0.679376 0.622647
vn 0.403316 -0.861705 0.307897
vn 0.634897 -0.738655 0.226485
vn 0.53216 -0.76853 0.3552
vn 0.346357 -0.924079 0.161599
vn 0.112695 -0.992369 0.0500341
vn 0.425214 -0.897867 0.114142
vn 0.34536 -0.929992 0.125867
vn 0.133835 -0.732062 0.667963
vn 0.587708 -0.619197 0.520763
vn 0.112626 -0.915882 0.385325
vn 0.0653312 -0.752898 0.654887
vn -0.397033 -0.87443 0.278813
vn -0.418244 -0.892384 0.169478
vn -0.0694568 -0.991015 0.1143
vn -0.381184 -0.814964 0.4365
vn -0.235921 0.223562 0.945707
vn -0.0106331 0.888832 0.458111
vn 0.354898 -0.789567 0.50063
vn -0.231451 0.00373305 0.972839
vn 0.722987 0.398517 0.564335
vn -0.125871 0.227835 0.96553
vn -0.927647 0.1284 0.350691
vn -0.428794 0.746717 0.508477
vn -0.425142 0.466298 0.775771
vn -0.466889 0.796614 0.383953
vn -0.343477 0.915814 0.208106
vn -0.36193 0.890032 0.277217
vn -0.628214 0.709664 0.318942
vn -0.333392 0.879412 0.33983
vn -0.420112 0.898048 0.130448
vn -0.0822061 0.909103 0.40838
vn -0.0327154 0.973626 0.22579
vn 0.205794 0.959756 0.191093
vn 0.165338 0.975012 0.148375
vn -0.0219086 0.996742 0.0776294
vn -0.00618928 0.979603 0.20085
vn 0.0575663 0.887205 0.457769
vn 0.00746937 0.909237 0.416212
vn 0.148063 0.910326 0.386502
vn -0.07195 0.930447 0.359293
vn -0.106199 0.956377 0.272148
vn -0.333134 0.899643 0.282249
vn -0.286784 0.949715 0.125681
vn -0.00429204 0.895807 0.444422
vn 0.0192634 0.991703 0.127098
vn 0.0320229 0.899644 0.435448
vn -0.0104878 0.997194 0.0741247
vn -0.0403734 0.998884 0.024527
vn -0.122223 0.937948 -0.324523
vn -0.333422 0.879037 -0.34077
vn 0.0195268 0.966702 -0.255159
vn -0.0163035 0.905319 0.424418
vn -0.0592311 0.993602 0.096157
vn -0.222555 0.848994 0.479248
vn -0.116738 0.945952 0.302569
vn -0.0159169 0.998538 0.0516627
vn -0.0303771 0.996023 0.0837619
vn -0.237228 0.8572 0.45709
vn -0.171011 0.931971 0.319664
vn -0.0249378 0.998987 0.0374647
vn -0.054765 0.990522 0.125967
vn -0.287229 0.81095 0.509764
vn -0.155062 0.927453 0.340275
vn -0.0512494 0.997311 0.0523785
vn -0.07292 0.991438 0.108324
vn -0.268101 0.834372 0.481606
vn -0.140669 0.930616 0.337884
vn -0.0311391 0.998246 0.0503556
vn -0.0300521 0.996651 0.076052
vn -0.0228014 0.989234 0.144557
vn -0.207747 0.843504 0.495319
vn -0.185812 0.901989 0.389731
vn 0.0125632 0.909688 0.415103
vn 0.0893945 0.922373 0.375814
vn 0.00529622 0.99979 0.0198153
vn -0.0411564 0.998442 0.0376682
vn -0.412356 0.909644 0.0501102
vn -0.00427406 0.999833 0.0177664
vn -0.115443 0.993221 0.0135925
vn -0.07875 0.944288 0.319559
vn 0.0832843 0.995641 0.0419881
vn -0.0625516 0.998041 0.00101711
vn 0.154086 0.987571 -0.0310136
vn -0.33706 0.941308 -0.0181726
vn 0.0470785 0.910266 0.411339
vn -0.3568 0.90561 0.229269
vn -0.0183925 0.999739 -0.0135329
vn 0.0116993 0.941084 0.337971
vn -0.216864 0.971748 -0.0931418
vn -0.0026525 0.999991 -0.00328953
vn 0.0218286 0.998852 -0.0426365
vn 0.00273751 0.999983 -0.00523984
vn 0.00640774 0.999909 -0.0118904
vn 0.0246021 0.999041 -0.0362125
vn 0.0426108 0.992802 -0.111929
vn 0.00216841 0.999637 -0.026844
vn -0.071201 0.976307 -0.204342
vn 0.0141974 0.942361 -0.334295
vn 0.0631458 0.996281 -0.0586193
vn 0.126399 0.988643 -0.0812953
vn 0.377361 0.914556 -0.145553
vn 0.234121 0.961345 -0.144922
vn 0.0242157 0.997499 -0.066401
vn 0.0182015 0.998744 -0.0466865
vn -0.0282054 0.999002 -0.0346461
vn -0.134749 0.934474 -0.329548
vn -0.0175341 0.995898 -0.08877
vn -0.000902467 0.996934 -0.078242
vn -0.0482713 0.92613 -0.374103
vn 0.0595934 0.978284 -0.198517
vn -0.19979 0.979803 -0.00832758
vn -0.134583 0.92485 -0.355724
vn 0.0290931 0.966858 -0.253652
vn -0.051643 0.935383 -0.349845
vn -0.230405 0.92499 0.30217
vn 0.0955202 0.994449 -0.0441235
vn 0.114572 0.859956 0.497342
vn -0.00567576 0.995344 -0.0962219
vn -0.0370223 0.901331 -0.431546
vn 0.0932472 0.92497 -0.368423
vn 0.129806 0.931958 -0.338534
vn 0.138527 0.88032 -0.453704
vn 0.12805 0.972021 -0.196923
vn 0.215199 0.945263 -0.24529
vn 0.0217991 0.897334 -0.440814
vn -0.0597273 0.915163 -0.398634
vn 0.000645651 0.96256 -0.271069
vn -0.0122014 0.990714 -0.135416
vn -0.186749 0.883813 -0.428952
vn 0.0501206 0.939348 -0.339283
vn 0.160387 0.98688 -0.0185671
vn 0.0246614 0.964598 -0.262568
vn -0.0358099 0.977244 -0.209072
vn 0.0790072 0.959254 -0.271273
vn 0.233396 0.866137 -0.441964
vn 0.378153 0.915567 -0.136884
vn -0.0458989 0.87558 -0.480889
vn -0.161403 0.65975 -0.733947
vn -0.252953 0.677185 -0.690967
vn 0.191275 0.456253 -0.86905
vn 0.459672 0.884973 0.0743327
vn -0.245712 0.777923 -0.578327
vn 0.310861 0.842579 -0.439802
vn 0.474036 0.880505 0.000347912
vn 0.364121 0.90993 -0.198603
vn 0.283879 0.819876 -0.497208
vn 0.0567823 0.985351 -0.160809
vn 0.128183 0.889811 -0.437956
vn -0.04302 0.82201 -0.567845
vn 0.528574 0.815979 0.234068
vn -0.208608 0.531785 -0.820785
vn 0.389159 0.778223 -0.492874
vn 0.0689534 0.965339 -0.251727
vn -0.00891344 0.943343 -0.3317
vn 0.0228093 0.958042 -0.28572
vn 0.0502287 0.88042 -0.471527
vn 0.0845643 0.849894 -0.520125
vn -0.0300978 0.961873 -0.271834
vn -0.0562819 0.864185 -0.500017
vn 0.0108801 0.775838 -0.630838
vn 0.0204927 0.892557 -0.450469
vn -0.00274552 0.919956 -0.392011
vn -0.0141286 0.887202 -0.461166
vn 0.176945 0.929075 -0.324822
vn 0.287827 0.798625 -0.528539
vn 0.477791 0.828895 -0.290944
vn 0.648755 0.745399 -0.153286
vn 0.0501063 0.767003 -0.639684
vn 0.24383 0.768474 -0.591603
vn 0.271682 0.787822 -0.552744
vn -0.218449 0.971009 0.0970682
vn 0.447969 0.879055 -0.163054
vn 0.226429 0.916395 0.330075
vn 0.197329 0.971565 0.130851
vn 0.0630004 0.890155 0.451281
vn 0.0585709 0.979608 0.192194
vn 0.0817084 0.994913 0.0589169
vn 0.366907 0.922505 -0.119851
vn 0.271746 0.904651 -0.32827
vn 0.0642001 0.982453 -0.175111
vn 0.0705654 0.994471 0.0777635
vn 0.038855 0.979756 -0.196387
vn 0.000604564 0.995144 0.0984229
vn -0.00903424 0.994048 -0.108564
vn -0.138735 0.935043 0.326262
vn -0.00337063 0.999577 -0.0288716
vn -0.0169112 0.930281 0.366458
vn -0.178024 0.864289 0.470437
vn -0.0738194 0.979958 0.185022
vn 0.0872809 0.966398 -0.241778
vn 0.0254949 0.997876 -0.0599504
vn -0.0856466 0.932546 0.350745
vn 0.0296826 0.998506 0.0458765
vn 0.13763 0.983415 -0.11812
vn 0.042003 0.999112 0.00341611
vn -0.0138595 0.991743 0.127487
vn 0.00513 0.997545 0.0698344
vn 0.207532 0.94409 -0.256174
vn 0.106131 0.986284 0.126414
vn 0.211196 0.97376 -0.0847781
vn -0.132825 0.949647 0.283776
vn -0.0531325 0.899284 0.434126
vn 0.25541 0.885367 -0.388447
vn -0.0562942 0.977302 0.204234
vn -0.0439595 0.987909 0.148675
vn -0.0292968 0.972655 0.230397
vn -0.297137 0.952775 0.0626818
vn -0.459654 0.848074 -0.263606
vn -0.128835 0.974285 0.184854
vn -0.193657 0.838831 0.508783
vn 0.197288 0.861934 -0.467063
vn 0.113575 0.898816 -0.423356
vn 0.226313 0.884283 -0.408445
vn -0.214042 0.844249 -0.491355
vn -0.090736 0.869776 0.485032
vn -0.0768879 0.929002 -0.361998
vn -0.130905 0.834657 0.534988
vn 0.396174 0.90377 -0.162009
vn -0.0829143 0.851949 0.517018
vn -0.361321 0.931628 -0.0389396
vn -0.052116 0.850111 0.524019
vn 0.0872153 0.846184 -0.525706
vn 0.397307 0.770436 -0.498573
vn -0.0114062 0.843963 0.536281
vn -0.36733 0.92752 -0.0691107
vn -0.294829 0.853116 0.430429
vn -0.633227 0.724566 -0.272079
vn -0.156132 0.446809 -0.8809
vn -0.135091 0.988605 -0.0664096
vn 0.0282746 0.999598 -0.00222527
vn 0.8084 0.555576 -0.194484
vn 0.578275 0.809433 -0.102063
vn 0.405786 0.880499 0.245069
vn 0.589784 0.519638 -0.618168
vn 0.260576 0.951209 0.165231
vn 0.497905 0.821695 0.277321
vn 0.116432 0.977239 0.177337
vn 0.0608027 0.996781 -0.0522573
vn -0.192561 0.98128 0.0031333
vn -0.0502848 0.994123 -0.095866
vn -0.076819 0.991978 -0.100393
vn -0.435017 0.86292 -0.257157
vn -0.307313 0.914871 -0.261857
vn -0.157742 0.848307 -0.505463
vn -0.36385 0.917174 -0.162498
vn -0.1227 0.720526 -0.682486
vn -0.263505 0.869059 -0.41869
vn 0.205926 0.978509 -0.0106776
vn 0.0815299 0.976265 -0.200645
vn -0.063022 0.939791 -0.33589
vn -0.00638572 0.891617 -0.452745
vn 0.407106 0.841896 -0.354227
vn 0.29219 0.952804 -0.0823946
vn 0.408067 0.912924 0.00716749
vn 0.560136 0.796136 0.228943
vn 0.504706 0.863068 0.0196348
vn -0.0519758 0.631085 -0.77397
vn 0.23074 0.811679 -0.536597
vn 0.0172166 0.922333 -0.386013
vn 0.241417 0.965171 -0.100812
vn 0.0365706 0.994691 -0.096191
vn 0.304471 0.907336 0.289893
vn 0.0551639 0.936066 -0.347472
vn 0.396529 0.809979 -0.432088
vn 0.00421812 0.994392 -0.10567
vn 0.00970875 0.993885 -0.10999
vn 0.0140626 0.997078 -0.0750843
vn 0.0338753 0.978012 -0.205778
vn 0.111287 0.944298 -0.309705
vn 0.0937475 0.989437 -0.110575
vn 0.245269 0.890852 -0.382395
vn -0.0234776 0.974411 -0.223543
vn 0.267672 0.854349 -0.445465
vn 0.221569 0.899852 -0.37573
vn 0.486814 0.821025 -0.298211
vn -0.000369342 0.893005 -0.450047
vn 0.0760294 0.8471 -0.525967
vn 0.344196 0.899777 -0.2682
vn 0.375445 0.917089 -0.134121
vn 0.385489 0.873518 -0.297263
vn 0.482946 0.818313 -0.311653
vn 0.0236923 0.884984 -0.465017
vn 0.117181 0.822822 -0.556087
vn -0.141238 0.849462 -0.508396
vn -0.207868 0.748198 -0.630072
vn -0.426197 0.87553 -0.227604
vn 0.438659 0.868889 -0.22937
vn 0.326546 0.940362 -0.0953252
vn 0.21959 0.754525 -0.618443
vn 0.0305623 0.960632 -0.276139
vn 0.155839 0.9263 -0.343049
vn 0.418643 0.804048 -0.422191
vn -0.0135905 0.892747 -0.450354
vn -0.161943 0.884045 -0.438451
vn -0.0710861 0.883653 -0.462715
vn -0.156743 0.874247 -0.459481
vn 0.542381 0.757533 -0.363272
vn 0.0776532 0.80595 -0.586869
vn 0.0047342 0.903218 -0.429156
vn 0.0552959 0.906041 -0.419562
vn 0.0743842 0.939622 -0.334033
vn 0.0666181 0.905506 -0.419072
vn 0.112296 0.670789 -0.733097
vn -0.206589 0.899512 -0.384966
vn 0.39692 0.903449 -0.16197
vn -0.331303 0.387543 -0.860261
vn -0.43419 0.804277 0.405732
vn -0.517196 0.820622 -0.243081
vn 0.0642472 0.982223 -0.176381
vn -0.421411 0.848666 -0.319652
vn -0.297072 0.831459 0.469494
vn -0.602379 0.297942 -0.74052
vn 0.147591 0.923033 -0.355285
vn -0.588372 -0.249875 0.769013
vn -0.235921 0.223562 0.945707
vn -0.812291 -0.0203069 0.582899
vn -0.294784 -0.366307 0.882565
vn -0.430214 -0.649919 0.626515
vn -0.803697 -0.0908643 0.58806
vn 0.0474368 -0.998872 -0.00209266
vn -0.851045 0.176797 0.494434
vn -0.964039 -0.12745 0.233208
vn -0.422527 0.0380125 0.905553
vn -0.363279 0.761912 0.536207
vn -0.231451 0.00373305 0.972839
vn -0.0308171 -0.403179 0.914602
vn -0.0157673 -0.504132 0.863483
vn -0.377898 -0.374907 0.846545
vn -0.654603 -0.519888 0.548828
vn -0.927647 0.1284 0.350691
vn -0.0106331 0.888832 0.458111
vn -0.223629 -0.513001 0.828746
vn 0.0909602 0.0770575 0.992869
vn -0.0486595 -0.47975 0.876055
vn -0.354289 -0.386691 0.85144
vn -0.454718 -0.577411 0.678107
vn -0.305041 -0.480554 0.822203
vn -0.0185367 -0.738455 0.674047
vn 0.167715 -0.863043 0.476474
vn -0.329531 -0.818612 0.470408
vn 0.354898 -0.789567 0.50063
vn -0.23685 -0.786357 0.570566
vn -0.0279771 -0.882008 0.470403
vn -0.0140196 -0.903175 0.429044
vn 0.106779 -0.886781 0.449687
vn 0.0577746 -0.922258 0.382234
vn 0.184036 -0.898691 0.398103
vn 0.441588 -0.818116 0.368356
vn 0.371311 -0.865969 0.335002
vn -0.0954421 -0.0261112 -0.995092
vn -0.269482 0.962957 -0.00965845
vn -0.0575991 0.998282 0.0107228
vn -0.263303 0.00247624 -0.96471
vn -0.68144 -0.0864558 -0.726749
vn 0.128708 0.990177 0.0546164
vn 0.208685 0.769341 0.603792
vn -0.575366 0.816473 -0.0482263
vn -0.574772 0.00325983 -0.818307
vn -0.999162 0.00186651 -0.0408978
vn -0.145799 -0.758878 -0.634703
vn 0.091657 -0.991494 -0.0924069
vn -0.375934 0.0026845 -0.926643
vn -0.340803 0.602877 -0.721382
vn -0.0137853 -0.96713 -0.253909
vn 0.0656282 -0.968593 -0.239835
vn 0.155864 -0.77826 -0.60829
vn -0.344255 -0.117257 -0.931525
vn 0.150749 -0.369119 -0.917074
vn -0.152233 -0.0101578 -0.988292
vn 0.402827 -0.867743 -0.291121
vn 0.0641376 -0.926079 0.37184
vn -0.192466 -0.880663 0.432885
vn 0.356255 -0.866784 0.348952
vn -0.129789 -0.302767 -0.944186
vn -0.353084 0.198734 -0.914241
vn -0.278549 0.0494438 -0.959148
vn -0.238159 0.155185 -0.958748
vn -0.33119 0.254204 -0.908677
vn -0.286379 0.481135 -0.828551
vn -0.490441 0.0508025 -0.869993
vn -0.402693 0.285222 -0.869763
vn -0.112188 -0.13696 -0.984203
vn -0.114231 0.523796 -0.84415
vn -0.0965755 0.0732642 -0.992626
vn -0.469478 0.446081 -0.761973
vn -0.465888 0.289003 -0.836317
vn -0.203595 0.480255 -0.853173
vn -0.0193845 0.45586 -0.88984
vn -0.0280463 0.468853 -0.882831
vn 0.0336429 0.48677 -0.872882
vn -0.0172481 0.487819 -0.872775
vn 0.207892 0.548615 -0.809817
vn 0.258586 0.535528 -0.803954
vn -0.0239297 0.106355 -0.99404
vn 0.127696 0.178672 -0.975587
vn 0.195874 -0.253221 -0.947371
vn -0.376914 0.185528 -0.907477
vn -0.266295 0.453745 -0.850413
vn -0.0753939 0.551245 -0.83093
vn -0.0939683 0.276885 -0.956297
vn -0.364286 0.694458 -0.620503
vn -0.214702 0.756565 -0.617667
vn -0.152642 0.417494 -0.895767
vn -0.0385922 0.500636 -0.864797
vn 0.0242691 0.205376 -0.978382
vn 0.0365783 0.387981 -0.920941
vn 0.258054 0.518694 -0.815086
vn 0.111463 0.230264 -0.966724
vn 0.0665442 0.474452 -0.877763
vn 0.423884 0.453642 -0.78392
vn 0.302465 0.580904 -0.755689
vn 0.0886855 0.778698 -0.621099
vn -0.296803 0.378776 -0.876605
vn -0.3921 0.354755 -0.848767
vn -0.203171 0.420595 -0.884207
vn -0.254842 0.763374 -0.593562
vn -0.067565 0.833903 -0.54776
vn -0.0431552 0.896865 -0.440194
vn 0.0398562 0.888527 -0.45709
vn 0.194938 0.8476 -0.493532
vn 0.263311 0.530183 -0.805961
vn 0.0967119 0.652178 -0.751871
vn 0.365468 0.239704 -0.89943
vn -0.153354 0.828605 -0.53842
vn -0.135919 0.883524 -0.448232
vn 0.262174 0.427992 -0.86492
vn 0.373761 0.596558 -0.710227
vn 0.365765 0.715569 -0.595128
vn 0.112841 0.353031 -0.928782
vn 0.23472 0.406775 -0.882859
vn 0.388796 0.425428 -0.817221
vn 0.273696 0.213176 -0.937895
vn 0.218132 0.0936689 -0.971414
vn 0.151199 0.788721 -0.595867
vn 0.350219 0.707116 -0.614275
vn 0.388359 0.600854 -0.698679
vn 0.225834 0.769866 -0.596914
vn 0.532506 0.178843 -0.827316
vn 0.474902 0.546565 -0.689735
vn 0.4707 0.557133 -0.684138
vn 0.387142 0.529465 -0.754843
vn 0.778327 0.133989 -0.613395
vn 0.45445 0.349903 -0.819172
vn 0.401103 0.293497 -0.867742
vn 0.40595 0.689017 -0.600383
vn 0.457625 0.502843 -0.7333
vn 0.409774 0.382065 -0.828318
vn 0.613426 0.401597 -0.680021
vn 0.395817 -0.000657173 -0.918329
vn 0.223973 0.00957204 -0.974548
vn 0.30545 0.0642385 -0.950039
vn 0.302094 0.00390973 -0.95327
vn 0.475142 -0.240372 -0.84644
vn 0.298838 -0.0531022 -0.952825
vn 0.395003 0.276676 -0.876027
vn 0.163309 -0.237997 -0.957438
vn 0.167815 -0.38564 -0.90726
vn 0.477779 0.399169 -0.782555
vn 0.406723 0.328024 -0.852629
vn 0.2583 0.264824 -0.929058
vn 0.396157 0.331923 -0.856088
vn 0.612533 0.366956 -0.700105
vn 0.153623 0.667067 -0.728987
vn 0.303363 0.74517 -0.593879
vn 0.340198 0.618876 -0.707996
vn 0.35356 0.595583 -0.721301
vn 0.0561633 0.660398 -0.748812
vn 0.153694 0.853579 -0.497776
vn -0.0141286 0.887202 -0.461166
vn 0.287827 0.798625 -0.528539
vn 0.0204927 0.892557 -0.450469
vn 0.125192 0.770818 -0.624633
vn 0.24383 0.768474 -0.591603
vn 0.291304 0.748233 -0.596062
vn 0.20078 0.874228 -0.442056
vn 0.0502287 0.88042 -0.471527
vn 0.0485934 0.908423 -0.415219
vn 0.0845643 0.849894 -0.520125
vn 0.0109332 0.894892 -0.446148
vn -0.0458989 0.87558 -0.480889
vn -0.0284225 0.831145 -0.555328
vn -0.245712 0.777923 -0.578327
vn -0.22442 0.810579 -0.540922
vn 0.318791 0.67421 -0.666193
vn 0.366837 0.206191 -0.907147
vn 0.136029 0.762372 -0.632681
vn 0.441507 0.358629 -0.82247
vn 0.142757 0.424106 -0.89429
vn -0.196774 0.791632 -0.578446
vn -0.178233 0.488029 -0.854436
vn 0.0328789 0.140547 -0.989528
vn -0.120617 0.419466 -0.899722
vn 0.0850261 0.438878 -0.894515
vn 0.216431 0.110646 -0.970008
vn 0.245905 -0.042911 -0.968344
vn 0.130564 0.221486 -0.966383
vn 0.300776 -0.00416787 -0.953686
vn -0.235889 0.652636 -0.720015
vn 0.334267 0.679098 -0.653523
vn 0.446906 0.630371 -0.63475
vn 0.412949 0.721095 -0.556323
vn 0.337275 0.732841 -0.590923
vn 0.340545 0.709825 -0.616585
vn 0.503255 0.41777 -0.756441
vn 0.426528 0.370076 -0.825299
vn 0.473505 0.722926 -0.50316
vn 0.477791 0.828895 -0.290944
vn -0.278726 0.829926 -0.483254
vn -0.0597273 0.915163 -0.398634
vn 0.543473 0.600846 -0.586192
vn 0.719881 0.349458 -0.599708
vn 0.582703 0.551938 -0.596508
vn 0.549737 0.574349 -0.606558
vn 0.418643 0.804048 -0.422191
vn 0.542381 0.757533 -0.363272
vn 0.803746 0.339554 -0.488565
vn 0.72378 0.500881 -0.474617
vn 0.799058 0.294119 -0.524405
vn 0.763922 0.255342 -0.592641
vn 0.68857 0.110887 -0.716642
vn 0.748318 0.302812 -0.590191
vn -0.325075 0.613238 -0.719907
vn -0.264855 0.592579 -0.760725
vn -0.233422 0.776361 -0.585472
vn -0.349968 0.746974 -0.565289
vn -0.475713 0.742742 -0.471203
vn -0.265004 0.874278 -0.406706
vn -0.0979466 0.970309 -0.221148
vn -0.491659 0.81846 -0.297311
vn 0.665738 0.034677 -0.74538
vn -0.581416 0.00162944 -0.813604
vn -0.513398 0.853648 0.0877964
vn 0.19048 0.748006 -0.635771
vn 0.184518 0.0129786 -0.982743
vn -0.995881 -0.00193748 0.0906462
vn 0.381339 -0.54887 -0.743856
vn 0.461433 -0.425609 -0.778419
vn 0.469115 0.741972 -0.478966
vn 0.210201 0.673068 -0.709081
vn 0.452131 -0.642712 -0.618465
vn 0.951555 -0.212874 -0.221872
vn 0.0909602 0.0770575 0.992869
vn 0.465936 -0.871936 -0.150433
vn 0.481447 -0.569064 -0.666615
vn 0.670926 -0.607538 -0.425155
vn -0.598271 0.551193 -0.5816
vn 0.425214 -0.897867 0.114142
vn -0.485222 -0.694043 0.531849
vn -0.0310253 -0.728178 0.684685
vn -0.368219 -0.849699 0.377395
vn -0.233542 -0.970708 -0.0564247
vn 0.0874524 -0.987593 -0.130434
vn 0.355495 -0.367979 0.859194
vn 0.425042 -0.904172 0.0425609
vn 0.821585 -0.426056 -0.37878
vn 0.813866 0.546778 0.196609
vn -0.361905 -0.52736 0.76871
vn -0.454751 -0.406474 0.792452
vn -0.109083 -0.119973 0.986766
vn -0.467383 -0.342234 0.815126
vn -0.597406 -0.508558 0.62006
vn 0.28461 0.407181 0.867872
vn -0.607808 -0.0589484 0.791893
vn -0.615313 -0.0505929 0.786658
vn -0.490998 0.104158 0.864912
vn 0.00404291 0.278302 0.960485
vn 0.102923 0.727686 0.678145
vn -0.600195 -0.312392 0.736327
vn -0.660458 -0.0869222 0.745815
vn -0.686427 -0.11434 0.718154
vn -0.849203 -0.288087 0.442561
vn -0.792506 -0.572016 0.211501
vn -0.260675 -0.159408 0.952175
vn -0.595359 0.803289 0.0165841
vn -0.513398 0.853648 0.0877964
vn -0.30569 -0.688019 0.658167
vn -0.995881 -0.00193748 0.0906462
vn 0.732397 -0.227641 0.641697
vn 0.464299 -0.610994 0.641181
vn 0.712012 0.226572 0.664608
vn 0.499124 -0.749777 0.434408
vn 0.554475 -0.361271 0.749694
vn 0.598308 -0.254579 0.759748
vn -0.0767782 -0.283577 0.955871
vn -0.109117 -0.357152 0.927651
vn 0.86699 -0.08679 -0.490709
vn 0.221636 0.804073 -0.551674
vn -0.340803 0.602877 -0.721382
vn 0.091657 -0.991494 -0.0924069
vn 0.393198 0.057634 -0.917646
vn -0.927647 0.1284 0.350691
vn -0.428627 -0.874682 -0.226295
vn -0.272798 -0.894072 0.355269
vn -0.125871 0.227835 0.96553
vn -0.0918798 0.35333 -0.930976
vn 0.491524 -0.560779 -0.666282
vn 0.603498 -0.0293977 -0.796822
vn 0.620195 -0.783978 0.0271339
vn 0.151817 -0.72875 -0.667739
vn 0.184518 0.0129786 -0.982743
vn 0.550068 -0.833713 0.0484632
vn -0.0463491 -0.996406 0.0708997
vn 0.486947 -0.831299 -0.268001
vn 0.393198 0.057634 -0.917646
vn 0.86699 -0.08679 -0.490709
vn 0.185137 -0.937566 0.294438
vn 0.392475 -0.842342 0.369354
vn 0.091657 -0.991494 -0.0924069
vn -0.581416 0.00162944 -0.813604
vn -0.995881 -0.00193748 0.0906462
vn -0.503534 -0.333607 -0.796969
vn -0.724658 0.645205 0.242037
vn -0.408093 -0.905864 -0.113451
vn -0.976814 -0.202743 0.0687712
vn -0.432123 0.615707 0.658919
vn -0.408093 -0.905864 -0.113451
vn -0.432123 0.615707 0.658919
vn -0.767402 0.171761 0.617731
vn -0.63019 -0.753275 0.188252
vn -0.840839 0.038356 0.539925
vn -0.736303 -0.434684 0.518563
vn -0.280479 -0.945048 0.167974
vn -0.624101 -0.691031 0.364658
vn -0.436166 -0.868779 0.234484
vn -0.543082 -0.680189 0.492345
vn -0.733151 -0.506877 0.453394
vn -0.777076 -0.493831 0.390235
vn 0.379223 0.914045 -0.143915
vn 0.437366 0.774398 0.457186
vn 0.225642 0.914248 0.336506
vn 0.0881869 0.954393 0.285231
vn 0.276839 0.957185 -0.084603
vn 0.444993 0.876707 -0.182663
vn -0.0430395 0.976977 0.208959
vn 0.00884144 0.990525 0.137045
vn 0.394256 0.91819 -0.0385778
vn 0.0905423 0.995158 0.0382476
vn -0.032092 0.996179 0.0812252
vn 0.120561 0.984814 -0.124922
vn 0.377895 0.922807 -0.074983
vn 0.237711 0.933986 -0.266766
vn 0.172017 0.917953 -0.357452
vn 0.407049 0.879904 -0.245115
vn 0.357766 0.899415 -0.25111
vn 0.181319 0.96344 -0.197249
vn 0.267607 0.867222 -0.419895
vn 0.0808159 0.894342 -0.440025
vn 0.3718 0.827954 -0.41983
vn 0.326874 0.849429 -0.414275
vn 0.361252 0.819366 -0.445126
vn 0.358128 0.854572 -0.3761
vn 0.364819 0.866681 -0.340252
vn 0.00258612 0.999422 -0.0339058
vn 0.0657338 0.992152 -0.106366
vn -0.058625 0.970473 0.233976
vn -0.288978 0.957335 0.00116777
vn -0.0979466 0.970309 -0.221148
vn -0.623256 0.763645 -0.168518
vn -0.0841068 0.909522 0.407056
vn 0.416135 0.802401 -0.427766
vn 0.545989 0.794005 -0.267304
vn 0.457576 0.808624 -0.369798
vn 0.472734 0.768637 -0.430952
vn 0.278183 0.902565 -0.328619
vn 0.275838 0.843971 -0.46003
vn -0.0051707 0.893014 -0.449998
vn 0.014701 0.926575 -0.375822
vn 0.284876 0.826317 -0.485845
vn 0.0361045 0.850185 -0.525244
vn -0.380791 0.818021 -0.431091
vn -0.402404 0.848442 -0.343827
vn 0.339896 0.744541 -0.574569
vn 0.401336 0.759473 -0.511987
vn 0.42325 0.789921 -0.443716
vn 0.379471 0.809277 -0.448411
vn 0.434488 0.853994 -0.286206
vn 0.4475 0.778769 -0.439617
vn 0.365724 0.809191 -0.459843
vn 0.408519 0.803187 -0.433593
vn 0.0907977 0.851255 -0.516838
vn 0.357925 0.757031 -0.546621
vn 0.208084 0.801343 -0.560847
vn 0.42252 0.733066 -0.533002
vn 0.521209 0.668964 -0.529932
vn 0.504451 0.644768 -0.574286
vn 0.659226 0.579732 -0.478886
vn 0.184572 0.819429 -0.54265
vn 0.260268 0.896594 -0.358301
vn 0.464344 0.757654 -0.458635
vn 0.213284 0.837445 -0.503185
vn 0.609637 0.744998 0.270776
vn 0.585327 0.785747 -0.199983
vn 0.307348 0.726913 -0.614113
vn 0.142994 0.781117 -0.607791
vn 0.205276 0.642769 -0.738044
vn 0.813866 0.546778 0.196609
vn 0.346776 0.68476 -0.640976
vn -0.0604964 0.761926 -0.644832
vn 0.267329 0.733223 -0.625235
vn 0.357781 0.554172 -0.751589
vn 0.295777 0.447618 -0.843892
vn -0.153092 0.649213 -0.74504
vn 0.479011 0.583675 -0.655646
vn 0.323734 0.721805 -0.611714
vn 0.271334 0.76927 -0.578447
vn 0.066155 0.832096 -0.550672
vn 0.0145322 0.874463 -0.484874
vn 0.463891 0.557574 -0.688416
vn 0.55441 0.521676 -0.648447
vn 0.300101 0.782799 -0.545128
vn 0.349656 0.732597 -0.583989
vn 0.452221 0.662987 -0.596611
vn 0.541487 0.391491 -0.743994
vn 0.376622 0.372324 -0.848251
vn 0.325347 0.412156 -0.851044
vn 0.315978 0.524403 -0.79067
vn 0.418437 0.352948 -0.836862
vn 0.534985 0.615811 -0.578419
vn 0.614857 0.518845 -0.593928
vn 0.534837 0.358926 -0.764932
vn 0.316234 0.388477 -0.865495
vn -0.070394 0.696955 -0.713652
vn 0.198909 0.606475 -0.76982
vn -0.119023 0.893939 -0.432095
vn 0.0656665 0.678902 -0.731287
vn -0.392976 0.726414 -0.56382
vn -0.225848 0.707666 -0.669479
vn 0.160918 0.383296 -0.9095
vn 0.230485 0.357113 -0.905178
vn 0.0850261 0.438878 -0.894515
vn 0.491236 0.11407 -0.863525
vn -0.2794 0.849015 -0.448452
vn -0.403944 0.738182 -0.540294
vn 0.450098 0.345009 -0.823639
vn 0.510227 0.238844 -0.826209
vn 0.524606 0.489398 -0.696619
vn -0.3977 0.852426 -0.339419
vn 0.615144 0.278199 -0.737702
vn 0.604843 0.273115 -0.748046
vn 0.321385 0.230152 -0.918554
vn 0.342882 0.169698 -0.923923
vn -0.120617 0.419466 -0.899722
vn -0.233422 0.776361 -0.585472
vn 0.821585 -0.426056 -0.37878
vn 0.624687 0.28969 -0.725152
vn -0.515531 0.856813 0.00993382
vn -0.235889 0.652636 -0.720015
vn 0.130564 0.221486 -0.966383
vn 0.300776 -0.00416787 -0.953686
vn -0.520374 0.811603 -0.265542
vn -0.491659 0.81846 -0.297311
vn -0.231447 0.845291 -0.481577
vn -0.296989 0.824207 -0.482162
vn -0.154366 0.845375 -0.511383
vn 0.0416861 0.724731 -0.68777
vn 0.214539 0.526414 -0.822716
vn 0.343495 0.342287 -0.874558
vn 0.299597 0.595212 -0.74563
vn 0.0964144 0.365295 -0.925886
vn 0.0257326 0.466125 -0.884344
vn -0.0598234 0.930132 -0.362319
vn 0.0968758 0.724424 -0.682514
vn 0.131922 0.806637 -0.576136
vn 0.103948 0.62891 -0.770498
vn 0.139368 0.515585 -0.845428
vn 0.165129 0.642468 -0.748309
vn 0.0611529 0.959069 -0.276491
vn -0.222901 0.971901 -0.0756512
vn 0.330638 0.689241 -0.644691
vn 0.370231 0.779695 -0.50498
vn 0.244614 0.260089 -0.934086
vn 0.476393 0.629943 -0.613369
vn 0.40196 0.687261 -0.605062
vn 0.222383 0.255678 -0.940837
vn 0.444398 0.308868 -0.840899
vn 0.430556 0.644906 -0.631441
vn 0.298965 0.943072 -0.145724
vn 0.559498 0.664572 -0.495284
vn 0.350646 0.869904 -0.346863
vn -0.0297058 0.977305 0.209742
vn 0.392453 0.251797 -0.884635
vn 0.60445 0.582534 -0.54341
vn 0.543062 0.440293 -0.715001
vn -0.0207148 0.795718 -0.605313
vn -0.0171575 0.99504 -0.0979858
vn 0.586869 0.528287 -0.613594
vn 0.534621 0.45731 -0.710667
vn -0.046876 0.508332 -0.859885
vn -0.467415 0.863346 -0.190147
vn 0.0611755 0.976802 0.20522
vn -0.325684 0.944902 0.0330254
vn -0.549688 0.811727 -0.197338
vn -0.696914 0.364293 -0.617739
vn -0.419254 -0.450939 -0.787959
vn -0.878803 0.394329 -0.268719
vn -0.862967 0.500489 -0.0692729
vn -0.622142 0.721514 0.303902
vn -0.548552 -0.0959865 0.830588
vn -0.731776 0.681536 0.00370776
vn -0.475476 0.330357 0.815345
vn -0.574564 0.817251 -0.0444605
vn -0.888734 0.00422256 0.458404
vn -0.874733 0.373011 0.309363
vn -0.423653 0.901611 -0.087267
vn -0.569974 0.797819 -0.196505
vn -0.595359 0.803289 0.0165841
vn -0.333617 0.910573 -0.244044
vn 0.221636 0.804073 -0.551674
vn -0.44486 0.516942 -0.731348
vn -0.340803 0.602877 -0.721382
vn -0.436892 0.81703 -0.37628
vn -0.419192 0.895518 0.149419
vn -0.890732 0.403961 0.208354
vn -0.0918798 0.35333 -0.930976
vn -0.513398 0.853648 0.0877964
vn 0.603498 -0.0293977 -0.796822
vn -0.375934 0.0026845 -0.926643
vn -0.450396 0.528874 -0.71933
vn -0.468697 0.562737 -0.680919
vn -0.218232 0.469735 -0.855408
vn -0.344255 -0.117257 -0.931525
vn -0.221889 0.738172 -0.637078
vn -0.152233 -0.0101578 -0.988292
vn 0.393823 0.182327 -0.900922
vn 0.282102 0.758439 -0.587528
vn 0.393198 0.057634 -0.917646
vn 0.334224 -0.00928998 -0.942448
vn 0.150749 -0.369119 -0.917074
vn -0.35836 0.430373 -0.828467
vn -0.122289 0.951369 -0.28274
vn -0.389032 0.899079 -0.200775
vn -0.312697 0.92592 0.211879
vn -0.11414 0.954483 -0.275561
vn 0.00214941 0.995219 0.0976454
vn -0.0781697 0.837658 0.540572
vn -0.308188 0.719442 0.622433
vn -0.706866 0.70366 0.0721289
vn -0.439583 0.895913 -0.0640853
vn -0.555892 0.745011 -0.368704
vn -0.531577 0.794442 -0.293747
vn -0.432244 0.88181 -0.188617
vn -0.598271 0.551193 -0.5816
vn -0.521652 0.81487 -0.252718
vn -0.229183 0.567232 -0.791026
vn -0.354081 0.872157 -0.337593
vn -0.130107 0.767726 -0.627431
vn -0.524814 0.249471 -0.813839
vn -0.74382 -0.340674 -0.575042
vn -0.0395297 0.387499 -0.921022
vn 0.210201 0.673068 -0.709081
vn -0.315769 0.947739 -0.045605
vn -0.823228 0.117764 -0.555362
vn 0.469115 0.741972 -0.478966
vn -0.998753 0.0168064 -0.0470015
vn -0.363279 0.761912 0.536207
vn -0.53837 0.0135589 0.8426
vn -0.964039 -0.12745 0.233208
vn -0.0186138 0.986221 0.16438
vn -0.777875 0.355282 0.518349
vn 0.109673 0.452485 -0.885002
vn 0.48024 0.103344 -0.871028
vn 0.106431 0.248607 -0.962739
vn -0.437607 0.255933 0.861974
vn 0.0301333 0.132105 -0.990778
vn -0.0675072 -0.170701 0.983008
vn -0.520819 -0.328414 0.787967
vn 0.0909602 0.0770575 0.992869
vn -0.17211 -0.0186272 0.984902
vn 0.0427389 -0.323178 -0.945373
vn -0.998994 -0.0447686 -0.00250915
vn -0.878803 0.394329 -0.268719
vn -0.849203 -0.288087 0.442561
vn -0.792506 -0.572016 0.211501
vn -0.696914 0.364293 -0.617739
vn -0.9479 0.172377 0.267902
vn -0.862967 0.500489 -0.0692729
vn -0.832176 0.141835 0.536065
vn -0.686427 -0.11434 0.718154
vn -0.732404 -0.613553 0.295188
vn -0.717728 -0.278357 0.638267
vn -0.598599 -0.155022 0.785905
vn 0.544933 -0.387868 -0.743375
vn 0.437474 -0.444559 -0.781654
vn 0.42509 -0.523451 -0.738442
vn 0.150749 -0.369119 -0.917074
vn 0.393823 0.182327 -0.900922
vn 0.334224 -0.00928998 -0.942448
vn 0.170296 -0.903967 -0.392228
vn 0.155864 -0.77826 -0.60829
vn 0.402827 -0.867743 -0.291121
vn 0.425075 -0.831403 -0.357882
vn 0.0427389 -0.323178 -0.945373
vn 0.343172 -0.83756 -0.425118
vn 0.301344 -0.446404 -0.842565
vn 0.736023 -0.49634 -0.460343
vn 0.622021 -0.579911 -0.526112
vn 0.441855 -0.233306 -0.866217
vn 0.421106 -0.445131 -0.790271
vn 0.17443 -0.924088 -0.340053
vn 0.126373 -0.414327 -0.901312
vn 0.37292 -0.785466 -0.493937
vn 0.352674 -0.520241 -0.777798
vn 0.570717 -0.63334 -0.522649
vn 0.524692 -0.658658 -0.539322
vn 0.406031 -0.390727 -0.826118
vn 0.488407 -0.502352 -0.713513
vn 0.398027 -0.838505 -0.372133
vn 0.484852 -0.440493 -0.755569
vn 0.647228 -0.496497 -0.578435
vn 0.466014 -0.864069 -0.190306
vn 0.549659 -0.806566 -0.217546
vn 0.600771 -0.394722 -0.695175
vn 0.527812 -0.173258 -0.831502
vn 0.561408 -0.272858 -0.781262
vn 0.616608 -0.504382 -0.604478
vn 0.453675 -0.372398 -0.809628
vn 0.685894 -0.377665 -0.622028
vn 0.640015 -0.636819 -0.429932
vn 0.714702 -0.617 -0.329412
vn 0.665881 -0.529253 -0.525827
vn 0.572902 -0.652835 -0.49557
vn 0.425376 -0.873396 -0.23714
vn 0.710855 -0.393691 -0.582832
vn 0.686307 -0.390156 -0.613809
vn 0.452759 -0.817272 -0.356476
vn 0.681741 -0.387352 -0.620634
vn 0.720777 -0.42524 -0.547404
vn 0.47503 -0.747007 -0.46511
vn 0.635983 -0.763731 -0.11064
vn 0.199392 -0.979678 -0.021755
vn 0.259407 -0.964796 0.0433111
vn 0.654586 -0.711086 0.256659
vn 0.718573 -0.458372 -0.523017
vn 0.33777 -0.71926 -0.607105
vn 0.346619 -0.857175 -0.380929
vn 0.268198 -0.880605 -0.390647
vn 0.587899 -0.475364 -0.654525
vn 0.308062 -0.832247 -0.460936
vn 0.424751 -0.447983 -0.786701
vn 0.562254 -0.442852 -0.698393
vn 0.64104 -0.303361 -0.70501
vn 0.681807 -0.384104 -0.622578
vn 0.721586 -0.21199 -0.659071
vn 0.790197 0.0589946 -0.610007
vn 0.697865 -0.345422 -0.627429
vn 0.59974 0.134487 -0.788813
vn 0.475172 0.083443 -0.875928
vn 0.356255 -0.866784 0.348952
vn 0.485353 -0.00724393 -0.874288
vn 0.37084 -0.348497 -0.86083
vn 0.717958 -0.59461 -0.361905
vn 0.296388 -0.939357 -0.172518
vn 0.101262 -0.994785 0.0122278
vn 0.441588 -0.818116 0.368356
vn 0.339285 -0.928377 0.151663
vn 0.401712 -0.285153 -0.870239
vn 0.48024 0.103344 -0.871028
vn 0.21149 -0.0100656 -0.977328
vn 0.371311 -0.865969 0.335002
vn 0.438268 -0.878522 0.190055
vn 0.501231 0.116303 -0.857462
vn 0.632692 -0.771115 -0.0712924
vn 0.295829 -0.942129 0.15773
vn 0.548774 -0.742574 0.383968
vn 0.180169 -0.897698 0.402092
vn 0.310874 -0.918116 0.245806
vn 0.0577746 -0.922258 0.382234
vn 0.014062 -0.994836 0.100518
vn 0.106779 -0.886781 0.449687
vn -0.0140196 -0.903175 0.429044
vn 0.184036 -0.898691 0.398103
vn 0.127292 -0.12205 -0.984327
vn 0.569025 0.292885 -0.768394
vn 0.175344 0.0175132 -0.984351
vn 0.253564 0.30184 -0.91902
vn 0.338544 0.446416 -0.828312
vn 0.426528 0.403679 -0.809393
vn 0.419297 0.393184 -0.818289
vn 0.0301333 0.132105 -0.990778
vn -0.0608789 0.308263 -0.949351
vn -0.0395297 0.387499 -0.921022
vn 0.106431 0.248607 -0.962739
vn 0.109673 0.452485 -0.885002
vn -0.35836 0.430373 -0.828467
vn -0.475476 0.330357 0.815345
vn 0.171025 -0.249588 0.95313
vn 0.392475 -0.842342 0.369354
vn 0.185137 -0.937566 0.294438
vn -0.548552 -0.0959865 0.830588
vn -0.888734 0.00422256 0.458404
vn -0.595359 0.803289 0.0165841
vn -0.30569 -0.688019 0.658167
vn 0.486947 -0.831299 -0.268001
vn 0.550068 -0.833713 0.0484632
vn 0.470857 -0.663279 0.581682
vn 0.620195 -0.783978 0.0271339
vn -0.0463491 -0.996406 0.0708997
vn -0.260675 -0.159408 0.952175
vn -0.995881 -0.00193748 0.0906462
vn 0.142204 -0.96835 -0.205123
vn 0.0550301 -0.977243 -0.204862
vn 0.0474368 -0.998872 -0.00209266
vn 0.0232107 -0.997858 -0.0611658
vn 0.452131 -0.642712 -0.618465
vn 0.381339 -0.54887 -0.743856
vn 0.481447 -0.569064 -0.666615
vn 0.670926 -0.607538 -0.425155
vn 0.216737 -0.942256 -0.255301
vn 0.408101 -0.888022 -0.211827
vn 0.258866 -0.924351 -0.280292
vn 0.41215 -0.852285 -0.322091
vn 0.624551 -0.743812 -0.238075
vn 0.408544 -0.774779 -0.482502
vn -0.53837 0.0135589 0.8426
vn -0.998753 0.0168064 -0.0470015
vn 0.465936 -0.871936 -0.150433
vn -0.430214 -0.649919 0.626515
vn 0.425214 -0.897867 0.114142
vn -0.0520021 -0.924676 -0.377187
vn 0.962473 0.19861 0.18493
vn 0.106944 0.0336675 -0.993695
vn 0.461433 -0.425609 -0.778419
vn -0.964039 -0.12745 0.233208
vn 0.781143 -0.453863 -0.428746
vn 0.104838 -0.746277 -0.657327
vn 0.107086 -0.964928 -0.23968
vn 0.0212174 -0.999072 0.0374858
vn 0.26201 -0.854887 -0.447793
vn 0.212294 -0.955013 -0.207079
vn -0.0657174 -0.952546 0.297215
vn 0.127236 -0.855679 0.501621
vn -0.107707 -0.976975 0.18417
vn -0.0202372 -0.999793 -0.00209996
vn -0.225697 -0.916448 0.330429
vn 0.123531 -0.903181 -0.411101
vn 0.115137 -0.981864 -0.150618
vn -0.0331246 -0.99843 0.0451638
vn 0.106293 -0.985414 -0.132897
vn -0.0809666 -0.992615 0.0903363
vn 0.0286775 -0.997433 -0.0656121
vn -0.177699 -0.979531 0.0945646
vn -0.0184121 -0.980502 -0.195643
vn -0.358704 -0.842364 0.402186
vn 0.152295 -0.939665 -0.306328
vn 0.291769 -0.88547 -0.361681
vn -0.352806 -0.924937 -0.141492
vn -0.153683 -0.934849 -0.32006
vn 0.0317414 -0.966012 -0.256541
vn 0.0363511 -0.942743 -0.331533
vn 0.292164 -0.854655 -0.429191
vn 0.19331 -0.898372 -0.394409
vn 0.250253 -0.854755 -0.454718
vn 0.282461 -0.851608 -0.441564
vn -0.581594 -0.778645 0.235499
vn -0.295747 -0.83211 0.469177
vn 0.116413 -0.873264 -0.473136
vn 0.288518 -0.805125 -0.518199
vn 0.249252 -0.82848 -0.501492
vn -0.388597 -0.813531 0.432621
vn -0.489486 -0.75795 0.431179
vn -0.372078 -0.754221 0.541026
vn 0.369634 -0.751804 -0.546042
vn 0.248584 -0.763766 -0.595708
vn 0.440138 -0.897003 0.0407804
vn 0.555887 -0.682576 -0.474424
vn 0.398739 -0.799054 0.450023
vn 0.372189 -0.658429 0.654176
vn -0.355425 -0.86987 -0.342052
vn 0.0337344 -0.990611 -0.132481
vn -0.057837 -0.997868 -0.0302469
vn 0.0639553 -0.902433 -0.426058
vn -0.042256 -0.94415 -0.326795
vn -0.168388 -0.982591 0.078485
vn -0.315986 -0.928787 -0.193669
vn -0.0641426 -0.982509 0.174821
vn 0.0915057 -0.995525 0.0236043
vn -0.0924656 -0.989787 0.108501
vn 0.262808 -0.904548 -0.335746
vn -0.150481 -0.93651 0.316709
vn 0.238992 -0.969452 -0.0551867
vn 0.00692619 -0.98425 0.176644
vn -0.304233 -0.854254 0.421535
vn -0.45027 -0.861023 0.236424
vn -0.321915 -0.83956 0.437618
vn -0.326975 -0.845168 0.422822
vn 0.286985 -0.777841 -0.559109
vn 0.0225248 -0.973514 -0.227515
vn 0.381811 -0.876183 -0.294149
vn 0.398112 -0.900157 -0.176706
vn -0.307792 -0.951345 0.0143617
vn 0.532641 -0.71125 -0.458712
vn 0.304091 -0.93804 -0.166163
vn 0.601309 -0.694296 -0.395449
vn 0.391138 -0.872245 -0.293596
vn 0.400515 -0.901498 -0.163978
vn 0.408399 -0.79454 -0.449352
vn 0.104838 -0.746277 -0.657327
vn 0.781143 -0.453863 -0.428746
vn 0.238164 -0.776577 -0.583272
vn 0.41215 -0.852285 -0.322091
vn 0.701088 -0.571352 -0.426653
vn 0.444407 -0.786649 -0.428586
vn 0.366274 -0.800013 -0.475209
vn 0.56167 -0.700971 -0.439508
vn 0.624551 -0.743812 -0.238075
vn 0.408544 -0.774779 -0.482502
vn -0.154721 -0.925287 -0.346274
vn -0.0136219 -0.715002 -0.698989
vn 0.342328 -0.78189 -0.521018
vn 0.190522 -0.872371 -0.450189
vn 0.25026 -0.858439 -0.44772
vn 0.187217 -0.868685 -0.458624
vn 0.372933 -0.747162 -0.550155
vn 0.091135 -0.898685 -0.429023
vn 0.0686525 -0.924355 -0.375305
vn 0.0367735 -0.919125 -0.392245
vn 0.0278393 -0.947251 -0.319282
vn 0.0796425 -0.921543 -0.380021
vn 0.102216 -0.806074 -0.58292
vn 0.0897404 -0.864697 -0.494213
vn -0.0562305 -0.833913 -0.549024
vn -0.114012 -0.805203 -0.581935
vn -0.17751 -0.918918 -0.352249
vn -0.0329046 -0.990302 -0.13498
vn 0.132511 -0.910422 -0.391883
vn 0.035667 -0.965129 -0.259332
vn -0.327792 -0.944686 -0.0109975
vn -0.0622227 -0.997036 -0.0452453
vn 0.346357 -0.924079 0.161599
vn 0.0582258 -0.939524 0.337497
vn 0.318407 -0.776478 0.543782
vn -0.105326 -0.994257 0.0189577
vn -0.264718 -0.959988 0.0913633
vn -0.0443248 -0.997422 -0.0564361
vn 0.160934 -0.906237 -0.390941
vn 0.0249575 -0.973111 -0.228981
vn 0.265157 -0.76677 -0.584599
vn 0.0320175 -0.892913 -0.44909
vn -0.110339 -0.990261 -0.0849001
vn -0.355425 -0.86987 -0.342052
vn -0.0663398 -0.997685 -0.0149393
vn -0.0734698 -0.994364 0.076435
vn -0.195905 -0.950967 0.239339
vn -0.336925 -0.927625 0.161226
vn -0.505516 -0.85608 0.10761
vn -0.195505 -0.95991 0.200874
vn 0.206314 -0.968979 0.13607
vn -0.488426 -0.840584 0.23422
vn 0.061 -0.925236 0.374455
vn -0.153683 -0.934849 -0.32006
vn 0.0363511 -0.942743 -0.331533
vn -0.273352 -0.863689 0.423461
vn -0.536509 -0.794079 0.285652
vn -0.388459 -0.668702 0.633985
vn 0.589784 0.519638 -0.618168
vn 0.0109439 0.0148196 -0.99983
vn 0.147591 0.923033 -0.355285
vn 0.191275 0.456253 -0.86905
vn -0.00114839 0.401033 -0.916063
vn 0.0200988 0.387624 -0.921599
vn 0.0816532 0.395675 -0.914754
vn 0.00886142 0.0839111 -0.996434
vn -0.208608 0.531785 -0.820785
vn -0.0524051 0.4387 -0.897104
vn -0.0519758 0.631085 -0.77397
vn 0.0684187 0.246687 -0.966677
vn -0.1227 0.720526 -0.682486
vn -0.263505 0.869059 -0.41869
vn 0.329043 0.419194 -0.846172
vn 0.336828 0.720338 -0.60635
vn 0.0706731 0.916634 -0.393431
vn 0.284466 0.8504 -0.442606
vn 0.478518 0.691766 -0.540814
vn 0.0101044 0.923781 -0.382788
vn -0.0144428 0.925798 -0.377743
vn -0.0479154 0.923486 -0.380628
vn -0.0966432 0.911802 -0.399095
vn -0.0891095 0.454789 -0.88613
vn -0.249095 0.882794 -0.398279
vn -0.18926 0.529695 -0.826804
vn -0.448332 0.812137 -0.373407
vn -0.278451 0.670025 -0.688136
vn 0.308341 0.846279 -0.434441
vn -0.222275 0.968568 -0.111664
vn -0.426197 0.87553 -0.227604
vn 0.221591 0.975138 0.00183326
vn 0.448521 0.888474 0.0971768
vn -0.0520021 -0.924676 -0.377187
vn -0.823228 0.117764 -0.555362
vn -0.998753 0.0168064 -0.0470015
vn -0.524814 0.249471 -0.813839
vn -0.327018 -0.40207 0.855219
vn -0.830924 -0.383883 0.40274
vn -0.319379 -0.852243 0.414343
vn -0.46631 -0.874221 -0.135251
vn -0.893657 -0.366157 -0.259434
vn 0.207791 -0.816458 0.538721
vn 0.024762 -0.992516 0.119578
vn -0.089144 -0.869398 -0.486004
vn 0.506438 -0.850749 0.140522
vn 0.887795 0.0110139 -0.460107
vn 0.441738 0.802557 -0.40096
vn 0.107633 0.820945 -0.560772
vn 0.841532 -0.0218281 -0.539766
vn 0.811078 -7.51089e-05 -0.584937
vn -0.198981 0.898334 -0.391666
vn 0.645757 0.366137 -0.670031
vn 0.720318 -0.460994 -0.518291
vn -0.446509 0.680865 -0.580562
vn 0.0125686 0.474878 -0.879962
vn -0.74382 -0.340674 -0.575042
vn 0.670926 -0.607538 -0.425155
vn -0.598271 0.551193 -0.5816
vn 0.104838 -0.746277 -0.657327
vn -0.0136219 -0.715002 -0.698989
vn -0.154721 -0.925287 -0.346274
vn -0.520819 -0.328414 0.787967
vn 0.318407 -0.776478 0.543782
vn -0.388459 -0.668702 0.633985
vn -0.454718 -0.577411 0.678107
vn -0.272798 -0.894072 0.355269
vn 0.183058 -0.982895 0.020166
vn 0.722987 0.398517 0.564335
vn -0.125871 0.227835 0.96553
vn 0.543551 -0.821743 -0.171144
vn -0.330471 -0.943639 -0.018296
vn 0.34536 -0.929992 0.125867
vn 0.290596 -0.835273 -0.466769
vn 0.525578 -0.844356 0.10407
vn 0.425214 -0.897867 0.114142
vn 0.129612 -0.989111 -0.0697135
vn 0.354898 -0.789567 0.50063
vn -0.430214 -0.649919 0.626515
vn 0.821585 -0.426056 -0.37878
vn 0.659226 0.579732 -0.478886
vn 0.710964 -0.133525 -0.690435
vn 0.492747 -0.46697 -0.734261
vn 0.42087 0.0605204 -0.9051
vn 0.559983 0.156181 -0.81365
vn 0.21403 -0.492166 -0.84378
vn -0.840839 0.038356 0.539925
vn -0.767402 0.171761 0.617731
vn -0.569147 0.657655 0.49352
vn -0.818242 0.274397 0.505159
vn -0.432123 0.615707 0.658919
vn -0.1228 0.684392 0.718698
vn -0.654941 -0.203376 0.727798
vn -0.874733 0.373011 0.309363
vn -0.629984 -0.0562753 0.774566
vn -0.475476 0.330357 0.815345
vn -0.890732 0.403961 0.208354
vn -0.437607 0.255933 0.861974
vn -0.632229 -0.683179 -0.365448
vn -0.986092 -0.13637 -0.0950043
vn -0.757586 -0.635242 -0.150104
vn -0.693766 -0.71999 -0.0174098
vn -0.918022 -0.161368 0.362211
vn -0.749949 -0.585686 0.307488
vn -0.53059 -0.345987 0.7738
vn -0.50298 -0.857743 -0.106249
vn -0.78711 -0.616806 -0.00285538
vn -0.753859 -0.530784 0.387254
vn -0.69019 -0.699331 0.185942
vn -0.443946 -0.824635 0.350556
vn -0.971166 0.237366 0.0222222
vn -0.806604 -0.470888 -0.357286
vn -0.994349 -0.0911613 0.0543957
vn -0.660859 0.539217 0.522026
vn -0.853614 0.258924 0.451997
vn -0.644741 -0.0913641 0.758921
vn -0.847476 0.387769 0.362519
vn 0.184518 0.0129786 -0.982743
vn 0.19048 0.748006 -0.635771
vn 0.603498 -0.0293977 -0.796822
vn -0.513398 0.853648 0.0877964
vn -0.153531 -0.0884688 -0.984176
vn -0.994349 -0.0911613 0.0543957
vn -0.806604 -0.470888 -0.357286
vn -0.667885 -0.228613 -0.708284
vn -0.623256 0.763645 -0.168518
vn -0.537292 -0.0942459 -0.838114
vn -0.83852 0.0429156 -0.543177
vn -0.915119 0.345228 0.208267
vn -0.677736 0.731757 -0.0721487
vn -0.469478 0.446081 -0.761973
vn -0.491659 0.81846 -0.297311
vn -0.288978 0.957335 0.00116777
vn -0.330625 0.59521 0.732401
vn 0.962473 0.19861 0.18493
vn -0.53837 0.0135589 0.8426
vn -0.0186138 0.986221 0.16438
vn -0.840822 0.538043 -0.0593961
vn -0.768855 -0.216679 -0.601592
vn -0.68144 -0.0864558 -0.726749
vn -0.431967 0.458373 -0.776723
vn -0.385077 -0.246493 -0.889358
vn -0.459211 0.888082 -0.0208592
vn -0.14988 0.437441 -0.886668
vn -0.181602 0.98336 -0.00489711
vn -0.0387232 0.396522 -0.917208
vn -0.164965 0.981508 -0.0971026
vn -0.0229687 0.376581 -0.926099
vn -0.0465821 0.94343 -0.328284
vn -0.214347 0.722327 -0.657495
vn -0.0299243 0.325783 -0.944971
vn 0.100819 0.669002 -0.736391
vn -0.448234 0.893865 -0.00953367
vn 0.153678 0.985449 -0.0726189
vn -0.222619 0.97478 0.0156374
vn 0.267978 0.921683 -0.280513
vn 0.0118126 0.325693 -0.945402
vn -0.0438557 0.932953 -0.357317
vn -0.278451 0.670025 -0.688136
vn -0.0979562 -0.293426 -0.95095
vn -0.00914825 -0.0417362 -0.999087
vn -0.221843 -0.483251 -0.846908
vn -0.000479815 -0.0394643 -0.999221
vn 0.205853 -0.487886 -0.848287
vn 0.11429 -0.30244 -0.946292
vn -0.0723403 -0.339136 -0.937952
vn 0.00941836 0.258709 -0.965909
vn -0.0084287 -0.393891 -0.919119
vn -0.0596069 0.265116 -0.962372
vn -0.602379 0.297942 -0.74052
vn -0.331303 0.387543 -0.860261
vn -0.032777 0.156768 -0.987091
vn -0.156132 0.446809 -0.8809
vn -0.0227732 0.113651 -0.99326
vn -0.161403 0.65975 -0.733947
vn -0.252953 0.677185 -0.690967
vn -0.0524051 0.4387 -0.897104
vn -0.0891095 0.454789 -0.88613
vn -0.208608 0.531785 -0.820785
vn -0.18926 0.529695 -0.826804
vn -0.102748 -0.932765 -0.345533
vn -0.0859733 -0.987254 -0.133931
vn -0.240923 -0.919164 -0.311598
vn -0.427932 -0.826336 -0.366119
vn -0.30067 -0.895288 -0.328721
vn -0.00530767 -0.925309 -0.379176
vn -0.395037 -0.63088 0.667785
vn 0.165394 -0.937646 -0.305719
vn -0.0245961 -0.986834 0.159855
vn -0.0954421 -0.0261112 -0.995092
vn -0.000776423 -0.999999 -0.00153269
vn -0.263303 0.00247624 -0.96471
vn -0.261748 -0.965126 -0.00439021
vn -0.574772 0.00325983 -0.818307
vn -0.567546 -0.822834 -0.0289136
vn -0.999162 0.00186651 -0.0408978
vn -0.260675 -0.159408 0.952175
vn 0.470857 -0.663279 0.581682
vn -0.30569 -0.688019 0.658167
vn 0.48024 0.103344 -0.871028
vn 0.106431 0.248607 -0.962739
vn 0.21149 -0.0100656 -0.977328
vn -0.0395297 0.387499 -0.921022
vn 0.106431 0.248607 -0.962739
vn -0.130107 0.767726 -0.627431
vn 0.21959 0.754525 -0.618443
vn 0.407106 0.841896 -0.354227
vn 0.0776532 0.80595 -0.586869
vn 0.396529 0.809979 -0.432088
vn 0.0642472 0.982223 -0.176381
vn 0.112296 0.670789 -0.733097
vn -0.146529 -0.955635 0.25552
vn -0.0436832 -0.498783 0.865626
vn -0.0799839 -0.780122 0.620494
vn -0.349725 -0.817685 0.457256
vn -0.258191 0.0600364 0.964227
vn -0.414051 -0.374121 0.829816
vn -0.378475 -0.132176 0.916126
vn -0.21314 0.0135313 0.976928
vn -0.579711 -0.00171365 0.81482
vn -0.341016 0.496714 0.798112
vn -0.592458 -0.405471 0.696123
vn -0.610729 -0.334722 0.717615
vn -0.543082 -0.680189 0.492345
vn -0.733151 -0.506877 0.453394
vn -0.626609 -0.281116 0.726866
vn -0.65795 -0.184423 0.73013
vn -0.708795 -0.0813918 0.700703
vn -0.777076 -0.493831 0.390235
vn -0.564782 0.273632 0.778554
vn -0.789716 0.119449 0.601731
vn -0.763989 0.166006 0.623509
vn -0.807289 -0.15405 0.569695
vn -0.62185 -0.23015 0.748554
vn -0.447145 0.129699 0.885008
vn -0.379727 -0.0898572 0.920724
vn -0.600821 -0.143348 0.786426
vn -0.321478 -0.346579 0.881212
vn -0.527327 -0.523649 0.669118
vn -0.100708 -0.132539 0.986048
vn -0.280401 0.0360325 0.959207
vn -0.427084 -0.420187 0.800651
vn -0.631393 0.202895 0.74845
vn -0.541889 -0.284495 0.790834
vn -0.260128 -0.359122 0.896306
vn -0.229871 -0.380382 0.895806
vn -0.291646 -0.360015 0.886189
vn -0.242389 -0.162902 0.956405
vn -0.468709 -0.50755 0.722983
vn -0.667715 -0.074453 0.740684
vn -0.434087 -0.481581 0.761346
vn -0.390159 -0.444475 0.806361
vn -0.339884 -0.527171 0.778826
vn -0.251536 -0.0621785 0.965849
vn -0.463891 -0.522721 0.71524
vn -0.45948 -0.445118 0.768602
vn -0.126767 0.438097 0.889945
vn -0.426665 -0.195841 0.882951
vn -0.579802 -0.203526 0.788927
vn 0.0339771 -0.0861746 0.9957
vn -0.624101 -0.691031 0.364658
vn -0.298529 -0.26358 0.917282
vn 0.030205 -0.381274 0.923969
vn -0.267086 -0.736367 0.621634
vn -0.375171 0.306925 0.874668
vn -0.0961304 -0.381801 0.919232
vn -0.0350116 0.166989 0.985337
vn -0.024912 0.0591591 0.997938
vn 0.201238 0.449251 0.870446
vn -0.0226133 0.455716 0.889838
vn -0.0316171 0.0580844 0.997811
vn -0.0499489 -0.417309 0.907391
vn -0.11648 0.503185 0.856293
vn -0.0677206 0.101232 0.992555
vn -0.27932 0.604928 0.745682
vn -0.138667 0.169132 0.97579
vn -0.16102 -0.507738 0.84633
vn -0.316179 -0.493192 0.810427
vn -0.360073 0.186139 0.914166
vn -0.206154 0.0510976 0.977185
vn -0.286934 0.630237 0.721436
vn -0.213366 -0.736597 0.641794
vn -0.0827149 0.233273 0.968887
vn -0.235904 0.636971 0.733906
vn -0.337905 0.646096 0.684383
vn -0.0348729 0.35758 0.933231
vn -0.00855894 -0.390748 0.920458
vn -0.156129 -0.804672 0.572824
vn 0.0664928 -0.329506 0.941809
vn -0.0196396 0.382355 0.923807
vn 0.0160936 -0.0887376 0.995925
vn 0.28344 -0.537162 0.79443
vn -0.198045 -0.465423 0.862647
vn -0.0349882 0.404939 0.913674
vn -0.100289 -0.00325124 0.994953
vn -0.285145 -0.425915 0.858655
vn -0.0873059 -0.630742 0.771066
vn -0.220713 -0.574969 0.787843
vn -0.0333395 -0.264344 0.963852
vn -0.681496 -0.151512 0.715966
vn -0.822265 -0.263992 0.504171
vn -0.274054 -0.607565 0.745492
vn -0.585462 -0.437346 0.682614
vn -0.485308 -0.430467 0.761035
vn -0.186265 -0.389144 0.902149
vn -0.0868637 -0.302513 0.949179
vn -0.181465 -0.75253 0.633064
vn -0.394938 -0.227392 0.890122
vn -0.152845 -0.164073 0.974535
vn 0.0497828 -0.181244 0.982177
vn 0.106543 -0.0397394 0.993514
vn -0.0954673 0.0105114 0.995377
vn 0.339519 0.0255817 0.940251
vn -0.0274394 0.153561 0.987758
vn -0.198618 -0.329673 0.922966
vn 0.0655049 0.401819 0.913373
vn 0.168206 0.135888 0.976341
vn 0.337439 0.518242 0.78585
vn -0.000111413 0.0622407 0.998061
vn 0.0971165 0.40992 0.906936
vn 0.279585 0.24476 0.928399
vn -0.0644463 -0.336846 0.939352
vn 0.23091 0.404556 0.884881
vn -0.0341137 -0.310835 0.949851
vn -0.392443 0.000608299 0.919776
vn -0.362438 0.384382 0.849052
vn -0.486314 0.36088 0.795779
vn -0.72644 -0.00200136 0.687227
vn -0.714273 -0.042644 0.698567
vn -0.43931 0.316525 0.840725
vn -0.0536149 -0.218841 0.974286
vn -0.460238 -0.494398 0.737395
vn -0.670803 -0.489226 0.557388
vn -0.221102 -0.641078 0.734937
vn -0.000686692 -0.537416 0.843317
vn -0.386245 -0.666608 0.637534
vn -0.321067 0.326611 0.888955
vn -0.619863 -0.0998212 0.778335
vn -0.700582 -0.315473 0.640048
vn -0.353633 -0.666539 0.656254
vn -0.343686 -0.78112 0.521279
vn -0.340623 -0.816136 0.466796
vn -0.196962 -0.908121 0.369488
vn -0.324042 -0.635167 0.701113
vn -0.741488 -0.519135 0.425081
vn 0.00313629 -0.406665 0.913572
vn 0.732827 -0.556783 0.391096
vn 0.0225647 -0.904186 0.426541
vn -0.351388 -0.760655 0.545829
vn -0.429774 -0.681812 0.591968
vn -0.818242 0.274397 0.505159
vn -0.568685 0.345955 0.746266
vn -0.428858 0.157403 0.889554
vn -0.569147 0.657655 0.49352
vn -0.40693 0.0564796 0.911712
vn -0.509809 0.386009 0.768825
vn -0.690036 0.323344 0.647533
vn -0.1228 0.684392 0.718698
vn -0.461507 0.342961 0.818162
vn -0.690034 0.115602 0.714486
vn -0.873412 0.0672553 0.482315
vn -0.260824 -0.0233108 0.965105
vn -0.0229671 0.0806618 0.996477
vn -0.0667696 0.291847 0.954132
vn -0.031749 -0.0427523 0.998581
vn -0.446214 0.0240083 0.894604
vn -0.501558 -0.72483 0.472293
vn -0.737861 -0.27578 0.616041
vn -0.517459 -0.0199356 0.855476
vn -0.363653 -0.535808 0.762014
vn -0.331028 -0.560092 0.759419
vn -0.529883 -0.396303 0.749779
vn -0.302417 -0.683153 0.664714
vn -0.30812 -0.727391 0.61316
vn -0.17773 -0.754461 0.631823
vn -0.0956783 -0.863613 0.494993
vn -0.398428 -0.402093 0.824364
vn -0.0793928 -0.382765 0.920428
vn -0.250872 -0.739285 0.624916
vn -0.0932376 -0.900133 0.425519
vn -0.22064 -0.58415 0.781081
vn -0.258447 -0.842368 0.472886
vn -0.54789 0.23243 0.803612
vn -0.651394 -0.705434 0.279371
vn -0.146269 -0.633884 0.759471
vn -0.736303 -0.434684 0.518563
vn -0.840839 0.038356 0.539925
vn -0.698253 0.346173 0.626584
vn -0.463609 -0.351471 0.813348
vn -0.728407 -0.121623 0.674263
vn -0.529279 -0.0364332 0.847665
vn -0.434572 -0.371786 0.820319
vn -0.838568 -0.295876 0.457452
vn -0.504764 -0.696193 0.51042
vn -0.480597 -0.435901 0.760932
vn -0.528726 -0.596083 0.604264
vn -0.496419 -0.110193 0.861061
vn -0.223148 -0.334654 0.915539
vn -0.376423 -0.550945 0.744826
vn -0.367146 -0.751405 0.548265
vn -0.47743 -0.646363 0.595211
vn -0.378842 -0.838234 0.392227
vn -0.478773 -0.577391 0.661359
vn -0.525735 -0.585234 0.617336
vn -0.00171852 -0.507159 0.861851
vn 0.0742003 -0.711258 0.699004
vn -0.0529535 -0.890795 0.451309
vn -0.121591 -0.425838 0.896592
vn 0.00933123 -0.890573 0.454744
vn -0.482741 -0.423901 0.766335
vn -0.265165 0.447704 0.85396
vn -0.506007 -0.750075 0.425846
vn -0.783278 -0.46954 0.40744
vn -0.798278 -0.570168 0.194065
vn -0.569965 -0.00489827 0.821654
vn -0.312631 0.78655 0.532541
vn 0.172042 -0.386908 0.905927
vn -0.477395 -0.76339 0.435121
vn -0.143129 -0.901254 0.408969
vn -0.436166 -0.868779 0.234484
vn -0.205437 0.0127389 0.978587
vn 0.085364 0.574227 0.814234
vn -0.175977 0.727118 0.663575
vn -0.648171 0.393417 0.651995
vn -0.663066 -0.529203 0.529422
vn -0.648477 -0.141044 0.748054
vn -0.0483088 -0.59573 0.801731
vn -0.381184 -0.814964 0.4365
vn -0.0938566 -0.871049 0.482146
vn -0.0861634 -0.609613 0.788003
vn -0.141218 -0.633756 0.760533
vn -0.335398 -0.755588 0.562667
vn -0.434411 -0.763293 0.478195
vn -0.050036 -0.96419 0.260448
vn 0.0235645 -0.903409 0.428133
vn -0.0498447 -0.757996 0.650352
vn -0.422534 -0.802942 0.420416
vn -0.0261825 -0.948142 0.316767
vn -0.456845 -0.421373 0.783414
vn -0.0196719 -0.388438 0.921265
vn -0.0706842 -0.446757 0.891859
vn -0.404881 -0.338692 0.849328
vn -0.669908 -0.00539723 0.742425
vn 0.406819 0.45171 0.794012
vn 0.618788 0.195434 0.760859
vn -0.527132 -0.476453 0.70365
vn -0.0513445 -0.442797 0.895151
vn -0.160413 -0.520323 0.838768
vn 0.0190913 -0.360132 0.932706
vn -0.701249 -0.30336 0.645154
vn -0.431076 -0.294152 0.853023
vn -0.665541 -0.0113458 0.746275
vn -0.29929 -0.405618 0.863655
vn -0.533198 -0.180986 0.826404
vn -0.169102 -0.899649 0.402538
vn -0.0804498 -0.453769 0.88748
vn -0.000120118 -0.92634 0.376689
vn -0.126767 0.438097 0.889945
vn -0.258191 0.0600364 0.964227
vn -0.28877 0.717427 0.633964
vn -0.428805 0.796751 0.425809
vn -0.54789 0.23243 0.803612
vn -0.386245 -0.666608 0.637534
vn -0.701249 -0.30336 0.645154
vn -0.648477 -0.141044 0.748054
vn -0.431076 -0.294152 0.853023
vn -0.404881 -0.338692 0.849328
vn -0.594612 -0.444067 0.670254
vn -0.737861 -0.27578 0.616041
vn -0.72644 -0.00200136 0.687227
vn -0.700582 -0.315473 0.640048
vn -0.576933 -0.133381 0.805828
vn -0.610729 -0.334722 0.717615
vn -0.626609 -0.281116 0.726866
vn -0.763989 0.166006 0.623509
vn -0.426665 -0.195841 0.882951
vn -0.320103 -0.833257 0.450795
vn -0.624101 -0.691031 0.364658
vn -0.0961304 -0.381801 0.919232
vn -0.0529535 -0.890795 0.451309
vn -0.456845 -0.421373 0.783414
vn -0.624101 -0.691031 0.364658
vn -0.436166 -0.868779 0.234484
vn -0.714273 -0.042644 0.698567
vn -0.619863 -0.0998212 0.778335
vn -0.737861 -0.27578 0.616041
vn -0.54789 0.23243 0.803612
vn -0.609261 0.0536988 0.79115
vn -0.40693 0.0564796 0.911712
vn -0.665541 -0.0113458 0.746275
vn -0.428858 0.157403 0.889554
vn -0.532334 0.114772 0.838718
vn -0.564782 0.273632 0.778554
vn -0.65795 -0.184423 0.73013
vn -0.579802 -0.203526 0.788927
vn -0.708795 -0.0813918 0.700703
vn -0.496419 -0.110193 0.861061
vn -0.527132 -0.476453 0.70365
vn -0.698253 0.346173 0.626584
vn -0.529279 -0.0364332 0.847665
vn -0.631393 0.202895 0.74845
vn -0.789716 0.119449 0.601731
vn -0.256995 -0.623984 0.737968
vn -0.447075 -0.574851 0.685325
vn -0.160413 -0.520323 0.838768
vn -0.0536149 -0.218841 0.974286
vn -0.681496 -0.151512 0.715966
vn -0.198618 -0.329673 0.922966
vn -0.0513445 -0.442797 0.895151
vn -0.0804498 -0.453769 0.88748
vn -0.0644463 -0.336846 0.939352
vn -0.205437 0.0127389 0.978587
vn -0.648171 0.393417 0.651995
vn -0.69312 0.327957 0.641894
vn -0.48482 -0.231271 0.843483
vn -0.0932376 -0.900133 0.425519
vn -0.0498447 -0.757996 0.650352
vn 0.0742003 -0.711258 0.699004
vn 0.172042 -0.386908 0.905927
vn -0.0483088 -0.59573 0.801731
vn 0.0190913 -0.360132 0.932706
vn -0.147614 -0.398952 0.905012
vn -0.398428 -0.402093 0.824364
vn -0.0793928 -0.382765 0.920428
vn -0.376817 -0.118605 0.918663
vn -0.533198 -0.180986 0.826404
vn -0.485308 -0.430467 0.761035
vn -0.529883 -0.396303 0.749779
vn 0.0190913 -0.360132 0.932706
vn -0.390159 -0.444475 0.806361
vn -0.242389 -0.162902 0.956405
vn -0.434087 -0.481581 0.761346
vn -0.267086 -0.736367 0.621634
vn -0.525735 -0.585234 0.617336
vn -0.528726 -0.596083 0.604264
vn -0.663066 -0.529203 0.529422
vn -0.482741 -0.423901 0.766335
vn -0.463891 -0.522721 0.71524
vn -0.480597 -0.435901 0.760932
vn -0.527132 -0.476453 0.70365
vn -0.324042 -0.635167 0.701113
vn -0.157772 -0.974379 0.160295
vn -0.506007 -0.750075 0.425846
vn -0.165033 -0.985277 0.0446509
vn 0.793363 -0.177774 -0.582213
vn 0.702195 -0.385388 -0.598664
vn 0.640759 -0.572883 -0.511109
vn 0.85164 -0.328827 -0.408144
vn 0.737818 -0.287543 -0.61069
vn 0.931225 -0.227691 -0.284563
vn 0.55259 -0.115987 -0.825343
vn 0.987535 -0.144012 -0.0635232
vn 0.589825 -0.359475 -0.723107
vn 0.845353 -0.481726 -0.230908
vn 0.622874 0.00892 -0.782271
vn 0.722654 0.0535431 -0.689133
vn 0.596775 -0.0539331 -0.800594
vn 0.716242 0.0391381 -0.696754
vn 0.72201 0.131679 -0.679236
vn 0.734021 0.0904897 -0.673071
vn 0.697719 0.163991 -0.697349
vn 0.698468 0.157615 -0.698068
vn 0.533669 -0.142593 -0.833586
vn 0.652423 -0.249682 -0.715544
vn 0.633559 -0.210586 -0.744484
vn 0.706925 -0.11638 -0.697649
vn 0.518405 0.0537675 -0.853443
vn 0.710313 -0.0481582 -0.702236
vn 0.37084 -0.348497 -0.86083
vn 0.827462 -0.267743 -0.49358
vn 0.308062 -0.832247 -0.460936
vn 0.581768 -0.594273 -0.555325
vn 0.545301 -0.022099 -0.837949
vn 0.540325 -0.640096 -0.546192
vn 0.268198 -0.880605 -0.390647
vn 0.346619 -0.857175 -0.380929
vn 0.415368 -0.900058 -0.131779
vn 0.887427 -0.209702 -0.410485
vn 0.540051 -0.598132 -0.592101
vn 0.739707 0.087102 -0.667268
vn 0.832897 0.0625536 -0.549882
vn 0.926981 -0.342849 -0.152186
vn 0.858505 -0.438098 -0.266531
vn 0.81998 -0.51413 -0.251601
vn 0.898782 -0.435188 0.0529307
vn 0.97337 -0.228013 0.0236742
vn 0.814273 -0.52409 0.249578
vn 0.482305 -0.819568 0.309337
vn 0.981509 -0.190382 0.0198581
vn 0.90516 -0.423625 0.0350307
vn 0.90123 -0.433106 0.0142976
vn 0.392988 -0.896964 0.202526
vn 0.656251 -0.650243 -0.382779
vn 0.2316 -0.97098 -0.0596513
vn 0.391163 -0.905174 -0.166286
vn 0.771562 -0.546292 -0.32597
vn 0.437604 -0.897803 0.0495276
vn 0.709451 -0.00166513 -0.704753
vn 0.336283 -0.00681316 -0.941736
vn 0.86662 -0.390355 -0.310794
vn 0.907015 0.0396359 -0.419228
vn 0.475172 0.083443 -0.875928
vn 0.991204 -0.0263738 -0.129691
vn 0.889461 -0.455732 -0.0341645
vn 0.997131 -0.0747403 0.0120162
vn 0.958175 0.0780953 -0.27532
vn 0.990174 0.139032 0.0150417
vn 0.986716 -0.10335 -0.125339
vn 0.972188 0.134682 -0.191604
vn 0.895318 -0.441343 0.0601851
vn 0.638575 -0.622613 -0.4523
vn 0.831195 -0.216522 -0.512086
vn 0.789865 0.242511 -0.563295
vn 0.853273 0.20426 -0.479794
vn 0.887688 -0.299927 -0.349362
vn 0.528589 -0.764782 -0.368379
vn 0.930736 -0.303674 -0.203749
vn 0.597853 -0.641466 -0.480721
vn 0.935292 -0.095394 -0.340776
vn 0.831022 0.328947 -0.44855
vn 0.835684 -0.322291 -0.444703
vn 0.849311 -0.352217 -0.393209
vn 0.522833 -0.252551 -0.814164
vn 0.860445 -0.400157 -0.31545
vn 0.878489 -0.477661 0.0098375
vn 0.653274 -0.565649 -0.503264
vn 0.627875 -0.474084 -0.617266
vn 0.64427 -0.604512 -0.468488
vn 0.661516 -0.448153 -0.601295
vn 0.707849 -0.477573 -0.520456
vn 0.541034 -0.831603 -0.125376
vn 0.87052 0.126524 -0.475591
vn 0.898652 0.0634676 -0.434048
vn 0.865262 0.395551 -0.307995
vn 0.878602 0.466973 -0.0999729
vn 0.629516 -0.660499 -0.409208
vn 0.914436 -0.384223 -0.127198
vn 0.851976 -0.109596 -0.511981
vn 0.632748 0.740969 -0.224935
vn 0.508686 -0.852381 -0.121183
vn 0.551448 -0.812252 -0.190136
vn 0.657195 -0.711301 -0.24929
vn 0.494739 -0.868221 -0.0377587
vn 0.698597 -0.710423 -0.0852156
vn 0.606654 -0.794806 -0.0159435
vn 0.874175 -0.471382 -0.116691
vn 0.758915 -0.63286 -0.153417
vn 0.598469 -0.798216 0.0684538
vn 0.449118 -0.893226 0.0209967
vn 0.2676 -0.962668 -0.0407443
vn 0.506887 -0.862009 0.00251799
vn 0.8657 -0.479588 -0.143383
vn 0.518295 -0.817525 0.251044
vn 0.603924 -0.786033 0.13201
vn 0.664463 -0.727676 -0.170225
vn 0.979452 0.198082 -0.0379034
vn 0.90332 -0.368918 0.218889
vn 0.991092 0.0689096 0.113968
vn 0.783721 -0.404276 0.471532
vn 0.856774 0.125409 0.500211
vn 0.74923 -0.535861 0.38924
vn 0.615968 -0.326049 0.71713
vn 0.706519 -0.578297 0.407926
vn 0.826928 -0.300538 -0.475254
vn 0.773776 -0.166461 -0.611197
vn 0.84703 0.24423 -0.472115
vn 0.188293 -0.0343712 -0.981511
vn 0.643035 -0.734496 -0.216843
vn 0.70879 -0.079865 -0.700884
vn 0.80096 -0.592059 0.0890468
vn 0.368712 -0.928991 -0.0320537
vn 0.765317 0.0614997 -0.640709
vn 0.849269 0.359401 -0.386746
vn 0.603895 -0.0386861 -0.796125
vn 0.327605 -0.0573121 -0.943075
vn 0.491159 -0.824537 -0.280894
vn 0.713862 -0.602249 -0.357346
vn 0.587775 0.0878444 -0.804241
vn 0.844257 -0.529759 -0.0811499
vn 0.868152 -0.357209 -0.34455
vn 0.808023 -0.589006 -0.0130791
vn 0.462949 -0.772425 0.434785
vn 0.86662 -0.390355 -0.310794
vn 0.653274 -0.565649 -0.503264
vn 0.491159 -0.824537 -0.280894
vn 0.603924 -0.786033 0.13201
vn 0.8657 -0.479588 -0.143383
vn 0.826928 -0.300538 -0.475254
vn 0.522833 -0.252551 -0.814164
vn 0.793363 -0.177774 -0.582213
vn 0.706925 -0.11638 -0.697649
vn 0.70879 -0.079865 -0.700884
vn 0.887427 -0.209702 -0.410485
vn 0.826928 -0.300538 -0.475254
vn 0.931225 -0.227691 -0.284563
vn 0.55259 -0.115987 -0.825343
vn 0.797485 -0.499742 -0.338047
vn 0.533669 -0.142593 -0.833586
vn 0.907015 0.0396359 -0.419228
vn 0.765317 0.0614997 -0.640709
vn 0.858505 -0.438098 -0.266531
vn 0.832897 0.0625536 -0.549882
vn 0.958175 0.0780953 -0.27532
vn 0.765317 0.0614997 -0.640709
vn 0.878489 -0.477661 0.0098375
vn 0.889461 -0.455732 -0.0341645
vn 0.90516 -0.423625 0.0350307
vn 0.895318 -0.441343 0.0601851
vn 0.844257 -0.529759 -0.0811499
vn 0.664463 -0.727676 -0.170225
vn 0.68173 -0.566676 -0.462734
vn 0.844257 -0.529759 -0.0811499
vn 0.638575 -0.622613 -0.4523
vn 0.633537 -0.720607 -0.281701
vn 0.597853 -0.641466 -0.480721
vn 0.860445 -0.400157 -0.31545
vn 0.657195 -0.711301 -0.24929
vn 0.868152 -0.357209 -0.34455
vn 0.494739 -0.868221 -0.0377587
vn 0.643035 -0.734496 -0.216843
vn 0.713862 -0.602249 -0.357346
vn 0.528589 -0.764782 -0.368379
vn 0.391163 -0.905174 -0.166286
vn 0.643035 -0.734496 -0.216843
vn 0.368712 -0.928991 -0.0320537
vn 0.606654 -0.794806 -0.0159435
vn 0.74923 -0.535861 0.38924
vn 0.808023 -0.589006 -0.0130791
vn 0.80096 -0.592059 0.0890468
vn 0.462949 -0.772425 0.434785
vn 0.808023 -0.589006 -0.0130791
vn 0.706519 -0.578297 0.407926
vn 0.614035 -0.473227 -0.631678
vn 0.514008 -0.472497 -0.715921
vn 0.546305 -0.543081 -0.637663
vn 0.394959 -0.708044 -0.585389
vn 0.72247 -0.452327 -0.522912
vn 0.444407 -0.786649 -0.428586
vn 0.56167 -0.700971 -0.439508
vn 0.379733 -0.731437 -0.566395
vn 0.150309 -0.73174 -0.664804
vn 0.159755 -0.717257 -0.678248
vn 0.380507 -0.44589 -0.810183
vn 0.63411 -0.494184 -0.594716
vn 0.546968 -0.473697 -0.690244
vn 0.473953 -0.589206 -0.654374
vn 0.49847 -0.522418 -0.691814
vn 0.372933 -0.747162 -0.550155
vn 0.444115 -0.524109 -0.726686
vn 0.429966 -0.783187 -0.449163
vn 0.338472 -0.834719 -0.434374
vn 0.524618 -0.752012 -0.399067
vn 0.346643 -0.551459 -0.75877
vn 0.735579 -0.463785 -0.49379
vn 0.130959 -0.403877 -0.905391
vn 0.582574 -0.391081 -0.712505
vn 0.476455 -0.646109 -0.596266
vn 0.438976 -0.665207 -0.603987
vn 0.479942 -0.351607 -0.803759
vn 0.308462 -0.247843 -0.918382
vn 0.438324 -0.0479693 -0.897536
vn 0.274854 -0.0430562 -0.960521
vn 0.277942 0.0516185 -0.95921
vn 0.445977 0.0598885 -0.893039
vn 0.366837 0.206191 -0.907147
vn 0.441507 0.358629 -0.82247
vn 0.248776 0.0652103 -0.966363
vn 0.365468 0.239704 -0.89943
vn 0.612533 0.366956 -0.700105
vn 0.525188 0.140868 -0.839246
vn 0.477779 0.399169 -0.782555
vn 0.539273 0.0775643 -0.838551
vn 0.531771 -0.0173893 -0.84671
vn 0.216431 0.110646 -0.970008
vn 0.603971 -0.233652 -0.761988
vn 0.406723 0.328024 -0.852629
vn 0.803746 0.339554 -0.488565
vn 0.762264 -0.00483815 -0.647248
vn 0.795893 0.0643081 -0.602013
vn 0.478933 -0.21062 -0.85221
vn 0.545 -0.126874 -0.828781
vn 0.778327 0.133989 -0.613395
vn 0.508439 -0.0337455 -0.860437
vn 0.792097 0.355325 -0.496313
vn 0.513373 0.0520035 -0.856589
vn 0.532506 0.178843 -0.827316
vn 0.645937 -0.279229 -0.71049
vn 0.772649 0.18872 -0.606135
vn 0.72878 -0.325408 -0.602486
vn 0.832911 -0.205925 -0.513667
vn 0.503939 -0.284567 -0.815516
vn 0.825436 0.00299239 -0.564488
vn 0.729706 -0.349771 -0.587527
vn 0.760852 0.0243535 -0.648468
vn 0.544291 -0.0558317 -0.837037
vn 0.245905 -0.042911 -0.968344
vn 0.223251 -0.832892 -0.506409
vn 0.442376 -0.432305 -0.785759
vn 0.237177 -0.0374034 -0.970746
vn 0.810633 -0.302585 -0.501315
vn 0.79823 -0.293669 -0.525916
vn 0.706216 -0.327574 -0.627658
vn 0.625262 -0.354653 -0.695176
vn 0.391825 -0.555426 -0.733468
vn 0.815425 -0.163857 -0.555187
vn 0.830488 -0.159607 -0.53368
vn 0.568343 -0.0170763 -0.822614
vn 0.552339 -0.499636 -0.667297
vn -0.524814 0.249471 -0.813839
vn 0.30034 -0.516537 -0.801864
vn 0.30567 -0.9013 -0.306959
vn 0.217797 -0.551361 -0.805336
vn 0.258442 -0.823415 -0.505169
vn -0.0520021 -0.924676 -0.377187
vn -0.0395297 0.387499 -0.921022
vn 0.356051 -0.392743 -0.847927
vn 0.71711 -0.427442 -0.550497
vn 0.560748 -0.148618 -0.814539
vn 0.844816 -0.289248 -0.450135
vn 0.376168 -0.256401 -0.890369
vn 0.459269 -0.180134 -0.869841
vn 0.383419 -0.215584 -0.898061
vn 0.316341 -0.284377 -0.905019
vn 0.272776 -0.79898 -0.535932
vn -0.108358 -0.722758 -0.682553
vn 0.193755 -0.19046 -0.962385
vn 0.307507 -0.200304 -0.930225
vn 0.154871 -0.29817 -0.941865
vn 0.310498 -0.299702 -0.902092
vn 0.284813 -0.245993 -0.926482
vn 0.32646 -0.237608 -0.914859
vn 0.0990752 -0.000649228 -0.99508
vn 0.742444 0.113343 -0.660251
vn 0.537206 0.237271 -0.80939
vn 0.0554157 0.222794 -0.973289
vn 0.422995 0.232336 -0.87584
vn 0.095661 -0.0393167 -0.994637
vn 0.12029 -0.278844 -0.952773
vn 0.255758 0.244469 -0.93532
vn 0.44685 -0.802493 -0.395386
vn 0.968421 -0.149977 -0.199169
vn 0.598646 -0.651858 -0.465515
vn 0.830631 -0.0763035 -0.55157
vn 0.382269 0.0293531 -0.923585
vn 0.887795 0.0110139 -0.460107
vn 0.720318 -0.460994 -0.518291
vn 0.0180633 -0.0139903 -0.999739
vn 0.333829 0.239878 -0.911601
vn 0.841532 -0.0218281 -0.539766
vn 0.718268 0.227762 -0.657431
vn 0.712295 0.416147 -0.565206
vn 0.539866 0.184422 -0.8213
vn 0.84723 -0.000744839 -0.531226
vn 0.877987 0.203024 -0.433498
vn 0.134683 0.104561 -0.985357
vn 0.625134 -0.621254 -0.472494
vn 0.912844 -0.160135 -0.375596
vn 0.635711 0.443617 -0.631724
vn 0.962473 0.19861 0.18493
vn 0.499705 -0.528689 -0.686136
vn 0.106944 0.0336675 -0.993695
vn -0.338625 0.407695 -0.848008
vn 0.164009 -0.0950755 -0.981866
vn 0.300776 -0.00416787 -0.953686
vn 0.389951 -0.245208 -0.887587
vn 0.491236 0.11407 -0.863525
vn 0.412495 -0.242514 -0.878086
vn 0.230485 0.357113 -0.905178
vn 0.224224 -0.0630076 -0.972499
vn 0.379814 -0.352154 -0.855412
vn 0.335947 -0.268862 -0.902692
vn 0.160918 0.383296 -0.9095
vn 0.325347 0.412156 -0.851044
vn 0.633674 0.164012 -0.756014
vn 0.406679 -0.0378397 -0.912787
vn 0.684708 -0.068172 -0.725623
vn 0.506467 -0.266438 -0.820062
vn 0.412751 -0.36131 -0.836117
vn 0.511149 -0.346052 -0.786749
vn 0.420009 -0.574901 -0.702197
vn 0.30869 -0.618073 -0.722978
vn 0.338652 -0.691557 -0.638016
vn 0.283511 -0.705833 -0.64917
vn 0.154519 -0.769337 -0.619875
vn 0.243352 -0.740568 -0.62637
vn 0.193183 -0.733244 -0.651946
vn 0.141521 -0.807289 -0.572936
vn 0.0897404 -0.864697 -0.494213
vn 0.102216 -0.806074 -0.58292
vn 0.205659 -0.721447 -0.661225
vn 0.335893 -0.733452 -0.590953
vn 0.37521 -0.525277 -0.763741
vn 0.127517 -0.366655 -0.921577
vn 0.276983 -0.486388 -0.828678
vn 0.354288 -0.368057 -0.859659
vn 0.241572 -0.770752 -0.589562
vn 0.265364 -0.782983 -0.5626
vn 0.249252 -0.82848 -0.501492
vn 0.289309 -0.661071 -0.692304
vn 0.282461 -0.851608 -0.441564
vn 0.239233 -0.766279 -0.596309
vn 0.160934 -0.906237 -0.390941
vn 0.250253 -0.854755 -0.454718
vn 0.035667 -0.965129 -0.259332
vn 0.132511 -0.910422 -0.391883
vn 0.265157 -0.76677 -0.584599
vn 0.19331 -0.898372 -0.394409
vn 0.0363511 -0.942743 -0.331533
vn 0.0320175 -0.892913 -0.44909
vn 0.190202 -0.737862 -0.647598
vn 0.307896 -0.341107 -0.88817
vn 0.500257 -0.373882 -0.780996
vn 0.531106 -0.0368755 -0.846503
vn 0.336905 -0.0331571 -0.940955
vn 0.534837 0.358926 -0.764932
vn 0.442469 -0.0740077 -0.893725
vn 0.316234 0.388477 -0.865495
vn 0.376622 0.372324 -0.848251
vn 0.418437 0.352948 -0.836862
vn 0.450098 0.345009 -0.823639
vn 0.662548 0.184919 -0.725834
vn 0.466047 -0.086058 -0.880565
vn 0.381985 -0.469899 -0.79579
vn 0.568812 -0.369306 -0.734892
vn 0.562686 -0.435962 -0.702368
vn 0.383006 -0.396802 -0.834179
vn 0.519174 -0.429259 -0.73905
vn 0.686941 -0.373556 -0.623352
vn 0.403584 -0.423213 -0.811178
vn 0.292164 -0.854655 -0.429191
vn 0.407276 -0.544507 -0.733239
vn 0.526007 -0.444098 -0.725323
vn 0.624687 0.28969 -0.725152
vn 0.368324 -0.623761 -0.689391
vn 0.239741 -0.593039 -0.768654
vn 0.35608 -0.228304 -0.906137
vn 0.541487 0.391491 -0.743994
vn 0.181963 -0.760325 -0.623535
vn 0.691774 -0.331471 -0.641541
vn 0.505819 -0.403938 -0.762221
vn 0.502099 -0.257497 -0.825586
vn 0.682532 -0.0951036 -0.724641
vn 0.392679 -0.049541 -0.91834
vn 0.661815 -0.643261 -0.38499
vn 0.556384 -0.460014 -0.691971
vn 0.633944 -0.121186 -0.763825
vn 0.503877 -0.494537 -0.708196
vn 0.509487 -0.143242 -0.848472
vn 0.408888 -0.485802 -0.772533
vn 0.517836 -0.113215 -0.847955
vn 0.615144 0.278199 -0.737702
vn 0.510227 0.238844 -0.826209
vn 0.31436 0.187993 -0.930503
vn 0.646131 0.106189 -0.755804
vn 0.315978 0.524403 -0.79067
vn 0.198909 0.606475 -0.76982
vn 0.299597 0.595212 -0.74563
vn 0.437873 0.286852 -0.852047
vn 0.343495 0.342287 -0.874558
vn 0.520366 -0.376243 -0.76659
vn 0.513046 -0.478001 -0.712951
vn 0.35844 -0.746446 -0.56066
vn 0.378602 -0.687382 -0.619812
vn 0.348077 -0.740087 -0.575425
vn 0.39954 -0.718024 -0.56992
vn 0.369634 -0.751804 -0.546042
vn 0.357727 -0.7958 -0.488604
vn 0.400478 -0.451788 -0.797186
vn 0.252678 -0.743824 -0.618773
vn 0.116413 -0.873264 -0.473136
vn 0.291769 -0.88547 -0.361681
vn 0.356393 -0.696756 -0.622507
vn 0.288518 -0.805125 -0.518199
vn 0.341231 -0.554555 -0.758967
vn 0.175882 -0.59483 -0.784374
vn 0.123531 -0.903181 -0.411101
vn 0.303124 -0.734873 -0.606694
vn 0.385784 -0.666301 -0.638133
vn 0.379048 -0.643202 -0.665292
vn 0.320912 -0.560028 -0.763796
vn 0.282115 -0.302714 -0.910371
vn 0.427818 -0.271771 -0.86204
vn 0.291635 -0.386516 -0.87496
vn 0.244614 0.260089 -0.934086
vn 0.222383 0.255678 -0.940837
vn 0.37976 0.203689 -0.902382
vn 0.103948 0.62891 -0.770498
vn 0.200067 0.387986 -0.899689
vn 0.244843 0.063432 -0.967486
vn 0.181967 -0.0164203 -0.983167
vn 0.0257326 0.466125 -0.884344
vn 0.436749 -0.461921 -0.771932
vn 0.26201 -0.854887 -0.447793
vn 0.404399 -0.511146 -0.758414
vn 0.480853 -0.312789 -0.819111
vn 0.467854 -0.575086 -0.67111
vn 0.383024 -0.229318 -0.894822
vn 0.461862 -0.471288 -0.751379
vn 0.486916 -0.201406 -0.849911
vn 0.452542 -0.403736 -0.795112
vn 0.471683 -0.277921 -0.836824
vn 0.514879 -0.616715 -0.595451
vn 0.464048 -0.659053 -0.591869
vn 0.555887 -0.682576 -0.474424
vn 0.5771 -0.640357 -0.506852
vn 0.539783 -0.838129 0.0785776
vn 0.440138 -0.897003 0.0407804
vn 0.436036 -0.823646 -0.362603
vn 0.364893 -0.920548 0.139442
vn 0.486446 -0.818693 -0.305143
vn 0.508766 -0.615625 -0.601799
vn 0.511432 -0.6339 -0.58018
vn 0.654588 -0.638305 -0.405069
vn 0.652492 -0.757288 0.0277399
vn 0.451381 -0.572681 -0.684318
vn 0.352238 -0.453739 -0.818565
vn -0.140896 -0.513306 -0.846561
vn -0.32636 -0.148938 -0.933438
vn -0.441586 -0.103662 -0.891211
vn 0.0900792 -0.585556 -0.805611
vn 0.484244 -0.653391 -0.581883
vn 0.700734 -0.561267 -0.440398
vn 0.792496 -0.606743 -0.0617496
vn 0.726678 -0.596257 -0.341198
vn 0.42858 -0.76205 -0.485386
vn 0.498374 -0.746711 -0.440506
vn -0.268393 -0.581935 -0.76767
vn -0.089144 -0.869398 -0.486004
vn 0.506438 -0.850749 0.140522
vn 0.866166 -0.443981 0.229429
vn 0.371002 -0.761531 -0.531439
vn 0.379712 -0.557978 -0.737889
vn 0.463641 -0.42527 -0.777292
vn 0.483514 0.198848 -0.852452
vn 0.512382 -0.317221 -0.79802
vn 0.589299 -0.417165 -0.691882
vn 0.641551 -0.298673 -0.706545
vn 0.438045 -0.626293 -0.644883
vn 0.212294 -0.955013 -0.207079
vn 0.444398 0.308868 -0.840899
vn 0.354238 0.17509 -0.918618
vn 0.544326 0.219606 -0.809619
vn 0.107086 -0.964928 -0.23968
vn -0.019017 -0.485945 -0.873782
vn -0.0624155 -0.189039 -0.979984
vn 0.548043 -0.447089 -0.706937
vn 0.489852 -0.420853 -0.763497
vn 0.253154 -0.552492 -0.794145
vn -0.00111827 -0.900379 -0.435104
vn 0.302184 -0.760757 -0.574398
vn 0.459074 -0.350148 -0.816485
vn 0.575582 0.236533 -0.782788
vn 0.438842 -0.21796 -0.871729
vn 0.327605 -0.0573121 -0.943075
vn 0.0824447 -0.0575296 -0.994934
vn 0.188293 -0.0343712 -0.981511
vn 0.336283 -0.00681316 -0.941736
vn 0.388974 0.265853 -0.882055
vn 0.453765 0.27822 -0.846576
vn 0.557225 0.391497 -0.732278
vn 0.485353 -0.00724393 -0.874288
vn 0.217269 0.353958 -0.909675
vn 0.334516 0.40744 -0.84976
vn 0.0963883 0.74419 -0.660976
vn 0.501231 0.116303 -0.857462
vn 0.475172 0.083443 -0.875928
vn 0.453666 -0.233844 -0.859944
vn 0.298962 -0.381864 -0.874529
vn 0.518405 0.0537675 -0.853443
vn 0.343199 0.0524908 -0.937795
vn 0.587775 0.0878444 -0.804241
vn 0.258062 0.23401 -0.93736
vn 0.189269 0.31458 -0.93017
vn -0.537675 0.201646 -0.818685
vn -0.406072 -0.0976536 -0.908608
vn 0.52334 -0.326256 -0.787192
vn 0.599196 -0.304052 -0.740619
vn 0.0505609 -0.622622 -0.780888
vn 0.408544 -0.774779 -0.482502
vn 0.0964144 0.365295 -0.925886
vn 0.612242 -0.338398 -0.714595
vn 0.37914 -0.415078 -0.827021
vn 0.40196 0.687261 -0.605062
vn 0.509743 -0.49609 -0.702891
vn 0.392453 0.251797 -0.884635
vn 0.621869 -0.105621 -0.775966
vn 0.546455 -0.210598 -0.810578
vn 0.206287 -0.666987 -0.715943
vn 0.415712 -0.448129 -0.791432
vn 0.187217 -0.868685 -0.458624
vn 0.604843 0.273115 -0.748046
vn 0.108517 -0.0998783 -0.989064
vn 0.625602 0.143224 -0.766883
vn -0.0741803 0.0995906 -0.99226
vn -0.046876 0.508332 -0.859885
vn 0.534621 0.45731 -0.710667
vn 0.409892 -0.331974 -0.849577
vn 0.284402 -0.153919 -0.946269
vn 0.248584 -0.763766 -0.595708
vn 0.359912 -0.591843 -0.721238
vn 0.273696 -0.521149 -0.80839
vn 0.233648 -0.407705 -0.882715
vn -0.38981 -0.248792 -0.886651
vn -0.341803 -0.552621 -0.760119
vn 0.290511 -0.218723 -0.931538
vn 0.378672 -0.548317 -0.745624
vn -0.33551 -0.354662 -0.872724
vn 0.436554 -0.582872 -0.685332
vn 0.497606 0.275052 -0.822639
vn 0.586869 0.528287 -0.613594
vn 0.60445 0.582534 -0.54341
vn -0.519029 -0.058894 -0.852725
vn 0.216737 -0.942256 -0.255301
vn 0.0550301 -0.977243 -0.204862
vn 0.454847 -0.0828763 -0.886705
vn 0.255131 0.268753 -0.928806
vn 0.717326 -0.0388111 -0.695656
vn 0.159891 -0.092067 -0.982832
vn 0.0539134 -0.55184 -0.832205
vn 0.644571 0.391343 -0.656795
vn 0.543062 0.440293 -0.715001
vn 0.506634 -0.02965 -0.861651
vn 0.338633 -0.39684 -0.853139
vn 0.345606 -0.085828 -0.934447
vn 0.613275 -0.127749 -0.779471
vn 0.258866 -0.924351 -0.280292
vn 0.811078 -7.51089e-05 -0.584937
vn 0.645757 0.366137 -0.670031
vn 0.881388 -0.386541 -0.271553
vn 0.962921 -0.00586173 -0.269721
vn 0.0454923 0.309671 -0.949755
vn 0.40737 -0.601091 -0.687561
vn 0.360772 -0.548779 -0.754112
vn 0.410397 -0.480542 -0.775019
vn 0.473953 -0.589206 -0.654374
vn 0.360772 -0.548779 -0.754112
vn 0.63411 -0.494184 -0.594716
vn 0.444115 -0.524109 -0.726686
vn 0.429966 -0.783187 -0.449163
vn 0.346643 -0.551459 -0.75877
vn 0.258442 -0.823415 -0.505169
vn 0.476455 -0.646109 -0.596266
vn 0.612242 -0.338398 -0.714595
vn 0.258866 -0.924351 -0.280292
vn 0.505819 -0.403938 -0.762221
vn 0.391825 -0.555426 -0.733468
vn 0.181963 -0.760325 -0.623535
vn 0.0713881 -0.58233 -0.809812
vn 0.409892 -0.331974 -0.849577
vn 0.544291 -0.0558317 -0.837037
vn 0.356051 -0.392743 -0.847927
vn 0.217797 -0.551361 -0.805336
vn 0.546455 -0.210598 -0.810578
vn 0.438976 -0.665207 -0.603987
vn 0.612242 -0.338398 -0.714595
vn 0.206287 -0.666987 -0.715943
vn 0.223251 -0.832892 -0.506409
vn 0.236723 -0.716347 -0.65636
vn 0.187217 -0.868685 -0.458624
vn 0.0686525 -0.924355 -0.375305
vn 0.102216 -0.806074 -0.58292
vn 0.205659 -0.721447 -0.661225
vn 0.206287 -0.666987 -0.715943
vn 0.127517 -0.366655 -0.921577
vn 0.130959 -0.403877 -0.905391
vn 0.108517 -0.0998783 -0.989064
vn 0.284402 -0.153919 -0.946269
vn 0.318397 -0.277617 -0.906395
vn 0.335947 -0.268862 -0.902692
vn 0.379814 -0.352154 -0.855412
vn 0.354288 -0.368057 -0.859659
vn 0.276983 -0.486388 -0.828678
vn 0.290511 -0.218723 -0.931538
vn 0.613275 -0.127749 -0.779471
vn 0.517836 -0.113215 -0.847955
vn 0.520366 -0.376243 -0.76659
vn 0.400478 -0.451788 -0.797186
vn 0.646131 0.106189 -0.755804
vn 0.437873 0.286852 -0.852047
vn 0.343495 0.342287 -0.874558
vn 0.345606 -0.085828 -0.934447
vn 0.181967 -0.0164203 -0.983167
vn 0.0964144 0.365295 -0.925886
vn 0.31436 0.187993 -0.930503
vn 0.233648 -0.407705 -0.882715
vn 0.302184 -0.760757 -0.574398
vn 0.415712 -0.448129 -0.791432
vn 0.378672 -0.548317 -0.745624
vn 0.26201 -0.854887 -0.447793
vn 0.464048 -0.659053 -0.591869
vn 0.438045 -0.626293 -0.644883
vn 0.212294 -0.955013 -0.207079
vn 0.548043 -0.447089 -0.706937
vn 0.410397 -0.480542 -0.775019
vn 0.0900792 -0.585556 -0.805611
vn -0.019017 -0.485945 -0.873782
vn -0.38981 -0.248792 -0.886651
vn 0.489852 -0.420853 -0.763497
vn 0.463641 -0.42527 -0.777292
vn 0.410397 -0.480542 -0.775019
vn 0.589299 -0.417165 -0.691882
vn 0.452542 -0.403736 -0.795112
vn 0.686941 -0.373556 -0.623352
vn 0.282461 -0.851608 -0.441564
vn 0.292164 -0.854655 -0.429191
vn 0.509743 -0.49609 -0.702891
vn 0.0897404 -0.864697 -0.494213
vn 0.132511 -0.910422 -0.391883
vn 0.190202 -0.737862 -0.647598
vn 0.338633 -0.39684 -0.853139
vn 0.603971 -0.233652 -0.761988
vn 0.502099 -0.257497 -0.825586
vn 0.546455 -0.210598 -0.810578
vn 0.684708 -0.068172 -0.725623
vn 0.392679 -0.049541 -0.91834
vn 0.376622 0.372324 -0.848251
vn 0.541487 0.391491 -0.743994
vn 0.599196 -0.304052 -0.740619
vn 0.729706 -0.349771 -0.587527
vn 0.718268 0.227762 -0.657431
vn 0.811885 0.162855 -0.560643
vn 0.712295 0.416147 -0.565206
vn 0.772649 0.18872 -0.606135
vn -0.0485234 -0.218636 -0.974599
vn -0.108358 -0.722758 -0.682553
vn 0.316341 -0.284377 -0.905019
vn 0.383419 -0.215584 -0.898061
vn 0.0539134 -0.55184 -0.832205
vn 0.159891 -0.092067 -0.982832
vn 0.0454923 0.309671 -0.949755
vn -0.589481 0.366579 -0.719814
vn -0.537675 0.201646 -0.818685
vn -0.0954766 0.471686 -0.876582
vn 0.717326 -0.0388111 -0.695656
vn 0.454847 -0.0828763 -0.886705
vn -0.0485234 -0.218636 -0.974599
vn 0.383419 -0.215584 -0.898061
vn 0.310498 -0.299702 -0.902092
vn 0.0454923 0.309671 -0.949755
vn 0.392453 0.251797 -0.884635
vn 0.483514 0.198848 -0.852452
vn 0.586869 0.528287 -0.613594
vn 0.222383 0.255678 -0.940837
vn 0.354238 0.17509 -0.918618
vn 0.40196 0.687261 -0.605062
vn 0.625134 -0.621254 -0.472494
vn 0.720318 -0.460994 -0.518291
vn 0.71711 -0.427442 -0.550497
vn 0.499705 -0.528689 -0.686136
vn -0.338625 0.407695 -0.848008
vn -0.446509 0.680865 -0.580562
vn 0.506634 -0.02965 -0.861651
vn 0.877987 0.203024 -0.433498
vn 0.830631 -0.0763035 -0.55157
vn 0.825436 0.00299239 -0.564488
vn 0.962921 -0.00586173 -0.269721
vn 0.881388 -0.386541 -0.271553
vn 0.0125686 0.474878 -0.879962
vn 0.645757 0.366137 -0.670031
vn 0.52334 -0.326256 -0.787192
vn 0.460116 -0.869294 -0.180616
vn -0.00111827 -0.900379 -0.435104
vn 0.44685 -0.802493 -0.395386
vn 0.661815 -0.643261 -0.38499
vn 0.652492 -0.757288 0.0277399
vn 0.486446 -0.818693 -0.305143
vn 0.616722 -0.784216 0.0682516
vn 0.364893 -0.920548 0.139442
vn -0.495345 -0.62464 0.603704
vn -0.412625 -0.785109 0.461893
vn -0.487213 -0.620174 0.614823
vn -0.530338 -0.556939 0.639187
vn -0.236115 -0.606405 0.759291
vn -0.319209 -0.72605 0.609062
vn -0.472288 -0.587843 0.656798
vn -0.221217 -0.800868 0.556483
vn -0.258214 -0.689526 0.676668
vn -0.465928 -0.638153 0.61292
vn -0.285359 -0.806994 0.517041
vn -0.232668 -0.823407 0.517558
vn -0.379072 -0.673356 0.634741
vn -0.499528 -0.65573 0.566118
vn -0.324766 -0.808278 0.491135
vn -0.634052 -0.642286 0.430635
vn -0.354189 -0.774771 0.523718
vn -0.498893 -0.601136 0.624293
vn -0.543473 -0.625719 0.559565
vn -0.754524 -0.471613 0.456372
vn -0.635269 -0.54925 0.542916
vn -0.340838 -0.82505 0.450691
vn -0.472551 -0.743863 0.472613
vn -0.567314 -0.648256 0.507857
vn -0.38644 -0.584672 0.713318
vn -0.304233 -0.854254 0.421535
vn -0.441787 -0.765045 0.468541
vn 0.00692619 -0.98425 0.176644
vn -0.463196 -0.844964 0.267368
vn -0.307792 -0.951345 0.0143617
vn -0.658685 -0.683509 0.314562
vn -0.326975 -0.845168 0.422822
vn -0.488426 -0.840584 0.23422
vn -0.540115 -0.792899 0.28211
vn -0.418244 -0.892384 0.169478
vn -0.343371 -0.698062 0.628335
vn -0.322238 -0.775873 0.542387
vn -0.446163 -0.823386 0.350678
vn -0.796814 -0.434763 0.419605
vn -0.395125 -0.844328 0.361921
vn -0.61903 -0.54254 0.567849
vn -0.405692 -0.834625 0.372578
vn -0.395928 -0.842193 0.365995
vn -0.63543 -0.575674 0.514615
vn -0.400943 -0.374502 0.836058
vn -0.753859 -0.530784 0.387254
vn -0.128688 -0.303385 0.944138
vn -0.262181 -0.558535 0.786956
vn -0.443946 -0.824635 0.350556
vn -0.512725 -0.368162 0.775609
vn -0.308786 -0.436033 0.845297
vn -0.36355 -0.436373 0.823049
vn -0.165568 -0.492921 0.854176
vn -0.0773734 -0.701149 0.708804
vn -0.129342 -0.745323 0.654036
vn -0.0645711 -0.878233 0.473853
vn -0.461692 -0.362744 0.80948
vn -0.23126 -0.592441 0.771707
vn -0.0464088 -0.420397 0.906153
vn -0.34807 -0.451455 0.821606
vn -0.397481 -0.731407 0.554124
vn -0.350241 -0.78171 0.516004
vn -0.290181 -0.714177 0.636982
vn -0.189806 -0.887529 0.419839
vn -0.314433 -0.763755 0.563746
vn -0.408451 -0.55211 0.726872
vn -0.379747 -0.621798 0.684952
vn -0.32706 -0.859524 0.392747
vn -0.384277 -0.690683 0.612608
vn -0.375852 -0.664062 0.646341
vn -0.452992 -0.480363 0.751033
vn -0.333226 -0.444279 0.831611
vn -0.251577 -0.475582 0.84293
vn -0.530621 -0.449523 0.718589
vn -0.486511 -0.288059 0.82482
vn -0.28057 -0.33975 0.897692
vn -0.481664 -0.208739 0.851133
vn -0.762928 -0.194392 0.616565
vn -0.155386 -0.247697 0.956296
vn -0.261738 -0.0980932 0.960141
vn -0.566263 -0.442581 0.695319
vn -0.50557 -0.352942 0.787294
vn -0.450963 -0.478332 0.753546
vn -0.41583 -0.75084 0.513152
vn -0.455585 -0.673253 0.582385
vn -0.521472 -0.515253 0.680133
vn -0.449516 -0.269578 0.851624
vn -0.562014 -0.345042 0.751723
vn -0.516042 -0.403677 0.755477
vn -0.488008 -0.321528 0.81146
vn -0.514842 -0.490889 0.702827
vn -0.590675 -0.432782 0.681031
vn -0.559361 -0.296983 0.773897
vn -0.692975 -0.352313 0.629016
vn -0.651482 -0.458943 0.604105
vn -0.595011 -0.487009 0.639362
vn -0.581051 -0.498034 0.643695
vn -0.574832 -0.735333 0.358963
vn -0.696384 -0.587726 0.411859
vn -0.624132 -0.774864 0.10022
vn -0.641924 -0.757119 0.121257
vn -0.639245 -0.720335 0.269228
vn -0.489584 -0.838583 0.238927
vn -0.665669 -0.711146 0.226178
vn -0.538748 -0.813789 0.217942
vn -0.695636 -0.569477 0.437935
vn -0.387231 -0.914047 0.12071
vn -0.502895 -0.785056 0.36164
vn -0.629227 -0.756632 0.177712
vn -0.526275 -0.0695485 0.847466
vn -0.660527 -0.115826 0.741815
vn -0.535456 -0.831567 0.14759
vn -0.681566 -0.570357 0.458433
vn -0.63241 -0.56468 0.530276
vn -0.709945 -0.374756 0.596269
vn -0.623992 -0.198786 0.755724
vn -0.645788 -0.286339 0.70779
vn -0.478077 -0.228471 0.848082
vn -0.33435 -0.908879 0.249298
vn -0.559195 -0.47872 0.676851
vn -0.530656 -0.152542 0.833748
vn -0.503639 -0.179161 0.845133
vn -0.522979 -0.666388 0.531432
vn -0.0892181 -0.97868 0.185
vn -0.467584 -0.55697 0.686403
vn -0.297855 -0.467156 0.832495
vn -0.75985 -0.0261358 0.649573
vn -0.522391 -0.154918 0.838516
vn -0.613003 -0.358459 0.704084
vn -0.19798 -0.276975 0.94026
vn -0.388442 -0.501591 0.772993
vn -0.101661 -0.550461 0.828648
vn -0.201923 -0.13917 0.969463
vn -0.608133 -0.634464 0.477106
vn -0.769578 -0.455082 0.44794
vn -0.339653 -0.707641 0.619581
vn -0.436687 -0.533028 0.724696
vn -0.347882 -0.73046 0.587713
vn 0.061 -0.925236 0.374455
vn -0.329091 -0.842677 0.42614
vn -0.273507 -0.417007 0.866775
vn -0.499674 -0.535229 0.68107
vn -0.584042 -0.477737 0.656249
vn -0.644741 -0.0913641 0.758921
vn -0.634913 0.0268846 0.772116
vn -0.571101 -0.430716 0.698804
vn -0.56785 -0.418397 0.708865
vn -0.579236 -0.536691 0.613555
vn -0.658096 -0.391393 0.643212
vn -0.565082 -0.598971 0.567376
vn -0.605514 -0.541549 0.583161
vn -0.58289 -0.592144 0.556421
vn -0.419245 -0.796227 0.436183
vn -0.477092 -0.644348 0.597662
vn -0.273352 -0.863689 0.423461
vn -0.195505 -0.95991 0.200874
vn -0.382672 -0.886137 0.261386
vn -0.264718 -0.959988 0.0913633
vn -0.437352 -0.679489 0.589082
vn -0.40476 -0.692072 0.597667
vn -0.195905 -0.950967 0.239339
vn -0.486504 -0.797051 0.357803
vn -0.537566 -0.511526 0.670347
vn -0.552897 -0.48641 0.676543
vn -0.66342 -0.332826 0.670149
vn -0.704631 -0.330841 0.627725
vn -0.64132 -0.398741 0.655526
vn -0.717915 -0.535603 0.444666
vn -0.466208 -0.7005 0.540324
vn -0.650939 -0.406527 0.641103
vn -0.48816 -0.407139 0.77197
vn -0.656694 -0.322925 0.681522
vn -0.624262 -0.372419 0.686732
vn -0.536509 -0.794079 0.285652
vn -0.608911 -0.406805 0.680982
vn -0.739883 -0.174333 0.649755
vn -0.694822 -0.312028 0.647966
vn -0.587788 -0.424776 0.688528
vn -0.518076 -0.713554 0.471633
vn -0.570699 -0.247819 0.782872
vn -0.751272 -0.0440278 0.658523
vn -0.764657 -0.0110909 0.644342
vn -0.720865 -0.413683 0.556075
vn -0.425093 -0.839291 0.338948
vn -0.45027 -0.861023 0.236424
vn -0.3295 -0.868005 0.371481
vn -0.321915 -0.83956 0.437618
vn -0.28272 -0.826543 0.486719
vn -0.315986 -0.928787 -0.193669
vn -0.689136 -0.174478 0.703313
vn -0.536541 -0.0581586 0.841868
vn -0.311116 -0.913054 0.263704
vn -0.547274 -0.084329 0.832694
vn -0.473241 -0.570103 0.671584
vn -0.542726 -0.435025 0.718472
vn -0.604962 -0.579598 0.545973
vn -0.628956 -0.00315473 0.777435
vn -0.691328 -0.0436 0.721224
vn -0.60756 -0.534419 0.587594
vn -0.53059 -0.345987 0.7738
vn -0.317444 -0.786307 0.530048
vn -0.749949 -0.585686 0.307488
vn -0.476688 -0.87772 0.0487537
vn -0.441823 -0.299814 0.84552
vn -0.58825 -0.219076 0.778439
vn -0.69877 -0.419082 0.579733
vn -0.0518797 -0.995162 0.0834279
vn -0.424384 -0.53119 0.733305
vn -0.622415 -0.458524 0.634315
vn -0.734448 -0.26912 0.623026
vn -0.748895 -0.13705 0.648362
vn -0.648735 -0.195757 0.735407
vn -0.625208 -0.454946 0.634144
vn -0.596311 -0.429793 0.678005
vn -0.611218 -0.463701 0.641399
vn -0.388597 -0.813531 0.432621
vn -0.489486 -0.75795 0.431179
vn -0.589866 -0.46956 0.65694
vn -0.615264 -0.301032 0.728581
vn -0.640614 0.192592 0.743318
vn -0.719914 -0.38794 0.575522
vn -0.622673 0.222883 0.750068
vn -0.668491 0.182276 0.721037
vn -0.757673 -0.245916 0.60453
vn -0.55627 -0.727316 0.401965
vn -0.670206 -0.258988 0.695521
vn -0.358704 -0.842364 0.402186
vn -0.562431 -0.449422 0.694039
vn -0.531908 -0.513599 0.673268
vn -0.225697 -0.916448 0.330429
vn -0.412735 -0.538962 0.734281
vn -0.515149 -0.417035 0.748801
vn -0.567918 -0.292756 0.769262
vn -0.553265 -0.27745 0.785442
vn -0.6385 0.186696 0.746634
vn -0.499877 -0.184554 0.846205
vn -0.530399 -0.124953 0.838489
vn -0.482046 -0.482744 0.731157
vn -0.528566 -0.0956873 0.843482
vn -0.559755 -0.442923 0.700353
vn -0.449941 -0.481856 0.75191
vn -0.3756 -0.0854019 0.922839
vn -0.295747 -0.83211 0.469177
vn -0.386167 -0.522686 0.760049
vn -0.371848 -0.287323 0.882709
vn -0.116411 -0.429909 0.895336
vn -0.392927 -0.00414307 0.91956
vn -0.213961 0.147257 0.965679
vn -0.0657174 -0.952546 0.297215
vn 0.127236 -0.855679 0.501621
vn 0.00690169 -0.333113 0.942862
vn -0.575126 -0.0296408 0.817528
vn -0.372078 -0.754221 0.541026
vn -0.415698 -0.887013 0.201006
vn -0.150481 -0.93651 0.316709
vn -0.64848 -0.656987 0.384502
vn -0.652153 -0.614759 0.443585
vn -0.684584 -0.702691 0.193829
vn -0.566767 -0.712915 0.41295
vn -0.75679 -0.580129 0.301198
vn -0.352872 -0.493602 0.794883
vn -0.201835 0.372338 0.905885
vn -0.0194779 -0.107787 0.993983
vn -0.717728 -0.278357 0.638267
vn -0.0606218 -0.825965 0.560452
vn -0.732404 -0.613553 0.295188
vn -0.51428 -0.725677 0.457065
vn -0.0767782 -0.283577 0.955871
vn -0.482968 -0.507429 0.713623
vn -0.109117 -0.357152 0.927651
vn -0.598599 -0.155022 0.785905
vn -0.118183 -0.277441 0.953446
vn -0.354268 -0.630802 0.69035
vn -0.476372 -0.556996 0.680313
vn -0.0561451 -0.506552 0.86038
vn -0.0428798 -0.485751 0.873045
vn -0.214133 -0.576048 0.78887
vn -0.0606798 -0.465222 0.883112
vn -0.00881924 -0.182438 0.983178
vn -0.0392141 -0.215046 0.975816
vn -0.133796 -0.350057 0.927124
vn -0.369412 -0.208291 0.905621
vn -0.351549 -0.84751 0.397669
vn -0.764288 -0.292858 0.574541
vn 0.0313055 -0.38806 0.921102
vn 0.0797682 -0.442717 0.893106
vn -0.198476 -0.492074 0.847626
vn -0.0706842 -0.446757 0.891859
vn -0.0486951 -0.432046 0.900536
vn -0.463609 -0.351471 0.813348
vn -0.03283 -0.405776 0.913383
vn -0.254305 -0.409668 0.876071
vn -0.169873 -0.707621 0.685869
vn -0.551408 -0.504455 0.664435
vn -0.895598 -0.178117 0.407649
vn -0.384607 -0.642041 0.66322
vn -0.642397 -0.52892 0.55459
vn -0.601712 -0.628598 0.492755
vn -0.528726 -0.596083 0.604264
vn -0.663066 -0.529203 0.529422
vn -0.838568 -0.295876 0.457452
vn -0.634586 -0.548769 0.5442
vn -0.00400123 -0.177442 0.984123
vn -0.144523 -0.702115 0.697243
vn -0.854573 -0.383844 0.349813
vn 0.0774153 -0.361841 0.92902
vn 0.0218893 -0.913818 0.405534
vn -0.381184 -0.814964 0.4365
vn -0.623869 -0.3909 0.676746
vn 0.0653312 -0.752898 0.654887
vn -0.28091 -0.765714 0.578594
vn 0.300927 -0.620607 0.724078
vn -0.311428 -0.866081 0.391044
vn -0.275109 -0.887119 0.370588
vn -0.547229 -0.660127 0.514561
vn -0.493892 -0.760309 0.421902
vn -0.194893 -0.828075 0.52565
vn -0.581594 -0.778645 0.235499
vn -0.551293 -0.762002 0.339747
vn -0.505516 -0.85608 0.10761
vn -0.355425 -0.86987 -0.342052
vn 0.554475 -0.361271 0.749694
vn -0.372242 -0.765852 0.524315
vn -0.336925 -0.927625 0.161226
vn -0.449797 -0.619856 0.643009
vn -0.502555 -0.526355 0.685849
vn -0.668623 -0.294401 0.682841
vn -0.676787 0.129735 0.724657
vn -0.0100663 -0.27583 0.961154
vn -0.531355 -0.738363 0.415309
vn -0.443354 -0.884265 0.146673
vn -0.657501 -0.391189 0.643944
vn -0.665675 -0.100009 0.73951
vn -0.0223704 -0.84013 0.541924
vn 0.0789043 -0.947362 0.31029
vn -0.504764 -0.696193 0.51042
vn -0.459353 -0.686851 0.563232
vn -0.665044 -0.533181 0.52291
vn -0.68011 -0.592668 0.431503
vn -0.660193 -0.566247 0.493467
vn -0.774105 -0.238991 0.586212
vn -0.656236 -0.621418 0.428012
vn -0.512937 -0.776391 0.366215
vn -0.614408 -0.310686 0.725243
vn -0.393551 -0.784381 0.479441
vn -0.481647 -0.398056 0.780748
vn -0.569314 -0.467021 0.676589
vn -0.530523 -0.367801 0.76372
vn -0.476476 -0.50821 0.717422
vn -0.612491 -0.181911 0.769261
vn -0.398047 -0.165217 0.902365
vn -0.433015 -0.529432 0.72952
vn -0.508183 -0.204339 0.836657
vn -0.417583 -0.736468 0.532202
vn -0.524576 -0.618475 0.585071
vn -0.506069 -0.810154 0.29588
vn -0.242736 -0.957211 0.157561
vn -0.533976 -0.618853 0.5761
vn -0.441725 -0.79994 0.406171
vn -0.546539 -0.587832 0.596446
vn -0.460305 -0.321133 0.827643
vn -0.251796 -0.857484 0.448688
vn -0.308641 -0.364803 0.878442
vn -0.381967 -0.697053 0.60681
vn -0.121043 -0.973137 0.195837
vn -0.462179 -0.441715 0.768946
vn -0.411759 -0.443394 0.796151
vn -0.266549 0.0555443 0.962219
vn -0.435165 0.17492 0.883196
vn -0.0859679 -0.445856 0.890967
vn -0.259281 0.175792 0.949669
vn -0.0527806 -0.928473 0.36763
vn -0.528447 -0.161978 0.833371
vn -0.290529 -0.893746 0.341776
vn 0.00629338 -0.919079 0.394023
vn -0.018171 -0.426528 0.904292
vn 0.0634723 -0.909092 0.411731
vn 0.0595039 -0.41909 0.905993
vn -0.593406 -0.769091 0.23742
vn -0.664796 -0.533024 0.523385
vn -0.728407 -0.121623 0.674263
vn -0.574907 -0.41891 0.702848
vn -0.440595 -0.486701 0.75432
vn -0.749949 -0.585686 0.307488
vn -0.53059 -0.345987 0.7738
vn -0.664796 -0.533024 0.523385
vn -0.391808 -0.463903 0.794532
vn -0.69877 -0.419082 0.579733
vn -0.354189 -0.774771 0.523718
vn -0.512725 -0.368162 0.775609
vn -0.409467 -0.707455 0.576059
vn -0.547229 -0.660127 0.514561
vn -0.674514 -0.409516 0.61427
vn -0.459353 -0.686851 0.563232
vn -0.428457 -0.790054 0.438452
vn -0.764288 -0.292858 0.574541
vn -0.351549 -0.84751 0.397669
vn -0.275109 -0.887119 0.370588
vn -0.796321 -0.265165 0.543655
vn -0.67183 -0.304974 0.675007
vn -0.369412 -0.208291 0.905621
vn -0.631621 -0.424607 0.648663
vn -0.59908 -0.39097 0.698745
vn -0.579396 -0.227203 0.782738
vn -0.681793 -0.0489458 0.729906
vn -0.57817 -0.708075 0.405399
vn -0.542015 -0.711425 0.447318
vn -0.198476 -0.492074 0.847626
vn -0.133796 -0.350057 0.927124
vn -0.478497 -0.451734 0.752979
vn -0.491563 0.0227959 0.870544
vn -0.689345 -0.151264 0.708465
vn -0.422233 -0.374008 0.825734
vn -0.322238 -0.775873 0.542387
vn -0.347882 -0.73046 0.587713
vn -0.339653 -0.707641 0.619581
vn -0.321915 -0.83956 0.437618
vn -0.150481 -0.93651 0.316709
vn -0.28272 -0.826543 0.486719
vn -0.194893 -0.828075 0.52565
vn -0.624262 -0.372419 0.686732
vn -0.66342 -0.332826 0.670149
vn -0.473241 -0.570103 0.671584
vn -0.656694 -0.322925 0.681522
vn -0.58825 -0.219076 0.778439
vn -0.608133 -0.634464 0.477106
vn -0.449797 -0.619856 0.643009
vn -0.652153 -0.614759 0.443585
vn -0.854573 -0.383844 0.349813
vn -0.352872 -0.493602 0.794883
vn -0.439897 -0.56204 0.700429
vn -0.854573 -0.383844 0.349813
vn -0.769578 -0.455082 0.44794
vn -0.440595 -0.486701 0.75432
vn -0.502555 -0.526355 0.685849
vn -0.459353 -0.686851 0.563232
vn -0.476372 -0.556996 0.680313
vn -0.51428 -0.725677 0.457065
vn -0.0194779 -0.107787 0.993983
vn -0.720865 -0.413683 0.556075
vn -0.489486 -0.75795 0.431179
vn -0.581594 -0.778645 0.235499
vn -0.719914 -0.38794 0.575522
vn -0.518076 -0.713554 0.471633
vn -0.551293 -0.762002 0.339747
vn -0.55627 -0.727316 0.401965
vn -0.505516 -0.85608 0.10761
vn -0.336925 -0.927625 0.161226
vn -0.409467 -0.707455 0.576059
vn -0.428457 -0.790054 0.438452
vn -0.724354 -0.439761 0.530964
vn -0.796321 -0.265165 0.543655
vn -0.67183 -0.304974 0.675007
vn -0.478497 -0.451734 0.752979
vn -0.636574 -0.37755 0.67248
vn -0.422233 -0.374008 0.825734
vn -0.613003 -0.358459 0.704084
vn -0.512725 -0.368162 0.775609
vn -0.461692 -0.362744 0.80948
vn -0.388442 -0.501591 0.772993
vn -0.308786 -0.436033 0.845297
vn -0.674514 -0.409516 0.61427
vn -0.502895 -0.785056 0.36164
vn -0.455585 -0.673253 0.582385
vn -0.559195 -0.47872 0.676851
vn -0.514842 -0.490889 0.702827
vn -0.695636 -0.569477 0.437935
vn -0.33435 -0.908879 0.249298
vn -0.63241 -0.56468 0.530276
vn -0.41583 -0.75084 0.513152
vn -0.531355 -0.738363 0.415309
vn -0.522979 -0.666388 0.531432
vn -0.467584 -0.55697 0.686403
vn -0.34807 -0.451455 0.821606
vn -0.530621 -0.449523 0.718589
vn -0.486511 -0.288059 0.82482
vn -0.75985 -0.0261358 0.649573
vn -0.189806 -0.887529 0.419839
vn -0.443946 -0.824635 0.350556
vn -0.28091 -0.765714 0.578594
vn -0.0518797 -0.995162 0.0834279
vn -0.439897 -0.56204 0.700429
vn -0.0606218 -0.825965 0.560452
vn -0.51428 -0.725677 0.457065
vn -0.0194779 -0.107787 0.993983
vn -0.59908 -0.39097 0.698745
vn -0.0392141 -0.215046 0.975816
vn -0.542015 -0.711425 0.447318
vn -0.369412 -0.208291 0.905621
vn -0.133796 -0.350057 0.927124
vn -0.574907 -0.41891 0.702848
vn -0.463609 -0.351471 0.813348
vn -0.0486951 -0.432046 0.900536
vn -0.728407 -0.121623 0.674263
vn -0.484975 -0.201717 0.850946
vn -0.00400123 -0.177442 0.984123
vn -0.0606798 -0.465222 0.883112
vn -0.254305 -0.409668 0.876071
vn -0.895598 -0.178117 0.407649
vn -0.311177 -0.938454 0.149907
vn -0.0729934 -0.911951 0.403753
vn -0.0071871 -0.991334 0.131172
vn -0.0983189 -0.995154 -0.00109842
vn 0.172464 -0.980127 -0.0980192
vn 0.134779 -0.974877 -0.17734
vn 0.47503 -0.747007 -0.46511
vn 0.452759 -0.817272 -0.356476
vn 0.346619 -0.857175 -0.380929
vn -0.52809 -0.735908 0.423747
vn -0.223629 -0.513001 0.828746
vn 0.167715 -0.863043 0.476474
vn 0.438268 -0.878522 0.190055
vn -0.45428 -0.869289 0.194851
vn 0.371311 -0.865969 0.335002
vn -0.400537 -0.805965 0.43588
vn -0.344326 -0.653561 0.674016
vn -0.377898 -0.374907 0.846545
vn -0.2345 -0.927406 0.291423
vn 0.130648 -0.991358 -0.0118444
vn -0.12901 -0.991643 -0.000240767
vn -0.767175 -0.507446 0.392353
vn -0.516625 -0.798995 0.307743
vn -0.431706 -0.87518 0.218381
vn -0.419666 -0.893793 0.158161
vn 0.415368 -0.900058 -0.131779
vn 0.518295 -0.817525 0.251044
vn 0.197265 -0.97846 -0.0608448
vn 0.0755594 -0.957389 -0.278742
vn 0.392401 -0.915829 -0.0853099
vn 0.259848 -0.940994 0.216816
vn 0.440364 -0.858054 0.26424
vn -0.0576012 -0.998318 0.00663436
vn -0.00259861 -0.99459 0.103845
vn 0.603924 -0.786033 0.13201
vn 0.202795 -0.977916 0.0505432
vn 0.491159 -0.824537 -0.280894
vn 0.437604 -0.897803 0.0495276
vn 0.482305 -0.819568 0.309337
vn 0.206571 -0.962359 0.176615
vn 0.46773 -0.775596 0.423887
vn 0.0258492 -0.991411 0.128201
vn 0.40737 -0.782299 0.471231
vn 0.399011 -0.780851 0.480689
vn 0.392988 -0.896964 0.202526
vn 0.0225647 -0.904186 0.426541
vn -0.351388 -0.760655 0.545829
vn 0.163967 -0.847246 0.505261
vn 0.520209 -0.809495 0.272212
vn -0.220904 -0.636293 0.739143
vn -0.169446 -0.894382 0.413968
vn 0.814273 -0.52409 0.249578
vn -0.163636 -0.924048 0.345483
vn -0.143914 -0.788253 0.598285
vn -0.651394 -0.705434 0.279371
vn 0.00799946 -0.948633 0.316278
vn 0.220425 -0.894003 0.390091
vn -0.00724258 -0.981191 0.192904
vn -0.0151043 -0.999881 -0.00317457
vn -0.0155084 -0.999756 0.0157401
vn -0.0311841 -0.999394 -0.0154494
vn -0.338991 -0.8828 0.325192
vn -0.113338 -0.951259 0.286813
vn -0.349725 -0.817685 0.457256
vn -0.422534 -0.802942 0.420416
vn -0.434411 -0.763293 0.478195
vn 0.0431117 -0.998401 -0.03655
vn -0.0799839 -0.780122 0.620494
vn -0.143129 -0.901254 0.408969
vn -0.0436832 -0.498783 0.865626
vn -0.345407 -0.842692 0.412993
vn -0.242871 -0.860624 0.447593
vn -0.575936 -0.72849 0.370944
vn -0.54583 -0.76879 0.333213
vn -0.599068 -0.730896 0.326967
vn -0.292643 -0.935175 0.199519
vn -0.0694568 -0.991015 0.1143
vn -0.330471 -0.943639 -0.018296
vn -0.428333 -0.761587 0.48633
vn -0.295873 -0.938065 0.180258
vn 0.112626 -0.915882 0.385325
vn -0.0741148 -0.902547 0.424165
vn -0.0181155 -0.999474 0.0269049
vn 0.133835 -0.732062 0.667963
vn 0.34536 -0.929992 0.125867
vn 0.0235645 -0.903409 0.428133
vn 0.332712 -0.8416 0.425456
vn -0.654603 -0.519888 0.548828
vn -0.692866 -0.712407 0.111414
vn 0.0343519 -0.99854 -0.0416865
vn 0.469999 -0.876405 0.104958
vn -0.412094 -0.83116 0.373298
vn -0.193797 -0.97688 -0.0902718
vn -0.0261428 -0.997747 -0.0617864
vn -0.432619 -0.854585 -0.287272
vn -0.428627 -0.874682 -0.226295
vn -0.130373 -0.982255 -0.134822
vn -0.201305 -0.873376 -0.443499
vn -0.927647 0.1284 0.350691
vn -0.267472 -0.882202 -0.387528
vn 0.00933123 -0.890573 0.454744
vn -0.501558 -0.72483 0.472293
vn -0.741488 -0.519135 0.425081
vn -0.169102 -0.899649 0.402538
vn 0.3452 -0.911684 0.222867
vn -0.200027 -0.977698 0.0639968
vn 0.0151052 -0.990485 -0.136787
vn 0.183058 -0.982895 0.020166
vn -0.272798 -0.894072 0.355269
vn -0.0939693 -0.982823 0.158837
vn -0.0499383 -0.99845 -0.0245793
vn 0.00525768 -0.987263 0.159011
vn -0.146529 -0.955635 0.25552
vn -0.381184 -0.814964 0.4365
vn 0.732827 -0.556783 0.391096
vn 0.00313629 -0.406665 0.913572
vn -0.050036 -0.96419 0.260448
vn 0.129612 -0.989111 -0.0697135
vn -0.465576 -0.826784 0.315699
vn -0.0904545 -0.982483 -0.162929
vn -0.378842 -0.838234 0.392227
vn 0.370557 -0.899086 0.233093
vn 0.2316 -0.97098 -0.0596513
vn -0.00172448 -0.999972 0.00731443
vn -0.157772 -0.974379 0.160295
vn -0.165033 -0.985277 0.0446509
vn 0.368712 -0.928991 -0.0320537
vn 0.391163 -0.905174 -0.166286
vn 0.2676 -0.962668 -0.0407443
vn -0.377759 -0.923406 0.06797
vn 0.12453 -0.986081 0.110169
vn 0.598469 -0.798216 0.0684538
vn 0.172992 -0.856106 0.486987
vn 0.425052 -0.837052 0.344494
vn 0.415786 -0.841863 0.344078
vn 0.293174 -0.862884 0.41168
vn 0.230361 -0.554972 0.799338
vn 0.449118 -0.893226 0.0209967
vn 0.506887 -0.862009 0.00251799
vn 0.462949 -0.772425 0.434785
vn 0.416416 -0.488976 0.766486
vn 0.204104 -0.366048 0.907937
vn 0.706519 -0.578297 0.407926
vn 0.615968 -0.326049 0.71713
vn -0.388132 -0.912162 0.131582
vn 0.225893 -0.519072 0.82434
vn 0.290596 -0.835273 -0.466769
vn -0.367146 -0.751405 0.548265
vn -0.322174 -0.932706 0.162064
vn -0.445923 -0.825033 0.347091
vn -0.334641 -0.912871 0.233841
vn -0.187485 -0.981813 -0.0298827
vn -0.0071871 -0.991334 0.131172
vn -0.0729934 -0.911951 0.403753
vn 0.239551 -0.970851 -0.00799263
vn 0.172464 -0.980127 -0.0980192
vn 0.452759 -0.817272 -0.356476
vn 0.640015 -0.636819 -0.429932
vn 0.714702 -0.617 -0.329412
vn 0.438268 -0.878522 0.190055
vn -0.12901 -0.991643 -0.000240767
vn -0.187485 -0.981813 -0.0298827
vn 0.00525768 -0.987263 0.159011
vn -0.00259861 -0.99459 0.103845
vn -0.334641 -0.912871 0.233841
vn 0.332712 -0.8416 0.425456
vn -0.0939693 -0.982823 0.158837
vn 0.259848 -0.940994 0.216816
vn 0.469999 -0.876405 0.104958
vn 0.3452 -0.911684 0.222867
vn 0.163967 -0.847246 0.505261
vn 0.0258492 -0.991411 0.128201
vn 0.206571 -0.962359 0.176615
vn -0.419666 -0.893793 0.158161
vn -0.2345 -0.927406 0.291423
vn -0.692866 -0.712407 0.111414
vn -0.0261428 -0.997747 -0.0617864
vn -0.0499383 -0.99845 -0.0245793
vn -0.0311841 -0.999394 -0.0154494
vn 0.0151052 -0.990485 -0.136787
vn -0.465576 -0.826784 0.315699
vn -0.322174 -0.932706 0.162064
vn -0.334641 -0.912871 0.233841
vn -0.445923 -0.825033 0.347091
vn -0.0181155 -0.999474 0.0269049
vn -0.0576012 -0.998318 0.00663436
vn -0.0499383 -0.99845 -0.0245793
vn -0.157772 -0.974379 0.160295
vn -0.324042 -0.635167 0.701113
vn 0.370557 -0.899086 0.233093
vn 0.732827 -0.556783 0.391096
vn -0.201305 -0.873376 -0.443499
vn -0.330471 -0.943639 -0.018296
vn 0.290596 -0.835273 -0.466769
vn -0.0904545 -0.982483 -0.162929
vn 0.133835 -0.732062 0.667963
vn -0.428333 -0.761587 0.48633
vn 0.112626 -0.915882 0.385325
vn -0.888259 0.216208 -0.405278
vn -0.77967 -0.0748908 -0.621696
vn -0.734747 0.0975374 -0.671292
vn -0.533804 -0.278966 -0.798268
vn -0.519029 -0.058894 -0.852725
vn -0.888989 0.00861973 -0.457846
vn -0.815618 -0.251775 -0.520939
vn -0.33551 -0.354662 -0.872724
vn -0.341803 -0.552621 -0.760119
vn -0.727538 -0.421192 -0.541559
vn -0.882992 0.18807 -0.430063
vn -0.964368 -0.0427052 -0.261094
vn -0.905282 -0.0282442 -0.423871
vn -0.441586 -0.103662 -0.891211
vn -0.32636 -0.148938 -0.933438
vn -0.556017 -0.0495228 -0.829694
vn -0.931619 0.32282 -0.16695
vn 0.0505609 -0.622622 -0.780888
vn -0.268393 -0.581935 -0.76767
vn -0.089144 -0.869398 -0.486004
vn -0.698991 -0.356082 -0.620175
vn -0.46631 -0.874221 -0.135251
vn -0.893657 -0.366157 -0.259434
vn -0.930672 0.00640677 -0.365798
vn -0.865891 -0.0822959 -0.493418
vn -0.689807 0.108825 -0.715768
vn -0.94537 0.0771486 -0.31674
vn -0.867468 0.426029 -0.256902
vn -0.541256 0.433761 -0.720342
vn -0.467415 0.863346 -0.190147
vn -0.571732 0.44031 -0.692279
vn -0.920448 0.208036 0.330902
vn -0.38981 -0.248792 -0.886651
vn -0.0207148 0.795718 -0.605313
vn -0.046876 0.508332 -0.859885
vn -0.713329 0.178505 -0.677715
vn -0.991134 0.116656 0.063598
vn -0.530371 0.392775 -0.751288
vn -0.519199 -0.126796 -0.845196
vn -0.0624155 -0.189039 -0.979984
vn -0.0741803 0.0995906 -0.99226
vn -0.019017 -0.485945 -0.873782
vn -0.140896 -0.513306 -0.846561
vn -0.792209 0.470964 -0.388069
vn -0.991643 0.0668429 -0.110342
vn -0.978636 0.205584 0.00260271
vn -0.811237 0.568088 0.138457
vn -0.784864 0.47315 0.400148
vn -0.73415 0.673023 0.0897947
vn -0.714896 0.596652 0.364596
vn -0.93326 0.182401 -0.309443
vn -0.854699 0.508154 -0.106154
vn -0.953695 0.068715 -0.292821
vn -0.881992 0.174138 0.437911
vn -0.830924 -0.383883 0.40274
vn -0.046876 0.508332 -0.859885
vn -0.0741803 0.0995906 -0.99226
vn -0.713329 0.178505 -0.677715
vn -0.530371 0.392775 -0.751288
vn -0.864201 -0.00727898 -0.503094
vn -0.964368 -0.0427052 -0.261094
vn -0.727538 -0.421192 -0.541559
vn -0.698991 -0.356082 -0.620175
vn -0.893657 -0.366157 -0.259434
vn -0.953695 0.068715 -0.292821
vn -0.830924 -0.383883 0.40274
vn -0.93326 0.182401 -0.309443
vn -0.584573 0.327022 0.742517
vn -0.639882 0.471193 0.607064
vn -0.511605 0.686586 0.516585
vn -0.583865 0.318542 0.746748
vn -0.553265 -0.27745 0.785442
vn -0.499877 -0.184554 0.846205
vn -0.560133 0.353467 0.749207
vn -0.591431 0.354135 0.724429
vn -0.6385 0.186696 0.746634
vn -0.395799 0.821161 0.411142
vn -0.508228 0.408104 0.75839
vn -0.667162 0.447151 0.595777
vn -0.575126 -0.0296408 0.817528
vn -0.243824 0.877631 0.41269
vn -0.281545 0.873169 0.397879
vn -0.387268 0.858084 0.337216
vn -0.405711 0.837611 0.365795
vn -0.561585 0.683434 0.466413
vn -0.688531 0.5065 0.519021
vn -0.648334 0.665134 0.370486
vn -0.780844 0.606996 0.147782
vn -0.770777 0.367789 0.520225
vn -0.549688 0.811727 -0.197338
vn -0.325684 0.944902 0.0330254
vn -0.515531 0.856813 0.00993382
vn -0.791299 0.554134 0.25842
vn -0.520374 0.811603 -0.265542
vn -0.3977 0.852426 -0.339419
vn -0.862967 0.500489 -0.0692729
vn -0.781523 0.3405 0.522763
vn -0.403867 0.847563 0.344281
vn -0.832176 0.141835 0.536065
vn -0.688843 0.169025 0.70493
vn -0.3756 -0.0854019 0.922839
vn -0.530399 -0.124953 0.838489
vn -0.192782 0.895063 0.402117
vn -0.670583 0.295939 0.680249
vn -0.392927 -0.00414307 0.91956
vn -0.213961 0.147257 0.965679
vn -0.62427 0.152018 0.766275
vn -0.689933 0.138728 0.710455
vn -0.686427 -0.11434 0.718154
vn -0.660458 -0.0869222 0.745815
vn -0.625596 0.303992 0.718484
vn -0.698751 0.121427 0.704984
vn -0.549155 0.471144 0.690255
vn -0.613907 0.12754 0.779007
vn -0.607808 -0.0589484 0.791893
vn -0.615313 -0.0505929 0.786658
vn -0.599988 0.167353 0.782309
vn -0.602354 0.23171 0.763859
vn -0.490998 0.104158 0.864912
vn -0.471615 0.399712 0.786009
vn 0.00404291 0.278302 0.960485
vn 0.102923 0.727686 0.678145
vn -0.358844 0.851494 0.382346
vn -0.579825 0.445077 0.682429
vn 0.00884144 0.990525 0.137045
vn -0.10304 0.974236 0.200615
vn -0.032092 0.996179 0.0812252
vn -0.119622 0.866819 0.484062
vn -0.0841068 0.909522 0.407056
vn -0.118091 0.479188 0.869732
vn -0.32744 0.529186 0.78278
vn -0.202111 0.48315 0.851891
vn -0.525941 0.435509 0.73056
vn -0.292284 0.668367 0.684
vn -0.0886365 0.880997 0.464745
vn -0.342512 0.822808 0.453511
vn -0.532804 0.302973 0.790144
vn -0.625896 0.31457 0.713653
vn -0.689136 -0.174478 0.703313
vn -0.536541 -0.0581586 0.841868
vn -0.213841 0.509048 0.833752
vn -0.151304 0.957191 0.246765
vn -0.238818 0.673137 0.699895
vn -0.389588 0.744444 0.54224
vn -0.200004 0.905043 0.375362
vn -0.847476 0.387769 0.362519
vn -0.0990386 0.984561 0.144331
vn -0.660859 0.539217 0.522026
vn -0.538769 0.408334 0.736879
vn -0.539055 0.312559 0.782129
vn -0.628956 -0.00315473 0.777435
vn -0.691328 -0.0436 0.721224
vn -0.665675 -0.100009 0.73951
vn -0.571012 0.312526 0.759126
vn -0.556969 0.38005 0.738477
vn -0.32892 0.811609 0.482807
vn -0.462608 0.490507 0.738509
vn -0.549469 0.463714 0.69502
vn -0.574337 0.469869 0.670343
vn -0.378574 0.795715 0.472779
vn -0.422011 0.534006 0.732629
vn -0.915119 0.345228 0.208267
vn -0.623256 0.763645 -0.168518
vn -0.058625 0.970473 0.233976
vn -0.971166 0.237366 0.0222222
vn -0.297255 0.780209 0.550375
vn -0.701735 0.142116 0.69812
vn -0.726871 0.165177 0.666614
vn -0.748895 -0.13705 0.648362
vn -0.857116 0.146117 0.493966
vn -0.764657 -0.0110909 0.644342
vn -0.751272 -0.0440278 0.658523
vn -0.63346 0.371622 0.678694
vn -0.57848 0.296475 0.75991
vn -0.58825 -0.219076 0.778439
vn -0.570699 -0.247819 0.782872
vn -0.562026 0.328414 0.759125
vn -0.759875 0.261872 0.594989
vn -0.739883 -0.174333 0.649755
vn -0.541441 0.541525 0.643111
vn -0.579319 0.321183 0.749154
vn 0.225642 0.914248 0.336506
vn 0.437366 0.774398 0.457186
vn 0.28461 0.407181 0.867872
vn 0.609637 0.744998 0.270776
vn 0.813866 0.546778 0.196609
vn -0.640614 0.192592 0.743318
vn -0.648735 -0.195757 0.735407
vn -0.826867 0.208239 0.522424
vn -0.377527 0.543719 0.749562
vn -0.758914 0.258058 0.597877
vn -0.0297058 0.977305 0.209742
vn 0.0611529 0.959069 -0.276491
vn -0.222901 0.971901 -0.0756512
vn -0.503281 0.744368 0.438891
vn -0.795782 0.429952 0.426465
vn -0.326787 0.477838 0.815402
vn -0.330625 0.59521 0.732401
vn -0.994349 -0.0911613 0.0543957
vn -0.528566 -0.0956873 0.843482
vn -0.491831 0.799613 0.34456
vn -0.163558 0.744041 0.647805
vn -0.0249433 0.858514 0.512184
vn -0.26166 0.623552 0.736694
vn -0.193978 0.750171 0.632152
vn -0.34691 0.487398 0.801309
vn -0.416688 0.512255 0.750977
vn -0.255794 0.530822 0.807959
vn -0.137843 0.909097 0.393117
vn -0.433674 0.470645 0.768388
vn -0.417933 0.805852 0.419446
vn -0.787844 0.456498 0.413415
vn -0.867468 0.426029 -0.256902
vn -0.467415 0.863346 -0.190147
vn -0.491274 0.2952 0.819455
vn 0.0611755 0.976802 0.20522
vn -0.289667 0.449203 0.845169
vn 0.298965 0.943072 -0.145724
vn -0.506991 0.529657 0.680017
vn -0.634913 0.0268846 0.772116
vn -0.644741 -0.0913641 0.758921
vn -0.357545 0.698763 0.61959
vn -0.530727 0.2692 0.803654
vn -0.547274 -0.084329 0.832694
vn -0.363244 0.407552 0.837828
vn -0.073519 -0.0280575 0.996899
vn -0.278069 0.358323 0.891225
vn -0.411029 0.449671 0.793001
vn -0.374128 0.458204 0.806274
vn -0.393094 0.611643 0.686564
vn -0.0892313 0.285352 0.95426
vn -0.369143 0.461928 0.806446
vn -0.405337 0.676474 0.614886
vn -0.406009 0.712473 0.57231
vn -0.411384 0.747907 0.520959
vn -0.811237 0.568088 0.138457
vn -0.714896 0.596652 0.364596
vn -0.784864 0.47315 0.400148
vn -0.118038 0.601457 0.790137
vn -0.73415 0.673023 0.0897947
vn -0.287574 0.716091 0.636015
vn -0.401828 0.804967 0.436535
vn -0.395738 0.717914 0.572705
vn -0.391738 0.191742 0.899876
vn -0.854699 0.508154 -0.106154
vn 0.106945 0.519446 0.847784
vn -0.881992 0.174138 0.437911
vn -0.920448 0.208036 0.330902
vn -0.473603 0.537626 0.697609
vn -0.490884 0.432698 0.756178
vn -0.296353 0.366884 0.8818
vn -0.707126 0.46278 0.53461
vn -0.355586 0.461402 0.812814
vn -0.327018 -0.40207 0.855219
vn -0.830924 -0.383883 0.40274
vn -0.394475 0.44992 0.801225
vn -0.0171575 0.99504 -0.0979858
vn -0.497608 0.469422 0.729403
vn -0.367868 0.471055 0.801736
vn -0.360345 0.472593 0.804243
vn -0.498625 0.500545 0.707692
vn -0.853614 0.258924 0.451997
vn -0.602358 0.468336 0.646394
vn -0.363244 0.407552 0.837828
vn -0.360345 0.472593 0.804243
vn -0.411029 0.449671 0.793001
vn -0.296353 0.366884 0.8818
vn -0.289667 0.449203 0.845169
vn -0.416688 0.512255 0.750977
vn -0.490884 0.432698 0.756178
vn -0.394475 0.44992 0.801225
vn -0.498625 0.500545 0.707692
vn -0.374128 0.458204 0.806274
vn -0.491831 0.799613 0.34456
vn -0.325684 0.944902 0.0330254
vn -0.222901 0.971901 -0.0756512
vn -0.991134 0.116656 0.063598
vn -0.714896 0.596652 0.364596
vn -0.707126 0.46278 0.53461
vn -0.920448 0.208036 0.330902
vn -0.498625 0.500545 0.707692
vn -0.684576 0.234633 0.690147
vn -0.770777 0.367789 0.520225
vn -0.639882 0.471193 0.607064
vn -0.6385 0.186696 0.746634
vn -0.676787 0.129735 0.724657
vn -0.668491 0.182276 0.721037
vn -0.625596 0.303992 0.718484
vn -0.622673 0.222883 0.750068
vn -0.640614 0.192592 0.743318
vn -0.758914 0.258058 0.597877
vn -0.62427 0.152018 0.766275
vn -0.688843 0.169025 0.70493
vn -0.795782 0.429952 0.426465
vn -0.602358 0.468336 0.646394
vn -0.63346 0.371622 0.678694
vn -0.541441 0.541525 0.643111
vn -0.759875 0.261872 0.594989
vn -0.574337 0.469869 0.670343
vn -0.826867 0.208239 0.522424
vn -0.506991 0.529657 0.680017
vn -0.525941 0.435509 0.73056
vn -0.292284 0.668367 0.684
vn -0.625896 0.31457 0.713653
vn -0.549469 0.463714 0.69502
vn -0.497608 0.469422 0.729403
vn -0.579825 0.445077 0.682429
vn -0.579319 0.321183 0.749154
vn -0.0886365 0.880997 0.464745
vn -0.0872203 0.48423 0.870582
vn -0.202111 0.48315 0.851891
vn -0.118091 0.479188 0.869732
vn -0.213841 0.509048 0.833752
vn -0.238818 0.673137 0.699895
vn -0.326787 0.477838 0.815402
vn -0.326787 0.477838 0.815402
vn -0.32892 0.811609 0.482807
vn -0.422011 0.534006 0.732629
vn -0.915119 0.345228 0.208267
vn -0.330625 0.59521 0.732401
vn -0.739883 -0.174333 0.649755
vn -0.826867 0.208239 0.522424
vn -0.751272 -0.0440278 0.658523
vn 0.484518 -0.322544 0.813147
vn 0.493603 -0.112532 0.862376
vn 0.916567 -0.233821 0.324395
vn 0.866166 -0.443981 0.229429
vn 0.792496 -0.606743 -0.0617496
vn 0.1208 0.0511027 0.991361
vn 0.12754 -0.0211851 0.991607
vn 0.379278 -0.456361 0.804912
vn 0.699789 -0.601118 0.385942
vn -0.073519 -0.0280575 0.996899
vn 0.00690169 -0.333113 0.942862
vn -0.0892313 0.285352 0.95426
vn -0.278069 0.358323 0.891225
vn 0.372189 -0.658429 0.654176
vn -0.369143 0.461928 0.806446
vn 0.588525 -0.347595 0.729943
vn 0.506438 -0.850749 0.140522
vn 0.513208 -0.336351 0.789611
vn -0.213961 0.147257 0.965679
vn -0.116411 -0.429909 0.895336
vn 0.127236 -0.855679 0.501621
vn 0.607182 -0.632548 0.480847
vn 0.870609 -0.429379 0.240155
vn 0.207791 -0.816458 0.538721
vn 0.193372 0.202158 0.960073
vn -0.118038 0.601457 0.790137
vn 0.106945 0.519446 0.847784
vn 0.652492 -0.757288 0.0277399
vn 0.318916 -0.42485 0.847228
vn -0.319379 -0.852243 0.414343
vn -0.327018 -0.40207 0.855219
vn 0.324716 0.0812546 0.942315
vn 0.398739 -0.799054 0.450023
vn 0.539783 -0.838129 0.0785776
vn 0.364893 -0.920548 0.139442
vn 0.440138 -0.897003 0.0407804
vn 0.464209 -0.0177544 0.885548
vn -0.391738 0.191742 0.899876
vn 0.513208 -0.336351 0.789611
vn 0.493603 -0.112532 0.862376
vn 0.464209 -0.0177544 0.885548
vn 0.1208 0.0511027 0.991361
vn 0.193372 0.202158 0.960073
vn 0.106945 0.519446 0.847784
vn 0.324716 0.0812546 0.942315
vn -0.391738 0.191742 0.899876
vn 0.607182 -0.632548 0.480847
vn 0.699789 -0.601118 0.385942
vn 0.616722 -0.784216 0.0682516
vn 0.870609 -0.429379 0.240155
vn 0.652492 -0.757288 0.0277399
vn 0.364893 -0.920548 0.139442
vn -0.0575991 0.998282 0.0107228
vn -0.257447 -0.00273832 0.966289
vn -0.00499074 -0.011558 0.999921
vn 0.128708 0.990177 0.0546164
vn -0.269482 0.962957 -0.00965845
vn -0.601954 -0.0185507 0.798315
vn -0.575366 0.816473 -0.0482263
vn 0.140263 -0.0236089 0.989833
vn 0.208685 0.769341 0.603792
vn 0.40646 -0.0228101 0.913384
vn 0.237002 0.143363 0.960873
vn -0.332253 0.603481 0.724858
vn -0.840822 0.538043 -0.0593961
vn -0.459211 0.888082 -0.0208592
vn -0.181602 0.98336 -0.00489711
vn -0.155773 0.42329 0.892502
vn -0.164965 0.981508 -0.0971026
vn -0.2555 0.387857 0.8856
vn -0.237688 0.849082 0.471766
vn -0.0465821 0.94343 -0.328284
vn -0.0438693 0.906715 0.419457
vn -0.265165 0.447704 0.85396
vn -0.222619 0.97478 0.0156374
vn -0.202822 0.919177 0.337606
vn -0.0349882 0.404939 0.913674
vn 0.00252751 -0.249335 0.968414
vn -0.0143651 0.917136 0.398315
vn -0.448234 0.893865 -0.00953367
vn -0.999162 0.00186651 -0.0408978
vn 0.153678 0.985449 -0.0726189
vn -0.47575 0.388506 0.789129
vn -0.0196396 0.382355 0.923807
vn -0.0116115 0.923647 0.383069
vn -0.0348729 0.35758 0.933231
vn -0.307692 0.885214 0.348887
vn -0.222275 0.968568 -0.111664
vn -0.469827 0.823009 0.319246
vn -0.337905 0.646096 0.684383
vn -0.0438557 0.932953 -0.357317
vn -0.448332 0.812137 -0.373407
vn 0.0376932 0.977666 0.206755
vn -0.278451 0.670025 -0.688136
vn -0.52358 0.352586 0.775595
vn -0.370337 -0.225141 0.9012
vn -0.569965 -0.00489827 0.821654
vn 0.267978 0.921683 -0.280513
vn -0.253508 0.911649 0.323465
vn -0.249095 0.882794 -0.398279
vn -0.120325 0.947363 0.296692
vn -0.0966432 0.911802 -0.399095
vn -0.0535022 0.980474 0.189231
vn -0.0479154 0.923486 -0.380628
vn -0.0244852 0.992819 0.117089
vn -0.0144428 0.925798 -0.377743
vn 0.00694757 0.996511 0.0831766
vn -0.0196044 0.886262 0.462769
vn 0.205995 0.872758 0.442559
vn 0.0885856 0.98753 0.130142
vn -0.0226133 0.455716 0.889838
vn 0.201238 0.449251 0.870446
vn -0.11648 0.503185 0.856293
vn 0.0101044 0.923781 -0.382788
vn 0.0706731 0.916634 -0.393431
vn 0.154673 0.963318 0.219307
vn 0.284466 0.8504 -0.442606
vn 0.448521 0.888474 0.0971768
vn 0.307387 0.758264 0.574934
vn 0.189444 0.910303 0.368048
vn 0.16466 0.93727 0.307264
vn 0.221591 0.975138 0.00183326
vn 0.0462022 0.998398 -0.0326713
vn -0.0395308 0.99583 -0.0822224
vn -0.00276127 0.999968 0.00754941
vn 0.0200892 0.999191 0.0348405
vn 0.0024382 0.999066 0.0431424
vn 0.00641422 0.999658 0.0253577
vn 0.086294 0.991685 0.0954663
vn -0.0387529 0.988697 0.144832
vn 0.141783 0.895373 0.422144
vn -0.254212 0.79811 0.546257
vn 0.121001 0.952201 0.280486
vn -0.0621556 0.935238 0.34852
vn 0.0555936 0.995676 0.0744171
vn 0.0253314 0.998435 0.0498616
vn -0.28877 0.717427 0.633964
vn -0.0392874 0.999224 -0.00271398
vn 0.308341 0.846279 -0.434441
vn -0.426197 0.87553 -0.227604
vn -0.126767 0.438097 0.889945
vn -0.223713 0.799631 0.557264
vn 0.0642511 0.760703 0.645912
vn -0.109111 0.904836 0.411542
vn -0.341016 0.496714 0.798112
vn -0.312631 0.78655 0.532541
vn 0.394014 0.723157 0.567272
vn -0.321067 0.326611 0.888955
vn -0.579711 -0.00171365 0.81482
vn 0.0615666 0.755807 0.651894
vn -0.267451 0.758921 0.593725
vn -0.362438 0.384382 0.849052
vn -0.486314 0.36088 0.795779
vn -0.428805 0.796751 0.425809
vn -0.43931 0.316525 0.840725
vn -0.54789 0.23243 0.803612
vn 0.0971165 0.40992 0.906936
vn 0.424796 0.714083 0.556447
vn 0.337439 0.518242 0.78585
vn 0.441506 0.595598 0.671071
vn 0.176131 0.550707 0.815904
vn 0.0655049 0.401819 0.913373
vn 0.202292 0.556621 0.805761
vn 0.100894 0.525926 0.844525
vn 0.279585 0.24476 0.928399
vn 0.618788 0.195434 0.760859
vn -0.188474 0.717185 0.670912
vn 0.0367737 0.999177 0.0171281
vn -0.00327537 0.992394 0.12306
vn 0.0121684 0.998818 0.0470557
vn 0.0168775 0.998212 -0.0573355
vn 0.00674053 0.999588 -0.027917
vn 0.205177 0.976418 0.0671631
vn 0.0047342 0.903218 -0.429156
vn 0.0666181 0.905506 -0.419072
vn 0.0552959 0.906041 -0.419562
vn 0.273706 0.951136 -0.142914
vn 0.300665 0.952071 0.0562258
vn 0.418224 0.764013 -0.491297
vn 0.515197 0.849487 0.113773
vn 0.0132859 0.99911 -0.0400296
vn 0.640064 0.724787 0.254954
vn -0.189907 0.973854 -0.124673
vn 0.00292359 0.995072 0.0991134
vn 0.19006 0.757026 0.625131
vn 0.176623 0.583703 0.792525
vn 0.598459 0.180161 0.780634
vn 0.504487 0.500321 0.703685
vn 0.50627 0.708076 0.492259
vn 0.714788 0.500019 0.488937
vn 0.154821 0.842722 0.515606
vn 0.0501985 0.849657 0.524942
vn 0.414224 0.682072 0.602657
vn 0.0993138 0.827585 0.552485
vn 0.173467 0.861877 0.476525
vn 0.646852 0.71647 0.261255
vn 0.643265 0.66391 0.381357
vn 0.0743842 0.939622 -0.334033
vn -0.118534 0.848385 0.515939
vn -0.27932 0.604928 0.745682
vn -0.252447 0.749197 0.612351
vn -0.154833 0.617192 0.771428
vn 0.244584 0.87848 0.410429
vn -0.517196 0.820622 -0.243081
vn -0.36385 0.917174 -0.162498
vn 0.0642472 0.982223 -0.176381
vn -0.206589 0.899512 -0.384966
vn 0.39692 0.903449 -0.16197
vn 0.396529 0.809979 -0.432088
vn 0.304471 0.907336 0.289893
vn 0.241417 0.965171 -0.100812
vn -0.26023 0.489671 0.832167
vn -0.138667 0.169132 0.97579
vn 0.423596 0.709426 0.563277
vn -0.107385 0.643999 0.757452
vn -0.360073 0.186139 0.914166
vn -0.286934 0.630237 0.721436
vn -0.235904 0.636971 0.733906
vn 0.0483166 0.893513 0.446431
vn -0.47575 0.388506 0.789129
vn -0.2555 0.387857 0.8856
vn -0.52358 0.352586 0.775595
vn -0.569965 -0.00489827 0.821654
vn -0.107385 0.643999 0.757452
vn -0.154833 0.617192 0.771428
vn -0.235904 0.636971 0.733906
vn 0.19006 0.757026 0.625131
vn -0.0350116 0.166989 0.985337
vn -0.312631 0.78655 0.532541
vn 0.201238 0.449251 0.870446
vn 0.0483166 0.893513 0.446431
vn 0.394014 0.723157 0.567272
vn 0.414224 0.682072 0.602657
vn 0.423596 0.709426 0.563277
vn 0.208685 0.769341 0.603792
vn -0.840822 0.538043 -0.0593961
vn -0.68144 -0.0864558 -0.726749
vn 0.752978 -0.279495 0.59574
vn 0.712786 -0.691029 0.120065
vn 0.739645 -0.369162 0.562711
vn 0.592078 -0.721969 0.358057
vn 0.442163 -0.870234 -0.21722
vn 0.415895 -0.90878 0.0339177
vn 0.228867 -0.842344 -0.487931
vn 0.552968 0.144334 0.820606
vn 0.645241 -0.571874 0.50658
vn -0.00165442 -0.865637 -0.50067
vn 0.738312 -0.449541 0.502801
vn 0.471158 -0.162126 0.867021
vn 0.369483 -0.929229 0.00401612
vn 0.564631 -0.558322 0.607839
vn -0.132924 -0.474833 0.86998
vn -0.050126 -0.923868 0.379415
vn 0.556668 -0.67646 0.482205
vn -0.173812 -0.961076 -0.21476
vn 0.591522 -0.0324098 0.805638
vn 0.425351 -0.227185 0.87605
vn -0.251881 -0.874576 -0.414334
vn 0.343087 -0.873426 -0.345569
vn 0.20561 -0.728051 -0.653962
vn 0.3349 -0.884588 -0.324571
vn 0.327956 -0.929259 -0.170069
vn -0.109399 -0.868113 -0.48416
vn 0.613588 -0.608044 0.503778
vn 0.0595039 -0.41909 0.905993
vn 0.436941 -0.863578 0.251624
vn 0.0634723 -0.909092 0.411731
vn 0.65441 -0.743912 0.135433
vn 0.556668 -0.67646 0.482205
vn 0.712786 -0.691029 0.120065
vn 0.645241 -0.571874 0.50658
vn 0.415895 -0.90878 0.0339177
vn -0.173812 -0.961076 -0.21476
vn 0.559367 -0.823484 -0.0947754
vn 0.436941 -0.863578 0.251624
vn 0.65441 -0.743912 0.135433
vn 0.327956 -0.929259 -0.170069
vn -0.26256 0.359047 -0.895627
vn 0.255758 0.244469 -0.93532
vn 0.307507 -0.200304 -0.930225
vn 0.226503 0.378053 -0.897648
vn 0.195999 0.129488 -0.972017
vn 0.0773102 0.128284 -0.98872
vn 0.537206 0.237271 -0.80939
vn 0.547305 0.136817 -0.825675
vn 0.474413 0.162687 -0.865139
vn 0.440769 0.33332 -0.833439
vn 0.422995 0.232336 -0.87584
vn 0.386278 0.367771 -0.845892
vn 0.742444 0.113343 -0.660251
vn 0.42384 0.360226 -0.831022
vn 0.363218 0.432106 -0.825444
vn 0.0833944 0.0411108 -0.995668
vn 0.189269 0.31458 -0.93017
vn 0.287134 0.0749801 -0.954951
vn 0.513415 0.337078 -0.789166
vn 0.258062 0.23401 -0.93736
vn 0.694624 0.392363 -0.60295
vn 0.878238 0.273344 -0.392404
vn 0.378331 0.60413 -0.701351
vn 0.24441 0.509868 -0.824802
vn 0.241166 0.766545 -0.595187
vn 0.379982 0.56329 -0.733702
vn 0.344803 0.731765 -0.587904
vn 0.161657 0.884636 -0.437364
vn 0.366591 0.489872 -0.790972
vn 0.278368 0.560187 -0.780194
vn 0.384251 0.70805 -0.592467
vn 0.320017 0.700703 -0.637655
vn 0.232734 0.756223 -0.611525
vn 0.0387046 0.850643 -0.524318
vn -0.0710861 0.883653 -0.462715
vn 0.314882 0.760022 -0.568521
vn -0.141238 0.849462 -0.508396
vn -0.207868 0.748198 -0.630072
vn 0.307018 0.541216 -0.782831
vn -0.0135905 0.892747 -0.450354
vn -0.161943 0.884045 -0.438451
vn 0.495486 0.335209 -0.801329
vn 0.117181 0.822822 -0.556087
vn 0.293132 0.742851 -0.601868
vn 0.341665 0.642219 -0.686163
vn 0.375644 0.357639 -0.854977
vn 0.377242 0.509583 -0.773313
vn 0.356922 0.722342 -0.592307
vn 0.168565 0.432545 -0.885714
vn 0.221671 0.748659 -0.624797
vn 0.111287 0.944298 -0.309705
vn 0.267672 0.854349 -0.445465
vn 0.120312 0.500571 -0.857294
vn 0.245269 0.890852 -0.382395
vn 0.0471544 0.528464 -0.847645
vn 0.155839 0.9263 -0.343049
vn 0.393188 0.604988 -0.692382
vn 0.418643 0.804048 -0.422191
vn 0.72378 0.500881 -0.474617
vn 0.529888 0.436142 -0.727323
vn 0.0789287 0.367647 -0.92661
vn 0.174464 0.362148 -0.915648
vn 0.421715 0.329377 -0.844788
vn 0.235365 0.182083 -0.954698
vn 0.62531 0.0931659 -0.774796
vn 0.539866 0.184422 -0.8213
vn 0.856197 0.0433136 -0.51483
vn 0.134683 0.104561 -0.985357
vn 0.436935 0.187233 -0.879791
vn 0.662801 0.335822 -0.669267
vn 0.807343 0.198235 -0.555788
vn 0.72996 0.0869298 -0.677939
vn 0.702267 0.20751 -0.681
vn 0.772649 0.18872 -0.606135
vn 0.811885 0.162855 -0.560643
vn 0.712295 0.416147 -0.565206
vn 0.513373 0.0520035 -0.856589
vn 0.750669 0.244642 -0.613715
vn 0.792097 0.355325 -0.496313
vn 0.840356 0.306283 -0.447206
vn 0.68857 0.110887 -0.716642
vn 0.763922 0.255342 -0.592641
vn 0.532506 0.178843 -0.827316
vn 0.665738 0.034677 -0.74538
vn 0.333829 0.239878 -0.911601
vn 0.439796 0.261539 -0.859172
vn 0.251505 0.41534 -0.874207
vn 0.264838 0.117987 -0.957048
vn 0.388388 0.538709 -0.747628
vn 0.171186 0.132732 -0.976257
vn 0.855959 0.183567 -0.48336
vn 0.719881 0.349458 -0.599708
vn 0.748318 0.302812 -0.590191
vn 0.799058 0.294119 -0.524405
vn 0.575582 0.236533 -0.782788
vn 0.343199 0.0524908 -0.937795
vn 0.362401 0.118672 -0.924436
vn 0.224974 0.232765 -0.946154
vn 0.264838 0.117987 -0.957048
vn 0.0833944 0.0411108 -0.995668
vn 0.362401 0.118672 -0.924436
vn 0.171186 0.132732 -0.976257
vn 0.439796 0.261539 -0.859172
vn 0.333829 0.239878 -0.911601
vn 0.362401 0.118672 -0.924436
vn 0.307507 -0.200304 -0.930225
vn 0.189269 0.31458 -0.93017
vn 0.343199 0.0524908 -0.937795
vn 0.341665 0.642219 -0.686163
vn 0.356922 0.722342 -0.592307
vn 0.245269 0.890852 -0.382395
vn 0.221671 0.748659 -0.624797
vn -0.696914 0.364293 -0.617739
vn -0.792506 -0.572016 0.211501
vn -0.419254 -0.450939 -0.787959
vn -0.509654 -0.783223 -0.356109
vn -0.458073 -0.686564 -0.564623
vn -0.449961 -0.763242 -0.463678
vn -0.233556 -0.354291 -0.905499
vn -0.368219 -0.849699 0.377395
vn -0.485222 -0.694043 0.531849
vn -0.233542 -0.970708 -0.0564247
vn -0.231184 -0.952471 -0.198378
vn -0.29245 -0.948362 -0.122809
vn -0.479424 -0.837734 -0.261449
vn -0.744045 -0.667626 -0.0259466
vn -0.327202 -0.836583 -0.439395
vn -0.418547 -0.832703 -0.362524
vn -0.400081 -0.865726 -0.300755
vn -0.594349 -0.804204 -0.00222085
vn -0.324332 -0.725886 -0.606547
vn -0.492929 -0.8689 0.0451066
vn -0.384692 -0.921982 0.0442972
vn -0.641924 -0.757119 0.121257
vn -0.578412 -0.815138 0.0314474
vn -0.624132 -0.774864 0.10022
vn -0.629227 -0.756632 0.177712
vn -0.639245 -0.720335 0.269228
vn -0.593406 -0.769091 0.23742
vn -0.613672 -0.765667 -0.192773
vn -0.398199 -0.855932 -0.329875
vn -0.535456 -0.831567 0.14759
vn -0.101851 -0.977148 -0.186572
vn -0.442271 -0.892774 0.0857411
vn -0.512937 -0.776391 0.366215
vn -0.33827 -0.933473 0.119174
vn -0.563972 -0.823227 -0.0650646
vn -0.444264 -0.886352 0.130422
vn -0.307673 -0.951038 -0.0293961
vn -0.366786 -0.904963 -0.215663
vn -0.152834 -0.954563 -0.255835
vn -0.115132 -0.993242 0.0146784
vn -0.389153 -0.916183 -0.0957561
vn -0.243238 -0.559378 -0.792421
vn 0.0318062 -0.116835 -0.992642
vn 0.077284 0.0959196 -0.992384
vn -0.0573143 -0.248839 -0.966848
vn -0.0205258 -0.357078 -0.933849
vn -0.28891 -0.736582 -0.611537
vn -0.0206101 0.157243 -0.987345
vn 0.195509 0.296789 -0.934715
vn 0.0266923 0.134599 -0.990541
vn 0.0802835 -0.394487 -0.915388
vn -0.0735654 -0.559887 -0.825297
vn 0.146535 0.100635 -0.984073
vn -0.0210358 -0.804085 -0.594142
vn 0.0448569 -0.475962 -0.878321
vn -0.0524947 -0.877358 -0.476957
vn 0.0581647 -0.55178 -0.831959
vn 0.0195772 -0.921685 -0.387444
vn 0.203303 -0.762258 -0.614517
vn 0.144607 -0.490324 -0.85946
vn 0.245719 -0.621852 -0.743587
vn 0.218967 -0.132297 -0.966722
vn 0.334937 -0.1999 -0.920792
vn 0.260303 -0.730245 -0.631652
vn 0.500331 -0.265231 -0.82421
vn 0.375023 -0.742042 -0.555636
vn 0.424248 -0.261386 -0.867001
vn 0.31879 -0.384168 -0.86648
vn 0.195232 -0.899008 -0.392006
vn 0.524842 -0.376795 -0.76326
vn 0.450415 -0.146028 -0.880796
vn 0.577826 0.152812 -0.801727
vn 0.323425 -0.393621 -0.860499
vn 0.624405 0.216681 -0.750445
vn 0.264715 -0.815625 -0.514472
vn 0.158759 -0.882028 -0.443646
vn -0.0688528 -0.997478 -0.0172264
vn -0.217853 -0.970705 -0.101352
vn 0.0181388 -0.96667 -0.255383
vn 0.219511 -0.752543 -0.620882
vn 0.182928 -0.390242 -0.902357
vn 0.366436 -0.0270532 -0.93005
vn -0.121043 -0.973137 0.195837
vn 0.0159577 -0.992012 -0.125128
vn -0.0527806 -0.928473 0.36763
vn 0.0310877 -0.997008 -0.070766
vn 0.11954 -0.910658 -0.395489
vn 0.00629338 -0.919079 0.394023
vn 0.045694 -0.998555 -0.0282803
vn 0.0634723 -0.909092 0.411731
vn 0.111586 -0.992413 -0.0516297
vn 0.0908363 -0.986743 -0.134486
vn 0.3349 -0.884588 -0.324571
vn -0.109399 -0.868113 -0.48416
vn -0.321877 -0.842185 -0.432574
vn 0.118732 -0.895723 -0.428465
vn -0.379586 -0.448642 -0.809095
vn -0.0896689 -0.838423 -0.537592
vn 0.315414 -0.775825 -0.546451
vn -0.612762 -0.136439 -0.778401
vn -0.285105 -0.840763 -0.460253
vn 0.559367 -0.823484 -0.0947754
vn 0.436941 -0.863578 0.251624
vn 0.116723 -0.964583 -0.236549
vn 0.327956 -0.929259 -0.170069
vn -0.251796 -0.857484 0.448688
vn -0.215166 -0.871015 -0.441629
vn -0.391286 -0.878598 -0.273791
vn -0.148592 -0.927313 -0.343528
vn -0.242736 -0.957211 0.157561
vn -0.506069 -0.810154 0.29588
vn -0.441725 -0.79994 0.406171
vn -0.232125 -0.481004 -0.845431
vn -0.0822315 -0.819349 -0.567368
vn -0.622837 -0.27234 -0.73342
vn 0.259976 0.350102 -0.899912
vn 0.149335 -0.847507 -0.509344
vn 0.204314 -0.00234191 -0.978903
vn 0.213385 -0.875391 -0.433771
vn -0.337786 -0.939592 -0.0553762
vn -0.310255 -0.343011 -0.886614
vn -0.123087 -0.584215 -0.802211
vn -0.333484 -0.900623 -0.278687
vn -0.333484 -0.900623 -0.278687
vn -0.400081 -0.865726 -0.300755
vn -0.366786 -0.904963 -0.215663
vn -0.563972 -0.823227 -0.0650646
vn -0.337786 -0.939592 -0.0553762
vn -0.152834 -0.954563 -0.255835
vn -0.324332 -0.725886 -0.606547
vn -0.333484 -0.900623 -0.278687
vn -0.28891 -0.736582 -0.611537
vn -0.105677 -0.929919 -0.352254
vn -0.123087 -0.584215 -0.802211
vn -0.115132 -0.993242 0.0146784
vn -0.148592 -0.927313 -0.343528
vn -0.242736 -0.957211 0.157561
vn -0.0822315 -0.819349 -0.567368
vn -0.290529 -0.893746 0.341776
vn -0.168063 -0.980775 0.0991729
vn -0.444264 -0.886352 0.130422
vn -0.393551 -0.784381 0.479441
vn -0.512937 -0.776391 0.366215
vn -0.33827 -0.933473 0.119174
vn 0.158759 -0.882028 -0.443646
vn 0.149335 -0.847507 -0.509344
vn 0.11954 -0.910658 -0.395489
vn 0.213385 -0.875391 -0.433771
vn 0.315414 -0.775825 -0.546451
vn 0.116723 -0.964583 -0.236549
vn 0.195232 -0.899008 -0.392006
vn 0.241151 -0.861167 -0.44748
vn -0.0896689 -0.838423 -0.537592
vn 0.264715 -0.815625 -0.514472
vn -0.285105 -0.840763 -0.460253
vn -0.310255 -0.343011 -0.886614
vn -0.123087 -0.584215 -0.802211
vn -0.0735654 -0.559887 -0.825297
vn -0.232125 -0.481004 -0.845431
vn 0.997454 0.00437928 -0.0711844
vn -0.00492748 0.0038032 0.999981
vn -0.00567614 -0.997442 -0.0712533
vn -0.00569961 0.99744 -0.0712861
vn -0.00492748 0.0038032 0.999981
vn 0.997454 0.00437928 -0.0711844
vn -0.00492748 0.0038032 0.999981
vn -0.99745 0.00440435 -0.0712387
vn -0.00567614 -0.997442 -0.0712533
vn -0.00492748 0.0038032 0.999981
vn -0.00569961 0.99744 -0.0712861
vn -0.99745 0.00440435 -0.0712387
vn -0.00558526 0.0043212 -0.999975
vn 0.997454 0.00437928 -0.0711844
vn -0.00567614 -0.997442 -0.0712533
vn -0.00558526 0.0043212 -0.999975
vn -0.00569961 0.99744 -0.0712861
vn 0.997454 0.00437928 -0.0711844
vn -0.00567614 -0.997442 -0.0712533
vn -0.99745 0.00440435 -0.0712387
vn -0.00558526 0.0043212 -0.999975
vn -0.99745 0.00440435 -0.0712387
vn -0.00569961 0.99744 -0.0712861
vn -0.00558526 0.0043212 -0.999975
vn -0.263077 0.00548269 -0.964759
vn 0.40664 -0.913586 -0.00212385
vn -0.266972 -0.963668 0.00840176
vn 0.390915 -0.0455506 -0.919299
vn 0.997582 -0.0694118 -0.00352153
vn -0.999935 0.00397503 0.0106645
vn -0.263077 0.00548269 -0.964759
vn -0.34977 0.936639 -0.0192132
vn 0.390915 -0.0455506 -0.919299
vn 0.362434 0.931563 -0.0288373
vn 0.997582 -0.0694118 -0.00352153
vn -0.999935 0.00397503 0.0106645
vn -0.266972 -0.963668 0.00840176
vn 0.402121 -0.0731698 0.912658
vn -0.296787 -0.0189011 0.954757
vn 0.40664 -0.913586 -0.00212385
vn 0.997582 -0.0694118 -0.00352153
vn -0.999935 0.00397503 0.0106645
vn -0.34977 0.936639 -0.0192132
vn -0.296787 -0.0189011 0.954757
vn 0.362434 0.931563 -0.0288373
vn 0.402121 -0.0731698 0.912658
vn -0.999935 0.00397503 0.0106645
vn 0.997582 -0.0694118 -0.00352153
vt 0 0
vt 0 0
vt 0 0
vt 0 0
vt 0 0
vt 0 0
vt 0 0
vt 0 0
vt 0 0
vt 0 0
vt 0 0
vt 0 0
vt 0 0
vt 0 0
vt 0 0
vt 0 0
vt 0 0
vt 0 0
vt 0 0
vt 0 0
vt 0 0
vt 0 0
vt 0 0
vt 0 0
vt 0 0
vt 0 0
vt 0 0
vt 0 0
vt 0 0
vt 0 0
vt 0 0
vt 0 0
vt 0 0
vt 0 0
vt 0 0
vt 0 0
vt 0 0
vt 0 0
vt 0 0
vt 0 0
vt 0 0
vt 0 0
vt 0 0
vt 0 0
vt 0 0
vt 0 0
vt 0 0
vt 0 0
vt 0 0
vt 0 0
vt 0 0
vt 0 0
vt 0 0
vt 0 0
vt 0 0
vt 0 0
vt 0 0
vt 0 0
vt 0 0
vt 0 0
vt 0 0
vt 0 0
vt 0 0
vt 0 0
vt 0 0
vt 0 0
vt 0 0
vt 0 0
vt 0 0
vt 0 0
vt 0 0
vt 0 0
vt 0 0
vt 0 0
vt 0 0
vt 0 0
vt 0 0
vt 0 0
vt 0 0
vt 0 0
vt 0 0
vt 0 0
vt 0 0
vt 0 0
vt 0 0
vt 0.492522 0.792329
vt 0.494788 0.78431
vt 0.508446 0.787848
vt 0.497579 0.77132
vt 0.511492 0.77261
vt 0.526474 0.776126
vt 0.522139 0.792991
vt 0.507769 0.791711
vt 0.504303 0.808181
vt 0.49042 0.801778
vt 0.5182 0.811764
vt 0.522085 0.793252
vt 0.522861 0.793238
vt 0.540617 0.784553
vt 0.527741 0.770772
vt 0.543799 0.768467
vt 0.545717 0.787169
vt 0.539908 0.78807
vt 0.482339 0.79503
vt 0.48592 0.816773
vt 0.481403 0.774491
vt 0.476447 0.792812
vt 0.480554 0.774502
vt 0.46617 0.772491
vt 0.462484 0.789607
vt 0.461835 0.792665
vt 0.536712 0.803324
vt 0.555135 0.794504
vt 0.557342 0.78373
vt 0.573844 0.786902
vt 0.568467 0.801511
vt 0.587435 0.794578
vt 0.575606 0.779263
vt 0.591211 0.777567
vt 0.595612 0.777271
vt 0.596991 0.798248
vt 0.522157 0.772223
vt 0.606112 0.785143
vt 0.602854 0.79627
vt 0.619822 0.791103
vt 0.619601 0.791922
vt 0.616391 0.808885
vt 0.633925 0.799003
vt 0.602035 0.801696
vt 0.621538 0.791647
vt 0.635672 0.788671
vt 0.608114 0.773612
vt 0.622629 0.773217
vt 0.597657 0.816594
vt 0.593975 0.76098
vt 0.591274 0.773557
vt 0.580721 0.763355
vt 0.567905 0.781467
vt 0.513222 0.756544
vt 0.512228 0.762048
vt 0.498546 0.756898
vt 0.498333 0.758131
vt 0.497098 0.757233
vt 0.480669 0.773726
vt 0.48401 0.756876
vt 0.46947 0.756296
vt 0.46728 0.766884
vt 0.576698 0.763869
vt 0.529332 0.755125
vt 0.476116 0.794675
vt 0.472211 0.81261
vt 0.45833 0.808887
vt 0.558042 0.768398
vt 0.55858 0.768268
vt 0.55814 0.767483
vt 0.56093 0.750851
vt 0.544688 0.753383
vt 0.543944 0.757508
vt 0.540984 0.754244
vt 0.63715 0.773704
vt 0.583251 0.80826
vt 0.447912 0.789161
vt 0.444259 0.806142
vt 0.455852 0.752746
vt 0.64814 0.800992
vt 0.64985 0.791461
vt 0.662588 0.805547
vt 0.665184 0.792216
vt 0.677283 0.809329
vt 0.680774 0.793023
vt 0.696819 0.797977
vt 0.689491 0.792602
vt 0.698402 0.790743
vt 0.683609 0.774828
vt 0.681477 0.787019
vt 0.668014 0.776766
vt 0.711738 0.805327
vt 0.715531 0.789477
vt 0.6668 0.776635
vt 0.7324 0.797499
vt 0.722701 0.788319
vt 0.735737 0.785396
vt 0.753078 0.788554
vt 0.748356 0.783817
vt 0.754837 0.782038
vt 0.767905 0.798645
vt 0.773314 0.77965
vt 0.782986 0.80362
vt 0.746778 0.805765
vt 0.699118 0.774586
vt 0.714904 0.773799
vt 0.651716 0.775958
vt 0.788544 0.78385
vt 0.452311 0.768867
vt 0.448257 0.787471
vt 0.607757 0.759539
vt 0.691866 0.814232
vt 0.452875 0.766673
vt 0.644551 0.816773
vt 0.51285 0.742184
vt 0.527233 0.741177
vt 0.575713 0.749856
vt 0.575668 0.748693
vt 0.561869 0.741665
vt 0.555583 0.735467
vt 0.542019 0.745346
vt 0.717081 0.773506
vt 0.622005 0.759218
vt 0.734317 0.770044
vt 0.750119 0.768001
vt 0.441438 0.786682
vt 0.577089 0.749758
vt 0.591049 0.747795
vt 0.605611 0.746308
vt 0.630323 0.813389
vt 0.498742 0.743469
vt 0.792811 0.768859
vt 0.541911 0.739867
vt 0.619275 0.743597
vt 0.603131 0.732512
vt 0.255741 0.343703
vt 0.251249 0.342899
vt 0.2527 0.328701
vt 0.25781 0.329508
vt 0.272483 0.3319
vt 0.259977 0.315178
vt 0.255038 0.314289
vt 0.274148 0.317702
vt 0.250803 0.298396
vt 0.263103 0.300953
vt 0.239827 0.355723
vt 0.240006 0.353362
vt 0.240656 0.326969
vt 0.24285 0.312742
vt 0.237596 0.341064
vt 0.223006 0.338882
vt 0.29258 0.319165
vt 0.289092 0.334188
vt 0.293111 0.334975
vt 0.295099 0.319459
vt 0.311305 0.322239
vt 0.298287 0.303833
vt 0.285839 0.301876
vt 0.315887 0.305689
vt 0.247283 0.298367
vt 0.23042 0.297152
vt 0.228869 0.302357
vt 0.225572 0.296375
vt 0.219096 0.287148
vt 0.22062 0.281992
vt 0.323303 0.305506
vt 0.233461 0.311963
vt 0.327696 0.322607
vt 0.334533 0.32293
vt 0.33464 0.306583
vt 0.319018 0.298839
vt 0.322087 0.28766
vt 0.353693 0.306457
vt 0.352817 0.323464
vt 0.305101 0.286169
vt 0.282762 0.297379
vt 0.280387 0.301939
vt 0.210034 0.279594
vt 0.2088 0.277854
vt 0.303389 0.284155
vt 0.285329 0.285543
vt 0.269863 0.284013
vt 0.248942 0.295506
vt 0.305739 0.284146
vt 0.341249 0.288392
vt 0.345523 0.288103
vt 0.291049 0.270665
vt 0.270244 0.282652
vt 0.267953 0.282491
vt 0.256954 0.270568
vt 0.251794 0.283413
vt 0.2383 0.281373
vt 0.237807 0.280447
vt 0.237256 0.281409
vt 0.223529 0.311022
vt 0.220608 0.3231
vt 0.23271 0.325154
vt 0.210292 0.308491
vt 0.2145 0.296366
vt 0.202508 0.293584
vt 0.201489 0.296629
vt 0.207339 0.30785
vt 0.208365 0.320317
vt 0.191594 0.29121
vt 0.191685 0.290847
vt 0.19398 0.280324
vt 0.207858 0.279865
vt 0.183281 0.278157
vt 0.18202 0.282452
vt 0.189721 0.290158
vt 0.196183 0.3058
vt 0.226137 0.26829
vt 0.198013 0.268417
vt 0.343037 0.284806
vt 0.363829 0.287599
vt 0.362353 0.305706
vt 0.374884 0.286721
vt 0.37709 0.305882
vt 0.385601 0.306325
vt 0.386699 0.287653
vt 0.405269 0.307447
vt 0.406477 0.288995
vt 0.419736 0.287909
vt 0.421402 0.307401
vt 0.430725 0.307613
vt 0.431195 0.287869
vt 0.43777 0.264203
vt 0.411069 0.277256
vt 0.437534 0.264035
vt 0.413509 0.266647
vt 0.393818 0.265414
vt 0.367941 0.277684
vt 0.452964 0.28854
vt 0.451156 0.308399
vt 0.461851 0.287753
vt 0.465071 0.308
vt 0.36106 0.323658
vt 0.456025 0.280323
vt 0.458024 0.266578
vt 0.437895 0.263861
vt 0.475832 0.288402
vt 0.480465 0.265179
vt 0.496756 0.289325
vt 0.475284 0.308354
vt 0.376808 0.324262
vt 0.385246 0.324859
vt 0.419576 0.247896
vt 0.27715 0.264256
vt 0.328243 0.27204
vt 0.313209 0.265099
vt 0.463961 0.245521
vt 0.482778 0.25718
vt 0.489388 0.263367
vt 0.502759 0.264488
vt 0.501794 0.27074
vt 0.520812 0.286251
vt 0.518577 0.286074
vt 0.522771 0.26653
vt 0.445635 0.239045
vt 0.244649 0.264042
vt 0.179136 0.291471
vt 0.186373 0.303439
vt 0.508051 0.240752
vt 0.540168 0.287769
vt 0.542019 0.268375
vt 0.559263 0.289172
vt 0.561025 0.269296
vt 0.578162 0.290671
vt 0.579303 0.27073
vt 0.597156 0.270807
vt 0.214495 0.263692
vt 0.545117 0.250135
vt 0.563049 0.255327
vt 0.526693 0.245716
vt 0.580617 0.258285
vt 0.352172 0.265385
vt 0.373171 0.26332
vt 0.387629 0.262399
vt 0.376893 0.253488
vt 0.394708 0.262902
vt 0.401601 0.24226
vt 0.597426 0.26114
vt 0.187363 0.26482
vt 0.585245 0.291535
vt 0.489505 0.234897
vt 0.17008 0.282818
vt 0.172946 0.274585
vt 0.160509 0.276252
vt 0.16881 0.286107
vt 0.156551 0.283501
vt 0.164845 0.298374
vt 0.153362 0.296155
vt 0.175698 0.300882
vt 0.152642 0.268562
vt 0.162767 0.270819
vt 0.153059 0.267297
vt 0.146981 0.265969
vt 0.143799 0.262522
vt 0.157585 0.255637
vt 0.166918 0.259453
vt 0.176904 0.262289
vt 0.173185 0.311502
vt 0.184072 0.314278
vt 0.180301 0.324395
vt 0.190479 0.32818
vt 0.196547 0.317967
vt 0.17052 0.321539
vt 0.162507 0.30925
vt 0.196637 0.319376
vt 0.198719 0.330119
vt 0.197033 0.318283
vt 0.206118 0.331075
vt 0.360394 0.246834
vt 0.356249 0.25666
vt 0.151744 0.307211
vt 0.148078 0.296045
vt 0.149155 0.306876
vt 0.149805 0.317418
vt 0.138195 0.306028
vt 0.136213 0.315435
vt 0.128453 0.305348
vt 0.139072 0.295816
vt 0.1494 0.317293
vt 0.160222 0.319698
vt 0.149959 0.285065
vt 0.127265 0.314229
vt 0.124504 0.305088
vt 0.134996 0.324384
vt 0.127255 0.314381
vt 0.133718 0.324359
vt 0.122551 0.325126
vt 0.126777 0.314164
vt 0.116756 0.313461
vt 0.114036 0.322819
vt 0.107232 0.312173
vt 0.108889 0.302797
vt 0.0996639 0.301904
vt 0.10077 0.29143
vt 0.0901726 0.301805
vt 0.118256 0.304157
vt 0.197373 0.317658
vt 0.1054 0.320882
vt 0.146566 0.326492
vt 0.223001 0.338058
vt 0.519533 0.305423
vt 0.576478 0.308824
vt 0.557842 0.307826
vt 0.538829 0.306679
vt 0.110896 0.294233
vt 0.0910079 0.290492
vt 0.128418 0.302995
vt 0.134337 0.295716
vt 0.128788 0.288077
vt 0.128957 0.285698
vt 0.126125 0.295491
vt 0.120178 0.284767
vt 0.118595 0.295285
vt 0.576921 0.308535
vt 0.120255 0.284292
vt 0.61443 0.271577
vt 0.613469 0.259671
vt 0.623954 0.264328
vt 0.111163 0.284708
vt 0.111461 0.2831
vt 0.100904 0.28972
vt 0.102169 0.281259
vt 0.0976376 0.290509
vt 0.0908913 0.28973
vt 0.08823 0.290195
vt 0.0797952 0.285915
vt 0.0791938 0.280847
vt 0.0911169 0.277789
vt 0.0739095 0.28147
vt 0.597801 0.284668
vt 0.615162 0.280639
vt 0.0982807 0.310533
vt 0.0967003 0.319142
vt 0.138322 0.285733
vt 0.144161 0.274603
vt 0.11192 0.331411
vt 0.147744 0.326913
vt 0.145057 0.335836
vt 0.158196 0.330418
vt 0.10338 0.329479
vt 0.111626 0.28217
vt 0.120402 0.283281
vt 0.615438 0.298187
vt 0.63064 0.298916
vt 0.631278 0.280571
vt 0.646828 0.290469
vt 0.630706 0.301935
vt 0.644879 0.311375
vt 0.630452 0.317422
vt 0.632238 0.329867
vt 0.650939 0.325046
vt 0.615681 0.303909
vt 0.617836 0.317791
vt 0.618056 0.331911
vt 0.635935 0.343471
vt 0.598529 0.295668
vt 0.598822 0.313747
vt 0.631704 0.265095
vt 0.652262 0.339916
vt 0.603463 0.314284
vt 0.0946807 0.327764
vt 0.600553 0.329505
vt 0.129188 0.284253
vt 0.647211 0.355723
vt 0.979911 0.913068
vt 0.961439 0.895901
vt 0.961613 0.913526
vt 0.980484 0.931032
vt 0.961934 0.931609
vt 0.981012 0.949358
vt 0.962473 0.950031
vt 0.943208 0.931806
vt 0.943358 0.950626
vt 0.930129 0.950607
vt 0.943398 0.91352
vt 0.943789 0.895796
vt 0.944063 0.969614
vt 0.944232 0.878749
vt 0.961066 0.878863
vt 0.944992 0.862767
vt 0.96027 0.862622
vt 0.946046 0.848496
vt 0.959202 0.848527
vt 0.947338 0.836508
vt 0.958966 0.836887
vt 0.947661 0.835451
vt 0.958774 0.833961
vt 0.937869 0.828515
vt 0.941719 0.969835
vt 0.962523 0.950913
vt 0.981018 0.951128
vt 0.980565 0.895056
vt 0.981018 0.87784
vt 0.941624 0.86242
vt 0.941523 0.878498
vt 0.939999 0.931624
vt 0.974317 0.848144
vt 0.974009 0.837276
vt 0.956032 0.824582
vt 0.947995 0.824772
vt 0.946824 0.816339
vt 0.955143 0.817021
vt 0.965086 0.825107
vt 0.965626 0.815733
vt 0.958318 0.807008
vt 0.949252 0.804865
vt 0.949407 0.804054
vt 0.947781 0.970011
vt 0.943853 0.97973
vt 0.935469 0.819448
vt 0.0413169 0.50656
vt 0.0477898 0.519478
vt 0.0534116 0.500721
vt 0.0277144 0.511528
vt 0.0465953 0.520091
vt 0.0286766 0.514189
vt 0.0539799 0.530985
vt 0.0551242 0.532712
vt 0.0136596 0.515932
vt 0.022179 0.49813
vt 0.0613908 0.511251
vt 0.0365423 0.490848
vt 0.0326513 0.52845
vt 0.0189606 0.534336
vt 0.0378469 0.542363
vt 0.0264659 0.547331
vt 0.023617 0.545952
vt 0.0117077 0.538237
vt 0.0409618 0.55682
vt 0.054761 0.533004
vt 0.044551 0.55514
vt 0.0482944 0.570039
vt 0.0144839 0.518515
vt 0.0119983 0.517473
vt 0.0514963 0.486335
vt 0.06494 0.493349
vt 0.0709815 0.50603
vt 0.0506832 0.482614
vt 0.0397585 0.486492
vt 0.0311194 0.474619
vt 0.0446816 0.46901
vt 0.0337556 0.480739
vt 0.0287786 0.475596
vt 0.0691486 0.473823
vt 0.0630304 0.460804
vt 0.07072 0.517669
vt 0.0420729 0.46381
vt 0.0309841 0.47438
vt 0.0605529 0.546804
vt 0.0730982 0.523129
vt 0.010918 0.461993
vt 0.0766651 0.538766
vt 0.0627661 0.563918
vt 0.0574556 0.566564
vt 0.0552162 0.533221
vt 0.0677468 0.544194
vt 0.0434333 0.451908
vt 0.033459 0.577504
vt 0.00121163 0.52861
vt 0.0771405 0.5486
vt 0.076869 0.56202
vt 0.0626527 0.569608
vt 0.0771405 0.485962
vt 0.844971 0.349264
vt 0.825929 0.353511
vt 0.848546 0.363249
vt 0.828833 0.367645
vt 0.845915 0.380146
vt 0.838288 0.381738
vt 0.845369 0.395469
vt 0.831618 0.334967
vt 0.846093 0.395246
vt 0.828948 0.371296
vt 0.833794 0.332444
vt 0.848546 0.328856
vt 0.838965 0.318362
vt 0.784853 0.0267335
vt 0.772301 0.0355524
vt 0.77106 0.0138981
vt 0.787787 0.00894639
vt 0.763584 0.0295251
vt 0.767882 0.0151801
vt 0.753275 0.020014
vt 0.742515 0.0302941
vt 0.754586 0.040938
vt 0.748448 0.0164211
vt 0.785401 0.027308
vt 0.765336 0.000634181
vt 0.765994 0.00162546
vt 0.766147 0.000397456
vt 0.782315 0.0302894
vt 0.777295 0.0403026
vt 0.799382 0.040938
vt 0.805233 0.0223704
vt 0.80496 0.0220899
vt 0.819198 0.0356536
vt 0.805393 0.0219835
vt 0.82437 0.0182179
vt 0.798337 0.00869741
vt 0.804029 0.00713987
vt 0.750984 0.000949592
vt 0.736256 0.00631796
vt 0.72496 0.0158729
vt 0.74026 0.0286784
vt 0.819056 0.00438276
vt 0.833442 0.0387405
vt 0.838045 0.0231898
vt 0.816 0.519458
vt 0.813603 0.522497
vt 0.815999 0.523282
vt 0.817997 0.541575
vt 0.799069 0.535043
vt 0.834396 0.528971
vt 0.836666 0.513362
vt 0.820138 0.509928
vt 0.811187 0.55541
vt 0.797544 0.550587
vt 0.802544 0.568891
vt 0.794932 0.56504
vt 0.816299 0.558248
vt 0.818826 0.509714
vt 0.801329 0.519123
vt 0.832503 0.543472
vt 0.849943 0.531549
vt 0.849909 0.531039
vt 0.852004 0.51586
vt 0.867004 0.518263
vt 0.85486 0.501501
vt 0.86978 0.503904
vt 0.856973 0.487487
vt 0.871971 0.489499
vt 0.858176 0.473264
vt 0.831254 0.54499
vt 0.866869 0.521059
vt 0.851251 0.531433
vt 0.819003 0.508608
vt 0.813303 0.492837
vt 0.805588 0.505786
vt 0.790999 0.501471
vt 0.809413 0.492039
vt 0.825106 0.48068
vt 0.825567 0.479295
vt 0.812075 0.478823
vt 0.796367 0.533484
vt 0.840633 0.499099
vt 0.827737 0.495853
vt 0.843023 0.486169
vt 0.796722 0.473511
vt 0.791499 0.486261
vt 0.790822 0.486029
vt 0.790245 0.488493
vt 0.781809 0.498888
vt 0.775206 0.497071
vt 0.782283 0.514063
vt 0.770302 0.508694
vt 0.776581 0.526734
vt 0.782746 0.514207
vt 0.784237 0.508479
vt 0.779554 0.528175
vt 0.760298 0.49202
vt 0.755947 0.503697
vt 0.780379 0.547006
vt 0.76902 0.538671
vt 0.759198 0.520546
vt 0.826365 0.479605
vt 0.782656 0.544829
vt 0.782585 0.548118
vt 0.79374 0.472327
vt 0.778804 0.467251
vt 0.772743 0.479698
vt 0.772255 0.479606
vt 0.772305 0.480577
vt 0.77494 0.46592
vt 0.760185 0.461055
vt 0.753958 0.473606
vt 0.752225 0.487735
vt 0.834761 0.565526
vt 0.829224 0.580339
vt 0.836895 0.56635
vt 0.810766 0.572151
vt 0.821568 0.594508
vt 0.805866 0.586398
vt 0.832813 0.545266
vt 0.852594 0.552453
vt 0.852521 0.554218
vt 0.79122 0.455606
vt 0.7913 0.454542
vt 0.773188 0.448353
vt 0.785104 0.435938
vt 0.78944 0.437411
vt 0.805828 0.44059
vt 0.77225 0.449558
vt 0.772228 0.44797
vt 0.755214 0.44199
vt 0.841644 0.468723
vt 0.868623 0.53802
vt 0.809787 0.462758
vt 0.809767 0.461158
vt 0.791726 0.454812
vt 0.788614 0.433003
vt 0.85563 0.573434
vt 0.85123 0.588727
vt 0.830215 0.580769
vt 0.850744 0.590949
vt 0.840508 0.603095
vt 0.850015 0.606822
vt 0.845693 0.623452
vt 0.831914 0.617476
vt 0.86307 0.628585
vt 0.868091 0.612078
vt 0.871971 0.595408
vt 0.852262 0.588746
vt 0.806598 0.442683
vt 0.769566 0.42888
vt 0.76811 0.430439
vt 0.802513 0.42404
vt 0.845331 0.467772
vt 0.857473 0.460613
vt 0.857045 0.452916
vt 0.840952 0.466377
vt 0.843739 0.447251
vt 0.838752 0.450751
vt 0.839002 0.446779
vt 0.823582 0.459992
vt 0.821834 0.442808
vt 0.854555 0.431609
vt 0.855498 0.438757
vt 0.835816 0.427122
vt 0.820803 0.436875
vt 0.819428 0.424666
vt 0.835707 0.425941
vt 0.81564 0.44076
vt 0.824697 0.459937
vt 0.823609 0.460423
vt 0.808241 0.421186
vt 0.817079 0.413655
vt 0.801896 0.4207
vt 0.798404 0.404459
vt 0.785823 0.415354
vt 0.840701 0.42593
vt 0.852978 0.416954
vt 0.833622 0.403418
vt 0.783433 0.4169
vt 0.769468 0.408326
vt 0.823481 0.59548
vt 0.857066 0.645866
vt 0.750517 0.501881
vt 0.746564 0.485914
vt 0.739139 0.498133
vt 0.751089 0.481495
vt 0.7393 0.467712
vt 0.75023 0.471122
vt 0.747536 0.459733
vt 0.731368 0.479942
vt 0.741416 0.514017
vt 0.73913 0.51327
vt 0.739169 0.516774
vt 0.734623 0.525909
vt 0.736381 0.526568
vt 0.752299 0.532595
vt 0.757337 0.522595
vt 0.754734 0.533563
vt 0.719305 0.520494
vt 0.74326 0.544048
vt 0.735411 0.541088
vt 0.756392 0.550879
vt 0.758591 0.548314
vt 0.757253 0.51988
vt 0.806908 0.605568
vt 0.801879 0.602508
vt 0.816854 0.609973
vt 0.727159 0.459832
vt 0.79425 0.574263
vt 0.765994 0.559882
vt 0.79148 0.580931
vt 0.767011 0.559103
vt 0.767103 0.560408
vt 0.781383 0.562761
vt 0.768785 0.577363
vt 0.751355 0.570022
vt 0.801292 0.607358
vt 0.965307 0.624357
vt 0.960206 0.610606
vt 0.978096 0.605667
vt 0.959244 0.595023
vt 0.947917 0.59796
vt 0.971019 0.591798
vt 0.948489 0.582301
vt 0.970038 0.577021
vt 0.952888 0.581113
vt 0.968005 0.562988
vt 0.949093 0.567121
vt 0.967197 0.556749
vt 0.945884 0.567912
vt 0.934359 0.585378
vt 0.930568 0.571733
vt 0.940866 0.599535
vt 0.940662 0.554222
vt 0.928126 0.557668
vt 0.9354 0.540563
vt 0.925164 0.543704
vt 0.942078 0.614626
vt 0.954732 0.612011
vt 0.923348 0.603496
vt 0.92686 0.617963
vt 0.93041 0.632412
vt 0.919513 0.589099
vt 0.980918 0.589054
vt 0.962452 0.548968
vt 0.945557 0.553008
vt 0.955746 0.53546
vt 0.971122 0.531267
vt 0.965696 0.518054
vt 0.968922 0.547316
vt 0.978996 0.544126
vt 0.953415 0.521272
vt 0.941679 0.539245
vt 0.938483 0.52534
vt 0.970928 0.562606
vt 0.9732 0.530713
vt 0.969029 0.517091
vt 0.92333 0.618796
vt 0.919776 0.604374
vt 0.908818 0.622104
vt 0.905896 0.608243
vt 0.913431 0.63614
vt 0.924469 0.633452
vt 0.897349 0.639275
vt 0.899954 0.653319
vt 0.912647 0.590739
vt 0.903624 0.593716
vt 0.894354 0.625312
vt 0.891467 0.611551
vt 0.888747 0.597579
vt 0.951254 0.629297
vt 0.950548 0.627362
vt 0.950669 0.629476
vt 0.931176 0.639368
vt 0.956545 0.642505
vt 0.913827 0.560749
vt 0.916467 0.574859
vt 0.970178 0.637983
vt 0.981799 0.619477
vt 0.985631 0.63287
vt 0.979899 0.606812
vt 0.974035 0.651659
vt 0.991391 0.645618
vt 0.926765 0.53371
vt 0.974217 0.653771
vt 0.996365 0.658585
vt 0.914352 0.651103
vt 0.929024 0.649258
vt 0.900094 0.654223
vt 0.971785 0.652415
vt 0.956375 0.643113
vt 0.903547 0.585686
vt 0.902189 0.577523
vt 0.888415 0.58237
vt 0.883081 0.642022
vt 0.885417 0.654353
vt 0.88934 0.655314
vt 0.880267 0.628081
vt 0.899734 0.563272
vt 0.883689 0.65642
vt 0.887979 0.579571
vt 0.988291 0.556704
vt 0.91108 0.546228
vt 0.978905 0.603779
vt 0.989272 0.587063
vt 0.987809 0.573062
vt 0.976736 0.575749
vt 0.987117 0.558665
vt 0.980154 0.605029
vt 0.871163 0.658585
vt 0.8774 0.614132
vt 0.885923 0.656637
vt 0.943151 0.648496
vt 0.956199 0.642783
vt 0.391518 0.59228
vt 0.39135 0.571003
vt 0.402331 0.580577
vt 0.380048 0.584451
vt 0.408185 0.59767
vt 0.409558 0.598159
vt 0.40823 0.576379
vt 0.400096 0.611039
vt 0.384894 0.604167
vt 0.406865 0.603266
vt 0.415704 0.618777
vt 0.406482 0.61358
vt 0.378189 0.616948
vt 0.37237 0.597025
vt 0.365077 0.60978
vt 0.422765 0.605929
vt 0.432283 0.59296
vt 0.418435 0.586346
vt 0.437963 0.594667
vt 0.43849 0.610975
vt 0.441448 0.612177
vt 0.446595 0.599166
vt 0.436523 0.58864
vt 0.427804 0.57532
vt 0.414959 0.567965
vt 0.458848 0.585732
vt 0.464445 0.603839
vt 0.478858 0.590319
vt 0.465353 0.604093
vt 0.484249 0.608611
vt 0.461266 0.618009
vt 0.460964 0.617917
vt 0.480978 0.622814
vt 0.352014 0.602466
vt 0.357792 0.622814
vt 0.359514 0.589346
vt 0.344507 0.615664
vt 0.957905 0.0582131
vt 0.938219 0.0551509
vt 0.955266 0.0536097
vt 0.946485 0.0656592
vt 0.947196 0.0484682
vt 0.941118 0.0341722
vt 0.944748 0.0389095
vt 0.93008 0.0435827
vt 0.930307 0.0246548
vt 0.920255 0.0338597
vt 0.96968 0.0522379
vt 0.952722 0.0772706
vt 0.964153 0.069242
vt 0.969814 0.0524145
vt 0.975231 0.0640243
vt 0.98189 0.0478539
vt 0.980249 0.0427561
vt 0.984182 0.0341417
vt 0.969633 0.0799017
vt 0.951872 0.0452279
vt 0.98748 0.0597602
vt 0.942048 0.0337147
vt 0.938526 0.0131161
vt 0.981488 0.0765359
vt 0.959042 0.0265315
vt 0.963632 0.0373801
vt 0.972899 0.0223864
vt 0.976747 0.0344602
vt 0.927853 0.0636825
vt 0.947777 0.0816749
vt 0.936755 0.0738987
vt 0.917767 0.0538968
vt 0.909074 0.0428532
vt 0.961946 0.0876111
vt 0.954342 0.0839203
vt 0.957596 0.0917411
vt 0.949085 0.0999841
vt 0.973184 0.0899164
vt 0.960423 0.102941
vt 0.937588 0.0925396
vt 0.984126 0.082689
vt 0.929111 0.0818687
vt 0.945683 0.015883
vt 0.922228 0.0789558
vt 0.925758 0.0856109
vt 0.916727 0.0739511
vt 0.917103 0.0735436
vt 0.906699 0.0635817
vt 0.902225 0.088344
vt 0.891877 0.077565
vt 0.896593 0.052544
vt 0.880651 0.0670363
vt 0.874714 0.0472319
vt 0.906964 0.0633654
vt 0.897392 0.0522174
vt 0.879581 0.0684552
vt 0.87857 0.0658819
vt 0.857447 0.0614414
vt 0.858699 0.0600554
vt 0.853592 0.0551913
vt 0.850596 0.0438475
vt 0.837527 0.0722486
vt 0.887254 0.0821262
vt 0.878586 0.0899269
vt 0.889728 0.100024
vt 0.897001 0.0933303
vt 0.871811 0.0881652
vt 0.851405 0.0985374
vt 0.819467 0.0903444
vt 0.826188 0.102941
vt 0.836287 0.0700179
vt 0.980764 0.405607
vt 0.992208 0.405216
vt 0.978141 0.391003
vt 0.994353 0.390692
vt 0.977143 0.376671
vt 0.99475 0.376335
vt 0.977506 0.362291
vt 0.993821 0.36198
vt 0.983184 0.346681
vt 0.987989 0.346746
vt 0.965187 0.406945
vt 0.965888 0.421298
vt 0.98632 0.421075
vt 0.986527 0.423284
vt 0.987023 0.416298
vt 0.978054 0.437984
vt 0.963247 0.435299
vt 0.99475 0.437635
vt 0.985166 0.343005
vt 0.985716 0.455882
vt 0.976514 0.440494
vt 0.98255 0.742536
vt 0.98134 0.762677
vt 0.999385 0.752757
vt 0.963941 0.751665
vt 0.957606 0.765376
vt 0.973926 0.775103
vt 0.949189 0.777492
vt 0.966871 0.787498
vt 0.954291 0.763613
vt 0.948248 0.776924
vt 0.998236 0.757389
vt 0.975248 0.775855
vt 0.985875 0.764636
vt 0.937073 0.769616
vt 0.94835 0.778049
vt 0.926168 0.778322
vt 0.924213 0.764158
vt 0.959799 0.757931
vt 0.962765 0.7504
vt 0.933958 0.790541
vt 0.94897 0.732446
vt 0.952007 0.728643
vt 0.950664 0.728074
vt 0.931813 0.73682
vt 0.940125 0.739784
vt 0.968096 0.721287
vt 0.968621 0.718084
vt 0.953956 0.712395
vt 0.935284 0.720655
vt 0.928499 0.716539
vt 0.945799 0.707294
vt 0.947655 0.743691
vt 0.91559 0.727116
vt 0.935901 0.712437
vt 0.966731 0.736727
vt 0.954657 0.703427
vt 0.943857 0.758271
vt 0.929594 0.75097
vt 0.969945 0.699565
vt 0.982533 0.725198
vt 0.983331 0.719092
vt 0.990091 0.720933
vt 0.999596 0.716576
vt 0.984624 0.701067
vt 0.980624 0.738451
vt 0.999385 0.700651
vt 0.95169 0.688792
vt 0.936925 0.694962
vt 0.921461 0.703339
vt 0.928739 0.699375
vt 0.838991 0.931927
vt 0.83264 0.916816
vt 0.842573 0.932257
vt 0.829539 0.948506
vt 0.843548 0.946058
vt 0.828308 0.944484
vt 0.815934 0.954365
vt 0.811403 0.945327
vt 0.860549 0.94665
vt 0.849055 0.963811
vt 0.834916 0.967917
vt 0.862476 0.952298
vt 0.820173 0.970191
vt 0.809372 0.938439
vt 0.822998 0.92954
vt 0.794573 0.938895
vt 0.797431 0.952179
vt 0.781585 0.940194
vt 0.783601 0.956343
vt 0.778483 0.927249
vt 0.866722 0.947715
vt 0.880048 0.949139
vt 0.872655 0.968079
vt 0.869496 0.968693
vt 0.793635 0.925166
vt 0.79069 0.918149
vt 0.776735 0.921177
vt 0.775126 0.927454
vt 0.766927 0.946888
vt 0.80398 0.912957
vt 0.767981 0.951325
vt 0.801877 0.965841
vt 0.802115 0.966683
vt 0.763681 0.950702
vt 0.801227 0.966515
vt 0.787789 0.970191
vt 0.76274 0.935752
vt 0.75327 0.953995
vt 0.74884 0.939974
vt 0.734653 0.944248
vt 0.803107 0.932415
vt 0.867272 0.0160206
vt 0.888519 0.0161309
vt 0.877588 0.0338091
vt 0.889742 0.040938
vt 0.889742 0.00834658
vt 0.867124 0.013029
vt 0.611158 0.969083
vt 0.610831 0.954092
vt 0.630907 0.966091
vt 0.60772 0.95472
vt 0.60715 0.951972
vt 0.680725 0.961733
vt 0.685854 0.976369
vt 0.679813 0.968863
vt 0.673552 0.9851
vt 0.699111 0.958414
vt 0.650196 0.947691
vt 0.648714 0.947985
vt 0.64908 0.946695
vt 0.645564 0.966635
vt 0.631287 0.963696
vt 0.634581 0.947202
vt 0.661238 0.966302
vt 0.617039 0.953193
vt 0.617625 0.950584
vt 0.615025 0.951375
vt 0.647912 0.946902
vt 0.652454 0.928904
vt 0.666625 0.932236
vt 0.635624 0.933167
vt 0.633321 0.933488
vt 0.618511 0.934337
vt 0.604999 0.938425
vt 0.663268 0.950118
vt 0.67497 0.963436
vt 0.66482 0.949948
vt 0.65967 0.977119
vt 0.653486 0.968594
vt 0.663535 0.947602
vt 0.682411 0.945297
vt 0.645448 0.967643
vt 0.658795 0.982951
vt 0.644205 0.981983
vt 0.625141 0.9851
vt 0.624376 0.984462
vt 0.624146 0.985294
vt 0.610323 0.969274
vt 0.632543 0.919296
vt 0.646971 0.918521
vt 0.609052 0.984154
vt 0.593296 0.982853
vt 0.733124 0.603262
vt 0.716208 0.612481
vt 0.714755 0.593402
vt 0.741115 0.61566
vt 0.713902 0.610201
vt 0.712843 0.61566
vt 0.717075 0.613508
vt 0.486719 0.0240875
vt 0.480932 0.0233907
vt 0.481001 0.021682
vt 0.492588 0.0271841
vt 0.479367 0.0369894
vt 0.46749 0.0295851
vt 0.466229 0.0287916
vt 0.469617 0.0155812
vt 0.455096 0.0247103
vt 0.489408 0.0398359
vt 0.504664 0.0318104
vt 0.500265 0.0434113
vt 0.450736 0.035638
vt 0.439373 0.0315426
vt 0.438635 0.0335972
vt 0.426884 0.028995
vt 0.433686 0.0460896
vt 0.422736 0.0423239
vt 0.414119 0.0252594
vt 0.411501 0.038495
vt 0.399027 0.032504
vt 0.443837 0.0200611
vt 0.427454 0.0274336
vt 0.432022 0.0154844
vt 0.41491 0.023325
vt 0.396822 0.0316066
vt 0.419053 0.0533665
vt 0.407285 0.0496621
vt 0.430344 0.0570982
vt 0.419775 0.0108528
vt 0.401961 0.018355
vt 0.407243 0.00553922
vt 0.388839 0.0127149
vt 0.382921 0.0261893
vt 0.36875 0.0202312
vt 0.375156 0.00628291
vt 0.354298 0.0136136
vt 0.347503 0.0284013
vt 0.331949 0.021738
vt 0.338977 0.0059475
vt 0.316041 0.0147
vt 0.308825 0.0308319
vt 0.291995 0.0236138
vt 0.299409 0.00697608
vt 0.274999 0.0161964
vt 0.284747 0.0405771
vt 0.267221 0.0333183
vt 0.249591 0.0254554
vt 0.257711 0.00792817
vt 0.232138 0.0173213
vt 0.227573 0.0266799
vt 0.24389 0.037624
vt 0.259548 0.0510313
vt 0.461654 0.0395828
vt 0.461888 0.0396415
vt 0.325225 0.0374797
vt 0.362376 0.0345363
vt 0.362706 0.0344149
vt 0.257631 0.0503633
vt 0.485528 0.050292
vt 0.496145 0.0540418
vt 0.474922 0.0463576
vt 0.448585 0.0415521
vt 0.46075 0.0414106
vt 0.391651 0.0454934
vt 0.377294 0.0401167
vt 0.392461 0.0456011
vt 0.301984 0.0473415
vt 0.277752 0.0579051
vt 0.378295 0.0405682
vt 0.34125 0.0436757
vt 0.318878 0.0536462
vt 0.295485 0.0643125
vt 0.356867 0.0493477
vt 0.362541 0.034638
vt 0.377294 0.0401643
vt 0.252953 0.0692704
vt 0.22843 0.0813425
vt 0.231746 0.0721048
vt 0.240821 0.065251
vt 0.335409 0.0594758
vt 0.371926 0.0545146
vt 0.481562 0.0608663
vt 0.401403 0.0596765
vt 0.399926 0.0640283
vt 0.386334 0.0593631
vt 0.413072 0.0670019
vt 0.351693 0.0647131
vt 0.470247 0.056916
vt 0.46654 0.0682375
vt 0.454276 0.0647881
vt 0.477852 0.0714927
vt 0.45831 0.0522173
vt 0.442024 0.0607469
vt 0.446168 0.0484386
vt 0.412632 0.0682748
vt 0.424909 0.071574
vt 0.367162 0.0692063
vt 0.312917 0.0703563
vt 0.329823 0.0759218
vt 0.271267 0.0757945
vt 0.24677 0.0873693
vt 0.381847 0.0734393
vt 0.395749 0.0773098
vt 0.408749 0.0808104
vt 0.424773 0.0721325
vt 0.429855 0.0736652
vt 0.436239 0.0796463
vt 0.492433 0.0648568
vt 0.488176 0.0749084
vt 0.421356 0.0844236
vt 0.433993 0.0874518
vt 0.222516 0.0994999
vt 0.226871 0.0808451
vt 0.41813 0.0971155
vt 0.48637 0.0123148
vt 0.487092 0.0129061
vt 0.507628 0.0207357
vt 0.503231 0.0692383
vt 0.404931 0.0945522
vt 0.289328 0.082182
vt 0.50715 0.0582618
vt 0.497398 0.0782276
vt 0.443112 0.0773886
vt 0.449861 0.0796026
vt 0.450983 0.0763022
vt 0.462131 0.080726
vt 0.511993 0.0475402
vt 0.497951 0.016894
vt 0.265457 0.0948078
vt 0.446136 0.0917232
vt 0.46134 0.0833406
vt 0.457967 0.0949408
vt 0.442845 0.10372
vt 0.430649 0.100777
vt 0.472837 0.0863519
vt 0.473048 0.0856108
vt 0.484126 0.0892675
vt 0.469555 0.0980462
vt 0.484038 0.0895198
vt 0.480886 0.100594
vt 0.49523 0.0926582
vt 0.491727 0.103976
vt 0.506018 0.09724
vt 0.511098 0.0866591
vt 0.438038 0.0732364
vt 0.454764 0.107711
vt 0.495571 0.0915148
vt 0.362631 0.0345076
vt 0.233691 0.0625078
vt 0.240221 0.044257
vt 0.213655 0.0548217
vt 0.222016 0.0367834
vt 0.195581 0.0470566
vt 0.187597 0.0649447
vt 0.205747 0.0725587
vt 0.179919 0.0826919
vt 0.161774 0.0749523
vt 0.169505 0.0573914
vt 0.144031 0.0672648
vt 0.151577 0.0500572
vt 0.126903 0.0599257
vt 0.133888 0.0428796
vt 0.110041 0.0531495
vt 0.177249 0.0395317
vt 0.116571 0.036338
vt 0.093545 0.0471113
vt 0.0875314 0.0620681
vt 0.0737817 0.0563188
vt 0.0786094 0.0425498
vt 0.0607355 0.0515501
vt 0.0559708 0.0637023
vt 0.0442341 0.0589892
vt 0.0483773 0.0475559
vt 0.0332909 0.0549694
vt 0.039396 0.069755
vt 0.0317895 0.0588464
vt 0.0322678 0.0663748
vt 0.0228261 0.0531327
vt 0.0647715 0.0386392
vt 0.0683002 0.0691751
vt 0.0367364 0.0440243
vt 0.0229572 0.0520873
vt 0.0255662 0.0412704
vt 0.0128681 0.0496596
vt 0.0108538 0.059405
vt 0.0144789 0.0388933
vt 0.159139 0.0321031
vt 0.0252257 0.0746157
vt 0.103046 0.0693442
vt 0.0282334 0.0673774
vt 0.0167794 0.0708054
vt 0.0518581 0.0351938
vt 0.0180138 0.0678788
vt 0.203985 0.0287533
vt 0.0290077 0.0645047
vt 0.0396584 0.0320311
vt 0.0141354 0.0600483
vt 0.0281215 0.0296345
vt 0.119303 0.0770042
vt 0.0510828 0.0759608
vt 0.0170006 0.0271788
vt 0.00360257 0.0361004
vt 0.00596806 0.0251166
vt 0.000403877 0.0472324
vt 0.47782 0.00583514
vt 0.020923 0.061859
vt 0.377293 0.0401404
vt 0.508962 0.0852488
vt 0.524239 0.0945564
vt 0.519018 0.0354503
vt 0.517001 0.0230133
vt 0.520228 0.0355266
vt 0.519676 0.0365411
vt 0.527103 0.0522743
vt 0.531845 0.0413919
vt 0.543273 0.0457693
vt 0.539033 0.0573666
vt 0.551671 0.0614924
vt 0.553182 0.0558115
vt 0.555186 0.0624644
vt 0.563095 0.0737396
vt 0.549806 0.0479038
vt 0.547176 0.0350219
vt 0.549567 0.0358113
vt 0.521928 0.0640594
vt 0.534273 0.0700956
vt 0.547288 0.0742934
vt 0.560522 0.0794103
vt 0.529229 0.0821314
vt 0.516624 0.0755513
vt 0.518717 0.0627417
vt 0.521052 0.050156
vt 0.512052 0.0734447
vt 0.536594 0.0306015
vt 0.577426 0.0795042
vt 0.574148 0.0862712
vt 0.591109 0.0773074
vt 0.596102 0.0797107
vt 0.587489 0.0591943
vt 0.588933 0.0565264
vt 0.586146 0.0550927
vt 0.604384 0.0646656
vt 0.619716 0.0730064
vt 0.610887 0.0878972
vt 0.635352 0.0817538
vt 0.625657 0.0968051
vt 0.650988 0.091572
vt 0.602144 0.101974
vt 0.588155 0.0938442
vt 0.640733 0.106865
vt 0.654882 0.0854519
vt 0.666802 0.102469
vt 0.620714 0.0713148
vt 0.636129 0.0805983
vt 0.671294 0.0819075
vt 0.677811 0.0865908
vt 0.686519 0.0758459
vt 0.696688 0.0741655
vt 0.604918 0.0636647
vt 0.579972 0.107711
vt 0.566713 0.100381
vt 0.553008 0.0949593
vt 0.559919 0.0386972
vt 0.526051 0.0926948
vt 0.524788 0.0949383
vt 0.537368 0.0877853
vt 0.540979 0.0901464
vt 0.535342 0.100825
vt 0.519144 0.105228
vt 0.546314 0.106541
vt 0.551396 0.0971969
vt 0.560574 0.106232
vt 0.54896 0.0939884
vt 0.51649 0.103653
vt 0.54114 0.0896798
vt 0.630901 0.0526389
vt 0.615478 0.0439744
vt 0.600266 0.0350581
vt 0.647225 0.0601978
vt 0.589049 0.0562124
vt 0.568452 0.0627219
vt 0.581685 0.0681432
vt 0.465324 0.00117892
vt 0.464946 0.0137759
vt 0.556867 0.0480768
vt 0.575239 0.0416469
vt 0.463027 0.00378583
vt 0.458979 0.0105949
vt 0.462719 0.000397456
vt 0.525972 0.0225126
vt 0.508723 0.393188
vt 0.495477 0.412078
vt 0.513833 0.407161
vt 0.492549 0.398575
vt 0.514587 0.40947
vt 0.514817 0.406963
vt 0.53433 0.405726
vt 0.512708 0.399897
vt 0.532835 0.404443
vt 0.514038 0.391262
vt 0.533894 0.401882
vt 0.480922 0.414625
vt 0.478839 0.400403
vt 0.464311 0.401875
vt 0.480035 0.414766
vt 0.481063 0.415673
vt 0.503991 0.424128
vt 0.504758 0.423014
vt 0.464517 0.404693
vt 0.524641 0.387667
vt 0.507499 0.376546
vt 0.521169 0.374435
vt 0.53433 0.368331
vt 0.508862 0.388711
vt 0.492722 0.37744
vt 0.449194 0.402514
vt 0.521301 0.360526
vt 0.510346 0.425676
vt 0.492538 0.381278
vt 0.506783 0.360493
vt 0.477723 0.381346
vt 0.492269 0.361105
vt 0.462868 0.382368
vt 0.477636 0.375091
vt 0.477489 0.363687
vt 0.4479 0.384801
vt 0.129191 0.849336
vt 0.113728 0.833633
vt 0.111442 0.847982
vt 0.129645 0.834878
vt 0.129645 0.863984
vt 0.110258 0.862263
vt 0.111553 0.876391
vt 0.120643 0.818997
vt 0.124875 0.819329
vt 0.122939 0.815978
vt 0.575044 0.3472
vt 0.55859 0.332295
vt 0.578438 0.332086
vt 0.572935 0.316773
vt 0.558092 0.34673
vt 0.557778 0.361059
vt 0.573964 0.361713
vt 0.582728 0.347249
vt 0.583603 0.361799
vt 0.579016 0.335926
vt 0.557876 0.375596
vt 0.543229 0.360893
vt 0.5435 0.346371
vt 0.543215 0.375596
vt 0.782608 0.278077
vt 0.776431 0.26687
vt 0.788746 0.260643
vt 0.782023 0.24874
vt 0.769232 0.255834
vt 0.774154 0.237193
vt 0.78925 0.26039
vt 0.786469 0.246118
vt 0.77133 0.283448
vt 0.7856 0.229191
vt 0.794469 0.272565
vt 0.794739 0.273148
vt 0.795215 0.272418
vt 0.789784 0.234248
vt 0.796891 0.220543
vt 0.801509 0.226029
vt 0.807891 0.21156
vt 0.810748 0.214822
vt 0.818593 0.201765
vt 0.822673 0.206166
vt 0.76375 0.271929
vt 0.757354 0.26163
vt 0.760238 0.289411
vt 0.805508 0.253383
vt 0.797489 0.24213
vt 0.807775 0.233232
vt 0.817647 0.245502
vt 0.812963 0.265803
vt 0.815439 0.264112
vt 0.821062 0.250103
vt 0.8199 0.225426
vt 0.829247 0.236579
vt 0.831909 0.239709
vt 0.830284 0.216235
vt 0.840098 0.226951
vt 0.845307 0.232707
vt 0.850721 0.21664
vt 0.856499 0.223181
vt 0.840586 0.249928
vt 0.759136 0.245383
vt 0.759127 0.242431
vt 0.757669 0.243246
vt 0.764473 0.227273
vt 0.774202 0.216646
vt 0.784555 0.206471
vt 0.795654 0.197188
vt 0.807701 0.188727
vt 0.862245 0.231002
vt 0.850846 0.239363
vt 0.872417 0.242243
vt 0.743969 0.229479
vt 0.830004 0.259713
vt 0.839581 0.20024
vt 0.827997 0.188437
vt 0.822894 0.182218
vt 0.850317 0.190197
vt 0.860889 0.200337
vt 0.860491 0.179958
vt 0.871363 0.190011
vt 0.88248 0.200202
vt 0.839231 0.176247
vt 0.852553 0.168898
vt 0.830983 0.180903
vt 0.83673 0.172709
vt 0.89255 0.188277
vt 0.836505 0.20454
vt 0.842229 0.203706
vt 0.858367 0.203271
vt 0.904281 0.197201
vt 0.883954 0.201611
vt 0.881572 0.201312
vt 0.861892 0.201801
vt 0.86678 0.22256
vt 0.871871 0.217512
vt 0.880569 0.224545
vt 0.753228 0.278569
vt 0.741757 0.286299
vt 0.74395 0.289646
vt 0.741069 0.286721
vt 0.750608 0.296454
vt 0.738616 0.282369
vt 0.733887 0.274122
vt 0.728998 0.29565
vt 0.749373 0.297695
vt 0.884503 0.224677
vt 0.89373 0.217206
vt 0.745859 0.26824
vt 0.732527 0.275106
vt 0.882462 0.227969
vt 0.826631 0.159986
vt 0.847819 0.16157
vt 0.841116 0.152408
vt 0.835245 0.145283
vt 0.823542 0.15604
vt 0.813157 0.168311
vt 0.812568 0.141568
vt 0.826524 0.133341
vt 0.800717 0.152325
vt 0.810665 0.165077
vt 0.797468 0.175115
vt 0.804553 0.172934
vt 0.801206 0.179462
vt 0.783862 0.18344
vt 0.791164 0.191648
vt 0.772779 0.193852
vt 0.77971 0.201225
vt 0.760709 0.203031
vt 0.769901 0.212375
vt 0.751396 0.214764
vt 0.757556 0.221138
vt 0.857978 0.24867
vt 0.867547 0.247698
vt 0.844823 0.255176
vt 0.863448 0.255978
vt 0.853635 0.265795
vt 0.833536 0.262904
vt 0.843786 0.274415
vt 0.852342 0.284869
vt 0.841386 0.293013
vt 0.845135 0.297695
vt 0.862758 0.275911
vt 0.871692 0.28634
vt 0.857172 0.290688
vt 0.864204 0.292698
vt 0.828276 0.280639
vt 0.854034 0.150447
vt 0.84237 0.131427
vt 0.846698 0.129964
vt 0.858161 0.146465
vt 0.858955 0.147754
vt 0.866982 0.167818
vt 0.870099 0.163985
vt 0.845087 0.126767
vt 0.835323 0.11237
vt 0.747903 0.223944
vt 0.729736 0.214799
vt 0.86771 0.12798
vt 0.879959 0.146507
vt 0.868575 0.127849
vt 0.868109 0.127269
vt 0.856652 0.10951
vt 0.852489 0.110861
vt 0.903112 0.201482
vt 0.878059 0.107711
vt 0.889763 0.127148
vt 0.881961 0.173085
vt 0.882675 0.172195
vt 0.880453 0.145612
vt 0.828936 0.279322
vt 0.827814 0.280187
vt 0.820459 0.291987
vt 0.815236 0.287809
vt 0.807188 0.280125
vt 0.813743 0.266586
vt 0.801535 0.295864
vt 0.804143 0.290943
vt 0.892494 0.15651
vt 0.240043 0.460715
vt 0.256462 0.471781
vt 0.239349 0.464201
vt 0.237884 0.463421
vt 0.256462 0.452703
vt 0.433395 0.994994
vt 0.432573 0.994885
vt 0.432867 0.992669
vt 0.453564 0.987589
vt 0.452022 0.995659
vt 0.412405 0.992592
vt 0.415669 0.97814
vt 0.411797 0.996423
vt 0.455961 0.995991
vt 0.470517 0.996423
vt 0.45748 0.979969
vt 0.397819 0.991921
vt 0.645822 0.0344493
vt 0.665219 0.0385299
vt 0.652035 0.0447642
vt 0.654055 0.0480922
vt 0.666111 0.0410431
vt 0.679551 0.032973
vt 0.679833 0.0408912
vt 0.693021 0.0480922
vt 0.697065 0.0319707
vt 0.657001 0.0215091
vt 0.656662 0.0212578
vt 0.673927 0.0186804
vt 0.657309 0.0212717
vt 0.63859 0.0225759
vt 0.693627 0.0270234
vt 0.652475 0.00676805
vt 0.660601 0.00570719
vt 0.670112 0.00437202
vt 0.687888 0.0135162
vt 0.701535 0.00832173
vt 0.635926 0.01599
vt 0.637935 0.00754517
vt 0.633697 0.00777263
vt 0.633683 0.02245
vt 0.641593 0.0410769
vt 0.0166705 0.434918
vt 0.0335218 0.424381
vt 0.0335218 0.430023
vt 0.016559 0.417727
vt 0.0297838 0.447933
vt 0.402866 0.792139
vt 0.402147 0.807234
vt 0.404313 0.798773
vt 0.383279 0.793707
vt 0.406367 0.807179
vt 0.405692 0.79213
vt 0.422859 0.807234
vt 0.422359 0.792904
vt 0.109403 0.0112727
vt 0.113388 0.0230555
vt 0.123183 0.0242448
vt 0.123183 0.00278219
vt 0.101373 0.0199635
vt 0.457298 0.422496
vt 0.471325 0.422318
vt 0.457312 0.417727
vt 0.452746 0.422318
vt 0.0884491 0.957148
vt 0.104109 0.954904
vt 0.0970149 0.938699
vt 0.107843 0.955002
vt 0.0980405 0.937371
vt 0.0963794 0.93714
vt 0.106101 0.958106
vt 0.115913 0.939988
vt 0.102486 0.970612
vt 0.0906834 0.971299
vt 0.0970474 0.981013
vt 0.115913 0.976346
vt 0.109109 0.98965
vt 0.107828 0.992448
vt 0.097806 0.933798
vt 0.111385 0.922496
vt 0.556658 0.00795507
vt 0.54946 0.00667272
vt 0.557754 0.0266296
vt 0.557754 0.00119237
vt 0.539176 0.0155824
vt 0.400242 0.407101
vt 0.400242 0.386725
vt 0.387235 0.389555
vt 0.384361 0.396719
vt 0.381824 0.394926
vt 0.363965 0.40287
vt 0.363768 0.4033
vt 0.392399 0.419316
vt 0.376545 0.408597
vt 0.357656 0.417627
vt 0.352585 0.414212
vt 0.363515 0.403168
vt 0.711391 0.662833
vt 0.707592 0.643661
vt 0.720926 0.651412
vt 0.720879 0.651636
vt 0.699326 0.654863
vt 0.686889 0.64603
vt 0.722244 0.652522
vt 0.720942 0.651507
vt 0.731595 0.660109
vt 0.736192 0.653975
vt 0.739639 0.648947
vt 0.744229 0.667936
vt 0.732937 0.661025
vt 0.724381 0.672627
vt 0.736987 0.680175
vt 0.730935 0.662097
vt 0.71963 0.6695
vt 0.756398 0.675225
vt 0.749171 0.686734
vt 0.768737 0.683447
vt 0.691814 0.667327
vt 0.704464 0.677223
vt 0.699082 0.673788
vt 0.707523 0.672078
vt 0.679342 0.658803
vt 0.751411 0.655917
vt 0.763324 0.662735
vt 0.770222 0.651015
vt 0.782079 0.657782
vt 0.775289 0.669542
vt 0.788969 0.646049
vt 0.758415 0.644158
vt 0.684788 0.68313
vt 0.686685 0.645855
vt 0.671746 0.653155
vt 0.672291 0.673276
vt 0.659491 0.663508
vt 0.652549 0.67574
vt 0.640504 0.669694
vt 0.646762 0.656469
vt 0.663972 0.654515
vt 0.648736 0.652293
vt 0.627603 0.664693
vt 0.633158 0.651241
vt 0.717278 0.687675
vt 0.688584 0.675389
vt 0.675499 0.67623
vt 0.664811 0.685936
vt 0.670116 0.678028
vt 0.660834 0.683175
vt 0.666422 0.648575
vt 0.673444 0.63523
vt 0.654164 0.640799
vt 0.663059 0.627985
vt 0.660077 0.628133
vt 0.676731 0.627383
vt 0.677487 0.697403
vt 0.697567 0.694512
vt 0.686107 0.625125
vt 0.729979 0.695883
vt 0.764047 0.694025
vt 0.760041 0.696561
vt 0.762062 0.697872
vt 0.69975 0.637783
vt 0.687047 0.645674
vt 0.744904 0.697939
vt 0.729857 0.69626
vt 0.728494 0.695605
vt 0.693788 0.632845
vt 0.74235 0.703923
vt 0.776666 0.700823
vt 0.660931 0.626104
vt 0.679775 0.619317
vt 0.667783 0.609911
vt 0.648668 0.618941
vt 0.656458 0.702537
vt 0.64581 0.691971
vt 0.649212 0.68437
vt 0.633459 0.684774
vt 0.635096 0.681161
vt 0.659069 0.702411
vt 0.676409 0.700513
vt 0.714867 0.693919
vt 0.71042 0.703062
vt 0.698602 0.695645
vt 0.752851 0.71506
vt 0.737644 0.716722
vt 0.755175 0.715002
vt 0.641289 0.704316
vt 0.705994 0.715846
vt 0.697088 0.695982
vt 0.679701 0.699827
vt 0.720346 0.713724
vt 0.723743 0.713702
vt 0.613042 0.69605
vt 0.626898 0.701259
vt 0.620067 0.679595
vt 0.775069 0.704614
vt 0.641267 0.635412
vt 0.646451 0.623896
vt 0.768831 0.718983
vt 0.782645 0.72284
vt 0.787069 0.712794
vt 0.796896 0.726066
vt 0.623184 0.67237
vt 0.636767 0.643236
vt 0.69177 0.713582
vt 0.65444 0.719389
vt 0.658495 0.704881
vt 0.60616 0.674869
vt 0.668405 0.717225
vt 0.673042 0.716575
vt 0.666564 0.608427
vt 0.652872 0.607711
vt 0.789227 0.707395
vt 0.783233 0.687143
vt 0.698611 0.61755
vt 0.689562 0.7139
vt 0.611085 0.661336
vt 0.796876 0.69085
vt 0.799605 0.719344
vt 0.802504 0.726153
vt 0.619149 0.663715
vt 0.78027 0.672249
vt 0.610176 0.696014
vt 0.599241 0.689134
vt 0.598022 0.692345
vt 0.612206 0.697947
vt 0.61552 0.698228
vt 0.620334 0.719154
vt 0.625991 0.703942
vt 0.605606 0.715635
vt 0.591399 0.710828
vt 0.582807 0.688716
vt 0.576717 0.706872
vt 0.562404 0.699826
vt 0.576663 0.70713
vt 0.575217 0.70661
vt 0.560682 0.705522
vt 0.547852 0.693837
vt 0.567936 0.684356
vt 0.544933 0.703052
vt 0.526022 0.701686
vt 0.571803 0.725775
vt 0.52971 0.705251
vt 0.54128 0.713085
vt 0.556056 0.723692
vt 0.538002 0.725999
vt 0.524627 0.706479
vt 0.510811 0.692598
vt 0.504669 0.709758
vt 0.488286 0.697793
vt 0.533327 0.686919
vt 0.520699 0.726153
vt 0.503469 0.710389
vt 0.483296 0.714871
vt 0.466323 0.705242
vt 0.473823 0.689853
vt 0.50425 0.711107
vt 0.477371 0.715571
vt 0.462459 0.718817
vt 0.458401 0.683238
vt 0.496513 0.68384
vt 0.586924 0.674086
vt 0.590982 0.674951
vt 0.642759 0.61961
vt 0.634688 0.612651
vt 0.633267 0.635829
vt 0.617891 0.649111
vt 0.921023 0.479603
vt 0.928657 0.480669
vt 0.916819 0.467157
vt 0.923071 0.460613
vt 0.914535 0.459309
vt 0.924227 0.48657
vt 0.926891 0.444848
vt 0.910886 0.444374
vt 0.91033 0.439925
vt 0.911422 0.496289
vt 0.906873 0.484614
vt 0.899707 0.472045
vt 0.89644 0.434609
vt 0.907448 0.464913
vt 0.907261 0.426575
vt 0.918105 0.421755
vt 0.924231 0.436892
vt 0.897502 0.49285
vt 0.91518 0.502405
vt 0.89795 0.517091
vt 0.894695 0.45448
vt 0.88997 0.440213
vt 0.889895 0.42906
vt 0.884084 0.42559
vt 0.883267 0.444118
vt 0.889237 0.422246
vt 0.892092 0.45167
vt 0.876227 0.4152
vt 0.881889 0.411313
vt 0.888507 0.47958
vt 0.875234 0.407938
vt 0.873848 0.434086
vt 0.879372 0.392068
vt 0.896272 0.401299
vt 0.895766 0.398722
vt 0.9119 0.396274
vt 0.90251 0.414454
vt 0.91524 0.41025
vt 0.928782 0.408667
vt 0.928139 0.395257
vt 0.911705 0.394964
vt 0.904764 0.375521
vt 0.891316 0.381816
vt 0.888927 0.375483
vt 0.902829 0.371101
vt 0.913198 0.372201
vt 0.897966 0.358549
vt 0.877595 0.372359
vt 0.885431 0.364865
vt 0.877172 0.353931
vt 0.884745 0.346925
vt 0.920506 0.374253
vt 0.868823 0.340577
vt 0.919482 0.365275
vt 0.912203 0.349114
vt 0.893424 0.348375
vt 0.928275 0.343176
vt 0.908484 0.341614
vt 0.922732 0.327097
vt 0.91366 0.328772
vt 0.922168 0.323742
vt 0.892766 0.300874
vt 0.925716 0.387337
vt 0.867571 0.362429
vt 0.859047 0.350138
vt 0.867035 0.343272
vt 0.934478 0.423267
vt 0.867505 0.383326
vt 0.934303 0.399306
vt 0.935595 0.380921
vt 0.942246 0.320735
vt 0.942246 0.405205
vt 0.870048 0.403423
vt 0.34608 0.906793
vt 0.356229 0.896597
vt 0.33445 0.896939
vt 0.335138 0.917727
vt 0.356549 0.917727
vt 0.345675 0.885742
vt 0.356624 0.874801
vt 0.335009 0.874991
vt 0.325121 0.884797
vt 0.94063 0.440196
vt 0.951131 0.428855
vt 0.951131 0.450318
vt 0.0683936 0.917288
vt 0.0619745 0.919806
vt 0.0638819 0.924955
vt 0.0695146 0.934404
vt 0.0770686 0.9158
vt 0.0730052 0.909268
vt 0.0518821 0.903362
vt 0.0601285 0.935215
vt 0.0451026 0.921133
vt 0.0515176 0.904759
vt 0.0716472 0.901517
vt 0.0531119 0.889751
vt 0.0688643 0.88839
vt 0.0597481 0.874951
vt 0.0620252 0.871581
vt 0.077084 0.871266
vt 0.0697673 0.857715
vt 0.0490467 0.855243
vt 0.0690999 0.85467
vt 0.0519178 0.841127
vt 0.0654556 0.840614
vt 0.058075 0.828927
vt 0.0602043 0.824247
vt 0.075596 0.823894
vt 0.067832 0.809557
vt 0.0481484 0.807629
vt 0.0672403 0.807855
vt 0.0575976 0.791058
vt 0.0388441 0.789835
vt 0.0419443 0.8248
vt 0.0700038 0.806991
vt 0.0844616 0.806463
vt 0.078731 0.794733
vt 0.058311 0.790128
vt 0.0768395 0.789561
vt 0.0680415 0.77376
vt 0.048775 0.771597
vt 0.0468604 0.774423
vt 0.057047 0.790039
vt 0.0539804 0.823632
vt 0.0463955 0.813305
vt 0.066852 0.771922
vt 0.0576791 0.756722
vt 0.0386116 0.752582
vt 0.0553332 0.752885
vt 0.0471495 0.738467
vt 0.0305094 0.732004
vt 0.0448542 0.871837
vt 0.0381148 0.83866
vt 0.0400888 0.887044
vt 0.0378966 0.900259
vt 0.0417313 0.731772
vt 0.0359944 0.721672
vt 0.0162273 0.714499
vt 0.0333912 0.714484
vt 0.0549064 0.730842
vt 0.0365202 0.714847
vt 0.0592311 0.72367
vt 0.0630867 0.731032
vt 0.069551 0.745413
vt 0.0670401 0.749186
vt 0.0715093 0.749329
vt 0.0793944 0.760831
vt 0.0722988 0.770312
vt 0.0842247 0.769742
vt 0.0723189 0.711844
vt 0.0320408 0.916502
vt 0.0797521 0.728129
vt 0.0574685 0.713962
vt 0.0531352 0.870398
vt 0.0474081 0.863363
vt 0.0338005 0.803141
vt 0.0284353 0.820565
vt 0.0315705 0.809055
vt 0.0762452 0.852635
vt 0.0850443 0.852718
vt 0.0814544 0.844647
vt 0.0260309 0.783702
vt 0.0340347 0.767052
vt 0.0833185 0.739013
vt 0.039567 0.900702
vt 0.0381357 0.899727
vt 0.0314216 0.86669
vt 0.0268216 0.882416
vt 0.0324748 0.86235
vt 0.0202213 0.797178
vt 0.034922 0.852131
vt 0.0244181 0.834677
vt 0.0141357 0.810297
vt 0.02002 0.812868
vt 0.0797008 0.837604
vt 0.0854927 0.743979
vt 0.0895883 0.82007
vt 0.0905536 0.78432
vt 0.092215 0.759776
vt 0.0927492 0.789827
vt 0.0973344 0.800501
vt 0.0819663 0.884635
vt 0.0935487 0.833798
vt 0.0973344 0.847517
vt 0.0916234 0.849083
vt 0.090243 0.865998
vt 0.0855118 0.899006
vt 0.534577 0.831756
vt 0.537753 0.837644
vt 0.531906 0.84138
vt 0.53931 0.843856
vt 0.54442 0.835328
vt 0.548661 0.835557
vt 0.556853 0.838886
vt 0.546333 0.839155
vt 0.54388 0.850954
vt 0.551193 0.848413
vt 0.553059 0.845259
vt 0.555178 0.849739
vt 0.585254 0.850954
vt 0.573735 0.823927
vt 0.605412 0.826346
vt 0.688113 0.563682
vt 0.695347 0.576232
vt 0.675483 0.570884
vt 0.707969 0.569041
vt 0.707044 0.567439
vt 0.688833 0.56327
vt 0.710998 0.567294
vt 0.72533 0.569991
vt 0.715217 0.581628
vt 0.727855 0.57445
vt 0.735055 0.587026
vt 0.747104 0.580214
vt 0.748255 0.580744
vt 0.754847 0.592607
vt 0.678732 0.576534
vt 0.689193 0.579757
vt 0.667957 0.558077
vt 0.655493 0.56567
vt 0.660085 0.545707
vt 0.703944 0.59067
vt 0.664011 0.592607
vt 0.662658 0.590435
vt 0.688096 0.563607
vt 0.673463 0.57061
vt 0.728789 0.573452
vt 0.726194 0.556177
vt 0.405177 0.457311
vt 0.418065 0.45051
vt 0.424857 0.463525
vt 0.437781 0.45656
vt 0.43097 0.443739
vt 0.44387 0.436967
vt 0.398206 0.444519
vt 0.385418 0.451604
vt 0.378341 0.438943
vt 0.392418 0.464334
vt 0.37273 0.458583
vt 0.365625 0.446019
vt 0.352918 0.453149
vt 0.345866 0.440441
vt 0.33303 0.447323
vt 0.326005 0.434357
vt 0.320182 0.454224
vt 0.358646 0.433196
vt 0.340096 0.460616
vt 0.359979 0.466119
vt 0.318164 0.438521
vt 0.316109 0.446643
vt 0.307347 0.460822
vt 0.304203 0.454927
vt 0.294671 0.467737
vt 0.288942 0.457116
vt 0.28449 0.456732
vt 0.275008 0.461974
vt 0.311608 0.425642
vt 0.411059 0.437325
vt 0.32728 0.467733
vt 0.379663 0.471983
vt 0.273425 0.458834
vt 0.339058 0.427213
vt 0.319689 0.420906
vt 0.391333 0.430724
vt 0.347011 0.47496
vt 0.314711 0.47496
vt 0.440825 0.455137
vt 0.455977 0.464488
vt 0.445087 0.438962
vt 0.44717 0.435275
vt 0.311377 0.441564
vt 0.32439 0.842214
vt 0.313034 0.850314
vt 0.304792 0.838869
vt 0.293066 0.84673
vt 0.301246 0.858396
vt 0.281031 0.854777
vt 0.332888 0.853407
vt 0.344027 0.844707
vt 0.353139 0.855594
vt 0.335377 0.834212
vt 0.32131 0.861824
vt 0.364398 0.846387
vt 0.373414 0.857609
vt 0.362329 0.866692
vt 0.289149 0.866742
vt 0.309282 0.870591
vt 0.341858 0.865618
vt 0.315947 0.830063
vt 0.384856 0.848194
vt 0.376458 0.836303
vt 0.35513 0.835396
vt 0.393496 0.860611
vt 0.346731 0.822839
vt 0.365865 0.825198
vt 0.349365 0.819737
vt 0.367331 0.824011
vt 0.370762 0.827983
vt 0.380524 0.831407
vt 0.387741 0.824482
vt 0.379797 0.809057
vt 0.32825 0.820296
vt 0.361012 0.805168
vt 0.360337 0.80594
vt 0.338217 0.809418
vt 0.345246 0.819371
vt 0.348195 0.797871
vt 0.359906 0.80476
vt 0.350508 0.79531
vt 0.397737 0.840881
vt 0.390181 0.828896
vt 0.321735 0.821985
vt 0.326772 0.817974
vt 0.311484 0.822132
vt 0.306694 0.815654
vt 0.318091 0.805609
vt 0.296991 0.826899
vt 0.295104 0.824257
vt 0.283982 0.833751
vt 0.283145 0.832607
vt 0.272181 0.840297
vt 0.273836 0.81902
vt 0.261844 0.827416
vt 0.270763 0.840863
vt 0.271015 0.841315
vt 0.270033 0.841654
vt 0.25772 0.848744
vt 0.249526 0.836049
vt 0.236997 0.843941
vt 0.2661 0.860968
vt 0.405707 0.853075
vt 0.417746 0.845577
vt 0.409911 0.833235
vt 0.430937 0.83538
vt 0.244808 0.856521
vt 0.265391 0.861326
vt 0.224153 0.851558
vt 0.216352 0.838885
vt 0.203463 0.846543
vt 0.194796 0.832422
vt 0.18243 0.841599
vt 0.190802 0.854375
vt 0.169568 0.849483
vt 0.211322 0.859242
vt 0.231957 0.864169
vt 0.21914 0.871857
vt 0.198429 0.867075
vt 0.177629 0.862156
vt 0.252387 0.869295
vt 0.41327 0.865228
vt 0.401024 0.872841
vt 0.421063 0.877186
vt 0.165186 0.843379
vt 0.176592 0.833475
vt 0.239626 0.877186
vt 0.276174 0.872832
vt 0.421177 0.824178
vt 0.0132106 0.32554
vt 0.0130442 0.318523
vt 0.00282714 0.318685
vt 0.0249908 0.332739
vt 0.0283639 0.332567
vt 0.0277538 0.318218
vt 0.0273706 0.304199
vt 0.0128527 0.304019
vt 0.0250196 0.347403
vt 0.0294761 0.347099
vt 0.0122118 0.304014
vt 0.0132467 0.289533
vt 0.0125215 0.289556
vt 0.0129415 0.286496
vt 0.0277304 0.290447
vt 0.0323474 0.27364
vt 0.0466392 0.302534
vt 0.0434908 0.288251
vt 0.033119 0.273552
vt 0.0480659 0.3169
vt 0.0489721 0.331376
vt 0.0496178 0.345949
vt 0.0496769 0.360646
vt 0.0312937 0.361697
vt 0.0490733 0.37549
vt 0.0338399 0.376372
vt 0.0452562 0.391219
vt 0.03957 0.391554
vt 0.0326875 0.272735
vt 0.0428183 0.397854
vt 0.0163921 0.273571
vt 0.0402425 0.254769
vt 0.0496769 0.26892
vt 0.0121597 0.56876
vt 0.00916023 0.580857
vt 0.0238288 0.583863
vt 0.00121163 0.583863
vt 0.625427 0.613275
vt 0.628029 0.598558
vt 0.616438 0.604154
vt 0.607279 0.591583
vt 0.621636 0.584658
vt 0.604691 0.613275
vt 0.594649 0.60052
vt 0.586723 0.588206
vt 0.583603 0.609786
vt 0.91163 0.985092
vt 0.911481 0.969674
vt 0.900394 0.98261
vt 0.913974 0.970451
vt 0.913601 0.967971
vt 0.907397 0.949424
vt 0.912864 0.952758
vt 0.913974 0.998013
vt 0.895396 0.985641
vt 0.909513 0.947933
vt 0.00946432 0.757423
vt 0.0189822 0.740461
vt 0.00212586 0.753622
vt 0.0187236 0.754639
vt 0.0186753 0.760009
vt 0.0189822 0.774642
vt 0.00201939 0.773635
vt 0.305735 0.777027
vt 0.299273 0.763026
vt 0.305735 0.758744
vt 0.921244 0.244553
vt 0.914226 0.264906
vt 0.916198 0.24677
vt 0.916555 0.241256
vt 0.920617 0.278666
vt 0.921244 0.294515
vt 0.902011 0.287169
vt 0.920846 0.278915
vt 0.913256 0.265381
vt 0.895396 0.273505
vt 0.920725 0.278613
vt 0.912975 0.262785
vt 0.900465 0.253866
vt 0.0789691 0.247182
vt 0.0852181 0.232512
vt 0.0726486 0.245371
vt 0.0778736 0.249181
vt 0.0634087 0.242922
vt 0.0652155 0.239823
vt 0.0852181 0.265103
vt 0.997431 0.110601
vt 0.993942 0.11724
vt 0.999596 0.112074
vt 0.999288 0.0910175
vt 0.996334 0.13045
vt 0.999288 0.133148
vt 0.342755 0.106916
vt 0.341769 0.100619
vt 0.347808 0.10376
vt 0.359047 0.0972738
vt 0.334795 0.0941971
vt 0.319467 0.106916
vt 0.27175 0.245592
vt 0.286718 0.238248
vt 0.286351 0.241433
vt 0.300862 0.241028
vt 0.304555 0.226333
vt 0.319574 0.230215
vt 0.311691 0.211697
vt 0.310933 0.244917
vt 0.314812 0.244947
vt 0.328352 0.25004
vt 0.316273 0.246837
vt 0.327909 0.251503
vt 0.271054 0.235238
vt 0.258161 0.25159
vt 0.256514 0.251503
vt 0.255654 0.236737
vt 0.291055 0.224505
vt 0.299948 0.211049
vt 0.289086 0.226037
vt 0.000403877 0.176868
vt 0.000413073 0.175239
vt 0.00201939 0.176056
vt 0.00201939 0.156995
vt 0.587843 0.145866
vt 0.583339 0.132086
vt 0.581824 0.132584
vt 0.606497 0.141129
vt 0.607184 0.137804
vt 0.588187 0.14575
vt 0.609401 0.140174
vt 0.585444 0.131354
vt 0.620093 0.130246
vt 0.632876 0.143965
vt 0.632876 0.122166
vt 0.618496 0.128565
vt 0.579564 0.118045
vt 0.372902 0.102146
vt 0.395396 0.101351
vt 0.372779 0.101351
vt 0.483738 0.953303
vt 0.490961 0.940286
vt 0.491165 0.940379
vt 0.473487 0.949818
vt 0.47474 0.937616
vt 0.47428 0.960192
vt 0.460617 0.94665
vt 0.459891 0.963037
vt 0.447518 0.944058
vt 0.44563 0.962931
vt 0.433575 0.941942
vt 0.431279 0.961617
vt 0.416724 0.958902
vt 0.419041 0.939708
vt 0.401922 0.954709
vt 0.416246 0.961782
vt 0.401016 0.963037
vt 0.418878 0.960908
vt 0.392261 0.957891
vt 0.388473 0.9357
vt 0.385582 0.956897
vt 0.370304 0.952395
vt 0.450366 0.930367
vt 0.436111 0.927805
vt 0.438954 0.913791
vt 0.421573 0.925071
vt 0.424872 0.910786
vt 0.406277 0.921918
vt 0.463267 0.934256
vt 0.404005 0.937419
vt 0.390492 0.920209
vt 0.372896 0.933497
vt 0.377902 0.918968
vt 0.375035 0.921227
vt 0.357551 0.930459
vt 0.357813 0.929218
vt 0.342004 0.926982
vt 0.342064 0.926719
vt 0.340465 0.926634
vt 0.322698 0.939019
vt 0.338563 0.942609
vt 0.323748 0.934371
vt 0.354311 0.946316
vt 0.45781 0.912401
vt 0.470507 0.917866
vt 0.482458 0.924827
vt 0.45706 0.911811
vt 0.445994 0.897854
vt 0.392264 0.900071
vt 0.377128 0.89978
vt 0.407172 0.900755
vt 0.501778 0.926594
vt 0.503529 0.947596
vt 0.513505 0.934198
vt 0.515604 0.955504
vt 0.524777 0.942934
vt 0.531627 0.96003
vt 0.534109 0.956596
vt 0.535945 0.960461
vt 0.0827948 0.222973
vt 0.069063 0.212156
vt 0.0827948 0.205485
vt 0.479402 0.445548
vt 0.479402 0.455882
vt 0.470517 0.448781
vt 0.100565 0.259539
vt 0.0949112 0.257402
vt 0.100565 0.243641
vt 0.787946 0.292925
vt 0.776656 0.29531
vt 0.792811 0.29531
vt 0.364046 0.0870429
vt 0.349354 0.0886327
vt 0.366317 0.0886327
vt 0.826836 0.0624006
vt 0.826737 0.0480879
vt 0.827544 0.0480972
vt 0.826836 0.0465024
vt 0.517628 0.502194
vt 0.529223 0.519363
vt 0.531926 0.50486
vt 0.514776 0.516278
vt 0.512316 0.531008
vt 0.499815 0.514944
vt 0.524006 0.536696
vt 0.546527 0.50843
vt 0.542246 0.525815
vt 0.547251 0.522552
vt 0.561768 0.511484
vt 0.562105 0.517896
vt 0.571452 0.5142
vt 0.550432 0.537053
vt 0.565034 0.529112
vt 0.576942 0.513115
vt 0.56104 0.494195
vt 0.576476 0.496796
vt 0.585033 0.493534
vt 0.595204 0.506483
vt 0.592899 0.492339
vt 0.592706 0.491402
vt 0.588699 0.472706
vt 0.606748 0.477209
vt 0.592108 0.458812
vt 0.574547 0.469344
vt 0.610112 0.504406
vt 0.601038 0.523545
vt 0.614192 0.516327
vt 0.606657 0.458821
vt 0.622806 0.506851
vt 0.628162 0.506554
vt 0.627237 0.492275
vt 0.529353 0.534423
vt 0.575109 0.487868
vt 0.60735 0.480118
vt 0.641829 0.491433
vt 0.647827 0.509737
vt 0.57581 0.464167
vt 0.639017 0.524002
vt 0.562889 0.455795
vt 0.502717 0.499918
vt 0.512463 0.542981
vt 0.615523 0.522273
vt 0.592119 0.444521
vt 0.52879 0.556115
vt 0.579478 0.453142
vt 0.606772 0.444425
vt 0.62648 0.457315
vt 0.500053 0.53698
vt 0.513718 0.54864
vt 0.496321 0.537829
vt 0.499513 0.551772
vt 0.481826 0.54107
vt 0.485161 0.554992
vt 0.50267 0.565732
vt 0.516945 0.562646
vt 0.488131 0.569079
vt 0.506011 0.57964
vt 0.490466 0.583554
vt 0.509428 0.593538
vt 0.524433 0.590146
vt 0.528614 0.604091
vt 0.513432 0.60745
vt 0.521086 0.623515
vt 0.503552 0.619135
vt 0.536115 0.602934
vt 0.521183 0.623635
vt 0.500454 0.622422
vt 0.508902 0.635912
vt 0.531501 0.63371
vt 0.541761 0.623577
vt 0.535682 0.588417
vt 0.552077 0.633653
vt 0.541819 0.643786
vt 0.562393 0.643728
vt 0.572974 0.633257
vt 0.583001 0.643909
vt 0.552136 0.65388
vt 0.572646 0.653866
vt 0.533415 0.613526
vt 0.625061 0.443087
vt 0.620926 0.428363
vt 0.605435 0.430159
vt 0.60298 0.415931
vt 0.617798 0.413827
vt 0.628527 0.428279
vt 0.631715 0.413565
vt 0.612727 0.477016
vt 0.608028 0.49047
vt 0.586863 0.459005
vt 0.625244 0.438527
vt 0.564544 0.45098
vt 0.568256 0.436141
vt 0.554079 0.431492
vt 0.558844 0.417973
vt 0.572703 0.422433
vt 0.564061 0.403558
vt 0.578782 0.409337
vt 0.585985 0.428297
vt 0.544895 0.413091
vt 0.540075 0.42739
vt 0.525971 0.42104
vt 0.534034 0.44039
vt 0.520536 0.434905
vt 0.549484 0.399987
vt 0.592157 0.415321
vt 0.584472 0.39619
vt 0.548361 0.445357
vt 0.528403 0.453586
vt 0.514887 0.448104
vt 0.507467 0.462715
vt 0.519996 0.470159
vt 0.519319 0.471473
vt 0.506274 0.465128
vt 0.591229 0.431378
vt 0.636388 0.413146
vt 0.63573 0.411223
vt 0.655032 0.416789
vt 0.648154 0.430503
vt 0.55316 0.46082
vt 0.495573 0.534672
vt 0.532061 0.503721
vt 0.54685 0.502658
vt 0.65607 0.414443
vt 0.647989 0.397609
vt 0.652515 0.399573
vt 0.629575 0.393671
vt 0.665689 0.402808
vt 0.675658 0.421006
vt 0.670892 0.402124
vt 0.670447 0.382815
vt 0.689603 0.407182
vt 0.691469 0.427779
vt 0.651241 0.391228
vt 0.551771 0.537097
vt 0.566982 0.540314
vt 0.579167 0.523983
vt 0.555797 0.556924
vt 0.582289 0.541167
vt 0.569533 0.546644
vt 0.571971 0.562859
vt 0.557959 0.577046
vt 0.572432 0.566981
vt 0.586788 0.563999
vt 0.586725 0.562702
vt 0.601275 0.562366
vt 0.589444 0.57844
vt 0.575152 0.581136
vt 0.603289 0.576143
vt 0.583364 0.542194
vt 0.675238 0.42132
vt 0.539695 0.483501
vt 0.601224 0.561333
vt 0.648003 0.509446
vt 0.660859 0.494331
vt 0.641431 0.487639
vt 0.661454 0.492611
vt 0.651356 0.476014
vt 0.657329 0.477473
vt 0.662483 0.463954
vt 0.636175 0.473368
vt 0.636682 0.458795
vt 0.670598 0.480349
vt 0.655839 0.462108
vt 0.661361 0.494374
vt 0.62872 0.393252
vt 0.511046 0.495728
vt 0.676828 0.422745
vt 0.655922 0.416953
vt 0.550464 0.537561
vt 0.552393 0.555961
vt 0.579824 0.516777
vt 0.615821 0.56181
vt 0.615753 0.560576
vt 0.614702 0.541722
vt 0.629285 0.541635
vt 0.630258 0.559127
vt 0.645173 0.549559
vt 0.632127 0.533166
vt 0.648172 0.546845
vt 0.615508 0.536522
vt 0.648017 0.509748
vt 0.663562 0.509424
vt 0.6762 0.510695
vt 0.668759 0.520807
vt 0.686779 0.528241
vt 0.670154 0.526745
vt 0.665581 0.526506
vt 0.654602 0.431216
vt 0.651448 0.445297
vt 0.534166 0.559858
vt 0.52004 0.576288
vt 0.67201 0.434466
vt 0.64944 0.524569
vt 0.562373 0.663981
vt 0.657975 0.384004
vt 0.64802 0.381152
vt 0.639568 0.378776
vt 0.583011 0.664149
vt 0.484032 0.526095
vt 0.639539 0.444899
vt 0.630653 0.388487
vt 0.680925 0.496893
vt 0.545519 0.546206
vt 0.598348 0.40156
vt 0.603719 0.38807
vt 0.60435 0.388319
vt 0.611258 0.40663
vt 0.676878 0.54188
vt 0.560798 0.494184
vt 0.638202 0.428395
vt 0.694265 0.547587
vt 0.536072 0.57376
vt 0.672569 0.466376
vt 0.680115 0.468383
vt 0.679728 0.483015
vt 0.6879 0.484992
vt 0.682389 0.454233
vt 0.694265 0.472365
vt 0.658791 0.447812
vt 0.682325 0.490856
vt 0.555036 0.616134
vt 0.528659 0.537538
vt 0.533383 0.616397
vt 0.617023 0.575785
vt 0.542688 0.457296
vt 0.598016 0.539456
vt 0.568836 0.394514
vt 0.558191 0.385359
vt 0.631619 0.523227
vt 0.58369 0.444974
vt 0.588304 0.431468
vt 0.625813 0.442688
vt 0.53593 0.474806
vt 0.55776 0.469418
vt 0.597946 0.537738
vt 0.62656 0.491698
vt 0.626631 0.491633
vt 0.678564 0.44865
vt 0.581837 0.442553
vt 0.553506 0.621907
vt 0.00201939 0.125867
vt 0.00226756 0.110932
vt 0.0172874 0.125994
vt 0.0173667 0.125867
vt 0.00272096 0.11089
vt 0.441789 0.701511
vt 0.427573 0.710797
vt 0.445234 0.721538
vt 0.445141 0.703229
vt 0.42664 0.694356
vt 0.445157 0.72158
vt 0.428137 0.714909
vt 0.413166 0.713563
vt 0.429291 0.730003
vt 0.445233 0.721602
vt 0.429855 0.735754
vt 0.445141 0.738871
vt 0.445477 0.721583
vt 0.88651 0.932035
vt 0.907666 0.93066
vt 0.908022 0.932035
vt 0.888506 0.926441
vt 0.909935 0.916137
vt 0.811389 0.129968
vt 0.811389 0.11089
vt 0.794427 0.120295
vt 0.937399 0.468058
vt 0.950323 0.482721
vt 0.950323 0.459857
vt 0.93886 0.492448
vt 0.0306033 0.64242
vt 0.00767367 0.636579
vt 0.0132768 0.649778
vt 0.0240153 0.629613
vt 0.0372864 0.623269
vt 0.0168486 0.616584
vt 0.0275609 0.611685
vt 0.0353548 0.656029
vt 0.0352049 0.618159
vt 0.0201207 0.662494
vt 0.0375606 0.671304
vt 0.0375606 0.623725
vt 0.0173814 0.663576
vt 0.032491 0.641751
vt 0.0374939 0.623182
vt 0.301583 0.576396
vt 0.301035 0.576183
vt 0.307879 0.589358
vt 0.310444 0.587477
vt 0.313005 0.56713
vt 0.294332 0.598439
vt 0.313005 0.604127
vt 0.306749 0.608506
vt 0.286386 0.586198
vt 0.275848 0.575286
vt 0.284289 0.564436
vt 0.285363 0.56399
vt 0.301591 0.575816
vt 0.779079 0.584658
vt 0.76514 0.590167
vt 0.765989 0.591681
vt 0.775182 0.608155
vt 0.759693 0.611874
vt 0.779079 0.622019
vt 0.457747 0.481223
vt 0.473596 0.494819
vt 0.458599 0.495627
vt 0.472435 0.480188
vt 0.492536 0.481141
vt 0.471951 0.467857
vt 0.489206 0.495628
vt 0.443053 0.482059
vt 0.493134 0.495627
vt 0.492593 0.481141
vt 0.473844 0.465421
vt 0.457628 0.480681
vt 0.247577 0.566736
vt 0.261309 0.573923
vt 0.261309 0.553657
vt 0.248092 0.581998
vt 0.250861 0.591066
vt 0.258028 0.594584
vt 0.251265 0.598967
vt 0.468094 0.362385
vt 0.457575 0.373211
vt 0.446979 0.361288
vt 0.436591 0.373211
vt 0.85988 0.861594
vt 0.859775 0.860304
vt 0.843555 0.850729
vt 0.859722 0.842364
vt 0.875298 0.856539
vt 0.874185 0.840556
vt 0.890133 0.853473
vt 0.858094 0.828155
vt 0.875226 0.865826
vt 0.843597 0.83
vt 0.890034 0.869131
vt 0.905433 0.858563
vt 0.889563 0.875475
vt 0.905418 0.864169
vt 0.920431 0.854653
vt 0.90492 0.842263
vt 0.920432 0.868119
vt 0.920436 0.874744
vt 0.889326 0.851126
vt 0.874532 0.879285
vt 0.874499 0.883706
vt 0.862925 0.881415
vt 0.859652 0.901
vt 0.85983 0.881477
vt 0.845189 0.90095
vt 0.845362 0.88166
vt 0.828193 0.891161
vt 0.830076 0.871053
vt 0.88947 0.887719
vt 0.826619 0.873192
vt 0.82608 0.888975
vt 0.812857 0.880553
vt 0.81308 0.860458
vt 0.844987 0.878851
vt 0.826987 0.869224
vt 0.920269 0.847439
vt 0.92032 0.835136
vt 0.860358 0.827866
vt 0.873879 0.837986
vt 0.875252 0.822872
vt 0.841768 0.815909
vt 0.856228 0.814071
vt 0.839665 0.801741
vt 0.824998 0.80254
vt 0.854511 0.799968
vt 0.857242 0.799645
vt 0.852496 0.785866
vt 0.833934 0.785155
vt 0.851595 0.771236
vt 0.83423 0.770954
vt 0.846274 0.754713
vt 0.854418 0.775102
vt 0.824553 0.817538
vt 0.904702 0.878467
vt 0.873689 0.900182
vt 0.842282 0.851356
vt 0.893252 0.833059
vt 0.859641 0.902659
vt 0.889878 0.819234
vt 0.872126 0.808914
vt 0.886421 0.805442
vt 0.903931 0.815841
vt 0.900468 0.802047
vt 0.882974 0.791629
vt 0.897024 0.788216
vt 0.868747 0.795032
vt 0.856372 0.771296
vt 0.882402 0.789495
vt 0.896277 0.785461
vt 0.891938 0.76977
vt 0.877819 0.772953
vt 0.86607 0.783522
vt 0.874588 0.759109
vt 0.856416 0.763112
vt 0.888737 0.755714
vt 0.902852 0.752616
vt 0.872546 0.749787
vt 0.866144 0.746234
vt 0.864997 0.861251
vt 0.859009 0.746265
vt 0.856602 0.81404
vt 0.841852 0.848938
vt 0.872685 0.742696
vt 0.867054 0.726151
vt 0.872555 0.729348
vt 0.872483 0.723291
vt 0.854286 0.715549
vt 0.887662 0.71877
vt 0.887707 0.733781
vt 0.903518 0.726087
vt 0.904112 0.72623
vt 0.855004 0.732572
vt 0.870626 0.706891
vt 0.887957 0.737229
vt 0.904568 0.724268
vt 0.849695 0.718775
vt 0.839031 0.725271
vt 0.849047 0.736195
vt 0.834927 0.745624
vt 0.826392 0.734139
vt 0.834044 0.746238
vt 0.82627 0.734218
vt 0.82564 0.733258
vt 0.811028 0.726969
vt 0.82011 0.718479
vt 0.810528 0.746693
vt 0.827642 0.714142
vt 0.827475 0.852933
vt 0.808158 0.846786
vt 0.818667 0.841297
vt 0.863987 0.784205
vt 0.885116 0.704442
vt 0.868148 0.692548
vt 0.882713 0.690199
vt 0.865036 0.67724
vt 0.880198 0.675609
vt 0.857486 0.676782
vt 0.862037 0.670509
vt 0.846961 0.677255
vt 0.844858 0.863748
vt 0.888359 0.755078
vt 0.902421 0.750864
vt 0.887887 0.902535
vt 0.853737 0.757142
vt 0.859834 0.881301
vt 0.849146 0.697989
vt 0.819589 0.757151
vt 0.907582 0.835887
vt 0.900394 0.736867
vt 0.904472 0.886486
vt 0.902884 0.903418
vt 0.826491 0.834548
vt 0.856291 0.76942
vt 0.92032 0.889896
vt 0.856741 0.785964
vt 0.85642 0.739511
vt 0.846646 0.69832
vt 0.817442 0.696887
vt 0.337546 0.596306
vt 0.338853 0.595316
vt 0.338853 0.5776
vt 0.332612 0.575914
vt 0.325121 0.588628
vt 0.329572 0.608506
vt 0.844507 0.977345
vt 0.843963 0.98264
vt 0.823506 0.9795
vt 0.823591 0.9826
vt 0.825584 0.997218
vt 0.842354 0.997218
vt 0.342301 0.784976
vt 0.321297 0.784976
vt 0.341995 0.784563
vt 0.32238 0.78178
vt 0.334266 0.76624
vt 0.315428 0.762719
vt 0.344507 0.78357
vt 0.450323 0.827931
vt 0.466478 0.84221
vt 0.466478 0.823132
vt 0.0997577 0.689587
vt 0.0995136 0.707075
vt 0.0848329 0.690472
vt 0.0846326 0.707075
vt 0.0698708 0.691672
vt 0.70389 0.981529
vt 0.719171 0.982032
vt 0.700727 0.995092
vt 0.715738 0.999603
vt 0.733647 0.995481
vt 0.719332 0.981411
vt 0.738569 0.97655
vt 0.752423 0.983203
vt 0.747829 0.977702
vt 0.747614 0.999603
vt 0.733337 0.996519
vt 0.718703 0.981566
vt 0.705337 0.976699
vt 0.436591 0.505167
vt 0.417205 0.505167
vt 0.436353 0.490858
vt 0.417272 0.49086
vt 0.157916 0.086248
vt 0.140145 0.086248
vt 0.141415 0.0838633
vt 0.907512 0.536169
vt 0.885703 0.536169
vt 0.898125 0.527424
vt 0.365569 0.192524
vt 0.362442 0.202395
vt 0.355497 0.19888
vt 0.345523 0.18497
vt 0.358386 0.178277
vt 0.360524 0.217438
vt 0.375676 0.211247
vt 0.346216 0.193301
vt 0.33079 0.189399
vt 0.330726 0.187978
vt 0.346021 0.170634
vt 0.367004 0.170417
vt 0.36711 0.165158
vt 0.37176 0.167802
vt 0.384161 0.161996
vt 0.345951 0.203477
vt 0.382859 0.17127
vt 0.397144 0.17794
vt 0.399963 0.177471
vt 0.401322 0.186039
vt 0.379573 0.185199
vt 0.366508 0.185392
vt 0.330679 0.168792
vt 0.391857 0.197574
vt 0.390348 0.201179
vt 0.406436 0.191345
vt 0.384327 0.153422
vt 0.369436 0.149107
vt 0.387963 0.139243
vt 0.402444 0.143773
vt 0.406163 0.129688
vt 0.392589 0.125444
vt 0.406545 0.114333
vt 0.397099 0.111601
vt 0.408495 0.130539
vt 0.413708 0.116908
vt 0.430903 0.122488
vt 0.42303 0.136259
vt 0.434826 0.123401
vt 0.435797 0.13928
vt 0.441286 0.141089
vt 0.377732 0.12092
vt 0.420686 0.150691
vt 0.44616 0.127377
vt 0.463384 0.133601
vt 0.458009 0.147134
vt 0.461384 0.148378
vt 0.454291 0.161332
vt 0.45169 0.16028
vt 0.46777 0.135216
vt 0.480711 0.140286
vt 0.487041 0.127094
vt 0.485721 0.142076
vt 0.472684 0.121502
vt 0.481009 0.156079
vt 0.503589 0.150477
vt 0.49534 0.162846
vt 0.481095 0.174382
vt 0.501776 0.179532
vt 0.499323 0.183651
vt 0.500849 0.165848
vt 0.476404 0.154208
vt 0.436956 0.154707
vt 0.372814 0.134612
vt 0.322044 0.189024
vt 0.391902 0.157106
vt 0.403788 0.144967
vt 0.449616 0.177787
vt 0.441919 0.171145
vt 0.448402 0.186289
vt 0.455541 0.181474
vt 0.428175 0.179835
vt 0.444074 0.192511
vt 0.446284 0.193895
vt 0.441566 0.208212
vt 0.432737 0.203833
vt 0.436192 0.221904
vt 0.423793 0.199197
vt 0.424144 0.209037
vt 0.409113 0.200371
vt 0.40941 0.208811
vt 0.425258 0.219859
vt 0.452299 0.226816
vt 0.425816 0.183488
vt 0.461792 0.202108
vt 0.499962 0.183983
vt 0.495735 0.198369
vt 0.51414 0.18879
vt 0.518955 0.175058
vt 0.535506 0.18056
vt 0.529337 0.194095
vt 0.52905 0.200449
vt 0.544041 0.198707
vt 0.535519 0.162578
vt 0.550458 0.164522
vt 0.550505 0.179013
vt 0.53894 0.181534
vt 0.565859 0.169788
vt 0.567177 0.168637
vt 0.566868 0.170014
vt 0.577658 0.157515
vt 0.587733 0.161862
vt 0.57993 0.176678
vt 0.59332 0.18282
vt 0.560129 0.182933
vt 0.573508 0.189791
vt 0.567751 0.153451
vt 0.513253 0.204366
vt 0.491974 0.19624
vt 0.497727 0.215384
vt 0.478957 0.188882
vt 0.520951 0.160523
vt 0.483467 0.209032
vt 0.470672 0.20587
vt 0.549198 0.180323
vt 0.53772 0.148139
vt 0.496495 0.216317
vt 0.51874 0.159986
vt 0.514827 0.14097
vt 0.514989 0.140769
vt 0.481078 0.174421
vt 0.481056 0.174458
vt 0.525331 0.146839
vt 0.465098 0.201258
vt 0.470656 0.171075
vt 0.452315 0.213885
vt 0.465417 0.222494
vt 0.467272 0.219996
vt 0.46754 0.223987
vt 0.474578 0.221892
vt 0.354886 0.145203
vt 0.362592 0.132039
vt 0.356771 0.137638
vt 0.357237 0.129757
vt 0.338468 0.139517
vt 0.342536 0.125476
vt 0.323756 0.135232
vt 0.320191 0.149627
vt 0.33711 0.154187
vt 0.328059 0.121252
vt 0.313748 0.11704
vt 0.309938 0.128912
vt 0.310259 0.131325
vt 0.308857 0.131089
vt 0.309236 0.132984
vt 0.290658 0.143625
vt 0.303927 0.145571
vt 0.294123 0.156549
vt 0.279378 0.161793
vt 0.285056 0.162406
vt 0.280618 0.165944
vt 0.299962 0.177666
vt 0.286708 0.183567
vt 0.286154 0.183554
vt 0.301556 0.182477
vt 0.305496 0.194705
vt 0.319421 0.189762
vt 0.316635 0.180628
vt 0.313695 0.171872
vt 0.325462 0.162547
vt 0.3286 0.162323
vt 0.310943 0.158762
vt 0.328514 0.15926
vt 0.271476 0.186272
vt 0.266863 0.173152
vt 0.254365 0.183924
vt 0.26363 0.162072
vt 0.253049 0.180614
vt 0.272319 0.189403
vt 0.258338 0.198215
vt 0.242903 0.184421
vt 0.27781 0.205953
vt 0.291709 0.200943
vt 0.2393 0.187044
vt 0.238406 0.183751
vt 0.222679 0.183896
vt 0.22548 0.193279
vt 0.286229 0.183953
vt 0.275702 0.145117
vt 0.269584 0.145011
vt 0.273946 0.13048
vt 0.275037 0.130503
vt 0.272251 0.115932
vt 0.256456 0.130404
vt 0.275913 0.116002
vt 0.290797 0.11665
vt 0.257073 0.115914
vt 0.24209 0.115488
vt 0.241476 0.124986
vt 0.243648 0.13014
vt 0.242313 0.145368
vt 0.24125 0.133552
vt 0.235108 0.144432
vt 0.246546 0.160306
vt 0.226786 0.153394
vt 0.245605 0.162971
vt 0.226445 0.15948
vt 0.232708 0.177024
vt 0.220162 0.159867
vt 0.223759 0.142702
vt 0.239796 0.115552
vt 0.260581 0.154066
vt 0.295608 0.161566
vt 0.350823 0.144274
vt 0.3106 0.11636
vt 0.416693 0.189877
vt 0.418624 0.169973
vt 0.419279 0.17054
vt 0.422279 0.166366
vt 0.240193 0.129946
vt 0.289925 0.129836
vt 0.508049 0.204841
vt 0.210527 0.141523
vt 0.219365 0.127076
vt 0.205881 0.140811
vt 0.203665 0.125142
vt 0.189231 0.139723
vt 0.191825 0.124779
vt 0.219978 0.112621
vt 0.205603 0.11088
vt 0.190385 0.108943
vt 0.189557 0.110601
vt 0.193854 0.0941746
vt 0.179154 0.0918124
vt 0.178203 0.0944546
vt 0.190221 0.108926
vt 0.172518 0.109295
vt 0.188302 0.129666
vt 0.182615 0.139352
vt 0.193777 0.155242
vt 0.174375 0.14727
vt 0.185288 0.160131
vt 0.179026 0.159244
vt 0.180483 0.164096
vt 0.161512 0.156988
vt 0.171329 0.137648
vt 0.195686 0.160095
vt 0.199897 0.172535
vt 0.167227 0.172572
vt 0.16003 0.156777
vt 0.147587 0.166391
vt 0.144363 0.155014
vt 0.129267 0.156159
vt 0.13404 0.172593
vt 0.117878 0.157945
vt 0.114945 0.160394
vt 0.114032 0.157476
vt 0.0967344 0.155694
vt 0.109903 0.140011
vt 0.104863 0.140117
vt 0.124815 0.138705
vt 0.123139 0.124325
vt 0.108377 0.125674
vt 0.138289 0.12309
vt 0.124893 0.106419
vt 0.139339 0.112104
vt 0.152526 0.120354
vt 0.154258 0.120258
vt 0.139336 0.106385
vt 0.141815 0.137504
vt 0.101566 0.171233
vt 0.0957489 0.14904
vt 0.0924208 0.138075
vt 0.0802324 0.154751
vt 0.0768729 0.138371
vt 0.0628542 0.153295
vt 0.0741682 0.138337
vt 0.062845 0.153232
vt 0.0585339 0.136249
vt 0.0686667 0.171985
vt 0.0824005 0.161213
vt 0.0702204 0.172323
vt 0.0691554 0.173458
vt 0.0765048 0.188857
vt 0.0871063 0.177882
vt 0.0558154 0.186824
vt 0.0647832 0.198181
vt 0.0529222 0.189147
vt 0.035578 0.182782
vt 0.0373026 0.186772
vt 0.0433225 0.20072
vt 0.0531247 0.211995
vt 0.0460527 0.169738
vt 0.0300005 0.168341
vt 0.0185174 0.185305
vt 0.0155991 0.170861
vt 0.0129034 0.156651
vt 0.0285193 0.160991
vt 0.0319213 0.186491
vt 0.040011 0.204915
vt 0.0526963 0.212497
vt 0.0429982 0.225581
vt 0.033165 0.222979
vt 0.0369843 0.23229
vt 0.0178291 0.224821
vt 0.0243091 0.241964
vt 0.0451885 0.245231
vt 0.0566405 0.232928
vt 0.0296928 0.216794
vt 0.0493996 0.16901
vt 0.0627995 0.153292
vt 0.0758531 0.124054
vt 0.0454817 0.136929
vt 0.0434572 0.139485
vt 0.0423768 0.136425
vt 0.0871046 0.156218
vt 0.0896279 0.176331
vt 0.091999 0.123691
vt 0.107288 0.125299
vt 0.0486083 0.122658
vt 0.120808 0.177382
vt 0.0255722 0.149424
vt 0.0249012 0.134457
vt 0.0366768 0.151323
vt 0.0440246 0.151967
vt 0.12824 0.152215
vt 0.530045 0.216148
vt 0.16113 0.156122
vt 0.587154 0.196575
vt 0.609512 0.192974
vt 0.599701 0.204391
vt 0.603274 0.206403
vt 0.583134 0.21241
vt 0.596229 0.219382
vt 0.589014 0.232502
vt 0.57903 0.219491
vt 0.579574 0.227377
vt 0.573852 0.225287
vt 0.563541 0.238239
vt 0.558433 0.218055
vt 0.552516 0.227064
vt 0.544512 0.212051
vt 0.553574 0.232649
vt 0.580081 0.244459
vt 0.577441 0.209082
vt 0.584776 0.210637
vt 0.581478 0.245231
vt 0.610591 0.193599
vt 0.62399 0.201216
vt 0.617893 0.180784
vt 0.604886 0.173579
vt 0.542732 0.218367
vt 0.529912 0.22473
vt 0.515381 0.224797
vt 0.513239 0.172979
vt 0.0232792 0.196052
vt 0.375843 0.205898
vt 0.153803 0.105899
vt 0.394845 0.198681
vt 0.257744 0.144136
vt 0.0981064 0.112849
vt 0.247615 0.163011
vt 0.0771236 0.124086
vt 0.222474 0.12751
vt 0.4317 0.156181
vt 0.32083 0.183956
vt 0.1467 0.137039
vt 0.331447 0.207591
vt 0.224274 0.114226
vt 0.336726 0.156365
vt 0.0421308 0.121949
vt 0.0259058 0.120362
vt 0.0292503 0.106105
vt 0.042447 0.106444
vt 0.429557 0.164072
vt 0.350554 0.158047
vt 0.212914 0.167421
vt 0.209932 0.158357
vt 0.0250406 0.202361
vt 0.15644 0.136581
vt 0.0186843 0.155231
vt 0.0165453 0.221768
vt 0.307665 0.145399
vt 0.142263 0.142272
vt 0.0111995 0.206925
vt 0.207083 0.145153
vt 0.059326 0.122496
vt 0.0653306 0.106428
vt 0.0648179 0.105571
vt 0.00686591 0.193972
vt 0.41041 0.224001
vt 0.425905 0.23557
vt 0.568613 0.204626
vt 0.55845 0.185578
vt 0.557657 0.199981
vt 0.548146 0.195348
vt 0.548328 0.20589
vt 0.0452279 0.11548
vt 0.0470726 0.106945
vt 0.464318 0.183612
vt 0.399879 0.158263
vt 0.171407 0.121034
vt 0.189425 0.122509
vt 0.392309 0.214707
vt 0.498515 0.216972
vt 0.510544 0.222918
vt 0.519108 0.212337
vt 0.479951 0.176095
vt 0.544674 0.186505
vt 0.370829 0.187519
vt 0.379345 0.1833
vt 0.0483392 0.167205
vt 0.796996 0.734704
vt 0.798974 0.755366
vt 0.802504 0.734102
vt 0.78982 0.743858
vt 0.783118 0.758044
vt 0.802504 0.758744
vt 0.39378 0.70628
vt 0.375924 0.694459
vt 0.375202 0.698407
vt 0.39378 0.689587
vt 0.656452 0.75
vt 0.665845 0.729202
vt 0.673786 0.741378
vt 0.675044 0.740752
vt 0.651444 0.736334
vt 0.637722 0.741127
vt 0.66896 0.727742
vt 0.689817 0.733816
vt 0.640083 0.748433
vt 0.679009 0.75
vt 0.693457 0.747614
vt 0.924096 0.664582
vt 0.930533 0.661765
vt 0.927952 0.66824
vt 0.950323 0.668949
vt 0.941006 0.680048
vt 0.919198 0.680048
vt 0.912359 0.673563
vt 0.955977 0.495628
vt 0.969015 0.483184
vt 0.978756 0.494297
vt 0.98986 0.484484
vt 0.999596 0.495628
vt 0.988955 0.483438
vt 0.991364 0.483163
vt 0.979771 0.470067
vt 0.971446 0.481531
vt 0.95964 0.46897
vt 0.970234 0.459062
vt 0.71642 0.43307
vt 0.711228 0.433285
vt 0.713596 0.427706
vt 0.728673 0.416137
vt 0.714398 0.446898
vt 0.714564 0.44793
vt 0.73232 0.447745
vt 0.732413 0.433225
vt 0.747577 0.433355
vt 0.747153 0.44793
vt 0.714399 0.447933
vt 0.269571 0.43124
vt 0.283926 0.443164
vt 0.261357 0.438556
vt 0.260501 0.443164
vt 0.230614 0.808029
vt 0.223167 0.828358
vt 0.230614 0.828696
vt 0.216074 0.812932
vt 0.0418532 0.00198728
vt 0.0585622 0.013911
vt 0.0372836 0.0125821
vt 0.0305291 0.00338354
vt 0.0254443 0.013911
vt 0.986732 0.807691
vt 0.996289 0.79213
vt 0.976979 0.794016
vt 0.996365 0.815978
vt 0.996365 0.792131
vt 0.968094 0.676276
vt 0.985057 0.687202
vt 0.985057 0.666534
vt 0.968173 0.677296
vt 0.358239 0.777822
vt 0.366849 0.765898
vt 0.380048 0.777822
vt 0.252423 0.214229
vt 0.230763 0.214229
vt 0.235089 0.2031
vt 0.223344 0.206599
vt 0.99475 0.319952
vt 0.976979 0.319952
vt 0.977455 0.304987
vt 0.993516 0.304849
vt 0.773425 0.745326
vt 0.769809 0.757949
vt 0.759629 0.738871
vt 0.754479 0.756745
vt 0.740307 0.743047
vt 0.754073 0.757949
vt 0.817708 0.668665
vt 0.816297 0.668111
vt 0.814463 0.683114
vt 0.82916 0.685612
vt 0.817673 0.652473
vt 0.827006 0.656204
vt 0.819533 0.670459
vt 0.799291 0.661332
vt 0.79685 0.663401
vt 0.810824 0.648681
vt 0.827487 0.648895
vt 0.82916 0.637917
vt 0.98021 0.00516693
vt 0.959208 0.00516693
vt 0.96156 0.00198728
vt 0.97854 0.00282082
vt 0.594911 0.00437202
vt 0.593296 0.00566836
vt 0.594911 0.0242448
vt 0.186995 0.339825
vt 0.188943 0.338235
vt 0.203958 0.339825
vt 0.181188 0.354134
vt 0.175849 0.352633
vt 0.181341 0.351435
vt 0.164356 0.343005
vt 0.157769 0.346723
vt 0.153877 0.354134
vt 0.532714 0.992448
vt 0.54049 0.975933
vt 0.548278 0.992448
vt 0.560985 0.975755
vt 0.540481 0.975891
vt 0.232423 0.238669
vt 0.218498 0.243645
vt 0.221673 0.249439
vt 0.228626 0.231609
vt 0.234654 0.237119
vt 0.245153 0.226948
vt 0.245153 0.247171
vt 0.239834 0.25159
vt 0.0916801 0.908983
vt 0.109826 0.893879
vt 0.1118 0.908954
vt 0.112682 0.908983
vt 0.175991 0.502899
vt 0.17972 0.513869
vt 0.166724 0.501504
vt 0.173866 0.494916
vt 0.157849 0.500008
vt 0.189127 0.505687
vt 0.171227 0.484454
vt 0.16006 0.507398
vt 0.155079 0.48362
vt 0.168516 0.474533
vt 0.154859 0.483016
vt 0.152876 0.483891
vt 0.149467 0.465415
vt 0.152218 0.46281
vt 0.148437 0.461784
vt 0.132839 0.461989
vt 0.143507 0.450239
vt 0.165947 0.464558
vt 0.16352 0.454404
vt 0.135899 0.472948
vt 0.175937 0.467368
vt 0.166744 0.521269
vt 0.169917 0.528299
vt 0.162603 0.524857
vt 0.149225 0.521659
vt 0.152353 0.533651
vt 0.133942 0.522178
vt 0.13848 0.538309
vt 0.132833 0.52168
vt 0.118694 0.532454
vt 0.120937 0.51223
vt 0.172836 0.537283
vt 0.110666 0.520297
vt 0.107399 0.505909
vt 0.106153 0.503376
vt 0.14735 0.512299
vt 0.186184 0.528073
vt 0.104974 0.50407
vt 0.13828 0.481626
vt 0.170366 0.447759
vt 0.160504 0.444597
vt 0.1771 0.44368
vt 0.181547 0.451031
vt 0.183707 0.459074
vt 0.170423 0.425844
vt 0.189581 0.42905
vt 0.156217 0.429337
vt 0.169235 0.421388
vt 0.190264 0.424978
vt 0.155936 0.429388
vt 0.156136 0.429029
vt 0.150019 0.411121
vt 0.16467 0.408337
vt 0.16101 0.393854
vt 0.153827 0.395366
vt 0.160743 0.393058
vt 0.147643 0.40113
vt 0.179227 0.405468
vt 0.175091 0.38996
vt 0.189509 0.387028
vt 0.195505 0.403876
vt 0.190449 0.407119
vt 0.196698 0.406408
vt 0.20311 0.421517
vt 0.215865 0.41361
vt 0.211809 0.403832
vt 0.223422 0.404895
vt 0.236027 0.419681
vt 0.229519 0.404082
vt 0.228427 0.401556
vt 0.209967 0.388248
vt 0.221867 0.385276
vt 0.215365 0.371943
vt 0.206453 0.388558
vt 0.202199 0.374369
vt 0.21739 0.370136
vt 0.210148 0.35523
vt 0.224006 0.35471
vt 0.195883 0.359699
vt 0.182105 0.364739
vt 0.240128 0.387196
vt 0.241131 0.384849
vt 0.241334 0.387279
vt 0.247805 0.405682
vt 0.260773 0.394583
vt 0.258414 0.387969
vt 0.255056 0.372017
vt 0.273959 0.3742
vt 0.274476 0.373303
vt 0.274602 0.374231
vt 0.276692 0.389468
vt 0.291941 0.375205
vt 0.289032 0.35948
vt 0.307344 0.361403
vt 0.307931 0.360296
vt 0.298864 0.376114
vt 0.311452 0.377416
vt 0.314758 0.385592
vt 0.320286 0.378826
vt 0.32498 0.396262
vt 0.333296 0.386154
vt 0.337482 0.381165
vt 0.303725 0.397974
vt 0.304972 0.399213
vt 0.303338 0.3984
vt 0.289124 0.392205
vt 0.291934 0.412096
vt 0.281481 0.401733
vt 0.319087 0.403313
vt 0.30303 0.344395
vt 0.317253 0.346387
vt 0.312872 0.41125
vt 0.328745 0.366352
vt 0.294629 0.382214
vt 0.308486 0.361665
vt 0.322944 0.34694
vt 0.285059 0.35907
vt 0.268837 0.356586
vt 0.269622 0.411303
vt 0.26554 0.389039
vt 0.236024 0.370241
vt 0.250124 0.371865
vt 0.247584 0.406379
vt 0.223225 0.427284
vt 0.208177 0.391066
vt 0.187967 0.380867
vt 0.194905 0.371
vt 0.183008 0.37038
vt 0.146873 0.411213
vt 0.167937 0.373602
vt 0.145556 0.394823
vt 0.175106 0.389478
vt 0.21877 0.370988
vt 0.140931 0.492343
vt 0.127217 0.458897
vt 0.186347 0.529177
vt 0.181506 0.486794
vt 0.187175 0.5281
vt 0.0904363 0.514907
vt 0.1935 0.504217
vt 0.188133 0.485361
vt 0.20733 0.491796
vt 0.206463 0.488701
vt 0.204641 0.472676
vt 0.218285 0.475684
vt 0.209611 0.489428
vt 0.224036 0.491658
vt 0.226176 0.501034
vt 0.233058 0.494145
vt 0.238719 0.513638
vt 0.24601 0.506419
vt 0.248493 0.516454
vt 0.251231 0.52546
vt 0.257996 0.51929
vt 0.27065 0.532448
vt 0.257523 0.539046
vt 0.237942 0.532792
vt 0.244314 0.546159
vt 0.267498 0.521058
vt 0.284278 0.524003
vt 0.289917 0.539843
vt 0.303342 0.532875
vt 0.285653 0.522722
vt 0.301097 0.524774
vt 0.297083 0.508606
vt 0.300416 0.509445
vt 0.317396 0.512851
vt 0.309398 0.526891
vt 0.265165 0.514911
vt 0.27748 0.504491
vt 0.262211 0.499781
vt 0.283217 0.493288
vt 0.281385 0.505789
vt 0.231835 0.536619
vt 0.299394 0.504667
vt 0.307074 0.494481
vt 0.319594 0.509046
vt 0.319583 0.513216
vt 0.324083 0.531204
vt 0.296749 0.492253
vt 0.318069 0.497302
vt 0.326006 0.499037
vt 0.33706 0.517696
vt 0.21957 0.53073
vt 0.222953 0.542894
vt 0.214484 0.528835
vt 0.20377 0.535543
vt 0.201495 0.525203
vt 0.230822 0.555012
vt 0.282896 0.490746
vt 0.264793 0.485437
vt 0.218025 0.52726
vt 0.262522 0.484857
vt 0.283787 0.522517
vt 0.252651 0.49906
vt 0.228864 0.511105
vt 0.223965 0.476668
vt 0.239985 0.480347
vt 0.220204 0.507891
vt 0.192585 0.471356
vt 0.194415 0.505987
vt 0.190003 0.452459
vt 0.256451 0.421766
vt 0.188028 0.475877
vt 0.282946 0.491046
vt 0.153691 0.441957
vt 0.210379 0.434422
vt 0.20919 0.505269
vt 0.327334 0.36355
vt 0.341909 0.506185
vt 0.341522 0.503502
vt 0.343414 0.503911
vt 0.356449 0.522221
vt 0.361784 0.513321
vt 0.362671 0.523484
vt 0.367102 0.537147
vt 0.346746 0.532311
vt 0.377322 0.526619
vt 0.359952 0.506423
vt 0.345679 0.489502
vt 0.341384 0.518654
vt 0.361962 0.491972
vt 0.369296 0.493111
vt 0.338515 0.348911
vt 0.323097 0.532512
vt 0.366607 0.507809
vt 0.387378 0.542653
vt 0.382366 0.527282
vt 0.399773 0.530592
vt 0.407681 0.548014
vt 0.401729 0.530784
vt 0.401372 0.52826
vt 0.386312 0.512764
vt 0.397363 0.513064
vt 0.387981 0.498169
vt 0.411277 0.515689
vt 0.416227 0.515822
vt 0.417932 0.531432
vt 0.435299 0.518519
vt 0.428212 0.532956
vt 0.436703 0.533689
vt 0.436007 0.518559
vt 0.440805 0.547672
vt 0.454028 0.536448
vt 0.454852 0.535374
vt 0.454837 0.536473
vt 0.465261 0.522078
vt 0.470148 0.522296
vt 0.458521 0.556041
vt 0.472972 0.553361
vt 0.469494 0.534729
vt 0.451923 0.519383
vt 0.421012 0.540522
vt 0.133486 0.521312
vt 0.192529 0.546005
vt 0.127446 0.50744
vt 0.137085 0.499687
vt 0.124368 0.494143
vt 0.122757 0.49094
vt 0.122326 0.49118
vt 0.121858 0.471514
vt 0.107511 0.472097
vt 0.107508 0.471678
vt 0.0984598 0.471754
vt 0.107505 0.471451
vt 0.103047 0.457463
vt 0.107525 0.457201
vt 0.0931796 0.446368
vt 0.113224 0.443013
vt 0.0827845 0.456142
vt 0.0926071 0.46718
vt 0.101241 0.434462
vt 0.116591 0.436434
vt 0.121634 0.453176
vt 0.103024 0.431331
vt 0.109937 0.418183
vt 0.122181 0.42574
vt 0.0970406 0.411975
vt 0.117429 0.405567
vt 0.129844 0.412647
vt 0.131098 0.410512
vt 0.142251 0.419742
vt 0.133989 0.437415
vt 0.153694 0.435564
vt 0.118787 0.403253
vt 0.126781 0.389765
vt 0.139385 0.39654
vt 0.113553 0.383876
vt 0.107052 0.394911
vt 0.102385 0.373728
vt 0.0900198 0.425321
vt 0.084999 0.403803
vt 0.076557 0.420092
vt 0.081607 0.400844
vt 0.0940981 0.392758
vt 0.0742101 0.419547
vt 0.0673467 0.401863
vt 0.0735537 0.389212
vt 0.0706891 0.384555
vt 0.0623987 0.40281
vt 0.0889385 0.382388
vt 0.064735 0.407263
vt 0.10465 0.398685
vt 0.076034 0.421143
vt 0.135098 0.478935
vt 0.088937 0.427264
vt 0.0796824 0.444727
vt 0.0585622 0.419791
vt 0.381968 0.518183
vt 0.0673614 0.437955
vt 0.182258 0.414415
vt 0.0670176 0.43861
vt 0.129341 0.435818
vt 0.133023 0.440073
vt 0.129773 0.455964
vt 0.231538 0.519638
vt 0.199321 0.521321
vt 0.338393 0.539822
vt 0.326414 0.534923
vt 0.331906 0.54636
vt 0.343797 0.556041
vt 0.0801096 0.444712
vt 0.212049 0.515017
vt 0.312125 0.544478
vt 0.144643 0.503712
vt 0.12637 0.453658
vt 0.380078 0.511248
vt 0.381108 0.496885
vt 0.155314 0.374982
vt 0.248993 0.407065
vt 0.266522 0.411346
vt 0.244039 0.496909
vt 0.244183 0.480632
vt 0.0860691 0.498371
vt 0.0852038 0.496091
vt 0.0743436 0.384992
vt 0.132079 0.444175
vt 0.330319 0.363975
vt 0.347518 0.368291
vt 0.350634 0.363512
vt 0.345434 0.350358
vt 0.355366 0.370521
vt 0.365813 0.371762
vt 0.358447 0.3517
vt 0.372611 0.365832
vt 0.365458 0.351232
vt 0.383264 0.351482
vt 0.384522 0.348039
vt 0.385273 0.351493
vt 0.392196 0.335226
vt 0.399465 0.335279
vt 0.402618 0.350834
vt 0.415008 0.333436
vt 0.405606 0.35803
vt 0.410954 0.351734
vt 0.426791 0.361931
vt 0.414276 0.371834
vt 0.42275 0.35282
vt 0.433258 0.354289
vt 0.418652 0.343129
vt 0.425318 0.334699
vt 0.440018 0.350397
vt 0.432802 0.332922
vt 0.452839 0.338883
vt 0.461127 0.353969
vt 0.450085 0.332267
vt 0.458609 0.332735
vt 0.464727 0.317623
vt 0.448113 0.316773
vt 0.467122 0.332543
vt 0.432145 0.317734
vt 0.472711 0.348185
vt 0.379385 0.334599
vt 0.393381 0.368118
vt 0.485833 0.343909
vt 0.48015 0.328012
vt 0.498788 0.339168
vt 0.493314 0.323846
vt 0.360338 0.379512
vt 0.18791 0.471721
vt 0.0994442 0.377429
vt 0.0941567 0.392733
vt 0.124537 0.455951
vt 0.611874 0.629173
vt 0.590872 0.629173
vt 0.592957 0.624404
vt 0.766462 0.827797
vt 0.776101 0.817474
vt 0.761821 0.815183
vt 0.788772 0.825321
vt 0.753276 0.834262
vt 0.747698 0.818931
vt 0.773903 0.840922
vt 0.75075 0.83712
vt 0.753646 0.8369
vt 0.758078 0.856159
vt 0.738691 0.851134
vt 0.738745 0.848355
vt 0.758585 0.855472
vt 0.767884 0.862969
vt 0.746196 0.871958
vt 0.769172 0.865993
vt 0.758946 0.879422
vt 0.779557 0.88073
vt 0.778482 0.882467
vt 0.759787 0.88286
vt 0.757623 0.883053
vt 0.747836 0.896845
vt 0.740206 0.882296
vt 0.771141 0.86368
vt 0.769059 0.898649
vt 0.788772 0.866564
vt 0.780002 0.855053
vt 0.528185 0.327233
vt 0.527824 0.32792
vt 0.527547 0.327203
vt 0.51147 0.341933
vt 0.509289 0.327107
vt 0.52248 0.34221
vt 0.529483 0.341933
vt 0.43195 0.641912
vt 0.443053 0.628736
vt 0.423667 0.625994
vt 0.440486 0.651598
vt 0.443053 0.652226
vt 0.109247 0.547297
vt 0.0981422 0.547297
vt 0.105211 0.539348
vt 0.125606 0.54506
vt 0.6055 0.231646
vt 0.606678 0.232
vt 0.594911 0.248192
vt 0.615488 0.24841
vt 0.625396 0.232865
vt 0.629065 0.233958
vt 0.636107 0.248192
vt 0.626643 0.227855
vt 0.617961 0.215024
vt 0.609861 0.217967
vt 0.184572 0.0155008
vt 0.200693 0.00755167
vt 0.206381 0.0155008
vt 0.186121 0.0116654
vt 0.79685 0.802578
vt 0.800169 0.805269
vt 0.799041 0.800688
vt 0.810582 0.812003
vt 0.810582 0.791335
vt 0.905897 0.154532
vt 0.908472 0.155405
vt 0.918341 0.138231
vt 0.928129 0.155381
vt 0.938962 0.150098
vt 0.94063 0.147252
vt 0.918468 0.138123
vt 0.936908 0.135332
vt 0.927244 0.121868
vt 0.906417 0.121942
vt 0.934729 0.114551
vt 0.94063 0.11407
vt 0.906608 0.121572
vt 0.918278 0.138162
vt 0.647415 0.175441
vt 0.630699 0.162854
vt 0.628837 0.169692
vt 0.63549 0.178549
vt 0.644288 0.187258
vt 0.647415 0.160175
vt 0.639737 0.197536
vt 0.402666 0.637122
vt 0.400242 0.637122
vt 0.402358 0.635533
vt 0.955977 0.370032
vt 0.955977 0.350954
vt 0.953019 0.36819
vt 0.938207 0.363912
vt 0.938531 0.3536
vt 0.976694 0.991653
vt 0.98654 0.980525
vt 0.997981 0.991653
vt 0.96567 0.98152
vt 0.984249 0.0159247
vt 0.999584 0.0160591
vt 0.999596 0.00119237
vt 0.999596 0.0162957
vt 0.10622 0.733799
vt 0.0912063 0.718998
vt 0.102332 0.734897
vt 0.10622 0.719025
vt 0.0908724 0.721503
vt 0.444974 0.872907
vt 0.445149 0.853077
vt 0.430129 0.869461
vt 0.446284 0.852544
vt 0.444979 0.872988
vt 0.430486 0.874116
vt 0.431563 0.88911
vt 0.446284 0.887474
vt 0.445012 0.872982
vt 0.177347 0.70821
vt 0.156116 0.706639
vt 0.167181 0.697024
vt 0.187994 0.697487
vt 0.177822 0.686969
vt 0.198636 0.687433
vt 0.188436 0.675278
vt 0.167328 0.676519
vt 0.209467 0.677245
vt 0.167877 0.722184
vt 0.145096 0.716509
vt 0.154973 0.705284
vt 0.158525 0.686347
vt 0.190074 0.715688
vt 0.141591 0.694095
vt 0.167191 0.723804
vt 0.155193 0.730232
vt 0.13693 0.732785
vt 0.157352 0.733193
vt 0.219585 0.687816
vt 0.198307 0.70621
vt 0.179983 0.730566
vt 0.198733 0.729848
vt 0.201344 0.730324
vt 0.179616 0.732246
vt 0.230287 0.677817
vt 0.240566 0.688697
vt 0.229247 0.698886
vt 0.206282 0.695686
vt 0.211078 0.69601
vt 0.239082 0.709719
vt 0.252311 0.694534
vt 0.200572 0.731358
vt 0.218503 0.708643
vt 0.250358 0.681606
vt 0.255896 0.697569
vt 0.254876 0.676901
vt 0.265812 0.686644
vt 0.277023 0.696257
vt 0.266827 0.707318
vt 0.279449 0.716831
vt 0.268716 0.727843
vt 0.290241 0.703444
vt 0.289479 0.710785
vt 0.29363 0.705907
vt 0.279138 0.73816
vt 0.257837 0.738265
vt 0.264755 0.723211
vt 0.29107 0.722862
vt 0.253761 0.733072
vt 0.244594 0.721034
vt 0.289201 0.688624
vt 0.236504 0.738938
vt 0.249545 0.751882
vt 0.268946 0.749225
vt 0.226201 0.749335
vt 0.238506 0.761612
vt 0.215621 0.759456
vt 0.205374 0.749003
vt 0.194801 0.759127
vt 0.184462 0.748568
vt 0.2051 0.76995
vt 0.184083 0.7691
vt 0.19695 0.785173
vt 0.212705 0.788087
vt 0.216933 0.780102
vt 0.173945 0.758615
vt 0.196029 0.786567
vt 0.208258 0.794675
vt 0.195556 0.786017
vt 0.172596 0.77842
vt 0.182877 0.793491
vt 0.164432 0.79395
vt 0.151671 0.784156
vt 0.156165 0.791902
vt 0.144647 0.793143
vt 0.140747 0.796451
vt 0.141158 0.773037
vt 0.131284 0.786319
vt 0.162609 0.796785
vt 0.130562 0.786678
vt 0.252806 0.755132
vt 0.21581 0.738998
vt 0.12914 0.786653
vt 0.120474 0.769759
vt 0.225718 0.769598
vt 0.257238 0.713337
vt 0.136472 0.734165
vt 0.172186 0.726828
vt 0.208483 0.699701
vt 0.254897 0.698556
vt 0.23809 0.735922
vt 0.147745 0.744657
vt 0.169008 0.74227
vt 0.126108 0.750992
vt 0.12538 0.750764
vt 0.125703 0.751945
vt 0.141627 0.757907
vt 0.11385 0.742792
vt 0.132863 0.769954
vt 0.261552 0.762028
vt 0.27064 0.750577
vt 0.270892 0.750113
vt 0.252203 0.773319
vt 0.264154 0.710333
vt 0.16233 0.769305
vt 0.161912 0.751032
vt 0.120265 0.764316
vt 0.111874 0.74518
vt 0.232665 0.71422
vt 0.193687 0.739764
vt 0.212574 0.700983
vt 0.185092 0.795839
vt 0.151627 0.808029
vt 0.293511 0.726215
vt 0.296507 0.744532
vt 0.249198 0.772639
vt 0.132618 0.770435
vt 0.224643 0.725672
vt 0.152949 0.761443
vt 0.173898 0.80765
vt 0.29467 0.725899
vt 0.304265 0.715379
vt 0.314924 0.724842
vt 0.305316 0.735366
vt 0.325537 0.734354
vt 0.335159 0.723875
vt 0.324531 0.714298
vt 0.345795 0.733399
vt 0.336082 0.743939
vt 0.356314 0.743075
vt 0.366728 0.732537
vt 0.367164 0.752614
vt 0.378698 0.738784
vt 0.379695 0.743377
vt 0.381629 0.741471
vt 0.380398 0.759397
vt 0.377078 0.725411
vt 0.3812 0.721387
vt 0.392469 0.730938
vt 0.402998 0.737484
vt 0.398176 0.751723
vt 0.403474 0.724853
vt 0.419628 0.725471
vt 0.346719 0.753576
vt 0.387907 0.761904
vt 0.132906 0.770552
vt 0.197202 0.808029
vt 0.217442 0.736417
vt 0.232711 0.736036
vt 0.211482 0.716171
vt 0.205807 0.701047
vt 0.790741 0.320754
vt 0.790388 0.306439
vt 0.805413 0.320364
vt 0.79113 0.335056
vt 0.805943 0.335056
vt 0.820275 0.32043
vt 0.819833 0.317307
vt 0.805406 0.32014
vt 0.676494 0.177584
vt 0.676494 0.166617
vt 0.672075 0.16256
vt 0.661214 0.162565
vt 0.661147 0.177663
vt 0.507678 0.989361
vt 0.48748 0.994833
vt 0.494381 0.981783
vt 0.506893 0.967806
vt 0.516747 0.978964
vt 0.519851 0.992311
vt 0.525444 0.994833
vt 0.518597 0.975433
vt 0.414065 0.401056
vt 0.414044 0.421701
vt 0.407512 0.407175
vt 0.424496 0.411327
vt 0.424469 0.3907
vt 0.434976 0.401046
vt 0.4348 0.421701
vt 0.704757 0.744455
vt 0.717932 0.742817
vt 0.703958 0.759539
vt 0.709583 0.731717
vt 0.723178 0.743396
vt 0.721527 0.757913
vt 0.736268 0.759539
vt 0.0117653 0.850159
vt 0.0222132 0.861288
vt 0.00121163 0.860387
vt 0.00133342 0.861288
vt 0.707997 0.512095
vt 0.692798 0.497583
vt 0.691034 0.515501
vt 0.707997 0.496423
vt 0.917205 0.00914149
vt 0.917205 0.00675676
vt 0.91559 0.00883199
vt 0.969348 0.211045
vt 0.953005 0.216208
vt 0.955966 0.218868
vt 0.941411 0.225484
vt 0.946317 0.229559
vt 0.959403 0.240124
vt 0.949649 0.250737
vt 0.937437 0.240875
vt 0.934744 0.256331
vt 0.947878 0.270891
vt 0.967783 0.229249
vt 0.960108 0.261144
vt 0.962616 0.205441
vt 0.94765 0.194081
vt 0.939823 0.2056
vt 0.956084 0.182433
vt 0.977939 0.209876
vt 0.929321 0.227376
vt 0.933463 0.259475
vt 0.930548 0.277364
vt 0.949605 0.272498
vt 0.946908 0.289634
vt 0.963376 0.28352
vt 0.971643 0.194261
vt 0.960838 0.176269
vt 0.965826 0.17169
vt 0.980303 0.182787
vt 0.988613 0.170997
vt 0.976335 0.161181
vt 0.991111 0.155737
vt 0.971927 0.156398
vt 0.992326 0.190841
vt 0.942674 0.190561
vt 0.974011 0.144277
vt 0.962182 0.148537
vt 0.964088 0.170357
vt 0.983413 0.203036
vt 0.965941 0.169244
vt 0.955668 0.182115
vt 0.941207 0.170613
vt 0.949771 0.159258
vt 0.933923 0.183364
vt 0.932909 0.216954
vt 0.974622 0.216767
vt 0.970541 0.249468
vt 0.979449 0.237154
vt 0.986757 0.224307
vt 0.992326 0.244545
vt 0.989243 0.250164
vt 0.991218 0.215635
vt 0.972215 0.250776
vt 0.983424 0.263266
vt 0.972931 0.275163
vt 0.984991 0.284964
vt 0.975018 0.2969
vt 0.0537157 0.611685
vt 0.0537157 0.596582
vt 0.0351433 0.599605
vt 0.0343296 0.601696
vt 0.594075 0.953879
vt 0.594091 0.953879
vt 0.594911 0.968601
vt 0.592486 0.96859
vt 0.574387 0.968316
vt 0.574195 0.953634
vt 0.55937 0.968601
vt 0.592304 0.939189
vt 0.701232 0.24097
vt 0.689986 0.233323
vt 0.686336 0.253343
vt 0.702501 0.228113
vt 0.717027 0.229171
vt 0.715683 0.242837
vt 0.701488 0.246938
vt 0.699898 0.263092
vt 0.702829 0.218422
vt 0.683109 0.273383
vt 0.699944 0.26624
vt 0.698519 0.285196
vt 0.71493 0.280657
vt 0.68066 0.293494
vt 0.675214 0.286842
vt 0.675187 0.279405
vt 0.670198 0.282236
vt 0.682825 0.250235
vt 0.684404 0.235445
vt 0.671111 0.241571
vt 0.666265 0.238559
vt 0.685454 0.231223
vt 0.658387 0.250604
vt 0.661757 0.25289
vt 0.652799 0.230206
vt 0.662228 0.218992
vt 0.645954 0.225334
vt 0.6458 0.242829
vt 0.657237 0.21505
vt 0.674164 0.216765
vt 0.679336 0.268847
vt 0.677264 0.210279
vt 0.689828 0.218407
vt 0.714547 0.265308
vt 0.715805 0.246887
vt 0.676005 0.296887
vt 0.698831 0.2853
vt 0.713932 0.293703
vt 0.714274 0.298412
vt 0.689964 0.218062
vt 0.697115 0.200645
vt 0.683376 0.195807
vt 0.685027 0.191836
vt 0.704025 0.202082
vt 0.698111 0.198298
vt 0.698498 0.28534
vt 0.704956 0.182016
vt 0.690624 0.178256
vt 0.69368 0.170466
vt 0.706275 0.178598
vt 0.712091 0.164634
vt 0.697394 0.161417
vt 0.702915 0.146063
vt 0.687014 0.143883
vt 0.688184 0.129461
vt 0.697591 0.128337
vt 0.703169 0.145721
vt 0.681211 0.115778
vt 0.695798 0.1141
vt 0.693858 0.0997878
vt 0.708582 0.098192
vt 0.706785 0.083935
vt 0.724526 0.097117
vt 0.723701 0.111667
vt 0.7392 0.111561
vt 0.737343 0.126851
vt 0.740985 0.111352
vt 0.738585 0.0971947
vt 0.753319 0.0949716
vt 0.759449 0.111892
vt 0.750873 0.128106
vt 0.763818 0.13467
vt 0.772548 0.118181
vt 0.724934 0.0826536
vt 0.75057 0.0807016
vt 0.737954 0.0938266
vt 0.766093 0.078751
vt 0.761962 0.0638216
vt 0.780546 0.0632964
vt 0.747663 0.0666324
vt 0.747225 0.0645493
vt 0.77683 0.0788774
vt 0.771353 0.088344
vt 0.790861 0.0840265
vt 0.782938 0.0976571
vt 0.780881 0.101227
vt 0.768551 0.0948897
vt 0.782727 0.0657284
vt 0.744818 0.0816699
vt 0.720427 0.123363
vt 0.725559 0.128805
vt 0.734124 0.137213
vt 0.721475 0.0677878
vt 0.72587 0.0751333
vt 0.734182 0.0637764
vt 0.714096 0.0536566
vt 0.704976 0.0708582
vt 0.760846 0.0571501
vt 0.71173 0.112972
vt 0.719513 0.185451
vt 0.726972 0.16759
vt 0.73298 0.190905
vt 0.727243 0.167669
vt 0.739605 0.176686
vt 0.742552 0.169255
vt 0.714678 0.158106
vt 0.749955 0.12984
vt 0.762844 0.136509
vt 0.755981 0.1495
vt 0.742976 0.143043
vt 0.738305 0.151766
vt 0.751069 0.158674
vt 0.732809 0.142541
vt 0.70662 0.146512
vt 0.681237 0.116054
vt 0.678835 0.131982
vt 0.679914 0.148093
vt 0.675977 0.14189
vt 0.673541 0.149795
vt 0.718782 0.187202
vt 0.732256 0.192639
vt 0.728193 0.167012
vt 0.699785 0.300942
vt 0.716859 0.185386
vt 0.666745 0.302408
vt 0.658177 0.290792
vt 0.659939 0.270247
vt 0.680579 0.257381
vt 0.670769 0.225326
vt 0.730169 0.0815856
vt 0.746522 0.0668335
vt 0.73275 0.061976
vt 0.714511 0.265099
vt 0.671445 0.261589
vt 0.681772 0.310563
vt 0.674744 0.31479
vt 0.688435 0.323813
vt 0.683603 0.326714
vt 0.689261 0.330499
vt 0.708356 0.33141
vt 0.692187 0.339548
vt 0.677481 0.347864
vt 0.697126 0.353958
vt 0.6867 0.359749
vt 0.697047 0.36576
vt 0.691209 0.379571
vt 0.675784 0.369918
vt 0.711979 0.349295
vt 0.669307 0.335704
vt 0.70408 0.315502
vt 0.661784 0.322799
vt 0.748975 0.128106
vt 0.793615 0.0788503
vt 0.800889 0.0665942
vt 0.690706 0.304754
vt 0.760978 0.108263
vt 0.773346 0.115849
vt 0.715621 0.312312
vt 0.729568 0.310358
vt 0.731043 0.324091
vt 0.714565 0.327693
vt 0.715864 0.328761
vt 0.731628 0.339138
vt 0.747512 0.334681
vt 0.75044 0.348052
vt 0.730852 0.343698
vt 0.736146 0.352745
vt 0.73054 0.355006
vt 0.72696 0.365717
vt 0.719585 0.358265
vt 0.747097 0.362859
vt 0.758697 0.347328
vt 0.7519 0.366481
vt 0.767744 0.359472
vt 0.76775 0.360387
vt 0.768154 0.360212
vt 0.785594 0.354218
vt 0.760945 0.37569
vt 0.767478 0.344525
vt 0.782423 0.371775
vt 0.711969 0.370181
vt 0.72762 0.34047
vt 0.71625 0.343013
vt 0.714669 0.329016
vt 0.714533 0.354744
vt 0.698012 0.337133
vt 0.800889 0.358328
vt 0.798216 0.373104
vt 0.709718 0.342675
vt 0.665095 0.356966
vt 0.717096 0.129735
vt 0.700042 0.311981
vt 0.704598 0.314013
vt 0.712502 0.347559
vt 0.783961 0.0632323
vt 0.724657 0.148708
vt 0.0932956 0.365224
vt 0.0981084 0.350957
vt 0.109944 0.363922
vt 0.111345 0.364004
vt 0.0986943 0.347897
vt 0.114635 0.348508
vt 0.126658 0.365224
vt 0.125763 0.346979
vt 0.13126 0.351774
vt 0.11111 0.365262
vt 0.627221 0.359698
vt 0.611066 0.360728
vt 0.627221 0.374801
vt 0.511665 0.112905
vt 0.504443 0.12734
vt 0.512468 0.128244
vt 0.526252 0.11248
vt 0.526252 0.132353
vt 0.492097 0.66662
vt 0.474048 0.659924
vt 0.474769 0.654963
vt 0.494214 0.652226
vt 0.502226 0.656018
vt 0.513501 0.661623
vt 0.513142 0.670822
vt 0.520147 0.664707
vt 0.53433 0.672627
vt 0.534094 0.675278
vt 0.491722 0.667838
vt 0.491402 0.667675
vt 0.471325 0.675278
vt 0.252306 0.798971
vt 0.239865 0.799285
vt 0.256293 0.790465
vt 0.250908 0.781797
vt 0.261364 0.798876
vt 0.234653 0.784596
vt 0.277087 0.784619
vt 0.272472 0.798701
vt 0.288772 0.799285
vt 0.277944 0.782824
vt 0.0173667 0.897854
vt 0.0117124 0.900714
vt 0.0164133 0.919263
vt 0.0173667 0.919316
vt 0.157966 0.0199334
vt 0.157515 0.0194017
vt 0.168417 0.00988199
vt 0.147708 0.00834658
vt 0.136914 0.0181752
vt 0.155087 0.0218601
vt 0.139651 0.0218601
vt 0.0117456 0.695946
vt 0.0246365 0.691037
vt 0.00605816 0.689776
vt 0.0100422 0.67639
vt 0.0246365 0.676073
vt 0.984249 0.128378
vt 0.962439 0.128378
vt 0.976026 0.120429
vt 0.146813 0.21623
vt 0.167924 0.216988
vt 0.15498 0.231887
vt 0.167081 0.240226
vt 0.146531 0.243641
vt 0.158199 0.206236
vt 0.137388 0.205074
vt 0.126063 0.214939
vt 0.13781 0.227485
vt 0.116796 0.202901
vt 0.105073 0.211517
vt 0.148317 0.195481
vt 0.127903 0.193974
vt 0.118429 0.226202
vt 0.15911 0.185612
vt 0.178291 0.227276
vt 0.183199 0.243641
vt 0.18089 0.224457
vt 0.0963067 0.199995
vt 0.0932956 0.220154
vt 0.115014 0.227603
vt 0.131418 0.225303
vt 0.151632 0.229654
vt 0.195645 0.225836
vt 0.158734 0.205781
vt 0.164823 0.191649
vt 0.172128 0.198093
vt 0.14596 0.243308
vt 0.1907 0.21356
vt 0.209612 0.2209
vt 0.204336 0.207804
vt 0.182753 0.201197
vt 0.115964 0.229263
vt 0.122903 0.242477
vt 0.13656 0.23883
vt 0.108472 0.242927
vt 0.168139 0.2148
vt 0.196808 0.193884
vt 0.310582 0.951113
vt 0.296031 0.955326
vt 0.296221 0.955663
vt 0.283118 0.962369
vt 0.283464 0.962983
vt 0.291082 0.976408
vt 0.305965 0.971521
vt 0.310582 0.985294
vt 0.116721 0.686407
vt 0.11697 0.693821
vt 0.13199 0.69132
vt 0.117003 0.708387
vt 0.132068 0.711049
vt 0.132068 0.690458
vt 0.414467 0.664747
vt 0.427897 0.682432
vt 0.413229 0.682034
vt 0.39985 0.663828
vt 0.429039 0.666793
vt 0.443864 0.67813
vt 0.444367 0.673527
vt 0.398648 0.680387
vt 0.384831 0.665504
vt 0.383988 0.677115
vt 0.373097 0.671082
vt 0.385288 0.657487
vt 0.396626 0.651974
vt 0.386416 0.645536
vt 0.37175 0.641225
vt 0.370229 0.658876
vt 0.357206 0.639018
vt 0.355516 0.658643
vt 0.338855 0.648536
vt 0.343226 0.634719
vt 0.324874 0.64419
vt 0.333911 0.665939
vt 0.331248 0.631017
vt 0.328604 0.632412
vt 0.319678 0.662482
vt 0.369742 0.672281
vt 0.310898 0.639812
vt 0.328761 0.629502
vt 0.4479 0.675749
vt 0.314013 0.626124
vt 0.35294 0.660221
vt 0.305455 0.65904
vt 0.29681 0.635918
vt 0.291316 0.655325
vt 0.289244 0.633735
vt 0.292408 0.619643
vt 0.281311 0.631549
vt 0.281677 0.636668
vt 0.300849 0.622079
vt 0.285726 0.617797
vt 0.312802 0.634812
vt 0.288023 0.614428
vt 0.355525 0.661467
vt 0.367568 0.672329
vt 0.35159 0.678153
vt 0.306542 0.625951
vt 0.267413 0.627882
vt 0.270873 0.614607
vt 0.253836 0.62461
vt 0.257253 0.611347
vt 0.240372 0.621284
vt 0.243744 0.608039
vt 0.226913 0.617969
vt 0.23028 0.604726
vt 0.213453 0.614656
vt 0.21006 0.628094
vt 0.196565 0.624883
vt 0.199977 0.611399
vt 0.205907 0.643224
vt 0.192616 0.639265
vt 0.219645 0.645707
vt 0.21679 0.601405
vt 0.203301 0.598127
vt 0.186464 0.608105
vt 0.189678 0.594735
vt 0.172659 0.604553
vt 0.18133 0.623545
vt 0.172089 0.622728
vt 0.166751 0.618773
vt 0.155518 0.603847
vt 0.155274 0.603795
vt 0.158213 0.589698
vt 0.141061 0.600908
vt 0.138114 0.614914
vt 0.123894 0.612041
vt 0.126851 0.598012
vt 0.120983 0.626033
vt 0.135201 0.628908
vt 0.118081 0.640093
vt 0.132557 0.643638
vt 0.106726 0.623135
vt 0.149483 0.631448
vt 0.109681 0.609076
vt 0.152244 0.617638
vt 0.147939 0.650378
vt 0.143962 0.586913
vt 0.171682 0.592648
vt 0.175074 0.577018
vt 0.162509 0.650558
vt 0.131598 0.65549
vt 0.11673 0.656761
vt 0.163962 0.632414
vt 0.177456 0.648983
vt 0.178465 0.636222
vt 0.102255 0.640265
vt 0.190871 0.643684
vt 0.194573 0.660141
vt 0.116423 0.659869
vt 0.130806 0.661955
vt 0.129114 0.678033
vt 0.144305 0.671493
vt 0.148663 0.651624
vt 0.147021 0.671287
vt 0.165068 0.663247
vt 0.114599 0.677188
vt 0.101392 0.661099
vt 0.10012 0.672763
vt 0.090252 0.665852
vt 0.0828885 0.66887
vt 0.081453 0.681402
vt 0.0684685 0.664636
vt 0.0838983 0.663442
vt 0.066394 0.682432
vt 0.0514913 0.671762
vt 0.147276 0.650575
vt 0.112639 0.595099
vt 0.0953777 0.606143
vt 0.0984452 0.592122
vt 0.115669 0.581136
vt 0.101479 0.578155
vt 0.0842457 0.58915
vt 0.118711 0.567022
vt 0.104464 0.56415
vt 0.132901 0.570094
vt 0.0872832 0.575192
vt 0.0812039 0.603072
vt 0.0897773 0.560177
vt 0.0694927 0.586213
vt 0.129822 0.584082
vt 0.0638245 0.600219
vt 0.160079 0.575537
vt 0.166215 0.619856
vt 0.178881 0.628678
vt 0.0687855 0.662703
vt 0.0500435 0.6709
vt 0.054342 0.655597
vt 0.0556796 0.646741
vt 0.0472536 0.650038
vt 0.0710154 0.643606
vt 0.0855905 0.645462
vt 0.0959517 0.645197
vt 0.0859855 0.639825
vt 0.0713397 0.64064
vt 0.0563117 0.630121
vt 0.0582138 0.629543
vt 0.146714 0.573177
vt 0.223398 0.632047
vt 0.23452 0.647267
vt 0.236998 0.636909
vt 0.251274 0.642842
vt 0.0758991 0.620741
vt 0.177072 0.563576
vt 0.184912 0.564122
vt 0.162996 0.561402
vt 0.165069 0.547722
vt 0.151166 0.545707
vt 0.14899 0.561642
vt 0.1469 0.558934
vt 0.138861 0.546529
vt 0.245932 0.643728
vt 0.248903 0.665726
vt 0.101664 0.648641
vt 0.251903 0.64468
vt 0.265676 0.666285
vt 0.268159 0.649108
vt 0.266999 0.643151
vt 0.0910546 0.623235
vt 0.767425 0.999603
vt 0.766963 0.99803
vt 0.769906 0.997218
vt 0.786349 0.999603
vt 0.867932 0.567965
vt 0.866317 0.56815
vt 0.867932 0.583068
vt 0.100565 0.095787
vt 0.0852181 0.0782989
vt 0.0888081 0.0953717
vt 0.100565 0.0795973
vt 0.0617932 0.094992
vt 0.0400683 0.094992
vt 0.0421689 0.0886327
vt 0.0359451 0.0899833
vt 0.203958 0.454373
vt 0.222536 0.456677
vt 0.222536 0.440779
vt 0.0320464 0.953563
vt 0.0349048 0.974183
vt 0.0373323 0.956086
vt 0.0404727 0.969173
vt 0.0424998 0.987712
vt 0.0250354 0.982986
vt 0.0379861 0.991732
vt 0.0411599 0.941574
vt 0.0188491 0.967126
vt 0.0438232 0.993577
vt 0.050413 0.960767
vt 0.0157674 0.948519
vt 0.0494212 0.979744
vt 0.0188233 0.967118
vt 0.000403877 0.962617
vt 0.00390472 0.978737
vt 0.0188294 0.967144
vt 0.0124522 0.990766
vt 0.0587857 0.948456
vt 0.0593066 0.948647
vt 0.0524076 0.999603
vt 0.0613514 0.988264
vt 0.0755607 0.99741
vt 0.0763222 0.996843
vt 0.0743275 0.977839
vt 0.0763328 0.997782
vt 0.0609525 0.966889
vt 0.0741639 0.948475
vt 0.0648242 0.968712
vt 0.0763328 0.965636
vt 0.0619114 0.968747
vt 0.353393 0.711822
vt 0.335622 0.709473
vt 0.353379 0.711844
vt 0.342422 0.698052
vt 0.353393 0.687202
vt 0.987828 0.856413
vt 0.998448 0.853339
vt 0.998788 0.857313
vt 0.983441 0.857313
vt 0.208274 0.902288
vt 0.194422 0.895942
vt 0.212285 0.886042
vt 0.193494 0.906854
vt 0.191978 0.913089
vt 0.20948 0.902597
vt 0.178156 0.896537
vt 0.176872 0.910966
vt 0.165022 0.908503
vt 0.169636 0.894779
vt 0.176961 0.875278
vt 0.188917 0.927374
vt 0.186775 0.898589
vt 0.173027 0.927281
vt 0.18215 0.941919
vt 0.206096 0.916215
vt 0.161416 0.893449
vt 0.158811 0.90752
vt 0.143929 0.905104
vt 0.147357 0.889928
vt 0.132616 0.905829
vt 0.127221 0.891216
vt 0.184283 0.944512
vt 0.181525 0.943834
vt 0.173892 0.961615
vt 0.166105 0.941742
vt 0.161642 0.952128
vt 0.153842 0.965663
vt 0.154558 0.943055
vt 0.17731 0.963523
vt 0.173427 0.962629
vt 0.194122 0.955278
vt 0.190221 0.963289
vt 0.206467 0.96345
vt 0.202717 0.970515
vt 0.141461 0.958193
vt 0.198417 0.978399
vt 0.212735 0.982909
vt 0.199098 0.94426
vt 0.219349 0.969962
vt 0.214167 0.980303
vt 0.170259 0.921961
vt 0.185663 0.972818
vt 0.140425 0.960053
vt 0.163116 0.890027
vt 0.156213 0.922676
vt 0.148335 0.942304
vt 0.154189 0.966043
vt 0.209698 0.901748
vt 0.153753 0.965822
vt 0.144444 0.982909
vt 0.132022 0.975521
vt 0.214051 0.94813
vt 0.16589 0.979762
vt 0.227819 0.953577
vt 0.232437 0.976629
vt 0.240806 0.960444
vt 0.253266 0.975611
vt 0.241809 0.960191
vt 0.241427 0.958443
vt 0.228651 0.951866
vt 0.235432 0.939181
vt 0.221739 0.933795
vt 0.241322 0.925979
vt 0.255132 0.931338
vt 0.260634 0.91816
vt 0.256314 0.931738
vt 0.24744 0.912438
vt 0.227056 0.92086
vt 0.249112 0.944512
vt 0.260779 0.91821
vt 0.272807 0.93739
vt 0.27938 0.924399
vt 0.276639 0.905572
vt 0.275396 0.905313
vt 0.260785 0.917977
vt 0.294865 0.912122
vt 0.28071 0.924853
vt 0.294485 0.926821
vt 0.295088 0.942491
vt 0.293683 0.944759
vt 0.294543 0.945051
vt 0.308158 0.93346
vt 0.277752 0.93906
vt 0.233716 0.907256
vt 0.210149 0.90265
vt 0.218338 0.938937
vt 0.21516 0.932108
vt 0.149056 0.939102
vt 0.204874 0.929289
vt 0.272886 0.945071
vt 0.271764 0.951416
vt 0.270891 0.951226
vt 0.253068 0.945448
vt 0.156849 0.870473
vt 0.155576 0.870032
vt 0.216669 0.918814
vt 0.170539 0.926312
vt 0.88328 0.310413
vt 0.86874 0.319952
vt 0.868747 0.312288
vt 0.883272 0.319952
vt 0.770846 0.318717
vt 0.760015 0.332671
vt 0.755654 0.313593
vt 0.780695 0.332671
vt 0.1563 0.994833
vt 0.135299 0.994833
vt 0.155231 0.993243
vt 0.24273 0.826823
vt 0.241922 0.808029
vt 0.241922 0.827107
vt 0.708345 0.841805
vt 0.715315 0.8612
vt 0.699941 0.850042
vt 0.702696 0.859464
vt 0.692275 0.85901
vt 0.687002 0.864988
vt 0.679551 0.845872
vt 0.717688 0.873112
vt 0.723207 0.862263
vt 0.716125 0.876829
vt 0.701286 0.874598
vt 0.699412 0.889129
vt 0.707159 0.890522
vt 0.698972 0.903986
vt 0.716061 0.880332
vt 0.716319 0.892984
vt 0.68745 0.873309
vt 0.696429 0.903383
vt 0.685595 0.859269
vt 0.69646 0.918434
vt 0.693205 0.917628
vt 0.694622 0.932985
vt 0.710859 0.921663
vt 0.707588 0.935846
vt 0.716689 0.937861
vt 0.68815 0.931659
vt 0.677104 0.913683
vt 0.719425 0.923555
vt 0.729806 0.925825
vt 0.726418 0.939984
vt 0.728316 0.909608
vt 0.68133 0.899642
vt 0.668407 0.911721
vt 0.667474 0.89614
vt 0.669891 0.881454
vt 0.667664 0.886565
vt 0.667389 0.880871
vt 0.669748 0.877814
vt 0.670907 0.866548
vt 0.654938 0.87826
vt 0.715518 0.908007
vt 0.666924 0.853916
vt 0.672162 0.83302
vt 0.684894 0.826
vt 0.659189 0.839591
vt 0.646745 0.84749
vt 0.669915 0.861072
vt 0.651415 0.827386
vt 0.664675 0.819952
vt 0.639038 0.835177
vt 0.634046 0.854983
vt 0.656984 0.86097
vt 0.626366 0.842669
vt 0.645646 0.870033
vt 0.621957 0.863009
vt 0.633307 0.878236
vt 0.609737 0.871358
vt 0.621294 0.886851
vt 0.605957 0.873755
vt 0.609079 0.870406
vt 0.595383 0.877654
vt 0.599251 0.856431
vt 0.585608 0.863185
vt 0.581282 0.884069
vt 0.583447 0.864016
vt 0.576439 0.879511
vt 0.566857 0.866873
vt 0.553337 0.873865
vt 0.565758 0.890119
vt 0.552818 0.874056
vt 0.55164 0.869614
vt 0.552038 0.858595
vt 0.534493 0.880414
vt 0.545494 0.860368
vt 0.546433 0.891852
vt 0.567565 0.891791
vt 0.630067 0.8988
vt 0.631952 0.897468
vt 0.60929 0.895477
vt 0.599136 0.882414
vt 0.619646 0.859636
vt 0.612295 0.849304
vt 0.617972 0.90739
vt 0.59726 0.904068
vt 0.605917 0.916009
vt 0.585199 0.912619
vt 0.576438 0.900428
vt 0.59385 0.924557
vt 0.573131 0.921166
vt 0.581813 0.933145
vt 0.560999 0.929672
vt 0.552462 0.917561
vt 0.54094 0.925736
vt 0.53996 0.925662
vt 0.531777 0.913636
vt 0.544021 0.905348
vt 0.522729 0.900553
vt 0.534221 0.891079
vt 0.55471 0.893652
vt 0.513328 0.888715
vt 0.534006 0.889515
vt 0.563493 0.933213
vt 0.572 0.939984
vt 0.564631 0.908428
vt 0.560433 0.930069
vt 0.638657 0.910848
vt 0.636676 0.88283
vt 0.645252 0.891293
vt 0.657518 0.882412
vt 0.666241 0.894186
vt 0.653707 0.90332
vt 0.644482 0.907789
vt 0.658788 0.861057
vt 0.645937 0.870712
vt 0.513403 0.888617
vt 0.528807 0.866556
vt 0.588702 0.892591
vt 0.625647 0.844181
vt 0.562955 0.893541
vt 0.68527 0.885994
vt 0.52327 0.88248
vt 0.656726 0.86238
vt 0.678294 0.871152
vt 0.300889 0.676947
vt 0.301251 0.687822
vt 0.312613 0.672099
vt 0.316236 0.672858
vt 0.316236 0.688792
vt 0.491353 0.8791
vt 0.504443 0.894968
vt 0.496806 0.879453
vt 0.488643 0.895414
vt 0.476776 0.877512
vt 0.473033 0.895469
vt 0.478482 0.863187
vt 0.46226 0.875888
vt 0.46388 0.861585
vt 0.459208 0.892593
vt 0.47993 0.848801
vt 0.494613 0.850468
vt 0.49363 0.859547
vt 0.495845 0.835851
vt 0.504443 0.837179
vt 0.497127 0.850768
vt 0.352701 0.985126
vt 0.331583 0.986089
vt 0.340261 0.974159
vt 0.356774 0.982269
vt 0.361254 0.971943
vt 0.348802 0.962242
vt 0.353939 0.986089
vt 0.367006 0.977304
vt 0.381342 0.969571
vt 0.374374 0.982598
vt 0.382597 0.970494
vt 0.397819 0.98298
vt 0.996365 0.0838633
vt 0.99475 0.0838633
vt 0.996042 0.0798887
vt 0.310582 0.70469
vt 0.320275 0.70469
vt 0.31383 0.697536
vt 0.761292 0.625199
vt 0.754847 0.632353
vt 0.76454 0.632353
vt 0.686187 0.602941
vt 0.679699 0.595787
vt 0.676494 0.602941
vt 0.652262 0.141878
vt 0.661147 0.137917
vt 0.661147 0.145866
vt 0.855816 0.917727
vt 0.85183 0.910572
vt 0.847738 0.917727
vt 0.693328 0.3907
vt 0.689418 0.397854
vt 0.697496 0.397854
vt 0.71042 0.532194
vt 0.71042 0.540143
vt 0.70315 0.536242
vt 0.00928918 0.43442
vt 0.00928918 0.442369
vt 0.00201939 0.438408
vt 0.0827948 0.335146
vt 0.0696889 0.318066
vt 0.065832 0.332989
vt 0.0827948 0.319726
vt 0.0771669 0.309618
vt 0.0722588 0.344595
vt 0.719859 0.405008
vt 0.721752 0.38911
vt 0.735377 0.405008
vt 0.737185 0.389693
vt 0.745153 0.400353
vt 0.709612 0.396294
vt 0.0246365 0.392888
vt 0.0116914 0.376096
vt 0.00848142 0.39105
vt 0.0246365 0.377556
vt 0.0192744 0.367647
vt 0.0150902 0.402623
vt 0.423894 0.761924
vt 0.4252 0.777822
vt 0.408496 0.762
vt 0.409796 0.777822
vt 0.435784 0.769713
vt 0.400242 0.772677
usemtl shadow_PBR
f 3512/3512/3512 3514/3514/3514 3513/3513/3513
f 3513/3513/3513 3510/3510/3510 3512/3512/3512
f 4324/4324/4324 4315/4315/4315 4322/4322/4322
f 4322/4322/4322 4315/4315/4315 4321/4321/4321
f 3363/3363/3363 3361/3361/3361 3353/3353/3353
f 3361/3361/3361 3354/3354/3354 3353/3353/3353
f 3361/3361/3361 3362/3362/3362 3354/3354/3354
f 3354/3354/3354 3352/3352/3352 3353/3353/3353
f 4307/4307/4307 4308/4308/4308 4318/4318/4318
f 4307/4307/4307 4318/4318/4318 4321/4321/4321
f 4318/4318/4318 4322/4322/4322 4321/4321/4321
f 4318/4318/4318 4323/4323/4323 4322/4322/4322
f 3362/3362/3362 3410/3410/3410 3354/3354/3354
f 3362/3362/3362 3411/3411/3411 3410/3410/3410
f 3352/3352/3352 3354/3354/3354 3359/3359/3359
f 3359/3359/3359 3354/3354/3354 3410/3410/3410
f 4308/4308/4308 4320/4320/4320 4318/4318/4318
f 4313/4313/4313 4317/4317/4317 4320/4320/4320
f 4338/4338/4338 4340/4340/4340 4341/4341/4341
f 4338/4338/4338 4339/4339/4339 4340/4340/4340
f 3437/3437/3437 3410/3410/3410 3413/3413/3413
f 3410/3410/3410 3412/3412/3412 3413/3413/3413
f 3410/3410/3410 3411/3411/3411 3412/3412/3412
f 3410/3410/3410 3437/3437/3437 3359/3359/3359
f 4313/4313/4313 4316/4316/4316 4317/4317/4317
f 1951/1951/1951 1947/1947/1947 1950/1950/1950
f 4300/4300/4300 4286/4286/4286 4325/4325/4325
f 3334/3334/3334 3338/3338/3338 3395/3395/3395
f 4325/4325/4325 4286/4286/4286 4297/4297/4297
f 4297/4297/4297 4286/4286/4286 4284/4284/4284
f 3338/3338/3338 3334/3334/3334 3328/3328/3328
f 3334/3334/3334 3333/3333/3333 3328/3328/3328
f 3334/3334/3334 3335/3335/3335 3333/3333/3333
f 3333/3333/3333 3332/3332/3332 3328/3328/3328
f 4297/4297/4297 4284/4284/4284 4296/4296/4296
f 4296/4296/4296 4284/4284/4284 4295/4295/4295
f 3336/3336/3336 3420/3420/3420 3337/3337/3337
f 3333/3333/3333 3336/3336/3336 3337/3337/3337
f 3335/3335/3335 3336/3336/3336 3333/3333/3333
f 3364/3364/3364 3451/3451/3451 3363/3363/3363
f 3510/3510/3510 3511/3511/3511 3512/3512/3512
f 3451/3451/3451 3332/3332/3332 3337/3337/3337
f 3332/3332/3332 3333/3333/3333 3337/3337/3337
f 3515/3515/3515 3516/3516/3516 3517/3517/3517
f 4296/4296/4296 4295/4295/4295 4298/4298/4298
f 4298/4298/4298 4295/4295/4295 4306/4306/4306
f 4298/4298/4298 4321/4321/4321 4315/4315/4315
f 4298/4298/4298 4315/4315/4315 4296/4296/4296
f 3353/3353/3353 3364/3364/3364 3363/3363/3363
f 3318/3318/3318 3317/3317/3317 3352/3352/3352
f 3352/3352/3352 3317/3317/3317 3353/3353/3353
f 3519/3519/3519 3516/3516/3516 3518/3518/3518
f 3516/3516/3516 3515/3515/3515 3518/3518/3518
f 3318/3318/3318 3316/3316/3316 3317/3317/3317
f 4298/4298/4298 4306/4306/4306 4307/4307/4307
f 4306/4306/4306 4308/4308/4308 4307/4307/4307
f 4306/4306/4306 4309/4309/4309 4308/4308/4308
f 4298/4298/4298 4307/4307/4307 4321/4321/4321
f 3359/3359/3359 3426/3426/3426 3318/3318/3318
f 3359/3359/3359 3318/3318/3318 3352/3352/3352
f 3316/3316/3316 3318/3318/3318 3351/3351/3351
f 3351/3351/3351 3318/3318/3318 3426/3426/3426
f 4320/4320/4320 4308/4308/4308 4311/4311/4311
f 4308/4308/4308 4310/4310/4310 4311/4311/4311
f 4308/4308/4308 4309/4309/4309 4310/4310/4310
f 4311/4311/4311 4313/4313/4313 4320/4320/4320
f 3413/3413/3413 3438/3438/3438 3437/3437/3437
f 3438/3438/3438 3428/3428/3428 3437/3437/3437
f 3437/3437/3437 3428/3428/3428 3359/3359/3359
f 3428/3428/3428 3427/3427/3427 3359/3359/3359
f 3427/3427/3427 3426/3426/3426 3359/3359/3359
f 3426/3426/3426 3427/3427/3427 3351/3351/3351
f 4310/4310/4310 4312/4312/4312 4311/4311/4311
f 4311/4311/4311 4312/4312/4312 4313/4313/4313
f 4312/4312/4312 4316/4316/4316 4313/4313/4313
f 1952/1952/1952 1948/1948/1948 1947/1947/1947
f 1950/1950/1950 1947/1947/1947 1946/1946/1946
f 1947/1947/1947 1942/1942/1942 1946/1946/1946
f 1947/1947/1947 1948/1948/1948 1942/1942/1942
f 1946/1946/1946 1942/1942/1942 1945/1945/1945
f 4291/4291/4291 4289/4289/4289 4290/4290/4290
f 3418/3418/3418 3348/3348/3348 3424/3424/3424
f 3424/3424/3424 3348/3348/3348 3421/3421/3421
f 3418/3418/3418 3339/3339/3339 3348/3348/3348
f 4290/4290/4290 4289/4289/4289 4287/4287/4287
f 4287/4287/4287 4289/4289/4289 4288/4288/4288
f 4287/4287/4287 4286/4286/4286 4300/4300/4300
f 3418/3418/3418 3429/3429/3429 3395/3395/3395
f 3424/3424/3424 3429/3429/3429 3418/3418/3418
f 3329/3329/3329 3330/3330/3330 3338/3338/3338
f 3338/3338/3338 3330/3330/3330 3395/3395/3395
f 3330/3330/3330 3339/3339/3339 3395/3395/3395
f 3339/3339/3339 3418/3418/3418 3395/3395/3395
f 3329/3329/3329 3327/3327/3327 3330/3330/3330
f 4287/4287/4287 4288/4288/4288 4285/4285/4285
f 4285/4285/4285 4288/4288/4288 4293/4293/4293
f 4285/4285/4285 4284/4284/4284 4286/4286/4286
f 4285/4285/4285 4286/4286/4286 4287/4287/4287
f 3328/3328/3328 3329/3329/3329 3338/3338/3338
f 3349/3349/3349 3325/3325/3325 3332/3332/3332
f 3332/3332/3332 3325/3325/3325 3328/3328/3328
f 3325/3325/3325 3327/3327/3327 3328/3328/3328
f 3327/3327/3327 3329/3329/3329 3328/3328/3328
f 3319/3319/3319 3322/3322/3322 3349/3349/3349
f 3349/3349/3349 3322/3322/3322 3325/3325/3325
f 3319/3319/3319 3321/3321/3321 3322/3322/3322
f 4285/4285/4285 4293/4293/4293 4283/4283/4283
f 4283/4283/4283 4293/4293/4293 4326/4326/4326
f 4283/4283/4283 4295/4295/4295 4284/4284/4284
f 4283/4283/4283 4284/4284/4284 4285/4285/4285
f 3451/3451/3451 3349/3349/3349 3332/3332/3332
f 3349/3349/3349 3451/3451/3451 3350/3350/3350
f 3315/3315/3315 3349/3349/3349 3350/3350/3350
f 3319/3319/3319 3349/3349/3349 3315/3315/3315
f 3321/3321/3321 3319/3319/3319 3320/3320/3320
f 3319/3319/3319 3313/3313/3313 3320/3320/3320
f 3319/3319/3319 3315/3315/3315 3313/3313/3313
f 3313/3313/3313 3355/3355/3355 3320/3320/3320
f 4326/4326/4326 4299/4299/4299 4283/4283/4283
f 4295/4295/4295 4283/4283/4283 4299/4299/4299
f 4319/4319/4319 4295/4295/4295 4299/4299/4299
f 4306/4306/4306 4295/4295/4295 4319/4319/4319
f 1/1/1 2/2/2 3/3/3
f 3315/3315/3315 3317/3317/3317 3316/3316/3316
f 3314/3314/3314 3315/3315/3315 3316/3316/3316
f 3313/3313/3313 3315/3315/3315 3314/3314/3314
f 3355/3355/3355 3313/3313/3313 3311/3311/3311
f 3313/3313/3313 3312/3312/3312 3311/3311/3311
f 3313/3313/3313 3314/3314/3314 3312/3312/3312
f 3312/3312/3312 3299/3299/3299 3311/3311/3311
f 4319/4319/4319 4309/4309/4309 4306/4306/4306
f 4314/4314/4314 4309/4309/4309 4319/4319/4319
f 3351/3351/3351 3402/3402/3402 3314/3314/3314
f 3351/3351/3351 3314/3314/3314 3316/3316/3316
f 3314/3314/3314 3357/3357/3357 3312/3312/3312
f 3314/3314/3314 3402/3402/3402 3357/3357/3357
f 3299/3299/3299 3312/3312/3312 3358/3358/3358
f 3358/3358/3358 3312/3312/3312 3357/3357/3357
f 4314/4314/4314 4310/4310/4310 4309/4309/4309
f 4494/4494/4494 4495/4495/4495 4530/4530/4530
f 1945/1945/1945 1941/1941/1941 1949/1949/1949
f 3557/3557/3557 3558/3558/3558 3559/3559/3559
f 1941/1941/1941 1944/1944/1944 1949/1949/1949
f 1939/1939/1939 1944/1944/1944 1941/1941/1941
f 1936/1936/1936 1938/1938/1938 1935/1935/1935
f 1938/1938/1938 1939/1939/1939 1935/1935/1935
f 1938/1938/1938 1944/1944/1944 1939/1939/1939
f 3357/3357/3357 3400/3400/3400 3358/3358/3358
f 4494/4494/4494 4493/4493/4493 4495/4495/4495
f 4495/4495/4495 4493/4493/4493 4496/4496/4496
f 4496/4496/4496 4491/4491/4491 4539/4539/4539
f 4493/4493/4493 4491/4491/4491 4496/4496/4496
f 1948/1948/1948 1953/1953/1953 1942/1942/1942
f 4491/4491/4491 4498/4498/4498 4539/4539/4539
f 1945/1945/1945 1942/1942/1942 1941/1941/1941
f 1942/1942/1942 1940/1940/1940 1941/1941/1941
f 1942/1942/1942 1953/1953/1953 1940/1940/1940
f 1941/1941/1941 1940/1940/1940 1939/1939/1939
f 1939/1939/1939 1940/1940/1940 1933/1933/1933
f 1939/1939/1939 1933/1933/1933 1935/1935/1935
f 4302/4302/4302 4292/4292/4292 4301/4301/4301
f 3342/3342/3342 3343/3343/3343 3344/3344/3344
f 3344/3344/3344 3343/3343/3343 3345/3345/3345
f 3342/3342/3342 3341/3341/3341 3343/3343/3343
f 4301/4301/4301 4292/4292/4292 4291/4291/4291
f 4292/4292/4292 4289/4289/4289 4291/4291/4291
f 4292/4292/4292 4294/4294/4294 4289/4289/4289
f 3344/3344/3344 3421/3421/3421 3348/3348/3348
f 3344/3344/3344 3348/3348/3348 3342/3342/3342
f 3348/3348/3348 3339/3339/3339 3342/3342/3342
f 3339/3339/3339 3341/3341/3341 3342/3342/3342
f 3339/3339/3339 3340/3340/3340 3341/3341/3341
f 4294/4294/4294 4288/4288/4288 4289/4289/4289
f 4327/4327/4327 4288/4288/4288 4294/4294/4294
f 3331/3331/3331 3340/3340/3340 3339/3339/3339
f 3331/3331/3331 3339/3339/3339 3330/3330/3330
f 3330/3330/3330 3327/3327/3327 3331/3331/3331
f 3582/3582/3582 3583/3583/3583 3584/3584/3584
f 4327/4327/4327 4293/4293/4293 4288/4288/4288
f 4328/4328/4328 4293/4293/4293 4327/4327/4327
f 3585/3585/3585 3584/3584/3584 3583/3583/3583
f 3326/3326/3326 3327/3327/3327 3325/3325/3325
f 3323/3323/3323 3325/3325/3325 3322/3322/3322
f 3323/3323/3323 3326/3326/3326 3325/3325/3325
f 3322/3322/3322 3321/3321/3321 3323/3323/3323
f 3323/3323/3323 3321/3321/3321 3324/3324/3324
f 4328/4328/4328 4326/4326/4326 4293/4293/4293
f 4329/4329/4329 4326/4326/4326 4328/4328/4328
f 2192/2192/2192 2227/2227/2227 2228/2228/2228
f 3356/3356/3356 3321/3321/3321 3320/3320/3320
f 3297/3297/3297 3310/3310/3310 3355/3355/3355
f 3506/3506/3506 3507/3507/3507 3508/3508/3508
f 3506/3506/3506 3509/3509/3509 3507/3507/3507
f 3296/3296/3296 3295/3295/3295 3297/3297/3297
f 3297/3297/3297 3295/3295/3295 3310/3310/3310
f 3296/3296/3296 3294/3294/3294 3295/3295/3295
f 4329/4329/4329 4332/4332/4332 4326/4326/4326
f 4326/4326/4326 4332/4332/4332 4299/4299/4299
f 4319/4319/4319 4299/4299/4299 4332/4332/4332
f 4559/4559/4559 4560/4560/4560 4561/4561/4561
f 3311/3311/3311 3297/3297/3297 3355/3355/3355
f 3297/3297/3297 3311/3311/3311 3299/3299/3299
f 3298/3298/3298 3297/3297/3297 3299/3299/3299
f 3296/3296/3296 3297/3297/3297 3298/3298/3298
f 3294/3294/3294 3296/3296/3296 3365/3365/3365
f 3296/3296/3296 3300/3300/3300 3365/3365/3365
f 3296/3296/3296 3298/3298/3298 3300/3300/3300
f 3309/3309/3309 3423/3423/3423 3300/3300/3300
f 3300/3300/3300 3423/3423/3423 3365/3365/3365
f 3309/3309/3309 3406/3406/3406 3423/3423/3423
f 4497/4497/4497 4530/4530/4530 4543/4543/4543
f 4562/4562/4562 4561/4561/4561 4563/4563/4563
f 4562/4562/4562 4559/4559/4559 4561/4561/4561
f 4538/4538/4538 4497/4497/4497 4543/4543/4543
f 3358/3358/3358 3302/3302/3302 3298/3298/3298
f 3358/3358/3358 3298/3298/3298 3299/3299/3299
f 3298/3298/3298 3301/3301/3301 3300/3300/3300
f 3298/3298/3298 3302/3302/3302 3301/3301/3301
f 3300/3300/3300 3303/3303/3303 3309/3309/3309
f 3300/3300/3300 3301/3301/3301 3303/3303/3303
f 3406/3406/3406 3309/3309/3309 3306/3306/3306
f 3306/3306/3306 3309/3309/3309 3303/3303/3303
f 4492/4492/4492 4494/4494/4494 4497/4497/4497
f 4497/4497/4497 4494/4494/4494 4530/4530/4530
f 4497/4497/4497 4538/4538/4538 4535/4535/4535
f 4490/4490/4490 4497/4497/4497 4535/4535/4535
f 4492/4492/4492 4497/4497/4497 4490/4490/4490
f 4488/4488/4488 4490/4490/4490 4535/4535/4535
f 1935/1935/1935 1932/1932/1932 1936/1936/1936
f 3560/3560/3560 3561/3561/3561 3562/3562/3562
f 1932/1932/1932 1937/1937/1937 1936/1936/1936
f 1929/1929/1929 1937/1937/1937 1932/1932/1932
f 1927/1927/1927 1934/1934/1934 1928/1928/1928
f 1934/1934/1934 1929/1929/1929 1928/1928/1928
f 1934/1934/1934 1937/1937/1937 1929/1929/1929
f 3301/3301/3301 3304/3304/3304 3303/3303/3303
f 3303/3303/3303 3304/3304/3304 3305/3305/3305
f 3303/3303/3303 3305/3305/3305 3306/3306/3306
f 4492/4492/4492 4493/4493/4493 4494/4494/4494
f 4493/4493/4493 4492/4492/4492 4491/4491/4491
f 4491/4491/4491 4492/4492/4492 4490/4490/4490
f 4488/4488/4488 4487/4487/4487 4490/4490/4490
f 4487/4487/4487 4491/4491/4491 4490/4490/4490
f 4487/4487/4487 4498/4498/4498 4491/4491/4491
f 4498/4498/4498 4485/4485/4485 4500/4500/4500
f 4487/4487/4487 4485/4485/4485 4498/4498/4498
f 1940/1940/1940 1943/1943/1943 1933/1933/1933
f 4485/4485/4485 4474/4474/4474 4500/4500/4500
f 1935/1935/1935 1933/1933/1933 1932/1932/1932
f 1933/1933/1933 1930/1930/1930 1932/1932/1932
f 1933/1933/1933 1943/1943/1943 1930/1930/1930
f 1932/1932/1932 1930/1930/1930 1929/1929/1929
f 1929/1929/1929 1930/1930/1930 1926/1926/1926
f 1929/1929/1929 1926/1926/1926 1928/1928/1928
f 4304/4304/4304 4305/4305/4305 4303/4303/4303
f 4292/4292/4292 4302/4302/4302 4303/4303/4303
f 4302/4302/4302 4304/4304/4304 4303/4303/4303
f 2362/2362/2362 2361/2361/2361 2358/2358/2358
f 3346/3346/3346 3345/3345/3345 3343/3343/3343
f 2363/2363/2363 2361/2361/2361 2362/2362/2362
f 3343/3343/3343 3341/3341/3341 3346/3346/3346
f 3346/3346/3346 3341/3341/3341 3347/3347/3347
f 4345/4345/4345 4346/4346/4346 4342/4342/4342
f 4342/4342/4342 4346/4346/4346 4347/4347/4347
f 4342/4342/4342 4343/4343/4343 4344/4344/4344
f 4342/4342/4342 4344/4344/4344 4345/4345/4345
f 3340/3340/3340 3347/3347/3347 3341/3341/3341
f 4610/4610/4610 4608/4608/4608 4609/4609/4609
f 4342/4342/4342 4347/4347/4347 4349/4349/4349
f 4333/4333/4333 4335/4335/4335 4334/4334/4334
f 4333/4333/4333 4327/4327/4327 4294/4294/4294
f 4349/4349/4349 4343/4343/4343 4342/4342/4342
f 4628/4628/4628 4608/4608/4608 4610/4610/4610
f 4628/4628/4628 4610/4610/4610 4633/4633/4633
f 4656/4656/4656 4654/4654/4654 4655/4655/4655
f 4655/4655/4655 4654/4654/4654 4653/4653/4653
f 4334/4334/4334 4331/4331/4331 4333/4333/4333
f 4327/4327/4327 4333/4333/4333 4331/4331/4331
f 4330/4330/4330 4327/4327/4327 4331/4331/4331
f 4328/4328/4328 4327/4327/4327 4330/4330/4330
f 4652/4652/4652 4653/4653/4653 4654/4654/4654
f 4652/4652/4652 4654/4654/4654 4657/4657/4657
f 4619/4619/4619 4627/4627/4627 4638/4638/4638
f 4627/4627/4627 4639/4639/4639 4638/4638/4638
f 4627/4627/4627 4640/4640/4640 4639/4639/4639
f 4641/4641/4641 4638/4638/4638 4639/4639/4639
f 4517/4517/4517 4518/4518/4518 4516/4516/4516
f 4518/4518/4518 4520/4520/4520 4516/4516/4516
f 4329/4329/4329 4328/4328/4328 4330/4330/4330
f 4515/4515/4515 4517/4517/4517 4516/4516/4516
f 2194/2194/2194 2230/2230/2230 2229/2229/2229
f 2194/2194/2194 2229/2229/2229 2227/2227/2227
f 2192/2192/2192 2194/2194/2194 2227/2227/2227
f 2193/2193/2193 2194/2194/2194 2192/2192/2192
f 2190/2190/2190 2192/2192/2192 2191/2191/2191
f 2190/2190/2190 2193/2193/2193 2192/2192/2192
f 3360/3360/3360 3310/3310/3310 3295/3295/3295
f 2189/2189/2189 2190/2190/2190 2191/2191/2191
f 3292/3292/3292 3293/3293/3293 3294/3294/3294
f 3293/3293/3293 3295/3295/3295 3294/3294/3294
f 3293/3293/3293 3360/3360/3360 3295/3295/3295
f 3291/3291/3291 3290/3290/3290 3292/3292/3292
f 3292/3292/3292 3290/3290/3290 3293/3293/3293
f 3291/3291/3291 3289/3289/3289 3290/3290/3290
f 4517/4517/4517 4519/4519/4519 4518/4518/4518
f 4531/4531/4531 4532/4532/4532 4534/4534/4534
f 4531/4531/4531 4534/4534/4534 4519/4519/4519
f 4515/4515/4515 4531/4531/4531 4519/4519/4519
f 4517/4517/4517 4515/4515/4515 4519/4519/4519
f 4511/4511/4511 4533/4533/4533 4532/4532/4532
f 4511/4511/4511 4532/4532/4532 4531/4531/4531
f 4548/4548/4548 4549/4549/4549 4555/4555/4555
f 3365/3365/3365 3292/3292/3292 3294/3294/3294
f 3292/3292/3292 3365/3365/3365 3423/3423/3423
f 3292/3292/3292 3423/3423/3423 3291/3291/3291
f 3502/3502/3502 3503/3503/3503 3504/3504/3504
f 3504/3504/3504 3503/3503/3503 3505/3505/3505
f 3367/3367/3367 3289/3289/3289 3423/3423/3423
f 3289/3289/3289 3291/3291/3291 3423/3423/3423
f 3285/3285/3285 3280/3280/3280 3419/3419/3419
f 3419/3419/3419 3280/3280/3280 3367/3367/3367
f 3285/3285/3285 3278/3278/3278 3280/3280/3280
f 4532/4532/4532 4543/4543/4543 4534/4534/4534
f 4554/4554/4554 4552/4552/4552 4553/4553/4553
f 4552/4552/4552 4551/4551/4551 4553/4553/4553
f 4552/4552/4552 4549/4549/4549 4551/4551/4551
f 4549/4549/4549 4548/4548/4548 4547/4547/4547
f 4550/4550/4550 4549/4549/4549 4547/4547/4547
f 4551/4551/4551 4549/4549/4549 4550/4550/4550
f 4541/4541/4541 4499/4499/4499 4542/4542/4542
f 3306/3306/3306 3307/3307/3307 3419/3419/3419
f 3306/3306/3306 3419/3419/3419 3406/3406/3406
f 3419/3419/3419 3441/3441/3441 3285/3285/3285
f 3419/3419/3419 3307/3307/3307 3441/3441/3441
f 3278/3278/3278 3285/3285/3285 3277/3277/3277
f 3494/3494/3494 3491/3491/3491 3493/3493/3493
f 3285/3285/3285 3441/3441/3441 3442/3442/3442
f 3491/3491/3491 3492/3492/3492 3493/3493/3493
f 4489/4489/4489 4535/4535/4535 4538/4538/4538
f 4535/4535/4535 4489/4489/4489 4488/4488/4488
f 4489/4489/4489 4486/4486/4486 4488/4488/4488
f 4489/4489/4489 4499/4499/4499 4486/4486/4486
f 4499/4499/4499 4541/4541/4541 4504/4504/4504
f 4484/4484/4484 4499/4499/4499 4504/4504/4504
f 4486/4486/4486 4499/4499/4499 4484/4484/4484
f 4363/4363/4363 4385/4385/4385 4484/4484/4484
f 4363/4363/4363 4484/4484/4484 4504/4504/4504
f 4364/4364/4364 4385/4385/4385 4363/4363/4363
f 1928/1928/1928 1925/1925/1925 1927/1927/1927
f 3308/3308/3308 3305/3305/3305 3304/3304/3304
f 1923/1923/1923 1927/1927/1927 1925/1925/1925
f 3307/3307/3307 3306/3306/3306 3305/3305/3305
f 3308/3308/3308 3307/3307/3307 3305/3305/3305
f 3397/3397/3397 3307/3307/3307 3308/3308/3308
f 3499/3499/3499 3497/3497/3497 3498/3498/3498
f 3499/3499/3499 3500/3500/3500 3497/3497/3497
f 3495/3495/3495 3491/3491/3491 3496/3496/3496
f 3491/3491/3491 3497/3497/3497 3496/3496/3496
f 3491/3491/3491 3498/3498/3498 3497/3497/3497
f 3491/3491/3491 3495/3495/3495 3492/3492/3492
f 4486/4486/4486 4487/4487/4487 4488/4488/4488
f 4487/4487/4487 4486/4486/4486 4485/4485/4485
f 4485/4485/4485 4486/4486/4486 4484/4484/4484
f 4485/4485/4485 4484/4484/4484 4474/4474/4474
f 4474/4474/4474 4484/4484/4484 4385/4385/4385
f 4364/4364/4364 4366/4366/4366 4385/4385/4385
f 4366/4366/4366 4474/4474/4474 4385/4385/4385
f 4366/4366/4366 4475/4475/4475 4474/4474/4474
f 1930/1930/1930 1931/1931/1931 1926/1926/1926
f 4366/4366/4366 4476/4476/4476 4475/4475/4475
f 1928/1928/1928 1926/1926/1926 1925/1925/1925
f 1926/1926/1926 1924/1924/1924 1925/1925/1925
f 1926/1926/1926 1931/1931/1931 1924/1924/1924
f 1925/1925/1925 1924/1924/1924 1923/1923/1923
f 1923/1923/1923 1924/1924/1924 1917/1917/1917
f 1915/1915/1915 1918/1918/1918 1917/1917/1917
f 1918/1918/1918 1923/1923/1923 1917/1917/1917
f 1918/1918/1918 1922/1922/1922 1923/1923/1923
f 1921/1921/1921 1920/1920/1920 1919/1919/1919
f 1920/1920/1920 1918/1918/1918 1919/1919/1919
f 1920/1920/1920 1922/1922/1922 1918/1918/1918
f 3276/3276/3276 3274/3274/3274 3275/3275/3275
f 1915/1915/1915 1885/1885/1885 1918/1918/1918
f 1918/1918/1918 1885/1885/1885 1919/1919/1919
f 2357/2357/2357 2356/2356/2356 2358/2358/2358
f 2358/2358/2358 2356/2356/2356 2359/2359/2359
f 2360/2360/2360 2358/2358/2358 2361/2361/2361
f 2360/2360/2360 2357/2357/2357 2358/2358/2358
f 4623/4623/4623 4629/4629/4629 4621/4621/4621
f 4629/4629/4629 4622/4622/4622 4621/4621/4621
f 2360/2360/2360 2361/2361/2361 2363/2363/2363
f 4609/4609/4609 4621/4621/4621 4622/4622/4622
f 4348/4348/4348 4347/4347/4347 4346/4346/4346
f 4336/4336/4336 4335/4335/4335 4337/4337/4337
f 4623/4623/4623 4621/4621/4621 4607/4607/4607
f 4644/4644/4644 4645/4645/4645 4646/4646/4646
f 4608/4608/4608 4607/4607/4607 4609/4609/4609
f 4609/4609/4609 4607/4607/4607 4621/4621/4621
f 4524/4524/4524 4527/4527/4527 4525/4525/4525
f 4527/4527/4527 4529/4529/4529 4525/4525/4525
f 4334/4334/4334 4335/4335/4335 4336/4336/4336
f 4523/4523/4523 4524/4524/4524 4525/4525/4525
f 4646/4646/4646 4645/4645/4645 4647/4647/4647
f 4646/4646/4646 4647/4647/4647 4648/4648/4648
f 4628/4628/4628 4606/4606/4606 4608/4608/4608
f 4606/4606/4606 4607/4607/4607 4608/4608/4608
f 4606/4606/4606 4611/4611/4611 4607/4607/4607
f 4614/4614/4614 4606/4606/4606 4628/4628/4628
f 4524/4524/4524 4522/4522/4522 4527/4527/4527
f 4521/4521/4521 4514/4514/4514 4520/4520/4520
f 4521/4521/4521 4520/4520/4520 4522/4522/4522
f 4523/4523/4523 4521/4521/4521 4522/4522/4522
f 4524/4524/4524 4523/4523/4523 4522/4522/4522
f 4620/4620/4620 4631/4631/4631 4630/4630/4630
f 4611/4611/4611 4620/4620/4620 4630/4630/4630
f 4617/4617/4617 4620/4620/4620 4611/4611/4611
f 4612/4612/4612 4611/4611/4611 4606/4606/4606
f 4617/4617/4617 4611/4611/4611 4612/4612/4612
f 4627/4627/4627 4613/4613/4613 4614/4614/4614
f 4613/4613/4613 4606/4606/4606 4614/4614/4614
f 4613/4613/4613 4612/4612/4612 4606/4606/4606
f 4619/4619/4619 4613/4613/4613 4627/4627/4627
f 4514/4514/4514 4516/4516/4516 4520/4520/4520
f 4516/4516/4516 4514/4514/4514 4515/4515/4515
f 4514/4514/4514 4512/4512/4512 4515/4515/4515
f 4514/4514/4514 4513/4513/4513 4512/4512/4512
f 4618/4618/4618 4617/4617/4617 4612/4612/4612
f 4512/4512/4512 4513/4513/4513 4509/4509/4509
f 4615/4615/4615 4612/4612/4612 4613/4613/4613
f 4618/4618/4618 4612/4612/4612 4615/4615/4615
f 4626/4626/4626 4616/4616/4616 4619/4619/4619
f 4616/4616/4616 4613/4613/4613 4619/4619/4619
f 4616/4616/4616 4615/4615/4615 4613/4613/4613
f 3834/3834/3834 3831/3831/3831 3835/3835/3835
f 3835/3835/3835 3831/3831/3831 3836/3836/3836
f 3831/3831/3831 3834/3834/3834 3829/3829/3829
f 3834/3834/3834 3828/3828/3828 3829/3829/3829
f 2193/2193/2193 2190/2190/2190 2218/2218/2218
f 2195/2195/2195 2190/2190/2190 2189/2189/2189
f 2195/2195/2195 2218/2218/2218 2190/2190/2190
f 2196/2196/2196 2189/2189/2189 2198/2198/2198
f 2196/2196/2196 2195/2195/2195 2189/2189/2189
f 2199/2199/2199 2198/2198/2198 2220/2220/2220
f 2199/2199/2199 2196/2196/2196 2198/2198/2198
f 3284/3284/3284 3288/3288/3288 3289/3289/3289
f 3288/3288/3288 3290/3290/3290 3289/3289/3289
f 2208/2208/2208 2199/2199/2199 2220/2220/2220
f 3282/3282/3282 3283/3283/3283 3284/3284/3284
f 3284/3284/3284 3283/3283/3283 3288/3288/3288
f 3282/3282/3282 3281/3281/3281 3283/3283/3283
f 4512/4512/4512 4531/4531/4531 4515/4515/4515
f 4531/4531/4531 4512/4512/4512 4511/4511/4511
f 4511/4511/4511 4512/4512/4512 4509/4509/4509
f 4511/4511/4511 4509/4509/4509 4510/4510/4510
f 4509/4509/4509 4507/4507/4507 4510/4510/4510
f 4509/4509/4509 4508/4508/4508 4507/4507/4507
f 4624/4624/4624 4615/4615/4615 4616/4616/4616
f 4507/4507/4507 4508/4508/4508 4388/4388/4388
f 3831/3831/3831 3830/3830/3830 3832/3832/3832
f 3833/3833/3833 3831/3831/3831 3832/3832/3832
f 4616/4616/4616 4625/4625/4625 4624/4624/4624
f 3830/3830/3830 3831/3831/3831 3829/3829/3829
f 3367/3367/3367 3284/3284/3284 3289/3289/3289
f 3284/3284/3284 3367/3367/3367 3280/3280/3280
f 3284/3284/3284 3280/3280/3280 3282/3282/3282
f 3266/3266/3266 3279/3279/3279 3278/3278/3278
f 3278/3278/3278 3279/3279/3279 3280/3280/3280
f 3279/3279/3279 3281/3281/3281 3280/3280/3280
f 3281/3281/3281 3282/3282/3282 3280/3280/3280
f 3264/3264/3264 3425/3425/3425 3266/3266/3266
f 3266/3266/3266 3425/3425/3425 3279/3279/3279
f 3264/3264/3264 3262/3262/3262 3425/3425/3425
f 4546/4546/4546 4547/4547/4547 4548/4548/4548
f 4542/4542/4542 4507/4507/4507 4541/4541/4541
f 4507/4507/4507 4472/4472/4472 4541/4541/4541
f 4507/4507/4507 4388/4388/4388 4472/4472/4472
f 4388/4388/4388 4387/4387/4387 4386/4386/4386
f 4395/4395/4395 4388/4388/4388 4386/4386/4386
f 4472/4472/4472 4388/4388/4388 4395/4395/4395
f 4/4/4 5/5/5 6/6/6
f 3277/3277/3277 3266/3266/3266 3278/3278/3278
f 3266/3266/3266 3277/3277/3277 3267/3267/3267
f 3265/3265/3265 3266/3266/3266 3267/3267/3267
f 3264/3264/3264 3266/3266/3266 3265/3265/3265
f 3262/3262/3262 3264/3264/3264 3263/3263/3263
f 3263/3263/3263 3264/3264/3264 3265/3265/3265
f 4472/4472/4472 4504/4504/4504 4541/4541/4541
f 4504/4504/4504 4472/4472/4472 4363/4363/4363
f 4363/4363/4363 4472/4472/4472 4395/4395/4395
f 4359/4359/4359 4365/4365/4365 4364/4364/4364
f 4359/4359/4359 4364/4364/4364 4363/4363/4363
f 4361/4361/4361 4359/4359/4359 4363/4363/4363
f 4395/4395/4395 4361/4361/4361 4363/4363/4363
f 4380/4380/4380 4365/4365/4365 4359/4359/4359
f 3496/3496/3496 3501/3501/3501 3495/3495/3495
f 3265/3265/3265 3267/3267/3267 3271/3271/3271
f 3270/3270/3270 3265/3265/3265 3271/3271/3271
f 3269/3269/3269 3265/3265/3265 3270/3270/3270
f 3263/3263/3263 3265/3265/3265 3268/3268/3268
f 3268/3268/3268 3265/3265/3265 3269/3269/3269
f 4365/4365/4365 4366/4366/4366 4364/4364/4364
f 4380/4380/4380 4483/4483/4483 4365/4365/4365
f 4483/4483/4483 4366/4366/4366 4365/4365/4365
f 4483/4483/4483 4476/4476/4476 4366/4366/4366
f 1931/1931/1931 1954/1954/1954 1924/1924/1924
f 4556/4556/4556 4557/4557/4557 4558/4558/4558
f 1954/1954/1954 1955/1955/1955 1916/1916/1916
f 1917/1917/1917 1954/1954/1954 1916/1916/1916
f 1924/1924/1924 1954/1954/1954 1917/1917/1917
f 1916/1916/1916 1915/1915/1915 1917/1917/1917
f 1919/1919/1919 1886/1886/1886 1921/1921/1921
f 3270/3270/3270 3275/3275/3275 3274/3274/3274
f 3273/3273/3273 3270/3270/3270 3274/3274/3274
f 3272/3272/3272 3270/3270/3270 3273/3273/3273
f 1899/1899/1899 1898/1898/1898 1866/1866/1866
f 1898/1898/1898 1879/1879/1879 1866/1866/1866
f 3269/3269/3269 3270/3270/3270 3272/3272/3272
f 1898/1898/1898 1899/1899/1899 1901/1901/1901
f 1955/1955/1955 1900/1900/1900 1916/1916/1916
f 1916/1916/1916 1900/1900/1900 1915/1915/1915
f 1900/1900/1900 1885/1885/1885 1915/1915/1915
f 1900/1900/1900 1887/1887/1887 1885/1885/1885
f 1919/1919/1919 1885/1885/1885 1886/1886/1886
f 1885/1885/1885 1869/1869/1869 1886/1886/1886
f 1885/1885/1885 1887/1887/1887 1869/1869/1869
f 1886/1886/1886 1869/1869/1869 1879/1879/1879
f 1879/1879/1879 1869/1869/1869 1867/1867/1867
f 1879/1879/1879 1867/1867/1867 1866/1866/1866
f 2355/2355/2355 2356/2356/2356 2357/2357/2357
f 4629/4629/4629 4634/4634/4634 4635/4635/4635
f 4635/4635/4635 4634/4634/4634 4636/4636/4636
f 4623/4623/4623 4634/4634/4634 4629/4629/4629
f 4526/4526/4526 4529/4529/4529 4536/4536/4536
f 4536/4536/4536 4529/4529/4529 4537/4537/4537
f 4637/4637/4637 4636/4636/4636 4634/4634/4634
f 4643/4643/4643 4636/4636/4636 4637/4637/4637
f 4642/4642/4642 4637/4637/4637 4623/4623/4623
f 4623/4623/4623 4637/4637/4637 4634/4634/4634
f 4526/4526/4526 4525/4525/4525 4529/4529/4529
f 4525/4525/4525 4526/4526/4526 4523/4523/4523
f 4526/4526/4526 4528/4528/4528 4523/4523/4523
f 4651/4651/4651 4650/4650/4650 4649/4649/4649
f 4648/4648/4648 4649/4649/4649 4646/4646/4646
f 4646/4646/4646 4649/4649/4649 4650/4650/4650
f 4528/4528/4528 4521/4521/4521 4523/4523/4523
f 4631/4631/4631 4632/4632/4632 4630/4630/4630
f 3826/3826/3826 3829/3829/3829 3828/3828/3828
f 3826/3826/3826 3828/3828/3828 3825/3825/3825
f 3828/3828/3828 3838/3838/3838 3825/3825/3825
f 2218/2218/2218 2195/2195/2195 2224/2224/2224
f 2197/2197/2197 2195/2195/2195 2196/2196/2196
f 2197/2197/2197 2224/2224/2224 2195/2195/2195
f 2200/2200/2200 2196/2196/2196 2199/2199/2199
f 2200/2200/2200 2197/2197/2197 2196/2196/2196
f 2201/2201/2201 2199/2199/2199 2208/2208/2208
f 2201/2201/2201 2200/2200/2200 2199/2199/2199
f 2207/2207/2207 2208/2208/2208 2225/2225/2225
f 2207/2207/2207 2201/2201/2201 2208/2208/2208
f 3286/3286/3286 3287/3287/3287 3281/3281/3281
f 3287/3287/3287 3283/3283/3283 3281/3281/3281
f 2219/2219/2219 2207/2207/2207 2225/2225/2225
f 3417/3417/3417 3416/3416/3416 3286/3286/3286
f 3286/3286/3286 3416/3416/3416 3287/3287/3287
f 3417/3417/3417 3248/3248/3248 3416/3416/3416
f 3837/3837/3837 3832/3832/3832 3830/3830/3830
f 3829/3829/3829 3826/3826/3826 3830/3830/3830
f 3826/3826/3826 3837/3837/3837 3830/3830/3830
f 3826/3826/3826 3827/3827/3827 3837/3837/3837
f 3826/3826/3826 3825/3825/3825 3824/3824/3824
f 3826/3826/3826 3824/3824/3824 3827/3827/3827
f 3279/3279/3279 3286/3286/3286 3281/3281/3281
f 3286/3286/3286 3279/3279/3279 3425/3425/3425
f 3286/3286/3286 3425/3425/3425 3417/3417/3417
f 3249/3249/3249 3244/3244/3244 3262/3262/3262
f 3262/3262/3262 3244/3244/3244 3425/3425/3425
f 3244/3244/3244 3248/3248/3248 3425/3425/3425
f 3248/3248/3248 3417/3417/3417 3425/3425/3425
f 3249/3249/3249 3242/3242/3242 3244/3244/3244
f 4362/4362/4362 4386/4386/4386 4387/4387/4387
f 4386/4386/4386 4362/4362/4362 4361/4361/4361
f 4362/4362/4362 4360/4360/4360 4361/4361/4361
f 4362/4362/4362 4383/4383/4383 4360/4360/4360
f 4383/4383/4383 4482/4482/4482 4357/4357/4357
f 4383/4383/4383 4357/4357/4357 4360/4360/4360
f 3263/3263/3263 3403/3403/3403 3249/3249/3249
f 3263/3263/3263 3249/3249/3249 3262/3262/3262
f 3242/3242/3242 3249/3249/3249 3241/3241/3241
f 3249/3249/3249 3259/3259/3259 3241/3241/3241
f 3249/3249/3249 3403/3403/3403 3259/3259/3259
f 3259/3259/3259 3239/3239/3239 3241/3241/3241
f 4360/4360/4360 4359/4359/4359 4361/4361/4361
f 4352/4352/4352 4477/4477/4477 4380/4380/4380
f 4352/4352/4352 4380/4380/4380 4359/4359/4359
f 4357/4357/4357 4352/4352/4352 4359/4359/4359
f 4360/4360/4360 4357/4357/4357 4359/4359/4359
f 4367/4367/4367 4477/4477/4477 4352/4352/4352
f 3268/3268/3268 3408/3408/3408 3403/3403/3403
f 3268/3268/3268 3403/3403/3403 3263/3263/3263
f 3238/3238/3238 3259/3259/3259 3250/3250/3250
f 3259/3259/3259 3408/3408/3408 3250/3250/3250
f 3259/3259/3259 3403/3403/3403 3408/3408/3408
f 3259/3259/3259 3238/3238/3238 3239/3239/3239
f 4477/4477/4477 4483/4483/4483 4380/4380/4380
f 4367/4367/4367 4369/4369/4369 4477/4477/4477
f 4369/4369/4369 4483/4483/4483 4477/4477/4477
f 4369/4369/4369 4373/4373/4373 4483/4483/4483
f 4372/4372/4372 4373/4373/4373 4369/4369/4369
f 4372/4372/4372 4369/4369/4369 4370/4370/4370
f 1866/1866/1866 1871/1871/1871 1899/1899/1899
f 1902/1902/1902 1901/1901/1901 1899/1899/1899
f 1871/1871/1871 1902/1902/1902 1899/1899/1899
f 1872/1872/1872 1902/1902/1902 1871/1871/1871
f 1908/1908/1908 1902/1902/1902 1882/1882/1882
f 1882/1882/1882 1902/1902/1902 1872/1872/1872
f 4370/4370/4370 4374/4374/4374 4372/4372/4372
f 4372/4372/4372 4374/4374/4374 4377/4377/4377
f 1909/1909/1909 1913/1913/1913 1895/1895/1895
f 1887/1887/1887 1909/1909/1909 1895/1895/1895
f 1900/1900/1900 1909/1909/1909 1887/1887/1887
f 1870/1870/1870 1869/1869/1869 1887/1887/1887
f 1870/1870/1870 1887/1887/1887 1895/1895/1895
f 1868/1868/1868 1867/1867/1867 1869/1869/1869
f 1868/1868/1868 1869/1869/1869 1870/1870/1870
f 1868/1868/1868 1840/1840/1840 1867/1867/1867
f 1867/1867/1867 1840/1840/1840 1866/1866/1866
f 1840/1840/1840 1838/1838/1838 1866/1866/1866
f 1838/1838/1838 1871/1871/1871 1866/1866/1866
f 1871/1871/1871 1838/1838/1838 1872/1872/1872
f 1872/1872/1872 1838/1838/1838 1847/1847/1847
f 1872/1872/1872 1847/1847/1847 1882/1882/1882
f 1913/1913/1913 1833/1833/1833 1895/1895/1895
f 1895/1895/1895 1833/1833/1833 1870/1870/1870
f 1870/1870/1870 1833/1833/1833 1829/1829/1829
f 1870/1870/1870 1829/1829/1829 1868/1868/1868
f 1868/1868/1868 1829/1829/1829 1828/1828/1828
f 1868/1868/1868 1828/1828/1828 1840/1840/1840
f 3823/3823/3823 3825/3825/3825 3838/3838/3838
f 3815/3815/3815 3816/3816/3816 3838/3838/3838
f 3838/3838/3838 3816/3816/3816 3823/3823/3823
f 3816/3816/3816 3815/3815/3815 3814/3814/3814
f 3815/3815/3815 3812/3812/3812 3814/3814/3814
f 2197/2197/2197 2200/2200/2200 2206/2206/2206
f 2202/2202/2202 2200/2200/2200 2201/2201/2201
f 2202/2202/2202 2206/2206/2206 2200/2200/2200
f 2203/2203/2203 2201/2201/2201 2207/2207/2207
f 2203/2203/2203 2202/2202/2202 2201/2201/2201
f 2205/2205/2205 2207/2207/2207 2219/2219/2219
f 2205/2205/2205 2203/2203/2203 2207/2207/2207
f 2211/2211/2211 2219/2219/2219 2226/2226/2226
f 2211/2211/2211 2205/2205/2205 2219/2219/2219
f 3246/3246/3246 3247/3247/3247 3248/3248/3248
f 3247/3247/3247 3416/3416/3416 3248/3248/3248
f 2213/2213/2213 2211/2211/2211 2226/2226/2226
f 3246/3246/3246 3245/3245/3245 3247/3247/3247
f 3822/3822/3822 3824/3824/3824 3823/3823/3823
f 3823/3823/3823 3824/3824/3824 3825/3825/3825
f 3816/3816/3816 3817/3817/3817 3821/3821/3821
f 3822/3822/3822 3816/3816/3816 3821/3821/3821
f 3823/3823/3823 3816/3816/3816 3822/3822/3822
f 3817/3817/3817 3816/3816/3816 3814/3814/3814
f 3244/3244/3244 3246/3246/3246 3248/3248/3248
f 3240/3240/3240 3243/3243/3243 3242/3242/3242
f 3242/3242/3242 3243/3243/3243 3244/3244/3244
f 3243/3243/3243 3245/3245/3245 3244/3244/3244
f 3245/3245/3245 3246/3246/3246 3244/3244/3244
f 3399/3399/3399 3251/3251/3251 3240/3240/3240
f 3240/3240/3240 3251/3251/3251 3243/3243/3243
f 3399/3399/3399 3229/3229/3229 3251/3251/3251
f 4356/4356/4356 4357/4357/4357 4384/4384/4384
f 4384/4384/4384 4357/4357/4357 4482/4482/4482
f 4384/4384/4384 4355/4355/4355 4350/4350/4350
f 4384/4384/4384 4350/4350/4350 4356/4356/4356
f 3241/3241/3241 3240/3240/3240 3242/3242/3242
f 3240/3240/3240 3241/3241/3241 3239/3239/3239
f 3233/3233/3233 3240/3240/3240 3239/3239/3239
f 3399/3399/3399 3240/3240/3240 3233/3233/3233
f 3229/3229/3229 3399/3399/3399 3230/3230/3230
f 3230/3230/3230 3399/3399/3399 3233/3233/3233
f 4356/4356/4356 4352/4352/4352 4357/4357/4357
f 4351/4351/4351 4368/4368/4368 4367/4367/4367
f 4351/4351/4351 4367/4367/4367 4352/4352/4352
f 4350/4350/4350 4351/4351/4351 4352/4352/4352
f 4356/4356/4356 4350/4350/4350 4352/4352/4352
f 4371/4371/4371 4368/4368/4368 4351/4351/4351
f 3250/3250/3250 3237/3237/3237 3238/3238/3238
f 3233/3233/3233 3239/3239/3239 3238/3238/3238
f 3237/3237/3237 3233/3233/3233 3238/3238/3238
f 3236/3236/3236 3233/3233/3233 3237/3237/3237
f 3230/3230/3230 3233/3233/3233 3232/3232/3232
f 3232/3232/3232 3233/3233/3233 3236/3236/3236
f 4368/4368/4368 4369/4369/4369 4367/4367/4367
f 4370/4370/4370 4369/4369/4369 4368/4368/4368
f 4371/4371/4371 4370/4370/4370 4368/4368/4368
f 4478/4478/4478 4370/4370/4370 4371/4371/4371
f 1882/1882/1882 1881/1881/1881 1897/1897/1897
f 1882/1882/1882 1897/1897/1897 1908/1908/1908
f 1874/1874/1874 1880/1880/1880 1875/1875/1875
f 1880/1880/1880 1881/1881/1881 1875/1875/1875
f 1880/1880/1880 1897/1897/1897 1881/1881/1881
f 1880/1880/1880 1874/1874/1874 1883/1883/1883
f 4478/4478/4478 4375/4375/4375 4370/4370/4370
f 4370/4370/4370 4375/4375/4375 4374/4374/4374
f 4376/4376/4376 4374/4374/4374 4375/4375/4375
f 4376/4376/4376 4375/4375/4375 4378/4378/4378
f 1840/1840/1840 1839/1839/1839 1838/1838/1838
f 1838/1838/1838 1839/1839/1839 1837/1837/1837
f 1823/1823/1823 1838/1838/1838 1837/1837/1837
f 1847/1847/1847 1838/1838/1838 1823/1823/1823
f 1882/1882/1882 1847/1847/1847 1881/1881/1881
f 1847/1847/1847 1848/1848/1848 1881/1881/1881
f 1847/1847/1847 1823/1823/1823 1848/1848/1848
f 1881/1881/1881 1848/1848/1848 1875/1875/1875
f 1959/1959/1959 1834/1834/1834 1913/1913/1913
f 1913/1913/1913 1834/1834/1834 1833/1833/1833
f 1833/1833/1833 1830/1830/1830 1829/1829/1829
f 1834/1834/1834 1830/1830/1830 1833/1833/1833
f 1829/1829/1829 1827/1827/1827 1828/1828/1828
f 1830/1830/1830 1827/1827/1827 1829/1829/1829
f 1840/1840/1840 1828/1828/1828 1839/1839/1839
f 1828/1828/1828 1826/1826/1826 1839/1839/1839
f 1828/1828/1828 1827/1827/1827 1826/1826/1826
f 1839/1839/1839 1826/1826/1826 1837/1837/1837
f 5095/5095/5095 5109/5109/5109 5115/5115/5115
f 5067/5067/5067 5069/5069/5069 5115/5115/5115
f 5150/5150/5150 5148/5148/5148 5149/5149/5149
f 5067/5067/5067 5064/5064/5064 5069/5069/5069
f 940/940/940 938/938/938 937/937/937
f 937/937/937 938/938/938 936/936/936
f 5115/5115/5115 5110/5110/5110 5067/5067/5067
f 217/217/217 193/193/193 187/187/187
f 5064/5064/5064 5067/5067/5067 5065/5065/5065
f 5067/5067/5067 5068/5068/5068 5065/5065/5065
f 5067/5067/5067 5110/5110/5110 5068/5068/5068
f 5068/5068/5068 5066/5066/5066 5065/5065/5065
f 936/936/936 935/935/935 937/937/937
f 193/193/193 188/188/188 187/187/187
f 187/187/187 188/188/188 186/186/186
f 187/187/187 186/186/186 185/185/185
f 185/185/185 186/186/186 183/183/183
f 185/185/185 183/183/183 184/184/184
f 2231/2231/2231 2209/2209/2209 2210/2210/2210
f 2314/2314/2314 2301/2301/2301 2313/2313/2313
f 2313/2313/2313 2301/2301/2301 2303/2303/2303
f 3224/3224/3224 3223/3223/3223 3225/3225/3225
f 3225/3225/3225 3223/3223/3223 3226/3226/3226
f 3224/3224/3224 3220/3220/3220 3223/3223/3223
f 3813/3813/3813 3814/3814/3814 3812/3812/3812
f 3813/3813/3813 3812/3812/3812 3803/3803/3803
f 3812/3812/3812 3801/3801/3801 3803/3803/3803
f 2206/2206/2206 2202/2202/2202 2222/2222/2222
f 2204/2204/2204 2202/2202/2202 2203/2203/2203
f 2204/2204/2204 2222/2222/2222 2202/2202/2202
f 2205/2205/2205 2210/2210/2210 2209/2209/2209
f 2204/2204/2204 2205/2205/2205 2209/2209/2209
f 2203/2203/2203 2205/2205/2205 2204/2204/2204
f 2210/2210/2210 2205/2205/2205 2211/2211/2211
f 2210/2210/2210 2211/2211/2211 2212/2212/2212
f 2212/2212/2212 2211/2211/2211 2213/2213/2213
f 2212/2212/2212 2213/2213/2213 2214/2214/2214
f 3523/3523/3523 3521/3521/3521 3520/3520/3520
f 3520/3520/3520 3521/3521/3521 3522/3522/3522
f 2216/2216/2216 2215/2215/2215 2213/2213/2213
f 2215/2215/2215 2214/2214/2214 2213/2213/2213
f 3216/3216/3216 3214/3214/3214 3401/3401/3401
f 3401/3401/3401 3214/3214/3214 3217/3217/3217
f 3198/3198/3198 3200/3200/3200 3216/3216/3216
f 3216/3216/3216 3200/3200/3200 3214/3214/3214
f 3198/3198/3198 3199/3199/3199 3200/3200/3200
f 3819/3819/3819 3821/3821/3821 3817/3817/3817
f 3818/3818/3818 3819/3819/3819 3817/3817/3817
f 3818/3818/3818 3817/3817/3817 3814/3814/3814
f 3894/3894/3894 3818/3818/3818 3814/3814/3814
f 3813/3813/3813 3894/3894/3894 3814/3814/3814
f 3894/3894/3894 3813/3813/3813 3803/3803/3803
f 3243/3243/3243 3401/3401/3401 3245/3245/3245
f 3401/3401/3401 3243/3243/3243 3251/3251/3251
f 3401/3401/3401 3251/3251/3251 3216/3216/3216
f 3216/3216/3216 3251/3251/3251 3229/3229/3229
f 3228/3228/3228 3216/3216/3216 3229/3229/3229
f 3198/3198/3198 3216/3216/3216 3228/3228/3228
f 3199/3199/3199 3198/3198/3198 3197/3197/3197
f 3198/3198/3198 3195/3195/3195 3197/3197/3197
f 3198/3198/3198 3228/3228/3228 3195/3195/3195
f 3195/3195/3195 3196/3196/3196 3197/3197/3197
f 4353/4353/4353 4350/4350/4350 4354/4354/4354
f 4354/4354/4354 4350/4350/4350 4355/4355/4355
f 3819/3819/3819 3818/3818/3818 3820/3820/3820
f 4354/4354/4354 4358/4358/4358 4353/4353/4353
f 3230/3230/3230 3231/3231/3231 3228/3228/3228
f 3230/3230/3230 3228/3228/3228 3229/3229/3229
f 3228/3228/3228 3260/3260/3260 3195/3195/3195
f 3228/3228/3228 3231/3231/3231 3260/3260/3260
f 3196/3196/3196 3195/3195/3195 3194/3194/3194
f 3195/3195/3195 3193/3193/3193 3194/3194/3194
f 3195/3195/3195 3260/3260/3260 3193/3193/3193
f 3193/3193/3193 3192/3192/3192 3194/3194/3194
f 4353/4353/4353 4351/4351/4351 4350/4350/4350
f 4564/4564/4564 4575/4575/4575 4565/4565/4565
f 4564/4564/4564 4565/4565/4565 4566/4566/4566
f 4567/4567/4567 4564/4564/4564 4566/4566/4566
f 4353/4353/4353 4358/4358/4358 4351/4351/4351
f 4574/4574/4574 4575/4575/4575 4564/4564/4564
f 3232/3232/3232 3234/3234/3234 3231/3231/3231
f 3232/3232/3232 3231/3231/3231 3230/3230/3230
f 3231/3231/3231 3235/3235/3235 3260/3260/3260
f 3231/3231/3231 3234/3234/3234 3235/3235/3235
f 3191/3191/3191 3193/3193/3193 3254/3254/3254
f 3531/3531/3531 3533/3533/3533 3534/3534/3534
f 3531/3531/3531 3532/3532/3532 3533/3533/3533
f 3193/3193/3193 3191/3191/3191 3192/3192/3192
f 4379/4379/4379 4478/4478/4478 4382/4382/4382
f 4575/4575/4575 4576/4576/4576 4565/4565/4565
f 4382/4382/4382 4389/4389/4389 4381/4381/4381
f 4382/4382/4382 4381/4381/4381 4379/4379/4379
f 1875/1875/1875 1873/1873/1873 1874/1874/1874
f 1873/1873/1873 1858/1858/1858 1874/1874/1874
f 1874/1874/1874 1858/1858/1858 1883/1883/1883
f 1858/1858/1858 1857/1857/1857 1883/1883/1883
f 1857/1857/1857 1884/1884/1884 1883/1883/1883
f 1884/1884/1884 1857/1857/1857 1877/1877/1877
f 1877/1877/1877 1857/1857/1857 1860/1860/1860
f 1877/1877/1877 1860/1860/1860 1876/1876/1876
f 4379/4379/4379 4375/4375/4375 4478/4478/4478
f 4378/4378/4378 4375/4375/4375 4379/4379/4379
f 4381/4381/4381 4378/4378/4378 4379/4379/4379
f 2038/2038/2038 2039/2039/2039 2040/2040/2040
f 1837/1837/1837 1836/1836/1836 1823/1823/1823
f 1823/1823/1823 1836/1836/1836 1813/1813/1813
f 1812/1812/1812 1823/1823/1823 1813/1813/1813
f 1848/1848/1848 1823/1823/1823 1812/1812/1812
f 1875/1875/1875 1848/1848/1848 1873/1873/1873
f 1848/1848/1848 1835/1835/1835 1873/1873/1873
f 1848/1848/1848 1812/1812/1812 1835/1835/1835
f 1873/1873/1873 1835/1835/1835 1858/1858/1858
f 1834/1834/1834 1959/1959/1959 1896/1896/1896
f 1959/1959/1959 1958/1958/1958 1896/1896/1896
f 2039/2039/2039 2038/2038/2038 2034/2034/2034
f 1832/1832/1832 1830/1830/1830 1834/1834/1834
f 1832/1832/1832 1834/1834/1834 1896/1896/1896
f 1831/1831/1831 1827/1827/1827 1830/1830/1830
f 1831/1831/1831 1830/1830/1830 1832/1832/1832
f 1827/1827/1827 1831/1831/1831 1825/1825/1825
f 1815/1815/1815 1827/1827/1827 1825/1825/1825
f 1826/1826/1826 1827/1827/1827 1815/1815/1815
f 1837/1837/1837 1826/1826/1826 1836/1836/1836
f 1826/1826/1826 1811/1811/1811 1836/1836/1836
f 1826/1826/1826 1815/1815/1815 1811/1811/1811
f 1836/1836/1836 1811/1811/1811 1813/1813/1813
f 1958/1958/1958 1889/1889/1889 1896/1896/1896
f 1896/1896/1896 1889/1889/1889 1832/1832/1832
f 1832/1832/1832 1889/1889/1889 1843/1843/1843
f 1832/1832/1832 1843/1843/1843 1831/1831/1831
f 1831/1831/1831 1843/1843/1843 1841/1841/1841
f 1831/1831/1831 1841/1841/1841 1825/1825/1825
f 630/630/630 615/615/615 631/631/631
f 5092/5092/5092 5090/5090/5090 5091/5091/5091
f 5091/5091/5091 5090/5090/5090 5089/5089/5089
f 5146/5146/5146 5143/5143/5143 5147/5147/5147
f 5092/5092/5092 5093/5093/5093 5090/5090/5090
f 5146/5146/5146 5142/5142/5142 5143/5143/5143
f 631/631/631 615/615/615 632/632/632
f 632/632/632 615/615/615 633/633/633
f 5094/5094/5094 5109/5109/5109 5095/5095/5095
f 5092/5092/5092 5094/5094/5094 5095/5095/5095
f 5091/5091/5091 5094/5094/5094 5092/5092/5092
f 5147/5147/5147 5149/5149/5149 5148/5148/5148
f 5147/5147/5147 5148/5148/5148 5146/5146/5146
f 5062/5062/5062 5063/5063/5063 5064/5064/5064
f 5064/5064/5064 5063/5063/5063 5069/5069/5069
f 5063/5063/5063 5113/5113/5113 5069/5069/5069
f 5142/5142/5142 5146/5146/5146 5148/5148/5148
f 5061/5061/5061 5060/5060/5060 5062/5062/5062
f 5062/5062/5062 5060/5060/5060 5063/5063/5063
f 5061/5061/5061 5059/5059/5059 5060/5060/5060
f 939/939/939 928/928/928 934/934/934
f 934/934/934 928/928/928 929/929/929
f 934/934/934 936/936/936 938/938/938
f 934/934/934 938/938/938 939/939/939
f 5065/5065/5065 5062/5062/5062 5064/5064/5064
f 5062/5062/5062 5065/5065/5065 5066/5066/5066
f 182/182/182 210/210/210 184/184/184
f 209/209/209 210/210/210 182/182/182
f 207/207/207 209/209/209 181/181/181
f 181/181/181 209/209/209 182/182/182
f 929/929/929 933/933/933 934/934/934
f 1371/1371/1371 1383/1383/1383 1379/1379/1379
f 1371/1371/1371 1379/1379/1379 1377/1377/1377
f 934/934/934 933/933/933 935/935/935
f 936/936/936 934/934/934 935/935/935
f 1376/1376/1376 1374/1374/1374 1377/1377/1377
f 1376/1376/1376 1377/1377/1377 1379/1379/1379
f 1374/1374/1374 1376/1376/1376 1363/1363/1363
f 1361/1361/1361 1374/1374/1374 1363/1363/1363
f 183/183/183 186/186/186 189/189/189
f 184/184/184 183/183/183 182/182/182
f 183/183/183 180/180/180 182/182/182
f 183/183/183 189/189/189 180/180/180
f 182/182/182 180/180/180 181/181/181
f 1383/1383/1383 1392/1392/1392 1379/1379/1379
f 1379/1379/1379 1392/1392/1392 1376/1376/1376
f 1376/1376/1376 1392/1392/1392 1381/1381/1381
f 1376/1376/1376 1381/1381/1381 1363/1363/1363
f 3905/3905/3905 3903/3903/3903 3906/3906/3906
f 2231/2231/2231 2217/2217/2217 2209/2209/2209
f 2302/2302/2302 2303/2303/2303 2301/2301/2301
f 2302/2302/2302 2308/2308/2308 2303/2303/2303
f 2299/2299/2299 2301/2301/2301 2300/2300/2300
f 2299/2299/2299 2302/2302/2302 2301/2301/2301
f 3215/3215/3215 3219/3219/3219 3220/3220/3220
f 3219/3219/3219 3223/3223/3223 3220/3220/3220
f 2298/2298/2298 2299/2299/2299 2300/2300/2300
f 3213/3213/3213 3218/3218/3218 3215/3215/3215
f 3215/3215/3215 3218/3218/3218 3219/3219/3219
f 3203/3203/3203 3227/3227/3227 3213/3213/3213
f 3213/3213/3213 3227/3227/3227 3218/3218/3218
f 3203/3203/3203 3202/3202/3202 3227/3227/3227
f 3800/3800/3800 3803/3803/3803 3801/3801/3801
f 3800/3800/3800 3801/3801/3801 3798/3798/3798
f 3801/3801/3801 3802/3802/3802 3798/3798/3798
f 2222/2222/2222 2204/2204/2204 2223/2223/2223
f 2204/2204/2204 2209/2209/2209 2217/2217/2217
f 2204/2204/2204 2217/2217/2217 2223/2223/2223
f 2216/2216/2216 2221/2221/2221 2215/2215/2215
f 3215/3215/3215 3217/3217/3217 3214/3214/3214
f 3215/3215/3215 3214/3214/3214 3213/3213/3213
f 3213/3213/3213 3214/3214/3214 3200/3200/3200
f 3213/3213/3213 3200/3200/3200 3203/3203/3203
f 3252/3252/3252 3201/3201/3201 3199/3199/3199
f 3199/3199/3199 3201/3201/3201 3200/3200/3200
f 3201/3201/3201 3202/3202/3202 3200/3200/3200
f 3202/3202/3202 3203/3203/3203 3200/3200/3200
f 3211/3211/3211 3208/3208/3208 3252/3252/3252
f 3252/3252/3252 3208/3208/3208 3201/3201/3201
f 3211/3211/3211 3209/3209/3209 3208/3208/3208
f 3912/3912/3912 3818/3818/3818 3894/3894/3894
f 3811/3811/3811 3912/3912/3912 3894/3894/3894
f 3811/3811/3811 3894/3894/3894 3803/3803/3803
f 3799/3799/3799 3811/3811/3811 3803/3803/3803
f 3800/3800/3800 3799/3799/3799 3803/3803/3803
f 3799/3799/3799 3800/3800/3800 3798/3798/3798
f 3197/3197/3197 3252/3252/3252 3199/3199/3199
f 3252/3252/3252 3197/3197/3197 3196/3196/3196
f 3422/3422/3422 3252/3252/3252 3196/3196/3196
f 3211/3211/3211 3252/3252/3252 3422/3422/3422
f 3209/3209/3209 3211/3211/3211 3212/3212/3212
f 3489/3489/3489 3487/3487/3487 3488/3488/3488
f 3489/3489/3489 3490/3490/3490 3487/3487/3487
f 3487/3487/3487 3485/3485/3485 3488/3488/3488
f 3913/3913/3913 3820/3820/3820 3912/3912/3912
f 3912/3912/3912 3820/3820/3820 3818/3818/3818
f 3912/3912/3912 3811/3811/3811 3808/3808/3808
f 3912/3912/3912 3808/3808/3808 3913/3913/3913
f 3194/3194/3194 3422/3422/3422 3196/3196/3196
f 3422/3422/3422 3194/3194/3194 3192/3192/3192
f 3186/3186/3186 3422/3422/3422 3192/3192/3192
f 3187/3187/3187 3422/3422/3422 3186/3186/3186
f 3485/3485/3485 3487/3487/3487 3486/3486/3486
f 3187/3187/3187 3184/3184/3184 3188/3188/3188
f 3187/3187/3187 3186/3186/3186 3184/3184/3184
f 3184/3184/3184 3253/3253/3253 3188/3188/3188
f 4568/4568/4568 4564/4564/4564 4567/4567/4567
f 4393/4393/4393 4390/4390/4390 4389/4389/4389
f 4570/4570/4570 4574/4574/4574 4564/4564/4564
f 4569/4569/4569 4570/4570/4570 4564/4564/4564
f 4568/4568/4568 4569/4569/4569 4564/4564/4564
f 4394/4394/4394 4390/4390/4390 4393/4393/4393
f 3254/3254/3254 3190/3190/3190 3191/3191/3191
f 3186/3186/3186 3192/3192/3192 3191/3191/3191
f 3190/3190/3190 3186/3186/3186 3191/3191/3191
f 3189/3189/3189 3186/3186/3186 3190/3190/3190
f 3186/3186/3186 3185/3185/3185 3184/3184/3184
f 3186/3186/3186 3189/3189/3189 3185/3185/3185
f 3253/3253/3253 3184/3184/3184 3182/3182/3182
f 3184/3184/3184 3183/3183/3183 3182/3182/3182
f 3184/3184/3184 3185/3185/3185 3183/3183/3183
f 3183/3183/3183 3181/3181/3181 3182/3182/3182
f 4391/4391/4391 4381/4381/4381 4390/4390/4390
f 4390/4390/4390 4381/4381/4381 4389/4389/4389
f 4390/4390/4390 4394/4394/4394 4392/4392/4392
f 4390/4390/4390 4392/4392/4392 4391/4391/4391
f 1858/1858/1858 1850/1850/1850 1857/1857/1857
f 1856/1856/1856 1860/1860/1860 1857/1857/1857
f 1856/1856/1856 1857/1857/1857 1850/1850/1850
f 1856/1856/1856 1852/1852/1852 1860/1860/1860
f 1860/1860/1860 1852/1852/1852 1876/1876/1876
f 1852/1852/1852 1853/1853/1853 1876/1876/1876
f 1853/1853/1853 1878/1878/1878 1876/1876/1876
f 1878/1878/1878 1853/1853/1853 1891/1891/1891
f 1891/1891/1891 1853/1853/1853 1888/1888/1888
f 1891/1891/1891 1888/1888/1888 1892/1892/1892
f 1892/1892/1892 1888/1888/1888 1893/1893/1893
f 1892/1892/1892 1893/1893/1893 1894/1894/1894
f 1894/1894/1894 1893/1893/1893 1911/1911/1911
f 1894/1894/1894 1911/1911/1911 1912/1912/1912
f 1731/1731/1731 1734/1734/1734 1733/1733/1733
f 2035/2035/2035 2040/2040/2040 2041/2041/2041
f 2035/2035/2035 2038/2038/2038 2040/2040/2040
f 1731/1731/1731 1733/1733/1733 1732/1732/1732
f 1813/1813/1813 1814/1814/1814 1812/1812/1812
f 1812/1812/1812 1814/1814/1814 1807/1807/1807
f 1804/1804/1804 1812/1812/1812 1807/1807/1807
f 1835/1835/1835 1812/1812/1812 1804/1804/1804
f 1858/1858/1858 1835/1835/1835 1850/1850/1850
f 1835/1835/1835 1805/1805/1805 1850/1850/1850
f 1835/1835/1835 1804/1804/1804 1805/1805/1805
f 1850/1850/1850 1805/1805/1805 1856/1856/1856
f 1856/1856/1856 1805/1805/1805 1809/1809/1809
f 1856/1856/1856 1809/1809/1809 1852/1852/1852
f 2035/2035/2035 2034/2034/2034 2038/2038/2038
f 2033/2033/2033 2034/2034/2034 2035/2035/2035
f 1824/1824/1824 1796/1796/1796 1815/1815/1815
f 1824/1824/1824 1815/1815/1815 1825/1825/1825
f 1815/1815/1815 1795/1795/1795 1811/1811/1811
f 1796/1796/1796 1795/1795/1795 1815/1815/1815
f 1813/1813/1813 1811/1811/1811 1814/1814/1814
f 1811/1811/1811 1791/1791/1791 1814/1814/1814
f 1811/1811/1811 1795/1795/1795 1791/1791/1791
f 1814/1814/1814 1791/1791/1791 1807/1807/1807
f 1889/1889/1889 1958/1958/1958 1890/1890/1890
f 1958/1958/1958 1956/1956/1956 1890/1890/1890
f 2034/2034/2034 2033/2033/2033 2037/2037/2037
f 1845/1845/1845 1843/1843/1843 1889/1889/1889
f 1845/1845/1845 1889/1889/1889 1890/1890/1890
f 1843/1843/1843 1845/1845/1845 1844/1844/1844
f 1842/1842/1842 1843/1843/1843 1844/1844/1844
f 1841/1841/1841 1843/1843/1843 1842/1842/1842
f 1825/1825/1825 1841/1841/1841 1824/1824/1824
f 1824/1824/1824 1841/1841/1841 1842/1842/1842
f 619/619/619 618/618/618 617/617/617
f 4868/4868/4868 4866/4866/4866 4865/4865/4865
f 1956/1956/1956 1865/1865/1865 1890/1890/1890
f 1890/1890/1890 1865/1865/1865 1845/1845/1845
f 1845/1845/1845 1865/1865/1865 1862/1862/1862
f 1845/1845/1845 1862/1862/1862 1844/1844/1844
f 611/611/611 610/610/610 612/612/612
f 611/611/611 612/612/612 618/618/618
f 618/618/618 612/612/612 617/617/617
f 612/612/612 615/615/615 617/617/617
f 615/615/615 630/630/630 617/617/617
f 5086/5086/5086 5087/5087/5087 5088/5088/5088
f 5089/5089/5089 5086/5086/5086 5088/5088/5088
f 5090/5090/5090 5086/5086/5086 5089/5089/5089
f 5098/5098/5098 5090/5090/5090 5093/5093/5093
f 5098/5098/5098 5086/5086/5086 5090/5090/5090
f 5139/5139/5139 5141/5141/5141 5142/5142/5142
f 5141/5141/5141 5143/5143/5143 5142/5142/5142
f 5141/5141/5141 5144/5144/5144 5143/5143/5143
f 5058/5058/5058 5111/5111/5111 5070/5070/5070
f 5139/5139/5139 5140/5140/5140 5141/5141/5141
f 5055/5055/5055 5074/5074/5074 5058/5058/5058
f 5058/5058/5058 5074/5074/5074 5111/5111/5111
f 5055/5055/5055 5053/5053/5053 5074/5074/5074
f 612/612/612 610/610/610 613/613/613
f 613/613/613 610/610/610 614/614/614
f 613/613/613 633/633/633 615/615/615
f 613/613/613 615/615/615 612/612/612
f 5145/5145/5145 5139/5139/5139 5142/5142/5142
f 5070/5070/5070 5063/5063/5063 5060/5060/5060
f 5070/5070/5070 5060/5060/5060 5058/5058/5058
f 5058/5058/5058 5060/5060/5060 5059/5059/5059
f 5057/5057/5057 5058/5058/5058 5059/5059/5059
f 5055/5055/5055 5058/5058/5058 5057/5057/5057
f 5053/5053/5053 5055/5055/5055 5054/5054/5054
f 5055/5055/5055 5056/5056/5056 5054/5054/5054
f 5055/5055/5055 5057/5057/5057 5056/5056/5056
f 5076/5076/5076 5075/5075/5075 5056/5056/5056
f 5056/5056/5056 5075/5075/5075 5054/5054/5054
f 5076/5076/5076 5112/5112/5112 5075/5075/5075
f 927/927/927 923/923/923 926/926/926
f 926/926/926 923/923/923 924/924/924
f 926/926/926 929/929/929 928/928/928
f 926/926/926 928/928/928 927/927/927
f 181/181/181 178/178/178 191/191/191
f 181/181/181 191/191/191 207/207/207
f 191/191/191 173/173/173 190/190/190
f 191/191/191 178/178/178 173/173/173
f 175/175/175 174/174/174 172/172/172
f 174/174/174 173/173/173 172/172/172
f 174/174/174 190/190/190 173/173/173
f 174/174/174 175/175/175 176/176/176
f 924/924/924 930/930/930 926/926/926
f 926/926/926 930/930/930 929/929/929
f 930/930/930 933/933/933 929/929/929
f 1390/1390/1390 1370/1370/1370 1371/1371/1371
f 1368/1368/1368 1364/1364/1364 1383/1383/1383
f 1371/1371/1371 1368/1368/1368 1383/1383/1383
f 1370/1370/1370 1368/1368/1368 1371/1371/1371
f 1360/1360/1360 1362/1362/1362 1364/1364/1364
f 1360/1360/1360 1364/1364/1364 1368/1368/1368
f 1361/1361/1361 1363/1363/1363 1362/1362/1362
f 1360/1360/1360 1361/1361/1361 1362/1362/1362
f 1358/1358/1358 1361/1361/1361 1360/1360/1360
f 1361/1361/1361 1357/1357/1357 1386/1386/1386
f 1358/1358/1358 1357/1357/1357 1361/1361/1361
f 181/181/181 180/180/180 178/178/178
f 180/180/180 177/177/177 178/178/178
f 1386/1386/1386 1357/1357/1357 1366/1366/1366
f 178/178/178 177/177/177 173/173/173
f 173/173/173 177/177/177 171/171/171
f 173/173/173 171/171/171 172/172/172
f 1364/1364/1364 1392/1392/1392 1383/1383/1383
f 1392/1392/1392 1364/1364/1364 1381/1381/1381
f 1381/1381/1381 1364/1364/1364 1362/1362/1362
f 1381/1381/1381 1362/1362/1362 1363/1363/1363
f 5172/5172/5172 5173/5173/5173 5174/5174/5174
f 5166/5166/5166 5167/5167/5167 5168/5168/5168
f 5175/5175/5175 5176/5176/5176 5177/5177/5177
f 5169/5169/5169 5170/5170/5170 5171/5171/5171
f 3904/3904/3904 3903/3903/3903 3905/3905/3905
f 4030/4030/4030 4032/4032/4032 4031/4031/4031
f 4032/4032/4032 4033/4033/4033 4031/4031/4031
f 2308/2308/2308 2302/2302/2302 2307/2307/2307
f 2304/2304/2304 2302/2302/2302 2299/2299/2299
f 2304/2304/2304 2307/2307/2307 2302/2302/2302
f 2297/2297/2297 2299/2299/2299 2298/2298/2298
f 2297/2297/2297 2304/2304/2304 2299/2299/2299
f 3221/3221/3221 3219/3219/3219 3218/3218/3218
f 2289/2289/2289 2297/2297/2297 2298/2298/2298
f 3222/3222/3222 3218/3218/3218 3227/3227/3227
f 3222/3222/3222 3221/3221/3221 3218/3218/3218
f 3204/3204/3204 3205/3205/3205 3202/3202/3202
f 3205/3205/3205 3227/3227/3227 3202/3202/3202
f 3524/3524/3524 3525/3525/3525 3526/3526/3526
f 3207/3207/3207 3206/3206/3206 3204/3204/3204
f 3204/3204/3204 3206/3206/3206 3205/3205/3205
f 3473/3473/3473 3475/3475/3475 3479/3479/3479
f 3479/3479/3479 3475/3475/3475 3478/3478/3478
f 3473/3473/3473 3474/3474/3474 3475/3475/3475
f 3806/3806/3806 3798/3798/3798 3802/3802/3802
f 4025/4025/4025 4028/4028/4028 4026/4026/4026
f 4025/4025/4025 4026/4026/4026 4027/4027/4027
f 3764/3764/3764 3768/3768/3768 3903/3903/3903
f 3904/3904/3904 3764/3764/3764 3903/3903/3903
f 4029/4029/4029 4030/4030/4030 4031/4031/4031
f 3201/3201/3201 3204/3204/3204 3202/3202/3202
f 3204/3204/3204 3201/3201/3201 3208/3208/3208
f 3204/3204/3204 3208/3208/3208 3207/3207/3207
f 3207/3207/3207 3208/3208/3208 3209/3209/3209
f 3210/3210/3210 3207/3207/3207 3209/3209/3209
f 3405/3405/3405 3207/3207/3207 3210/3210/3210
f 3114/3114/3114 3405/3405/3405 3059/3059/3059
f 3405/3405/3405 3072/3072/3072 3059/3059/3059
f 3480/3480/3480 3481/3481/3481 3482/3482/3482
f 3060/3060/3060 3053/3053/3053 3072/3072/3072
f 3072/3072/3072 3053/3053/3053 3059/3059/3059
f 3060/3060/3060 3054/3054/3054 3053/3053/3053
f 3804/3804/3804 3811/3811/3811 3799/3799/3799
f 3797/3797/3797 3804/3804/3804 3799/3799/3799
f 3797/3797/3797 3799/3799/3799 3798/3798/3798
f 3795/3795/3795 3797/3797/3797 3798/3798/3798
f 3806/3806/3806 3795/3795/3795 3798/3798/3798
f 3795/3795/3795 3806/3806/3806 3768/3768/3768
f 3212/3212/3212 3210/3210/3210 3209/3209/3209
f 3481/3481/3481 3488/3488/3488 3485/3485/3485
f 3483/3483/3483 3481/3481/3481 3485/3485/3485
f 3482/3482/3482 3481/3481/3481 3483/3483/3483
f 3072/3072/3072 3415/3415/3415 3060/3060/3060
f 3482/3482/3482 3483/3483/3483 3484/3484/3484
f 3054/3054/3054 3060/3060/3060 3061/3061/3061
f 3060/3060/3060 3062/3062/3062 3061/3061/3061
f 3060/3060/3060 3415/3415/3415 3062/3062/3062
f 3062/3062/3062 3063/3063/3063 3061/3061/3061
f 3807/3807/3807 3808/3808/3808 3804/3804/3804
f 3804/3804/3804 3808/3808/3808 3811/3811/3811
f 3804/3804/3804 3797/3797/3797 3805/3805/3805
f 3804/3804/3804 3805/3805/3805 3807/3807/3807
f 3486/3486/3486 3483/3483/3483 3485/3485/3485
f 3409/3409/3409 3188/3188/3188 3253/3253/3253
f 3180/3180/3180 3409/3409/3409 3253/3253/3253
f 3415/3415/3415 3409/3409/3409 3180/3180/3180
f 3415/3415/3415 3077/3077/3077 3062/3062/3062
f 3415/3415/3415 3180/3180/3180 3077/3077/3077
f 3063/3063/3063 3062/3062/3062 3064/3064/3064
f 3062/3062/3062 3076/3076/3076 3064/3064/3064
f 3062/3062/3062 3077/3077/3077 3076/3076/3076
f 3076/3076/3076 3115/3115/3115 3064/3064/3064
f 4571/4571/4571 4570/4570/4570 4569/4569/4569
f 4473/4473/4473 4396/4396/4396 4394/4394/4394
f 4473/4473/4473 4394/4394/4394 4393/4393/4393
f 4572/4572/4572 4573/4573/4573 4570/4570/4570
f 4571/4571/4571 4572/4572/4572 4570/4570/4570
f 4399/4399/4399 4396/4396/4396 4473/4473/4473
f 3182/3182/3182 3180/3180/3180 3253/3253/3253
f 3180/3180/3180 3182/3182/3182 3181/3181/3181
f 3113/3113/3113 3180/3180/3180 3181/3181/3181
f 3077/3077/3077 3180/3180/3180 3113/3113/3113
f 3077/3077/3077 3078/3078/3078 3076/3076/3076
f 3077/3077/3077 3113/3113/3113 3078/3078/3078
f 3115/3115/3115 3076/3076/3076 3079/3079/3079
f 3079/3079/3079 3076/3076/3076 3078/3078/3078
f 4397/4397/4397 4392/4392/4392 4396/4396/4396
f 4396/4396/4396 4392/4392/4392 4394/4394/4394
f 4396/4396/4396 4399/4399/4399 4398/4398/4398
f 4396/4396/4396 4398/4398/4398 4397/4397/4397
f 1852/1852/1852 1851/1851/1851 1853/1853/1853
f 1861/1861/1861 1888/1888/1888 1853/1853/1853
f 1861/1861/1861 1853/1853/1853 1851/1851/1851
f 1905/1905/1905 1893/1893/1893 1888/1888/1888
f 1905/1905/1905 1888/1888/1888 1861/1861/1861
f 1654/1654/1654 1659/1659/1659 1656/1656/1656
f 1654/1654/1654 1656/1656/1656 1655/1655/1655
f 1658/1658/1658 1660/1660/1660 1659/1659/1659
f 1654/1654/1654 1658/1658/1658 1659/1659/1659
f 1657/1657/1657 1658/1658/1658 1654/1654/1654
f 3113/3113/3113 3081/3081/3081 3078/3078/3078
f 3113/3113/3113 3091/3091/3091 3081/3081/3081
f 3079/3079/3079 3078/3078/3078 3080/3080/3080
f 3080/3080/3080 3078/3078/3078 3081/3081/3081
f 1724/1724/1724 1734/1734/1734 1731/1731/1731
f 1732/1732/1732 1726/1726/1726 1731/1731/1731
f 1726/1726/1726 1724/1724/1724 1731/1731/1731
f 1726/1726/1726 1721/1721/1721 1724/1724/1724
f 1726/1726/1726 1727/1727/1727 1723/1723/1723
f 1726/1726/1726 1723/1723/1723 1721/1721/1721
f 7/7/7 8/8/8 9/9/9
f 1806/1806/1806 1804/1804/1804 1807/1807/1807
f 1797/1797/1797 1794/1794/1794 1798/1798/1798
f 1804/1804/1804 1806/1806/1806 1803/1803/1803
f 1802/1802/1802 1804/1804/1804 1803/1803/1803
f 1805/1805/1805 1804/1804/1804 1802/1802/1802
f 1805/1805/1805 1808/1808/1808 1809/1809/1809
f 1802/1802/1802 1808/1808/1808 1805/1805/1805
f 1852/1852/1852 1809/1809/1809 1851/1851/1851
f 1809/1809/1809 1810/1810/1810 1851/1851/1851
f 1809/1809/1809 1808/1808/1808 1810/1810/1810
f 1851/1851/1851 1810/1810/1810 1861/1861/1861
f 1861/1861/1861 1810/1810/1810 1906/1906/1906
f 1861/1861/1861 1906/1906/1906 1905/1905/1905
f 1905/1905/1905 1906/1906/1906 1910/1910/1910
f 1685/1685/1685 1653/1653/1653 1661/1661/1661
f 1653/1653/1653 1655/1655/1655 1661/1661/1661
f 1653/1653/1653 1654/1654/1654 1655/1655/1655
f 1654/1654/1654 1651/1651/1651 1657/1657/1657
f 1654/1654/1654 1653/1653/1653 1651/1651/1651
f 3091/3091/3091 3083/3083/3083 3081/3081/3081
f 1657/1657/1657 1651/1651/1651 1650/1650/1650
f 3080/3080/3080 3081/3081/3081 3082/3082/3082
f 3082/3082/3082 3081/3081/3081 3083/3083/3083
f 1711/1711/1711 1735/1735/1735 1724/1724/1724
f 1735/1735/1735 1734/1734/1734 1724/1724/1724
f 2036/2036/2036 2033/2033/2033 2035/2035/2035
f 1711/1711/1711 1724/1724/1724 1721/1721/1721
f 1711/1711/1711 1721/1721/1721 1720/1720/1720
f 10/10/10 11/11/11 12/12/12
f 13/13/13 14/14/14 15/15/15
f 1796/1796/1796 1855/1855/1855 1854/1854/1854
f 1792/1792/1792 1796/1796/1796 1854/1854/1854
f 1795/1795/1795 1796/1796/1796 1792/1792/1792
f 1794/1794/1794 1791/1791/1791 1793/1793/1793
f 1791/1791/1791 1792/1792/1792 1793/1793/1793
f 1791/1791/1791 1795/1795/1795 1792/1792/1792
f 1794/1794/1794 1797/1797/1797 1791/1791/1791
f 1797/1797/1797 1799/1799/1799 1791/1791/1791
f 1806/1806/1806 1807/1807/1807 1791/1791/1791
f 1806/1806/1806 1791/1791/1791 1799/1799/1799
f 1806/1806/1806 1799/1799/1799 1803/1803/1803
f 1685/1685/1685 1652/1652/1652 1653/1653/1653
f 1653/1653/1653 1652/1652/1652 1651/1651/1651
f 1651/1651/1651 1652/1652/1652 1649/1649/1649
f 1651/1651/1651 1649/1649/1649 1650/1650/1650
f 1650/1650/1650 1649/1649/1649 1647/1647/1647
f 1650/1650/1650 1647/1647/1647 1648/1648/1648
f 4998/4998/4998 4999/4999/4999 4997/4997/4997
f 4996/4996/4996 4998/4998/4998 4997/4997/4997
f 4995/4995/4995 4996/4996/4996 4997/4997/4997
f 2033/2033/2033 2036/2036/2036 2037/2037/2037
f 1844/1844/1844 1846/1846/1846 1842/1842/1842
f 1846/1846/1846 1849/1849/1849 1842/1842/1842
f 1842/1842/1842 1849/1849/1849 1824/1824/1824
f 1849/1849/1849 1859/1859/1859 1824/1824/1824
f 1859/1859/1859 1855/1855/1855 1824/1824/1824
f 1855/1855/1855 1859/1859/1859 1854/1854/1854
f 609/609/609 606/606/606 608/608/608
f 618/618/618 619/619/619 608/608/608
f 619/619/619 609/609/609 608/608/608
f 4865/4865/4865 4864/4864/4864 4863/4863/4863
f 4865/4865/4865 4866/4866/4866 4864/4864/4864
f 4864/4864/4864 4866/4866/4866 4867/4867/4867
f 5041/5041/5041 5107/5107/5107 5036/5036/5036
f 5001/5001/5001 5013/5013/5013 5036/5036/5036
f 5036/5036/5036 5013/5013/5013 5041/5041/5041
f 5013/5013/5013 5001/5001/5001 4999/4999/4999
f 5001/5001/5001 4997/4997/4997 4999/4999/4999
f 219/219/219 214/214/214 220/220/220
f 1904/1904/1904 1865/1865/1865 1956/1956/1956
f 1957/1957/1957 1904/1904/1904 1956/1956/1956
f 214/214/214 213/213/213 220/220/220
f 1865/1865/1865 1904/1904/1904 1903/1903/1903
f 1864/1864/1864 1865/1865/1865 1903/1903/1903
f 1862/1862/1862 1865/1865/1865 1864/1864/1864
f 1844/1844/1844 1862/1862/1862 1846/1846/1846
f 1862/1862/1862 1863/1863/1863 1846/1846/1846
f 1862/1862/1862 1864/1864/1864 1863/1863/1863
f 1846/1846/1846 1863/1863/1863 1849/1849/1849
f 620/620/620 621/621/621 607/607/607
f 620/620/620 607/607/607 606/606/606
f 606/606/606 607/607/607 608/608/608
f 607/607/607 610/610/610 608/608/608
f 610/610/610 611/611/611 608/608/608
f 608/608/608 611/611/611 618/618/618
f 5085/5085/5085 5099/5099/5099 5087/5087/5087
f 5085/5085/5085 5087/5087/5087 5086/5086/5086
f 5083/5083/5083 5086/5086/5086 5098/5098/5098
f 5083/5083/5083 5085/5085/5085 5086/5086/5086
f 5080/5080/5080 5098/5098/5098 5081/5081/5081
f 5080/5080/5080 5083/5083/5083 5098/5098/5098
f 5078/5078/5078 5081/5081/5081 5111/5111/5111
f 5078/5078/5078 5080/5080/5080 5081/5081/5081
f 5073/5073/5073 5111/5111/5111 5074/5074/5074
f 5073/5073/5073 5078/5078/5078 5111/5111/5111
f 5051/5051/5051 5052/5052/5052 5053/5053/5053
f 5052/5052/5052 5074/5074/5074 5053/5053/5053
f 5052/5052/5052 5073/5073/5073 5074/5074/5074
f 5049/5049/5049 5050/5050/5050 5051/5051/5051
f 5051/5051/5051 5050/5050/5050 5052/5052/5052
f 5045/5045/5045 5048/5048/5048 5049/5049/5049
f 5049/5049/5049 5048/5048/5048 5050/5050/5050
f 5040/5040/5040 5046/5046/5046 5045/5045/5045
f 5045/5045/5045 5046/5046/5046 5048/5048/5048
f 5046/5046/5046 5040/5040/5040 5107/5107/5107
f 5040/5040/5040 5036/5036/5036 5107/5107/5107
f 5040/5040/5040 5039/5039/5039 5036/5036/5036
f 5036/5036/5036 5037/5037/5037 5001/5001/5001
f 5036/5036/5036 5039/5039/5039 5037/5037/5037
f 219/219/219 196/196/196 214/214/214
f 5001/5001/5001 5037/5037/5037 5038/5038/5038
f 214/214/214 135/135/135 213/213/213
f 214/214/214 196/196/196 135/135/135
f 212/212/212 213/213/213 137/137/137
f 137/137/137 213/213/213 135/135/135
f 915/915/915 917/917/917 919/919/919
f 918/918/918 919/919/919 917/917/917
f 913/913/913 918/918/918 917/917/917
f 923/923/923 918/918/918 913/913/913
f 5054/5054/5054 5051/5051/5051 5053/5053/5053
f 5051/5051/5051 5054/5054/5054 5075/5075/5075
f 5051/5051/5051 5075/5075/5075 5049/5049/5049
f 5049/5049/5049 5075/5075/5075 5112/5112/5112
f 5047/5047/5047 5049/5049/5049 5112/5112/5112
f 5045/5045/5045 5049/5049/5049 5047/5047/5047
f 5045/5045/5045 5044/5044/5044 5040/5040/5040
f 5045/5045/5045 5047/5047/5047 5044/5044/5044
f 5040/5040/5040 5042/5042/5042 5039/5039/5039
f 5040/5040/5040 5044/5044/5044 5042/5042/5042
f 5039/5039/5039 5043/5043/5043 5037/5037/5037
f 5039/5039/5039 5042/5042/5042 5043/5043/5043
f 208/208/208 132/132/132 196/196/196
f 208/208/208 133/133/133 132/132/132
f 136/136/136 135/135/135 120/120/120
f 135/135/135 132/132/132 120/120/120
f 135/135/135 196/196/196 132/132/132
f 135/135/135 136/136/136 137/137/137
f 913/913/913 924/924/924 923/923/923
f 925/925/925 924/924/924 913/913/913
f 172/172/172 170/170/170 175/175/175
f 179/179/179 176/176/176 175/175/175
f 170/170/170 179/179/179 175/175/175
f 168/168/168 179/179/179 170/170/170
f 179/179/179 166/166/166 192/192/192
f 179/179/179 168/168/168 166/166/166
f 192/192/192 131/131/131 160/160/160
f 192/192/192 166/166/166 131/131/131
f 125/125/125 133/133/133 130/130/130
f 133/133/133 131/131/131 130/130/130
f 133/133/133 160/160/160 131/131/131
f 133/133/133 125/125/125 132/132/132
f 132/132/132 125/125/125 123/123/123
f 132/132/132 123/123/123 120/120/120
f 925/925/925 931/931/931 924/924/924
f 924/924/924 931/931/931 930/930/930
f 1390/1390/1390 1372/1372/1372 1370/1370/1370
f 1388/1388/1388 1372/1372/1372 1390/1390/1390
f 1370/1370/1370 1369/1369/1369 1368/1368/1368
f 1372/1372/1372 1369/1369/1369 1370/1370/1370
f 1368/1368/1368 1367/1367/1367 1360/1360/1360
f 1369/1369/1369 1367/1367/1367 1368/1368/1368
f 1360/1360/1360 1359/1359/1359 1358/1358/1358
f 1367/1367/1367 1359/1359/1359 1360/1360/1360
f 1358/1358/1358 1356/1356/1356 1357/1357/1357
f 1359/1359/1359 1356/1356/1356 1358/1358/1358
f 1357/1357/1357 1354/1354/1354 1366/1366/1366
f 1356/1356/1356 1354/1354/1354 1357/1357/1357
f 177/177/177 197/197/197 171/171/171
f 1354/1354/1354 1353/1353/1353 1366/1366/1366
f 172/172/172 171/171/171 170/170/170
f 171/171/171 169/169/169 170/170/170
f 171/171/171 197/197/197 169/169/169
f 170/170/170 169/169/169 168/168/168
f 168/168/168 169/169/169 167/167/167
f 168/168/168 167/167/167 166/166/166
f 166/166/166 167/167/167 165/165/165
f 166/166/166 165/165/165 131/131/131
f 131/131/131 165/165/165 128/128/128
f 131/131/131 128/128/128 130/130/130
f 5160/5160/5160 5161/5161/5161 5162/5162/5162
f 5154/5154/5154 5155/5155/5155 5156/5156/5156
f 5163/5163/5163 5164/5164/5164 5165/5165/5165
f 5157/5157/5157 5158/5158/5158 5159/5159/5159
f 5183/5183/5183 5178/5178/5178 5180/5180/5180
f 5181/5181/5181 5179/5179/5179 5178/5178/5178
f 5178/5178/5178 5179/5179/5179 5180/5180/5180
f 5181/5181/5181 5182/5182/5182 5179/5179/5179
f 5189/5189/5189 5185/5185/5185 5184/5184/5184
f 5184/5184/5184 5185/5185/5185 5186/5186/5186
f 5186/5186/5186 5185/5185/5185 5187/5187/5187
f 1772/1772/1772 1763/1763/1763 1762/1762/1762
f 5186/5186/5186 5187/5187/5187 5188/5188/5188
f 1763/1763/1763 1760/1760/1760 1762/1762/1762
f 1694/1694/1694 1696/1696/1696 1697/1697/1697
f 2435/2435/2435 2436/2436/2436 2437/2437/2437
f 2285/2285/2285 2286/2286/2286 2284/2284/2284
f 2284/2284/2284 2281/2281/2281 2285/2285/2285
f 3747/3747/3747 3753/3753/3753 3909/3909/3909
f 3909/3909/3909 3753/3753/3753 3810/3810/3810
f 2306/2306/2306 2307/2307/2307 2304/2304/2304
f 3746/3746/3746 3747/3747/3747 3909/3909/3909
f 2305/2305/2305 2304/2304/2304 2297/2297/2297
f 2305/2305/2305 2306/2306/2306 2304/2304/2304
f 2295/2295/2295 2297/2297/2297 2289/2289/2289
f 2295/2295/2295 2305/2305/2305 2297/2297/2297
f 2287/2287/2287 2289/2289/2289 2288/2288/2288
f 2287/2287/2287 2295/2295/2295 2289/2289/2289
f 2283/2283/2283 2284/2284/2284 2286/2286/2286
f 2287/2287/2287 2283/2283/2283 2286/2286/2286
f 2288/2288/2288 2283/2283/2283 2287/2287/2287
f 2280/2280/2280 2281/2281/2281 2284/2284/2284
f 2283/2283/2283 2280/2280/2280 2284/2284/2284
f 2282/2282/2282 2280/2280/2280 2283/2283/2283
f 3477/3477/3477 3478/3478/3478 3475/3475/3475
f 2278/2278/2278 2280/2280/2280 2282/2282/2282
f 3058/3058/3058 3407/3407/3407 3114/3114/3114
f 3476/3476/3476 3475/3475/3475 3474/3474/3474
f 3476/3476/3476 3477/3477/3477 3475/3475/3475
f 3057/3057/3057 3065/3065/3065 3058/3058/3058
f 3058/3058/3058 3065/3065/3065 3407/3407/3407
f 3057/3057/3057 3052/3052/3052 3065/3065/3065
f 3763/3763/3763 3768/3768/3768 3764/3764/3764
f 3752/3752/3752 3763/3763/3763 3764/3764/3764
f 3810/3810/3810 3752/3752/3752 3764/3764/3764
f 3753/3753/3753 3752/3752/3752 3810/3810/3810
f 3059/3059/3059 3058/3058/3058 3114/3114/3114
f 3058/3058/3058 3059/3059/3059 3053/3053/3053
f 3058/3058/3058 3053/3053/3053 3057/3057/3057
f 3071/3071/3071 3050/3050/3050 3054/3054/3054
f 3054/3054/3054 3050/3050/3050 3053/3053/3053
f 3050/3050/3050 3052/3052/3052 3053/3053/3053
f 3052/3052/3052 3057/3057/3057 3053/3053/3053
f 3071/3071/3071 3449/3449/3449 3050/3050/3050
f 3796/3796/3796 3797/3797/3797 3795/3795/3795
f 3767/3767/3767 3796/3796/3796 3795/3795/3795
f 3767/3767/3767 3795/3795/3795 3768/3768/3768
f 3762/3762/3762 3767/3767/3767 3768/3768/3768
f 3763/3763/3763 3762/3762/3762 3768/3768/3768
f 3762/3762/3762 3763/3763/3763 3752/3752/3752
f 3061/3061/3061 3071/3071/3071 3054/3054/3054
f 3455/3455/3455 3453/3453/3453 3452/3452/3452
f 3452/3452/3452 3453/3453/3453 3454/3454/3454
f 3450/3450/3450 3449/3449/3449 3061/3061/3061
f 3449/3449/3449 3071/3071/3071 3061/3061/3061
f 3455/3455/3455 3456/3456/3456 3453/3453/3453
f 4449/4449/4449 4469/4469/4469 4451/4451/4451
f 4451/4451/4451 4469/4469/4469 4470/4470/4470
f 4451/4451/4451 4453/4453/4453 4452/4452/4452
f 4450/4450/4450 4451/4451/4451 4452/4452/4452
f 4449/4449/4449 4451/4451/4451 4450/4450/4450
f 16/16/16 17/17/17 18/18/18
f 3064/3064/3064 3066/3066/3066 3063/3063/3063
f 3440/3440/3440 3068/3068/3068 3115/3115/3115
f 3115/3115/3115 3068/3068/3068 3064/3064/3064
f 3068/3068/3068 3067/3067/3067 3064/3064/3064
f 3067/3067/3067 3066/3066/3066 3064/3064/3064
f 3440/3440/3440 3256/3256/3256 3068/3068/3068
f 4449/4449/4449 4473/4473/4473 4469/4469/4469
f 4473/4473/4473 4449/4449/4449 4399/4399/4399
f 4449/4449/4449 4400/4400/4400 4399/4399/4399
f 4449/4449/4449 4450/4450/4450 4400/4400/4400
f 4450/4450/4450 4471/4471/4471 4455/4455/4455
f 4450/4450/4450 4455/4455/4455 4400/4400/4400
f 3079/3079/3079 3116/3116/3116 3440/3440/3440
f 3079/3079/3079 3440/3440/3440 3115/3115/3115
f 3256/3256/3256 3440/3440/3440 3258/3258/3258
f 3527/3527/3527 3528/3528/3528 3529/3529/3529
f 3440/3440/3440 3116/3116/3116 3092/3092/3092
f 3528/3528/3528 3530/3530/3530 3529/3529/3529
f 4401/4401/4401 4398/4398/4398 4400/4400/4400
f 4400/4400/4400 4398/4398/4398 4399/4399/4399
f 4400/4400/4400 4455/4455/4455 4463/4463/4463
f 4402/4402/4402 4400/4400/4400 4463/4463/4463
f 4401/4401/4401 4400/4400/4400 4402/4402/4402
f 4406/4406/4406 4402/4402/4402 4463/4463/4463
f 3080/3080/3080 3084/3084/3084 3116/3116/3116
f 3080/3080/3080 3116/3116/3116 3079/3079/3079
f 3116/3116/3116 3087/3087/3087 3092/3092/3092
f 3116/3116/3116 3084/3084/3084 3087/3087/3087
f 3404/3404/3404 3092/3092/3092 3089/3089/3089
f 3089/3089/3089 3092/3092/3092 3087/3087/3087
f 1722/1722/1722 1723/1723/1723 1728/1728/1728
f 1728/1728/1728 1723/1723/1723 1727/1727/1727
f 4403/4403/4403 4401/4401/4401 4402/4402/4402
f 1722/1722/1722 1728/1728/1728 1729/1729/1729
f 4402/4402/4402 4406/4406/4406 4405/4405/4405
f 4404/4404/4404 4402/4402/4402 4405/4405/4405
f 4403/4403/4403 4402/4402/4402 4404/4404/4404
f 4407/4407/4407 4464/4464/4464 4404/4404/4404
f 4405/4405/4405 4407/4407/4407 4404/4404/4404
f 4408/4408/4408 4407/4407/4407 4405/4405/4405
f 1801/1801/1801 1800/1800/1800 1797/1797/1797
f 1798/1798/1798 1801/1801/1801 1797/1797/1797
f 4408/4408/4408 4409/4409/4409 4407/4407/4407
f 1802/1802/1802 1803/1803/1803 1800/1800/1800
f 1801/1801/1801 1802/1802/1802 1800/1800/1800
f 1816/1816/1816 1802/1802/1802 1801/1801/1801
f 1802/1802/1802 1817/1817/1817 1808/1808/1808
f 1816/1816/1816 1817/1817/1817 1802/1802/1802
f 1808/1808/1808 1820/1820/1820 1810/1810/1810
f 1817/1817/1817 1820/1820/1820 1808/1808/1808
f 1691/1691/1691 1692/1692/1692 1688/1688/1688
f 1687/1687/1687 1691/1691/1691 1688/1688/1688
f 1810/1810/1810 1820/1820/1820 1906/1906/1906
f 1686/1686/1686 1661/1661/1661 1687/1687/1687
f 1686/1686/1686 1687/1687/1687 1688/1688/1688
f 1686/1686/1686 1685/1685/1685 1661/1661/1661
f 3082/3082/3082 3085/3085/3085 3084/3084/3084
f 3082/3082/3082 3084/3084/3084 3080/3080/3080
f 3084/3084/3084 3086/3086/3086 3087/3087/3087
f 3084/3084/3084 3085/3085/3085 3086/3086/3086
f 3089/3089/3089 3087/3087/3087 3088/3088/3088
f 3088/3088/3088 3087/3087/3087 3086/3086/3086
f 5002/5002/5002 4996/4996/4996 5003/5003/5003
f 1720/1720/1720 1712/1712/1712 1711/1711/1711
f 1711/1711/1711 1712/1712/1712 1713/1713/1713
f 1723/1723/1723 1722/1722/1722 1720/1720/1720
f 1722/1722/1722 1712/1712/1712 1720/1720/1720
f 1722/1722/1722 1716/1716/1716 1712/1712/1712
f 1725/1725/1725 1722/1722/1722 1729/1729/1729
f 1716/1716/1716 1722/1722/1722 1725/1725/1725
f 4467/4467/4467 4466/4466/4466 4465/4465/4465
f 4466/4466/4466 4404/4404/4404 4465/4465/4465
f 1725/1725/1725 1729/1729/1729 1730/1730/1730
f 4465/4465/4465 4404/4404/4404 4464/4464/4464
f 1800/1800/1800 1799/1799/1799 1797/1797/1797
f 1799/1799/1799 1800/1800/1800 1803/1803/1803
f 1692/1692/1692 1689/1689/1689 1688/1688/1688
f 1688/1688/1688 1689/1689/1689 1686/1686/1686
f 1686/1686/1686 1689/1689/1689 1690/1690/1690
f 1690/1690/1690 1565/1565/1565 1588/1588/1588
f 1690/1690/1690 1588/1588/1588 1652/1652/1652
f 1686/1686/1686 1690/1690/1690 1652/1652/1652
f 1685/1685/1685 1686/1686/1686 1652/1652/1652
f 1575/1575/1575 1649/1649/1649 1652/1652/1652
f 1575/1575/1575 1652/1652/1652 1588/1588/1588
f 1585/1585/1585 1647/1647/1647 1649/1649/1649
f 1585/1585/1585 1649/1649/1649 1575/1575/1575
f 1586/1586/1586 1648/1648/1648 1647/1647/1647
f 1585/1585/1585 1586/1586/1586 1647/1647/1647
f 1584/1584/1584 1586/1586/1586 1585/1585/1585
f 1611/1611/1611 1625/1625/1625 1609/1609/1609
f 1625/1625/1625 1584/1584/1584 1609/1609/1609
f 1625/1625/1625 1586/1586/1586 1584/1584/1584
f 1625/1625/1625 1611/1611/1611 1621/1621/1621
f 19/19/19 20/20/20 21/21/21
f 628/628/628 629/629/629 624/624/624
f 624/624/624 629/629/629 626/626/626
f 4852/4852/4852 4847/4847/4847 4849/4849/4849
f 5011/5011/5011 5117/5117/5117 5000/5000/5000
f 4999/4999/4999 4998/4998/4998 5000/5000/5000
f 4998/4998/4998 5011/5011/5011 5000/5000/5000
f 4998/4998/4998 5005/5005/5005 5011/5011/5011
f 4998/4998/4998 4996/4996/4996 5002/5002/5002
f 5004/5004/5004 4998/4998/4998 5002/5002/5002
f 5005/5005/5005 4998/4998/4998 5004/5004/5004
f 1714/1714/1714 1713/1713/1713 1712/1712/1712
f 1714/1714/1714 1712/1712/1712 1715/1715/1715
f 1715/1715/1715 1712/1712/1712 1716/1716/1716
f 1715/1715/1715 1716/1716/1716 1717/1717/1717
f 1849/1849/1849 1907/1907/1907 1859/1859/1859
f 1718/1718/1718 1716/1716/1716 1719/1719/1719
f 1716/1716/1716 1725/1725/1725 1719/1719/1719
f 1718/1718/1718 1717/1717/1717 1716/1716/1716
f 4468/4468/4468 4466/4466/4466 4467/4467/4467
f 1565/1565/1565 1566/1566/1566 1588/1588/1588
f 1588/1588/1588 1566/1566/1566 1575/1575/1575
f 1575/1575/1575 1566/1566/1566 1569/1569/1569
f 1575/1575/1575 1569/1569/1569 1585/1585/1585
f 1585/1585/1585 1569/1569/1569 1572/1572/1572
f 1585/1585/1585 1572/1572/1572 1584/1584/1584
f 1584/1584/1584 1572/1572/1572 1574/1574/1574
f 1584/1584/1584 1574/1574/1574 1609/1609/1609
f 624/624/624 623/623/623 616/616/616
f 616/616/616 623/623/623 622/622/622
f 616/616/616 606/606/606 609/609/609
f 628/628/628 616/616/616 609/609/609
f 624/624/624 616/616/616 628/628/628
f 4855/4855/4855 4847/4847/4847 4852/4852/4852
f 4863/4863/4863 4855/4855/4855 4852/4852/4852
f 4864/4864/4864 4855/4855/4855 4863/4863/4863
f 4879/4879/4879 4881/4881/4881 4882/4882/4882
f 4873/4873/4873 4864/4864/4864 4867/4867/4867
f 4873/4873/4873 4855/4855/4855 4864/4864/4864
f 4879/4879/4879 4880/4880/4880 4881/4881/4881
f 5102/5102/5102 5072/5072/5072 5101/5101/5101
f 5108/5108/5108 5103/5103/5103 5101/5101/5101
f 5101/5101/5101 5103/5103/5103 5102/5102/5102
f 5128/5128/5128 5127/5127/5127 5132/5132/5132
f 5132/5132/5132 5127/5127/5127 5130/5130/5130
f 5107/5107/5107 5041/5041/5041 5116/5116/5116
f 5126/5126/5126 5127/5127/5127 5128/5128/5128
f 5126/5126/5126 5123/5123/5123 5127/5127/5127
f 5013/5013/5013 5000/5000/5000 5117/5117/5117
f 5123/5123/5123 5124/5124/5124 5125/5125/5125
f 5126/5126/5126 5124/5124/5124 5123/5123/5123
f 5000/5000/5000 5013/5013/5013 4999/4999/4999
f 212/212/212 202/202/202 203/203/203
f 156/156/156 204/204/204 203/203/203
f 156/156/156 203/203/203 202/202/202
f 2397/2397/2397 2398/2398/2398 2399/2399/2399
f 205/205/205 156/156/156 206/206/206
f 156/156/156 157/157/157 206/206/206
f 205/205/205 204/204/204 156/156/156
f 2402/2402/2402 2401/2401/2401 2399/2399/2399
f 616/616/616 622/622/622 620/620/620
f 622/622/622 621/621/621 620/620/620
f 920/920/920 916/916/916 915/915/915
f 616/616/616 620/620/620 606/606/606
f 5085/5085/5085 5096/5096/5096 5099/5099/5099
f 5084/5084/5084 5097/5097/5097 5096/5096/5096
f 5085/5085/5085 5084/5084/5084 5096/5096/5096
f 5083/5083/5083 5084/5084/5084 5085/5085/5085
f 5082/5082/5082 5083/5083/5083 5080/5080/5080
f 5082/5082/5082 5084/5084/5084 5083/5083/5083
f 5079/5079/5079 5080/5080/5080 5078/5078/5078
f 5079/5079/5079 5082/5082/5082 5080/5080/5080
f 5077/5077/5077 5078/5078/5078 5073/5073/5073
f 5077/5077/5077 5079/5079/5079 5078/5078/5078
f 5071/5071/5071 5073/5073/5073 5052/5052/5052
f 5071/5071/5071 5077/5077/5077 5073/5073/5073
f 5050/5050/5050 5101/5101/5101 5072/5072/5072
f 5071/5071/5071 5050/5050/5050 5072/5072/5072
f 5052/5052/5052 5050/5050/5050 5071/5071/5071
f 5101/5101/5101 5050/5050/5050 5048/5048/5048
f 5101/5101/5101 5048/5048/5048 5108/5108/5108
f 5108/5108/5108 5048/5048/5048 5046/5046/5046
f 5108/5108/5108 5046/5046/5046 5116/5116/5116
f 5151/5151/5151 5152/5152/5152 5153/5153/5153
f 137/137/137 148/148/148 202/202/202
f 137/137/137 202/202/202 212/212/212
f 155/155/155 156/156/156 154/154/154
f 156/156/156 148/148/148 154/154/154
f 156/156/156 202/202/202 148/148/148
f 156/156/156 155/155/155 157/157/157
f 157/157/157 155/155/155 158/158/158
f 157/157/157 158/158/158 159/159/159
f 917/917/917 915/915/915 912/912/912
f 915/915/915 908/908/908 912/912/912
f 915/915/915 916/916/916 908/908/908
f 912/912/912 913/913/913 917/917/917
f 120/120/120 119/119/119 136/136/136
f 148/148/148 137/137/137 136/136/136
f 119/119/119 148/148/148 136/136/136
f 118/118/118 148/148/148 119/119/119
f 154/154/154 148/148/148 138/138/138
f 138/138/138 148/148/148 118/118/118
f 908/908/908 910/910/910 912/912/912
f 913/913/913 912/912/912 910/910/910
f 914/914/914 913/913/913 910/910/910
f 925/925/925 913/913/913 914/914/914
f 130/130/130 126/126/126 125/125/125
f 124/124/124 123/123/123 125/125/125
f 124/124/124 125/125/125 126/126/126
f 124/124/124 121/121/121 123/123/123
f 123/123/123 121/121/121 120/120/120
f 121/121/121 117/117/117 120/120/120
f 117/117/117 119/119/119 120/120/120
f 119/119/119 117/117/117 118/118/118
f 118/118/118 117/117/117 115/115/115
f 118/118/118 115/115/115 138/138/138
f 914/914/914 932/932/932 925/925/925
f 925/925/925 932/932/932 931/931/931
f 1388/1388/1388 1387/1387/1387 1372/1372/1372
f 1389/1389/1389 1387/1387/1387 1388/1388/1388
f 1372/1372/1372 1384/1384/1384 1369/1369/1369
f 1387/1387/1387 1384/1384/1384 1372/1372/1372
f 1369/1369/1369 1382/1382/1382 1367/1367/1367
f 1384/1384/1384 1382/1382/1382 1369/1369/1369
f 1367/1367/1367 1378/1378/1378 1359/1359/1359
f 1382/1382/1382 1378/1378/1378 1367/1367/1367
f 1359/1359/1359 1365/1365/1365 1356/1356/1356
f 1378/1378/1378 1365/1365/1365 1359/1359/1359
f 1356/1356/1356 1355/1355/1355 1354/1354/1354
f 1365/1365/1365 1355/1355/1355 1356/1356/1356
f 1354/1354/1354 1352/1352/1352 1353/1353/1353
f 1355/1355/1355 1352/1352/1352 1354/1354/1354
f 1353/1353/1353 1349/1349/1349 1375/1375/1375
f 1352/1352/1352 1349/1349/1349 1353/1353/1353
f 1375/1375/1375 1347/1347/1347 1385/1385/1385
f 1349/1349/1349 1347/1347/1347 1375/1375/1375
f 167/167/167 199/199/199 165/165/165
f 1347/1347/1347 1345/1345/1345 1385/1385/1385
f 165/165/165 215/215/215 128/128/128
f 199/199/199 215/215/215 165/165/165
f 130/130/130 128/128/128 126/126/126
f 128/128/128 127/127/127 126/126/126
f 128/128/128 215/215/215 127/127/127
f 126/126/126 127/127/127 124/124/124
f 124/124/124 127/127/127 129/129/129
f 124/124/124 129/129/129 121/121/121
f 5192/5192/5192 5195/5195/5195 5190/5190/5190
f 5193/5193/5193 5191/5191/5191 5190/5190/5190
f 5190/5190/5190 5191/5191/5191 5192/5192/5192
f 5194/5194/5194 5191/5191/5191 5193/5193/5193
f 5197/5197/5197 5196/5196/5196 5200/5200/5200
f 5196/5196/5196 5197/5197/5197 5198/5198/5198
f 5198/5198/5198 5197/5197/5197 5199/5199/5199
f 5199/5199/5199 5201/5201/5201 5198/5198/5198
f 1773/1773/1773 1772/1772/1772 1765/1765/1765
f 1762/1762/1762 1765/1765/1765 1772/1772/1772
f 1759/1759/1759 1761/1761/1761 1760/1760/1760
f 1761/1761/1761 1762/1762/1762 1760/1760/1760
f 1761/1761/1761 1765/1765/1765 1762/1762/1762
f 1759/1759/1759 1764/1764/1764 1761/1761/1761
f 1698/1698/1698 1695/1695/1695 1694/1694/1694
f 1694/1694/1694 1695/1695/1695 1696/1696/1696
f 2436/2436/2436 2438/2438/2438 2437/2437/2437
f 1978/1978/1978 1977/1977/1977 1979/1979/1979
f 1758/1758/1758 1759/1759/1759 1760/1760/1760
f 1977/1977/1977 1978/1978/1978 1969/1969/1969
f 1764/1764/1764 1759/1759/1759 1766/1766/1766
f 1759/1759/1759 1767/1767/1767 1766/1766/1766
f 1759/1759/1759 1758/1758/1758 1767/1767/1767
f 1767/1767/1767 1768/1768/1768 1766/1766/1766
f 1969/1969/1969 1970/1970/1970 1977/1977/1977
f 1977/1977/1977 1970/1970/1970 1989/1989/1989
f 1989/1989/1989 1970/1970/1970 1971/1971/1971
f 1753/1753/1753 1750/1750/1750 1749/1749/1749
f 1523/1523/1523 1532/1532/1532 1530/1530/1530
f 1531/1531/1531 1529/1529/1529 1530/1530/1530
f 1530/1530/1530 1529/1529/1529 1523/1523/1523
f 2048/2048/2048 2047/2047/2047 2052/2052/2052
f 1986/1986/1986 1981/1981/1981 1984/1984/1984
f 1982/1982/1982 1983/1983/1983 1981/1981/1981
f 1983/1983/1983 1984/1984/1984 1981/1981/1981
f 1983/1983/1983 1991/1991/1991 1984/1984/1984
f 2047/2047/2047 2048/2048/2048 2045/2045/2045
f 2048/2048/2048 2049/2049/2049 2045/2045/2045
f 1991/1991/1991 1983/1983/1983 1987/1987/1987
f 2049/2049/2049 2050/2050/2050 2045/2045/2045
f 1982/1982/1982 1985/1985/1985 1983/1983/1983
f 1983/1983/1983 1985/1985/1985 1987/1987/1987
f 1987/1987/1987 1985/1985/1985 1988/1988/1988
f 1987/1987/1987 1988/1988/1988 1990/1990/1990
f 2237/2237/2237 2290/2290/2290 2285/2285/2285
f 2285/2285/2285 2290/2290/2290 2286/2286/2286
f 2279/2279/2279 2235/2235/2235 2281/2281/2281
f 2235/2235/2235 2285/2285/2285 2281/2281/2281
f 2235/2235/2235 2237/2237/2237 2285/2285/2285
f 2277/2277/2277 2234/2234/2234 2279/2279/2279
f 2279/2279/2279 2234/2234/2234 2235/2235/2235
f 2274/2274/2274 2249/2249/2249 2277/2277/2277
f 2277/2277/2277 2249/2249/2249 2234/2234/2234
f 2274/2274/2274 2272/2272/2272 2249/2249/2249
f 3749/3749/3749 3753/3753/3753 3747/3747/3747
f 3749/3749/3749 3747/3747/3747 3748/3748/3748
f 3747/3747/3747 3745/3745/3745 3748/3748/3748
f 3747/3747/3747 3746/3746/3746 3745/3745/3745
f 2315/2315/2315 2306/2306/2306 2305/2305/2305
f 3740/3740/3740 3745/3745/3745 3746/3746/3746
f 2309/2309/2309 2305/2305/2305 2295/2295/2295
f 2309/2309/2309 2315/2315/2315 2305/2305/2305
f 2296/2296/2296 2295/2295/2295 2287/2287/2287
f 2296/2296/2296 2309/2309/2309 2295/2295/2295
f 2287/2287/2287 2286/2286/2286 2290/2290/2290
f 2287/2287/2287 2290/2290/2290 2296/2296/2296
f 2280/2280/2280 2279/2279/2279 2281/2281/2281
f 2279/2279/2279 2280/2280/2280 2278/2278/2278
f 2279/2279/2279 2278/2278/2278 2277/2277/2277
f 2277/2277/2277 2278/2278/2278 2275/2275/2275
f 2277/2277/2277 2275/2275/2275 2274/2274/2274
f 2273/2273/2273 2272/2272/2272 2274/2274/2274
f 2275/2275/2275 2273/2273/2273 2274/2274/2274
f 2276/2276/2276 2273/2273/2273 2275/2275/2275
f 3051/3051/3051 3055/3055/3055 3052/3052/3052
f 3055/3055/3055 3065/3065/3065 3052/3052/3052
f 2265/2265/2265 2273/2273/2273 2276/2276/2276
f 3051/3051/3051 3056/3056/3056 3055/3055/3055
f 3751/3751/3751 3752/3752/3752 3749/3749/3749
f 3749/3749/3749 3752/3752/3752 3753/3753/3753
f 3749/3749/3749 3748/3748/3748 3750/3750/3750
f 3749/3749/3749 3750/3750/3750 3751/3751/3751
f 3050/3050/3050 3051/3051/3051 3052/3052/3052
f 3070/3070/3070 3396/3396/3396 3449/3449/3449
f 3449/3449/3449 3396/3396/3396 3050/3050/3050
f 3396/3396/3396 3056/3056/3056 3050/3050/3050
f 3056/3056/3056 3051/3051/3051 3050/3050/3050
f 3073/3073/3073 3074/3074/3074 3070/3070/3070
f 3070/3070/3070 3074/3074/3074 3396/3396/3396
f 3073/3073/3073 3398/3398/3398 3074/3074/3074
f 3766/3766/3766 3767/3767/3767 3762/3762/3762
f 3761/3761/3761 3766/3766/3766 3762/3762/3762
f 3761/3761/3761 3762/3762/3762 3752/3752/3752
f 3760/3760/3760 3761/3761/3761 3752/3752/3752
f 3751/3751/3751 3760/3760/3760 3752/3752/3752
f 3760/3760/3760 3751/3751/3751 3750/3750/3750
f 3450/3450/3450 3070/3070/3070 3449/3449/3449
f 3457/3457/3457 3453/3453/3453 3456/3456/3456
f 3069/3069/3069 3070/3070/3070 3067/3067/3067
f 3073/3073/3073 3070/3070/3070 3069/3069/3069
f 3398/3398/3398 3073/3073/3073 3075/3075/3075
f 3075/3075/3075 3073/3073/3073 3069/3069/3069
f 4454/4454/4454 4452/4452/4452 4453/4453/4453
f 4471/4471/4471 4452/4452/4452 4454/4454/4454
f 4603/4603/4603 4604/4604/4604 4605/4605/4605
f 4460/4460/4460 4471/4471/4471 4461/4461/4461
f 3068/3068/3068 3069/3069/3069 3067/3067/3067
f 3257/3257/3257 3255/3255/3255 3256/3256/3256
f 3256/3256/3256 3255/3255/3255 3068/3068/3068
f 3255/3255/3255 3075/3075/3075 3068/3068/3068
f 3075/3075/3075 3069/3069/3069 3068/3068/3068
f 3466/3466/3466 3463/3463/3463 3462/3462/3462
f 3462/3462/3462 3463/3463/3463 3464/3464/3464
f 3414/3414/3414 3118/3118/3118 3121/3121/3121
f 4577/4577/4577 4578/4578/4578 4579/4579/4579
f 4578/4578/4578 4580/4580/4580 4579/4579/4579
f 4578/4578/4578 4582/4582/4582 4580/4580/4580
f 4581/4581/4581 4577/4577/4577 4579/4579/4579
f 3258/3258/3258 3257/3257/3257 3256/3256/3256
f 3257/3257/3257 3258/3258/3258 3404/3404/3404
f 3467/3467/3467 3462/3462/3462 3470/3470/3470
f 3466/3466/3466 3462/3462/3462 3467/3467/3467
f 3118/3118/3118 3414/3414/3414 3098/3098/3098
f 3098/3098/3098 3414/3414/3414 3112/3112/3112
f 4545/4545/4545 4463/4463/4463 4455/4455/4455
f 4587/4587/4587 4588/4588/4588 4589/4589/4589
f 4587/4587/4587 4589/4589/4589 4590/4590/4590
f 4441/4441/4441 4440/4440/4440 4463/4463/4463
f 4545/4545/4545 4441/4441/4441 4463/4463/4463
f 4439/4439/4439 4540/4540/4540 4440/4440/4440
f 3089/3089/3089 3090/3090/3090 3112/3112/3112
f 3089/3089/3089 3112/3112/3112 3404/3404/3404
f 3098/3098/3098 3112/3112/3112 3095/3095/3095
f 3095/3095/3095 3112/3112/3112 3090/3090/3090
f 4540/4540/4540 4405/4405/4405 4406/4406/4406
f 4439/4439/4439 4448/4448/4448 4540/4540/4540
f 4448/4448/4448 4405/4405/4405 4540/4540/4540
f 4448/4448/4448 4408/4408/4408 4405/4405/4405
f 4408/4408/4408 4410/4410/4410 4409/4409/4409
f 4448/4448/4448 4410/4410/4410 4408/4408/4408
f 1801/1801/1801 1822/1822/1822 1816/1816/1816
f 4410/4410/4410 4411/4411/4411 4409/4409/4409
f 1816/1816/1816 1818/1818/1818 1817/1817/1817
f 1822/1822/1822 1818/1818/1818 1816/1816/1816
f 1817/1817/1817 1819/1819/1819 1820/1820/1820
f 1818/1818/1818 1819/1819/1819 1817/1817/1817
f 1914/1914/1914 1820/1820/1820 1819/1819/1819
f 2449/2449/2449 2450/2450/2450 2447/2447/2447
f 3088/3088/3088 3093/3093/3093 3090/3090/3090
f 3088/3088/3088 3090/3090/3090 3089/3089/3089
f 3095/3095/3095 3090/3090/3090 3094/3094/3094
f 3094/3094/3094 3090/3090/3090 3093/3093/3093
f 5010/5010/5010 5007/5007/5007 5009/5009/5009
f 841/841/841 840/840/840 842/842/842
f 842/842/842 840/840/840 845/845/845
f 843/843/843 838/838/838 841/841/841
f 841/841/841 838/838/838 840/840/840
f 843/843/843 822/822/822 838/838/838
f 813/813/813 897/897/897 902/902/902
f 902/902/902 874/874/874 813/813/813
f 2447/2447/2447 2448/2448/2448 2449/2449/2449
f 1692/1692/1692 1548/1548/1548 1689/1689/1689
f 1548/1548/1548 1549/1549/1549 1564/1564/1564
f 1690/1690/1690 1548/1548/1548 1564/1564/1564
f 1689/1689/1689 1548/1548/1548 1690/1690/1690
f 1564/1564/1564 1565/1565/1565 1690/1690/1690
f 1609/1609/1609 1610/1610/1610 1611/1611/1611
f 1610/1610/1610 1607/1607/1607 1611/1611/1611
f 1611/1611/1611 1607/1607/1607 1621/1621/1621
f 1607/1607/1607 1606/1606/1606 1621/1621/1621
f 1606/1606/1606 1622/1622/1622 1621/1621/1621
f 1622/1622/1622 1606/1606/1606 1679/1679/1679
f 627/627/627 625/625/625 626/626/626
f 626/626/626 625/625/625 623/623/623
f 634/634/634 626/626/626 629/629/629
f 634/634/634 627/627/627 626/626/626
f 4849/4849/4849 4847/4847/4847 4848/4848/4848
f 4848/4848/4848 4847/4847/4847 4844/4844/4844
f 5029/5029/5029 5031/5031/5031 5032/5032/5032
f 5118/5118/5118 5119/5119/5119 5120/5120/5120
f 5119/5119/5119 5121/5121/5121 5120/5120/5120
f 5119/5119/5119 5122/5122/5122 5121/5121/5121
f 5006/5006/5006 5011/5011/5011 5005/5005/5005
f 5006/5006/5006 5114/5114/5114 5011/5011/5011
f 5004/5004/5004 5009/5009/5009 5007/5007/5007
f 5006/5006/5006 5004/5004/5004 5007/5007/5007
f 5005/5005/5005 5004/5004/5004 5006/5006/5006
f 842/842/842 850/850/850 849/849/849
f 842/842/842 849/849/849 841/841/841
f 841/841/841 849/849/849 844/844/844
f 841/841/841 844/844/844 843/843/843
f 2400/2400/2400 2403/2403/2403 2397/2397/2397
f 895/895/895 848/848/848 844/844/844
f 848/848/848 822/822/822 844/844/844
f 822/822/822 843/843/843 844/844/844
f 899/899/899 900/900/900 901/901/901
f 901/901/901 900/900/900 848/848/848
f 898/898/898 837/837/837 899/899/899
f 899/899/899 837/837/837 900/900/900
f 1615/1615/1615 1614/1614/1614 1619/1619/1619
f 1614/1614/1614 1620/1620/1620 1619/1619/1619
f 897/897/897 837/837/837 898/898/898
f 897/897/897 898/898/898 902/902/902
f 1620/1620/1620 1614/1614/1614 1616/1616/1616
f 1564/1564/1564 1549/1549/1549 1560/1560/1560
f 1560/1560/1560 1549/1549/1549 1543/1543/1543
f 1563/1563/1563 1566/1566/1566 1565/1565/1565
f 1564/1564/1564 1563/1563/1563 1565/1565/1565
f 1560/1560/1560 1563/1563/1563 1564/1564/1564
f 1568/1568/1568 1569/1569/1569 1566/1566/1566
f 1568/1568/1568 1566/1566/1566 1563/1563/1563
f 1571/1571/1571 1572/1572/1572 1569/1569/1569
f 1571/1571/1571 1569/1569/1569 1568/1568/1568
f 1573/1573/1573 1574/1574/1574 1572/1572/1572
f 1573/1573/1573 1572/1572/1572 1571/1571/1571
f 1573/1573/1573 1604/1604/1604 1574/1574/1574
f 1574/1574/1574 1604/1604/1604 1609/1609/1609
f 1604/1604/1604 1608/1608/1608 1609/1609/1609
f 1608/1608/1608 1610/1610/1610 1609/1609/1609
f 1610/1610/1610 1608/1608/1608 1607/1607/1607
f 625/625/625 622/622/622 623/623/623
f 922/922/922 920/920/920 942/942/942
f 4846/4846/4846 4844/4844/4844 4847/4847/4847
f 4846/4846/4846 4847/4847/4847 4855/4855/4855
f 4853/4853/4853 4846/4846/4846 4869/4869/4869
f 4846/4846/4846 4873/4873/4873 4869/4869/4869
f 4846/4846/4846 4855/4855/4855 4873/4873/4873
f 4871/4871/4871 4869/4869/4869 4873/4873/4873
f 5105/5105/5105 5106/5106/5106 5102/5102/5102
f 5102/5102/5102 5106/5106/5106 5072/5072/5072
f 5104/5104/5104 5102/5102/5102 5103/5103/5103
f 5104/5104/5104 5105/5105/5105 5102/5102/5102
f 5129/5129/5129 5130/5130/5130 5127/5127/5127
f 5129/5129/5129 5131/5131/5131 5130/5130/5130
f 5033/5033/5033 5032/5032/5032 5031/5031/5031
f 5034/5034/5034 5033/5033/5033 5031/5031/5031
f 5127/5127/5127 5123/5123/5123 5129/5129/5129
f 5032/5032/5032 5033/5033/5033 5117/5117/5117
f 2399/2399/2399 2400/2400/2400 2397/2397/2397
f 2400/2400/2400 2399/2399/2399 2401/2401/2401
f 149/149/149 218/218/218 159/159/159
f 201/201/201 218/218/218 149/149/149
f 201/201/201 139/139/139 200/200/200
f 201/201/201 149/149/149 139/139/139
f 1615/1615/1615 1619/1619/1619 1617/1617/1617
f 1619/1619/1619 1624/1624/1624 1617/1617/1617
f 200/200/200 139/139/139 141/141/141
f 1624/1624/1624 1618/1618/1618 1617/1617/1617
f 1560/1560/1560 1543/1543/1543 1561/1561/1561
f 1561/1561/1561 1543/1543/1543 1544/1544/1544
f 1560/1560/1560 1562/1562/1562 1563/1563/1563
f 1560/1560/1560 1561/1561/1561 1562/1562/1562
f 1563/1563/1563 1567/1567/1567 1568/1568/1568
f 1563/1563/1563 1562/1562/1562 1567/1567/1567
f 1568/1568/1568 1570/1570/1570 1571/1571/1571
f 1568/1568/1568 1567/1567/1567 1570/1570/1570
f 1603/1603/1603 1573/1573/1573 1602/1602/1602
f 1573/1573/1573 1570/1570/1570 1602/1602/1602
f 1573/1573/1573 1571/1571/1571 1570/1570/1570
f 1573/1573/1573 1603/1603/1603 1604/1604/1604
f 922/922/922 916/916/916 920/920/920
f 921/921/921 916/916/916 922/922/922
f 4853/4853/4853 4869/4869/4869 4862/4862/4862
f 4853/4853/4853 4862/4862/4862 4861/4861/4861
f 4872/4872/4872 4870/4870/4870 4871/4871/4871
f 4870/4870/4870 4869/4869/4869 4871/4871/4871
f 4870/4870/4870 4862/4862/4862 4869/4869/4869
f 3960/3960/3960 3961/3961/3961 3962/3962/3962
f 3962/3962/3962 3961/3961/3961 3963/3963/3963
f 3957/3957/3957 3955/3955/3955 3960/3960/3960
f 3960/3960/3960 3955/3955/3955 3961/3961/3961
f 3955/3955/3955 3957/3957/3957 3952/3952/3952
f 3957/3957/3957 3949/3949/3949 3952/3952/3952
f 3957/3957/3957 3950/3950/3950 3949/3949/3949
f 5100/5100/5100 5077/5077/5077 5071/5071/5071
f 3947/3947/3947 3949/3949/3949 3950/3950/3950
f 5071/5071/5071 5072/5072/5072 5106/5106/5106
f 5071/5071/5071 5106/5106/5106 5100/5100/5100
f 154/154/154 153/153/153 155/155/155
f 101/101/101 158/158/158 155/155/155
f 101/101/101 155/155/155 153/153/153
f 149/149/149 159/159/159 158/158/158
f 101/101/101 149/149/149 158/158/158
f 100/100/100 149/149/149 101/101/101
f 140/140/140 139/139/139 122/122/122
f 139/139/139 100/100/100 122/122/122
f 139/139/139 149/149/149 100/100/100
f 139/139/139 140/140/140 141/141/141
f 141/141/141 140/140/140 142/142/142
f 141/141/141 142/142/142 143/143/143
f 1544/1544/1544 1550/1550/1550 1561/1561/1561
f 1561/1561/1561 1550/1550/1550 1562/1562/1562
f 1562/1562/1562 1550/1550/1550 1552/1552/1552
f 1562/1562/1562 1552/1552/1552 1567/1567/1567
f 1567/1567/1567 1552/1552/1552 1554/1554/1554
f 1567/1567/1567 1554/1554/1554 1570/1570/1570
f 1570/1570/1570 1554/1554/1554 1556/1556/1556
f 1570/1570/1570 1556/1556/1556 1602/1602/1602
f 921/921/921 908/908/908 916/916/916
f 911/911/911 908/908/908 921/921/921
f 443/443/443 431/431/431 353/353/353
f 443/443/443 353/353/353 369/369/369
f 351/351/351 431/431/431 432/432/432
f 353/353/353 431/431/431 351/351/351
f 349/349/349 432/432/432 433/433/433
f 351/351/351 432/432/432 349/349/349
f 341/341/341 433/433/433 430/430/430
f 349/349/349 433/433/433 341/341/341
f 3955/3955/3955 3952/3952/3952 3953/3953/3953
f 430/430/430 342/342/342 341/341/341
f 138/138/138 114/114/114 153/153/153
f 138/138/138 153/153/153 154/154/154
f 99/99/99 101/101/101 102/102/102
f 101/101/101 114/114/114 102/102/102
f 101/101/101 153/153/153 114/114/114
f 101/101/101 99/99/99 100/100/100
f 100/100/100 99/99/99 91/91/91
f 100/100/100 91/91/91 122/122/122
f 911/911/911 909/909/909 908/908/908
f 908/908/908 909/909/909 910/910/910
f 460/460/460 445/445/445 447/447/447
f 487/487/487 460/460/460 447/447/447
f 474/474/474 460/460/460 487/487/487
f 459/459/459 355/355/355 445/445/445
f 459/459/459 445/445/445 460/460/460
f 355/355/355 459/459/459 369/369/369
f 353/353/353 355/355/355 369/369/369
f 354/354/354 355/355/355 353/353/353
f 352/352/352 353/353/353 351/351/351
f 354/354/354 353/353/353 352/352/352
f 350/350/350 351/351/351 349/349/349
f 352/352/352 351/351/351 350/350/350
f 343/343/343 349/349/349 341/341/341
f 350/350/350 349/349/349 343/343/343
f 341/341/341 342/342/342 340/340/340
f 339/339/339 341/341/341 340/340/340
f 343/343/343 341/341/341 339/339/339
f 338/338/338 339/339/339 340/340/340
f 1299/1299/1299 1263/1263/1263 1298/1298/1298
f 161/161/161 117/117/117 121/121/121
f 117/117/117 116/116/116 115/115/115
f 1263/1263/1263 1287/1287/1287 1298/1298/1298
f 138/138/138 115/115/115 114/114/114
f 115/115/115 113/113/113 114/114/114
f 115/115/115 116/116/116 113/113/113
f 114/114/114 113/113/113 102/102/102
f 445/445/445 446/446/446 447/447/447
f 446/446/446 445/445/445 367/367/367
f 367/367/367 445/445/445 355/355/355
f 367/367/367 355/355/355 360/360/360
f 360/360/360 355/355/355 354/354/354
f 360/360/360 354/354/354 358/358/358
f 358/358/358 354/354/354 352/352/352
f 358/358/358 352/352/352 357/357/357
f 357/357/357 352/352/352 350/350/350
f 357/357/357 350/350/350 359/359/359
f 359/359/359 350/350/350 343/343/343
f 359/359/359 343/343/343 348/348/348
f 348/348/348 343/343/343 339/339/339
f 338/338/338 337/337/337 339/339/339
f 337/337/337 348/348/348 339/339/339
f 337/337/337 370/370/370 348/348/348
f 1352/1352/1352 1351/1351/1351 1349/1349/1349
f 337/337/337 336/336/336 370/370/370
f 1349/1349/1349 1348/1348/1348 1347/1347/1347
f 1351/1351/1351 1348/1348/1348 1349/1349/1349
f 1347/1347/1347 1346/1346/1346 1345/1345/1345
f 1348/1348/1348 1346/1346/1346 1347/1347/1347
f 1345/1345/1345 1344/1344/1344 1343/1343/1343
f 1346/1346/1346 1344/1344/1344 1345/1345/1345
f 1343/1343/1343 1340/1340/1340 1342/1342/1342
f 1344/1344/1344 1340/1340/1340 1343/1343/1343
f 127/127/127 134/134/134 129/129/129
f 1340/1340/1340 1341/1341/1341 1342/1342/1342
f 121/121/121 129/129/129 161/161/161
f 161/161/161 129/129/129 134/134/134
f 2161/2161/2161 2162/2162/2162 2160/2160/2160
f 2159/2159/2159 2158/2158/2158 2160/2160/2160
f 2160/2160/2160 2158/2158/2158 2161/2161/2161
f 2157/2157/2157 2158/2158/2158 2159/2159/2159
f 1736/1736/1736 1738/1738/1738 1740/1740/1740
f 2514/2514/2514 2515/2515/2515 2516/2516/2516
f 1737/1737/1737 1736/1736/1736 1739/1739/1739
f 2153/2153/2153 2154/2154/2154 2155/2155/2155
f 1736/1736/1736 1737/1737/1737 1738/1738/1738
f 2155/2155/2155 2158/2158/2158 2157/2157/2157
f 2156/2156/2156 2155/2155/2155 2157/2157/2157
f 2151/2151/2151 2155/2155/2155 2156/2156/2156
f 1766/1766/1766 1768/1768/1768 1769/1769/1769
f 1769/1769/1769 1768/1768/1768 1770/1770/1770
f 1965/1965/1965 1960/1960/1960 1969/1969/1969
f 1969/1969/1969 1960/1960/1960 1970/1970/1970
f 1960/1960/1960 1962/1962/1962 1973/1973/1973
f 1971/1971/1971 1960/1960/1960 1973/1973/1973
f 1970/1970/1970 1960/1960/1960 1971/1971/1971
f 1770/1770/1770 1768/1768/1768 1771/1771/1771
f 1749/1749/1749 1751/1751/1751 1752/1752/1752
f 1526/1526/1526 1525/1525/1525 1524/1524/1524
f 1749/1749/1749 1750/1750/1750 1751/1751/1751
f 1532/1532/1532 1523/1523/1523 1525/1525/1525
f 1523/1523/1523 1524/1524/1524 1525/1525/1525
f 1523/1523/1523 1527/1527/1527 1524/1524/1524
f 1528/1528/1528 1523/1523/1523 1529/1529/1529
f 1528/1528/1528 1527/1527/1527 1523/1523/1523
f 2046/2046/2046 2053/2053/2053 2047/2047/2047
f 2053/2053/2053 2052/2052/2052 2047/2047/2047
f 1533/1533/1533 1528/1528/1528 1529/1529/1529
f 2046/2046/2046 2054/2054/2054 2053/2053/2053
f 1962/1962/1962 1964/1964/1964 1973/1973/1973
f 1973/1973/1973 1964/1964/1964 1980/1980/1980
f 1980/1980/1980 1964/1964/1964 1967/1967/1967
f 1967/1967/1967 1968/1968/1968 1972/1972/1972
f 1967/1967/1967 1972/1972/1972 1981/1981/1981
f 1980/1980/1980 1967/1967/1967 1981/1981/1981
f 1986/1986/1986 1980/1980/1980 1981/1981/1981
f 1972/1972/1972 1982/1982/1982 1981/1981/1981
f 2045/2045/2045 2046/2046/2046 2047/2047/2047
f 2055/2055/2055 2051/2051/2051 2050/2050/2050
f 2050/2050/2050 2051/2051/2051 2045/2045/2045
f 2051/2051/2051 2054/2054/2054 2045/2045/2045
f 2054/2054/2054 2046/2046/2046 2045/2045/2045
f 2057/2057/2057 2056/2056/2056 2055/2055/2055
f 2055/2055/2055 2056/2056/2056 2051/2051/2051
f 2057/2057/2057 2058/2058/2058 2056/2056/2056
f 1968/1968/1968 1974/1974/1974 1972/1972/1972
f 1972/1972/1972 1974/1974/1974 1982/1982/1982
f 1974/1974/1974 1985/1985/1985 1982/1982/1982
f 1974/1974/1974 1996/1996/1996 1985/1985/1985
f 1985/1985/1985 1993/1993/1993 1988/1988/1988
f 1996/1996/1996 1993/1993/1993 1985/1985/1985
f 1988/1988/1988 1993/1993/1993 1990/1990/1990
f 1993/1993/1993 1992/1992/1992 1990/1990/1990
f 2147/2147/2147 2055/2055/2055 2050/2050/2050
f 1992/1992/1992 1993/1993/1993 1994/1994/1994
f 2055/2055/2055 2142/2142/2142 2057/2057/2057
f 2032/2032/2032 1992/1992/1992 2027/2027/2027
f 2058/2058/2058 2057/2057/2057 2059/2059/2059
f 2057/2057/2057 2060/2060/2060 2059/2059/2059
f 2057/2057/2057 2142/2142/2142 2060/2060/2060
f 2060/2060/2060 2061/2061/2061 2059/2059/2059
f 3770/3770/3770 3759/3759/3759 3774/3774/3774
f 2237/2237/2237 2316/2316/2316 2290/2290/2290
f 2236/2236/2236 2237/2237/2237 2235/2235/2235
f 2236/2236/2236 2246/2246/2246 2237/2237/2237
f 2233/2233/2233 2235/2235/2235 2234/2234/2234
f 2233/2233/2233 2236/2236/2236 2235/2235/2235
f 2232/2232/2232 2234/2234/2234 2249/2249/2249
f 2232/2232/2232 2233/2233/2233 2234/2234/2234
f 2262/2262/2262 2241/2241/2241 2272/2272/2272
f 2241/2241/2241 2249/2249/2249 2272/2272/2272
f 2241/2241/2241 2232/2232/2232 2249/2249/2249
f 2266/2266/2266 2254/2254/2254 2262/2262/2262
f 2262/2262/2262 2254/2254/2254 2241/2241/2241
f 2266/2266/2266 2256/2256/2256 2254/2254/2254
f 1994/1994/1994 2002/2002/2002 1992/1992/1992
f 2003/2003/2003 2007/2007/2007 2002/2002/2002
f 2007/2007/2007 1992/1992/1992 2002/2002/2002
f 2007/2007/2007 2027/2027/2027 1992/1992/1992
f 2142/2142/2142 2146/2146/2146 2060/2060/2060
f 2027/2027/2027 2007/2007/2007 2023/2023/2023
f 2061/2061/2061 2060/2060/2060 2119/2119/2119
f 2060/2060/2060 2120/2120/2120 2119/2119/2119
f 2060/2060/2060 2146/2146/2146 2120/2120/2120
f 2120/2120/2120 2121/2121/2121 2119/2119/2119
f 3779/3779/3779 3748/3748/3748 3745/3745/3745
f 3740/3740/3740 3744/3744/3744 3745/3745/3745
f 3745/3745/3745 3744/3744/3744 3779/3779/3779
f 3744/3744/3744 3740/3740/3740 3739/3739/3739
f 3740/3740/3740 3738/3738/3738 3739/3739/3739
f 3740/3740/3740 3741/3741/3741 3738/3738/3738
f 3742/3742/3742 3741/3741/3741 3743/3743/3743
f 3742/3742/3742 3738/3738/3738 3741/3741/3741
f 2296/2296/2296 2290/2290/2290 2316/2316/2316
f 3743/3743/3743 3759/3759/3759 3742/3742/3742
f 2273/2273/2273 2262/2262/2262 2272/2272/2272
f 2262/2262/2262 2273/2273/2273 2265/2265/2265
f 2262/2262/2262 2265/2265/2265 2266/2266/2266
f 2268/2268/2268 2264/2264/2264 2267/2267/2267
f 2267/2267/2267 2264/2264/2264 2265/2265/2265
f 2264/2264/2264 2256/2256/2256 2265/2265/2265
f 2256/2256/2256 2266/2266/2266 2265/2265/2265
f 2268/2268/2268 2263/2263/2263 2264/2264/2264
f 2003/2003/2003 2008/2008/2008 2007/2007/2007
f 2007/2007/2007 2008/2008/2008 2023/2023/2023
f 2023/2023/2023 2008/2008/2008 2009/2009/2009
f 2023/2023/2023 2009/2009/2009 2024/2024/2024
f 2024/2024/2024 2009/2009/2009 2025/2025/2025
f 2517/2517/2517 2518/2518/2518 2519/2519/2519
f 4006/4006/4006 4007/4007/4007 4008/4008/4008
f 3779/3779/3779 3750/3750/3750 3748/3748/3748
f 3744/3744/3744 3754/3754/3754 3755/3755/3755
f 3758/3758/3758 3744/3744/3744 3755/3755/3755
f 3779/3779/3779 3744/3744/3744 3758/3758/3758
f 3754/3754/3754 3744/3744/3744 3739/3739/3739
f 2269/2269/2269 2268/2268/2268 2267/2267/2267
f 2173/2173/2173 2174/2174/2174 2175/2175/2175
f 2176/2176/2176 2173/2173/2173 2175/2175/2175
f 3074/3074/3074 3443/3443/3443 3396/3396/3396
f 3129/3129/3129 3130/3130/3130 3398/3398/3398
f 3458/3458/3458 3459/3459/3459 3460/3460/3460
f 3458/3458/3458 3461/3461/3461 3459/3459/3459
f 3127/3127/3127 3128/3128/3128 3129/3129/3129
f 3129/3129/3129 3128/3128/3128 3130/3130/3130
f 3127/3127/3127 3125/3125/3125 3128/3128/3128
f 3765/3765/3765 3761/3761/3761 3760/3760/3760
f 3790/3790/3790 3765/3765/3765 3760/3760/3760
f 3790/3790/3790 3760/3760/3760 3750/3750/3750
f 4009/4009/4009 4010/4010/4010 4007/4007/4007
f 4006/4006/4006 4009/4009/4009 4007/4007/4007
f 3757/3757/3757 3758/3758/3758 3755/3755/3755
f 3471/3471/3471 3465/3465/3465 3469/3469/3469
f 3471/3471/3471 3469/3469/3469 3472/3472/3472
f 3129/3129/3129 3133/3133/3133 3127/3127/3127
f 3469/3469/3469 3465/3465/3465 3468/3468/3468
f 3125/3125/3125 3127/3127/3127 3122/3122/3122
f 3122/3122/3122 3127/3127/3127 3133/3133/3133
f 4459/4459/4459 4460/4460/4460 4458/4458/4458
f 4458/4458/4458 4460/4460/4460 4461/4461/4461
f 4458/4458/4458 4457/4457/4457 4456/4456/4456
f 4458/4458/4458 4456/4456/4456 4459/4459/4459
f 3464/3464/3464 3465/3465/3465 3471/3471/3471
f 3465/3465/3465 3464/3464/3464 3463/3463/3463
f 3465/3465/3465 3463/3463/3463 3468/3468/3468
f 3117/3117/3117 3119/3119/3119 3118/3118/3118
f 3118/3118/3118 3119/3119/3119 3121/3121/3121
f 3119/3119/3119 3122/3122/3122 3121/3121/3121
f 3122/3122/3122 3133/3133/3133 3121/3121/3121
f 3117/3117/3117 3120/3120/3120 3119/3119/3119
f 4459/4459/4459 4462/4462/4462 4460/4460/4460
f 4583/4583/4583 4584/4584/4584 4581/4581/4581
f 4583/4583/4583 4581/4581/4581 4579/4579/4579
f 4456/4456/4456 4501/4501/4501 4462/4462/4462
f 4459/4459/4459 4456/4456/4456 4462/4462/4462
f 4416/4416/4416 4414/4414/4414 4415/4415/4415
f 4585/4585/4585 4584/4584/4584 4583/4583/4583
f 4591/4591/4591 4592/4592/4592 4593/4593/4593
f 4417/4417/4417 4414/4414/4414 4416/4416/4416
f 4596/4596/4596 4592/4592/4592 4591/4591/4591
f 3098/3098/3098 3097/3097/3097 3117/3117/3117
f 3098/3098/3098 3117/3117/3117 3118/3118/3118
f 3120/3120/3120 3117/3117/3117 3174/3174/3174
f 3174/3174/3174 3117/3117/3117 3097/3097/3097
f 4415/4415/4415 4440/4440/4440 4441/4441/4441
f 4440/4440/4440 4415/4415/4415 4439/4439/4439
f 4415/4415/4415 4413/4413/4413 4439/4439/4439
f 4415/4415/4415 4414/4414/4414 4413/4413/4413
f 4594/4594/4594 4593/4593/4593 4592/4592/4592
f 4413/4413/4413 4414/4414/4414 4412/4412/4412
f 4592/4592/4592 4596/4596/4596 4597/4597/4597
f 4595/4595/4595 4592/4592/4592 4597/4597/4597
f 4594/4594/4594 4592/4592/4592 4595/4595/4595
f 4443/4443/4443 4423/4423/4423 4479/4479/4479
f 3095/3095/3095 3096/3096/3096 3097/3097/3097
f 3095/3095/3095 3097/3097/3097 3098/3098/3098
f 3174/3174/3174 3097/3097/3097 3111/3111/3111
f 3111/3111/3111 3097/3097/3097 3096/3096/3096
f 4413/4413/4413 4448/4448/4448 4439/4439/4439
f 4448/4448/4448 4413/4413/4413 4410/4410/4410
f 4410/4410/4410 4413/4413/4413 4412/4412/4412
f 4410/4410/4410 4412/4412/4412 4411/4411/4411
f 4411/4411/4411 4412/4412/4412 4423/4423/4423
f 4443/4443/4443 4442/4442/4442 4423/4423/4423
f 4442/4442/4442 4411/4411/4411 4423/4423/4423
f 4442/4442/4442 4446/4446/4446 4411/4411/4411
f 1818/1818/1818 1821/1821/1821 1819/1819/1819
f 4442/4442/4442 4445/4445/4445 4446/4446/4446
f 2447/2447/2447 2450/2450/2450 2443/2443/2443
f 2447/2447/2447 2443/2443/2443 2445/2445/2445
f 3094/3094/3094 3099/3099/3099 3096/3096/3096
f 3094/3094/3094 3096/3096/3096 3095/3095/3095
f 3111/3111/3111 3096/3096/3096 3100/3100/3100
f 3100/3100/3100 3096/3096/3096 3099/3099/3099
f 5035/5035/5035 5008/5008/5008 5010/5010/5010
f 5010/5010/5010 5008/5008/5008 5007/5007/5007
f 846/846/846 845/845/845 840/840/840
f 846/846/846 847/847/847 845/845/845
f 839/839/839 840/840/840 838/838/838
f 839/839/839 846/846/846 840/840/840
f 820/820/820 821/821/821 822/822/822
f 821/821/821 838/838/838 822/822/822
f 821/821/821 839/839/839 838/838/838
f 818/818/818 819/819/819 820/820/820
f 820/820/820 819/819/819 821/821/821
f 816/816/816 814/814/814 818/818/818
f 818/818/818 814/814/814 819/819/819
f 897/897/897 813/813/813 816/816/816
f 813/813/813 814/814/814 816/816/816
f 813/813/813 812/812/812 814/814/814
f 872/872/872 811/811/811 874/874/874
f 811/811/811 813/813/813 874/874/874
f 811/811/811 812/812/812 813/813/813
f 873/873/873 871/871/871 872/872/872
f 872/872/872 871/871/871 811/811/811
f 876/876/876 875/875/875 873/873/873
f 873/873/873 875/875/875 871/871/871
f 1537/1537/1537 1547/1547/1547 1548/1548/1548
f 878/878/878 876/876/876 879/879/879
f 2447/2447/2447 2445/2445/2445 2448/2448/2448
f 876/876/876 878/878/878 875/875/875
f 1547/1547/1547 1549/1549/1549 1548/1548/1548
f 1607/1607/1607 1596/1596/1596 1606/1606/1606
f 1605/1605/1605 1679/1679/1679 1606/1606/1606
f 1596/1596/1596 1605/1605/1605 1606/1606/1606
f 1601/1601/1601 1605/1605/1605 1596/1596/1596
f 3100/3100/3100 3099/3099/3099 3101/3101/3101
f 3101/3101/3101 3099/3099/3099 3103/3103/3103
f 636/636/636 635/635/635 627/627/627
f 627/627/627 635/635/635 625/625/625
f 4874/4874/4874 4878/4878/4878 4877/4877/4877
f 4859/4859/4859 4858/4858/4858 4860/4860/4860
f 4877/4877/4877 4875/4875/4875 4874/4874/4874
f 4874/4874/4874 4875/4875/4875 4876/4876/4876
f 5030/5030/5030 5031/5031/5031 5029/5029/5029
f 5030/5030/5030 5029/5029/5029 5028/5028/5028
f 5029/5029/5029 5026/5026/5026 5028/5028/5028
f 5029/5029/5029 5114/5114/5114 5026/5026/5026
f 5012/5012/5012 5114/5114/5114 5006/5006/5006
f 5012/5012/5012 5026/5026/5026 5114/5114/5114
f 5006/5006/5006 5007/5007/5007 5008/5008/5008
f 5006/5006/5006 5008/5008/5008 5012/5012/5012
f 848/848/848 820/820/820 822/822/822
f 820/820/820 848/848/848 900/900/900
f 820/820/820 900/900/900 818/818/818
f 818/818/818 900/900/900 837/837/837
f 818/818/818 837/837/837 816/816/816
f 897/897/897 816/816/816 837/837/837
f 1614/1614/1614 1615/1615/1615 1613/1613/1613
f 1559/1559/1559 1616/1616/1616 1614/1614/1614
f 1613/1613/1613 1559/1559/1559 1614/1614/1614
f 1612/1612/1612 1559/1559/1559 1613/1613/1613
f 1559/1559/1559 1557/1557/1557 1545/1545/1545
f 1559/1559/1559 1612/1612/1612 1557/1557/1557
f 1545/1545/1545 1538/1538/1538 1537/1537/1537
f 1545/1545/1545 1557/1557/1557 1538/1538/1538
f 1537/1537/1537 1539/1539/1539 1547/1547/1547
f 1537/1537/1537 1538/1538/1538 1539/1539/1539
f 1539/1539/1539 1543/1543/1543 1549/1549/1549
f 1539/1539/1539 1549/1549/1549 1547/1547/1547
f 1604/1604/1604 1593/1593/1593 1608/1608/1608
f 1596/1596/1596 1607/1607/1607 1608/1608/1608
f 1593/1593/1593 1596/1596/1596 1608/1608/1608
f 1595/1595/1595 1596/1596/1596 1593/1593/1593
f 4962/4962/4962 4965/4965/4965 4964/4964/4964
f 1601/1601/1601 1595/1595/1595 1682/1682/1682
f 1601/1601/1601 1596/1596/1596 1595/1595/1595
f 4965/4965/4965 4962/4962/4962 4961/4961/4961
f 944/944/944 922/922/922 942/942/942
f 941/941/941 922/922/922 944/944/944
f 4844/4844/4844 4846/4846/4846 4845/4845/4845
f 4843/4843/4843 4844/4844/4844 4845/4845/4845
f 4851/4851/4851 4844/4844/4844 4843/4843/4843
f 4853/4853/4853 4845/4845/4845 4846/4846/4846
f 3943/3943/3943 3944/3944/3944 3941/3941/3941
f 3943/3943/3943 3941/3941/3941 3940/3940/3940
f 3941/3941/3941 3939/3939/3939 3940/3940/3940
f 3941/3941/3941 3942/3942/3942 3939/3939/3939
f 5133/5133/5133 5131/5131/5131 5129/5129/5129
f 3959/3959/3959 3939/3939/3939 3942/3942/3942
f 5034/5034/5034 5031/5031/5031 5030/5030/5030
f 5134/5134/5134 5129/5129/5129 5135/5135/5135
f 5133/5133/5133 5129/5129/5129 5134/5134/5134
f 5134/5134/5134 5135/5135/5135 5138/5138/5138
f 1617/1617/1617 1613/1613/1613 1615/1615/1615
f 1613/1613/1613 1617/1617/1617 1618/1618/1618
f 145/145/145 216/216/216 143/143/143
f 1612/1612/1612 1613/1613/1613 1623/1623/1623
f 1612/1612/1612 1558/1558/1558 1557/1557/1557
f 1612/1612/1612 1623/1623/1623 1558/1558/1558
f 1557/1557/1557 1541/1541/1541 1538/1538/1538
f 1557/1557/1557 1558/1558/1558 1541/1541/1541
f 1538/1538/1538 1540/1540/1540 1539/1539/1539
f 1538/1538/1538 1541/1541/1541 1540/1540/1540
f 1540/1540/1540 1544/1544/1544 1543/1543/1543
f 1540/1540/1540 1543/1543/1543 1539/1539/1539
f 1602/1602/1602 1589/1589/1589 1603/1603/1603
f 1593/1593/1593 1604/1604/1604 1603/1603/1603
f 1589/1589/1589 1593/1593/1593 1603/1603/1603
f 1592/1592/1592 1593/1593/1593 1589/1589/1589
f 1593/1593/1593 1594/1594/1594 1595/1595/1595
f 1593/1593/1593 1592/1592/1592 1594/1594/1594
f 1682/1682/1682 1595/1595/1595 1667/1667/1667
f 1667/1667/1667 1595/1595/1595 1594/1594/1594
f 941/941/941 921/921/921 922/922/922
f 943/943/943 921/921/921 941/941/941
f 4843/4843/4843 4845/4845/4845 4850/4850/4850
f 491/491/491 486/486/486 489/489/489
f 4861/4861/4861 4850/4850/4850 4853/4853/4853
f 4853/4853/4853 4850/4850/4850 4845/4845/4845
f 3951/3951/3951 3952/3952/3952 3949/3949/3949
f 3947/3947/3947 3948/3948/3948 3949/3949/3949
f 3949/3949/3949 3948/3948/3948 3951/3951/3951
f 3946/3946/3946 3948/3948/3948 3947/3947/3947
f 3946/3946/3946 3947/3947/3947 3944/3944/3944
f 3945/3945/3945 3946/3946/3946 3944/3944/3944
f 3943/3943/3943 3945/3945/3945 3944/3944/3944
f 3945/3945/3945 3943/3943/3943 3940/3940/3940
f 122/122/122 90/90/90 140/140/140
f 89/89/89 142/142/142 140/140/140
f 89/89/89 140/140/140 90/90/90
f 89/89/89 106/106/106 142/142/142
f 142/142/142 106/106/106 143/143/143
f 106/106/106 144/144/144 143/143/143
f 144/144/144 145/145/145 143/143/143
f 145/145/145 144/144/144 146/146/146
f 146/146/146 144/144/144 147/147/147
f 146/146/146 147/147/147 164/164/164
f 164/164/164 147/147/147 198/198/198
f 1577/1577/1577 1542/1542/1542 1576/1576/1576
f 1542/1542/1542 1541/1541/1541 1576/1576/1576
f 1542/1542/1542 1540/1540/1540 1541/1541/1541
f 1546/1546/1546 1550/1550/1550 1544/1544/1544
f 1540/1540/1540 1546/1546/1546 1544/1544/1544
f 1542/1542/1542 1546/1546/1546 1540/1540/1540
f 1551/1551/1551 1552/1552/1552 1550/1550/1550
f 1551/1551/1551 1550/1550/1550 1546/1546/1546
f 1553/1553/1553 1554/1554/1554 1552/1552/1552
f 1553/1553/1553 1552/1552/1552 1551/1551/1551
f 1555/1555/1555 1556/1556/1556 1554/1554/1554
f 1555/1555/1555 1554/1554/1554 1553/1553/1553
f 1589/1589/1589 1602/1602/1602 1556/1556/1556
f 1555/1555/1555 1589/1589/1589 1556/1556/1556
f 1590/1590/1590 1589/1589/1589 1555/1555/1555
f 1597/1597/1597 1592/1592/1592 1599/1599/1599
f 1592/1592/1592 1590/1590/1590 1599/1599/1599
f 1592/1592/1592 1589/1589/1589 1590/1590/1590
f 1592/1592/1592 1597/1597/1597 1594/1594/1594
f 1594/1594/1594 1597/1597/1597 1598/1598/1598
f 1594/1594/1594 1598/1598/1598 1667/1667/1667
f 473/473/473 475/475/475 476/476/476
f 475/475/475 477/477/477 476/476/476
f 911/911/911 921/921/921 943/943/943
f 481/481/481 472/472/472 473/473/473
f 481/481/481 473/473/473 476/476/476
f 472/472/472 481/481/481 489/489/489
f 486/486/486 472/472/472 489/489/489
f 485/485/485 472/472/472 486/486/486
f 369/369/369 485/485/485 443/443/443
f 443/443/443 485/485/485 486/486/486
f 3954/3954/3954 3953/3953/3953 3951/3951/3951
f 3951/3951/3951 3953/3953/3953 3952/3952/3952
f 3956/3956/3956 3951/3951/3951 3948/3948/3948
f 3954/3954/3954 3951/3951/3951 3956/3956/3956
f 329/329/329 321/321/321 320/320/320
f 329/329/329 320/320/320 326/326/326
f 102/102/102 103/103/103 99/99/99
f 99/99/99 103/103/103 98/98/98
f 92/92/92 99/99/99 98/98/98
f 91/91/91 99/99/99 92/92/92
f 122/122/122 91/91/91 90/90/90
f 91/91/91 88/88/88 90/90/90
f 91/91/91 92/92/92 88/88/88
f 90/90/90 88/88/88 89/89/89
f 89/89/89 88/88/88 87/87/87
f 89/89/89 87/87/87 106/106/106
f 1577/1577/1577 1579/1579/1579 1542/1542/1542
f 1542/1542/1542 1579/1579/1579 1546/1546/1546
f 1546/1546/1546 1579/1579/1579 1580/1580/1580
f 1546/1546/1546 1580/1580/1580 1551/1551/1551
f 1551/1551/1551 1580/1580/1580 1581/1581/1581
f 1551/1551/1551 1581/1581/1581 1553/1553/1553
f 1553/1553/1553 1581/1581/1581 1582/1582/1582
f 1553/1553/1553 1582/1582/1582 1555/1555/1555
f 1555/1555/1555 1582/1582/1582 1583/1583/1583
f 1555/1555/1555 1583/1583/1583 1590/1590/1590
f 1590/1590/1590 1583/1583/1583 1591/1591/1591
f 1590/1590/1590 1591/1591/1591 1599/1599/1599
f 473/473/473 474/474/474 475/475/475
f 474/474/474 473/473/473 460/460/460
f 460/460/460 473/473/473 472/472/472
f 460/460/460 472/472/472 459/459/459
f 459/459/459 472/472/472 485/485/485
f 459/459/459 485/485/485 369/369/369
f 328/328/328 340/340/340 342/342/342
f 340/340/340 328/328/328 338/338/338
f 328/328/328 327/327/327 338/338/338
f 328/328/328 326/326/326 327/327/327
f 326/326/326 320/320/320 323/323/323
f 324/324/324 326/326/326 323/323/323
f 327/327/327 326/326/326 324/324/324
f 312/312/312 325/325/325 324/324/324
f 312/312/312 324/324/324 323/323/323
f 22/22/22 23/23/23 24/24/24
f 1299/1299/1299 1264/1264/1264 1263/1263/1263
f 1263/1263/1263 1264/1264/1264 1265/1265/1265
f 1262/1262/1262 1263/1263/1263 1265/1265/1265
f 1287/1287/1287 1263/1263/1263 1262/1262/1262
f 1287/1287/1287 1286/1286/1286 1315/1315/1315
f 1262/1262/1262 1286/1286/1286 1287/1287/1287
f 102/102/102 113/113/113 103/103/103
f 113/113/113 112/112/112 103/103/103
f 1315/1315/1315 1286/1286/1286 1306/1306/1306
f 103/103/103 112/112/112 98/98/98
f 327/327/327 337/337/337 338/338/338
f 337/337/337 327/327/327 336/336/336
f 336/336/336 327/327/327 324/324/324
f 336/336/336 324/324/324 344/344/344
f 344/344/344 324/324/324 325/325/325
f 314/314/314 332/332/332 325/325/325
f 332/332/332 344/344/344 325/325/325
f 1373/1373/1373 1346/1346/1346 1348/1348/1348
f 1346/1346/1346 1350/1350/1350 1344/1344/1344
f 1373/1373/1373 1350/1350/1350 1346/1346/1346
f 1344/1344/1344 1339/1339/1339 1340/1340/1340
f 1350/1350/1350 1339/1339/1339 1344/1344/1344
f 1340/1340/1340 1337/1337/1337 1341/1341/1341
f 1339/1339/1339 1337/1337/1337 1340/1340/1340
f 1299/1299/1299 1341/1341/1341 1264/1264/1264
f 1341/1341/1341 1335/1335/1335 1264/1264/1264
f 1341/1341/1341 1337/1337/1337 1335/1335/1335
f 1264/1264/1264 1335/1335/1335 1265/1265/1265
f 2152/2152/2152 2153/2153/2153 2155/2155/2155
f 2151/2151/2151 2149/2149/2149 2155/2155/2155
f 2155/2155/2155 2149/2149/2149 2152/2152/2152
f 2150/2150/2150 2149/2149/2149 2151/2151/2151
f 1961/1961/1961 1960/1960/1960 1965/1965/1965
f 1960/1960/1960 1961/1961/1961 1962/1962/1962
f 1961/1961/1961 1963/1963/1963 1962/1962/1962
f 2152/2152/2152 2149/2149/2149 2148/2148/2148
f 2148/2148/2148 2149/2149/2149 2150/2150/2150
f 1098/1098/1098 1108/1108/1108 1109/1109/1109
f 1110/1110/1110 1098/1098/1098 1109/1109/1109
f 1107/1107/1107 1108/1108/1108 1098/1098/1098
f 1535/1535/1535 1524/1524/1524 1527/1527/1527
f 1096/1096/1096 1098/1098/1098 1110/1110/1110
f 1534/1534/1534 1527/1527/1527 1528/1528/1528
f 1534/1534/1534 1535/1535/1535 1527/1527/1527
f 1536/1536/1536 1528/1528/1528 1533/1533/1533
f 1536/1536/1536 1534/1534/1534 1528/1528/1528
f 2125/2125/2125 2095/2095/2095 2054/2054/2054
f 2095/2095/2095 2053/2053/2053 2054/2054/2054
f 2095/2095/2095 2111/2111/2111 2053/2053/2053
f 2125/2125/2125 2126/2126/2126 2095/2095/2095
f 1963/1963/1963 1964/1964/1964 1962/1962/1962
f 2412/2412/2412 2411/2411/2411 2413/2413/2413
f 1966/1966/1966 1964/1964/1964 1963/1963/1963
f 1966/1966/1966 1967/1967/1967 1964/1964/1964
f 1968/1968/1968 1967/1967/1967 1966/1966/1966
f 1968/1968/1968 1966/1966/1966 1976/1976/1976
f 2051/2051/2051 2125/2125/2125 2054/2054/2054
f 2094/2094/2094 2126/2126/2126 2125/2125/2125
f 2051/2051/2051 2094/2094/2094 2125/2125/2125
f 2056/2056/2056 2094/2094/2094 2051/2051/2051
f 2114/2114/2114 2092/2092/2092 2058/2058/2058
f 2092/2092/2092 2056/2056/2056 2058/2058/2058
f 2092/2092/2092 2094/2094/2094 2056/2056/2056
f 2114/2114/2114 2115/2115/2115 2092/2092/2092
f 1976/1976/1976 1975/1975/1975 1968/1968/1968
f 1968/1968/1968 1975/1975/1975 1974/1974/1974
f 1974/1974/1974 1997/1997/1997 1996/1996/1996
f 1975/1975/1975 1997/1997/1997 1974/1974/1974
f 1996/1996/1996 1995/1995/1995 1993/1993/1993
f 1997/1997/1997 1995/1995/1995 1996/1996/1996
f 1994/1994/1994 1993/1993/1993 1995/1995/1995
f 1994/1994/1994 1995/1995/1995 2000/2000/2000
f 2059/2059/2059 2114/2114/2114 2058/2058/2058
f 2063/2063/2063 2062/2062/2062 2061/2061/2061
f 2061/2061/2061 2062/2062/2062 2059/2059/2059
f 2062/2062/2062 2115/2115/2115 2059/2059/2059
f 2115/2115/2115 2114/2114/2114 2059/2059/2059
f 2065/2065/2065 2064/2064/2064 2063/2063/2063
f 2063/2063/2063 2064/2064/2064 2062/2062/2062
f 2065/2065/2065 2066/2066/2066 2064/2064/2064
f 3769/3769/3769 3759/3759/3759 3770/3770/3770
f 3769/3769/3769 3770/3770/3770 3771/3771/3771
f 3770/3770/3770 3772/3772/3772 3771/3771/3771
f 2246/2246/2246 2236/2236/2236 2247/2247/2247
f 2242/2242/2242 2236/2236/2236 2233/2233/2233
f 2242/2242/2242 2247/2247/2247 2236/2236/2236
f 2238/2238/2238 2233/2233/2233 2232/2232/2232
f 2238/2238/2238 2242/2242/2242 2233/2233/2233
f 2239/2239/2239 2232/2232/2232 2241/2241/2241
f 2239/2239/2239 2238/2238/2238 2232/2232/2232
f 2252/2252/2252 2241/2241/2241 2254/2254/2254
f 2252/2252/2252 2239/2239/2239 2241/2241/2241
f 2254/2254/2254 2256/2256/2256 2252/2252/2252
f 2252/2252/2252 2256/2256/2256 2255/2255/2255
f 2000/2000/2000 2001/2001/2001 1994/1994/1994
f 1994/1994/1994 2001/2001/2001 2002/2002/2002
f 2003/2003/2003 2002/2002/2002 2001/2001/2001
f 2003/2003/2003 2001/2001/2001 2004/2004/2004
f 2119/2119/2119 2063/2063/2063 2061/2061/2061
f 2063/2063/2063 2119/2119/2119 2121/2121/2121
f 2135/2135/2135 2063/2063/2063 2121/2121/2121
f 2065/2065/2065 2063/2063/2063 2135/2135/2135
f 2066/2066/2066 2065/2065/2065 2067/2067/2067
f 2065/2065/2065 2068/2068/2068 2067/2067/2067
f 2065/2065/2065 2135/2135/2135 2068/2068/2068
f 2068/2068/2068 2069/2069/2069 2067/2067/2067
f 3737/3737/3737 3739/3739/3739 3738/3738/3738
f 3737/3737/3737 3738/3738/3738 3735/3735/3735
f 3738/3738/3738 3901/3901/3901 3735/3735/3735
f 3738/3738/3738 3742/3742/3742 3901/3901/3901
f 3742/3742/3742 3759/3759/3759 3769/3769/3769
f 3777/3777/3777 3742/3742/3742 3769/3769/3769
f 3901/3901/3901 3742/3742/3742 3777/3777/3777
f 3777/3777/3777 3769/3769/3769 3771/3771/3771
f 2257/2257/2257 2255/2255/2255 2256/2256/2256
f 2257/2257/2257 2256/2256/2256 2264/2264/2264
f 2264/2264/2264 2263/2263/2263 2257/2257/2257
f 2257/2257/2257 2263/2263/2263 2261/2261/2261
f 2004/2004/2004 2006/2006/2006 2003/2003/2003
f 2003/2003/2003 2006/2006/2006 2008/2008/2008
f 2006/2006/2006 2015/2015/2015 2010/2010/2010
f 2009/2009/2009 2006/2006/2006 2010/2010/2010
f 2008/2008/2008 2006/2006/2006 2009/2009/2009
f 2520/2520/2520 2521/2521/2521 2522/2522/2522
f 2012/2012/2012 2009/2009/2009 2010/2010/2010
f 2135/2135/2135 2121/2121/2121 2145/2145/2145
f 2144/2144/2144 2135/2135/2135 2145/2145/2145
f 2143/2143/2143 2135/2135/2135 2144/2144/2144
f 2135/2135/2135 2137/2137/2137 2068/2068/2068
f 2135/2135/2135 2143/2143/2143 2137/2137/2137
f 2069/2069/2069 2068/2068/2068 2075/2075/2075
f 2068/2068/2068 2076/2076/2076 2075/2075/2075
f 2068/2068/2068 2137/2137/2137 2076/2076/2076
f 2076/2076/2076 2077/2077/2077 2075/2075/2075
f 3756/3756/3756 3755/3755/3755 3754/3754/3754
f 3780/3780/3780 3756/3756/3756 3754/3754/3754
f 3780/3780/3780 3754/3754/3754 3739/3739/3739
f 3736/3736/3736 3780/3780/3780 3739/3739/3739
f 3737/3737/3737 3736/3736/3736 3739/3739/3739
f 3736/3736/3736 3737/3737/3737 3735/3735/3735
f 2172/2172/2172 2187/2187/2187 2174/2174/2174
f 2172/2172/2172 2174/2174/2174 2173/2173/2173
f 3430/3430/3430 3443/3443/3443 3130/3130/3130
f 2171/2171/2171 2172/2172/2172 2173/2173/2173
f 3131/3131/3131 3130/3130/3130 3128/3128/3128
f 3131/3131/3131 3430/3430/3430 3130/3130/3130
f 3124/3124/3124 3126/3126/3126 3125/3125/3125
f 3126/3126/3126 3131/3131/3131 3125/3125/3125
f 3131/3131/3131 3128/3128/3128 3125/3125/3125
f 2354/2354/2354 2352/2352/2352 2351/2351/2351
f 570/570/570 574/574/574 576/576/576
f 574/574/574 586/586/586 576/576/576
f 3132/3132/3132 3126/3126/3126 3124/3124/3124
f 574/574/574 570/570/570 573/573/573
f 573/573/573 570/570/570 567/567/567
f 564/564/564 565/565/565 567/567/567
f 565/565/565 573/573/573 567/567/567
f 565/565/565 592/592/592 573/573/573
f 2137/2137/2137 2141/2141/2141 2076/2076/2076
f 592/592/592 565/565/565 566/566/566
f 2077/2077/2077 2076/2076/2076 2140/2140/2140
f 2140/2140/2140 2076/2076/2076 2141/2141/2141
f 3775/3775/3775 3790/3790/3790 3757/3757/3757
f 3755/3755/3755 3756/3756/3756 3757/3757/3757
f 3756/3756/3756 3775/3775/3775 3757/3757/3757
f 3756/3756/3756 3776/3776/3776 3775/3775/3775
f 3756/3756/3756 3780/3780/3780 3778/3778/3778
f 3756/3756/3756 3778/3778/3778 3776/3776/3776
f 3122/3122/3122 3123/3123/3123 3124/3124/3124
f 3122/3122/3122 3124/3124/3124 3125/3125/3125
f 3175/3175/3175 3124/3124/3124 3134/3134/3134
f 3134/3134/3134 3124/3124/3124 3123/3123/3123
f 564/564/564 542/542/542 565/565/565
f 565/565/565 542/542/542 566/566/566
f 566/566/566 542/542/542 550/550/550
f 566/566/566 550/550/550 575/575/575
f 4420/4420/4420 4456/4456/4456 4421/4421/4421
f 4421/4421/4421 4456/4456/4456 4457/4457/4457
f 4419/4419/4419 4421/4421/4421 4422/4422/4422
f 4420/4420/4420 4421/4421/4421 4419/4419/4419
f 4422/4422/4422 4506/4506/4506 4505/4505/4505
f 4422/4422/4422 4505/4505/4505 4419/4419/4419
f 3119/3119/3119 3123/3123/3123 3122/3122/3122
f 3439/3439/3439 3173/3173/3173 3120/3120/3120
f 3120/3120/3120 3173/3173/3173 3119/3119/3119
f 3173/3173/3173 3134/3134/3134 3119/3119/3119
f 3134/3134/3134 3123/3123/3123 3119/3119/3119
f 3439/3439/3439 3160/3160/3160 3173/3173/3173
f 4420/4420/4420 4501/4501/4501 4456/4456/4456
f 4583/4583/4583 4586/4586/4586 4585/4585/4585
f 4416/4416/4416 4420/4420/4420 4419/4419/4419
f 4505/4505/4505 4418/4418/4418 4419/4419/4419
f 4418/4418/4418 4416/4416/4416 4419/4419/4419
f 4418/4418/4418 4417/4417/4417 4416/4416/4416
f 4424/4424/4424 4438/4438/4438 4425/4425/4425
f 4417/4417/4417 4424/4424/4424 4425/4425/4425
f 4418/4418/4418 4424/4424/4424 4417/4417/4417
f 4429/4429/4429 4480/4480/4480 4438/4438/4438
f 4429/4429/4429 4438/4438/4438 4424/4424/4424
f 4430/4430/4430 4480/4480/4480 4429/4429/4429
f 3573/3573/3573 3570/3570/3570 3569/3569/3569
f 3120/3120/3120 3447/3447/3447 3439/3439/3439
f 3174/3174/3174 3447/3447/3447 3120/3120/3120
f 3569/3569/3569 3570/3570/3570 3571/3571/3571
f 4438/4438/4438 4479/4479/4479 4425/4425/4425
f 4598/4598/4598 4599/4599/4599 4600/4600/4600
f 4599/4599/4599 4601/4601/4601 4600/4600/4600
f 4599/4599/4599 4602/4602/4602 4601/4601/4601
f 4480/4480/4480 4430/4430/4430 4481/4481/4481
f 2451/2451/2451 2440/2440/2440 2446/2446/2446
f 3111/3111/3111 3104/3104/3104 3107/3107/3107
f 3447/3447/3447 3111/3111/3111 3107/3107/3107
f 3174/3174/3174 3111/3111/3111 3447/3447/3447
f 3104/3104/3104 3106/3106/3106 3107/3107/3107
f 830/830/830 877/877/877 829/829/829
f 827/827/827 828/828/828 829/829/829
f 829/829/829 828/828/828 830/830/830
f 823/823/823 825/825/825 827/827/827
f 827/827/827 825/825/825 828/828/828
f 817/817/817 824/824/824 823/823/823
f 823/823/823 824/824/824 825/825/825
f 815/815/815 826/826/826 817/817/817
f 817/817/817 826/826/826 824/824/824
f 832/832/832 831/831/831 815/815/815
f 815/815/815 831/831/831 826/826/826
f 832/832/832 865/865/865 831/831/831
f 4444/4444/4444 4442/4442/4442 4443/4443/4443
f 4445/4445/4445 4442/4442/4442 4444/4444/4444
f 2444/2444/2444 2443/2443/2443 2446/2446/2446
f 2440/2440/2440 2444/2444/2444 2446/2446/2446
f 2442/2442/2442 2443/2443/2443 2444/2444/2444
f 2442/2442/2442 2445/2445/2445 2443/2443/2443
f 3100/3100/3100 3102/3102/3102 3104/3104/3104
f 3100/3100/3100 3104/3104/3104 3111/3111/3111
f 3106/3106/3106 3104/3104/3104 3105/3105/3105
f 3105/3105/3105 3104/3104/3104 3102/3102/3102
f 5017/5017/5017 5014/5014/5014 5035/5035/5035
f 5035/5035/5035 5014/5014/5014 5008/5008/5008
f 846/846/846 829/829/829 877/877/877
f 5017/5017/5017 5025/5025/5025 5022/5022/5022
f 5035/5035/5035 5025/5025/5025 5017/5017/5017
f 829/829/829 846/846/846 839/839/839
f 829/829/829 839/839/839 827/827/827
f 827/827/827 839/839/839 821/821/821
f 827/827/827 821/821/821 823/823/823
f 823/823/823 821/821/821 819/819/819
f 823/823/823 819/819/819 817/817/817
f 817/817/817 819/819/819 814/814/814
f 817/817/817 814/814/814 815/815/815
f 815/815/815 814/814/814 812/812/812
f 815/815/815 812/812/812 832/832/832
f 864/864/864 865/865/865 832/832/832
f 812/812/812 864/864/864 832/832/832
f 811/811/811 864/864/864 812/812/812
f 868/868/868 811/811/811 871/871/871
f 868/868/868 864/864/864 811/811/811
f 875/875/875 883/883/883 884/884/884
f 868/868/868 875/875/875 884/884/884
f 871/871/871 875/875/875 868/868/868
f 883/883/883 875/875/875 878/878/878
f 4961/4961/4961 4960/4960/4960 4959/4959/4959
f 3101/3101/3101 3102/3102/3102 3100/3100/3100
f 4956/4956/4956 4959/4959/4959 4955/4955/4955
f 4955/4955/4955 4959/4959/4959 4960/4960/4960
f 484/484/484 488/488/488 493/493/493
f 4859/4859/4859 4856/4856/4856 4858/4858/4858
f 4858/4858/4858 4856/4856/4856 4857/4857/4857
f 25/25/25 26/26/26 27/27/27
f 5021/5021/5021 5027/5027/5027 5026/5026/5026
f 5026/5026/5026 5027/5027/5027 5028/5028/5028
f 5015/5015/5015 5026/5026/5026 5012/5012/5012
f 5015/5015/5015 5021/5021/5021 5026/5026/5026
f 5012/5012/5012 5008/5008/5008 5014/5014/5014
f 5012/5012/5012 5014/5014/5014 5015/5015/5015
f 4964/4964/4964 4963/4963/4963 4962/4962/4962
f 4960/4960/4960 4961/4961/4961 4962/4962/4962
f 4963/4963/4963 4960/4960/4960 4962/4962/4962
f 4966/4966/4966 4960/4960/4960 4963/4963/4963
f 4955/4955/4955 4960/4960/4960 4954/4954/4954
f 4954/4954/4954 4960/4960/4960 4966/4966/4966
f 479/479/479 480/480/480 484/484/484
f 484/484/484 480/480/480 488/488/488
f 4854/4854/4854 4857/4857/4857 4856/4856/4856
f 479/479/479 484/484/484 483/483/483
f 4843/4843/4843 4854/4854/4854 4851/4851/4851
f 4851/4851/4851 4854/4854/4854 4856/4856/4856
f 3937/3937/3937 3940/3940/3940 3939/3939/3939
f 3959/3959/3959 3934/3934/3934 3939/3939/3939
f 3939/3939/3939 3934/3934/3934 3937/3937/3937
f 3934/3934/3934 3959/3959/3959 3932/3932/3932
f 3959/3959/3959 3930/3930/3930 3932/3932/3932
f 5133/5133/5133 5134/5134/5134 5136/5136/5136
f 5134/5134/5134 5138/5138/5138 5137/5137/5137
f 5134/5134/5134 5137/5137/5137 5136/5136/5136
f 1667/1667/1667 1668/1668/1668 1683/1683/1683
f 1667/1667/1667 1683/1683/1683 1682/1682/1682
f 4973/4973/4973 4966/4966/4966 4974/4974/4974
f 1693/1693/1693 1668/1668/1668 1674/1674/1674
f 1693/1693/1693 1683/1683/1683 1668/1668/1668
f 4966/4966/4966 4973/4973/4973 4954/4954/4954
f 478/478/478 477/477/477 479/479/479
f 479/479/479 477/477/477 480/480/480
f 482/482/482 479/479/479 483/483/483
f 478/478/478 479/479/479 482/482/482
f 489/489/489 482/482/482 491/491/491
f 491/491/491 482/482/482 483/483/483
f 3938/3938/3938 3946/3946/3946 3945/3945/3945
f 3940/3940/3940 3937/3937/3937 3945/3945/3945
f 3937/3937/3937 3938/3938/3938 3945/3945/3945
f 3937/3937/3937 3936/3936/3936 3938/3938/3938
f 3934/3934/3934 3933/3933/3933 3935/3935/3935
f 3936/3936/3936 3934/3934/3934 3935/3935/3935
f 3937/3937/3937 3934/3934/3934 3936/3936/3936
f 3933/3933/3933 3934/3934/3934 3932/3932/3932
f 106/106/106 108/108/108 144/144/144
f 109/109/109 147/147/147 144/144/144
f 109/109/109 144/144/144 108/108/108
f 194/194/194 198/198/198 147/147/147
f 194/194/194 147/147/147 109/109/109
f 1578/1578/1578 1577/1577/1577 1576/1576/1576
f 1599/1599/1599 1600/1600/1600 1597/1597/1597
f 1627/1627/1627 1598/1598/1598 1597/1597/1597
f 1627/1627/1627 1597/1597/1597 1600/1600/1600
f 1627/1627/1627 1662/1662/1662 1598/1598/1598
f 1598/1598/1598 1662/1662/1662 1667/1667/1667
f 1662/1662/1662 1666/1666/1666 1667/1667/1667
f 1666/1666/1666 1668/1668/1668 1667/1667/1667
f 1668/1668/1668 1666/1666/1666 1674/1674/1674
f 478/478/478 476/476/476 477/477/477
f 476/476/476 478/478/478 481/481/481
f 481/481/481 478/478/478 482/482/482
f 481/481/481 482/482/482 489/489/489
f 318/318/318 320/320/320 319/319/319
f 319/319/319 320/320/320 321/321/321
f 311/311/311 319/319/319 310/310/310
f 318/318/318 319/319/319 311/311/311
f 310/310/310 309/309/309 308/308/308
f 310/310/310 308/308/308 311/311/311
f 98/98/98 97/97/97 92/92/92
f 93/93/93 88/88/88 92/92/92
f 93/93/93 92/92/92 97/97/97
f 86/86/86 87/87/87 88/88/88
f 86/86/86 88/88/88 93/93/93
f 86/86/86 104/104/104 87/87/87
f 87/87/87 104/104/104 106/106/106
f 104/104/104 107/107/107 106/106/106
f 107/107/107 108/108/108 106/106/106
f 108/108/108 107/107/107 109/109/109
f 109/109/109 107/107/107 110/110/110
f 109/109/109 110/110/110 194/194/194
f 194/194/194 110/110/110 195/195/195
f 1587/1587/1587 1671/1671/1671 1646/1646/1646
f 1587/1587/1587 1646/1646/1646 1579/1579/1579
f 1578/1578/1578 1587/1587/1587 1579/1579/1579
f 1577/1577/1577 1578/1578/1578 1579/1579/1579
f 1644/1644/1644 1580/1580/1580 1579/1579/1579
f 1644/1644/1644 1579/1579/1579 1646/1646/1646
f 1642/1642/1642 1581/1581/1581 1580/1580/1580
f 1642/1642/1642 1580/1580/1580 1644/1644/1644
f 1640/1640/1640 1582/1582/1582 1581/1581/1581
f 1640/1640/1640 1581/1581/1581 1642/1642/1642
f 1638/1638/1638 1583/1583/1583 1582/1582/1582
f 1638/1638/1638 1582/1582/1582 1640/1640/1640
f 1583/1583/1583 1638/1638/1638 1637/1637/1637
f 1631/1631/1631 1583/1583/1583 1637/1637/1637
f 1591/1591/1591 1583/1583/1583 1631/1631/1631
f 1599/1599/1599 1591/1591/1591 1600/1600/1600
f 1591/1591/1591 1626/1626/1626 1600/1600/1600
f 1591/1591/1591 1631/1631/1631 1626/1626/1626
f 1600/1600/1600 1626/1626/1626 1627/1627/1627
f 1627/1627/1627 1626/1626/1626 1628/1628/1628
f 1627/1627/1627 1628/1628/1628 1662/1662/1662
f 318/318/318 323/323/323 320/320/320
f 323/323/323 318/318/318 312/312/312
f 312/312/312 318/318/318 311/311/311
f 313/313/313 315/315/315 314/314/314
f 313/313/313 314/314/314 312/312/312
f 308/308/308 313/313/313 312/312/312
f 311/311/311 308/308/308 312/312/312
f 316/316/316 365/365/365 315/315/315
f 316/316/316 315/315/315 313/313/313
f 363/363/363 365/365/365 316/316/316
f 1244/1244/1244 1238/1238/1238 1262/1262/1262
f 1244/1244/1244 1262/1262/1262 1265/1265/1265
f 1262/1262/1262 1254/1254/1254 1286/1286/1286
f 1238/1238/1238 1254/1254/1254 1262/1262/1262
f 1286/1286/1286 1258/1258/1258 1306/1306/1306
f 1254/1254/1254 1258/1258/1258 1286/1286/1286
f 98/98/98 112/112/112 97/97/97
f 112/112/112 96/96/96 97/97/97
f 1306/1306/1306 1258/1258/1258 1284/1284/1284
f 97/97/97 96/96/96 93/93/93
f 93/93/93 96/96/96 94/94/94
f 93/93/93 94/94/94 86/86/86
f 86/86/86 94/94/94 95/95/95
f 86/86/86 95/95/95 104/104/104
f 1671/1671/1671 1645/1645/1645 1646/1646/1646
f 1646/1646/1646 1645/1645/1645 1644/1644/1644
f 1644/1644/1644 1645/1645/1645 1643/1643/1643
f 1644/1644/1644 1643/1643/1643 1642/1642/1642
f 1642/1642/1642 1643/1643/1643 1641/1641/1641
f 1642/1642/1642 1641/1641/1641 1640/1640/1640
f 1640/1640/1640 1641/1641/1641 1639/1639/1639
f 1640/1640/1640 1639/1639/1639 1638/1638/1638
f 1638/1638/1638 1639/1639/1639 1636/1636/1636
f 1638/1638/1638 1636/1636/1636 1637/1637/1637
f 315/315/315 332/332/332 314/314/314
f 332/332/332 315/315/315 366/366/366
f 366/366/366 315/315/315 365/365/365
f 363/363/363 364/364/364 365/365/365
f 364/364/364 366/366/366 365/365/365
f 1380/1380/1380 1339/1339/1339 1350/1350/1350
f 1339/1339/1339 1338/1338/1338 1337/1337/1337
f 1380/1380/1380 1338/1338/1338 1339/1339/1339
f 1337/1337/1337 1336/1336/1336 1335/1335/1335
f 1338/1338/1338 1336/1336/1336 1337/1337/1337
f 1265/1265/1265 1335/1335/1335 1244/1244/1244
f 1244/1244/1244 1335/1335/1335 1336/1336/1336
f 1095/1095/1095 1107/1107/1107 1098/1098/1098
f 1096/1096/1096 1091/1091/1091 1098/1098/1098
f 1098/1098/1098 1091/1091/1091 1095/1095/1095
f 1097/1097/1097 1090/1090/1090 1096/1096/1096
f 1096/1096/1096 1090/1090/1090 1091/1091/1091
f 1099/1099/1099 1093/1093/1093 1097/1097/1097
f 1097/1097/1097 1093/1093/1093 1090/1090/1090
f 1119/1119/1119 1118/1118/1118 1099/1099/1099
f 1099/1099/1099 1118/1118/1118 1093/1093/1093
f 1121/1121/1121 1118/1118/1118 1119/1119/1119
f 2410/2410/2410 2411/2411/2411 2412/2412/2412
f 2411/2411/2411 2410/2410/2410 2414/2414/2414
f 2410/2410/2410 2415/2415/2415 2414/2414/2414
f 1095/1095/1095 1091/1091/1091 1089/1089/1089
f 1090/1090/1090 1092/1092/1092 1087/1087/1087
f 1089/1089/1089 1090/1090/1090 1087/1087/1087
f 1091/1091/1091 1090/1090/1090 1089/1089/1089
f 1092/1092/1092 1090/1090/1090 1093/1093/1093
f 1092/1092/1092 1093/1093/1093 1094/1094/1094
f 1094/1094/1094 1093/1093/1093 1118/1118/1118
f 1094/1094/1094 1118/1118/1118 1103/1103/1103
f 1103/1103/1103 1118/1118/1118 1121/1121/1121
f 1122/1122/1122 1103/1103/1103 1121/1121/1121
f 1105/1105/1105 1103/1103/1103 1122/1122/1122
f 2127/2127/2127 2094/2094/2094 2092/2092/2092
f 2127/2127/2127 2128/2128/2128 2094/2094/2094
f 2092/2092/2092 2115/2115/2115 2127/2127/2127
f 2127/2127/2127 2115/2115/2115 2129/2129/2129
f 2026/2026/2026 1975/1975/1975 1976/1976/1976
f 1087/1087/1087 1088/1088/1088 1089/1089/1089
f 1998/1998/1998 1975/1975/1975 2026/2026/2026
f 1998/1998/1998 1997/1997/1997 1975/1975/1975
f 1997/1997/1997 1999/1999/1999 1995/1995/1995
f 1998/1998/1998 1999/1999/1999 1997/1997/1997
f 2000/2000/2000 1995/1995/1995 1999/1999/1999
f 2000/2000/2000 1999/1999/1999 2022/2022/2022
f 2131/2131/2131 2129/2129/2129 2115/2115/2115
f 2131/2131/2131 2115/2115/2115 2062/2062/2062
f 2093/2093/2093 2062/2062/2062 2064/2064/2064
f 2093/2093/2093 2131/2131/2131 2062/2062/2062
f 2084/2084/2084 2074/2074/2074 2066/2066/2066
f 2074/2074/2074 2064/2064/2064 2066/2066/2066
f 2074/2074/2074 2093/2093/2093 2064/2064/2064
f 2084/2084/2084 2085/2085/2085 2074/2074/2074
f 3773/3773/3773 3771/3771/3771 3772/3772/3772
f 4004/4004/4004 4002/4002/4002 4000/4000/4000
f 4002/4002/4002 4001/4001/4001 4000/4000/4000
f 4002/4002/4002 4003/4003/4003 4001/4001/4001
f 2248/2248/2248 2242/2242/2242 2238/2238/2238
f 3617/3617/3617 3721/3721/3721 3840/3840/3840
f 2240/2240/2240 2238/2238/2238 2239/2239/2239
f 2240/2240/2240 2248/2248/2248 2238/2238/2238
f 2243/2243/2243 2239/2239/2239 2252/2252/2252
f 2243/2243/2243 2240/2240/2240 2239/2239/2239
f 2258/2258/2258 2251/2251/2251 2255/2255/2255
f 2251/2251/2251 2252/2252/2252 2255/2255/2255
f 2251/2251/2251 2243/2243/2243 2252/2252/2252
f 2258/2258/2258 2259/2259/2259 2251/2251/2251
f 2001/2001/2001 2000/2000/2000 2005/2005/2005
f 2000/2000/2000 2011/2011/2011 2005/2005/2005
f 2000/2000/2000 2022/2022/2022 2011/2011/2011
f 2005/2005/2005 2004/2004/2004 2001/2001/2001
f 2067/2067/2067 2084/2084/2084 2066/2066/2066
f 2071/2071/2071 2070/2070/2070 2069/2069/2069
f 2069/2069/2069 2070/2070/2070 2067/2067/2067
f 2070/2070/2070 2085/2085/2085 2067/2067/2067
f 2085/2085/2085 2084/2084/2084 2067/2067/2067
f 2071/2071/2071 2072/2072/2072 2070/2070/2070
f 3781/3781/3781 3735/3735/3735 3901/3901/3901
f 3781/3781/3781 3901/3901/3901 3784/3784/3784
f 3901/3901/3901 3908/3908/3908 3784/3784/3784
f 3901/3901/3901 3777/3777/3777 3908/3908/3908
f 3777/3777/3777 3771/3771/3771 3773/3773/3773
f 3902/3902/3902 3777/3777/3777 3773/3773/3773
f 3908/3908/3908 3777/3777/3777 3902/3902/3902
f 4005/4005/4005 4004/4004/4004 4000/4000/4000
f 2257/2257/2257 2258/2258/2258 2255/2255/2255
f 2170/2170/2170 2188/2188/2188 2187/2187/2187
f 2261/2261/2261 2260/2260/2260 2257/2257/2257
f 2260/2260/2260 2259/2259/2259 2257/2257/2257
f 2259/2259/2259 2258/2258/2258 2257/2257/2257
f 1707/1707/1707 1702/1702/1702 1708/1708/1708
f 1702/1702/1702 1709/1709/1709 1708/1708/1708
f 2374/2374/2374 2377/2377/2377 2375/2375/2375
f 2374/2374/2374 2375/2375/2375 2376/2376/2376
f 2005/2005/2005 2013/2013/2013 2004/2004/2004
f 2013/2013/2013 2006/2006/2006 2004/2004/2004
f 2013/2013/2013 2014/2014/2014 2006/2006/2006
f 2015/2015/2015 2006/2006/2006 2014/2014/2014
f 2015/2015/2015 2014/2014/2014 2017/2017/2017
f 2075/2075/2075 2071/2071/2071 2069/2069/2069
f 2079/2079/2079 2078/2078/2078 2077/2077/2077
f 2077/2077/2077 2078/2078/2078 2075/2075/2075
f 2078/2078/2078 2072/2072/2072 2075/2075/2075
f 2072/2072/2072 2071/2071/2071 2075/2075/2075
f 2079/2079/2079 2080/2080/2080 2078/2078/2078
f 3917/3917/3917 3780/3780/3780 3736/3736/3736
f 3734/3734/3734 3917/3917/3917 3736/3736/3736
f 3734/3734/3734 3736/3736/3736 3735/3735/3735
f 3733/3733/3733 3734/3734/3734 3735/3735/3735
f 3781/3781/3781 3733/3733/3733 3735/3735/3735
f 3733/3733/3733 3781/3781/3781 3784/3784/3784
f 2172/2172/2172 2170/2170/2170 2187/2187/2187
f 2166/2166/2166 2169/2169/2169 2170/2170/2170
f 2172/2172/2172 2166/2166/2166 2170/2170/2170
f 2171/2171/2171 2166/2166/2166 2172/2172/2172
f 3431/3431/3431 3430/3430/3430 3131/3131/3131
f 2164/2164/2164 2166/2166/2166 2171/2171/2171
f 2351/2351/2351 2352/2352/2352 2353/2353/2353
f 2182/2182/2182 2178/2178/2178 2164/2164/2164
f 577/577/577 569/569/569 570/570/570
f 577/577/577 570/570/570 576/576/576
f 569/569/569 571/571/571 568/568/568
f 567/567/567 569/569/569 568/568/568
f 570/570/570 569/569/569 567/567/567
f 568/568/568 564/564/564 567/567/567
f 2140/2140/2140 2138/2138/2138 2079/2079/2079
f 2140/2140/2140 2079/2079/2079 2077/2077/2077
f 2080/2080/2080 2079/2079/2079 2108/2108/2108
f 2079/2079/2079 2109/2109/2109 2108/2108/2108
f 2079/2079/2079 2138/2138/2138 2109/2109/2109
f 2109/2109/2109 2107/2107/2107 2108/2108/2108
f 3918/3918/3918 3778/3778/3778 3917/3917/3917
f 3917/3917/3917 3778/3778/3778 3780/3780/3780
f 3917/3917/3917 3734/3734/3734 3783/3783/3783
f 3917/3917/3917 3783/3783/3783 3918/3918/3918
f 3565/3565/3565 3564/3564/3564 3566/3566/3566
f 3176/3176/3176 3134/3134/3134 3177/3177/3177
f 3175/3175/3175 3134/3134/3134 3176/3176/3176
f 2364/2364/2364 2366/2366/2366 2371/2371/2371
f 2366/2366/2366 2372/2372/2372 2371/2371/2371
f 3567/3567/3567 3566/3566/3566 3564/3564/3564
f 3567/3567/3567 3564/3564/3564 3568/3568/3568
f 568/568/568 551/551/551 564/564/564
f 551/551/551 542/542/542 564/564/564
f 551/551/551 540/540/540 542/542/542
f 542/542/542 541/541/541 550/550/550
f 540/540/540 541/541/541 542/542/542
f 550/550/550 541/541/541 575/575/575
f 541/541/541 547/547/547 575/575/575
f 547/547/547 579/579/579 575/575/575
f 547/547/547 541/541/541 546/546/546
f 585/585/585 581/581/581 584/584/584
f 581/581/581 547/547/547 584/584/584
f 581/581/581 579/579/579 547/547/547
f 581/581/581 585/585/585 589/589/589
f 4436/4436/4436 4505/4505/4505 4435/4435/4435
f 4435/4435/4435 4505/4505/4505 4506/4506/4506
f 4435/4435/4435 4434/4434/4434 4432/4432/4432
f 4435/4435/4435 4432/4432/4432 4436/4436/4436
f 3563/3563/3563 3564/3564/3564 3565/3565/3565
f 3173/3173/3173 3160/3160/3160 3163/3163/3163
f 3160/3160/3160 3162/3162/3162 3163/3163/3163
f 3160/3160/3160 3158/3158/3158 3162/3162/3162
f 546/546/546 559/559/559 547/547/547
f 28/28/28 29/29/29 30/30/30
f 4436/4436/4436 4418/4418/4418 4505/4505/4505
f 4432/4432/4432 4426/4426/4426 4436/4436/4436
f 4426/4426/4426 4418/4418/4418 4436/4436/4436
f 4426/4426/4426 4424/4424/4424 4418/4418/4418
f 4424/4424/4424 4427/4427/4427 4429/4429/4429
f 4426/4426/4426 4427/4427/4427 4424/4424/4424
f 4430/4430/4430 4429/4429/4429 4427/4427/4427
f 4430/4430/4430 4427/4427/4427 4447/4447/4447
f 31/31/31 32/32/32 33/33/33
f 3170/3170/3170 3109/3109/3109 3171/3171/3171
f 3572/3572/3572 3571/3571/3571 3570/3570/3570
f 3109/3109/3109 3158/3158/3158 3160/3160/3160
f 881/881/881 867/867/867 906/906/906
f 2428/2428/2428 2416/2416/2416 2429/2429/2429
f 2430/2430/2430 2428/2428/2428 2429/2429/2429
f 2431/2431/2431 2428/2428/2428 2430/2430/2430
f 34/34/34 32/32/32 31/31/31
f 3110/3110/3110 3108/3108/3108 3106/3106/3106
f 3106/3106/3106 3108/3108/3108 3107/3107/3107
f 3108/3108/3108 3109/3109/3109 3107/3107/3107
f 3109/3109/3109 3170/3170/3170 3107/3107/3107
f 3110/3110/3110 3394/3394/3394 3108/3108/3108
f 5024/5024/5024 5019/5019/5019 5023/5023/5023
f 5023/5023/5023 5019/5019/5019 5022/5022/5022
f 869/869/869 830/830/830 828/828/828
f 869/869/869 896/896/896 830/830/830
f 870/870/870 828/828/828 825/825/825
f 870/870/870 869/869/869 828/828/828
f 836/836/836 825/825/825 824/824/824
f 836/836/836 870/870/870 825/825/825
f 833/833/833 824/824/824 826/826/826
f 833/833/833 836/836/836 824/824/824
f 834/834/834 826/826/826 831/831/831
f 834/834/834 833/833/833 826/826/826
f 866/866/866 835/835/835 865/865/865
f 835/835/835 831/831/831 865/865/865
f 835/835/835 834/834/834 831/831/831
f 835/835/835 866/866/866 867/867/867
f 866/866/866 906/906/906 867/867/867
f 866/866/866 907/907/907 906/906/906
f 2439/2439/2439 2444/2444/2444 2440/2440/2440
f 2439/2439/2439 2440/2440/2440 2441/2441/2441
f 3540/3540/3540 3538/3538/3538 3536/3536/3536
f 3105/3105/3105 3110/3110/3110 3106/3106/3106
f 3535/3535/3535 3536/3536/3536 3537/3537/3537
f 3537/3537/3537 3536/3536/3536 3538/3538/3538
f 5018/5018/5018 5016/5016/5016 5017/5017/5017
f 5017/5017/5017 5016/5016/5016 5014/5014/5014
f 5017/5017/5017 5022/5022/5022 5019/5019/5019
f 5017/5017/5017 5019/5019/5019 5018/5018/5018
f 864/864/864 866/866/866 865/865/865
f 866/866/866 864/864/864 868/868/868
f 866/866/866 868/868/868 907/907/907
f 907/907/907 868/868/868 884/884/884
f 4953/4953/4953 4958/4958/4958 4957/4957/4957
f 4956/4956/4956 4953/4953/4953 4957/4957/4957
f 4955/4955/4955 4953/4953/4953 4956/4956/4956
f 3538/3538/3538 3539/3539/3539 3537/3537/3537
f 3927/3927/3927 3928/3928/3928 3964/3964/3964
f 3927/3927/3927 3964/3964/3964 3924/3924/3924
f 3964/3964/3964 3687/3687/3687 3924/3924/3924
f 5021/5021/5021 5015/5015/5015 5020/5020/5020
f 5015/5015/5015 5014/5014/5014 5016/5016/5016
f 5015/5015/5015 5016/5016/5016 5020/5020/5020
f 4954/4954/4954 4953/4953/4953 4955/4955/4955
f 4954/4954/4954 4949/4949/4949 4953/4953/4953
f 3931/3931/3931 3932/3932/3932 3930/3930/3930
f 3929/3929/3929 3931/3931/3931 3930/3930/3930
f 3929/3929/3929 3930/3930/3930 3928/3928/3928
f 3925/3925/3925 3929/3929/3929 3928/3928/3928
f 3927/3927/3927 3925/3925/3925 3928/3928/3928
f 3925/3925/3925 3927/3927/3927 3924/3924/3924
f 4974/4974/4974 4975/4975/4975 4973/4973/4973
f 4975/4975/4975 4976/4976/4976 4973/4973/4973
f 4976/4976/4976 4954/4954/4954 4973/4973/4973
f 4976/4976/4976 4949/4949/4949 4954/4954/4954
f 3958/3958/3958 3935/3935/3935 3933/3933/3933
f 3932/3932/3932 3931/3931/3931 3933/3933/3933
f 3931/3931/3931 3958/3958/3958 3933/3933/3933
f 331/331/331 304/304/304 306/306/306
f 331/331/331 330/330/330 303/303/303
f 331/331/331 303/303/303 304/304/304
f 1662/1662/1662 1665/1665/1665 1666/1666/1666
f 1665/1665/1665 1673/1673/1673 1666/1666/1666
f 1666/1666/1666 1673/1673/1673 1674/1674/1674
f 1673/1673/1673 1675/1675/1675 1674/1674/1674
f 1675/1675/1675 1684/1684/1684 1674/1674/1674
f 1684/1684/1684 1675/1675/1675 1681/1681/1681
f 307/307/307 308/308/308 306/306/306
f 306/306/306 308/308/308 309/309/309
f 305/305/305 306/306/306 304/304/304
f 307/307/307 306/306/306 305/305/305
f 304/304/304 303/303/303 302/302/302
f 304/304/304 302/302/302 305/305/305
f 104/104/104 150/150/150 107/107/107
f 111/111/111 110/110/110 107/107/107
f 111/111/111 107/107/107 150/150/150
f 162/162/162 195/195/195 110/110/110
f 162/162/162 110/110/110 111/111/111
f 162/162/162 211/211/211 195/195/195
f 1637/1637/1637 1635/1635/1635 1631/1631/1631
f 1630/1630/1630 1626/1626/1626 1631/1631/1631
f 1630/1630/1630 1631/1631/1631 1635/1635/1635
f 1629/1629/1629 1628/1628/1628 1626/1626/1626
f 1629/1629/1629 1626/1626/1626 1630/1630/1630
f 1629/1629/1629 1663/1663/1663 1628/1628/1628
f 1628/1628/1628 1663/1663/1663 1662/1662/1662
f 1663/1663/1663 1664/1664/1664 1662/1662/1662
f 1664/1664/1664 1665/1665/1665 1662/1662/1662
f 1665/1665/1665 1664/1664/1664 1673/1673/1673
f 307/307/307 313/313/313 308/308/308
f 313/313/313 307/307/307 316/316/316
f 316/316/316 307/307/307 305/305/305
f 317/317/317 362/362/362 363/363/363
f 317/317/317 363/363/363 316/316/316
f 302/302/302 317/317/317 316/316/316
f 305/305/305 302/302/302 316/316/316
f 361/361/361 399/399/399 362/362/362
f 361/361/361 362/362/362 317/317/317
f 1233/1233/1233 1237/1237/1237 1236/1236/1236
f 1233/1233/1233 1236/1236/1236 1235/1235/1235
f 1238/1238/1238 1244/1244/1244 1237/1237/1237
f 1233/1233/1233 1238/1238/1238 1237/1237/1237
f 1232/1232/1232 1238/1238/1238 1233/1233/1233
f 1238/1238/1238 1231/1231/1231 1254/1254/1254
f 1232/1232/1232 1231/1231/1231 1238/1238/1238
f 1254/1254/1254 1253/1253/1253 1258/1258/1258
f 1231/1231/1231 1253/1253/1253 1254/1254/1254
f 1258/1258/1258 1257/1257/1257 1284/1284/1284
f 1253/1253/1253 1257/1257/1257 1258/1258/1258
f 1284/1284/1284 1266/1266/1266 1285/1285/1285
f 1257/1257/1257 1266/1266/1266 1284/1284/1284
f 94/94/94 105/105/105 95/95/95
f 1266/1266/1266 1273/1273/1273 1285/1285/1285
f 104/104/104 95/95/95 150/150/150
f 95/95/95 151/151/151 150/150/150
f 95/95/95 105/105/105 151/151/151
f 150/150/150 151/151/151 111/111/111
f 111/111/111 151/151/151 152/152/152
f 111/111/111 152/152/152 162/162/162
f 162/162/162 152/152/152 163/163/163
f 162/162/162 163/163/163 211/211/211
f 1672/1672/1672 1645/1645/1645 1671/1671/1671
f 1289/1289/1289 1290/1290/1290 1305/1305/1305
f 1305/1305/1305 1296/1296/1296 1300/1300/1300
f 1290/1290/1290 1296/1296/1296 1305/1305/1305
f 1300/1300/1300 1297/1297/1297 1320/1320/1320
f 1296/1296/1296 1297/1297/1297 1300/1300/1300
f 1320/1320/1320 1316/1316/1316 1319/1319/1319
f 1297/1297/1297 1316/1316/1316 1320/1320/1320
f 1319/1319/1319 1318/1318/1318 1332/1332/1332
f 1316/1316/1316 1318/1318/1318 1319/1319/1319
f 1637/1637/1637 1636/1636/1636 1635/1635/1635
f 1636/1636/1636 1634/1634/1634 1635/1635/1635
f 1332/1332/1332 1318/1318/1318 1324/1324/1324
f 1635/1635/1635 1634/1634/1634 1630/1630/1630
f 1630/1630/1630 1634/1634/1634 1632/1632/1632
f 1630/1630/1630 1632/1632/1632 1629/1629/1629
f 1629/1629/1629 1632/1632/1632 1633/1633/1633
f 1629/1629/1629 1633/1633/1633 1663/1663/1663
f 362/362/362 364/364/364 363/363/363
f 364/364/364 362/362/362 398/398/398
f 398/398/398 362/362/362 399/399/399
f 1338/1338/1338 1236/1236/1236 1336/1336/1336
f 1336/1336/1336 1236/1236/1236 1237/1237/1237
f 1336/1336/1336 1237/1237/1237 1244/1244/1244
f 1101/1101/1101 1087/1087/1087 1092/1092/1092
f 1094/1094/1094 1100/1100/1100 1092/1092/1092
f 1092/1092/1092 1100/1100/1100 1101/1101/1101
f 1103/1103/1103 1102/1102/1102 1094/1094/1094
f 1094/1094/1094 1102/1102/1102 1100/1100/1100
f 1105/1105/1105 1104/1104/1104 1103/1103/1103
f 1103/1103/1103 1104/1104/1104 1102/1102/1102
f 1117/1117/1117 1115/1115/1115 1105/1105/1105
f 1105/1105/1105 1115/1115/1115 1104/1104/1104
f 1120/1120/1120 1115/1115/1115 1117/1117/1117
f 1101/1101/1101 1088/1088/1088 1087/1087/1087
f 1998/1998/1998 2031/2031/2031 1999/1999/1999
f 1127/1127/1127 1101/1101/1101 1100/1100/1100
f 1999/1999/1999 2028/2028/2028 2022/2022/2022
f 2028/2028/2028 2029/2029/2029 2022/2022/2022
f 1100/1100/1100 1102/1102/1102 1111/1111/1111
f 1106/1106/1106 1102/1102/1102 1104/1104/1104
f 1111/1111/1111 1102/1102/1102 1106/1106/1106
f 1115/1115/1115 1123/1123/1123 1114/1114/1114
f 1106/1106/1106 1115/1115/1115 1114/1114/1114
f 1104/1104/1104 1115/1115/1115 1106/1106/1106
f 1123/1123/1123 1115/1115/1115 1120/1120/1120
f 1124/1124/1124 1123/1123/1123 1120/1120/1120
f 1125/1125/1125 1123/1123/1123 1124/1124/1124
f 2132/2132/2132 2131/2131/2131 2093/2093/2093
f 1126/1126/1126 1125/1125/1125 1124/1124/1124
f 2117/2117/2117 2093/2093/2093 2074/2074/2074
f 2117/2117/2117 2132/2132/2132 2093/2093/2093
f 2074/2074/2074 2085/2085/2085 2117/2117/2117
f 2117/2117/2117 2085/2085/2085 2118/2118/2118
f 3999/3999/3999 4000/4000/4000 4001/4001/4001
f 3617/3617/3617 3608/3608/3608 3721/3721/3721
f 3721/3721/3721 3608/3608/3608 3622/3622/3622
f 3608/3608/3608 3617/3617/3617 3609/3609/3609
f 3617/3617/3617 3611/3611/3611 3609/3609/3609
f 2248/2248/2248 2240/2240/2240 2245/2245/2245
f 2244/2244/2244 2240/2240/2240 2243/2243/2243
f 2244/2244/2244 2245/2245/2245 2240/2240/2240
f 2250/2250/2250 2243/2243/2243 2251/2251/2251
f 2250/2250/2250 2244/2244/2244 2243/2243/2243
f 2271/2271/2271 2270/2270/2270 2259/2259/2259
f 2270/2270/2270 2251/2251/2251 2259/2259/2259
f 2270/2270/2270 2250/2250/2250 2251/2251/2251
f 1112/1112/1112 1116/1116/1116 1111/1111/1111
f 2379/2379/2379 2374/2374/2374 2380/2380/2380
f 2011/2011/2011 2022/2022/2022 2029/2029/2029
f 2379/2379/2379 2378/2378/2378 2374/2374/2374
f 1112/1112/1112 1111/1111/1111 1106/1106/1106
f 1112/1112/1112 1106/1106/1106 1113/1113/1113
f 1113/1113/1113 1106/1106/1106 1114/1114/1114
f 2116/2116/2116 2118/2118/2118 2085/2085/2085
f 2116/2116/2116 2085/2085/2085 2070/2070/2070
f 2083/2083/2083 2073/2073/2073 2072/2072/2072
f 2073/2073/2073 2070/2070/2070 2072/2072/2072
f 2073/2073/2073 2116/2116/2116 2070/2070/2070
f 2083/2083/2083 2082/2082/2082 2073/2073/2073
f 3793/3793/3793 3784/3784/3784 3908/3908/3908
f 3902/3902/3902 3786/3786/3786 3908/3908/3908
f 3908/3908/3908 3786/3786/3786 3793/3793/3793
f 3591/3591/3591 3786/3786/3786 3902/3902/3902
f 3591/3591/3591 3902/3902/3902 3723/3723/3723
f 3587/3587/3587 3591/3591/3591 3723/3723/3723
f 3622/3622/3622 3587/3587/3587 3723/3723/3723
f 3587/3587/3587 3622/3622/3622 3608/3608/3608
f 3587/3587/3587 3608/3608/3608 3607/3607/3607
f 3607/3607/3607 3608/3608/3608 3609/3609/3609
f 2260/2260/2260 2271/2271/2271 2259/2259/2259
f 2374/2374/2374 2378/2378/2378 2377/2377/2377
f 1702/1702/1702 1707/1707/1707 1703/1703/1703
f 1702/1702/1702 1703/1703/1703 1699/1699/1699
f 1701/1701/1701 1702/1702/1702 1699/1699/1699
f 2014/2014/2014 2013/2013/2013 2016/2016/2016
f 2018/2018/2018 2019/2019/2019 2017/2017/2017
f 2014/2014/2014 2018/2018/2018 2017/2017/2017
f 2016/2016/2016 2018/2018/2018 2014/2014/2014
f 2020/2020/2020 2019/2019/2019 2018/2018/2018
f 2078/2078/2078 2083/2083/2083 2072/2072/2072
f 2086/2086/2086 2081/2081/2081 2080/2080/2080
f 2080/2080/2080 2081/2081/2081 2078/2078/2078
f 2081/2081/2081 2082/2082/2082 2078/2078/2078
f 2082/2082/2082 2083/2083/2083 2078/2078/2078
f 2086/2086/2086 2087/2087/2087 2081/2081/2081
f 3732/3732/3732 3734/3734/3734 3733/3733/3733
f 3731/3731/3731 3732/3732/3732 3733/3733/3733
f 3731/3731/3731 3733/3733/3733 3784/3784/3784
f 3727/3727/3727 3731/3731/3731 3784/3784/3784
f 3793/3793/3793 3727/3727/3727 3784/3784/3784
f 3727/3727/3727 3793/3793/3793 3786/3786/3786
f 3727/3727/3727 3786/3786/3786 3725/3725/3725
f 3725/3725/3725 3786/3786/3786 3591/3591/3591
f 2166/2166/2166 2167/2167/2167 2169/2169/2169
f 2163/2163/2163 2168/2168/2168 2167/2167/2167
f 2166/2166/2166 2163/2163/2163 2167/2167/2167
f 2164/2164/2164 2163/2163/2163 2166/2166/2166
f 2164/2164/2164 2178/2178/2178 2177/2177/2177
f 2165/2165/2165 2164/2164/2164 2177/2177/2177
f 2163/2163/2163 2164/2164/2164 2165/2165/2165
f 2184/2184/2184 2165/2165/2165 2183/2183/2183
f 2165/2165/2165 2184/2184/2184 2186/2186/2186
f 569/569/569 580/580/580 572/572/572
f 2020/2020/2020 2021/2021/2021 2019/2019/2019
f 2452/2452/2452 2453/2453/2453 2454/2454/2454
f 2177/2177/2177 2183/2183/2183 2165/2165/2165
f 572/572/572 571/571/571 569/569/569
f 2108/2108/2108 2086/2086/2086 2080/2080/2080
f 2106/2106/2106 2105/2105/2105 2107/2107/2107
f 2107/2107/2107 2105/2105/2105 2108/2108/2108
f 2105/2105/2105 2087/2087/2087 2108/2108/2108
f 2087/2087/2087 2086/2086/2086 2108/2108/2108
f 2106/2106/2106 2104/2104/2104 2105/2105/2105
f 3782/3782/3782 3783/3783/3783 3732/3732/3732
f 3732/3732/3732 3783/3783/3783 3734/3734/3734
f 3732/3732/3732 3731/3731/3731 3730/3730/3730
f 3732/3732/3732 3730/3730/3730 3782/3782/3782
f 3177/3177/3177 3178/3178/3178 3176/3176/3176
f 3177/3177/3177 3179/3179/3179 3178/3178/3178
f 2365/2365/2365 2364/2364/2364 2367/2367/2367
f 2364/2364/2364 2365/2365/2365 2366/2366/2366
f 551/551/551 543/543/543 540/540/540
f 549/549/549 543/543/543 551/551/551
f 543/543/543 545/545/545 544/544/544
f 541/541/541 543/543/543 544/544/544
f 540/540/540 543/543/543 541/541/541
f 544/544/544 546/546/546 541/541/541
f 584/584/584 578/578/578 585/585/585
f 590/590/590 589/589/589 585/585/585
f 578/578/578 590/590/590 585/585/585
f 2136/2136/2136 2106/2106/2106 2139/2139/2139
f 2104/2104/2104 2106/2106/2106 2124/2124/2124
f 2124/2124/2124 2106/2106/2106 2136/2136/2136
f 4431/4431/4431 4432/4432/4432 4433/4433/4433
f 4433/4433/4433 4432/4432/4432 4434/4434/4434
f 4433/4433/4433 4502/4502/4502 4437/4437/4437
f 4433/4433/4433 4437/4437/4437 4431/4431/4431
f 3158/3158/3158 3136/3136/3136 3159/3159/3159
f 3166/3166/3166 3158/3158/3158 3159/3159/3159
f 3162/3162/3162 3158/3158/3158 3166/3166/3166
f 3136/3136/3136 3261/3261/3261 3159/3159/3159
f 545/545/545 552/552/552 544/544/544
f 544/544/544 552/552/552 546/546/546
f 552/552/552 559/559/559 546/546/546
f 552/552/552 554/554/554 559/559/559
f 584/584/584 559/559/559 578/578/578
f 559/559/559 560/560/560 578/578/578
f 559/559/559 554/554/554 560/560/560
f 578/578/578 560/560/560 582/582/582
f 582/582/582 560/560/560 583/583/583
f 582/582/582 583/583/583 591/591/591
f 4431/4431/4431 4426/4426/4426 4432/4432/4432
f 4437/4437/4437 4428/4428/4428 4431/4431/4431
f 4428/4428/4428 4426/4426/4426 4431/4431/4431
f 4428/4428/4428 4427/4427/4427 4426/4426/4426
f 4447/4447/4447 4427/4427/4427 4428/4428/4428
f 2428/2428/2428 2434/2434/2434 2417/2417/2417
f 3109/3109/3109 3135/3135/3135 3136/3136/3136
f 3109/3109/3109 3136/3136/3136 3158/3158/3158
f 3261/3261/3261 3136/3136/3136 3157/3157/3157
f 3136/3136/3136 3137/3137/3137 3157/3157/3157
f 3136/3136/3136 3135/3135/3135 3137/3137/3137
f 3140/3140/3140 3141/3141/3141 3137/3137/3137
f 3137/3137/3137 3141/3141/3141 3157/3157/3157
f 3541/3541/3541 3542/3542/3542 3543/3543/3543
f 3140/3140/3140 3142/3142/3142 3141/3141/3141
f 3546/3546/3546 3545/3545/3545 3541/3541/3541
f 3541/3541/3541 3545/3545/3545 3542/3542/3542
f 3435/3435/3435 3434/3434/3434 3436/3436/3436
f 860/860/860 885/885/885 859/859/859
f 852/852/852 854/854/854 859/859/859
f 859/859/859 854/854/854 860/860/860
f 851/851/851 853/853/853 852/852/852
f 852/852/852 853/853/853 854/854/854
f 856/856/856 855/855/855 851/851/851
f 851/851/851 855/855/855 853/853/853
f 867/867/867 881/881/881 856/856/856
f 881/881/881 855/855/855 856/856/856
f 881/881/881 880/880/880 855/855/855
f 2416/2416/2416 2428/2428/2428 2417/2417/2417
f 2416/2416/2416 2417/2417/2417 2418/2418/2418
f 3108/3108/3108 3135/3135/3135 3109/3109/3109
f 3135/3135/3135 3108/3108/3108 3394/3394/3394
f 3138/3138/3138 3135/3135/3135 3394/3394/3394
f 3137/3137/3137 3135/3135/3135 3138/3138/3138
f 3137/3137/3137 3139/3139/3139 3140/3140/3140
f 3137/3137/3137 3138/3138/3138 3139/3139/3139
f 3556/3556/3556 3553/3553/3553 3555/3555/3555
f 3553/3553/3553 3554/3554/3554 3555/3555/3555
f 3541/3541/3541 3543/3543/3543 3544/3544/3544
f 3541/3541/3541 3547/3547/3547 3546/3546/3546
f 3435/3435/3435 3448/3448/3448 3433/3433/3433
f 3435/3435/3435 3433/3433/3433 3434/3434/3434
f 3689/3689/3689 3694/3694/3694 3697/3697/3697
f 3689/3689/3689 3697/3697/3697 3690/3690/3690
f 3697/3697/3697 3692/3692/3692 3690/3690/3690
f 896/896/896 869/869/869 892/892/892
f 886/886/886 869/869/869 870/870/870
f 886/886/886 892/892/892 869/869/869
f 836/836/836 859/859/859 885/885/885
f 886/886/886 836/836/836 885/885/885
f 870/870/870 836/836/836 886/886/886
f 859/859/859 836/836/836 833/833/833
f 859/859/859 833/833/833 852/852/852
f 852/852/852 833/833/833 834/834/834
f 852/852/852 834/834/834 851/851/851
f 851/851/851 834/834/834 835/835/835
f 851/851/851 835/835/835 856/856/856
f 856/856/856 835/835/835 867/867/867
f 3167/3167/3167 3161/3161/3161 3138/3138/3138
f 3167/3167/3167 3138/3138/3138 3394/3394/3394
f 3138/3138/3138 3143/3143/3143 3139/3139/3139
f 3138/3138/3138 3161/3161/3161 3143/3143/3143
f 3146/3146/3146 3139/3139/3139 3145/3145/3145
f 3139/3139/3139 3144/3144/3144 3145/3145/3145
f 3139/3139/3139 3143/3143/3143 3144/3144/3144
f 3144/3144/3144 3147/3147/3147 3145/3145/3145
f 3683/3683/3683 3684/3684/3684 3685/3685/3685
f 3685/3685/3685 3684/3684/3684 3686/3686/3686
f 3685/3685/3685 3694/3694/3694 3689/3689/3689
f 3688/3688/3688 3685/3685/3685 3689/3689/3689
f 3683/3683/3683 3685/3685/3685 3688/3688/3688
f 3688/3688/3688 3689/3689/3689 3690/3690/3690
f 35/35/35 36/36/36 37/37/37
f 3161/3161/3161 3167/3167/3167 3168/3168/3168
f 3169/3169/3169 3161/3161/3161 3168/3168/3168
f 3172/3172/3172 3161/3161/3161 3169/3169/3169
f 3161/3161/3161 3165/3165/3165 3143/3143/3143
f 3161/3161/3161 3172/3172/3172 3165/3165/3165
f 4931/4931/4931 4885/4885/4885 4968/4968/4968
f 4988/4988/4988 4986/4986/4986 4985/4985/4985
f 3144/3144/3144 3143/3143/3143 3165/3165/3165
f 4931/4931/4931 4883/4883/4883 4885/4885/4885
f 4883/4883/4883 4884/4884/4884 4885/4885/4885
f 3148/3148/3148 3147/3147/3147 3144/3144/3144
f 3148/3148/3148 3144/3144/3144 3156/3156/3156
f 3156/3156/3156 3150/3150/3150 3148/3148/3148
f 3698/3698/3698 3923/3923/3923 3687/3687/3687
f 3687/3687/3687 3923/3923/3923 3924/3924/3924
f 3687/3687/3687 3686/3686/3686 3684/3684/3684
f 3687/3687/3687 3684/3684/3684 3698/3698/3698
f 4949/4949/4949 4947/4947/4947 4948/4948/4948
f 4949/4949/4949 4948/4948/4948 4953/4953/4953
f 4948/4948/4948 4946/4946/4946 4950/4950/4950
f 4948/4948/4948 4947/4947/4947 4946/4946/4946
f 4950/4950/4950 4951/4951/4951 4967/4967/4967
f 4950/4950/4950 4946/4946/4946 4951/4951/4951
f 4985/4985/4985 4986/4986/4986 4987/4987/4987
f 4979/4979/4979 4967/4967/4967 4951/4951/4951
f 4883/4883/4883 4886/4886/4886 4884/4884/4884
f 4884/4884/4884 4886/4886/4886 4895/4895/4895
f 3926/3926/3926 3929/3929/3929 3925/3925/3925
f 3809/3809/3809 3926/3926/3926 3925/3925/3925
f 3924/3924/3924 3809/3809/3809 3925/3925/3925
f 3923/3923/3923 3809/3809/3809 3924/3924/3924
f 4976/4976/4976 4952/4952/4952 4947/4947/4947
f 4976/4976/4976 4947/4947/4947 4949/4949/4949
f 4947/4947/4947 4944/4944/4944 4946/4946/4946
f 4947/4947/4947 4952/4952/4952 4944/4944/4944
f 4946/4946/4946 4945/4945/4945 4951/4951/4951
f 4946/4946/4946 4944/4944/4944 4945/4945/4945
f 4979/4979/4979 4951/4951/4951 4970/4970/4970
f 4970/4970/4970 4951/4951/4951 4945/4945/4945
f 301/301/301 303/303/303 322/322/322
f 322/322/322 303/303/303 330/330/330
f 322/322/322 259/259/259 258/258/258
f 322/322/322 258/258/258 301/301/301
f 1673/1673/1673 1676/1676/1676 1675/1675/1675
f 1676/1676/1676 1680/1680/1680 1675/1675/1675
f 1675/1675/1675 1680/1680/1680 1681/1681/1681
f 4941/4941/4941 4942/4942/4942 4976/4976/4976
f 4942/4942/4942 4952/4952/4952 4976/4976/4976
f 4952/4952/4952 4942/4942/4942 4944/4944/4944
f 4944/4944/4944 4942/4942/4942 4943/4943/4943
f 4944/4944/4944 4943/4943/4943 4945/4945/4945
f 4945/4945/4945 4943/4943/4943 4969/4969/4969
f 4945/4945/4945 4969/4969/4969 4970/4970/4970
f 300/300/300 302/302/302 301/301/301
f 301/301/301 302/302/302 303/303/303
f 301/301/301 258/258/258 271/271/271
f 301/301/301 271/271/271 300/300/300
f 1663/1663/1663 1669/1669/1669 1664/1664/1664
f 1669/1669/1669 1678/1678/1678 1664/1664/1664
f 1664/1664/1664 1678/1678/1678 1673/1673/1673
f 1678/1678/1678 1677/1677/1677 1673/1673/1673
f 1677/1677/1677 1676/1676/1676 1673/1673/1673
f 1676/1676/1676 1677/1677/1677 1680/1680/1680
f 300/300/300 317/317/317 302/302/302
f 271/271/271 299/299/299 300/300/300
f 299/299/299 317/317/317 300/300/300
f 299/299/299 361/361/361 317/317/317
f 1235/1235/1235 1234/1234/1234 1233/1233/1233
f 299/299/299 334/334/334 361/361/361
f 1233/1233/1233 1230/1230/1230 1232/1232/1232
f 1234/1234/1234 1230/1230/1230 1233/1233/1233
f 1232/1232/1232 1228/1228/1228 1231/1231/1231
f 1230/1230/1230 1228/1228/1228 1232/1232/1232
f 1231/1231/1231 1227/1227/1227 1253/1253/1253
f 1228/1228/1228 1227/1227/1227 1231/1231/1231
f 1253/1253/1253 1241/1241/1241 1257/1257/1257
f 1227/1227/1227 1241/1241/1241 1253/1253/1253
f 1257/1257/1257 1256/1256/1256 1266/1266/1266
f 1241/1241/1241 1256/1256/1256 1257/1257/1257
f 1266/1266/1266 1259/1259/1259 1273/1273/1273
f 1256/1256/1256 1259/1259/1259 1266/1266/1266
f 1273/1273/1273 1267/1267/1267 1283/1283/1283
f 1259/1259/1259 1267/1267/1267 1273/1273/1273
f 1283/1283/1283 1271/1271/1271 1288/1288/1288
f 1267/1267/1267 1271/1271/1271 1283/1283/1283
f 1288/1288/1288 1270/1270/1270 1289/1289/1289
f 1271/1271/1271 1270/1270/1270 1288/1288/1288
f 1289/1289/1289 1281/1281/1281 1290/1290/1290
f 1270/1270/1270 1281/1281/1281 1289/1289/1289
f 1290/1290/1290 1291/1291/1291 1296/1296/1296
f 1281/1281/1281 1291/1291/1291 1290/1290/1290
f 1291/1291/1291 1292/1292/1292 1293/1293/1293
f 1297/1297/1297 1291/1291/1291 1293/1293/1293
f 1296/1296/1296 1291/1291/1291 1297/1297/1297
f 1297/1297/1297 1293/1293/1293 1309/1309/1309
f 1310/1310/1310 1297/1297/1297 1309/1309/1309
f 1316/1316/1316 1297/1297/1297 1310/1310/1310
f 1316/1316/1316 1317/1317/1317 1318/1318/1318
f 1310/1310/1310 1317/1317/1317 1316/1316/1316
f 1318/1318/1318 1321/1321/1321 1324/1324/1324
f 1317/1317/1317 1321/1321/1321 1318/1318/1318
f 1324/1324/1324 1325/1325/1325 1326/1326/1326
f 1321/1321/1321 1325/1325/1325 1324/1324/1324
f 1326/1326/1326 1327/1327/1327 1328/1328/1328
f 1325/1325/1325 1327/1327/1327 1326/1326/1326
f 1663/1663/1663 1633/1633/1633 1669/1669/1669
f 1633/1633/1633 1670/1670/1670 1669/1669/1669
f 1328/1328/1328 1327/1327/1327 1329/1329/1329
f 1669/1669/1669 1670/1670/1670 1678/1678/1678
f 1292/1292/1292 1331/1331/1331 1293/1293/1293
f 1293/1293/1293 1331/1331/1331 1309/1309/1309
f 1498/1498/1498 1499/1499/1499 1503/1503/1503
f 1506/1506/1506 1497/1497/1497 1503/1503/1503
f 1503/1503/1503 1497/1497/1497 1498/1498/1498
f 1508/1508/1508 1501/1501/1501 1506/1506/1506
f 1506/1506/1506 1501/1501/1501 1497/1497/1497
f 1511/1511/1511 1510/1510/1510 1508/1508/1508
f 1508/1508/1508 1510/1510/1510 1501/1501/1501
f 2118/2118/2118 2134/2134/2134 2117/2117/2117
f 3610/3610/3610 3609/3609/3609 3611/3611/3611
f 3613/3613/3613 3612/3612/3612 3611/3611/3611
f 3611/3611/3611 3612/3612/3612 3610/3610/3610
f 3612/3612/3612 3613/3613/3613 3614/3614/3614
f 3613/3613/3613 3615/3615/3615 3614/3614/3614
f 2244/2244/2244 2250/2250/2250 2253/2253/2253
f 2291/2291/2291 2250/2250/2250 2270/2270/2270
f 2291/2291/2291 2253/2253/2253 2250/2250/2250
f 2292/2292/2292 2270/2270/2270 2293/2293/2293
f 2292/2292/2292 2291/2291/2291 2270/2270/2270
f 2294/2294/2294 2293/2293/2293 2317/2317/2317
f 2294/2294/2294 2292/2292/2292 2293/2293/2293
f 2381/2381/2381 2382/2382/2382 2383/2383/2383
f 1140/1140/1140 1139/1139/1139 1143/1143/1143
f 1498/1498/1498 1496/1496/1496 1499/1499/1499
f 1139/1139/1139 1140/1140/1140 1141/1141/1141
f 1497/1497/1497 1500/1500/1500 1486/1486/1486
f 1496/1496/1496 1497/1497/1497 1486/1486/1486
f 1498/1498/1498 1497/1497/1497 1496/1496/1496
f 1500/1500/1500 1497/1497/1497 1501/1501/1501
f 1500/1500/1500 1501/1501/1501 1505/1505/1505
f 1505/1505/1505 1501/1501/1501 1510/1510/1510
f 1505/1505/1505 1510/1510/1510 1507/1507/1507
f 2133/2133/2133 2134/2134/2134 2118/2118/2118
f 2116/2116/2116 2133/2133/2133 2118/2118/2118
f 2130/2130/2130 2133/2133/2133 2116/2116/2116
f 2122/2122/2122 2116/2116/2116 2073/2073/2073
f 2122/2122/2122 2130/2130/2130 2116/2116/2116
f 2073/2073/2073 2082/2082/2082 2122/2122/2122
f 2122/2122/2122 2082/2082/2082 2123/2123/2123
f 3586/3586/3586 3591/3591/3591 3587/3587/3587
f 3586/3586/3586 3587/3587/3587 3588/3588/3588
f 3587/3587/3587 3593/3593/3593 3588/3588/3588
f 3587/3587/3587 3607/3607/3607 3593/3593/3593
f 3607/3607/3607 3609/3609/3609 3610/3610/3610
f 3621/3621/3621 3607/3607/3607 3610/3610/3610
f 3593/3593/3593 3607/3607/3607 3621/3621/3621
f 3621/3621/3621 3610/3610/3610 3612/3612/3612
f 3621/3621/3621 3612/3612/3612 3839/3839/3839
f 3839/3839/3839 3612/3612/3612 3614/3614/3614
f 1699/1699/1699 1700/1700/1700 1701/1701/1701
f 1142/1142/1142 1141/1141/1141 1140/1140/1140
f 1701/1701/1701 1704/1704/1704 1705/1705/1705
f 2018/2018/2018 2016/2016/2016 2030/2030/2030
f 1704/1704/1704 1701/1701/1701 1700/1700/1700
f 1484/1484/1484 1482/1482/1482 1485/1485/1485
f 1484/1484/1484 1485/1485/1485 1487/1487/1487
f 1486/1486/1486 1484/1484/1484 1487/1487/1487
f 1496/1496/1496 1486/1486/1486 1487/1487/1487
f 1479/1479/1479 1482/1482/1482 1484/1484/1484
f 4239/4239/4239 4244/4244/4244 4243/4243/4243
f 4239/4239/4239 4243/4243/4243 4242/4242/4242
f 2089/2089/2089 2088/2088/2088 2087/2087/2087
f 2088/2088/2088 2081/2081/2081 2087/2087/2087
f 4241/4241/4241 4239/4239/4239 4242/4242/4242
f 2089/2089/2089 2090/2090/2090 2088/2088/2088
f 3728/3728/3728 3731/3731/3731 3727/3727/3727
f 3725/3725/3725 3726/3726/3726 3727/3727/3727
f 3727/3727/3727 3726/3726/3726 3728/3728/3728
f 3722/3722/3722 3726/3726/3726 3725/3725/3725
f 3722/3722/3722 3725/3725/3725 3591/3591/3591
f 3589/3589/3589 3722/3722/3722 3591/3591/3591
f 3586/3586/3586 3589/3589/3589 3591/3591/3591
f 3589/3589/3589 3586/3586/3586 3588/3588/3588
f 38/38/38 39/39/39 40/40/40
f 1706/1706/1706 1704/1704/1704 1700/1700/1700
f 2163/2163/2163 2179/2179/2179 2185/2185/2185
f 2165/2165/2165 2179/2179/2179 2163/2163/2163
f 1483/1483/1483 1485/1485/1485 1482/1482/1482
f 1481/1481/1481 1483/1483/1483 1482/1482/1482
f 2179/2179/2179 2165/2165/2165 2180/2180/2180
f 1180/1180/1180 1184/1184/1184 1183/1183/1183
f 1479/1479/1479 1481/1481/1481 1482/1482/1482
f 1185/1185/1185 1184/1184/1184 1180/1180/1180
f 2105/2105/2105 2089/2089/2089 2087/2087/2087
f 2103/2103/2103 2100/2100/2100 2104/2104/2104
f 2104/2104/2104 2100/2100/2100 2105/2105/2105
f 2100/2100/2100 2090/2090/2090 2105/2105/2105
f 2090/2090/2090 2089/2089/2089 2105/2105/2105
f 2103/2103/2103 2102/2102/2102 2100/2100/2100
f 3729/3729/3729 3730/3730/3730 3728/3728/3728
f 3728/3728/3728 3730/3730/3730 3731/3731/3731
f 3726/3726/3726 3789/3789/3789 3785/3785/3785
f 3729/3729/3729 3726/3726/3726 3785/3785/3785
f 3728/3728/3728 3726/3726/3726 3729/3729/3729
f 3789/3789/3789 3726/3726/3726 3722/3722/3722
f 2365/2365/2365 2367/2367/2367 2368/2368/2368
f 2387/2387/2387 2384/2384/2384 2386/2386/2386
f 1757/1757/1757 1754/1754/1754 1756/1756/1756
f 2369/2369/2369 2368/2368/2368 2370/2370/2370
f 2368/2368/2368 2369/2369/2369 2365/2365/2365
f 543/543/543 549/549/549 548/548/548
f 545/545/545 543/543/543 548/548/548
f 545/545/545 548/548/548 562/562/562
f 2124/2124/2124 2112/2112/2112 2103/2103/2103
f 2124/2124/2124 2103/2103/2103 2104/2104/2104
f 2102/2102/2102 2103/2103/2103 2110/2110/2110
f 2110/2110/2110 2103/2103/2103 2112/2112/2112
f 4544/4544/4544 4437/4437/4437 4503/4503/4503
f 4503/4503/4503 4437/4437/4437 4502/4502/4502
f 2433/2433/2433 2422/2422/2422 2420/2420/2420
f 2433/2433/2433 2420/2420/2420 2432/2432/2432
f 3159/3159/3159 3444/3444/3444 3166/3166/3166
f 3159/3159/3159 3261/3261/3261 3444/3444/3444
f 3261/3261/3261 3445/3445/3445 3444/3444/3444
f 3261/3261/3261 3446/3446/3446 3445/3445/3445
f 562/562/562 553/553/553 545/545/545
f 545/545/545 553/553/553 552/552/552
f 553/553/553 556/556/556 555/555/555
f 554/554/554 553/553/553 555/555/555
f 552/552/552 553/553/553 554/554/554
f 558/558/558 560/560/560 554/554/554
f 558/558/558 554/554/554 555/555/555
f 3379/3379/3379 3380/3380/3380 3381/3381/3381
f 561/561/561 560/560/560 558/558/558
f 3378/3378/3378 3382/3382/3382 3380/3380/3380
f 3379/3379/3379 3378/3378/3378 3380/3380/3380
f 3377/3377/3377 3378/3378/3378 3379/3379/3379
f 3383/3383/3383 3378/3378/3378 3376/3376/3376
f 3376/3376/3376 3378/3378/3378 3377/3377/3377
f 4544/4544/4544 4428/4428/4428 4437/4437/4437
f 2417/2417/2417 2434/2434/2434 2432/2432/2432
f 2420/2420/2420 2417/2417/2417 2432/2432/2432
f 2419/2419/2419 2417/2417/2417 2420/2420/2420
f 3578/3578/3578 3574/3574/3574 3581/3581/3581
f 3578/3578/3578 3581/3581/3581 3580/3580/3580
f 3366/3366/3366 3157/3157/3157 3141/3141/3141
f 3579/3579/3579 3578/3578/3578 3580/3580/3580
f 3542/3542/3542 3548/3548/3548 3549/3549/3549
f 3366/3366/3366 3142/3142/3142 3391/3391/3391
f 3141/3141/3141 3142/3142/3142 3366/3366/3366
f 3548/3548/3548 3542/3542/3542 3545/3545/3545
f 3548/3548/3548 3545/3545/3545 3550/3550/3550
f 3550/3550/3550 3545/3545/3545 3551/3551/3551
f 3552/3552/3552 3550/3550/3550 3551/3551/3551
f 561/561/561 558/558/558 587/587/587
f 3375/3375/3375 3377/3377/3377 3384/3384/3384
f 3377/3377/3377 3432/3432/3432 3384/3384/3384
f 3377/3377/3377 3379/3379/3379 3432/3432/3432
f 3377/3377/3377 3375/3375/3375 3376/3376/3376
f 863/863/863 887/887/887 860/860/860
f 860/860/860 887/887/887 885/885/885
f 862/862/862 860/860/860 854/854/854
f 862/862/862 863/863/863 860/860/860
f 861/861/861 854/854/854 853/853/853
f 861/861/861 862/862/862 854/854/854
f 857/857/857 853/853/853 855/855/855
f 857/857/857 861/861/861 853/853/853
f 858/858/858 855/855/855 880/880/880
f 858/858/858 857/857/857 855/855/855
f 2418/2418/2418 2417/2417/2417 2419/2419/2419
f 880/880/880 882/882/882 858/858/858
f 3146/3146/3146 3164/3164/3164 3448/3448/3448
f 3154/3154/3154 3433/3433/3433 3448/3448/3448
f 3154/3154/3154 3448/3448/3448 3164/3164/3164
f 3432/3432/3432 3434/3434/3434 3433/3433/3433
f 3154/3154/3154 3432/3432/3432 3433/3433/3433
f 3155/3155/3155 3432/3432/3432 3154/3154/3154
f 3384/3384/3384 3432/3432/3432 3385/3385/3385
f 3432/3432/3432 3368/3368/3368 3385/3385/3385
f 3432/3432/3432 3155/3155/3155 3368/3368/3368
f 3368/3368/3368 3370/3370/3370 3385/3385/3385
f 3693/3693/3693 3691/3691/3691 3692/3692/3692
f 3692/3692/3692 3691/3691/3691 3690/3690/3690
f 894/894/894 892/892/892 886/886/886
f 3704/3704/3704 3693/3693/3693 3692/3692/3692
f 886/886/886 885/885/885 887/887/887
f 886/886/886 887/887/887 894/894/894
f 3145/3145/3145 3164/3164/3164 3146/3146/3146
f 3164/3164/3164 3145/3145/3145 3147/3147/3147
f 3149/3149/3149 3164/3164/3164 3147/3147/3147
f 3154/3154/3154 3164/3164/3164 3149/3149/3149
f 3154/3154/3154 3152/3152/3152 3155/3155/3155
f 3154/3154/3154 3149/3149/3149 3152/3152/3152
f 3155/3155/3155 3153/3153/3153 3368/3368/3368
f 3155/3155/3155 3152/3152/3152 3153/3153/3153
f 3370/3370/3370 3368/3368/3368 3369/3369/3369
f 3369/3369/3369 3368/3368/3368 3153/3153/3153
f 3682/3682/3682 3684/3684/3684 3683/3683/3683
f 3682/3682/3682 3683/3683/3683 3681/3681/3681
f 3683/3683/3683 3699/3699/3699 3681/3681/3681
f 3683/3683/3683 3688/3688/3688 3699/3699/3699
f 3688/3688/3688 3690/3690/3690 3691/3691/3691
f 3688/3688/3688 3691/3691/3691 3699/3699/3699
f 4968/4968/4968 4888/4888/4888 4931/4931/4931
f 3148/3148/3148 3149/3149/3149 3147/3147/3147
f 4883/4883/4883 4931/4931/4931 4888/4888/4888
f 3149/3149/3149 3148/3148/3148 3150/3150/3150
f 3151/3151/3151 3149/3149/3149 3150/3150/3150
f 3152/3152/3152 3149/3149/3149 3151/3151/3151
f 4927/4927/4927 4893/4893/4893 4892/4892/4892
f 4893/4893/4893 4889/4889/4889 4892/4892/4892
f 3153/3153/3153 3152/3152/3152 3151/3151/3151
f 4893/4893/4893 4927/4927/4927 4977/4977/4977
f 3794/3794/3794 3923/3923/3923 3698/3698/3698
f 3684/3684/3684 3682/3682/3682 3698/3698/3698
f 3682/3682/3682 3794/3794/3794 3698/3698/3698
f 3682/3682/3682 3700/3700/3700 3794/3794/3794
f 3682/3682/3682 3681/3681/3681 3679/3679/3679
f 3682/3682/3682 3679/3679/3679 3700/3700/3700
f 4979/4979/4979 4898/4898/4898 4888/4888/4888
f 4979/4979/4979 4888/4888/4888 4968/4968/4968
f 4887/4887/4887 4886/4886/4886 4883/4883/4883
f 4888/4888/4888 4887/4887/4887 4883/4883/4883
f 4898/4898/4898 4887/4887/4887 4888/4888/4888
f 4889/4889/4889 4895/4895/4895 4886/4886/4886
f 4887/4887/4887 4889/4889/4889 4886/4886/4886
f 4890/4890/4890 4889/4889/4889 4887/4887/4887
f 4892/4892/4892 4889/4889/4889 4891/4891/4891
f 4891/4891/4891 4889/4889/4889 4890/4890/4890
f 3701/3701/3701 3809/3809/3809 3794/3794/3794
f 3794/3794/3794 3809/3809/3809 3923/3923/3923
f 3700/3700/3700 3680/3680/3680 3696/3696/3696
f 3701/3701/3701 3700/3700/3700 3696/3696/3696
f 3794/3794/3794 3700/3700/3700 3701/3701/3701
f 3680/3680/3680 3700/3700/3700 3679/3679/3679
f 4981/4981/4981 4984/4984/4984 4982/4982/4982
f 4981/4981/4981 4982/4982/4982 4983/4983/4983
f 4898/4898/4898 4894/4894/4894 4887/4887/4887
f 4898/4898/4898 4972/4972/4972 4894/4894/4894
f 4924/4924/4924 4890/4890/4890 4896/4896/4896
f 4890/4890/4890 4894/4894/4894 4896/4896/4896
f 4890/4890/4890 4887/4887/4887 4894/4894/4894
f 4890/4890/4890 4924/4924/4924 4891/4891/4891
f 255/255/255 258/258/258 254/254/254
f 254/254/254 258/258/258 259/259/259
f 254/254/254 253/253/253 251/251/251
f 254/254/254 251/251/251 255/255/255
f 4941/4941/4941 4939/4939/4939 4942/4942/4942
f 4937/4937/4937 4943/4943/4943 4942/4942/4942
f 4937/4937/4937 4942/4942/4942 4939/4939/4939
f 4935/4935/4935 4969/4969/4969 4943/4943/4943
f 4935/4935/4935 4943/4943/4943 4937/4937/4937
f 4972/4972/4972 4970/4970/4970 4969/4969/4969
f 4935/4935/4935 4972/4972/4972 4969/4969/4969
f 4921/4921/4921 4972/4972/4972 4935/4935/4935
f 4897/4897/4897 4894/4894/4894 4905/4905/4905
f 4894/4894/4894 4921/4921/4921 4905/4905/4905
f 4894/4894/4894 4972/4972/4972 4921/4921/4921
f 4894/4894/4894 4897/4897/4897 4896/4896/4896
f 270/270/270 271/271/271 255/255/255
f 255/255/255 271/271/271 258/258/258
f 255/255/255 251/251/251 256/256/256
f 257/257/257 255/255/255 256/256/256
f 270/270/270 255/255/255 257/257/257
f 260/260/260 269/269/269 257/257/257
f 260/260/260 257/257/257 256/256/256
f 265/265/265 269/269/269 260/260/260
f 1395/1395/1395 1451/1451/1451 1455/1455/1455
f 1395/1395/1395 1455/1455/1455 1460/1460/1460
f 4941/4941/4941 4940/4940/4940 4939/4939/4939
f 4940/4940/4940 4938/4938/4938 4939/4939/4939
f 1455/1455/1455 1451/1451/1451 1454/1454/1454
f 4939/4939/4939 4938/4938/4938 4937/4937/4937
f 4937/4937/4937 4938/4938/4938 4922/4922/4922
f 4937/4937/4937 4922/4922/4922 4935/4935/4935
f 4935/4935/4935 4922/4922/4922 4916/4916/4916
f 4935/4935/4935 4916/4916/4916 4921/4921/4921
f 4921/4921/4921 4916/4916/4916 4914/4914/4914
f 4921/4921/4921 4914/4914/4914 4905/4905/4905
f 270/270/270 299/299/299 271/271/271
f 299/299/299 270/270/270 334/334/334
f 334/334/334 270/270/270 257/257/257
f 334/334/334 257/257/257 335/335/335
f 335/335/335 257/257/257 269/269/269
f 265/265/265 272/272/272 269/269/269
f 272/272/272 335/335/335 269/269/269
f 1229/1229/1229 1228/1228/1228 1230/1230/1230
f 1228/1228/1228 1226/1226/1226 1227/1227/1227
f 1229/1229/1229 1226/1226/1226 1228/1228/1228
f 1227/1227/1227 1224/1224/1224 1241/1241/1241
f 1226/1226/1226 1224/1224/1224 1227/1227/1227
f 1241/1241/1241 1223/1223/1223 1256/1256/1256
f 1224/1224/1224 1223/1223/1223 1241/1241/1241
f 1223/1223/1223 1242/1242/1242 1260/1260/1260
f 1259/1259/1259 1223/1223/1223 1260/1260/1260
f 1256/1256/1256 1223/1223/1223 1259/1259/1259
f 1261/1261/1261 1267/1267/1267 1259/1259/1259
f 1261/1261/1261 1259/1259/1259 1260/1260/1260
f 1267/1267/1267 1261/1261/1261 1255/1255/1255
f 1250/1250/1250 1267/1267/1267 1255/1255/1255
f 1271/1271/1271 1267/1267/1267 1250/1250/1250
f 1250/1250/1250 1252/1252/1252 1269/1269/1269
f 1270/1270/1270 1250/1250/1250 1269/1269/1269
f 1271/1271/1271 1250/1250/1250 1270/1270/1270
f 1272/1272/1272 1281/1281/1281 1270/1270/1270
f 1272/1272/1272 1270/1270/1270 1269/1269/1269
f 1282/1282/1282 1291/1291/1291 1281/1281/1281
f 1282/1282/1282 1281/1281/1281 1272/1272/1272
f 1282/1282/1282 1292/1292/1292 1291/1291/1291
f 1309/1309/1309 1311/1311/1311 1310/1310/1310
f 1312/1312/1312 1317/1317/1317 1310/1310/1310
f 1312/1312/1312 1310/1310/1310 1311/1311/1311
f 1322/1322/1322 1321/1321/1321 1317/1317/1317
f 1322/1322/1322 1317/1317/1317 1312/1312/1312
f 1323/1323/1323 1325/1325/1325 1321/1321/1321
f 1323/1323/1323 1321/1321/1321 1322/1322/1322
f 1333/1333/1333 1327/1327/1327 1325/1325/1325
f 1333/1333/1333 1325/1325/1325 1323/1323/1323
f 1327/1327/1327 1333/1333/1333 1394/1394/1394
f 1330/1330/1330 1327/1327/1327 1394/1394/1394
f 1329/1329/1329 1327/1327/1327 1330/1330/1330
f 1460/1460/1460 1329/1329/1329 1395/1395/1395
f 1395/1395/1395 1329/1329/1329 1330/1330/1330
f 41/41/41 42/42/42 43/43/43
f 1260/1260/1260 1334/1334/1334 1261/1261/1261
f 1261/1261/1261 1334/1334/1334 1393/1393/1393
f 44/44/44 45/45/45 46/46/46
f 1252/1252/1252 1213/1213/1213 1269/1269/1269
f 1269/1269/1269 1213/1213/1213 1272/1272/1272
f 1272/1272/1272 1213/1213/1213 1212/1212/1212
f 1272/1272/1272 1212/1212/1212 1282/1282/1282
f 1282/1282/1282 1212/1212/1212 1214/1214/1214
f 1282/1282/1282 1214/1214/1214 1292/1292/1292
f 1214/1214/1214 1331/1331/1331 1292/1292/1292
f 1214/1214/1214 1279/1279/1279 1331/1331/1331
f 1309/1309/1309 1331/1331/1331 1311/1311/1311
f 1331/1331/1331 1276/1276/1276 1311/1311/1311
f 1331/1331/1331 1279/1279/1279 1276/1276/1276
f 1311/1311/1311 1276/1276/1276 1312/1312/1312
f 1312/1312/1312 1276/1276/1276 1275/1275/1275
f 1312/1312/1312 1275/1275/1275 1322/1322/1322
f 1322/1322/1322 1275/1275/1275 1277/1277/1277
f 1322/1322/1322 1277/1277/1277 1323/1323/1323
f 1323/1323/1323 1277/1277/1277 1295/1295/1295
f 1323/1323/1323 1295/1295/1295 1333/1333/1333
f 1333/1333/1333 1295/1295/1295 1308/1308/1308
f 1333/1333/1333 1308/1308/1308 1394/1394/1394
f 3618/3618/3618 3616/3616/3616 3615/3615/3615
f 3615/3615/3615 3616/3616/3616 3614/3614/3614
f 2310/2310/2310 2253/2253/2253 2291/2291/2291
f 2310/2310/2310 2311/2311/2311 2253/2253/2253
f 1166/1166/1166 1156/1156/1156 1163/1163/1163
f 1156/1156/1156 1167/1167/1167 1163/1163/1163
f 2310/2310/2310 2291/2291/2291 2292/2292/2292
f 1139/1139/1139 1162/1162/1162 1167/1167/1167
f 1167/1167/1167 1162/1162/1162 1163/1163/1163
f 1141/1141/1141 1162/1162/1162 1139/1139/1139
f 1477/1477/1477 1486/1486/1486 1500/1500/1500
f 1505/1505/1505 1480/1480/1480 1500/1500/1500
f 1500/1500/1500 1480/1480/1480 1477/1477/1477
f 1507/1507/1507 1489/1489/1489 1505/1505/1505
f 1505/1505/1505 1489/1489/1489 1480/1480/1480
f 1509/1509/1509 1490/1490/1490 1507/1507/1507
f 1507/1507/1507 1490/1490/1490 1489/1489/1489
f 1512/1512/1512 1502/1502/1502 1509/1509/1509
f 1509/1509/1509 1502/1502/1502 1490/1490/1490
f 4097/4097/4097 4096/4096/4096 4099/4099/4099
f 3590/3590/3590 3588/3588/3588 3593/3593/3593
f 3621/3621/3621 3910/3910/3910 3593/3593/3593
f 3593/3593/3593 3910/3910/3910 3590/3590/3590
f 3910/3910/3910 3621/3621/3621 3842/3842/3842
f 3621/3621/3621 3841/3841/3841 3842/3842/3842
f 3621/3621/3621 3839/3839/3839 3841/3841/3841
f 599/599/599 601/601/601 597/597/597
f 599/599/599 597/597/597 598/598/598
f 1161/1161/1161 1166/1166/1166 1163/1163/1163
f 1161/1161/1161 1163/1163/1163 1162/1162/1162
f 1161/1161/1161 1162/1162/1162 1150/1150/1150
f 1162/1162/1162 1141/1141/1141 1150/1150/1150
f 1141/1141/1141 1164/1164/1164 1150/1150/1150
f 1141/1141/1141 1142/1142/1142 1164/1164/1164
f 1477/1477/1477 1484/1484/1484 1486/1486/1486
f 1484/1484/1484 1477/1477/1477 1479/1479/1479
f 1477/1477/1477 1478/1478/1478 1479/1479/1479
f 1477/1477/1477 1480/1480/1480 1478/1478/1478
f 1488/1488/1488 1480/1480/1480 1489/1489/1489
f 1478/1478/1478 1480/1480/1480 1488/1488/1488
f 1490/1490/1490 1495/1495/1495 1491/1491/1491
f 1488/1488/1488 1490/1490/1490 1491/1491/1491
f 1489/1489/1489 1490/1490/1490 1488/1488/1488
f 1495/1495/1495 1490/1490/1490 1502/1502/1502
f 4095/4095/4095 4096/4096/4096 4086/4086/4086
f 4086/4086/4086 4096/4096/4096 4097/4097/4097
f 4239/4239/4239 4238/4238/4238 4244/4244/4244
f 4237/4237/4237 4238/4238/4238 4239/4239/4239
f 4240/4240/4240 4239/4239/4239 4241/4241/4241
f 4240/4240/4240 4237/4237/4237 4239/4239/4239
f 2096/2096/2096 2091/2091/2091 2090/2090/2090
f 2091/2091/2091 2088/2088/2088 2090/2090/2090
f 4091/4091/4091 4089/4089/4089 4092/4092/4092
f 2096/2096/2096 2097/2097/2097 2091/2091/2091
f 3592/3592/3592 3722/3722/3722 3589/3589/3589
f 3588/3588/3588 3590/3590/3590 3589/3589/3589
f 3590/3590/3590 3592/3592/3592 3589/3589/3589
f 3590/3590/3590 3594/3594/3594 3592/3592/3592
f 3910/3910/3910 3719/3719/3719 3597/3597/3597
f 3594/3594/3594 3910/3910/3910 3597/3597/3597
f 3590/3590/3590 3910/3910/3910 3594/3594/3594
f 4011/4011/4011 4012/4012/4012 4013/4013/4013
f 1169/1169/1169 1164/1164/1164 1142/1142/1142
f 1710/1710/1710 1704/1704/1704 1706/1706/1706
f 2392/2392/2392 2393/2393/2393 2395/2395/2395
f 2393/2393/2393 2396/2396/2396 2395/2395/2395
f 2181/2181/2181 2179/2179/2179 2180/2180/2180
f 4180/4180/4180 4179/4179/4179 4181/4181/4181
f 1183/1183/1183 1181/1181/1181 1180/1180/1180
f 1179/1179/1179 1180/1180/1180 1181/1181/1181
f 1481/1481/1481 1478/1478/1478 1504/1504/1504
f 1478/1478/1478 1481/1481/1481 1479/1479/1479
f 4179/4179/4179 4180/4180/4180 4172/4172/4172
f 4183/4183/4183 4172/4172/4172 4180/4180/4180
f 1492/1492/1492 1493/1493/1493 1488/1488/1488
f 1494/1494/1494 1488/1488/1488 1493/1493/1493
f 1182/1182/1182 1180/1180/1180 1179/1179/1179
f 1492/1492/1492 1488/1488/1488 1491/1491/1491
f 2100/2100/2100 2096/2096/2096 2090/2090/2090
f 2113/2113/2113 2101/2101/2101 2102/2102/2102
f 2102/2102/2102 2101/2101/2101 2100/2100/2100
f 2101/2101/2101 2097/2097/2097 2100/2100/2100
f 2097/2097/2097 2096/2096/2096 2100/2100/2100
f 2886/2886/2886 2887/2887/2887 2888/2888/2888
f 3965/3965/3965 3785/3785/3785 3789/3789/3789
f 3606/3606/3606 3965/3965/3965 3789/3789/3789
f 3606/3606/3606 3789/3789/3789 3722/3722/3722
f 3595/3595/3595 3606/3606/3606 3722/3722/3722
f 3592/3592/3592 3595/3595/3595 3722/3722/3722
f 3595/3595/3595 3592/3592/3592 3594/3594/3594
f 3595/3595/3595 3594/3594/3594 3596/3596/3596
f 3596/3596/3596 3594/3594/3594 3597/3597/3597
f 2385/2385/2385 2392/2392/2392 2395/2395/2395
f 4192/4192/4192 4180/4180/4180 4181/4181/4181
f 4192/4192/4192 4193/4193/4193 4180/4180/4180
f 2385/2385/2385 2395/2395/2395 2386/2386/2386
f 2384/2384/2384 2385/2385/2385 2386/2386/2386
f 1754/1754/1754 1755/1755/1755 1756/1756/1756
f 2369/2369/2369 2370/2370/2370 2373/2373/2373
f 563/563/563 562/562/562 548/548/548
f 2919/2919/2919 2884/2884/2884 2886/2886/2886
f 2110/2110/2110 2113/2113/2113 2102/2102/2102
f 2887/2887/2887 2886/2886/2886 2885/2885/2885
f 2885/2885/2885 2886/2886/2886 2884/2884/2884
f 3629/3629/3629 3787/3787/3787 3965/3965/3965
f 3969/3969/3969 3970/3970/3970 3971/3971/3971
f 2421/2421/2421 2420/2420/2420 2422/2422/2422
f 3629/3629/3629 3965/3965/3965 3606/3606/3606
f 3574/3574/3574 3577/3577/3577 3575/3575/3575
f 3574/3574/3574 3575/3575/3575 3576/3576/3576
f 557/557/557 553/553/553 562/562/562
f 563/563/563 557/557/557 562/562/562
f 588/588/588 557/557/557 563/563/563
f 557/557/557 556/556/556 553/553/553
f 3376/3376/3376 3374/3374/3374 3386/3386/3386
f 3376/3376/3376 3386/3386/3386 3383/3383/3383
f 2885/2885/2885 2884/2884/2884 2883/2883/2883
f 2884/2884/2884 2882/2882/2882 2883/2883/2883
f 2884/2884/2884 2916/2916/2916 2882/2882/2882
f 2882/2882/2882 2881/2881/2881 2883/2883/2883
f 905/905/905 889/889/889 890/890/890
f 2421/2421/2421 2424/2424/2424 2423/2423/2423
f 2419/2419/2419 2421/2421/2421 2423/2423/2423
f 2420/2420/2420 2421/2421/2421 2419/2419/2419
f 3578/3578/3578 3577/3577/3577 3574/3574/3574
f 3577/3577/3577 3578/3578/3578 3579/3579/3579
f 3393/3393/3393 3366/3366/3366 3392/3392/3392
f 3392/3392/3392 3366/3366/3366 3391/3391/3391
f 3384/3384/3384 3372/3372/3372 3375/3375/3375
f 3374/3374/3374 3376/3376/3376 3375/3375/3375
f 3372/3372/3372 3374/3374/3374 3375/3375/3375
f 3373/3373/3373 3374/3374/3374 3372/3372/3372
f 2916/2916/2916 2890/2890/2890 2882/2882/2882
f 2916/2916/2916 2984/2984/2984 2890/2890/2890
f 2881/2881/2881 2882/2882/2882 2874/2874/2874
f 2874/2874/2874 2882/2882/2882 2890/2890/2890
f 3915/3915/3915 3916/3916/3916 3788/3788/3788
f 3915/3915/3915 3788/3788/3788 3708/3708/3708
f 3788/3788/3788 3653/3653/3653 3708/3708/3708
f 863/863/863 862/862/862 904/904/904
f 891/891/891 862/862/862 861/861/861
f 891/891/891 904/904/904 862/862/862
f 888/888/888 861/861/861 857/857/857
f 888/888/888 891/891/891 861/861/861
f 858/858/858 890/890/890 889/889/889
f 888/888/888 858/858/858 889/889/889
f 857/857/857 858/858/858 888/888/888
f 890/890/890 858/858/858 882/882/882
f 3385/3385/3385 3372/3372/3372 3384/3384/3384
f 3372/3372/3372 3385/3385/3385 3370/3370/3370
f 3371/3371/3371 3372/3372/3372 3370/3370/3370
f 3373/3373/3373 3372/3372/3372 3371/3371/3371
f 2984/2984/2984 2991/2991/2991 2890/2890/2890
f 2984/2984/2984 2992/2992/2992 2991/2991/2991
f 2874/2874/2874 2890/2890/2890 2915/2915/2915
f 2915/2915/2915 2890/2890/2890 2991/2991/2991
f 4051/4051/4051 4052/4052/4052 4048/4048/4048
f 4051/4051/4051 4048/4048/4048 4050/4050/4050
f 4048/4048/4048 4049/4049/4049 4050/4050/4050
f 4048/4048/4048 4053/4053/4053 4049/4049/4049
f 3704/3704/3704 3916/3916/3916 3915/3915/3915
f 3669/3669/3669 3704/3704/3704 3915/3915/3915
f 3670/3670/3670 3704/3704/3704 3669/3669/3669
f 4055/4055/4055 4056/4056/4056 4057/4057/4057
f 3369/3369/3369 3387/3387/3387 3371/3371/3371
f 3369/3369/3369 3371/3371/3371 3370/3370/3370
f 2992/2992/2992 2995/2995/2995 2991/2991/2991
f 3371/3371/3371 3387/3387/3387 3388/3388/3388
f 2915/2915/2915 2991/2991/2991 2879/2879/2879
f 2879/2879/2879 2991/2991/2991 2995/2995/2995
f 3677/3677/3677 3681/3681/3681 3699/3699/3699
f 4052/4052/4052 4051/4051/4051 4054/4054/4054
f 3676/3676/3676 3677/3677/3677 3699/3699/3699
f 3676/3676/3676 3675/3675/3675 3677/3677/3677
f 3676/3676/3676 3705/3705/3705 3673/3673/3673
f 3676/3676/3676 3673/3673/3673 3675/3675/3675
f 4892/4892/4892 4899/4899/4899 4927/4927/4927
f 4978/4978/4978 4977/4977/4977 4927/4927/4927
f 4989/4989/4989 4990/4990/4990 4991/4991/4991
f 3389/3389/3389 3387/3387/3387 3390/3390/3390
f 769/769/769 770/770/770 760/760/760
f 770/770/770 771/771/771 760/760/760
f 3388/3388/3388 3387/3387/3387 3389/3389/3389
f 770/770/770 769/769/769 755/755/755
f 3678/3678/3678 3679/3679/3679 3677/3677/3677
f 3677/3677/3677 3679/3679/3679 3681/3681/3681
f 3675/3675/3675 3674/3674/3674 3702/3702/3702
f 3678/3678/3678 3675/3675/3675 3702/3702/3702
f 3677/3677/3677 3675/3675/3675 3678/3678/3678
f 3674/3674/3674 3675/3675/3675 3673/3673/3673
f 4891/4891/4891 4900/4900/4900 4899/4899/4899
f 4891/4891/4891 4899/4899/4899 4892/4892/4892
f 4899/4899/4899 4901/4901/4901 4902/4902/4902
f 4899/4899/4899 4900/4900/4900 4901/4901/4901
f 4904/4904/4904 4902/4902/4902 4903/4903/4903
f 4903/4903/4903 4902/4902/4902 4901/4901/4901
f 3695/3695/3695 3696/3696/3696 3680/3680/3680
f 3679/3679/3679 3678/3678/3678 3680/3680/3680
f 3678/3678/3678 3695/3695/3695 3680/3680/3680
f 239/239/239 240/240/240 241/241/241
f 239/239/239 238/238/238 237/237/237
f 239/239/239 237/237/237 240/240/240
f 4896/4896/4896 4980/4980/4980 4924/4924/4924
f 4900/4900/4900 4891/4891/4891 4924/4924/4924
f 4980/4980/4980 4900/4900/4900 4924/4924/4924
f 4928/4928/4928 4900/4900/4900 4980/4980/4980
f 764/764/764 765/765/765 766/766/766
f 765/765/765 767/767/767 766/766/766
f 4901/4901/4901 4900/4900/4900 4928/4928/4928
f 765/765/765 764/764/764 759/759/759
f 244/244/244 251/251/251 241/241/241
f 241/241/241 251/251/251 253/253/253
f 242/242/242 241/241/241 240/240/240
f 244/244/244 241/241/241 242/242/242
f 240/240/240 237/237/237 243/243/243
f 240/240/240 243/243/243 242/242/242
f 4905/4905/4905 4906/4906/4906 4897/4897/4897
f 4980/4980/4980 4896/4896/4896 4897/4897/4897
f 4906/4906/4906 4980/4980/4980 4897/4897/4897
f 4908/4908/4908 4980/4980/4980 4906/4906/4906
f 4971/4971/4971 4928/4928/4928 4911/4911/4911
f 4928/4928/4928 4908/4908/4908 4911/4911/4911
f 4928/4928/4928 4980/4980/4980 4908/4908/4908
f 767/767/767 768/768/768 766/766/766
f 244/244/244 256/256/256 251/251/251
f 256/256/256 244/244/244 260/260/260
f 260/260/260 244/244/244 242/242/242
f 261/261/261 266/266/266 265/265/265
f 261/261/261 265/265/265 260/260/260
f 243/243/243 261/261/261 260/260/260
f 242/242/242 243/243/243 260/260/260
f 267/267/267 273/273/273 266/266/266
f 267/267/267 266/266/266 261/261/261
f 274/274/274 273/273/273 267/267/267
f 1395/1395/1395 1450/1450/1450 1451/1451/1451
f 1451/1451/1451 1450/1450/1450 1452/1452/1452
f 1453/1453/1453 1451/1451/1451 1452/1452/1452
f 1454/1454/1454 1451/1451/1451 1453/1453/1453
f 1453/1453/1453 1459/1459/1459 1457/1457/1457
f 1456/1456/1456 1453/1453/1453 1457/1457/1457
f 1454/1454/1454 1453/1453/1453 1456/1456/1456
f 4917/4917/4917 4916/4916/4916 4922/4922/4922
f 1458/1458/1458 1456/1456/1456 1457/1457/1457
f 4915/4915/4915 4914/4914/4914 4916/4916/4916
f 4915/4915/4915 4916/4916/4916 4917/4917/4917
f 4915/4915/4915 4912/4912/4912 4914/4914/4914
f 4914/4914/4914 4912/4912/4912 4905/4905/4905
f 4912/4912/4912 4907/4907/4907 4905/4905/4905
f 4907/4907/4907 4906/4906/4906 4905/4905/4905
f 4906/4906/4906 4907/4907/4907 4908/4908/4908
f 4908/4908/4908 4907/4907/4907 4909/4909/4909
f 4908/4908/4908 4909/4909/4909 4911/4911/4911
f 266/266/266 272/272/272 265/265/265
f 272/272/272 266/266/266 333/333/333
f 333/333/333 266/266/266 273/273/273
f 274/274/274 275/275/275 273/273/273
f 275/275/275 333/333/333 273/273/273
f 1225/1225/1225 1224/1224/1224 1226/1226/1226
f 1224/1224/1224 1222/1222/1222 1223/1223/1223
f 1225/1225/1225 1222/1222/1222 1224/1224/1224
f 1220/1220/1220 1243/1243/1243 1242/1242/1242
f 1223/1223/1223 1220/1220/1220 1242/1242/1242
f 1222/1222/1222 1220/1220/1220 1223/1223/1223
f 1219/1219/1219 1251/1251/1251 1243/1243/1243
f 1219/1219/1219 1243/1243/1243 1220/1220/1220
f 1250/1250/1250 1255/1255/1255 1251/1251/1251
f 1219/1219/1219 1250/1250/1250 1251/1251/1251
f 1211/1211/1211 1250/1250/1250 1219/1219/1219
f 1252/1252/1252 1250/1250/1250 1211/1211/1211
f 1252/1252/1252 1211/1211/1211 1206/1206/1206
f 1419/1419/1419 1416/1416/1416 1330/1330/1330
f 1419/1419/1419 1330/1330/1330 1394/1394/1394
f 1395/1395/1395 1330/1330/1330 1450/1450/1450
f 1330/1330/1330 1415/1415/1415 1450/1450/1450
f 1330/1330/1330 1416/1416/1416 1415/1415/1415
f 1450/1450/1450 1415/1415/1415 1452/1452/1452
f 1459/1459/1459 1448/1448/1448 1457/1457/1457
f 4923/4923/4923 4920/4920/4920 4917/4917/4917
f 4917/4917/4917 4920/4920/4920 4919/4919/4919
f 4917/4917/4917 4919/4919/4919 4915/4915/4915
f 4915/4915/4915 4919/4919/4919 4925/4925/4925
f 4915/4915/4915 4925/4925/4925 4912/4912/4912
f 47/47/47 42/42/42 41/41/41
f 1334/1334/1334 1243/1243/1243 1393/1393/1393
f 1393/1393/1393 1243/1243/1243 1251/1251/1251
f 45/45/45 48/48/48 46/46/46
f 1206/1206/1206 1205/1205/1205 1252/1252/1252
f 1252/1252/1252 1205/1205/1205 1213/1213/1213
f 1213/1213/1213 1203/1203/1203 1212/1212/1212
f 1205/1205/1205 1203/1203/1203 1213/1213/1213
f 1212/1212/1212 1202/1202/1202 1214/1214/1214
f 1203/1203/1203 1202/1202/1202 1212/1212/1212
f 1214/1214/1214 1280/1280/1280 1279/1279/1279
f 1202/1202/1202 1280/1280/1280 1214/1214/1214
f 1279/1279/1279 1278/1278/1278 1276/1276/1276
f 1280/1280/1280 1278/1278/1278 1279/1279/1279
f 1276/1276/1276 1274/1274/1274 1275/1275/1275
f 1278/1278/1278 1274/1274/1274 1276/1276/1276
f 1275/1275/1275 1268/1268/1268 1277/1277/1277
f 1274/1274/1274 1268/1268/1268 1275/1275/1275
f 1277/1277/1277 1294/1294/1294 1295/1295/1295
f 1268/1268/1268 1294/1294/1294 1277/1277/1277
f 1295/1295/1295 1304/1304/1304 1308/1308/1308
f 1294/1294/1294 1304/1304/1304 1295/1295/1295
f 1394/1394/1394 1308/1308/1308 1419/1419/1419
f 1419/1419/1419 1308/1308/1308 1304/1304/1304
f 3619/3619/3619 3616/3616/3616 3618/3618/3618
f 3619/3619/3619 3618/3618/3618 3623/3623/3623
f 3618/3618/3618 3724/3724/3724 3623/3623/3623
f 2311/2311/2311 2310/2310/2310 2312/2312/2312
f 1144/1144/1144 1146/1146/1146 1166/1166/1166
f 1146/1146/1146 1156/1156/1156 1166/1166/1166
f 1146/1146/1146 1155/1155/1155 1156/1156/1156
f 1144/1144/1144 1145/1145/1145 1146/1146/1146
f 3843/3843/3843 3842/3842/3842 3841/3841/3841
f 596/596/596 602/602/602 598/598/598
f 596/596/596 598/598/598 597/597/597
f 595/595/595 596/596/596 597/597/597
f 3619/3619/3619 3620/3620/3620 3616/3616/3616
f 3620/3620/3620 3619/3619/3619 3623/3623/3623
f 1161/1161/1161 1144/1144/1144 1166/1166/1166
f 1161/1161/1161 1150/1150/1150 1144/1144/1144
f 1150/1150/1150 1147/1147/1147 1144/1144/1144
f 1147/1147/1147 1145/1145/1145 1144/1144/1144
f 1150/1150/1150 1165/1165/1165 1147/1147/1147
f 1164/1164/1164 1165/1165/1165 1150/1150/1150
f 4101/4101/4101 4102/4102/4102 4095/4095/4095
f 4101/4101/4101 4095/4095/4095 4100/4100/4100
f 4095/4095/4095 4094/4094/4094 4100/4100/4100
f 4095/4095/4095 4086/4086/4086 4094/4094/4094
f 4085/4085/4085 4086/4086/4086 4087/4087/4087
f 4085/4085/4085 4094/4094/4094 4086/4086/4086
f 4088/4088/4088 4087/4087/4087 4089/4089/4089
f 4088/4088/4088 4085/4085/4085 4087/4087/4087
f 4090/4090/4090 4089/4089/4089 4091/4091/4091
f 4090/4090/4090 4088/4088/4088 4089/4089/4089
f 2099/2099/2099 2098/2098/2098 2097/2097/2097
f 2098/2098/2098 2091/2091/2091 2097/2097/2097
f 4093/4093/4093 4090/4090/4090 4091/4091/4091
f 2892/2892/2892 2891/2891/2891 2893/2893/2893
f 3624/3624/3624 3597/3597/3597 3719/3719/3719
f 3890/3890/3890 3624/3624/3624 3719/3719/3719
f 4014/4014/4014 4011/4011/4011 4013/4013/4013
f 3844/3844/3844 3890/3890/3890 3842/3842/3842
f 3843/3843/3843 3844/3844/3844 3842/3842/3842
f 3844/3844/3844 3843/3843/3843 3845/3845/3845
f 1168/1168/1168 1147/1147/1147 1165/1165/1165
f 1168/1168/1168 1165/1165/1165 1164/1164/1164
f 1169/1169/1169 1168/1168/1168 1164/1164/1164
f 1170/1170/1170 1168/1168/1168 1169/1169/1169
f 2393/2393/2393 2392/2392/2392 2390/2390/2390
f 2390/2390/2390 2392/2392/2392 2388/2388/2388
f 4182/4182/4182 4184/4184/4184 4179/4179/4179
f 4179/4179/4179 4184/4184/4184 4181/4181/4181
f 4177/4177/4177 4179/4179/4179 4172/4172/4172
f 4177/4177/4177 4182/4182/4182 4179/4179/4179
f 4172/4172/4172 4102/4102/4102 4101/4101/4101
f 4103/4103/4103 4172/4172/4172 4101/4101/4101
f 4177/4177/4177 4172/4172/4172 4103/4103/4103
f 4103/4103/4103 4101/4101/4101 4100/4100/4100
f 2101/2101/2101 2099/2099/2099 2097/2097/2097
f 2895/2895/2895 2889/2889/2889 2887/2887/2887
f 2887/2887/2887 2889/2889/2889 2888/2888/2888
f 2889/2889/2889 2891/2891/2891 2888/2888/2888
f 2891/2891/2891 2892/2892/2892 2888/2888/2888
f 2895/2895/2895 2981/2981/2981 2889/2889/2889
f 3603/3603/3603 3606/3606/3606 3595/3595/3595
f 3603/3603/3603 3595/3595/3595 3599/3599/3599
f 3595/3595/3595 3598/3598/3598 3599/3599/3599
f 3595/3595/3595 3596/3596/3596 3598/3598/3598
f 3596/3596/3596 3597/3597/3597 3624/3624/3624
f 3605/3605/3605 3596/3596/3596 3624/3624/3624
f 3598/3598/3598 3596/3596/3596 3605/3605/3605
f 3605/3605/3605 3624/3624/3624 3890/3890/3890
f 2394/2394/2394 2388/2388/2388 2392/2392/2392
f 2394/2394/2394 2392/2392/2392 2385/2385/2385
f 4192/4192/4192 4181/4181/4181 4184/4184/4184
f 4192/4192/4192 4184/4184/4184 4202/4202/4202
f 2885/2885/2885 2986/2986/2986 2895/2895/2895
f 2885/2885/2885 2895/2895/2895 2887/2887/2887
f 3011/3011/3011 3010/3010/3010 3007/3007/3007
f 3007/3007/3007 3010/3010/3010 3009/3009/3009
f 3628/3628/3628 3787/3787/3787 3629/3629/3629
f 3625/3625/3625 3628/3628/3628 3629/3629/3629
f 3625/3625/3625 3629/3629/3629 3606/3606/3606
f 3604/3604/3604 3625/3625/3625 3606/3606/3606
f 3603/3603/3603 3604/3604/3604 3606/3606/3606
f 3604/3604/3604 3603/3603/3603 3599/3599/3599
f 2883/2883/2883 2986/2986/2986 2885/2885/2885
f 2870/2870/2870 2940/2940/2940 2881/2881/2881
f 2881/2881/2881 2940/2940/2940 2883/2883/2883
f 3006/3006/3006 3007/3007/3007 3008/3008/3008
f 3007/3007/3007 3009/3009/3009 3008/3008/3008
f 2870/2870/2870 2866/2866/2866 2940/2940/2940
f 893/893/893 889/889/889 905/905/905
f 2425/2425/2425 2426/2426/2426 2424/2424/2424
f 2425/2425/2425 2424/2424/2424 2421/2421/2421
f 3627/3627/3627 3631/3631/3631 3787/3787/3787
f 3628/3628/3628 3627/3627/3627 3787/3787/3787
f 3627/3627/3627 3628/3628/3628 3625/3625/3625
f 2874/2874/2874 2872/2872/2872 2870/2870/2870
f 2874/2874/2874 2870/2870/2870 2881/2881/2881
f 2866/2866/2866 2870/2870/2870 2868/2868/2868
f 2868/2868/2868 2870/2870/2870 2872/2872/2872
f 3654/3654/3654 3708/3708/3708 3653/3653/3653
f 3654/3654/3654 3653/3653/3653 3652/3652/3652
f 3653/3653/3653 3650/3650/3650 3652/3652/3652
f 3653/3653/3653 3709/3709/3709 3650/3650/3650
f 3649/3649/3649 3709/3709/3709 3792/3792/3792
f 3649/3649/3649 3650/3650/3650 3709/3709/3709
f 888/888/888 889/889/889 893/893/893
f 903/903/903 888/888/888 893/893/893
f 4063/4063/4063 4066/4066/4066 4064/4064/4064
f 2427/2427/2427 2426/2426/2426 2425/2425/2425
f 2915/2915/2915 2875/2875/2875 2872/2872/2872
f 2915/2915/2915 2872/2872/2872 2874/2874/2874
f 2868/2868/2868 2872/2872/2872 2873/2873/2873
f 2873/2873/2873 2872/2872/2872 2875/2875/2875
f 3671/3671/3671 3705/3705/3705 3670/3670/3670
f 3669/3669/3669 3668/3668/3668 3670/3670/3670
f 3670/3670/3670 3668/3668/3668 3671/3671/3671
f 3666/3666/3666 3668/3668/3668 3669/3669/3669
f 3666/3666/3666 3669/3669/3669 3708/3708/3708
f 3655/3655/3655 3666/3666/3666 3708/3708/3708
f 3654/3654/3654 3655/3655/3655 3708/3708/3708
f 3655/3655/3655 3654/3654/3654 3652/3652/3652
f 2879/2879/2879 2878/2878/2878 2875/2875/2875
f 2879/2879/2879 2875/2875/2875 2915/2915/2915
f 2873/2873/2873 2875/2875/2875 2876/2876/2876
f 2876/2876/2876 2875/2875/2875 2878/2878/2878
f 3672/3672/3672 3673/3673/3673 3671/3671/3671
f 3671/3671/3671 3673/3673/3673 3705/3705/3705
f 231/231/231 232/232/232 222/222/222
f 221/221/221 231/231/231 222/222/222
f 3671/3671/3671 3668/3668/3668 3672/3672/3672
f 3667/3667/3667 3668/3668/3668 3666/3666/3666
f 760/760/760 757/757/757 769/769/769
f 757/757/757 752/752/752 769/769/769
f 769/769/769 752/752/752 755/755/755
f 752/752/752 750/750/750 755/755/755
f 750/750/750 756/756/756 755/755/755
f 756/756/756 750/750/750 748/748/748
f 3703/3703/3703 3702/3702/3702 3674/3674/3674
f 3673/3673/3673 3672/3672/3672 3674/3674/3674
f 3672/3672/3672 3703/3703/3703 3674/3674/3674
f 221/221/221 224/224/224 225/225/225
f 221/221/221 222/222/222 223/223/223
f 221/221/221 223/223/223 224/224/224
f 759/759/759 758/758/758 757/757/757
f 759/759/759 757/757/757 760/760/760
f 752/752/752 757/757/757 754/754/754
f 754/754/754 757/757/757 758/758/758
f 228/228/228 237/237/237 225/225/225
f 225/225/225 237/237/237 238/238/238
f 226/226/226 225/225/225 224/224/224
f 228/228/228 225/225/225 226/226/226
f 224/224/224 223/223/223 227/227/227
f 224/224/224 227/227/227 226/226/226
f 766/766/766 745/745/745 764/764/764
f 745/745/745 720/720/720 764/764/764
f 764/764/764 720/720/720 759/759/759
f 720/720/720 761/761/761 759/759/759
f 761/761/761 758/758/758 759/759/759
f 758/758/758 761/761/761 754/754/754
f 262/262/262 243/243/243 228/228/228
f 228/228/228 243/243/243 237/237/237
f 230/230/230 228/228/228 226/226/226
f 262/262/262 228/228/228 230/230/230
f 226/226/226 227/227/227 229/229/229
f 226/226/226 229/229/229 230/230/230
f 4911/4911/4911 4929/4929/4929 4971/4971/4971
f 745/745/745 766/766/766 768/768/768
f 772/772/772 745/745/745 768/768/768
f 729/729/729 745/745/745 772/772/772
f 720/720/720 745/745/745 719/719/719
f 719/719/719 745/745/745 729/729/729
f 262/262/262 261/261/261 243/243/243
f 261/261/261 262/262/262 267/267/267
f 267/267/267 262/262/262 230/230/230
f 268/268/268 276/276/276 274/274/274
f 268/268/268 274/274/274 267/267/267
f 229/229/229 268/268/268 267/267/267
f 230/230/230 229/229/229 267/267/267
f 277/277/277 276/276/276 268/268/268
f 1452/1452/1452 1461/1461/1461 1453/1453/1453
f 1461/1461/1461 1459/1459/1459 1453/1453/1453
f 4912/4912/4912 4913/4913/4913 4907/4907/4907
f 4907/4907/4907 4913/4913/4913 4930/4930/4930
f 4910/4910/4910 4907/4907/4907 4930/4930/4930
f 4909/4909/4909 4907/4907/4907 4910/4910/4910
f 4911/4911/4911 4909/4909/4909 4929/4929/4929
f 773/773/773 743/743/743 772/772/772
f 4909/4909/4909 4910/4910/4910 4918/4918/4918
f 772/772/772 743/743/743 729/729/729
f 729/729/729 743/743/743 718/718/718
f 729/729/729 718/718/718 719/719/719
f 276/276/276 275/275/275 274/274/274
f 277/277/277 278/278/278 276/276/276
f 278/278/278 275/275/275 276/276/276
f 278/278/278 345/345/345 275/275/275
f 1222/1222/1222 1221/1221/1221 1220/1220/1220
f 278/278/278 297/297/297 345/345/345
f 1220/1220/1220 1218/1218/1218 1219/1219/1219
f 1221/1221/1221 1218/1218/1218 1220/1220/1220
f 1219/1219/1219 1216/1216/1216 1211/1211/1211
f 1218/1218/1218 1216/1216/1216 1219/1219/1219
f 1210/1210/1210 1204/1204/1204 1206/1206/1206
f 1211/1211/1211 1210/1210/1210 1206/1206/1206
f 1216/1216/1216 1210/1210/1210 1211/1211/1211
f 1208/1208/1208 1201/1201/1201 1204/1204/1204
f 1208/1208/1208 1204/1204/1204 1210/1210/1210
f 1199/1199/1199 1200/1200/1200 1201/1201/1201
f 1199/1199/1199 1201/1201/1201 1208/1208/1208
f 1198/1198/1198 1248/1248/1248 1200/1200/1200
f 1198/1198/1198 1200/1200/1200 1199/1199/1199
f 1239/1239/1239 1249/1249/1249 1248/1248/1248
f 1239/1239/1239 1248/1248/1248 1198/1198/1198
f 1240/1240/1240 1249/1249/1249 1239/1239/1239
f 1417/1417/1417 1411/1411/1411 1416/1416/1416
f 1417/1417/1417 1416/1416/1416 1419/1419/1419
f 1416/1416/1416 1412/1412/1412 1415/1415/1415
f 1411/1411/1411 1412/1412/1412 1416/1416/1416
f 2523/2523/2523 2524/2524/2524 2525/2525/2525
f 1415/1415/1415 1413/1413/1413 1461/1461/1461
f 1415/1415/1415 1412/1412/1412 1413/1413/1413
f 1461/1461/1461 1413/1413/1413 1459/1459/1459
f 1413/1413/1413 1448/1448/1448 1459/1459/1459
f 1413/1413/1413 1414/1414/1414 1448/1448/1448
f 1448/1448/1448 1422/1422/1422 1447/1447/1447
f 1414/1414/1414 1422/1422/1422 1448/1448/1448
f 1447/1447/1447 1435/1435/1435 1446/1446/1446
f 1422/1422/1422 1435/1435/1435 1447/1447/1447
f 4912/4912/4912 4925/4925/4925 4913/4913/4913
f 4925/4925/4925 4936/4936/4936 4913/4913/4913
f 1446/1446/1446 1435/1435/1435 1434/1434/1434
f 4913/4913/4913 4936/4936/4936 4930/4930/4930
f 1204/1204/1204 1205/1205/1205 1206/1206/1206
f 1205/1205/1205 1204/1204/1204 1203/1203/1203
f 1203/1203/1203 1204/1204/1204 1201/1201/1201
f 1203/1203/1203 1201/1201/1201 1202/1202/1202
f 1202/1202/1202 1201/1201/1201 1200/1200/1200
f 1202/1202/1202 1200/1200/1200 1280/1280/1280
f 1280/1280/1280 1200/1200/1200 1248/1248/1248
f 1280/1280/1280 1248/1248/1248 1278/1278/1278
f 1278/1278/1278 1248/1248/1248 1249/1249/1249
f 1240/1240/1240 1247/1247/1247 1249/1249/1249
f 1247/1247/1247 1278/1278/1278 1249/1249/1249
f 1247/1247/1247 1274/1274/1274 1278/1278/1278
f 1274/1274/1274 1245/1245/1245 1268/1268/1268
f 1247/1247/1247 1245/1245/1245 1274/1274/1274
f 1268/1268/1268 1246/1246/1246 1294/1294/1294
f 1245/1245/1245 1246/1246/1246 1268/1268/1268
f 1294/1294/1294 1307/1307/1307 1304/1304/1304
f 1246/1246/1246 1307/1307/1307 1294/1294/1294
f 1419/1419/1419 1304/1304/1304 1417/1417/1417
f 1417/1417/1417 1304/1304/1304 1307/1307/1307
f 3919/3919/3919 3623/3623/3623 3724/3724/3724
f 1146/1146/1146 1154/1154/1154 1155/1155/1155
f 1155/1155/1155 1154/1154/1154 1157/1157/1157
f 1145/1145/1145 1154/1154/1154 1146/1146/1146
f 4174/4174/4174 4236/4236/4236 4113/4113/4113
f 4113/4113/4113 4114/4114/4114 4174/4174/4174
f 593/593/593 594/594/594 595/595/595
f 595/595/595 594/594/594 596/596/596
f 3620/3620/3620 3623/3623/3623 3919/3919/3919
f 3920/3920/3920 3620/3620/3620 3919/3919/3919
f 1175/1175/1175 1176/1176/1176 1158/1158/1158
f 1158/1158/1158 1157/1157/1157 1154/1154/1154
f 1158/1158/1158 1154/1154/1154 1149/1149/1149
f 1154/1154/1154 1145/1145/1145 1149/1149/1149
f 1145/1145/1145 1148/1148/1148 1149/1149/1149
f 1145/1145/1145 1147/1147/1147 1148/1148/1148
f 4173/4173/4173 4100/4100/4100 4094/4094/4094
f 4173/4173/4173 4094/4094/4094 4106/4106/4106
f 4094/4094/4094 4098/4098/4098 4106/4106/4106
f 4094/4094/4094 4085/4085/4085 4098/4098/4098
f 4105/4105/4105 4085/4085/4085 4088/4088/4088
f 4105/4105/4105 4098/4098/4098 4085/4085/4085
f 4090/4090/4090 4113/4113/4113 4236/4236/4236
f 4105/4105/4105 4090/4090/4090 4236/4236/4236
f 4088/4088/4088 4090/4090/4090 4105/4105/4105
f 4104/4104/4104 4114/4114/4114 4113/4113/4113
f 4090/4090/4090 4104/4104/4104 4113/4113/4113
f 4093/4093/4093 4104/4104/4104 4090/4090/4090
f 2896/2896/2896 2894/2894/2894 2891/2891/2891
f 2894/2894/2894 2893/2893/2893 2891/2891/2891
f 4110/4110/4110 4104/4104/4104 4093/4093/4093
f 2896/2896/2896 2969/2969/2969 2894/2894/2894
f 3846/3846/3846 3890/3890/3890 3844/3844/3844
f 1131/1131/1131 1130/1130/1130 1129/1129/1129
f 3846/3846/3846 3845/3845/3845 3847/3847/3847
f 3848/3848/3848 3846/3846/3846 3847/3847/3847
f 3844/3844/3844 3845/3845/3845 3846/3846/3846
f 3849/3849/3849 3848/3848/3848 3847/3847/3847
f 1136/1136/1136 1148/1148/1148 1147/1147/1147
f 1136/1136/1136 1147/1147/1147 1168/1168/1168
f 1172/1172/1172 1136/1136/1136 1171/1171/1171
f 1136/1136/1136 1170/1170/1170 1171/1171/1171
f 1136/1136/1136 1168/1168/1168 1170/1170/1170
f 4163/4163/4163 4168/4168/4168 4162/4162/4162
f 4168/4168/4168 4169/4169/4169 4162/4162/4162
f 2388/2388/2388 2391/2391/2391 2389/2389/2389
f 2388/2388/2388 2389/2389/2389 2390/2390/2390
f 4184/4184/4184 4182/4182/4182 4231/4231/4231
f 4276/4276/4276 4277/4277/4277 4278/4278/4278
f 4276/4276/4276 4279/4279/4279 4277/4277/4277
f 4191/4191/4191 4182/4182/4182 4177/4177/4177
f 4191/4191/4191 4204/4204/4204 4182/4182/4182
f 4178/4178/4178 4177/4177/4177 4103/4103/4103
f 4178/4178/4178 4191/4191/4191 4177/4177/4177
f 4103/4103/4103 4100/4100/4100 4173/4173/4173
f 4258/4258/4258 4259/4259/4259 4260/4260/4260
f 4261/4261/4261 4259/4259/4259 4258/4258/4258
f 4109/4109/4109 4173/4173/4173 4106/4106/4106
f 2889/2889/2889 2896/2896/2896 2891/2891/2891
f 2889/2889/2889 2981/2981/2981 2896/2896/2896
f 2981/2981/2981 2969/2969/2969 2896/2896/2896
f 3005/3005/3005 3000/3000/3000 3004/3004/3004
f 3600/3600/3600 3599/3599/3599 3598/3598/3598
f 3605/3605/3605 3601/3601/3601 3598/3598/3598
f 3598/3598/3598 3601/3601/3601 3600/3600/3600
f 3720/3720/3720 3601/3601/3601 3605/3605/3605
f 3720/3720/3720 3605/3605/3605 3890/3890/3890
f 4016/4016/4016 4018/4018/4018 4017/4017/4017
f 4015/4015/4015 4016/4016/4016 4017/4017/4017
f 4016/4016/4016 4015/4015/4015 4024/4024/4024
f 4067/4067/4067 4070/4070/4070 4068/4068/4068
f 3850/3850/3850 3848/3848/3848 3849/3849/3849
f 1173/1173/1173 1172/1172/1172 1171/1171/1171
f 49/49/49 50/50/50 51/51/51
f 4280/4280/4280 4281/4281/4281 4282/4282/4282
f 4231/4231/4231 4202/4202/4202 4184/4184/4184
f 2862/2862/2862 2863/2863/2863 2864/2864/2864
f 2917/2917/2917 2862/2862/2862 2864/2864/2864
f 2981/2981/2981 2862/2862/2862 2917/2917/2917
f 2863/2863/2863 2865/2865/2865 2864/2864/2864
f 3626/3626/3626 3625/3625/3625 3604/3604/3604
f 3791/3791/3791 3626/3626/3626 3604/3604/3604
f 3791/3791/3791 3604/3604/3604 3599/3599/3599
f 3602/3602/3602 3791/3791/3791 3599/3599/3599
f 3600/3600/3600 3602/3602/3602 3599/3599/3599
f 3602/3602/3602 3600/3600/3600 3601/3601/3601
f 3602/3602/3602 3601/3601/3601 3900/3900/3900
f 3900/3900/3900 3601/3601/3601 3720/3720/3720
f 2940/2940/2940 2863/2863/2863 2862/2862/2862
f 2940/2940/2940 2866/2866/2866 2863/2863/2863
f 2866/2866/2866 2865/2865/2865 2863/2863/2863
f 2866/2866/2866 2867/2867/2867 2865/2865/2865
f 3630/3630/3630 3631/3631/3631 3627/3627/3627
f 3625/3625/3625 3626/3626/3626 3627/3627/3627
f 3626/3626/3626 3630/3630/3630 3627/3627/3627
f 3626/3626/3626 3632/3632/3632 3630/3630/3630
f 3626/3626/3626 3791/3791/3791 3635/3635/3635
f 3626/3626/3626 3635/3635/3635 3632/3632/3632
f 3013/3013/3013 3015/3015/3015 3014/3014/3014
f 3012/3012/3012 3013/3013/3013 3014/3014/3014
f 2866/2866/2866 2868/2868/2868 2867/2867/2867
f 3015/3015/3015 3016/3016/3016 3014/3014/3014
f 3651/3651/3651 3652/3652/3652 3650/3650/3650
f 3649/3649/3649 3648/3648/3648 3650/3650/3650
f 3650/3650/3650 3648/3648/3648 3651/3651/3651
f 3648/3648/3648 3649/3649/3649 3647/3647/3647
f 3649/3649/3649 3896/3896/3896 3647/3647/3647
f 4063/4063/4063 4064/4064/4064 4065/4065/4065
f 3634/3634/3634 3631/3631/3631 3630/3630/3630
f 3633/3633/3633 3634/3634/3634 3630/3630/3630
f 3896/3896/3896 3634/3634/3634 3633/3633/3633
f 3633/3633/3633 3630/3630/3630 3632/3632/3632
f 3633/3633/3633 3632/3632/3632 3636/3636/3636
f 52/52/52 53/53/53 54/54/54
f 2873/2873/2873 2877/2877/2877 2880/2880/2880
f 2873/2873/2873 2880/2880/2880 2868/2868/2868
f 3016/3016/3016 3015/3015/3015 3017/3017/3017
f 2989/2989/2989 2880/2880/2880 2877/2877/2877
f 3657/3657/3657 3666/3666/3666 3655/3655/3655
f 3656/3656/3656 3657/3657/3657 3655/3655/3655
f 3656/3656/3656 3655/3655/3655 3652/3652/3652
f 3710/3710/3710 3656/3656/3656 3652/3652/3652
f 3651/3651/3651 3710/3710/3710 3652/3652/3652
f 3710/3710/3710 3651/3651/3651 3648/3648/3648
f 3710/3710/3710 3648/3648/3648 3646/3646/3646
f 3646/3646/3646 3648/3648/3648 3647/3647/3647
f 2876/2876/2876 2897/2897/2897 2877/2877/2877
f 2876/2876/2876 2877/2877/2877 2873/2873/2873
f 2989/2989/2989 2877/2877/2877 2898/2898/2898
f 2898/2898/2898 2877/2877/2877 2897/2897/2897
f 3706/3706/3706 3707/3707/3707 3667/3667/3667
f 3666/3666/3666 3657/3657/3657 3667/3667/3667
f 3657/3657/3657 3706/3706/3706 3667/3667/3667
f 3657/3657/3657 3718/3718/3718 3706/3706/3706
f 3657/3657/3657 3656/3656/3656 3658/3658/3658
f 3657/3657/3657 3658/3658/3658 3718/3718/3718
f 752/752/752 751/751/751 750/750/750
f 751/751/751 749/749/749 750/750/750
f 750/750/750 749/749/749 748/748/748
f 749/749/749 746/746/746 748/748/748
f 746/746/746 747/747/747 748/748/748
f 747/747/747 746/746/746 661/661/661
f 233/233/233 223/223/223 235/235/235
f 235/235/235 223/223/223 222/222/222
f 236/236/236 429/429/429 282/282/282
f 233/233/233 236/236/236 282/282/282
f 235/235/235 236/236/236 233/233/233
f 3661/3661/3661 3718/3718/3718 3658/3658/3658
f 753/753/753 762/762/762 751/751/751
f 752/752/752 753/753/753 751/751/751
f 754/754/754 753/753/753 752/752/752
f 751/751/751 762/762/762 749/749/749
f 234/234/234 227/227/227 233/233/233
f 233/233/233 227/227/227 223/223/223
f 233/233/233 282/282/282 252/252/252
f 233/233/233 252/252/252 234/234/234
f 720/720/720 742/742/742 761/761/761
f 742/742/742 727/727/727 761/761/761
f 727/727/727 754/754/754 761/761/761
f 727/727/727 753/753/753 754/754/754
f 245/245/245 229/229/229 234/234/234
f 234/234/234 229/229/229 227/227/227
f 234/234/234 252/252/252 247/247/247
f 246/246/246 234/234/234 247/247/247
f 245/245/245 234/234/234 246/246/246
f 248/248/248 246/246/246 247/247/247
f 716/716/716 728/728/728 742/742/742
f 720/720/720 716/716/716 742/742/742
f 719/719/719 716/716/716 720/720/720
f 742/742/742 728/728/728 727/727/727
f 245/245/245 268/268/268 229/229/229
f 268/268/268 245/245/245 277/277/277
f 245/245/245 279/279/279 277/277/277
f 245/245/245 246/246/246 279/279/279
f 246/246/246 248/248/248 249/249/249
f 250/250/250 246/246/246 249/249/249
f 279/279/279 246/246/246 250/250/250
f 263/263/263 250/250/250 249/249/249
f 55/55/55 56/56/56 57/57/57
f 4926/4926/4926 4918/4918/4918 4910/4910/4910
f 4926/4926/4926 4910/4910/4910 4932/4932/4932
f 743/743/743 744/744/744 722/722/722
f 717/717/717 743/743/743 722/722/722
f 718/718/718 743/743/743 717/717/717
f 719/719/719 718/718/718 716/716/716
f 716/716/716 718/718/718 717/717/717
f 279/279/279 278/278/278 277/277/277
f 278/278/278 279/279/279 297/297/297
f 297/297/297 279/279/279 250/250/250
f 263/263/263 264/264/264 250/250/250
f 264/264/264 297/297/297 250/250/250
f 264/264/264 356/356/356 297/297/297
f 1218/1218/1218 1217/1217/1217 1216/1216/1216
f 264/264/264 298/298/298 356/356/356
f 1216/1216/1216 1215/1215/1215 1210/1210/1210
f 1217/1217/1217 1215/1215/1215 1216/1216/1216
f 1210/1210/1210 1209/1209/1209 1208/1208/1208
f 1215/1215/1215 1209/1209/1209 1210/1210/1210
f 1208/1208/1208 1207/1207/1207 1199/1199/1199
f 1209/1209/1209 1207/1207/1207 1208/1208/1208
f 1199/1199/1199 1194/1194/1194 1198/1198/1198
f 1207/1207/1207 1194/1194/1194 1199/1199/1199
f 1198/1198/1198 1192/1192/1192 1239/1239/1239
f 1194/1194/1194 1192/1192/1192 1198/1198/1198
f 1240/1240/1240 1239/1239/1239 1192/1192/1192
f 1240/1240/1240 1192/1192/1192 1191/1191/1191
f 1418/1418/1418 1400/1400/1400 1411/1411/1411
f 1418/1418/1418 1411/1411/1411 1417/1417/1417
f 1411/1411/1411 1403/1403/1403 1412/1412/1412
f 1400/1400/1400 1403/1403/1403 1411/1411/1411
f 1412/1412/1412 1404/1404/1404 1413/1413/1413
f 1403/1403/1403 1404/1404/1404 1412/1412/1412
f 1404/1404/1404 1406/1406/1406 1407/1407/1407
f 1414/1414/1414 1404/1404/1404 1407/1407/1407
f 1413/1413/1413 1404/1404/1404 1414/1414/1414
f 1421/1421/1421 1422/1422/1422 1414/1414/1414
f 1421/1421/1421 1414/1414/1414 1407/1407/1407
f 1422/1422/1422 1421/1421/1421 1423/1423/1423
f 1424/1424/1424 1422/1422/1422 1423/1423/1423
f 1435/1435/1435 1422/1422/1422 1424/1424/1424
f 1435/1435/1435 1430/1430/1430 1434/1434/1434
f 1424/1424/1424 1430/1430/1430 1435/1435/1435
f 4992/4992/4992 4993/4993/4993 4994/4994/4994
f 4936/4936/4936 4933/4933/4933 4932/4932/4932
f 1434/1434/1434 1430/1430/1430 1432/1432/1432
f 4932/4932/4932 4933/4933/4933 4926/4926/4926
f 4926/4926/4926 4933/4933/4933 4934/4934/4934
f 744/744/744 723/723/723 722/722/722
f 1191/1191/1191 1190/1190/1190 1240/1240/1240
f 1240/1240/1240 1190/1190/1190 1247/1247/1247
f 1247/1247/1247 1195/1195/1195 1245/1245/1245
f 1190/1190/1190 1195/1195/1195 1247/1247/1247
f 1245/1245/1245 1197/1197/1197 1246/1246/1246
f 1195/1195/1195 1197/1197/1197 1245/1245/1245
f 1246/1246/1246 1313/1313/1313 1307/1307/1307
f 1197/1197/1197 1313/1313/1313 1246/1246/1246
f 1417/1417/1417 1307/1307/1307 1418/1418/1418
f 1418/1418/1418 1307/1307/1307 1313/1313/1313
f 1406/1406/1406 1467/1467/1467 1407/1407/1407
f 1407/1407/1407 1467/1467/1467 1421/1421/1421
f 1421/1421/1421 1467/1467/1467 1468/1468/1468
f 1421/1421/1421 1468/1468/1468 1423/1423/1423
f 4196/4196/4196 4236/4236/4236 4174/4174/4174
f 4114/4114/4114 4196/4196/4196 4174/4174/4174
f 600/600/600 594/594/594 593/593/593
f 600/600/600 593/593/593 603/603/603
f 593/593/593 604/604/604 603/603/603
f 1175/1175/1175 1158/1158/1158 1159/1159/1159
f 1152/1152/1152 1158/1158/1158 1149/1149/1149
f 1152/1152/1152 1159/1159/1159 1158/1158/1158
f 1149/1149/1149 1148/1148/1148 1152/1152/1152
f 1152/1152/1152 1148/1148/1148 1151/1151/1151
f 4107/4107/4107 4106/4106/4106 4098/4098/4098
f 4107/4107/4107 4098/4098/4098 4108/4108/4108
f 4098/4098/4098 4235/4235/4235 4108/4108/4108
f 4098/4098/4098 4105/4105/4105 4235/4235/4235
f 4245/4245/4245 4246/4246/4246 4247/4247/4247
f 4248/4248/4248 4245/4245/4245 4247/4247/4247
f 4249/4249/4249 4245/4245/4245 4248/4248/4248
f 4118/4118/4118 4196/4196/4196 4114/4114/4114
f 4104/4104/4104 4118/4118/4118 4114/4114/4114
f 4112/4112/4112 4118/4118/4118 4104/4104/4104
f 4111/4111/4111 4104/4104/4104 4110/4110/4110
f 4111/4111/4111 4112/4112/4112 4104/4104/4104
f 2894/2894/2894 2969/2969/2969 2970/2970/2970
f 2970/2970/2970 2969/2969/2969 2971/2971/2971
f 1128/1128/1128 1129/1129/1129 1130/1130/1130
f 1132/1132/1132 1129/1129/1129 1128/1128/1128
f 1133/1133/1133 1132/1132/1132 1128/1128/1128
f 2042/2042/2042 2043/2043/2043 2044/2044/2044
f 1745/1745/1745 1743/1743/1743 1742/1742/1742
f 1134/1134/1134 1135/1135/1135 1136/1136/1136
f 1742/1742/1742 1741/1741/1741 1744/1744/1744
f 1151/1151/1151 1148/1148/1148 1136/1136/1136
f 1741/1741/1741 1742/1742/1742 1743/1743/1743
f 1172/1172/1172 1134/1134/1134 1136/1136/1136
f 4158/4158/4158 4160/4160/4160 4162/4162/4162
f 4162/4162/4162 4160/4160/4160 4163/4163/4163
f 4190/4190/4190 4162/4162/4162 4204/4204/4204
f 4190/4190/4190 4158/4158/4158 4162/4162/4162
f 4151/4151/4151 4204/4204/4204 4191/4191/4191
f 4151/4151/4151 4190/4190/4190 4204/4204/4204
f 4263/4263/4263 4264/4264/4264 4261/4261/4261
f 4145/4145/4145 4151/4151/4151 4191/4191/4191
f 4262/4262/4262 4261/4261/4261 4258/4258/4258
f 4262/4262/4262 4263/4263/4263 4261/4261/4261
f 4109/4109/4109 4106/4106/4106 4107/4107/4107
f 4117/4117/4117 4109/4109/4109 4107/4107/4107
f 4195/4195/4195 4109/4109/4109 4117/4117/4117
f 4117/4117/4117 4107/4107/4107 4108/4108/4108
f 3000/3000/3000 3001/3001/3001 3002/3002/3002
f 3003/3003/3003 3000/3000/3000 3002/3002/3002
f 3004/3004/3004 3000/3000/3000 3003/3003/3003
f 2943/2943/2943 2871/2871/2871 2993/2993/2993
f 4019/4019/4019 4018/4018/4018 4016/4016/4016
f 4019/4019/4019 4016/4016/4016 4022/4022/4022
f 4016/4016/4016 4023/4023/4023 4022/4022/4022
f 4067/4067/4067 4068/4068/4068 4069/4069/4069
f 3850/3850/3850 3849/3849/3849 3851/3851/3851
f 3850/3850/3850 3851/3851/3851 3852/3852/3852
f 1137/1137/1137 1138/1138/1138 1135/1135/1135
f 1137/1137/1137 1135/1135/1135 1134/1134/1134
f 3892/3892/3892 3897/3897/3897 3895/3895/3895
f 1174/1174/1174 1134/1134/1134 1172/1172/1172
f 1173/1173/1173 1174/1174/1174 1172/1172/1172
f 1177/1177/1177 1174/1174/1174 1173/1173/1173
f 4165/4165/4165 4163/4163/4163 4160/4160/4160
f 4165/4165/4165 4160/4160/4160 4161/4161/4161
f 2864/2864/2864 2943/2943/2943 2917/2917/2917
f 2864/2864/2864 2865/2865/2865 2943/2943/2943
f 2865/2865/2865 2871/2871/2871 2943/2943/2943
f 2865/2865/2865 2869/2869/2869 2871/2871/2871
f 3972/3972/3972 3973/3973/3973 3974/3974/3974
f 3977/3977/3977 3976/3976/3976 3974/3974/3974
f 3974/3974/3974 3976/3976/3976 3972/3972/3972
f 3979/3979/3979 3976/3976/3976 3977/3977/3977
f 3922/3922/3922 3900/3900/3900 3720/3720/3720
f 4020/4020/4020 4021/4021/4021 4018/4018/4018
f 4019/4019/4019 4020/4020/4020 4018/4018/4018
f 3911/3911/3911 3968/3968/3968 3859/3859/3859
f 2867/2867/2867 2900/2900/2900 2899/2899/2899
f 2869/2869/2869 2867/2867/2867 2899/2899/2899
f 2865/2865/2865 2867/2867/2867 2869/2869/2869
f 2900/2900/2900 2901/2901/2901 2899/2899/2899
f 3978/3978/3978 3975/3975/3975 3972/3972/3972
f 3972/3972/3972 3975/3975/3975 3973/3973/3973
f 4034/4034/4034 4035/4035/4035 4036/4036/4036
f 4047/4047/4047 4034/4034/4034 4036/4036/4036
f 3972/3972/3972 3976/3976/3976 3978/3978/3978
f 3980/3980/3980 3976/3976/3976 3979/3979/3979
f 3014/3014/3014 3018/3018/3018 3012/3012/3012
f 3014/3014/3014 3016/3016/3016 3018/3018/3018
f 2918/2918/2918 2901/2901/2901 2900/2900/2900
f 2918/2918/2918 2920/2920/2920 2901/2901/2901
f 3643/3643/3643 3647/3647/3647 3896/3896/3896
f 3633/3633/3633 3638/3638/3638 3896/3896/3896
f 3896/3896/3896 3638/3638/3638 3643/3643/3643
f 3636/3636/3636 3637/3637/3637 3633/3633/3633
f 3633/3633/3633 3637/3637/3637 3638/3638/3638
f 3714/3714/3714 3637/3637/3637 3636/3636/3636
f 4042/4042/4042 4046/4046/4046 4043/4043/4043
f 4040/4040/4040 4042/4042/4042 4043/4043/4043
f 4047/4047/4047 4040/4040/4040 4043/4043/4043
f 58/58/58 59/59/59 60/60/60
f 2989/2989/2989 2920/2920/2920 2918/2918/2918
f 2989/2989/2989 2923/2923/2923 2920/2920/2920
f 3659/3659/3659 3656/3656/3656 3710/3710/3710
f 3646/3646/3646 3645/3645/3645 3710/3710/3710
f 4058/4058/4058 4059/4059/4059 4060/4060/4060
f 3647/3647/3647 3643/3643/3643 3646/3646/3646
f 3643/3643/3643 3645/3645/3645 3646/3646/3646
f 3643/3643/3643 3644/3644/3644 3645/3645/3645
f 3639/3639/3639 3643/3643/3643 3638/3638/3638
f 3644/3644/3644 3643/3643/3643 3639/3639/3639
f 3637/3637/3637 3642/3642/3642 3640/3640/3640
f 3639/3639/3639 3637/3637/3637 3640/3640/3640
f 3638/3638/3638 3637/3637/3637 3639/3639/3639
f 3642/3642/3642 3637/3637/3637 3714/3714/3714
f 3019/3019/3019 3020/3020/3020 3021/3021/3021
f 661/661/661 659/659/659 660/660/660
f 3660/3660/3660 3658/3658/3658 3659/3659/3659
f 3659/3659/3659 3658/3658/3658 3656/3656/3656
f 3645/3645/3645 3711/3711/3711 3712/3712/3712
f 4061/4061/4061 4059/4059/4059 4062/4062/4062
f 4060/4060/4060 4059/4059/4059 4061/4061/4061
f 3711/3711/3711 3645/3645/3645 3644/3644/3644
f 3711/3711/3711 3644/3644/3644 3717/3717/3717
f 3717/3717/3717 3644/3644/3644 3639/3639/3639
f 3717/3717/3717 3639/3639/3639 3641/3641/3641
f 3641/3641/3641 3639/3639/3639 3640/3640/3640
f 749/749/749 724/724/724 746/746/746
f 724/724/724 676/676/676 746/746/746
f 676/676/676 661/661/661 746/746/746
f 676/676/676 659/659/659 661/661/661
f 3662/3662/3662 3663/3663/3663 3661/3661/3661
f 3658/3658/3658 3660/3660/3660 3661/3661/3661
f 3660/3660/3660 3662/3662/3662 3661/3661/3661
f 3660/3660/3660 3664/3664/3664 3662/3662/3662
f 397/397/397 395/395/395 394/394/394
f 396/396/396 397/397/397 394/394/394
f 3664/3664/3664 3660/3660/3660 3665/3665/3665
f 391/391/391 396/396/396 394/394/394
f 753/753/753 763/763/763 762/762/762
f 763/763/763 671/671/671 762/762/762
f 762/762/762 671/671/671 749/749/749
f 671/671/671 694/694/694 749/749/749
f 694/694/694 724/724/724 749/749/749
f 724/724/724 694/694/694 676/676/676
f 280/280/280 252/252/252 281/281/281
f 281/281/281 252/252/252 282/282/282
f 283/283/283 281/281/281 288/288/288
f 280/280/280 281/281/281 283/283/283
f 396/396/396 426/426/426 287/287/287
f 283/283/283 396/396/396 287/287/287
f 288/288/288 396/396/396 283/283/283
f 426/426/426 396/396/396 391/391/391
f 727/727/727 726/726/726 763/763/763
f 727/727/727 763/763/763 753/753/753
f 671/671/671 763/763/763 672/672/672
f 672/672/672 763/763/763 726/726/726
f 280/280/280 247/247/247 252/252/252
f 247/247/247 280/280/280 248/248/248
f 280/280/280 284/284/284 248/248/248
f 280/280/280 283/283/283 284/284/284
f 283/283/283 287/287/287 286/286/286
f 285/285/285 283/283/283 286/286/286
f 284/284/284 283/283/283 285/285/285
f 289/289/289 290/290/290 285/285/285
f 289/289/289 285/285/285 286/286/286
f 295/295/295 290/290/290 289/289/289
f 716/716/716 715/715/715 728/728/728
f 715/715/715 697/697/697 728/728/728
f 728/728/728 697/697/697 727/727/727
f 697/697/697 677/677/677 727/727/727
f 677/677/677 726/726/726 727/727/727
f 726/726/726 677/677/677 672/672/672
f 284/284/284 249/249/249 248/248/248
f 249/249/249 284/284/284 263/263/263
f 284/284/284 292/292/292 263/263/263
f 284/284/284 285/285/285 292/292/292
f 291/291/291 285/285/285 290/290/290
f 292/292/292 285/285/285 291/291/291
f 290/290/290 295/295/295 294/294/294
f 293/293/293 290/290/290 294/294/294
f 291/291/291 290/290/290 293/293/293
f 371/371/371 372/372/372 293/293/293
f 371/371/371 293/293/293 294/294/294
f 373/373/373 380/380/380 372/372/372
f 373/373/373 372/372/372 371/371/371
f 379/379/379 381/381/381 380/380/380
f 379/379/379 380/380/380 373/373/373
f 382/382/382 381/381/381 379/379/379
f 722/722/722 721/721/721 717/717/717
f 721/721/721 702/702/702 717/717/717
f 717/717/717 702/702/702 716/716/716
f 702/702/702 698/698/698 716/716/716
f 698/698/698 715/715/715 716/716/716
f 715/715/715 698/698/698 697/697/697
f 292/292/292 264/264/264 263/263/263
f 264/264/264 292/292/292 298/298/298
f 298/298/298 292/292/292 291/291/291
f 298/298/298 291/291/291 368/368/368
f 368/368/368 291/291/291 293/293/293
f 368/368/368 293/293/293 386/386/386
f 386/386/386 293/293/293 372/372/372
f 386/386/386 372/372/372 385/385/385
f 385/385/385 372/372/372 380/380/380
f 385/385/385 380/380/380 384/384/384
f 384/384/384 380/380/380 381/381/381
f 382/382/382 383/383/383 381/381/381
f 383/383/383 384/384/384 381/381/381
f 1193/1193/1193 1192/1192/1192 1194/1194/1194
f 1188/1188/1188 1187/1187/1187 1191/1191/1191
f 1192/1192/1192 1188/1188/1188 1191/1191/1191
f 1193/1193/1193 1188/1188/1188 1192/1192/1192
f 1186/1186/1186 1187/1187/1187 1188/1188/1188
f 1396/1396/1396 1398/1398/1398 1399/1399/1399
f 1400/1400/1400 1418/1418/1418 1399/1399/1399
f 1398/1398/1398 1400/1400/1400 1399/1399/1399
f 1401/1401/1401 1400/1400/1400 1398/1398/1398
f 1400/1400/1400 1402/1402/1402 1403/1403/1403
f 1401/1401/1401 1402/1402/1402 1400/1400/1400
f 1402/1402/1402 1408/1408/1408 1405/1405/1405
f 1404/1404/1404 1402/1402/1402 1405/1405/1405
f 1403/1403/1403 1402/1402/1402 1404/1404/1404
f 1405/1405/1405 1406/1406/1406 1404/1404/1404
f 1427/1427/1427 1426/1426/1426 1425/1425/1425
f 1424/1424/1424 1423/1423/1423 1425/1425/1425
f 1426/1426/1426 1424/1424/1424 1425/1425/1425
f 1428/1428/1428 1424/1424/1424 1426/1426/1426
f 1424/1424/1424 1429/1429/1429 1430/1430/1430
f 1428/1428/1428 1429/1429/1429 1424/1424/1424
f 1430/1430/1430 1431/1431/1431 1432/1432/1432
f 1429/1429/1429 1431/1431/1431 1430/1430/1430
f 1432/1432/1432 1433/1433/1433 1436/1436/1436
f 1431/1431/1431 1433/1433/1433 1432/1432/1432
f 722/722/722 723/723/723 721/721/721
f 723/723/723 703/703/703 721/721/721
f 1436/1436/1436 1433/1433/1433 1438/1438/1438
f 721/721/721 703/703/703 702/702/702
f 1187/1187/1187 1190/1190/1190 1191/1191/1191
f 1186/1186/1186 1189/1189/1189 1187/1187/1187
f 1189/1189/1189 1190/1190/1190 1187/1187/1187
f 1189/1189/1189 1195/1195/1195 1190/1190/1190
f 1195/1195/1195 1196/1196/1196 1197/1197/1197
f 1189/1189/1189 1196/1196/1196 1195/1195/1195
f 1399/1399/1399 1313/1313/1313 1396/1396/1396
f 1313/1313/1313 1196/1196/1196 1396/1396/1396
f 1313/1313/1313 1197/1197/1197 1196/1196/1196
f 1313/1313/1313 1399/1399/1399 1418/1418/1418
f 1408/1408/1408 1471/1471/1471 1405/1405/1405
f 1405/1405/1405 1471/1471/1471 1406/1406/1406
f 1471/1471/1471 1467/1467/1467 1406/1406/1406
f 4809/4809/4809 4811/4811/4811 4812/4812/4812
f 4815/4815/4815 4813/4813/4813 4814/4814/4814
f 4813/4813/4813 4811/4811/4811 4814/4814/4814
f 4813/4813/4813 4812/4812/4812 4811/4811/4811
f 4813/4813/4813 4815/4815/4815 4816/4816/4816
f 605/605/605 603/603/603 604/604/604
f 1152/1152/1152 1153/1153/1153 1159/1159/1159
f 1159/1159/1159 1153/1153/1153 1160/1160/1160
f 1151/1151/1151 1153/1153/1153 1152/1152/1152
f 4265/4265/4265 4266/4266/4266 4267/4267/4267
f 4235/4235/4235 4233/4233/4233 4108/4108/4108
f 4194/4194/4194 4235/4235/4235 4118/4118/4118
f 4194/4194/4194 4203/4203/4203 4235/4235/4235
f 4115/4115/4115 4118/4118/4118 4112/4112/4112
f 4115/4115/4115 4194/4194/4194 4118/4118/4118
f 4175/4175/4175 4115/4115/4115 4116/4116/4116
f 4115/4115/4115 4111/4111/4111 4116/4116/4116
f 4115/4115/4115 4112/4112/4112 4111/4111/4111
f 4119/4119/4119 4116/4116/4116 4111/4111/4111
f 3853/3853/3853 3851/3851/3851 3855/3855/3855
f 3855/3855/3855 3851/3851/3851 3856/3856/3856
f 1745/1745/1745 1747/1747/1747 1743/1743/1743
f 1747/1747/1747 1746/1746/1746 1743/1743/1743
f 1747/1747/1747 1748/1748/1748 1746/1746/1746
f 1743/1743/1743 1746/1746/1746 1741/1741/1741
f 4159/4159/4159 4160/4160/4160 4158/4158/4158
f 4159/4159/4159 4158/4158/4158 4157/4157/4157
f 4158/4158/4158 4155/4155/4155 4157/4157/4157
f 4158/4158/4158 4190/4190/4190 4155/4155/4155
f 4147/4147/4147 4190/4190/4190 4151/4151/4151
f 4147/4147/4147 4155/4155/4155 4190/4190/4190
f 4144/4144/4144 4151/4151/4151 4145/4145/4145
f 4144/4144/4144 4147/4147/4147 4151/4151/4151
f 4143/4143/4143 4145/4145/4145 4195/4195/4195
f 4143/4143/4143 4144/4144/4144 4145/4145/4145
f 4269/4269/4269 4271/4271/4271 4270/4270/4270
f 4167/4167/4167 4143/4143/4143 4195/4195/4195
f 4117/4117/4117 4108/4108/4108 4233/4233/4233
f 4270/4270/4270 4266/4266/4266 4269/4269/4269
f 4120/4120/4120 4175/4175/4175 4116/4116/4116
f 4120/4120/4120 4116/4116/4116 4119/4119/4119
f 4121/4121/4121 4120/4120/4120 4119/4119/4119
f 4122/4122/4122 4120/4120/4120 4121/4121/4121
f 2993/2993/2993 2871/2871/2871 2914/2914/2914
f 2914/2914/2914 2871/2871/2871 2902/2902/2902
f 3854/3854/3854 3859/3859/3859 3852/3852/3852
f 3851/3851/3851 3853/3853/3853 3852/3852/3852
f 3853/3853/3853 3854/3854/3854 3852/3852/3852
f 3853/3853/3853 3857/3857/3857 3854/3854/3854
f 3892/3892/3892 3891/3891/3891 3907/3907/3907
f 3891/3891/3891 3853/3853/3853 3907/3907/3907
f 3891/3891/3891 3857/3857/3857 3853/3853/3853
f 3895/3895/3895 3889/3889/3889 3892/3892/3892
f 3892/3892/3892 3889/3889/3889 3891/3891/3891
f 3889/3889/3889 3895/3895/3895 3881/3881/3881
f 3895/3895/3895 3893/3893/3893 3881/3881/3881
f 1174/1174/1174 1177/1177/1177 1178/1178/1178
f 4161/4161/4161 4160/4160/4160 4159/4159/4159
f 4164/4164/4164 4161/4161/4161 4159/4159/4159
f 4198/4198/4198 4161/4161/4161 4164/4164/4164
f 4164/4164/4164 4159/4159/4159 4157/4157/4157
f 2869/2869/2869 2902/2902/2902 2871/2871/2871
f 2869/2869/2869 2903/2903/2903 2902/2902/2902
f 3899/3899/3899 3922/3922/3922 3911/3911/3911
f 3898/3898/3898 3899/3899/3899 3911/3911/3911
f 3898/3898/3898 3911/3911/3911 3859/3859/3859
f 3858/3858/3858 3898/3898/3898 3859/3859/3859
f 3854/3854/3854 3858/3858/3858 3859/3859/3859
f 3858/3858/3858 3854/3854/3854 3857/3857/3857
f 3858/3858/3858 3857/3857/3857 3860/3860/3860
f 3860/3860/3860 3857/3857/3857 3891/3891/3891
f 3860/3860/3860 3891/3891/3891 3876/3876/3876
f 3876/3876/3876 3891/3891/3891 3889/3889/3889
f 3876/3876/3876 3889/3889/3889 3878/3878/3878
f 3878/3878/3878 3889/3889/3889 3881/3881/3881
f 2942/2942/2942 2903/2903/2903 2869/2869/2869
f 2942/2942/2942 2869/2869/2869 2899/2899/2899
f 2899/2899/2899 2901/2901/2901 2942/2942/2942
f 2942/2942/2942 2901/2901/2901 2921/2921/2921
f 4037/4037/4037 4036/4036/4036 4035/4035/4035
f 3981/3981/3981 3984/3984/3984 3980/3980/3980
f 3981/3981/3981 3980/3980/3980 3979/3979/3979
f 3982/3982/3982 3981/3981/3981 3979/3979/3979
f 3983/3983/3983 3982/3982/3982 3979/3979/3979
f 3868/3868/3868 3899/3899/3899 3898/3898/3898
f 2920/2920/2920 2921/2921/2921 2901/2901/2901
f 2920/2920/2920 2922/2922/2922 2921/2921/2921
f 4041/4041/4041 4042/4042/4042 4040/4040/4040
f 4039/4039/4039 4041/4041/4041 4040/4040/4040
f 4039/4039/4039 4040/4040/4040 4036/4036/4036
f 4038/4038/4038 4039/4039/4039 4036/4036/4036
f 4037/4037/4037 4038/4038/4038 4036/4036/4036
f 3985/3985/3985 3984/3984/3984 3981/3981/3981
f 2923/2923/2923 2922/2922/2922 2920/2920/2920
f 2923/2923/2923 2924/2924/2924 2922/2922/2922
f 3716/3716/3716 3640/3640/3640 3642/3642/3642
f 4042/4042/4042 4041/4041/4041 4044/4044/4044
f 4041/4041/4041 4045/4045/4045 4044/4044/4044
f 467/467/467 466/466/466 468/468/468
f 3998/3998/3998 3995/3995/3995 3997/3997/3997
f 467/467/467 428/428/428 466/466/466
f 659/659/659 658/658/658 660/660/660
f 659/659/659 657/657/657 658/658/658
f 3713/3713/3713 3712/3712/3712 3711/3711/3711
f 3717/3717/3717 3715/3715/3715 3711/3711/3711
f 3711/3711/3711 3715/3715/3715 3713/3713/3713
f 3641/3641/3641 3914/3914/3914 3717/3717/3717
f 3717/3717/3717 3914/3914/3914 3715/3715/3715
f 3640/3640/3640 3716/3716/3716 3641/3641/3641
f 3716/3716/3716 3914/3914/3914 3641/3641/3641
f 468/468/468 409/409/409 392/392/392
f 403/403/403 468/468/468 466/466/466
f 409/409/409 468/468/468 403/403/403
f 466/466/466 428/428/428 408/408/408
f 466/466/466 408/408/408 403/403/403
f 676/676/676 657/657/657 659/659/659
f 676/676/676 674/674/674 657/657/657
f 390/390/390 394/394/394 395/395/395
f 394/394/394 390/390/390 391/391/391
f 390/390/390 388/388/388 391/391/391
f 390/390/390 389/389/389 388/388/388
f 387/387/387 389/389/389 392/392/392
f 388/388/388 389/389/389 387/387/387
f 393/393/393 392/392/392 409/409/409
f 387/387/387 392/392/392 393/393/393
f 400/400/400 409/409/409 403/403/403
f 393/393/393 409/409/409 400/400/400
f 403/403/403 408/408/408 402/402/402
f 403/403/403 402/402/402 400/400/400
f 671/671/671 670/670/670 694/694/694
f 670/670/670 675/675/675 694/694/694
f 675/675/675 676/676/676 694/694/694
f 675/675/675 674/674/674 676/676/676
f 296/296/296 287/287/287 426/426/426
f 391/391/391 388/388/388 426/426/426
f 388/388/388 296/296/296 426/426/426
f 388/388/388 347/347/347 296/296/296
f 378/378/378 388/388/388 387/387/387
f 347/347/347 388/388/388 378/378/378
f 376/376/376 387/387/387 393/393/393
f 378/378/378 387/387/387 376/376/376
f 377/377/377 393/393/393 400/400/400
f 376/376/376 393/393/393 377/377/377
f 400/400/400 402/402/402 401/401/401
f 400/400/400 401/401/401 377/377/377
f 669/669/669 666/666/666 670/670/670
f 671/671/671 669/669/669 670/670/670
f 672/672/672 669/669/669 671/671/671
f 670/670/670 666/666/666 675/675/675
f 296/296/296 286/286/286 287/287/287
f 286/286/286 296/296/296 289/289/289
f 289/289/289 296/296/296 347/347/347
f 289/289/289 347/347/347 295/295/295
f 347/347/347 346/346/346 295/295/295
f 347/347/347 378/378/378 346/346/346
f 374/374/374 378/378/378 376/376/376
f 346/346/346 378/378/378 374/374/374
f 375/375/375 376/376/376 377/377/377
f 374/374/374 376/376/376 375/375/375
f 377/377/377 401/401/401 410/410/410
f 377/377/377 410/410/410 375/375/375
f 679/679/679 678/678/678 677/677/677
f 679/679/679 677/677/677 697/697/697
f 672/672/672 677/677/677 669/669/669
f 669/669/669 677/677/677 678/678/678
f 346/346/346 294/294/294 295/295/295
f 294/294/294 346/346/346 371/371/371
f 371/371/371 346/346/346 374/374/374
f 371/371/371 374/374/374 373/373/373
f 373/373/373 374/374/374 375/375/375
f 379/379/379 373/373/373 375/375/375
f 464/464/464 379/379/379 375/375/375
f 410/410/410 464/464/464 375/375/375
f 1473/1473/1473 1474/1474/1474 1475/1475/1475
f 1473/1473/1473 1470/1470/1470 1474/1474/1474
f 700/700/700 699/699/699 698/698/698
f 700/700/700 698/698/698 702/702/702
f 697/697/697 698/698/698 679/679/679
f 679/679/679 698/698/698 699/699/699
f 1475/1475/1475 1469/1469/1469 1473/1473/1473
f 1473/1473/1473 1469/1469/1469 1470/1470/1470
f 1469/1469/1469 1193/1193/1193 1470/1470/1470
f 1469/1469/1469 1391/1391/1391 1193/1193/1193
f 1193/1193/1193 1301/1301/1301 1188/1188/1188
f 1391/1391/1391 1301/1301/1301 1193/1193/1193
f 1186/1186/1186 1188/1188/1188 1301/1301/1301
f 1186/1186/1186 1301/1301/1301 1302/1302/1302
f 1397/1397/1397 1476/1476/1476 1398/1398/1398
f 1397/1397/1397 1398/1398/1398 1396/1396/1396
f 1398/1398/1398 1420/1420/1420 1401/1401/1401
f 1476/1476/1476 1420/1420/1420 1398/1398/1398
f 1401/1401/1401 1409/1409/1409 1402/1402/1402
f 1420/1420/1420 1409/1409/1409 1401/1401/1401
f 1408/1408/1408 1402/1402/1402 1409/1409/1409
f 1408/1408/1408 1409/1409/1409 1410/1410/1410
f 1427/1427/1427 1466/1466/1466 1426/1426/1426
f 1445/1445/1445 1428/1428/1428 1426/1426/1426
f 1445/1445/1445 1426/1426/1426 1466/1466/1466
f 1439/1439/1439 1429/1429/1429 1428/1428/1428
f 1439/1439/1439 1428/1428/1428 1445/1445/1445
f 1440/1440/1440 1431/1431/1431 1429/1429/1429
f 1440/1440/1440 1429/1429/1429 1439/1439/1439
f 1437/1437/1437 1433/1433/1433 1431/1431/1431
f 1437/1437/1437 1431/1431/1431 1440/1440/1440
f 1433/1433/1433 1437/1437/1437 1441/1441/1441
f 1442/1442/1442 1433/1433/1433 1441/1441/1441
f 1438/1438/1438 1433/1433/1433 1442/1442/1442
f 702/702/702 703/703/703 700/700/700
f 700/700/700 703/703/703 704/704/704
f 1302/1302/1302 1314/1314/1314 1186/1186/1186
f 1186/1186/1186 1314/1314/1314 1189/1189/1189
f 1189/1189/1189 1303/1303/1303 1196/1196/1196
f 1314/1314/1314 1303/1303/1303 1189/1189/1189
f 1396/1396/1396 1196/1196/1196 1397/1397/1397
f 1397/1397/1397 1196/1196/1196 1303/1303/1303
f 1410/1410/1410 1449/1449/1449 1408/1408/1408
f 4810/4810/4810 4745/4745/4745 4809/4809/4809
f 4809/4809/4809 4788/4788/4788 4811/4811/4811
f 4745/4745/4745 4788/4788/4788 4809/4809/4809
f 2526/2526/2526 2527/2527/2527 2528/2528/2528
f 1472/1472/1472 1464/1464/1464 1466/1466/1466
f 4811/4811/4811 4788/4788/4788 4803/4803/4803
f 1466/1466/1466 1464/1464/1464 1445/1445/1445
f 1445/1445/1445 1464/1464/1464 1463/1463/1463
f 1445/1445/1445 1463/1463/1463 1439/1439/1439
f 1439/1439/1439 1463/1463/1463 1462/1462/1462
f 1439/1439/1439 1462/1462/1462 1440/1440/1440
f 1440/1440/1440 1462/1462/1462 1465/1465/1465
f 1440/1440/1440 1465/1465/1465 1437/1437/1437
f 782/782/782 801/801/801 780/780/780
f 782/782/782 780/780/780 781/781/781
f 4268/4268/4268 4266/4266/4266 4265/4265/4265
f 4234/4234/4234 4203/4203/4203 4176/4176/4176
f 4203/4203/4203 4135/4135/4135 4176/4176/4176
f 4203/4203/4203 4194/4194/4194 4135/4135/4135
f 4250/4250/4250 4251/4251/4251 4252/4252/4252
f 4171/4171/4171 4135/4135/4135 4194/4194/4194
f 4252/4252/4252 4253/4253/4253 4250/4250/4250
f 4250/4250/4250 4253/4253/4253 4254/4254/4254
f 4156/4156/4156 4157/4157/4157 4155/4155/4155
f 4147/4147/4147 4154/4154/4154 4155/4155/4155
f 4155/4155/4155 4154/4154/4154 4156/4156/4156
f 4154/4154/4154 4147/4147/4147 4148/4148/4148
f 4147/4147/4147 4146/4146/4146 4148/4148/4148
f 4147/4147/4147 4144/4144/4144 4146/4146/4146
f 4142/4142/4142 4144/4144/4144 4143/4143/4143
f 4142/4142/4142 4146/4146/4146 4144/4144/4144
f 4140/4140/4140 4143/4143/4143 4167/4167/4167
f 4140/4140/4140 4142/4142/4142 4143/4143/4143
f 4269/4269/4269 4266/4266/4266 4268/4268/4268
f 4137/4137/4137 4167/4167/4167 4234/4234/4234
f 4140/4140/4140 4167/4167/4167 4137/4137/4137
f 4137/4137/4137 4234/4234/4234 4176/4176/4176
f 4124/4124/4124 4189/4189/4189 4175/4175/4175
f 4124/4124/4124 4175/4175/4175 4120/4120/4120
f 4123/4123/4123 4120/4120/4120 4122/4122/4122
f 4123/4123/4123 4124/4124/4124 4120/4120/4120
f 2914/2914/2914 2902/2902/2902 2905/2905/2905
f 2905/2905/2905 2902/2902/2902 2904/2904/2904
f 3887/3887/3887 3881/3881/3881 3893/3893/3893
f 3887/3887/3887 3893/3893/3893 3885/3885/3885
f 2745/2745/2745 2719/2719/2719 2742/2742/2742
f 4198/4198/4198 4164/4164/4164 4205/4205/4205
f 4164/4164/4164 4157/4157/4157 4156/4156/4156
f 4197/4197/4197 4164/4164/4164 4156/4156/4156
f 4205/4205/4205 4164/4164/4164 4197/4197/4197
f 4197/4197/4197 4156/4156/4156 4154/4154/4154
f 2529/2529/2529 2530/2530/2530 2531/2531/2531
f 2531/2531/2531 2530/2530/2530 2532/2532/2532
f 2903/2903/2903 2904/2904/2904 2902/2902/2902
f 2903/2903/2903 2906/2906/2906 2904/2904/2904
f 3862/3862/3862 3898/3898/3898 3858/3858/3858
f 3860/3860/3860 3861/3861/3861 3858/3858/3858
f 3858/3858/3858 3861/3861/3861 3862/3862/3862
f 3876/3876/3876 3863/3863/3863 3860/3860/3860
f 3860/3860/3860 3863/3863/3863 3861/3861/3861
f 3878/3878/3878 3877/3877/3877 3876/3876/3876
f 3876/3876/3876 3877/3877/3877 3863/3863/3863
f 3879/3879/3879 3877/3877/3877 3878/3878/3878
f 3879/3879/3879 3878/3878/3878 3881/3881/3881
f 3882/3882/3882 3879/3879/3879 3881/3881/3881
f 3887/3887/3887 3882/3882/3882 3881/3881/3881
f 3882/3882/3882 3887/3887/3887 3885/3885/3885
f 2907/2907/2907 2906/2906/2906 2903/2903/2903
f 2907/2907/2907 2903/2903/2903 2942/2942/2942
f 3022/3022/3022 3023/3023/3023 3024/3024/3024
f 3024/3024/3024 3023/3023/3023 3025/3025/3025
f 3867/3867/3867 3869/3869/3869 3868/3868/3868
f 3898/3898/3898 3862/3862/3862 3868/3868/3868
f 3862/3862/3862 3867/3867/3867 3868/3868/3868
f 3862/3862/3862 3865/3865/3865 3867/3867/3867
f 3864/3864/3864 3862/3862/3862 3861/3861/3861
f 3865/3865/3865 3862/3862/3862 3864/3864/3864
f 3888/3888/3888 3861/3861/3861 3863/3863/3863
f 3864/3864/3864 3861/3861/3861 3888/3888/3888
f 4080/4080/4080 4082/4082/4082 4083/4083/4083
f 4081/4081/4081 4082/4082/4082 4080/4080/4080
f 3877/3877/3877 3879/3879/3879 3880/3880/3880
f 4083/4083/4083 4084/4084/4084 4080/4080/4080
f 2922/2922/2922 2927/2927/2927 2921/2921/2921
f 2922/2922/2922 2925/2925/2925 2927/2927/2927
f 3987/3987/3987 3995/3995/3995 3985/3985/3985
f 3981/3981/3981 3986/3986/3986 3985/3985/3985
f 3986/3986/3986 3987/3987/3987 3985/3985/3985
f 3986/3986/3986 3988/3988/3988 3987/3987/3987
f 4072/4072/4072 4075/4075/4075 4073/4073/4073
f 4071/4071/4071 4072/4072/4072 4073/4073/4073
f 4074/4074/4074 4072/4072/4072 4071/4071/4071
f 3866/3866/3866 3865/3865/3865 3864/3864/3864
f 3866/3866/3866 3864/3864/3864 3870/3870/3870
f 3870/3870/3870 3864/3864/3864 3888/3888/3888
f 3870/3870/3870 3888/3888/3888 3874/3874/3874
f 4078/4078/4078 4081/4081/4081 4080/4080/4080
f 4078/4078/4078 4080/4080/4080 4076/4076/4076
f 61/61/61 62/62/62 63/63/63
f 2924/2924/2924 2925/2925/2925 2922/2922/2922
f 2924/2924/2924 2926/2926/2926 2925/2925/2925
f 3989/3989/3989 3997/3997/3997 3987/3987/3987
f 3987/3987/3987 3997/3997/3997 3995/3995/3995
f 3988/3988/3988 3991/3991/3991 3990/3990/3990
f 3989/3989/3989 3988/3988/3988 3990/3990/3990
f 3987/3987/3987 3988/3988/3988 3989/3989/3989
f 3991/3991/3991 3988/3988/3988 3992/3992/3992
f 657/657/657 656/656/656 658/658/658
f 657/657/657 655/655/655 656/656/656
f 405/405/405 408/408/408 413/413/413
f 413/413/413 408/408/408 428/428/428
f 413/413/413 415/415/415 414/414/414
f 411/411/411 413/413/413 414/414/414
f 405/405/405 413/413/413 411/411/411
f 64/64/64 65/65/65 66/66/66
f 674/674/674 655/655/655 657/657/657
f 674/674/674 643/643/643 655/655/655
f 404/404/404 402/402/402 405/405/405
f 405/405/405 402/402/402 408/408/408
f 406/406/406 405/405/405 411/411/411
f 404/404/404 405/405/405 406/406/406
f 411/411/411 417/417/417 412/412/412
f 411/411/411 412/412/412 406/406/406
f 650/650/650 644/644/644 665/665/665
f 644/644/644 643/643/643 665/665/665
f 643/643/643 675/675/675 665/665/665
f 643/643/643 674/674/674 675/675/675
f 407/407/407 401/401/401 404/404/404
f 404/404/404 401/401/401 402/402/402
f 406/406/406 436/436/436 437/437/437
f 407/407/407 406/406/406 437/437/437
f 404/404/404 406/406/406 407/407/407
f 436/436/436 406/406/406 412/412/412
f 452/452/452 435/435/435 453/453/453
f 454/454/454 453/453/453 435/435/435
f 650/650/650 665/665/665 666/666/666
f 669/669/669 650/650/650 666/666/666
f 667/667/667 650/650/650 669/669/669
f 666/666/666 665/665/665 675/675/675
f 2502/2502/2502 2501/2501/2501 2479/2479/2479
f 517/517/517 529/529/529 539/539/539
f 539/539/539 529/529/529 530/530/530
f 517/517/517 515/515/515 529/529/529
f 463/463/463 410/410/410 407/407/407
f 407/407/407 410/410/410 401/401/401
f 407/407/407 437/437/437 438/438/438
f 439/439/439 407/407/407 438/438/438
f 463/463/463 407/407/407 439/439/439
f 441/441/441 444/444/444 439/439/439
f 441/441/441 439/439/439 438/438/438
f 448/448/448 449/449/449 444/444/444
f 448/448/448 444/444/444 441/441/441
f 450/450/450 451/451/451 449/449/449
f 450/450/450 449/449/449 448/448/448
f 451/451/451 450/450/450 452/452/452
f 453/453/453 451/451/451 452/452/452
f 457/457/457 451/451/451 453/453/453
f 453/453/453 454/454/454 455/455/455
f 456/456/456 453/453/453 455/455/455
f 457/457/457 453/453/453 456/456/456
f 458/458/458 456/456/456 455/455/455
f 679/679/679 680/680/680 678/678/678
f 680/680/680 668/668/668 678/678/678
f 668/668/668 669/669/669 678/678/678
f 668/668/668 667/667/667 669/669/669
f 2500/2500/2500 2456/2456/2456 2459/2459/2459
f 2483/2483/2483 2499/2499/2499 2459/2459/2459
f 2459/2459/2459 2499/2499/2499 2500/2500/2500
f 2477/2477/2477 2498/2498/2498 2483/2483/2483
f 2483/2483/2483 2498/2498/2498 2499/2499/2499
f 2498/2498/2498 2477/2477/2477 2501/2501/2501
f 2477/2477/2477 2479/2479/2479 2501/2501/2501
f 2477/2477/2477 2478/2478/2478 2479/2479/2479
f 2479/2479/2479 2480/2480/2480 2481/2481/2481
f 2479/2479/2479 2478/2478/2478 2480/2480/2480
f 515/515/515 517/517/517 513/513/513
f 2481/2481/2481 2482/2482/2482 2505/2505/2505
f 2481/2481/2481 2480/2480/2480 2482/2482/2482
f 2485/2485/2485 2503/2503/2503 2482/2482/2482
f 2482/2482/2482 2503/2503/2503 2505/2505/2505
f 509/509/509 511/511/511 523/523/523
f 2503/2503/2503 2487/2487/2487 2504/2504/2504
f 464/464/464 410/410/410 463/463/463
f 2503/2503/2503 2485/2485/2485 2487/2487/2487
f 509/509/509 523/523/523 524/524/524
f 509/509/509 524/524/524 507/507/507
f 492/492/492 439/439/439 444/444/444
f 492/492/492 444/444/444 471/471/471
f 471/471/471 444/444/444 449/449/449
f 471/471/471 449/449/449 470/470/470
f 470/470/470 449/449/449 451/451/451
f 504/504/504 525/525/525 501/501/501
f 501/501/501 525/525/525 503/503/503
f 501/501/501 503/503/503 502/502/502
f 502/502/502 503/503/503 518/518/518
f 502/502/502 518/518/518 506/506/506
f 506/506/506 518/518/518 538/538/538
f 700/700/700 701/701/701 699/699/699
f 701/701/701 682/682/682 699/699/699
f 699/699/699 682/682/682 679/679/679
f 682/682/682 681/681/681 679/679/679
f 681/681/681 680/680/680 679/679/679
f 680/680/680 681/681/681 668/668/668
f 2459/2459/2459 2456/2456/2456 2458/2458/2458
f 2458/2458/2458 2456/2456/2456 2455/2455/2455
f 2459/2459/2459 2461/2461/2461 2483/2483/2483
f 2459/2459/2459 2458/2458/2458 2461/2461/2461
f 2483/2483/2483 2463/2463/2463 2477/2477/2477
f 2483/2483/2483 2461/2461/2461 2463/2463/2463
f 2477/2477/2477 2465/2465/2465 2478/2478/2478
f 2477/2477/2477 2463/2463/2463 2465/2465/2465
f 2478/2478/2478 2468/2468/2468 2480/2480/2480
f 2478/2478/2478 2465/2465/2465 2468/2468/2468
f 2480/2480/2480 2484/2484/2484 2482/2482/2482
f 2480/2480/2480 2468/2468/2468 2484/2484/2484
f 2482/2482/2482 2474/2474/2474 2485/2485/2485
f 2482/2482/2482 2484/2484/2484 2474/2474/2474
f 2486/2486/2486 2488/2488/2488 2487/2487/2487
f 2485/2485/2485 2486/2486/2486 2487/2487/2487
f 2474/2474/2474 2486/2486/2486 2485/2485/2485
f 2489/2489/2489 2490/2490/2490 2488/2488/2488
f 2489/2489/2489 2488/2488/2488 2486/2486/2486
f 2491/2491/2491 2492/2492/2492 2490/2490/2490
f 2491/2491/2491 2490/2490/2490 2489/2489/2489
f 2491/2491/2491 2493/2493/2493 2492/2492/2492
f 2318/2318/2318 2319/2319/2319 2320/2320/2320
f 2325/2325/2325 2328/2328/2328 2320/2320/2320
f 2325/2325/2325 2320/2320/2320 2319/2319/2319
f 2329/2329/2329 2330/2330/2330 2328/2328/2328
f 2329/2329/2329 2328/2328/2328 2325/2325/2325
f 2329/2329/2329 2331/2331/2331 2330/2330/2330
f 1441/1441/1441 1443/1443/1443 1442/1442/1442
f 1443/1443/1443 1444/1444/1444 1442/1442/1442
f 704/704/704 705/705/705 700/700/700
f 705/705/705 689/689/689 700/700/700
f 689/689/689 701/701/701 700/700/700
f 701/701/701 689/689/689 682/682/682
f 2455/2455/2455 2460/2460/2460 2458/2458/2458
f 2458/2458/2458 2460/2460/2460 2461/2461/2461
f 2461/2461/2461 2460/2460/2460 2462/2462/2462
f 2461/2461/2461 2462/2462/2462 2463/2463/2463
f 2463/2463/2463 2462/2462/2462 2464/2464/2464
f 2463/2463/2463 2464/2464/2464 2465/2465/2465
f 2465/2465/2465 2464/2464/2464 2466/2466/2466
f 2472/2472/2472 2467/2467/2467 2466/2466/2466
f 2467/2467/2467 2465/2465/2465 2466/2466/2466
f 2467/2467/2467 2468/2468/2468 2465/2465/2465
f 2468/2468/2468 2469/2469/2469 2484/2484/2484
f 2468/2468/2468 2467/2467/2467 2469/2469/2469
f 2475/2475/2475 2474/2474/2474 2473/2473/2473
f 2474/2474/2474 2469/2469/2469 2473/2473/2473
f 2474/2474/2474 2484/2484/2484 2469/2469/2469
f 4693/4693/4693 4699/4699/4699 4696/4696/4696
f 2476/2476/2476 2474/2474/2474 2475/2475/2475
f 2476/2476/2476 2486/2486/2486 2474/2474/2474
f 2486/2486/2486 2497/2497/2497 2489/2489/2489
f 2486/2486/2486 2476/2476/2476 2497/2497/2497
f 2489/2489/2489 2495/2495/2495 2491/2491/2491
f 2489/2489/2489 2497/2497/2497 2495/2495/2495
f 2494/2494/2494 2496/2496/2496 2493/2493/2493
f 2491/2491/2491 2494/2494/2494 2493/2493/2493
f 2495/2495/2495 2494/2494/2494 2491/2491/2491
f 2322/2322/2322 2321/2321/2321 2326/2326/2326
f 2322/2322/2322 2326/2326/2326 2327/2327/2327
f 2319/2319/2319 2318/2318/2318 2321/2321/2321
f 2322/2322/2322 2319/2319/2319 2321/2321/2321
f 2323/2323/2323 2319/2319/2319 2322/2322/2322
f 2319/2319/2319 2324/2324/2324 2325/2325/2325
f 2319/2319/2319 2323/2323/2323 2324/2324/2324
f 2325/2325/2325 2332/2332/2332 2329/2329/2329
f 2325/2325/2325 2324/2324/2324 2332/2332/2332
f 2333/2333/2333 2348/2348/2348 2331/2331/2331
f 2329/2329/2329 2333/2333/2333 2331/2331/2331
f 2332/2332/2332 2333/2333/2333 2329/2329/2329
f 2348/2348/2348 2333/2333/2333 2346/2346/2346
f 4729/4729/4729 4745/4745/4745 4744/4744/4744
f 4788/4788/4788 4745/4745/4745 4729/4729/4729
f 4788/4788/4788 4743/4743/4743 4803/4803/4803
f 4729/4729/4729 4743/4743/4743 4788/4788/4788
f 4803/4803/4803 4786/4786/4786 4781/4781/4781
f 4743/4743/4743 4786/4786/4786 4803/4803/4803
f 4781/4781/4781 4776/4776/4776 4779/4779/4779
f 4786/4786/4786 4776/4776/4776 4781/4781/4781
f 4779/4779/4779 4777/4777/4777 4780/4780/4780
f 4776/4776/4776 4777/4777/4777 4779/4779/4779
f 4780/4780/4780 4782/4782/4782 4784/4784/4784
f 4777/4777/4777 4782/4782/4782 4780/4780/4780
f 781/781/781 780/780/780 779/779/779
f 780/780/780 777/777/777 779/779/779
f 780/780/780 783/783/783 777/777/777
f 779/779/779 777/777/777 705/705/705
f 2472/2472/2472 2470/2470/2470 2467/2467/2467
f 2467/2467/2467 2470/2470/2470 2469/2469/2469
f 2469/2469/2469 2470/2470/2470 2471/2471/2471
f 2469/2469/2469 2471/2471/2471 2473/2473/2473
f 2347/2347/2347 2344/2344/2344 2345/2345/2345
f 2345/2345/2345 2344/2344/2344 2343/2343/2343
f 2343/2343/2343 2344/2344/2344 2342/2342/2342
f 2343/2343/2343 2342/2342/2342 2341/2341/2341
f 2341/2341/2341 2342/2342/2342 2340/2340/2340
f 2341/2341/2341 2340/2340/2340 2327/2327/2327
f 2327/2327/2327 2340/2340/2340 2339/2339/2339
f 2327/2327/2327 2339/2339/2339 2322/2322/2322
f 2322/2322/2322 2339/2339/2339 2338/2338/2338
f 2322/2322/2322 2338/2338/2338 2323/2323/2323
f 2323/2323/2323 2338/2338/2338 2337/2337/2337
f 2323/2323/2323 2337/2337/2337 2324/2324/2324
f 2324/2324/2324 2337/2337/2337 2334/2334/2334
f 2324/2324/2324 2334/2334/2334 2332/2332/2332
f 2332/2332/2332 2334/2334/2334 2335/2335/2335
f 2332/2332/2332 2335/2335/2335 2333/2333/2333
f 2333/2333/2333 2335/2335/2335 2336/2336/2336
f 2333/2333/2333 2336/2336/2336 2346/2346/2346
f 4134/4134/4134 4176/4176/4176 4135/4135/4135
f 4171/4171/4171 4132/4132/4132 4135/4135/4135
f 4135/4135/4135 4132/4132/4132 4134/4134/4134
f 4254/4254/4254 4255/4255/4255 4250/4250/4250
f 4150/4150/4150 4149/4149/4149 4146/4146/4146
f 4146/4146/4146 4149/4149/4149 4148/4148/4148
f 4170/4170/4170 4146/4146/4146 4142/4142/4142
f 4170/4170/4170 4150/4150/4150 4146/4146/4146
f 4141/4141/4141 4142/4142/4142 4140/4140/4140
f 4141/4141/4141 4170/4170/4170 4142/4142/4142
f 4138/4138/4138 4140/4140/4140 4137/4137/4137
f 4138/4138/4138 4141/4141/4141 4140/4140/4140
f 4137/4137/4137 4176/4176/4176 4134/4134/4134
f 4131/4131/4131 4137/4137/4137 4134/4134/4134
f 4138/4138/4138 4137/4137/4137 4131/4131/4131
f 4131/4131/4131 4134/4134/4134 4132/4132/4132
f 4131/4131/4131 4132/4132/4132 4126/4126/4126
f 4256/4256/4256 4255/4255/4255 4254/4254/4254
f 4257/4257/4257 4256/4256/4256 4254/4254/4254
f 4125/4125/4125 4126/4126/4126 4124/4124/4124
f 4128/4128/4128 4125/4125/4125 4127/4127/4127
f 4125/4125/4125 4123/4123/4123 4127/4127/4127
f 4125/4125/4125 4124/4124/4124 4123/4123/4123
f 4136/4136/4136 4127/4127/4127 4123/4123/4123
f 2720/2720/2720 2742/2742/2742 2719/2719/2719
f 2720/2720/2720 2719/2719/2719 2718/2718/2718
f 2719/2719/2719 2717/2717/2717 2718/2718/2718
f 4205/4205/4205 4197/4197/4197 4232/4232/4232
f 4153/4153/4153 4197/4197/4197 4152/4152/4152
f 4153/4153/4153 4232/4232/4232 4197/4197/4197
f 4152/4152/4152 4148/4148/4148 4149/4149/4149
f 4152/4152/4152 4149/4149/4149 4153/4153/4153
f 4129/4129/4129 4128/4128/4128 4127/4127/4127
f 4127/4127/4127 4136/4136/4136 4129/4129/4129
f 2904/2904/2904 2908/2908/2908 2909/2909/2909
f 2904/2904/2904 2906/2906/2906 2908/2908/2908
f 3883/3883/3883 3879/3879/3879 3882/3882/3882
f 3884/3884/3884 3883/3883/3883 3882/3882/3882
f 3884/3884/3884 3882/3882/3882 3885/3885/3885
f 2851/2851/2851 2852/2852/2852 2853/2853/2853
f 2720/2720/2720 2721/2721/2721 2742/2742/2742
f 2721/2721/2721 2720/2720/2720 2718/2718/2718
f 2996/2996/2996 2908/2908/2908 2906/2906/2906
f 2996/2996/2996 2906/2906/2906 2907/2907/2907
f 3024/3024/3024 3025/3025/3025 3026/3026/3026
f 2996/2996/2996 2927/2927/2927 2972/2972/2972
f 3921/3921/3921 3886/3886/3886 3883/3883/3883
f 3886/3886/3886 3879/3879/3879 3883/3883/3883
f 3886/3886/3886 3880/3880/3880 3879/3879/3879
f 3921/3921/3921 3883/3883/3883 3884/3884/3884
f 2925/2925/2925 2929/2929/2929 2933/2933/2933
f 2972/2972/2972 2925/2925/2925 2933/2933/2933
f 2927/2927/2927 2925/2925/2925 2972/2972/2972
f 2929/2929/2929 2932/2932/2932 2933/2933/2933
f 3993/3993/3993 3992/3992/3992 3994/3994/3994
f 3870/3870/3870 3871/3871/3871 3866/3866/3866
f 3866/3866/3866 3871/3871/3871 3872/3872/3872
f 3874/3874/3874 3873/3873/3873 3870/3870/3870
f 3870/3870/3870 3873/3873/3873 3871/3871/3871
f 4076/4076/4076 4077/4077/4077 4078/4078/4078
f 3874/3874/3874 3875/3875/3875 3873/3873/3873
f 4079/4079/4079 4077/4077/4077 4076/4076/4076
f 3880/3880/3880 3966/3966/3966 3967/3967/3967
f 3886/3886/3886 3966/3966/3966 3880/3880/3880
f 2926/2926/2926 2930/2930/2930 2929/2929/2929
f 2926/2926/2926 2929/2929/2929 2925/2925/2925
f 2932/2932/2932 2929/2929/2929 2931/2931/2931
f 2931/2931/2931 2929/2929/2929 2930/2930/2930
f 3996/3996/3996 3990/3990/3990 3991/3991/3991
f 3992/3992/3992 3993/3993/3993 3991/3991/3991
f 3993/3993/3993 3996/3996/3996 3991/3991/3991
f 465/465/465 419/419/419 416/416/416
f 427/427/427 465/465/465 469/469/469
f 419/419/419 465/465/465 427/427/427
f 462/462/462 469/469/469 490/490/490
f 427/427/427 469/469/469 462/462/462
f 2679/2679/2679 2758/2758/2758 2706/2706/2706
f 2682/2682/2682 2758/2758/2758 2679/2679/2679
f 2706/2706/2706 2707/2707/2707 2686/2686/2686
f 2706/2706/2706 2686/2686/2686 2679/2679/2679
f 654/654/654 664/664/664 663/663/663
f 656/656/656 654/654/654 663/663/663
f 655/655/655 654/654/654 656/656/656
f 663/663/663 664/664/664 725/725/725
f 416/416/416 414/414/414 415/415/415
f 414/414/414 416/416/416 417/417/417
f 416/416/416 418/418/418 417/417/417
f 416/416/416 419/419/419 418/418/418
f 420/420/420 419/419/419 427/427/427
f 418/418/418 419/419/419 420/420/420
f 461/461/461 427/427/427 462/462/462
f 420/420/420 427/427/427 461/461/461
f 2677/2677/2677 2682/2682/2682 2679/2679/2679
f 2680/2680/2680 2682/2682/2682 2677/2677/2677
f 2679/2679/2679 2686/2686/2686 2678/2678/2678
f 2679/2679/2679 2678/2678/2678 2677/2677/2677
f 643/643/643 654/654/654 655/655/655
f 643/643/643 642/642/642 654/654/654
f 425/425/425 412/412/412 418/418/418
f 418/418/418 412/412/412 417/417/417
f 421/421/421 418/418/418 420/420/420
f 425/425/425 418/418/418 421/421/421
f 422/422/422 420/420/420 461/461/461
f 421/421/421 420/420/420 422/422/422
f 2676/2676/2676 2680/2680/2680 2677/2677/2677
f 2681/2681/2681 2680/2680/2680 2676/2676/2676
f 2677/2677/2677 2678/2678/2678 2674/2674/2674
f 2677/2677/2677 2674/2674/2674 2676/2676/2676
f 650/650/650 637/637/637 644/644/644
f 637/637/637 639/639/639 644/644/644
f 639/639/639 643/643/643 644/644/644
f 639/639/639 642/642/642 643/643/643
f 440/440/440 437/437/437 436/436/436
f 412/412/412 425/425/425 436/436/436
f 425/425/425 440/440/440 436/436/436
f 425/425/425 442/442/442 440/440/440
f 434/434/434 425/425/425 421/421/421
f 442/442/442 425/425/425 434/434/434
f 423/423/423 421/421/421 422/422/422
f 434/434/434 421/421/421 423/423/423
f 452/452/452 423/423/423 435/435/435
f 423/423/423 424/424/424 435/435/435
f 423/423/423 422/422/422 424/424/424
f 2406/2406/2406 2405/2405/2405 2408/2408/2408
f 2406/2406/2406 2408/2408/2408 2409/2409/2409
f 2674/2674/2674 2671/2671/2671 2675/2675/2675
f 2676/2676/2676 2674/2674/2674 2675/2675/2675
f 2404/2404/2404 2405/2405/2405 2406/2406/2406
f 651/651/651 638/638/638 637/637/637
f 650/650/650 651/651/651 637/637/637
f 667/667/667 651/651/651 650/650/650
f 637/637/637 638/638/638 639/639/639
f 531/531/531 534/534/534 530/530/530
f 530/530/530 534/534/534 535/535/535
f 528/528/528 530/530/530 529/529/529
f 528/528/528 531/531/531 530/530/530
f 529/529/529 515/515/515 528/528/528
f 528/528/528 515/515/515 516/516/516
f 440/440/440 438/438/438 437/437/437
f 438/438/438 440/440/440 441/441/441
f 441/441/441 440/440/440 442/442/442
f 441/441/441 442/442/442 448/448/448
f 448/448/448 442/442/442 434/434/434
f 448/448/448 434/434/434 450/450/450
f 450/450/450 434/434/434 423/423/423
f 450/450/450 423/423/423 452/452/452
f 1774/1774/1774 1775/1775/1775 1776/1776/1776
f 1775/1775/1775 1778/1778/1778 1776/1776/1776
f 1779/1779/1779 1780/1780/1780 1781/1781/1781
f 1782/1782/1782 1779/1779/1779 1781/1781/1781
f 1781/1781/1781 1783/1783/1783 1782/1782/1782
f 1775/1775/1775 1774/1774/1774 1777/1777/1777
f 683/683/683 686/686/686 687/687/687
f 686/686/686 651/651/651 687/687/687
f 651/651/651 668/668/668 687/687/687
f 651/651/651 667/667/667 668/668/668
f 2512/2512/2512 2513/2513/2513 2511/2511/2511
f 2509/2509/2509 2510/2510/2510 2511/2511/2511
f 2511/2511/2511 2510/2510/2510 2512/2512/2512
f 2507/2507/2507 2508/2508/2508 2509/2509/2509
f 2509/2509/2509 2508/2508/2508 2510/2510/2510
f 2457/2457/2457 2506/2506/2506 2507/2507/2507
f 2507/2507/2507 2506/2506/2506 2508/2508/2508
f 2456/2456/2456 2500/2500/2500 2457/2457/2457
f 2500/2500/2500 2506/2506/2506 2457/2457/2457
f 1026/1026/1026 1016/1016/1016 1018/1018/1018
f 1030/1030/1030 1016/1016/1016 1028/1028/1028
f 1016/1016/1016 1027/1027/1027 1028/1028/1028
f 1016/1016/1016 1026/1026/1026 1027/1027/1027
f 1028/1028/1028 1027/1027/1027 1029/1029/1029
f 1027/1027/1027 1031/1031/1031 1029/1029/1029
f 1027/1027/1027 1032/1032/1032 1031/1031/1031
f 536/536/536 535/535/535 534/534/534
f 1032/1032/1032 1036/1036/1036 1031/1031/1031
f 514/514/514 516/516/516 515/515/515
f 514/514/514 515/515/515 513/513/513
f 512/512/512 513/513/513 511/511/511
f 512/512/512 514/514/514 513/513/513
f 510/510/510 511/511/511 509/509/509
f 510/510/510 512/512/512 511/511/511
f 508/508/508 509/509/509 507/507/507
f 508/508/508 510/510/510 509/509/509
f 495/495/495 507/507/507 505/505/505
f 495/495/495 508/508/508 507/507/507
f 496/496/496 505/505/505 504/504/504
f 496/496/496 495/495/495 505/505/505
f 498/498/498 504/504/504 501/501/501
f 498/498/498 496/496/496 504/504/504
f 500/500/500 501/501/501 502/502/502
f 500/500/500 498/498/498 501/501/501
f 506/506/506 537/537/537 519/519/519
f 500/500/500 506/506/506 519/519/519
f 502/502/502 506/506/506 500/500/500
f 537/537/537 506/506/506 538/538/538
f 683/683/683 687/687/687 681/681/681
f 682/682/682 683/683/683 681/681/681
f 684/684/684 683/683/683 682/682/682
f 681/681/681 687/687/687 668/668/668
f 1522/1522/1522 1520/1520/1520 1521/1521/1521
f 1521/1521/1521 1520/1520/1520 1516/1516/1516
f 1516/1516/1516 1520/1520/1520 1514/1514/1514
f 1516/1516/1516 1514/1514/1514 1513/1513/1513
f 1513/1513/1513 1514/1514/1514 1515/1515/1515
f 1513/1513/1513 1515/1515/1515 1517/1517/1517
f 1517/1517/1517 1515/1515/1515 1518/1518/1518
f 2455/2455/2455 2456/2456/2456 2457/2457/2457
f 4840/4840/4840 4841/4841/4841 4842/4842/4842
f 1518/1518/1518 1519/1519/1519 1517/1517/1517
f 4670/4670/4670 4666/4666/4666 4669/4669/4669
f 4669/4669/4669 4666/4666/4666 4668/4668/4668
f 4683/4683/4683 4669/4669/4669 4668/4668/4668
f 4673/4673/4673 4669/4669/4669 4683/4683/4683
f 4683/4683/4683 4701/4701/4701 4700/4700/4700
f 4675/4675/4675 4683/4683/4683 4700/4700/4700
f 4673/4673/4673 4683/4683/4683 4675/4675/4675
f 4825/4825/4825 4826/4826/4826 4827/4827/4827
f 776/776/776 690/690/690 689/689/689
f 776/776/776 689/689/689 705/705/705
f 682/682/682 689/689/689 684/684/684
f 684/684/684 689/689/689 690/690/690
f 4669/4669/4669 4671/4671/4671 4670/4670/4670
f 4671/4671/4671 4669/4669/4669 4672/4672/4672
f 4672/4672/4672 4669/4669/4669 4673/4673/4673
f 4672/4672/4672 4673/4673/4673 4674/4674/4674
f 4674/4674/4674 4673/4673/4673 4675/4675/4675
f 4688/4688/4688 4676/4676/4676 4675/4675/4675
f 4676/4676/4676 4674/4674/4674 4675/4675/4675
f 4676/4676/4676 4677/4677/4677 4674/4674/4674
f 4678/4678/4678 4681/4681/4681 4680/4680/4680
f 4677/4677/4677 4678/4678/4678 4680/4680/4680
f 4676/4676/4676 4678/4678/4678 4677/4677/4677
f 4684/4684/4684 4698/4698/4698 4681/4681/4681
f 4684/4684/4684 4681/4681/4681 4678/4678/4678
f 4696/4696/4696 4703/4703/4703 4698/4698/4698
f 4684/4684/4684 4696/4696/4696 4698/4698/4698
f 4690/4690/4690 4696/4696/4696 4684/4684/4684
f 4693/4693/4693 4696/4696/4696 4690/4690/4690
f 4693/4693/4693 4690/4690/4690 4692/4692/4692
f 4727/4727/4727 4728/4728/4728 4729/4729/4729
f 4727/4727/4727 4729/4729/4729 4744/4744/4744
f 4729/4729/4729 4730/4730/4730 4743/4743/4743
f 4728/4728/4728 4730/4730/4730 4729/4729/4729
f 4743/4743/4743 4733/4733/4733 4786/4786/4786
f 4730/4730/4730 4733/4733/4733 4743/4743/4743
f 4786/4786/4786 4773/4773/4773 4776/4776/4776
f 4733/4733/4733 4773/4773/4773 4786/4786/4786
f 4776/4776/4776 4775/4775/4775 4777/4777/4777
f 4773/4773/4773 4775/4775/4775 4776/4776/4776
f 4777/4777/4777 4778/4778/4778 4782/4782/4782
f 4775/4775/4775 4778/4778/4778 4777/4777/4777
f 783/783/783 778/778/778 777/777/777
f 4778/4778/4778 4785/4785/4785 4782/4782/4782
f 705/705/705 777/777/777 776/776/776
f 776/776/776 777/777/777 778/778/778
f 4681/4681/4681 4685/4685/4685 4680/4680/4680
f 4685/4685/4685 4681/4681/4681 4687/4687/4687
f 4687/4687/4687 4681/4681/4681 4698/4698/4698
f 4687/4687/4687 4698/4698/4698 4703/4703/4703
f 4692/4692/4692 4694/4694/4694 4693/4693/4693
f 4693/4693/4693 4694/4694/4694 4697/4697/4697
f 4697/4697/4697 4704/4704/4704 4705/4705/4705
f 4694/4694/4694 4704/4704/4704 4697/4697/4697
f 4705/4705/4705 4706/4706/4706 4707/4707/4707
f 4704/4704/4704 4706/4706/4706 4705/4705/4705
f 4707/4707/4707 4708/4708/4708 4709/4709/4709
f 4706/4706/4706 4708/4708/4708 4707/4707/4707
f 4709/4709/4709 4710/4710/4710 4711/4711/4711
f 4708/4708/4708 4710/4710/4710 4709/4709/4709
f 4711/4711/4711 4712/4712/4712 4719/4719/4719
f 4710/4710/4710 4712/4712/4712 4711/4711/4711
f 4719/4719/4719 4715/4715/4715 4720/4720/4720
f 4712/4712/4712 4715/4715/4715 4719/4719/4719
f 4720/4720/4720 4721/4721/4721 4722/4722/4722
f 4715/4715/4715 4721/4721/4721 4720/4720/4720
f 2335/2335/2335 2350/2350/2350 2336/2336/2336
f 4721/4721/4721 4723/4723/4723 4722/4722/4722
f 2346/2346/2346 2336/2336/2336 2349/2349/2349
f 2349/2349/2349 2336/2336/2336 2350/2350/2350
f 2749/2749/2749 2754/2754/2754 2750/2750/2750
f 2752/2752/2752 2748/2748/2748 2750/2750/2750
f 2750/2750/2750 2748/2748/2748 2749/2749/2749
f 4141/4141/4141 4201/4201/4201 4170/4170/4170
f 2752/2752/2752 2751/2751/2751 2748/2748/2748
f 4138/4138/4138 4166/4166/4166 4141/4141/4141
f 4141/4141/4141 4166/4166/4166 4201/4201/4201
f 4131/4131/4131 4139/4139/4139 4138/4138/4138
f 4138/4138/4138 4139/4139/4139 4166/4166/4166
f 2701/2701/2701 2666/2666/2666 2662/2662/2662
f 2666/2666/2666 2665/2665/2665 2662/2662/2662
f 4131/4131/4131 4126/4126/4126 4130/4130/4130
f 4199/4199/4199 4130/4130/4130 4133/4133/4133
f 4130/4130/4130 4125/4125/4125 4133/4133/4133
f 4130/4130/4130 4126/4126/4126 4125/4125/4125
f 4128/4128/4128 4133/4133/4133 4125/4125/4125
f 2716/2716/2716 2718/2718/2718 2717/2717/2717
f 2736/2736/2736 2698/2698/2698 2717/2717/2717
f 2717/2717/2717 2698/2698/2698 2716/2716/2716
f 2690/2690/2690 2698/2698/2698 2736/2736/2736
f 2690/2690/2690 2736/2736/2736 2754/2754/2754
f 2696/2696/2696 2690/2690/2690 2754/2754/2754
f 2749/2749/2749 2696/2696/2696 2754/2754/2754
f 2696/2696/2696 2749/2749/2749 2748/2748/2748
f 2696/2696/2696 2748/2748/2748 2747/2747/2747
f 2747/2747/2747 2748/2748/2748 2751/2751/2751
f 2747/2747/2747 2751/2751/2751 2772/2772/2772
f 4188/4188/4188 4201/4201/4201 4166/4166/4166
f 4188/4188/4188 4166/4166/4166 4185/4185/4185
f 4185/4185/4185 4166/4166/4166 4139/4139/4139
f 4185/4185/4185 4139/4139/4139 4186/4186/4186
f 4186/4186/4186 4139/4139/4139 4187/4187/4187
f 4206/4206/4206 4199/4199/4199 4133/4133/4133
f 4206/4206/4206 4133/4133/4133 4128/4128/4128
f 4129/4129/4129 4206/4206/4206 4128/4128/4128
f 4207/4207/4207 4206/4206/4206 4129/4129/4129
f 2913/2913/2913 2910/2910/2910 2908/2908/2908
f 2910/2910/2910 2909/2909/2909 2908/2908/2908
f 2910/2910/2910 2911/2911/2911 2909/2909/2909
f 2913/2913/2913 2928/2928/2928 2910/2910/2910
f 2854/2854/2854 2852/2852/2852 2851/2851/2851
f 2718/2718/2718 2716/2716/2716 2721/2721/2721
f 2716/2716/2716 2727/2727/2727 2721/2721/2721
f 2716/2716/2716 2715/2715/2715 2727/2727/2727
f 2698/2698/2698 2688/2688/2688 2687/2687/2687
f 2715/2715/2715 2698/2698/2698 2687/2687/2687
f 2716/2716/2716 2698/2698/2698 2715/2715/2715
f 2688/2688/2688 2698/2698/2698 2690/2690/2690
f 2996/2996/2996 2913/2913/2913 2908/2908/2908
f 3038/3038/3038 3028/3028/3028 3027/3027/3027
f 3027/3027/3027 3028/3028/3028 3029/3029/3029
f 3028/3028/3028 3030/3030/3030 3029/3029/3029
f 2928/2928/2928 2913/2913/2913 2996/2996/2996
f 3038/3038/3038 3032/3032/3032 3028/3028/3028
f 2709/2709/2709 2710/2710/2710 2711/2711/2711
f 2712/2712/2712 2709/2709/2709 2711/2711/2711
f 2712/2712/2712 2711/2711/2711 2713/2713/2713
f 2855/2855/2855 2856/2856/2856 2852/2852/2852
f 2854/2854/2854 2855/2855/2855 2852/2852/2852
f 2572/2572/2572 2727/2727/2727 2715/2715/2715
f 2572/2572/2572 2715/2715/2715 2570/2570/2570
f 67/67/67 68/68/68 69/69/69
f 3039/3039/3039 3038/3038/3038 3027/3027/3027
f 2933/2933/2933 2932/2932/2932 2994/2994/2994
f 2932/2932/2932 2935/2935/2935 2994/2994/2994
f 2932/2932/2932 2934/2934/2934 2935/2935/2935
f 2708/2708/2708 2707/2707/2707 2709/2709/2709
f 2709/2709/2709 2707/2707/2707 2710/2710/2710
f 2709/2709/2709 2712/2712/2712 2714/2714/2714
f 2709/2709/2709 2714/2714/2714 2708/2708/2708
f 2931/2931/2931 2934/2934/2934 2932/2932/2932
f 2931/2931/2931 2936/2936/2936 2934/2934/2934
f 2760/2760/2760 2686/2686/2686 2708/2708/2708
f 2708/2708/2708 2686/2686/2686 2707/2707/2707
f 2817/2817/2817 2814/2814/2814 2807/2807/2807
f 2708/2708/2708 2769/2769/2769 2760/2760/2760
f 654/654/654 653/653/653 664/664/664
f 653/653/653 713/713/713 664/664/664
f 713/713/713 725/725/725 664/664/664
f 2937/2937/2937 2936/2936/2936 2931/2931/2931
f 2683/2683/2683 2678/2678/2678 2760/2760/2760
f 2760/2760/2760 2678/2678/2678 2686/2686/2686
f 2760/2760/2760 2769/2769/2769 2672/2672/2672
f 2760/2760/2760 2672/2672/2672 2683/2683/2683
f 642/642/642 652/652/652 653/653/653
f 642/642/642 653/653/653 654/654/654
f 713/713/713 653/653/653 712/712/712
f 712/712/712 653/653/653 652/652/652
f 2673/2673/2673 2674/2674/2674 2683/2683/2683
f 2683/2683/2683 2674/2674/2674 2678/2678/2678
f 2683/2683/2683 2672/2672/2672 2669/2669/2669
f 2683/2683/2683 2669/2669/2669 2673/2673/2673
f 640/640/640 662/662/662 652/652/652
f 642/642/642 640/640/640 652/652/652
f 639/639/639 640/640/640 642/642/642
f 652/652/652 662/662/662 712/712/712
f 2673/2673/2673 2671/2671/2671 2674/2674/2674
f 2668/2668/2668 2703/2703/2703 2704/2704/2704
f 2407/2407/2407 2404/2404/2404 2406/2406/2406
f 2669/2669/2669 2668/2668/2668 2671/2671/2671
f 2673/2673/2673 2669/2669/2669 2671/2671/2671
f 2546/2546/2546 2703/2703/2703 2668/2668/2668
f 673/673/673 641/641/641 638/638/638
f 673/673/673 638/638/638 651/651/651
f 639/639/639 638/638/638 640/640/640
f 640/640/640 638/638/638 641/641/641
f 533/533/533 534/534/534 531/531/531
f 528/528/528 532/532/532 531/531/531
f 531/531/531 532/532/532 533/533/533
f 516/516/516 532/532/532 528/528/528
f 1787/1787/1787 1786/1786/1786 1782/1782/1782
f 1782/1782/1782 1786/1786/1786 1779/1779/1779
f 1782/1782/1782 1783/1783/1783 1784/1784/1784
f 1785/1785/1785 1782/1782/1782 1784/1784/1784
f 1787/1787/1787 1782/1782/1782 1785/1785/1785
f 70/70/70 71/71/71 72/72/72
f 685/685/685 688/688/688 686/686/686
f 685/685/685 686/686/686 683/683/683
f 651/651/651 686/686/686 673/673/673
f 673/673/673 686/686/686 688/688/688
f 1025/1025/1025 1034/1034/1034 1024/1024/1024
f 1022/1022/1022 1023/1023/1023 1024/1024/1024
f 1024/1024/1024 1023/1023/1023 1025/1025/1025
f 1020/1020/1020 1021/1021/1021 1022/1022/1022
f 1022/1022/1022 1021/1021/1021 1023/1023/1023
f 1018/1018/1018 1019/1019/1019 1020/1020/1020
f 1020/1020/1020 1019/1019/1019 1021/1021/1021
f 1016/1016/1016 1017/1017/1017 1018/1018/1018
f 1018/1018/1018 1017/1017/1017 1019/1019/1019
f 1030/1030/1030 1017/1017/1017 1016/1016/1016
f 1033/1033/1033 1029/1029/1029 1031/1031/1031
f 1036/1036/1036 1035/1035/1035 1031/1031/1031
f 1035/1035/1035 1033/1033/1033 1031/1031/1031
f 2610/2610/2610 2612/2612/2612 2732/2732/2732
f 2608/2608/2608 2610/2610/2610 2609/2609/2609
f 2612/2612/2612 2610/2610/2610 2608/2608/2608
f 514/514/514 527/527/527 516/516/516
f 527/527/527 532/532/532 516/516/516
f 2606/2606/2606 2608/2608/2608 2609/2609/2609
f 512/512/512 526/526/526 514/514/514
f 514/514/514 526/526/526 527/527/527
f 2755/2755/2755 2757/2757/2757 2774/2774/2774
f 2774/2774/2774 2757/2757/2757 2604/2604/2604
f 2757/2757/2757 2755/2755/2755 2613/2613/2613
f 2755/2755/2755 2599/2599/2599 2613/2613/2613
f 510/510/510 508/508/508 522/522/522
f 521/521/521 508/508/508 495/495/495
f 521/521/521 522/522/522 508/508/508
f 494/494/494 495/495/495 496/496/496
f 494/494/494 521/521/521 495/495/495
f 497/497/497 496/496/496 498/498/498
f 497/497/497 494/494/494 496/496/496
f 499/499/499 498/498/498 500/500/500
f 499/499/499 497/497/497 498/498/498
f 500/500/500 519/519/519 520/520/520
f 500/500/500 520/520/520 499/499/499
f 684/684/684 685/685/685 683/683/683
f 684/684/684 693/693/693 685/685/685
f 4663/4663/4663 4664/4664/4664 4686/4686/4686
f 4664/4664/4664 4663/4663/4663 4662/4662/4662
f 4662/4662/4662 4663/4663/4663 4659/4659/4659
f 4662/4662/4662 4659/4659/4659 4658/4658/4658
f 4658/4658/4658 4659/4659/4659 4660/4660/4660
f 4658/4658/4658 4660/4660/4660 4661/4661/4661
f 4661/4661/4661 4660/4660/4660 4665/4665/4665
f 4661/4661/4661 4665/4665/4665 4666/4666/4666
f 4666/4666/4666 4665/4665/4665 4667/4667/4667
f 4666/4666/4666 4667/4667/4667 4668/4668/4668
f 4702/4702/4702 4700/4700/4700 4701/4701/4701
f 4827/4827/4827 4828/4828/4828 4825/4825/4825
f 4702/4702/4702 4679/4679/4679 4688/4688/4688
f 2732/2732/2732 2612/2612/2612 2728/2728/2728
f 2611/2611/2611 2612/2612/2612 2608/2608/2608
f 2728/2728/2728 2612/2612/2612 2611/2611/2611
f 2607/2607/2607 2608/2608/2608 2606/2606/2606
f 2611/2611/2611 2608/2608/2608 2607/2607/2607
f 2603/2603/2603 2606/2606/2606 2604/2604/2604
f 2607/2607/2607 2606/2606/2606 2603/2603/2603
f 2600/2600/2600 2604/2604/2604 2757/2757/2757
f 2603/2603/2603 2604/2604/2604 2600/2600/2600
f 2757/2757/2757 2613/2613/2613 2597/2597/2597
f 2757/2757/2757 2597/2597/2597 2600/2600/2600
f 784/784/784 797/797/797 690/690/690
f 784/784/784 690/690/690 776/776/776
f 684/684/684 690/690/690 693/693/693
f 693/693/693 690/690/690 797/797/797
f 4679/4679/4679 4676/4676/4676 4688/4688/4688
f 4676/4676/4676 4679/4679/4679 4678/4678/4678
f 4678/4678/4678 4679/4679/4679 4682/4682/4682
f 4678/4678/4678 4682/4682/4682 4684/4684/4684
f 4684/4684/4684 4682/4682/4682 4689/4689/4689
f 4684/4684/4684 4689/4689/4689 4690/4690/4690
f 4690/4690/4690 4689/4689/4689 4691/4691/4691
f 4690/4690/4690 4691/4691/4691 4692/4692/4692
f 4691/4691/4691 4695/4695/4695 4692/4692/4692
f 2603/2603/2603 2600/2600/2600 2602/2602/2602
f 2600/2600/2600 2597/2597/2597 2598/2598/2598
f 2601/2601/2601 2600/2600/2600 2598/2598/2598
f 2602/2602/2602 2600/2600/2600 2601/2601/2601
f 4829/4829/4829 4830/4830/4830 4831/4831/4831
f 4820/4820/4820 4823/4823/4823 4822/4822/4822
f 4817/4817/4817 4807/4807/4807 4820/4820/4820
f 4725/4725/4725 4789/4789/4789 4726/4726/4726
f 4728/4728/4728 4727/4727/4727 4726/4726/4726
f 4789/4789/4789 4728/4728/4728 4726/4726/4726
f 4741/4741/4741 4728/4728/4728 4789/4789/4789
f 4728/4728/4728 4731/4731/4731 4730/4730/4730
f 4741/4741/4741 4731/4731/4731 4728/4728/4728
f 4730/4730/4730 4732/4732/4732 4733/4733/4733
f 4731/4731/4731 4732/4732/4732 4730/4730/4730
f 4733/4733/4733 4740/4740/4740 4773/4773/4773
f 4732/4732/4732 4740/4740/4740 4733/4733/4733
f 4773/4773/4773 4774/4774/4774 4775/4775/4775
f 4740/4740/4740 4774/4774/4774 4773/4773/4773
f 4775/4775/4775 4783/4783/4783 4778/4778/4778
f 4774/4774/4774 4783/4783/4783 4775/4775/4775
f 4778/4778/4778 4787/4787/4787 4785/4785/4785
f 4783/4783/4783 4787/4787/4787 4778/4778/4778
f 776/776/776 778/778/778 784/784/784
f 784/784/784 778/778/778 785/785/785
f 4695/4695/4695 4694/4694/4694 4692/4692/4692
f 4694/4694/4694 4695/4695/4695 4704/4704/4704
f 4704/4704/4704 4695/4695/4695 4823/4823/4823
f 4704/4704/4704 4823/4823/4823 4706/4706/4706
f 4706/4706/4706 4823/4823/4823 4807/4807/4807
f 4817/4817/4817 4806/4806/4806 4807/4807/4807
f 4806/4806/4806 4706/4706/4706 4807/4807/4807
f 4806/4806/4806 4708/4708/4708 4706/4706/4706
f 4708/4708/4708 4804/4804/4804 4710/4710/4710
f 4806/4806/4806 4804/4804/4804 4708/4708/4708
f 4710/4710/4710 4713/4713/4713 4712/4712/4712
f 4804/4804/4804 4713/4713/4713 4710/4710/4710
f 4712/4712/4712 4714/4714/4714 4715/4715/4715
f 4713/4713/4713 4714/4714/4714 4712/4712/4712
f 4715/4715/4715 4724/4724/4724 4721/4721/4721
f 4714/4714/4714 4724/4724/4724 4715/4715/4715
f 4726/4726/4726 4723/4723/4723 4725/4725/4725
f 4723/4723/4723 4724/4724/4724 4725/4725/4725
f 4723/4723/4723 4721/4721/4721 4724/4724/4724
f 4723/4723/4723 4726/4726/4726 4727/4727/4727
f 2663/2663/2663 2662/2662/2662 2665/2665/2665
f 4199/4199/4199 4200/4200/4200 4130/4130/4130
f 2692/2692/2692 2690/2690/2690 2696/2696/2696
f 2747/2747/2747 2693/2693/2693 2696/2696/2696
f 2696/2696/2696 2693/2693/2693 2692/2692/2692
f 2772/2772/2772 2753/2753/2753 2747/2747/2747
f 2747/2747/2747 2753/2753/2753 2693/2693/2693
f 2726/2726/2726 2722/2722/2722 2772/2772/2772
f 2772/2772/2772 2722/2722/2722 2753/2753/2753
f 2684/2684/2684 2702/2702/2702 2726/2726/2726
f 2726/2726/2726 2702/2702/2702 2722/2722/2722
f 2657/2657/2657 2702/2702/2702 2684/2684/2684
f 2657/2657/2657 2684/2684/2684 2662/2662/2662
f 2661/2661/2661 2657/2657/2657 2662/2662/2662
f 2663/2663/2663 2661/2661/2661 2662/2662/2662
f 2661/2661/2661 2663/2663/2663 2664/2664/2664
f 4274/4274/4274 4273/4273/4273 4275/4275/4275
f 4272/4272/4272 4273/4273/4273 4274/4274/4274
f 4208/4208/4208 4206/4206/4206 4207/4207/4207
f 4208/4208/4208 4209/4209/4209 4206/4206/4206
f 2912/2912/2912 2911/2911/2911 2910/2910/2910
f 4212/4212/4212 4208/4208/4208 4207/4207/4207
f 2910/2910/2910 2928/2928/2928 2912/2912/2912
f 2912/2912/2912 2928/2928/2928 2985/2985/2985
f 2569/2569/2569 2687/2687/2687 2688/2688/2688
f 2689/2689/2689 2569/2569/2569 2688/2688/2688
f 2689/2689/2689 2688/2688/2688 2690/2690/2690
f 2691/2691/2691 2689/2689/2689 2690/2690/2690
f 2692/2692/2692 2691/2691/2691 2690/2690/2690
f 2691/2691/2691 2692/2692/2692 2693/2693/2693
f 2691/2691/2691 2693/2693/2693 2697/2697/2697
f 2697/2697/2697 2693/2693/2693 2753/2753/2753
f 2833/2833/2833 2834/2834/2834 2835/2835/2835
f 2723/2723/2723 2753/2753/2753 2722/2722/2722
f 2723/2723/2723 2722/2722/2722 2652/2652/2652
f 2652/2652/2652 2722/2722/2722 2702/2702/2702
f 2652/2652/2652 2702/2702/2702 2651/2651/2651
f 2651/2651/2651 2702/2702/2702 2657/2657/2657
f 3031/3031/3031 3037/3037/3037 3030/3030/3030
f 3031/3031/3031 3030/3030/3030 3028/3028/3028
f 3028/3028/3028 3032/3032/3032 3031/3031/3031
f 3031/3031/3031 3032/3032/3032 3033/3033/3033
f 2857/2857/2857 2856/2856/2856 2855/2855/2855
f 2570/2570/2570 2564/2564/2564 2572/2572/2572
f 2572/2572/2572 2564/2564/2564 2763/2763/2763
f 2687/2687/2687 2569/2569/2569 2570/2570/2570
f 2569/2569/2569 2564/2564/2564 2570/2570/2570
f 2569/2569/2569 2565/2565/2565 2564/2564/2564
f 2847/2847/2847 2845/2845/2845 2843/2843/2843
f 2847/2847/2847 2843/2843/2843 2848/2848/2848
f 2934/2934/2934 2938/2938/2938 2939/2939/2939
f 2941/2941/2941 2934/2934/2934 2939/2939/2939
f 2935/2935/2935 2934/2934/2934 2941/2941/2941
f 2938/2938/2938 2944/2944/2944 2939/2939/2939
f 2812/2812/2812 2814/2814/2814 2815/2815/2815
f 2763/2763/2763 2714/2714/2714 2712/2712/2712
f 2564/2564/2564 2563/2563/2563 2561/2561/2561
f 2576/2576/2576 2564/2564/2564 2561/2561/2561
f 2763/2763/2763 2564/2564/2564 2576/2576/2576
f 2563/2563/2563 2564/2564/2564 2565/2565/2565
f 2563/2563/2563 2565/2565/2565 2770/2770/2770
f 73/73/73 74/74/74 75/75/75
f 2936/2936/2936 2982/2982/2982 2938/2938/2938
f 2936/2936/2936 2938/2938/2938 2934/2934/2934
f 2944/2944/2944 2938/2938/2938 2955/2955/2955
f 2955/2955/2955 2938/2938/2938 2982/2982/2982
f 2805/2805/2805 2807/2807/2807 2812/2812/2812
f 2812/2812/2812 2807/2807/2807 2814/2814/2814
f 2576/2576/2576 2561/2561/2561 2560/2560/2560
f 2812/2812/2812 2818/2818/2818 2805/2805/2805
f 2937/2937/2937 2983/2983/2983 2982/2982/2982
f 2937/2937/2937 2982/2982/2982 2936/2936/2936
f 2955/2955/2955 2982/2982/2982 2990/2990/2990
f 2990/2990/2990 2982/2982/2982 2983/2983/2983
f 2808/2808/2808 2806/2806/2806 2805/2805/2805
f 2805/2805/2805 2806/2806/2806 2807/2807/2807
f 2805/2805/2805 2818/2818/2818 2816/2816/2816
f 2809/2809/2809 2805/2805/2805 2816/2816/2816
f 2808/2808/2808 2805/2805/2805 2809/2809/2809
f 76/76/76 77/77/77 78/78/78
f 706/706/706 708/708/708 714/714/714
f 713/713/713 706/706/706 714/714/714
f 712/712/712 706/706/706 713/713/713
f 714/714/714 708/708/708 730/730/730
f 2547/2547/2547 2669/2669/2669 2670/2670/2670
f 2670/2670/2670 2669/2669/2669 2672/2672/2672
f 2809/2809/2809 2813/2813/2813 2811/2811/2811
f 2810/2810/2810 2809/2809/2809 2811/2811/2811
f 2808/2808/2808 2809/2809/2809 2810/2810/2810
f 2813/2813/2813 2809/2809/2809 2819/2819/2819
f 645/645/645 649/649/649 662/662/662
f 645/645/645 662/662/662 640/640/640
f 712/712/712 662/662/662 706/706/706
f 706/706/706 662/662/662 649/649/649
f 2547/2547/2547 2668/2668/2668 2669/2669/2669
f 2546/2546/2546 2668/2668/2668 2547/2547/2547
f 2544/2544/2544 2546/2546/2546 2547/2547/2547
f 2542/2542/2542 2546/2546/2546 2544/2544/2544
f 691/691/691 696/696/696 695/695/695
f 641/641/641 673/673/673 695/695/695
f 696/696/696 641/641/641 695/695/695
f 646/646/646 641/641/641 696/696/696
f 640/640/640 641/641/641 645/645/645
f 645/645/645 641/641/641 646/646/646
f 2798/2798/2798 2799/2799/2799 2800/2800/2800
f 2756/2756/2756 2737/2737/2737 2566/2566/2566
f 2737/2737/2737 2541/2541/2541 2566/2566/2566
f 1787/1787/1787 1785/1785/1785 1788/1788/1788
f 1785/1785/1785 1790/1790/1790 1789/1789/1789
f 1785/1785/1785 1789/1789/1789 1788/1788/1788
f 691/691/691 695/695/695 688/688/688
f 685/685/685 691/691/691 688/688/688
f 692/692/692 691/691/691 685/685/685
f 688/688/688 695/695/695 673/673/673
f 2595/2595/2595 2613/2613/2613 2599/2599/2599
f 2605/2605/2605 2594/2594/2594 2599/2599/2599
f 2599/2599/2599 2594/2594/2594 2595/2595/2595
f 2746/2746/2746 2725/2725/2725 2605/2605/2605
f 2605/2605/2605 2725/2725/2725 2594/2594/2594
f 2724/2724/2724 2589/2589/2589 2746/2746/2746
f 2746/2746/2746 2589/2589/2589 2725/2725/2725
f 2794/2794/2794 2796/2796/2796 2797/2797/2797
f 2724/2724/2724 2583/2583/2583 2589/2589/2589
f 2793/2793/2793 2796/2796/2796 2794/2794/2794
f 2793/2793/2793 2794/2794/2794 2795/2795/2795
f 2539/2539/2539 2575/2575/2575 2578/2578/2578
f 2756/2756/2756 2539/2539/2539 2578/2578/2578
f 2539/2539/2539 2756/2756/2756 2566/2566/2566
f 789/789/789 791/791/791 790/790/790
f 791/791/791 692/692/692 790/790/790
f 692/692/692 693/693/693 790/790/790
f 692/692/692 685/685/685 693/693/693
f 2596/2596/2596 2597/2597/2597 2595/2595/2595
f 2595/2595/2595 2597/2597/2597 2613/2613/2613
f 2593/2593/2593 2595/2595/2595 2594/2594/2594
f 2596/2596/2596 2595/2595/2595 2593/2593/2593
f 2591/2591/2591 2594/2594/2594 2725/2725/2725
f 2593/2593/2593 2594/2594/2594 2591/2591/2591
f 2588/2588/2588 2725/2725/2725 2589/2589/2589
f 2591/2591/2591 2725/2725/2725 2588/2588/2588
f 2585/2585/2585 2589/2589/2589 2583/2583/2583
f 2588/2588/2588 2589/2589/2589 2585/2585/2585
f 2583/2583/2583 2575/2575/2575 2582/2582/2582
f 2584/2584/2584 2583/2583/2583 2582/2582/2582
f 2585/2585/2585 2583/2583/2583 2584/2584/2584
f 2654/2654/2654 2584/2584/2584 2582/2582/2582
f 787/787/787 788/788/788 786/786/786
f 786/786/786 788/788/788 789/789/789
f 786/786/786 789/789/789 790/790/790
f 784/784/784 786/786/786 790/790/790
f 797/797/797 784/784/784 790/790/790
f 797/797/797 790/790/790 693/693/693
f 2596/2596/2596 2598/2598/2598 2597/2597/2597
f 4822/4822/4822 4821/4821/4821 4820/4820/4820
f 4820/4820/4820 4821/4821/4821 4818/4818/4818
f 4820/4820/4820 4818/4818/4818 4817/4817/4817
f 4818/4818/4818 4805/4805/4805 4817/4817/4817
f 2593/2593/2593 2591/2591/2591 2592/2592/2592
f 2590/2590/2590 2591/2591/2591 2588/2588/2588
f 2592/2592/2592 2591/2591/2591 2590/2590/2590
f 2587/2587/2587 2588/2588/2588 2585/2585/2585
f 2590/2590/2590 2588/2588/2588 2587/2587/2587
f 2586/2586/2586 2585/2585/2585 2584/2584/2584
f 2587/2587/2587 2585/2585/2585 2586/2586/2586
f 2584/2584/2584 2654/2654/2654 2733/2733/2733
f 4832/4832/4832 4833/4833/4833 4834/4834/4834
f 4835/4835/4835 4833/4833/4833 4832/4832/4832
f 4789/4789/4789 4725/4725/4725 4790/4790/4790
f 4751/4751/4751 4789/4789/4789 4790/4790/4790
f 4749/4749/4749 4789/4789/4789 4751/4751/4751
f 4789/4789/4789 4739/4739/4739 4741/4741/4741
f 4749/4749/4749 4739/4739/4739 4789/4789/4789
f 4741/4741/4741 4735/4735/4735 4731/4731/4731
f 4739/4739/4739 4735/4735/4735 4741/4741/4741
f 4731/4731/4731 4734/4734/4734 4732/4732/4732
f 4735/4735/4735 4734/4734/4734 4731/4731/4731
f 4732/4732/4732 4738/4738/4738 4740/4740/4740
f 4734/4734/4734 4738/4738/4738 4732/4732/4732
f 4740/4740/4740 4824/4824/4824 4774/4774/4774
f 4738/4738/4738 4824/4824/4824 4740/4740/4740
f 4774/4774/4774 4808/4808/4808 4783/4783/4783
f 4824/4824/4824 4808/4808/4808 4774/4774/4774
f 786/786/786 785/785/785 787/787/787
f 785/785/785 792/792/792 787/787/787
f 4787/4787/4787 4783/4783/4783 4808/4808/4808
f 785/785/785 786/786/786 784/784/784
f 4805/4805/4805 4806/4806/4806 4817/4817/4817
f 4806/4806/4806 4805/4805/4805 4804/4804/4804
f 4804/4804/4804 4805/4805/4805 4718/4718/4718
f 4804/4804/4804 4718/4718/4718 4713/4713/4713
f 4713/4713/4713 4718/4718/4718 4716/4716/4716
f 4713/4713/4713 4716/4716/4716 4714/4714/4714
f 4714/4714/4714 4716/4716/4716 4717/4717/4717
f 4714/4714/4714 4717/4717/4717 4724/4724/4724
f 4724/4724/4724 4717/4717/4717 4790/4790/4790
f 4724/4724/4724 4790/4790/4790 4725/4725/4725
f 2659/2659/2659 2657/2657/2657 2661/2661/2661
f 2659/2659/2659 2661/2661/2661 2667/2667/2667
f 2661/2661/2661 2729/2729/2729 2667/2667/2667
f 2858/2858/2858 2859/2859/2859 2860/2860/2860
f 4210/4210/4210 4209/4209/4209 4208/4208/4208
f 2861/2861/2861 2860/2860/2860 2859/2859/2859
f 4211/4211/4211 4208/4208/4208 4212/4212/4212
f 4211/4211/4211 4210/4210/4210 4208/4208/4208
f 3040/3040/3040 3041/3041/3041 3042/3042/3042
f 3042/3042/3042 3041/3041/3041 3043/3043/3043
f 2694/2694/2694 2689/2689/2689 2691/2691/2691
f 2697/2697/2697 2695/2695/2695 2691/2691/2691
f 2691/2691/2691 2695/2695/2695 2694/2694/2694
f 2835/2835/2835 2836/2836/2836 2833/2833/2833
f 2697/2697/2697 2734/2734/2734 2695/2695/2695
f 2652/2652/2652 2744/2744/2744 2723/2723/2723
f 2835/2835/2835 2837/2837/2837 2836/2836/2836
f 2651/2651/2651 2649/2649/2649 2652/2652/2652
f 2652/2652/2652 2649/2649/2649 2744/2744/2744
f 2650/2650/2650 2649/2649/2649 2651/2651/2651
f 2650/2650/2650 2651/2651/2651 2657/2657/2657
f 2658/2658/2658 2650/2650/2650 2657/2657/2657
f 2659/2659/2659 2658/2658/2658 2657/2657/2657
f 2658/2658/2658 2659/2659/2659 2667/2667/2667
f 2960/2960/2960 2962/2962/2962 2985/2985/2985
f 3036/3036/3036 3037/3037/3037 3031/3031/3031
f 3035/3035/3035 3034/3034/3034 3033/3033/3033
f 3034/3034/3034 3031/3031/3031 3033/3033/3033
f 3034/3034/3034 3036/3036/3036 3031/3031/3031
f 2997/2997/2997 2953/2953/2953 2959/2959/2959
f 2842/2842/2842 2843/2843/2843 2840/2840/2840
f 2840/2840/2840 2843/2843/2843 2845/2845/2845
f 2839/2839/2839 2840/2840/2840 2841/2841/2841
f 2842/2842/2842 2840/2840/2840 2839/2839/2839
f 2766/2766/2766 2695/2695/2695 2734/2734/2734
f 2839/2839/2839 2841/2841/2841 2846/2846/2846
f 2744/2744/2744 2619/2619/2619 2624/2624/2624
f 2766/2766/2766 2744/2744/2744 2624/2624/2624
f 2836/2836/2836 2837/2837/2837 2838/2838/2838
f 2619/2619/2619 2744/2744/2744 2649/2649/2649
f 2619/2619/2619 2649/2649/2649 2620/2620/2620
f 2620/2620/2620 2649/2649/2649 2650/2650/2650
f 2939/2939/2939 2997/2997/2997 2941/2941/2941
f 2946/2946/2946 2945/2945/2945 2944/2944/2944
f 2944/2944/2944 2945/2945/2945 2939/2939/2939
f 2945/2945/2945 2953/2953/2953 2939/2939/2939
f 2953/2953/2953 2997/2997/2997 2939/2939/2939
f 2946/2946/2946 2947/2947/2947 2945/2945/2945
f 2559/2559/2559 2561/2561/2561 2563/2563/2563
f 2770/2770/2770 2622/2622/2622 2563/2563/2563
f 2563/2563/2563 2622/2622/2622 2559/2559/2559
f 2568/2568/2568 2622/2622/2622 2770/2770/2770
f 2568/2568/2568 2770/2770/2770 2771/2771/2771
f 2844/2844/2844 2849/2849/2849 2843/2843/2843
f 2842/2842/2842 2844/2844/2844 2843/2843/2843
f 2844/2844/2844 2842/2842/2842 2839/2839/2839
f 2844/2844/2844 2839/2839/2839 2850/2850/2850
f 2850/2850/2850 2839/2839/2839 2846/2846/2846
f 2581/2581/2581 2766/2766/2766 2614/2614/2614
f 2614/2614/2614 2766/2766/2766 2624/2624/2624
f 2955/2955/2955 2950/2950/2950 2946/2946/2946
f 2955/2955/2955 2946/2946/2946 2944/2944/2944
f 2947/2947/2947 2946/2946/2946 2949/2949/2949
f 2949/2949/2949 2946/2946/2946 2950/2950/2950
f 2552/2552/2552 2560/2560/2560 2559/2559/2559
f 2559/2559/2559 2560/2560/2560 2561/2561/2561
f 2553/2553/2553 2559/2559/2559 2622/2622/2622
f 2552/2552/2552 2559/2559/2559 2553/2553/2553
f 2622/2622/2622 2568/2568/2568 2554/2554/2554
f 2622/2622/2622 2554/2554/2554 2553/2553/2553
f 2952/2952/2952 2951/2951/2951 2950/2950/2950
f 2955/2955/2955 2952/2952/2952 2950/2950/2950
f 2990/2990/2990 2952/2952/2952 2955/2955/2955
f 2950/2950/2950 2951/2951/2951 2949/2949/2949
f 2552/2552/2552 2705/2705/2705 2560/2560/2560
f 2552/2552/2552 2553/2553/2553 2551/2551/2551
f 2548/2548/2548 2552/2552/2552 2551/2551/2551
f 2550/2550/2550 2548/2548/2548 2551/2551/2551
f 2552/2552/2552 2548/2548/2548 2705/2705/2705
f 2551/2551/2551 2553/2553/2553 2554/2554/2554
f 707/707/707 732/732/732 708/708/708
f 707/707/707 708/708/708 706/706/706
f 730/730/730 708/708/708 731/731/731
f 731/731/731 708/708/708 732/732/732
f 2543/2543/2543 2544/2544/2544 2545/2545/2545
f 2548/2548/2548 2550/2550/2550 2549/2549/2549
f 2543/2543/2543 2548/2548/2548 2549/2549/2549
f 2789/2789/2789 2791/2791/2791 2792/2792/2792
f 2545/2545/2545 2548/2548/2548 2543/2543/2543
f 79/79/79 80/80/80 81/81/81
f 647/647/647 709/709/709 649/649/649
f 647/647/647 649/649/649 645/645/645
f 706/706/706 649/649/649 707/707/707
f 707/707/707 649/649/649 709/709/709
f 2540/2540/2540 2542/2542/2542 2543/2543/2543
f 2543/2543/2543 2542/2542/2542 2544/2544/2544
f 2789/2789/2789 2785/2785/2785 2788/2788/2788
f 2790/2790/2790 2789/2789/2789 2788/2788/2788
f 2791/2791/2791 2789/2789/2789 2790/2790/2790
f 82/82/82 80/80/80 79/79/79
f 803/803/803 806/806/806 805/805/805
f 696/696/696 691/691/691 805/805/805
f 806/806/806 696/696/696 805/805/805
f 807/807/807 696/696/696 806/806/806
f 696/696/696 648/648/648 646/646/646
f 807/807/807 648/648/648 696/696/696
f 645/645/645 646/646/646 647/647/647
f 647/647/647 646/646/646 648/648/648
f 2534/2534/2534 2566/2566/2566 2541/2541/2541
f 2542/2542/2542 2540/2540/2540 2541/2541/2541
f 2540/2540/2540 2534/2534/2534 2541/2541/2541
f 2540/2540/2540 2535/2535/2535 2534/2534/2534
f 2540/2540/2540 2656/2656/2656 2655/2655/2655
f 2540/2540/2540 2655/2655/2655 2535/2535/2535
f 803/803/803 805/805/805 796/796/796
f 803/803/803 796/796/796 795/795/795
f 692/692/692 796/796/796 691/691/691
f 691/691/691 796/796/796 805/805/805
f 2537/2537/2537 2575/2575/2575 2539/2539/2539
f 2566/2566/2566 2534/2534/2534 2539/2539/2539
f 2534/2534/2534 2537/2537/2537 2539/2539/2539
f 2534/2534/2534 2536/2536/2536 2537/2537/2537
f 2533/2533/2533 2534/2534/2534 2535/2535/2535
f 2536/2536/2536 2534/2534/2534 2533/2533/2533
f 2535/2535/2535 2655/2655/2655 2700/2700/2700
f 2535/2535/2535 2700/2700/2700 2533/2533/2533
f 795/795/795 796/796/796 791/791/791
f 789/789/789 795/795/795 791/791/791
f 793/793/793 795/795/795 789/789/789
f 791/791/791 796/796/796 692/692/692
f 2537/2537/2537 2582/2582/2582 2575/2575/2575
f 2582/2582/2582 2537/2537/2537 2654/2654/2654
f 4754/4754/4754 4750/4750/4750 4753/4753/4753
f 2537/2537/2537 2536/2536/2536 2538/2538/2538
f 2574/2574/2574 2536/2536/2536 2533/2533/2533
f 2538/2538/2538 2536/2536/2536 2574/2574/2574
f 2776/2776/2776 2779/2779/2779 2778/2778/2778
f 2777/2777/2777 2776/2776/2776 2778/2778/2778
f 2775/2775/2775 2776/2776/2776 2777/2777/2777
f 83/83/83 84/84/84 85/85/85
f 4798/4798/4798 4797/4797/4797 4799/4799/4799
f 4796/4796/4796 4800/4800/4800 4799/4799/4799
f 4796/4796/4796 4799/4799/4799 4797/4797/4797
f 4801/4801/4801 4802/4802/4802 4800/4800/4800
f 4796/4796/4796 4801/4801/4801 4800/4800/4800
f 4794/4794/4794 4801/4801/4801 4796/4796/4796
f 789/789/789 788/788/788 793/793/793
f 793/793/793 788/788/788 794/794/794
f 4750/4750/4750 4751/4751/4751 4753/4753/4753
f 4751/4751/4751 4750/4750/4750 4749/4749/4749
f 4749/4749/4749 4750/4750/4750 4746/4746/4746
f 4749/4749/4749 4746/4746/4746 4739/4739/4739
f 4739/4739/4739 4746/4746/4746 4742/4742/4742
f 4772/4772/4772 4737/4737/4737 4742/4742/4742
f 4737/4737/4737 4739/4739/4739 4742/4742/4742
f 4737/4737/4737 4735/4735/4735 4739/4739/4739
f 4735/4735/4735 4736/4736/4736 4734/4734/4734
f 4737/4737/4737 4736/4736/4736 4735/4735/4735
f 4734/4734/4734 4752/4752/4752 4738/4738/4738
f 4736/4736/4736 4752/4752/4752 4734/4734/4734
f 4799/4799/4799 4824/4824/4824 4798/4798/4798
f 4836/4836/4836 4837/4837/4837 4838/4838/4838
f 4824/4824/4824 4738/4738/4738 4752/4752/4752
f 4824/4824/4824 4799/4799/4799 4808/4808/4808
f 4808/4808/4808 4799/4799/4799 4800/4800/4800
f 4808/4808/4808 4800/4800/4800 4802/4802/4802
f 2730/2730/2730 2667/2667/2667 2729/2729/2729
f 1078/1078/1078 1079/1079/1079 1077/1077/1077
f 1079/1079/1079 1080/1080/1080 1077/1077/1077
f 1079/1079/1079 1082/1082/1082 1080/1080/1080
f 4213/4213/4213 4210/4210/4210 4211/4211/4211
f 4213/4213/4213 4214/4214/4214 4210/4210/4210
f 2988/2988/2988 2962/2962/2962 2967/2967/2967
f 2967/2967/2967 2962/2962/2962 2963/2963/2963
f 2660/2660/2660 2650/2650/2650 2658/2658/2658
f 2735/2735/2735 2660/2660/2660 2658/2658/2658
f 2735/2735/2735 2658/2658/2658 2667/2667/2667
f 2731/2731/2731 2735/2735/2735 2667/2667/2667
f 2730/2730/2730 2731/2731/2731 2667/2667/2667
f 1076/1076/1076 1078/1078/1078 1077/1077/1077
f 2961/2961/2961 2963/2963/2963 2962/2962/2962
f 2961/2961/2961 2962/2962/2962 2960/2960/2960
f 2958/2958/2958 2960/2960/2960 2959/2959/2959
f 2958/2958/2958 2961/2961/2961 2960/2960/2960
f 2959/2959/2959 2953/2953/2953 2958/2958/2958
f 2958/2958/2958 2953/2953/2953 2957/2957/2957
f 2615/2615/2615 2624/2624/2624 2619/2619/2619
f 2620/2620/2620 2618/2618/2618 2619/2619/2619
f 2619/2619/2619 2618/2618/2618 2615/2615/2615
f 1038/1038/1038 1049/1049/1049 1047/1047/1047
f 1038/1038/1038 1047/1047/1047 1039/1039/1039
f 1037/1037/1037 1038/1038/1038 1039/1039/1039
f 2660/2660/2660 2699/2699/2699 2650/2650/2650
f 2699/2699/2699 2660/2660/2660 2735/2735/2735
f 2948/2948/2948 2957/2957/2957 2953/2953/2953
f 2948/2948/2948 2953/2953/2953 2945/2945/2945
f 2945/2945/2945 2947/2947/2947 2948/2948/2948
f 2948/2948/2948 2947/2947/2947 2954/2954/2954
f 2556/2556/2556 2568/2568/2568 2621/2621/2621
f 2581/2581/2581 2562/2562/2562 2621/2621/2621
f 2621/2621/2621 2562/2562/2562 2556/2556/2556
f 2614/2614/2614 2580/2580/2580 2581/2581/2581
f 2581/2581/2581 2580/2580/2580 2562/2562/2562
f 2624/2624/2624 2615/2615/2615 2614/2614/2614
f 2615/2615/2615 2580/2580/2580 2614/2614/2614
f 2615/2615/2615 2616/2616/2616 2580/2580/2580
f 2617/2617/2617 2615/2615/2615 2618/2618/2618
f 2616/2616/2616 2615/2615/2615 2617/2617/2617
f 1049/1049/1049 1038/1038/1038 1042/1042/1042
f 1049/1049/1049 1042/1042/1042 1048/1048/1048
f 2949/2949/2949 2954/2954/2954 2947/2947/2947
f 2949/2949/2949 2973/2973/2973 2954/2954/2954
f 2555/2555/2555 2554/2554/2554 2556/2556/2556
f 2556/2556/2556 2554/2554/2554 2568/2568/2568
f 2557/2557/2557 2556/2556/2556 2562/2562/2562
f 2555/2555/2555 2556/2556/2556 2557/2557/2557
f 2577/2577/2577 2562/2562/2562 2580/2580/2580
f 2557/2557/2557 2562/2562/2562 2577/2577/2577
f 2648/2648/2648 2580/2580/2580 2616/2616/2616
f 2577/2577/2577 2580/2580/2580 2648/2648/2648
f 2824/2824/2824 2832/2832/2832 2820/2820/2820
f 2823/2823/2823 2824/2824/2824 2820/2820/2820
f 2616/2616/2616 2617/2617/2617 2648/2648/2648
f 1044/1044/1044 1048/1048/1048 1042/1042/1042
f 2952/2952/2952 2956/2956/2956 2951/2951/2951
f 733/733/733 735/735/735 741/741/741
f 735/735/735 740/740/740 741/741/741
f 735/735/735 739/739/739 740/740/740
f 2567/2567/2567 2550/2550/2550 2551/2551/2551
f 2554/2554/2554 2555/2555/2555 2551/2551/2551
f 2555/2555/2555 2567/2567/2567 2551/2551/2551
f 2555/2555/2555 2558/2558/2558 2567/2567/2567
f 2557/2557/2557 2623/2623/2623 2571/2571/2571
f 2558/2558/2558 2557/2557/2557 2571/2571/2571
f 2555/2555/2555 2557/2557/2557 2558/2558/2558
f 2623/2623/2623 2557/2557/2557 2577/2577/2577
f 2623/2623/2623 2577/2577/2577 2764/2764/2764
f 2764/2764/2764 2577/2577/2577 2648/2648/2648
f 2764/2764/2764 2648/2648/2648 2765/2765/2765
f 2822/2822/2822 2823/2823/2823 2820/2820/2820
f 710/710/710 774/774/774 732/732/732
f 710/710/710 732/732/732 707/707/707
f 731/731/731 732/732/732 733/733/733
f 732/732/732 734/734/734 733/733/733
f 732/732/732 774/774/774 734/734/734
f 733/733/733 734/734/734 735/735/735
f 2567/2567/2567 2549/2549/2549 2550/2550/2550
f 2549/2549/2549 2567/2567/2567 2743/2743/2743
f 2567/2567/2567 2768/2768/2768 2743/2743/2743
f 2567/2567/2567 2558/2558/2558 2768/2768/2768
f 2558/2558/2558 2571/2571/2571 2573/2573/2573
f 2558/2558/2558 2573/2573/2573 2768/2768/2768
f 1001/1001/1001 996/996/996 1000/1000/1000
f 994/994/994 1007/1007/1007 1000/1000/1000
f 994/994/994 1000/1000/1000 996/996/996
f 993/993/993 1010/1010/1010 1007/1007/1007
f 993/993/993 1007/1007/1007 994/994/994
f 709/709/709 647/647/647 802/802/802
f 804/804/804 709/709/709 802/802/802
f 711/711/711 709/709/709 804/804/804
f 707/707/707 709/709/709 710/710/710
f 710/710/710 709/709/709 711/711/711
f 2786/2786/2786 2788/2788/2788 2785/2785/2785
f 2781/2781/2781 2786/2786/2786 2785/2785/2785
f 2781/2781/2781 2785/2785/2785 2782/2782/2782
f 2780/2780/2780 2781/2781/2781 2782/2782/2782
f 2783/2783/2783 2780/2780/2780 2782/2782/2782
f 2653/2653/2653 2768/2768/2768 2573/2573/2573
f 1004/1004/1004 1003/1003/1003 1002/1002/1002
f 1002/1002/1002 1003/1003/1003 1001/1001/1001
f 1002/1002/1002 1001/1001/1001 1000/1000/1000
f 803/803/803 809/809/809 808/808/808
f 806/806/806 803/803/803 808/808/808
f 806/806/806 808/808/808 807/807/807
f 1008/1008/1008 1000/1000/1000 1007/1007/1007
f 1008/1008/1008 1007/1007/1007 1009/1009/1009
f 1009/1009/1009 1007/1007/1007 1010/1010/1010
f 648/648/648 802/802/802 647/647/647
f 2801/2801/2801 2802/2802/2802 2803/2803/2803
f 2685/2685/2685 2655/2655/2655 2656/2656/2656
f 2786/2786/2786 2781/2781/2781 2787/2787/2787
f 2685/2685/2685 2645/2645/2645 2646/2646/2646
f 1004/1004/1004 1002/1002/1002 1006/1006/1006
f 1004/1004/1004 1006/1006/1006 1015/1015/1015
f 1012/1012/1012 1006/1006/1006 1011/1011/1011
f 1011/1011/1011 1006/1006/1006 1002/1002/1002
f 2647/2647/2647 2700/2700/2700 2646/2646/2646
f 2801/2801/2801 2804/2804/2804 2802/2802/2802
f 2646/2646/2646 2645/2645/2645 2644/2644/2644
f 2646/2646/2646 2644/2644/2644 2647/2647/2647
f 4765/4765/4765 4766/4766/4766 4769/4769/4769
f 4768/4768/4768 4791/4791/4791 4769/4769/4769
f 4768/4768/4768 4769/4769/4769 4766/4766/4766
f 4791/4791/4791 4768/4768/4768 4771/4771/4771
f 4792/4792/4792 4791/4791/4791 4771/4771/4771
f 4793/4793/4793 4791/4791/4791 4792/4792/4792
f 1014/1014/1014 1013/1013/1013 1012/1012/1012
f 1012/1012/1012 1013/1013/1013 1006/1006/1006
f 4760/4760/4760 4759/4759/4759 4761/4761/4761
f 4756/4756/4756 4747/4747/4747 4772/4772/4772
f 4756/4756/4756 4772/4772/4772 4759/4759/4759
f 4758/4758/4758 4756/4756/4756 4759/4759/4759
f 4760/4760/4760 4758/4758/4758 4759/4759/4759
f 4755/4755/4755 4748/4748/4748 4747/4747/4747
f 4755/4755/4755 4747/4747/4747 4756/4756/4756
f 4763/4763/4763 4819/4819/4819 4748/4748/4748
f 4763/4763/4763 4748/4748/4748 4755/4755/4755
f 4819/4819/4819 4763/4763/4763 4765/4765/4765
f 4819/4819/4819 4765/4765/4765 4769/4769/4769
f 4798/4798/4798 4819/4819/4819 4769/4769/4769
f 4797/4797/4797 4798/4798/4798 4769/4769/4769
f 4797/4797/4797 4769/4769/4769 4796/4796/4796
f 4796/4796/4796 4769/4769/4769 4791/4791/4791
f 4796/4796/4796 4791/4791/4791 4794/4794/4794
f 4794/4794/4794 4791/4791/4791 4793/4793/4793
f 4794/4794/4794 4793/4793/4793 4795/4795/4795
f 4747/4747/4747 4737/4737/4737 4772/4772/4772
f 4737/4737/4737 4747/4747/4747 4736/4736/4736
f 4736/4736/4736 4747/4747/4747 4748/4748/4748
f 4736/4736/4736 4748/4748/4748 4752/4752/4752
f 4752/4752/4752 4748/4748/4748 4819/4819/4819
f 4837/4837/4837 4839/4839/4839 4838/4838/4838
f 1075/1075/1075 1063/1063/1063 1080/1080/1080
f 1080/1080/1080 1063/1063/1063 1077/1077/1077
f 4215/4215/4215 4214/4214/4214 4213/4213/4213
f 4215/4215/4215 4229/4229/4229 4214/4214/4214
f 2964/2964/2964 2965/2965/2965 2963/2963/2963
f 2965/2965/2965 2967/2967/2967 2963/2963/2963
f 4216/4216/4216 4215/4215/4215 4213/4213/4213
f 2964/2964/2964 2966/2966/2966 2965/2965/2965
f 1062/1062/1062 1071/1071/1071 1076/1076/1076
f 1076/1076/1076 1071/1071/1071 1081/1081/1081
f 1076/1076/1076 1077/1077/1077 1063/1063/1063
f 1076/1076/1076 1063/1063/1063 1062/1062/1062
f 2961/2961/2961 2964/2964/2964 2963/2963/2963
f 2968/2968/2968 2966/2966/2966 2964/2964/2964
f 2961/2961/2961 2968/2968/2968 2964/2964/2964
f 2958/2958/2958 2968/2968/2968 2961/2961/2961
f 2958/2958/2958 2957/2957/2957 2968/2968/2968
f 2968/2968/2968 2957/2957/2957 2998/2998/2998
f 1040/1040/1040 1038/1038/1038 1037/1037/1037
f 1055/1055/1055 1040/1040/1040 1037/1037/1037
f 1081/1081/1081 1055/1055/1055 1037/1037/1037
f 1071/1071/1071 1055/1055/1055 1081/1081/1081
f 2987/2987/2987 2998/2998/2998 2957/2957/2957
f 2987/2987/2987 2957/2957/2957 2948/2948/2948
f 2948/2948/2948 2954/2954/2954 2987/2987/2987
f 2987/2987/2987 2954/2954/2954 2974/2974/2974
f 1054/1054/1054 1041/1041/1041 1040/1040/1040
f 1041/1041/1041 1038/1038/1038 1040/1040/1040
f 1041/1041/1041 1042/1042/1042 1038/1038/1038
f 1054/1054/1054 1040/1040/1040 1055/1055/1055
f 2973/2973/2973 2974/2974/2974 2954/2954/2954
f 2973/2973/2973 2975/2975/2975 2974/2974/2974
f 2821/2821/2821 2820/2820/2820 2832/2832/2832
f 2831/2831/2831 2821/2821/2821 2832/2832/2832
f 1042/1042/1042 1043/1043/1043 1044/1044/1044
f 1041/1041/1041 1043/1043/1043 1042/1042/1042
f 735/735/735 738/738/738 739/739/739
f 735/735/735 736/736/736 738/738/738
f 2579/2579/2579 2571/2571/2571 2623/2623/2623
f 2764/2764/2764 2773/2773/2773 2623/2623/2623
f 2623/2623/2623 2773/2773/2773 2579/2579/2579
f 2822/2822/2822 2825/2825/2825 2826/2826/2826
f 2826/2826/2826 2825/2825/2825 2827/2827/2827
f 2820/2820/2820 2821/2821/2821 2822/2822/2822
f 2821/2821/2821 2825/2825/2825 2822/2822/2822
f 2821/2821/2821 2828/2828/2828 2825/2825/2825
f 2821/2821/2821 2831/2831/2831 2830/2830/2830
f 2829/2829/2829 2821/2821/2821 2830/2830/2830
f 2828/2828/2828 2821/2821/2821 2829/2829/2829
f 2740/2740/2740 2739/2739/2739 2738/2738/2738
f 2740/2740/2740 2738/2738/2738 2741/2741/2741
f 998/998/998 992/992/992 995/995/995
f 998/998/998 995/995/995 999/999/999
f 991/991/991 990/990/990 992/992/992
f 991/991/991 992/992/992 998/998/998
f 988/988/988 990/990/990 991/991/991
f 798/798/798 800/800/800 774/774/774
f 798/798/798 774/774/774 710/710/710
f 774/774/774 737/737/737 734/734/734
f 800/800/800 737/737/737 774/774/774
f 735/735/735 734/734/734 736/736/736
f 736/736/736 734/734/734 737/737/737
f 2625/2625/2625 2573/2573/2573 2579/2579/2579
f 2579/2579/2579 2573/2573/2573 2571/2571/2571
f 2626/2626/2626 2579/2579/2579 2773/2773/2773
f 2625/2625/2625 2579/2579/2579 2626/2626/2626
f 2629/2629/2629 2773/2773/2773 2632/2632/2632
f 2626/2626/2626 2773/2773/2773 2629/2629/2629
f 2631/2631/2631 2632/2632/2632 2639/2639/2639
f 2629/2629/2629 2632/2632/2632 2631/2631/2631
f 2640/2640/2640 2639/2639/2639 2738/2738/2738
f 2631/2631/2631 2639/2639/2639 2640/2640/2640
f 1001/1001/1001 997/997/997 996/996/996
f 997/997/997 995/995/995 996/996/996
f 2640/2640/2640 2738/2738/2738 2739/2739/2739
f 996/996/996 995/995/995 994/994/994
f 994/994/994 995/995/995 992/992/992
f 994/994/994 992/992/992 993/993/993
f 993/993/993 992/992/992 990/990/990
f 988/988/988 989/989/989 990/990/990
f 989/989/989 993/993/993 990/990/990
f 799/799/799 711/711/711 804/804/804
f 710/710/710 711/711/711 798/798/798
f 798/798/798 711/711/711 799/799/799
f 2784/2784/2784 2781/2781/2781 2780/2780/2780
f 2573/2573/2573 2625/2625/2625 2653/2653/2653
f 2625/2625/2625 2759/2759/2759 2653/2653/2653
f 2625/2625/2625 2641/2641/2641 2759/2759/2759
f 2627/2627/2627 2625/2625/2625 2626/2626/2626
f 2641/2641/2641 2625/2625/2625 2627/2627/2627
f 2628/2628/2628 2626/2626/2626 2629/2629/2629
f 2627/2627/2627 2626/2626/2626 2628/2628/2628
f 2630/2630/2630 2629/2629/2629 2631/2631/2631
f 2628/2628/2628 2629/2629/2629 2630/2630/2630
f 1004/1004/1004 1005/1005/1005 1003/1003/1003
f 1005/1005/1005 997/997/997 1003/1003/1003
f 2630/2630/2630 2631/2631/2631 2640/2640/2640
f 1003/1003/1003 997/997/997 1001/1001/1001
f 2642/2642/2642 2645/2645/2645 2759/2759/2759
f 2759/2759/2759 2645/2645/2645 2767/2767/2767
f 2636/2636/2636 2759/2759/2759 2641/2641/2641
f 2642/2642/2642 2759/2759/2759 2636/2636/2636
f 2634/2634/2634 2641/2641/2641 2627/2627/2627
f 2636/2636/2636 2641/2641/2641 2634/2634/2634
f 2633/2633/2633 2627/2627/2627 2628/2628/2628
f 2634/2634/2634 2627/2627/2627 2633/2633/2633
f 2638/2638/2638 2628/2628/2628 2630/2630/2630
f 2633/2633/2633 2628/2628/2628 2638/2638/2638
f 2762/2762/2762 2638/2638/2638 2761/2761/2761
f 2761/2761/2761 2638/2638/2638 2630/2630/2630
f 2643/2643/2643 2644/2644/2644 2642/2642/2642
f 2642/2642/2642 2644/2644/2644 2645/2645/2645
f 2637/2637/2637 2642/2642/2642 2636/2636/2636
f 2643/2643/2643 2642/2642/2642 2637/2637/2637
f 2635/2635/2635 2636/2636/2636 2634/2634/2634
f 2637/2637/2637 2636/2636/2636 2635/2635/2635
f 4765/4765/4765 4764/4764/4764 4766/4766/4766
f 4764/4764/4764 4767/4767/4767 4766/4766/4766
f 2635/2635/2635 2634/2634/2634 2633/2633/2633
f 4766/4766/4766 4767/4767/4767 4768/4768/4768
f 4768/4768/4768 4767/4767/4767 4770/4770/4770
f 4768/4768/4768 4770/4770/4770 4771/4771/4771
f 4757/4757/4757 4756/4756/4756 4758/4758/4758
f 4756/4756/4756 4757/4757/4757 4755/4755/4755
f 4755/4755/4755 4757/4757/4757 4762/4762/4762
f 4755/4755/4755 4762/4762/4762 4763/4763/4763
f 4763/4763/4763 4762/4762/4762 4764/4764/4764
f 4763/4763/4763 4764/4764/4764 4765/4765/4765
f 1072/1072/1072 1064/1064/1064 1075/1075/1075
f 1075/1075/1075 1064/1064/1064 1063/1063/1063
f 4217/4217/4217 4229/4229/4229 4215/4215/4215
f 1083/1083/1083 1072/1072/1072 1075/1075/1075
f 4219/4219/4219 4217/4217/4217 4218/4218/4218
f 4217/4217/4217 4216/4216/4216 4218/4218/4218
f 4217/4217/4217 4215/4215/4215 4216/4216/4216
f 4222/4222/4222 4218/4218/4218 4216/4216/4216
f 1058/1058/1058 1071/1071/1071 1062/1062/1062
f 1059/1059/1059 1058/1058/1058 1062/1062/1062
f 1063/1063/1063 1059/1059/1059 1062/1062/1062
f 1064/1064/1064 1059/1059/1059 1063/1063/1063
f 4220/4220/4220 4219/4219/4219 4218/4218/4218
f 4220/4220/4220 4218/4218/4218 4222/4222/4222
f 4223/4223/4223 4220/4220/4220 4222/4222/4222
f 4224/4224/4224 4220/4220/4220 4223/4223/4223
f 2968/2968/2968 2998/2998/2998 2999/2999/2999
f 3047/3047/3047 3048/3048/3048 3049/3049/3049
f 1057/1057/1057 1068/1068/1068 1058/1058/1058
f 1068/1068/1068 1071/1071/1071 1058/1058/1058
f 1068/1068/1068 1055/1055/1055 1071/1071/1071
f 1057/1057/1057 1058/1058/1058 1059/1059/1059
f 2978/2978/2978 2980/2980/2980 2998/2998/2998
f 3044/3044/3044 3045/3045/3045 3046/3046/3046
f 2987/2987/2987 2974/2974/2974 2978/2978/2978
f 2978/2978/2978 2974/2974/2974 2976/2976/2976
f 1045/1045/1045 1041/1041/1041 1054/1054/1054
f 1073/1073/1073 1045/1045/1045 1054/1054/1054
f 1055/1055/1055 1073/1073/1073 1054/1054/1054
f 1068/1068/1068 1073/1073/1073 1055/1055/1055
f 2975/2975/2975 2976/2976/2976 2974/2974/2974
f 2975/2975/2975 2977/2977/2977 2976/2976/2976
f 1046/1046/1046 1043/1043/1043 1045/1045/1045
f 1045/1045/1045 1043/1043/1043 1041/1041/1041
f 1045/1045/1045 1073/1073/1073 1050/1050/1050
f 1045/1045/1045 1050/1050/1050 1046/1046/1046
f 979/979/979 978/978/978 980/980/980
f 978/978/978 982/982/982 980/980/980
f 982/982/982 983/983/983 980/980/980
f 775/775/775 738/738/738 736/736/736
f 1046/1046/1046 1051/1051/1051 1043/1043/1043
f 1050/1050/1050 1052/1052/1052 1046/1046/1046
f 1052/1052/1052 1051/1051/1051 1046/1046/1046
f 1052/1052/1052 1056/1056/1056 1051/1051/1051
f 999/999/999 976/976/976 998/998/998
f 977/977/977 976/976/976 999/999/999
f 998/998/998 973/973/973 991/991/991
f 976/976/976 973/973/973 998/998/998
f 975/975/975 986/986/986 988/988/988
f 991/991/991 975/975/975 988/988/988
f 973/973/973 975/975/975 991/991/991
f 800/800/800 798/798/798 810/810/810
f 975/975/975 984/984/984 986/986/986
f 974/974/974 984/984/984 975/975/975
f 980/980/980 981/981/981 979/979/979
f 981/981/981 974/974/974 979/979/979
f 981/981/981 984/984/984 974/974/974
f 981/981/981 980/980/980 983/983/983
f 986/986/986 989/989/989 988/988/988
f 799/799/799 810/810/810 798/798/798
f 1067/1067/1067 1064/1064/1064 1072/1072/1072
f 1083/1083/1083 1084/1084/1084 1072/1072/1072
f 1072/1072/1072 1084/1084/1084 1067/1067/1067
f 4219/4219/4219 4221/4221/4221 4217/4217/4217
f 1070/1070/1070 1065/1065/1065 1067/1067/1067
f 1065/1065/1065 1064/1064/1064 1067/1067/1067
f 1065/1065/1065 1059/1059/1059 1064/1064/1064
f 1070/1070/1070 1067/1067/1067 1084/1084/1084
f 1070/1070/1070 1084/1084/1084 1086/1086/1086
f 961/961/961 962/962/962 960/960/960
f 4226/4226/4226 4230/4230/4230 4220/4220/4220
f 4230/4230/4230 4221/4221/4221 4220/4220/4220
f 4221/4221/4221 4219/4219/4219 4220/4220/4220
f 4224/4224/4224 4225/4225/4225 4220/4220/4220
f 4220/4220/4220 4225/4225/4225 4226/4226/4226
f 4227/4227/4227 4225/4225/4225 4224/4224/4224
f 1061/1061/1061 1068/1068/1068 1057/1057/1057
f 1060/1060/1060 1061/1061/1061 1057/1057/1057
f 1059/1059/1059 1060/1060/1060 1057/1057/1057
f 1065/1065/1065 1060/1060/1060 1059/1059/1059
f 961/961/961 960/960/960 958/958/958
f 961/961/961 958/958/958 955/955/955
f 959/959/959 960/960/960 965/965/965
f 958/958/958 960/960/960 959/959/959
f 2978/2978/2978 2979/2979/2979 2980/2980/2980
f 4228/4228/4228 4225/4225/4225 4227/4227/4227
f 968/968/968 959/959/959 965/965/965
f 2976/2976/2976 2979/2979/2979 2978/2978/2978
f 1074/1074/1074 1073/1073/1073 1061/1061/1061
f 1061/1061/1061 1073/1073/1073 1068/1068/1068
f 967/967/967 987/987/987 966/966/966
f 950/950/950 967/967/967 966/966/966
f 953/953/953 967/967/967 950/950/950
f 951/951/951 950/950/950 966/966/966
f 955/955/955 958/958/958 945/945/945
f 955/955/955 945/945/945 947/947/947
f 957/957/957 958/958/958 959/959/959
f 945/945/945 958/958/958 957/957/957
f 963/963/963 959/959/959 968/968/968
f 957/957/957 959/959/959 963/963/963
f 982/982/982 963/963/963 985/985/985
f 985/985/985 963/963/963 968/968/968
f 1053/1053/1053 1050/1050/1050 1074/1074/1074
f 1074/1074/1074 1050/1050/1050 1073/1073/1073
f 952/952/952 953/953/953 950/950/950
f 954/954/954 953/953/953 952/952/952
f 950/950/950 951/951/951 949/949/949
f 946/946/946 950/950/950 949/949/949
f 952/952/952 950/950/950 946/946/946
f 946/946/946 949/949/949 947/947/947
f 945/945/945 946/946/946 947/947/947
f 948/948/948 946/946/946 945/945/945
f 956/956/956 945/945/945 957/957/957
f 948/948/948 945/945/945 956/956/956
f 979/979/979 956/956/956 978/978/978
f 956/956/956 963/963/963 978/978/978
f 956/956/956 957/957/957 963/963/963
f 978/978/978 963/963/963 982/982/982
f 1053/1053/1053 1052/1052/1052 1050/1050/1050
f 977/977/977 954/954/954 976/976/976
f 976/976/976 954/954/954 952/952/952
f 976/976/976 952/952/952 973/973/973
f 973/973/973 952/952/952 946/946/946
f 973/973/973 946/946/946 975/975/975
f 975/975/975 946/946/946 948/948/948
f 975/975/975 948/948/948 974/974/974
f 974/974/974 948/948/948 956/956/956
f 974/974/974 956/956/956 979/979/979
f 1066/1066/1066 1065/1065/1065 1070/1070/1070
f 1086/1086/1086 1085/1085/1085 1070/1070/1070
f 1070/1070/1070 1085/1085/1085 1066/1066/1066
f 961/961/961 972/972/972 962/962/962
f 1069/1069/1069 1060/1060/1060 1066/1066/1066
f 1066/1066/1066 1060/1060/1060 1065/1065/1065
f 970/970/970 971/971/971 972/972/972
f 969/969/969 971/971/971 970/970/970
f 955/955/955 970/970/970 961/961/961
f 961/961/961 970/970/970 972/972/972
f 969/969/969 966/966/966 987/987/987
f 966/966/966 969/969/969 951/951/951
f 969/969/969 964/964/964 951/951/951
f 969/969/969 970/970/970 964/964/964
f 947/947/947 964/964/964 955/955/955
f 955/955/955 964/964/964 970/970/970
f 964/964/964 949/949/949 951/951/951
f 949/949/949 964/964/964 947/947/947
