mtllib mesh.mtl
v -0.393789 -0.119064 -0.265579
v -0.3938 -0.119053 -0.265579
v -0.393789 -0.119053 -0.26559
v -0.391848 -0.137368 -0.265579
v -0.393789 -0.119021 -0.265579
v -0.393789 -0.100737 -0.263552
v -0.228947 -0.0453284 -0.174
v -0.228947 -0.0457895 -0.174205
v -0.228855 -0.0457895 -0.174
v -0.119053 -0.0271277 -0.192316
v -0.119053 -0.0274737 -0.19224
v -0.119393 -0.0274737 -0.192316
v -0.0457895 -0.173789 -0.155684
v -0.0457895 -0.174 -0.154892
v -0.0459915 -0.174 -0.155684
v -0.100606 -0.137368 -0.137368
v -0.100737 -0.137368 -0.137416
v -0.100737 -0.137596 -0.137368
v -0.0641053 0.0091579 -0.13719
v -0.0640625 0.0091579 -0.137368
v -0.0641053 0.009152 -0.137368
v -0.100737 -0.0641032 -0.119053
v -0.100737 -0.0641053 -0.119036
v -0.100761 -0.0641053 -0.119053
v -0.00935918 0.0274736 -0.119053
v -0.0091579 0.0274736 -0.119009
v -0.0091579 0.0274366 -0.119053
v -0.356977 0.119053 -0.100737
v -0.357158 0.119053 -0.100805
v -0.357158 0.118993 -0.100737
v -0.100737 0.0091579 -0.10067
v -0.100181 0.0091579 -0.100737
v -0.100737 0.00913846 -0.100737
v 0.100737 -0.137368 -0.0644167
v 0.101043 -0.137368 -0.0641053
v 0.100737 -0.13768 -0.0641053
v -0.210632 0.0459601 -0.082421
v -0.210632 0.0457895 -0.0820686
v -0.211176 0.0457895 -0.082421
v -0.0282882 0.082421 -0.082421
v -0.0274737 0.082421 -0.0822691
v -0.0274737 0.0823215 -0.082421
v 0.155684 -0.100553 -0.0641053
v 0.155684 -0.100737 -0.0640648
v 0.155532 -0.100737 -0.0641053
v -0.082421 0.00915146 -0.0457895
v -0.082421 0.0091579 -0.0457934
v -0.100737 0.0091579 -0.0462893
v -0.0823994 0.0091579 -0.0457895
v -0.082421 0.00918567 -0.0457895
v -0.082421 0.0091579 -0.0452522
v -0.082421 -0.00894201 -0.0091579
v -0.082421 -0.0091579 -0.00937629
v -0.0821317 -0.0091579 -0.0091579
v -0.265579 0.0457895 -0.0271555
v -0.265895 0.0457895 -0.0274737
v -0.265579 0.045474 -0.0274737
v -0.247142 0.082421 -0.0091579
v -0.247263 0.082421 -0.00919151
v -0.247263 0.0823935 -0.0091579
v 0.081174 0.119053 -0.0274737
v 0.082421 0.119053 -0.02746
v 0.082421 0.11888 -0.0274737
v -0.174 0.0091579 -0.00911546
v -0.174 0.00916618 -0.0091579
v -0.173973 0.0091579 -0.0091579
v -0.0091579 -0.0824004 0.0274736
v -0.0091579 -0.082421 0.0274234
v -0.00879955 -0.082421 0.0274736
v 0.247263 -0.0821933 0.0457895
v 0.247263 -0.082421 0.0460041
v 0.247007 -0.082421 0.0457895
v -0.155684 0.00936145 0.0641053
v -0.155684 0.0091579 0.0640807
v -0.154732 0.0091579 0.0641053
v -0.0641053 0.119052 0.0641053
v -0.0641053 0.119053 0.0641026
v -0.082421 0.119053 0.0638795
v -0.0639852 0.119053 0.0641053
v 0.154694 0.119053 0.0641053
v 0.155684 0.11894 0.0641053
v 0.155684 0.119053 0.064063
v 0.15601 0.119053 0.0641053
v -0.100737 0.100737 0.082419
v -0.119053 0.082421 0.0821921
v -0.100737 0.100728 0.082421
v -0.100729 0.100737 0.082421
v -0.082421 0.11651 0.082421
v 0.155684 0.119053 0.0641525
v 0.082421 -0.0640723 0.100737
v 0.0821007 -0.0641053 0.100737
v 0.082421 -0.0641053 0.100646
v 0.0834141 -0.0641053 0.100737
v -0.0091579 -0.0456247 0.100737
v -0.0091579 -0.0457895 0.100654
v -0.00914782 -0.0457895 0.100737
v 0.0274736 -0.045689 0.119053
v 0.0274736 -0.0457895 0.119033
v 0.0278498 -0.0457895 0.119053
v 0.0827732 0.0641053 0.137368
v 0.082421 0.0641053 0.137108
v 0.082421 0.0640668 0.137368
v 0.082421 -0.0457895 0.137553
v 0.0817599 -0.0457895 0.137368
v 0.082421 -0.0459682 0.137368
v 0.100737 -0.0457534 0.155684
v 0.100737 -0.0457895 0.155483
v 0.100753 -0.0457895 0.155684
v 0.155684 0.155684 0.137427
v 0.155684 0.15572 0.137368
v 0.155641 0.155684 0.137368
v 0.155817 0.155684 0.137368
v -0.0456949 0.119053 0.174
v -0.0457895 0.119053 0.173905
v -0.0457895 0.118602 0.174
v 0.265305 0.100737 0.192316
v 0.265579 0.100435 0.192316
v 0.265579 0.100737 0.1919
v 0.320083 0.0457895 0.210632
v 0.320526 0.0457895 0.210795
v 0.320526 0.045505 0.210632
v 0.283662 0.0457895 0.247263
v 0.283895 0.0457169 0.247263
v 0.283895 0.0457895 0.246881
v 0.284391 0.0457895 0.247263
v 0.283895 0.0462059 0.247263
v 0.320526 -0.0643609 0.265579
v 0.3202 -0.0641053 0.265579
v 0.320526 -0.0641053 0.265333
v 0.265579 -0.0457895 0.283945
v 0.265529 -0.0457895 0.283895
v 0.265579 -0.0458394 0.283895
v 0.174 0.0484946 0.265579
v 0.192316 0.0457895 0.264516
v 0.192316 0.0519631 0.265579
v 0.210632 0.0641053 0.26506
v 0.204461 0.0641053 0.265579
v 0.210632 0.082421 0.265227
v 0.20945 0.082421 0.265579
v 0.210632 0.100737 0.264997
v 0.208041 0.100737 0.265579
v 0.192316 0.119053 0.265026
v 0.210632 0.0457895 0.259866
v 0.192316 0.11694 0.265579
v 0.184439 0.119053 0.265579
v 0.174 0.137368 0.264261
v 0.174 0.128781 0.265579
v 0.155684 0.119053 0.26551
v 0.155684 0.137368 0.264086
v 0.157504 0.119053 0.265579
v 0.137368 0.119053 0.264909
v 0.155684 0.118375 0.265579
v 0.137368 0.105544 0.265579
v 0.119053 0.100737 0.2641
v 0.119053 0.119053 0.263459
v 0.133302 0.100737 0.265579
v 0.137368 0.082421 0.264023
v 0.137368 0.0964451 0.265579
v 0.137368 0.137368 0.261319
v 0.119053 0.082421 0.260685
v 0.137368 0.0641053 0.258265
v 0.228947 0.0457895 0.265082
v 0.228947 0.0274736 0.262442
v 0.247263 0.0457895 0.2515
v 0.247263 0.0274736 0.260528
v 0.228947 0.0091579 0.26174
v 0.210632 0.0091579 0.258564
v 0.265579 0.0457895 0.262825
v 0.265579 0.0274736 0.261394
v 0.265579 0.0641053 0.253323
v 0.283895 0.0641053 0.261591
v 0.247263 0.0641053 0.263609
v 0.155684 0.100737 0.279737
v 0.192316 0.100737 0.281333
v 0.192316 0.082421 0.282624
v 0.192316 0.0641053 0.277752
v 0.137368 0.100737 0.269702
v 0.174 0.119053 0.275444
v 0.301251 0.082421 0.192316
v 0.302211 0.0804812 0.192316
v 0.302211 0.0815233 0.174
v 0.299599 0.082421 0.210632
v 0.302211 0.0790057 0.210632
v 0.31844 0.0641053 0.192316
v 0.319642 0.0641053 0.174
v 0.317089 0.0641053 0.210632
v 0.283895 0.0997206 0.192316
v 0.283895 0.0981988 0.210632
v 0.283895 0.0940059 0.174
v 0.290384 0.082421 0.155684
v 0.283895 0.0889267 0.155684
v 0.295699 0.082421 0.174
v 0.283895 0.0872088 0.137368
v 0.288381 0.082421 0.137368
v 0.30186 0.0641053 0.155684
v 0.301443 0.0641053 0.137368
v 0.302211 0.0641053 0.156587
v 0.302211 0.0635406 0.137368
v 0.302211 0.0639969 0.119053
v 0.319881 0.0457895 0.137368
v 0.320289 0.0457895 0.119053
v 0.302211 0.0628231 0.100737
v 0.318647 0.0457895 0.100737
v 0.302211 0.0558653 0.082421
v 0.311983 0.0457895 0.082421
v 0.317138 0.0457895 0.155684
v 0.302211 0.0607344 0.155684
v 0.302027 0.0641053 0.119053
v 0.280581 0.100737 0.155684
v 0.282418 0.100737 0.174
v 0.27636 0.119053 0.155684
v 0.282049 0.100737 0.137368
v 0.320083 0.0457895 0.210632
v 0.302211 0.0457895 0.0726538
v 0.295269 0.0457895 0.0641053
v 0.299843 0.082421 0.119053
v 0.299555 0.082421 0.100737
v 0.302107 0.0641053 0.100737
v 0.298918 0.082421 0.082421
v 0.30199 0.0641053 0.082421
v 0.299479 0.100737 0.119053
v 0.283895 0.099796 0.100737
v 0.283895 0.100737 0.10167
v 0.283407 0.100737 0.100737
v 0.302211 0.0641053 0.226026
v 0.283895 0.0592903 0.0641053
v 0.283895 0.0457895 0.0526966
v 0.283574 0.0641053 0.0641053
v 0.282557 0.0457895 0.0457895
v 0.274808 0.0641053 0.0457895
v 0.282672 0.082421 0.0641053
v 0.283895 0.0641053 0.064244
v 0.283895 0.082421 0.0666248
v 0.283895 0.0942791 0.0641053
v 0.265579 0.0733209 0.0457895
v 0.265579 0.0641053 0.0364736
v 0.263133 0.082421 0.0457895
v 0.265579 0.082421 0.0474209
v 0.247263 0.0993825 0.0457895
v 0.247263 0.082421 0.0299383
v 0.320526 0.0457895 0.210795
v 0.302211 0.0638322 0.228947
v 0.302211 -0.0091579 0.319764
v 0.303685 -0.0091579 0.320526
v 0.319512 0.0091579 0.320526
v 0.302211 0.0091579 0.3154
v 0.302211 -0.0160698 0.320526
v 0.283895 0.0091579 0.319629
v 0.302211 0.0239677 0.302211
v 0.283895 0.0265512 0.302211
v 0.266486 0.0091579 0.302211
v -0.082421 0.0641053 0.120103
v -0.082421 0.082421 0.119386
v -0.0641053 0.082421 0.120267
v -0.0641053 0.0641053 0.120934
v -0.100737 0.0641053 0.119147
v -0.100737 0.082421 0.119234
v -0.119053 0.082421 0.119205
v -0.119053 0.0714351 0.119053
v -0.137368 0.0697954 0.119053
v -0.1063 0.0641053 0.119053
v -0.082421 0.100737 0.121602
v -0.137368 0.082421 0.12128
v -0.100737 0.100737 0.124013
v -0.142985 0.0641053 0.119053
v -0.0641053 0.100737 0.130371
v -0.119053 0.100737 0.134028
v -0.100737 0.114017 0.137368
v -0.082421 0.116469 0.137368
v -0.119053 0.104025 0.137368
v -0.0641053 0.107678 0.137368
v -0.0542904 0.100737 0.137368
v -0.119053 0.0641053 0.108672
v -0.137368 0.0641053 0.11289
v -0.0459111 0.082421 0.137368
v -0.0457895 0.082421 0.137447
v -0.0641053 0.118836 0.155684
v -0.122348 0.100737 0.137368
v -0.0485221 0.0641053 0.137368
v -0.100737 0.0461122 0.137368
v -0.119053 0.0457895 0.12566
v -0.082421 0.0472149 0.137368
v -0.0641053 0.0485859 0.137368
v 0.119053 -0.128482 -0.0091579
v 0.100737 -0.136648 -0.0274737
v 0.119053 -0.135854 -0.0274737
v 0.137368 -0.136182 -0.0274737
v 0.119053 -0.134435 -0.0457895
v 0.137368 -0.134284 -0.0457895
v 0.155684 -0.13059 -0.0274737
v 0.112438 -0.137368 -0.0457895
v 0.100737 -0.137368 -0.0341585
v 0.082421 -0.135537 -0.0274737
v 0.155684 -0.119053 -0.0147787
v 0.137368 -0.119053 -0.0096156
v 0.137368 -0.118963 -0.0091579
v 0.132555 -0.119053 -0.0091579
v 0.155684 -0.118773 -0.0091579
v 0.155684 -0.117631 0.0091579
v 0.174 -0.116287 0.0091579
v 0.174 -0.106335 0.0274736
v 0.174 -0.118737 -0.0091579
v 0.167599 -0.119053 -0.0274737
v 0.174 -0.118417 -0.0274737
v 0.155684 -0.119053 -0.0398318
v 0.155684 -0.118613 -0.0457895
v 0.153059 -0.119053 -0.0457895
v 0.137368 -0.117408 -0.0641053
v 0.191934 -0.100737 0.0091579
v 0.180489 -0.100737 0.0274736
v 0.192316 -0.100513 0.0274736
v 0.174 -0.097507 0.0457895
v 0.174 -0.100737 0.0331164
v 0.192316 -0.100719 0.0091579
v 0.19224 -0.100737 -0.0091579
v 0.210632 -0.0995441 0.0457895
v 0.210632 -0.0996866 0.0274736
v 0.228947 -0.0966926 0.0457895
v 0.192316 -0.0999126 0.0457895
v 0.210632 -0.100075 0.0641053
v 0.228947 -0.0992301 0.0641053
v 0.228947 -0.0995408 0.082421
v 0.247263 -0.0971941 0.0641053
v 0.247263 -0.10059 0.082421
v 0.247263 -0.100429 0.100737
v 0.265579 -0.100478 0.100737
v 0.265579 -0.0997617 0.082421
v 0.283895 -0.0978907 0.100737
v 0.283895 -0.0975854 0.082421
v 0.283895 -0.0936249 0.119053
v 0.265579 -0.0984174 0.0641053
v 0.265579 -0.100603 0.119053
v 0.247263 -0.100431 0.119053
v 0.228947 -0.0998168 0.100737
v 0.228947 -0.099531 0.119053
v 0.192316 -0.096882 0.0641053
v 0.210632 -0.0960102 0.100737
v 0.210632 -0.0946633 0.082421
v 0.210632 -0.0944591 0.119053
v 0.192316 -0.0888419 0.119053
v 0.29927 -0.082421 0.100737
v 0.295058 -0.082421 0.119053
v 0.298954 -0.082421 0.082421
v 0.100737 -0.119668 -0.0091579
v 0.283895 -0.082421 0.130271
v 0.265579 -0.082421 0.137246
v 0.247263 -0.082421 0.137073
v 0.228947 -0.082421 0.136369
v 0.210632 -0.082421 0.131331
v 0.192316 -0.082421 0.125714
v 0.174 -0.0928626 0.119053
v 0.174 -0.082421 0.130921
v 0.155684 -0.0948519 0.119053
v 0.155684 -0.082421 0.131636
v 0.228947 -0.081359 0.137368
v 0.082421 -0.137368 -0.0290708
v 0.082421 -0.153397 -0.0457895
v 0.100737 -0.14842 -0.0457895
v 0.082421 -0.15312 -0.0641053
v 0.0641053 -0.155098 -0.0641053
v 0.0641053 -0.154087 -0.0457895
v 0.0457895 -0.155327 -0.0641053
v 0.0457895 -0.153319 -0.0457895
v 0.0274736 -0.155446 -0.0641053
v 0.0457895 -0.155684 -0.0788627
v 0.0274736 -0.155684 -0.0650633
v 0.01429 -0.155684 -0.0641053
v 0.0488847 -0.155684 -0.082421
v 0.0641053 -0.154284 -0.082421
v 0.0457895 -0.155684 -0.0860536
v 0.0457895 -0.15472 -0.100737
v 0.0413256 -0.155684 -0.100737
v 0.0274736 -0.147023 -0.0457895
v 0.0641053 -0.137368 -0.0288861
v 0.0457895 -0.137368 -0.0298478
v 0.0274736 -0.137368 -0.0361621
v 0.0274736 -0.171699 -0.082421
v 0.0091579 -0.158004 -0.0641053
v 0.0091579 -0.172995 -0.082421
v -0.0091579 -0.172113 -0.082421
v 0.0457895 -0.158707 -0.082421
v 0.0091579 -0.155684 -0.0617498
v 0.119053 -0.119053 0.000226915
v 0.100737 -0.119053 -0.00855356
v 0.137368 -0.100737 0.00908017
v 0.0091579 -0.137368 -0.047618
v -0.0091579 -0.137368 -0.0531399
v -0.0091579 -0.148629 -0.0641053
v 0.00668508 -0.155684 -0.0641053
v 0.174 -0.082421 0.107287
v 0.192316 -0.082421 0.110143
v 0.155684 -0.082421 0.106604
v 0.143181 -0.082421 0.119053
v -0.467053 0.0457895 -0.15411
v -0.483874 0.0457895 -0.137368
v -0.467053 0.0641053 -0.155167
v -0.484622 0.0641053 -0.137368
v -0.467053 0.082421 -0.155222
v -0.483731 0.082421 -0.137368
v -0.479823 0.0274736 -0.137368
v -0.467053 0.0274736 -0.149975
v -0.485368 0.0457895 -0.135275
v -0.466251 0.0641053 -0.155684
v -0.485368 0.0641053 -0.132551
v -0.501448 0.0457895 -0.119053
v -0.49859 0.0641053 -0.119053
v -0.500661 0.0274736 -0.119053
v -0.485368 0.0274736 -0.134419
v -0.461346 0.0457895 -0.155684
v -0.448737 0.0641053 -0.172813
v -0.448737 0.0457895 -0.168203
v -0.448737 0.0756773 -0.174
v -0.446585 0.0641053 -0.174
v -0.455303 0.082421 -0.174
v -0.466968 0.082421 -0.155684
v -0.455343 0.100737 -0.174
v -0.448737 0.100737 -0.180859
v -0.448737 0.082421 -0.180686
v -0.466461 0.100737 -0.155684
v -0.430421 0.0641053 -0.190088
v -0.430421 0.0480286 -0.174
v -0.485368 0.0104063 -0.119053
v -0.502737 0.0091579 -0.100737
v -0.485368 0.0091579 -0.118694
v -0.467053 0.0091579 -0.132224
v -0.467053 0.0148829 -0.137368
v -0.448737 0.0332848 -0.155684
v -0.485368 -0.00822639 -0.100737
v -0.483089 0.0091579 -0.119053
v -0.467053 -0.00406724 -0.119053
v -0.448737 0.0274736 -0.147743
v -0.445633 0.082421 -0.192316
v -0.430421 0.0672762 -0.192316
v -0.430421 0.082421 -0.207482
v -0.430421 0.100737 -0.209329
v -0.447456 0.100737 -0.192316
v -0.412105 0.082421 -0.209667
v -0.412105 0.0876278 -0.210632
v -0.424278 0.100737 -0.210632
v -0.412105 0.100737 -0.222635
v -0.430421 0.119053 -0.198771
v -0.436774 0.119053 -0.192316
v -0.412105 0.119053 -0.209392
v -0.412105 0.112831 -0.210632
v -0.430421 0.0457895 -0.162427
v -0.447624 0.119053 -0.174
v -0.467053 0.0992237 -0.137368
v -0.485368 0.0773762 -0.119053
v -0.484132 0.082421 -0.119053
v -0.448737 0.107635 -0.174
v -0.448737 0.118853 -0.155684
v -0.430421 0.125522 -0.192316
v -0.465486 0.100737 -0.137368
v -0.412105 0.136141 -0.192316
v -0.231175 0.082421 -0.119053
v -0.228947 0.0641053 -0.111437
v -0.24184 0.0641053 -0.119053
v -0.247263 0.0641053 -0.124439
v -0.247263 0.082421 -0.133458
v -0.265579 0.0641053 -0.134818
v -0.247263 0.0587119 -0.119053
v -0.228947 0.0527344 -0.100737
v -0.217825 0.0641053 -0.100737
v -0.210632 0.0459601 -0.082421
v -0.210632 0.0718244 -0.100737
v -0.210632 0.082421 -0.110844
v -0.200527 0.082421 -0.100737
v -0.228947 0.082421 -0.118807
v -0.265579 0.0483494 -0.119053
v -0.192316 0.0754129 -0.082421
v -0.192316 0.082421 -0.0877681
v -0.186982 0.082421 -0.082421
v -0.197471 0.100737 -0.100737
v -0.210632 0.100737 -0.113886
v -0.193044 0.0641053 -0.082421
v -0.210632 0.0641053 -0.0997697
v -0.230992 0.100737 -0.119053
v -0.247263 0.100737 -0.133151
v -0.188486 0.100737 -0.082421
v -0.192316 0.100737 -0.0862523
v -0.192316 0.0641053 -0.0821975
v -0.210632 0.0457895 -0.0820686
v -0.192316 0.0457895 -0.0767285
v -0.174054 0.0641053 -0.0641053
v -0.179829 0.0457895 -0.0641053
v -0.192316 0.0331443 -0.0641053
v -0.174 0.0284488 -0.0457895
v -0.210632 0.0274736 -0.0690111
v -0.211176 0.0457895 -0.082421
v -0.247263 0.0462767 -0.100737
v -0.174 0.0457895 -0.0628041
v -0.155684 0.0362416 -0.0457895
v -0.155684 0.0457895 -0.0551788
v -0.155684 0.0641053 -0.0608234
v -0.137368 0.0641053 -0.045822
v -0.137368 0.082421 -0.063143
v -0.137368 0.0421699 -0.0457895
v -0.137368 0.0457895 -0.0492352
v -0.228947 0.100737 -0.118956
v -0.265579 0.082421 -0.136392
v -0.174 0.0641053 -0.0639637
v -0.155684 0.082421 -0.0629135
v -0.174 0.0274736 -0.0444596
v -0.155684 0.0274736 -0.0379859
v -0.137368 0.0281002 -0.0274737
v -0.155684 0.0171471 -0.0274737
v -0.174 0.0109677 -0.0274737
v -0.141886 0.0274736 -0.0274737
v -0.177426 0.0274736 -0.0457895
v -0.192316 0.0274736 -0.0598724
v -0.192316 0.0136077 -0.0457895
v -0.205507 0.0274736 -0.0641053
v -0.210632 0.0226199 -0.0641053
v -0.137368 0.0274736 -0.026813
v -0.119053 0.0290449 -0.0274737
v -0.265579 0.100737 -0.13658
v -0.267999 0.100737 -0.137368
v -0.27036 0.082421 -0.137368
v -0.283895 0.082421 -0.149152
v -0.283895 0.100737 -0.151069
v -0.283895 0.0641053 -0.135711
v -0.283895 0.0704368 -0.137368
v -0.302211 0.082421 -0.154826
v -0.302211 0.0641053 -0.145143
v -0.320526 0.0641053 -0.153071
v -0.305397 0.082421 -0.155684
v -0.303442 0.100737 -0.155684
v -0.320526 0.082421 -0.169031
v -0.320526 0.100737 -0.170797
v -0.338842 0.082421 -0.173573
v -0.338842 0.0641053 -0.165487
v -0.357158 0.0641053 -0.171369
v -0.342017 0.082421 -0.174
v -0.302211 0.100737 -0.1552
v -0.338842 0.100737 -0.173856
v -0.340208 0.100737 -0.174
v -0.357158 0.082421 -0.186805
v -0.357158 0.100737 -0.188363
v -0.375474 0.082421 -0.190927
v -0.36535 0.100737 -0.192316
v -0.375474 0.0894661 -0.192316
v -0.375474 0.100737 -0.201959
v -0.393789 0.082421 -0.203762
v -0.380839 0.082421 -0.192316
v -0.393789 0.100737 -0.209591
v -0.412105 0.082421 -0.209667
v -0.398236 0.100737 -0.210632
v -0.412105 0.0876278 -0.210632
v -0.412105 0.100737 -0.222635
v -0.210632 0.0115936 -0.0457895
v -0.119053 0.0641053 -0.0498303
v -0.174 0.082421 -0.063692
v -0.174631 0.082421 -0.0641053
v -0.176105 0.100737 -0.0641053
v -0.247263 0.116403 -0.119053
v -0.357158 0.117662 -0.174
v -0.338842 0.119053 -0.171079
v -0.137368 0.100737 -0.0630903
v -0.228947 0.119053 -0.114877
v -0.357158 0.119053 -0.173407
v -0.247263 0.119053 -0.118524
v -0.393789 0.119053 -0.203809
v -0.250878 0.119053 -0.119053
v -0.265579 0.131957 -0.119053
v -0.412105 0.112831 -0.210632
v -0.412105 0.119053 -0.209392
v -0.265579 0.119053 -0.13194
v -0.283895 0.119053 -0.135603
v -0.126295 0.082421 -0.0641053
v -0.119053 0.0688395 -0.0641053
v -0.283895 0.115107 -0.137368
v -0.320526 0.117637 -0.155684
v -0.155684 0.100737 -0.0587993
v -0.302211 0.119053 -0.148458
v -0.320526 0.119053 -0.154385
v -0.359223 0.119053 -0.174
v -0.375474 0.131574 -0.174
v -0.290371 0.119053 -0.137368
v -0.302211 0.130186 -0.137368
v -0.174 0.100737 -0.0583785
v -0.375474 0.110714 -0.192316
v -0.375474 0.119053 -0.186721
v -0.382008 0.119053 -0.192316
v -0.155684 0.119053 -0.0506505
v -0.321833 0.119053 -0.155684
v -0.393789 0.130574 -0.192316
v -0.21483 0.119053 -0.100737
v -0.210632 0.11396 -0.100737
v -0.192316 0.104587 -0.082421
v -0.228947 0.133165 -0.100737
v -0.338842 0.134479 -0.155684
v -0.247263 0.136474 -0.100737
v -0.320526 0.134508 -0.137368
v -0.283895 0.1353 -0.119053
v -0.357158 0.135384 -0.155684
v -0.201813 0.119053 -0.082421
v -0.412105 0.136141 -0.192316
v -0.192316 0.117409 -0.0641053
v -0.174 0.113228 -0.0457895
v -0.210632 0.119053 -0.0912897
v -0.210632 0.127937 -0.082421
v -0.196239 0.119053 -0.0641053
v -0.448737 0.0114276 -0.100737
v -0.430975 0.0274736 -0.119053
v -0.432602 0.0274736 -0.100737
v -0.448737 0.0103099 -0.119053
v -0.430421 0.0293854 -0.100737
v -0.430421 0.0282684 -0.119053
v -0.438201 0.0274736 -0.137368
v -0.448737 0.0170977 -0.137368
v -0.430421 0.0306563 -0.137368
v -0.412105 0.0349184 -0.119053
v -0.412105 0.0360662 -0.137368
v -0.39437 0.0457895 -0.137368
v -0.395598 0.0457895 -0.119053
v -0.453448 0.0091579 -0.119053
v -0.448737 0.0274736 -0.147743
v -0.467053 0.0091579 -0.132224
v -0.430421 0.0390494 -0.155684
v -0.448737 0.0332848 -0.155684
v -0.467053 0.0148829 -0.137368
v -0.450417 0.0091579 -0.100737
v -0.467053 -0.00722557 -0.100737
v -0.467053 -0.00406724 -0.119053
v -0.412105 0.0457895 -0.148069
v -0.422759 0.0457895 -0.155684
v -0.412105 0.0473152 -0.155684
v -0.430421 0.0457895 -0.162427
v -0.430421 0.0480286 -0.174
v -0.393789 0.0458497 -0.137368
v -0.412105 0.0502373 -0.174
v -0.485368 -0.00822639 -0.100737
v -0.448737 0.0457895 -0.168203
v -0.393789 0.0459276 -0.119053
v -0.393789 0.0470731 -0.155684
v -0.393789 0.0545577 -0.174
v -0.375474 0.0485776 -0.155684
v -0.375474 0.060826 -0.174
v -0.375474 0.0471361 -0.137368
v -0.357158 0.0492834 -0.155684
v -0.357158 0.0469518 -0.137368
v -0.338842 0.0478393 -0.137368
v -0.338842 0.0543379 -0.155684
v -0.320526 0.0496087 -0.137368
v -0.320526 0.046892 -0.119053
v -0.302211 0.0468047 -0.119053
v -0.302211 0.056461 -0.137368
v -0.283895 0.0475197 -0.119053
v -0.320526 0.0641053 -0.153071
v -0.327042 0.0641053 -0.155684
v -0.357158 0.0641053 -0.171369
v -0.412105 0.0641053 -0.188635
v -0.371182 0.0641053 -0.174
v -0.338842 0.0641053 -0.165487
v -0.320526 0.0676012 -0.155684
v -0.302211 0.0641053 -0.145143
v -0.393789 0.0641053 -0.183561
v -0.375474 0.0641053 -0.177301
v -0.357158 0.0684176 -0.174
v -0.393789 0.0710125 -0.192316
v -0.412105 0.0651096 -0.192316
v -0.430421 0.0641053 -0.190088
v -0.412105 0.082421 -0.209667
v -0.393789 0.082421 -0.203762
v -0.467053 0.0274736 -0.149975
v -0.357158 0.082421 -0.186805
v -0.430421 0.082421 -0.207482
v -0.430421 0.0672762 -0.192316
v -0.375474 0.082421 -0.190927
v -0.320526 0.082421 -0.169031
v -0.380839 0.082421 -0.192316
v -0.283895 0.0460923 -0.100737
v -0.338842 0.0467926 -0.119053
v -0.265579 0.0459631 -0.100737
v -0.265579 0.0483494 -0.119053
v -0.283895 0.0641053 -0.135711
v -0.265579 0.0641053 -0.134818
v -0.294354 0.0641053 -0.137368
v -0.283895 0.0704368 -0.137368
v -0.283895 0.082421 -0.149152
v -0.247263 0.0462767 -0.100737
v -0.265579 0.0457895 -0.0997605
v -0.247263 0.0457895 -0.0999031
v -0.228947 0.0527344 -0.100737
v -0.247263 0.0296538 -0.082421
v -0.228947 0.0305438 -0.082421
v -0.228947 0.0457895 -0.0980543
v -0.265579 0.0309896 -0.082421
v -0.211176 0.0457895 -0.082421
v -0.210632 0.0459601 -0.082421
v -0.27036 0.082421 -0.137368
v -0.283895 0.0457895 -0.0875531
v -0.289892 0.0457895 -0.082421
v -0.342017 0.082421 -0.174
v -0.305397 0.082421 -0.155684
v -0.375474 0.0463764 -0.119053
v -0.357158 0.0464822 -0.119053
v -0.302211 0.0462235 -0.082421
v -0.320526 0.0471719 -0.100737
v -0.302211 0.0466647 -0.100737
v -0.338842 0.0467676 -0.100737
v -0.291636 0.0457895 -0.0641053
v -0.302211 0.0467718 -0.0641053
v -0.393789 0.0479307 -0.100737
v -0.375474 0.0504878 -0.100737
v -0.228947 0.0281927 -0.0641053
v -0.210632 0.0274736 -0.0690111
v -0.283895 0.0407833 -0.082421
v -0.320526 0.0496914 -0.082421
v -0.357158 0.049408 -0.100737
v -0.412105 0.0641053 -0.100943
v 0.0457895 0.100737 0.156518
v 0.0457895 0.101403 0.155684
v 0.0641053 0.10209 0.155684
v 0.0311233 0.100737 0.155684
v 0.0457895 0.0829824 0.174
v 0.0274736 0.082421 0.17242
v 0.0530912 0.082421 0.174
v 0.0641053 0.100737 0.156345
v 0.082421 0.101953 0.155684
v 0.0641053 0.119053 0.138739
v 0.082421 0.119053 0.138535
v 0.0913171 0.100737 0.155684
v 0.086262 0.119053 0.137368
v 0.0641053 0.082421 0.166751
v 0.082421 0.100737 0.156084
v 0.082421 0.082421 0.168678
v 0.082421 0.0777687 0.174
v 0.0641053 0.0755488 0.174
v 0.082421 0.0647663 0.192316
v 0.060571 0.119053 0.137368
v 0.100737 0.0711932 0.174
v 0.0849238 0.0641053 0.192316
v 0.0641053 0.0702847 0.192316
v 0.0457895 0.100737 0.138946
v 0.100737 0.0641053 0.177534
v 0.0899364 0.082421 0.155684
v 0.103355 0.0641053 0.174
v 0.0519703 0.082421 0.192316
v 0.338842 0.0456287 0.265579
v 0.357158 0.0444785 0.265579
v 0.338842 0.0455471 0.247263
v 0.357158 0.0441584 0.247263
v 0.357158 0.0457895 0.278726
v 0.338842 0.0457895 0.274655
v 0.320526 0.0455229 0.265579
v 0.320526 0.0457895 0.249509
v 0.321408 0.0457895 0.247263
v 0.302211 0.0457895 0.262591
v 0.362193 0.0457895 0.283895
v 0.302211 0.0453104 0.265579
v 0.338842 0.0419605 0.228947
v 0.320526 0.0457895 0.266496
v 0.302211 0.0457895 0.268926
v 0.290022 0.0457895 0.283895
v 0.284391 0.0457895 0.247263
v 0.283895 0.0457169 0.247263
v 0.283895 0.0455372 0.265579
v 0.283662 0.0457895 0.247263
v 0.320526 0.0466313 0.247263
v 0.302211 0.0578481 0.283895
v 0.338842 0.0534043 0.283895
v 0.320526 0.0616782 0.283895
v 0.357158 0.0508797 0.283895
v 0.265579 0.0274736 0.261394
v -0.283895 -0.0627836 -0.228947
v -0.283895 -0.0457895 -0.211948
v -0.302211 -0.0626574 -0.228947
v -0.302211 -0.0457895 -0.212315
v -0.275824 -0.0457895 -0.210632
v -0.320526 -0.050887 -0.228947
v -0.320526 -0.0457895 -0.224886
v -0.302211 -0.0641053 -0.231049
v -0.265579 -0.0558578 -0.210632
v -0.265579 -0.0457895 -0.200603
v -0.251219 -0.0457895 -0.192316
v -0.247263 -0.0497059 -0.192316
v -0.247263 -0.0626602 -0.210632
v -0.228947 -0.0628314 -0.192316
v -0.228947 -0.0457895 -0.174205
v -0.247263 -0.0457895 -0.18835
v -0.265579 -0.0634964 -0.228947
v -0.283895 -0.0641053 -0.234701
v -0.302211 -0.0799934 -0.247263
v -0.283895 -0.0764488 -0.247263
v -0.324637 -0.0457895 -0.228947
v -0.247263 -0.0274737 -0.177618
v -0.244608 -0.0274737 -0.174
v -0.228947 -0.0453284 -0.174
v -0.228947 -0.0274737 -0.158337
v -0.311344 -0.082421 -0.247263
v -0.262613 -0.0274737 -0.192316
v -0.265579 -0.0274737 -0.194002
v -0.283895 -0.0300484 -0.210632
v -0.283895 -0.0274737 -0.208181
v -0.286356 -0.0274737 -0.210632
v -0.227073 -0.0274737 -0.155684
v -0.263971 -0.0091579 -0.192316
v -0.302211 -0.0274737 -0.213582
v -0.228855 -0.0457895 -0.174
v -0.210632 -0.0635194 -0.174
v -0.215705 -0.0457895 -0.155684
v -0.210632 -0.0457895 -0.15065
v -0.210632 -0.0274737 -0.139177
v -0.20846 -0.0274737 -0.137368
v -0.210632 -0.0508921 -0.155684
v -0.205804 -0.0457895 -0.137368
v -0.199108 -0.0641053 -0.155684
v -0.192316 -0.0601997 -0.137368
v -0.192316 -0.0457895 -0.123792
v -0.192316 -0.0641053 -0.147752
v -0.192316 -0.0708102 -0.155684
v -0.100737 0.0461122 0.137368
v -0.119053 0.045803 0.137368
v -0.119053 0.0457895 0.12566
v -0.100737 0.0512987 0.155684
v -0.082421 0.0607373 0.155684
v -0.082421 0.0472149 0.137368
v -0.0641053 0.0485859 0.137368
v -0.0641053 0.0641053 0.154466
v -0.082421 0.0641053 0.15906
v -0.100737 0.0641053 0.168523
v -0.0755315 0.0641053 0.155684
v -0.0641053 0.082421 0.173892
v -0.0641053 0.0641828 0.155684
v -0.0560696 0.082421 0.174
v -0.082421 0.082421 0.17349
v -0.0485221 0.0641053 0.137368
v -0.0457895 0.0649081 0.155684
v -0.0457895 0.0750899 0.174
v -0.0274737 0.072336 0.174
v -0.0274737 0.0645428 0.155684
v -0.0274737 0.082421 0.184093
v -0.0457895 0.082421 0.18136
v -0.0091579 0.082421 0.175525
v -0.0091579 0.0808932 0.174
v -0.00336587 0.082421 0.174
v -0.0091579 0.0885338 0.192316
v 0.0091579 0.0826415 0.174
v -0.0274737 0.0641053 0.154263
v 0.0091579 0.0864984 0.192316
v 0.0091579 0.100737 0.206582
v -0.0091579 0.100737 0.204565
v 0.0274736 0.100737 0.205825
v 0.0274736 0.0873576 0.192316
v 0.0457895 0.100737 0.205841
v 0.0457895 0.0872812 0.192316
v 0.0274736 0.0832557 0.174
v 0.0274736 0.082421 0.17242
v 0.0457895 0.0829824 0.174
v 0.0091579 0.082421 0.173872
v -0.0264078 0.0641053 0.155684
v -0.0091579 0.0641053 0.170995
v -0.0421779 0.0641053 0.137368
v -0.115054 0.0641053 0.155684
v -0.119053 0.0641053 0.155516
v -0.137368 0.0465492 0.137368
v -0.137368 0.0641053 0.154926
v 0.0519703 0.082421 0.192316
v 0.0530912 0.082421 0.174
v 0.0641053 0.0755488 0.174
v -0.485368 0.0274736 -0.065536
v -0.502208 0.0274736 -0.082421
v -0.485368 0.0091579 -0.0771185
v -0.490521 0.0091579 -0.082421
v -0.485368 0.003869 -0.082421
v -0.485368 -0.00822639 -0.100737
v -0.502737 0.0091579 -0.100737
v -0.503528 0.0274736 -0.100737
v -0.503397 0.0457895 -0.100737
v -0.498916 0.0457895 -0.082421
v -0.500178 0.0641053 -0.100737
v -0.485368 0.0457895 -0.0687667
v -0.501448 0.0457895 -0.119053
v -0.500661 0.0274736 -0.119053
v -0.49859 0.0641053 -0.119053
v 0.113258 0.0274736 -0.0274737
v 0.100737 0.0274736 -0.043138
v 0.100737 0.0279909 -0.0457895
v 0.0996625 0.0274736 -0.0457895
v 0.082421 0.0299945 -0.0641053
v 0.119053 0.03341 -0.0274737
v 0.117816 0.0457895 -0.0457895
v 0.119053 0.0457895 -0.0402181
v -0.082421 -0.101761 -0.155684
v -0.0641053 -0.100946 -0.137368
v -0.0641053 -0.100837 -0.155684
v -0.082421 -0.101738 -0.174
v -0.054363 -0.100737 -0.155684
v -0.0641053 -0.101704 -0.174
v -0.0457895 -0.100737 -0.162605
v -0.100737 -0.104277 -0.174
v -0.0629946 -0.100737 -0.137368
v -0.0641053 -0.100737 -0.132771
v -0.082421 -0.105651 -0.137368
v -0.0728588 -0.100737 -0.119053
v -0.100737 -0.109689 -0.192316
v -0.119053 -0.109653 -0.192316
v -0.100737 -0.110042 -0.155684
v -0.0457895 -0.107064 -0.174
v -0.119053 -0.115609 -0.174
v -0.132634 -0.119053 -0.192316
v -0.0352095 -0.100737 -0.155684
v -0.0457895 -0.082421 -0.134108
v -0.0457895 -0.0836951 -0.137368
v -0.0274737 -0.082421 -0.134161
v -0.0274737 -0.0838733 -0.137368
v -0.0091579 -0.082421 -0.12953
v -0.0457895 -0.0937679 -0.155684
v -0.119053 -0.119053 -0.20362
v -0.100737 -0.119053 -0.201739
v -0.0641053 -0.119053 -0.191356
v -0.082421 -0.119053 -0.192038
v -0.0457895 -0.119053 -0.185563
v -0.0091579 -0.0914297 -0.137368
v -0.0274737 -0.100737 -0.153375
v -0.0274737 -0.101793 -0.155684
v -0.0091579 -0.100737 -0.145005
v -0.033591 -0.119053 -0.174
v -0.0274737 -0.119053 -0.171879
v -0.0861279 -0.119053 -0.192316
v -0.0091579 -0.119053 -0.157092
v -0.0091579 -0.117585 -0.155684
v 0.0017609 -0.100737 -0.137368
v 0.00446272 -0.082421 -0.119053
v 0.0091579 -0.0828373 -0.119053
v 0.0091579 -0.100737 -0.136743
v 0.0274736 -0.100737 -0.136682
v 0.0274736 -0.0830947 -0.119053
v 0.0457895 -0.100737 -0.137133
v 0.0457895 -0.0825634 -0.119053
v 0.0639526 -0.100737 -0.119053
v -0.00775433 -0.119053 -0.155684
v 0.0091579 -0.103521 -0.137368
v 0.0091579 -0.119053 -0.15056
v -0.082421 -0.137368 -0.202164
v -0.082421 -0.122495 -0.192316
v -0.100737 -0.137368 -0.210547
v 0.0224831 -0.119053 -0.137368
v -0.0091579 -0.0670763 -0.119053
v -0.0136666 -0.0641053 -0.119053
v -0.0274737 -0.0641053 -0.129937
v -0.0457895 -0.0665662 -0.119053
v -0.0507209 -0.0641053 -0.119053
v -0.0398427 -0.0641053 -0.119053
v -0.0641053 -0.0641053 -0.133961
v 0.00764179 -0.0641053 -0.100737
v -0.119053 -0.120454 -0.210632
v -0.100909 -0.137368 -0.210632
v -0.119053 -0.137368 -0.227509
v -0.137368 -0.125783 -0.228947
v -0.124206 -0.137368 -0.228947
v -0.137368 -0.137368 -0.240538
v -0.0457895 -0.0641053 -0.118455
v 0.0641053 -0.100737 -0.116514
v 0.0641053 -0.0836372 -0.100737
v 0.0812981 -0.100737 -0.100737
v 0.082421 -0.100737 -0.100438
v 0.0641053 -0.082421 -0.0988616
v 0.082421 -0.082421 -0.0955653
v 0.100737 -0.082421 -0.0931153
v 0.100737 -0.100737 -0.0980325
v 0.119053 -0.082421 -0.0914056
v 0.0457895 -0.117701 -0.137368
v 0.0471126 -0.119053 -0.137368
v 0.0457895 -0.119053 -0.138692
v 0.0444117 -0.119053 -0.137368
v -0.207142 -0.174 -0.228947
v -0.196009 -0.155684 -0.247263
v -0.204107 -0.174 -0.247263
v -0.192316 -0.155684 -0.250978
v -0.192316 -0.152012 -0.247263
v -0.192316 -0.138105 -0.228947
v -0.20994 -0.155684 -0.228947
v -0.192316 -0.174 -0.258811
v -0.210632 -0.178337 -0.247263
v -0.210632 -0.192316 -0.261068
v -0.210632 -0.175392 -0.228947
v -0.174 -0.144221 -0.247263
v -0.174 -0.155684 -0.257174
v -0.174 -0.137368 -0.235203
v -0.155684 -0.137368 -0.24469
v -0.174 -0.132872 -0.228947
v -0.178697 -0.137368 -0.228947
v -0.155684 -0.123114 -0.228947
v -0.228947 -0.181351 -0.247263
v -0.228947 -0.192316 -0.258237
v -0.241356 -0.192316 -0.247263
v -0.228947 -0.179238 -0.228947
v -0.242107 -0.192316 -0.228947
v -0.155684 -0.155684 -0.259494
v -0.155684 -0.141509 -0.247263
v -0.174 -0.174 -0.263327
v -0.192316 -0.192316 -0.262855
v -0.137368 -0.137368 -0.240538
v -0.137368 -0.125783 -0.228947
v -0.137368 -0.155684 -0.244173
v -0.143287 -0.155684 -0.247263
v -0.228947 -0.207975 -0.247263
v -0.339616 -0.119053 -0.247263
v -0.349235 -0.137368 -0.265579
v -0.338842 -0.119053 -0.262653
v -0.35549 -0.137368 -0.247263
v -0.357158 -0.139087 -0.247263
v -0.357158 -0.145199 -0.265579
v -0.338842 -0.121814 -0.265579
v -0.336263 -0.119053 -0.265579
v -0.357158 -0.137368 -0.24555
v -0.357158 -0.119053 -0.22944
v -0.375474 -0.137368 -0.232435
v -0.375474 -0.152232 -0.247263
v -0.375474 -0.153723 -0.265579
v -0.338842 -0.115499 -0.247263
v -0.324462 -0.100737 -0.247263
v -0.321248 -0.100737 -0.265579
v -0.320526 -0.0916111 -0.247263
v -0.320526 -0.082421 -0.237965
v -0.311344 -0.082421 -0.247263
v -0.304687 -0.082421 -0.265579
v -0.320526 -0.0982003 -0.265579
v -0.302211 -0.0641053 -0.231049
v -0.322876 -0.100737 -0.283895
v -0.307042 -0.082421 -0.283895
v -0.320526 -0.0958313 -0.283895
v -0.302211 -0.0804921 -0.265579
v -0.302211 -0.0799934 -0.247263
v -0.357158 -0.135312 -0.283895
v -0.340973 -0.119053 -0.283895
v -0.338842 -0.119053 -0.268674
v -0.338842 -0.117016 -0.283895
v -0.283895 -0.0764488 -0.247263
v -0.283895 -0.0742438 -0.265579
v -0.273646 -0.0641053 -0.265579
v -0.268928 -0.0641053 -0.247263
v -0.283895 -0.0641053 -0.234701
v -0.357158 -0.137368 -0.274302
v -0.375474 -0.137368 -0.281936
v -0.0281419 0.0641053 0.119053
v -0.0274737 0.0807838 0.137368
v -0.0274737 0.0647902 0.119053
v -0.0421779 0.0641053 0.137368
v -0.0091579 0.0801929 0.119053
v -0.0091579 0.082421 0.122112
v -0.02477 0.082421 0.137368
v -1.7643e-05 0.082421 0.119053
v -0.0435864 0.0457895 0.137368
v -0.0453253 0.0457895 0.119053
v -0.0457895 0.0457895 0.114691
v 0.282862 0.0091579 0.283895
v 0.283895 0.0265512 0.302211
v 0.283895 0.0101954 0.283895
v 0.266486 0.0091579 0.302211
v 0.302211 0.0239677 0.302211
v 0.228947 -0.00894892 0.0274736
v 0.228947 -0.0091579 0.0285424
v 0.220937 -0.0091579 0.0274736
v 0.210632 -0.0091579 0.0240738
v 0.266486 0.0091579 0.302211
v 0.282862 0.0091579 0.283895
v 0.283895 -0.00836027 0.302211
v -0.119053 0.0274736 0.100221
v -0.104597 0.0457895 0.100737
v -0.119053 0.0457895 0.100524
v -0.118384 0.0641053 0.100737
v -0.114393 0.0274736 0.100737
v -0.137368 0.0274736 0.0964689
v -0.137368 0.0457895 0.0987785
v -0.119053 0.0641053 0.097514
v -0.137368 0.0641053 0.0955394
v -0.119053 0.0091579 0.0909831
v -0.100737 0.0274736 0.112523
v -0.100737 0.0457895 0.103238
v 0.265829 -0.0457895 0.192316
v 0.265579 -0.0457895 0.195888
v 0.265579 -0.0449094 0.192316
v 0.265579 -0.0589821 0.210632
v 0.283895 -0.0636719 0.192316
v 0.0641053 -0.0588628 0.119053
v 0.0613359 -0.0641053 0.119053
v 0.0641053 -0.0641053 0.115025
v 0.0457895 -0.0641053 0.134557
v 0.0457895 -0.0613016 0.137368
v 0.0457895 -0.0795767 0.119053
v 0.0641053 -0.0782826 0.100737
v 0.0641053 -0.0457895 0.135574
v 0.0821007 -0.0641053 0.100737
v 0.0632651 -0.0457895 0.137368
v 0.0457895 -0.0457895 0.152891
v 0.0641053 -0.0274737 0.15428
v 0.0641053 -0.045383 0.137368
v 0.082421 -0.0641053 0.100646
v 0.082421 -0.08105 0.082421
v 0.082421 -0.0640723 0.100737
v 0.0834141 -0.0641053 0.100737
v 0.0817599 -0.0457895 0.137368
v 0.082421 -0.0583547 0.119053
v 0.082421 -0.0459682 0.137368
v 0.26191 -0.0457895 0.192316
v 0.265579 -0.0589821 0.210632
v 0.247263 -0.0587088 0.192316
v 0.265579 -0.0457895 0.195888
v 0.265579 -0.0449094 0.192316
v 0.283895 0.0462059 0.247263
v 0.283895 0.0641053 0.261591
v 0.283662 0.0457895 0.247263
v 0.265579 0.0457895 0.262825
v 0.265579 0.0274736 0.261394
v 0.283895 0.0462059 0.247263
v 0.284391 0.0457895 0.247263
v 0.283895 0.0641053 0.261591
v 0.302211 0.0457895 0.262591
v 0.283895 0.0457895 0.246881
v 0.174392 -0.0274737 0.0091579
v 0.174 -0.0274737 0.0141182
v 0.192316 -0.0112813 0.0091579
v 0.174 -0.0199431 0.0274736
v 0.169275 -0.0274737 0.0274736
v 0.156588 -0.0457895 0.0091579
v 0.192316 -0.0091579 0.0205696
v 0.174 -0.0276446 0.0091579
v 0.192316 -0.0274737 -0.00745749
v 0.183444 -0.0091579 0.0274736
v 0.174 -0.0181239 0.0457895
v 0.178977 -0.0091579 0.0457895
v 0.156808 -0.0457895 0.0274736
v 0.156178 -0.0457895 0.0457895
v 0.165893 -0.0274737 0.0457895
v 0.156197 -0.0457895 0.0641053
v 0.155684 -0.0484625 0.0274736
v 0.155684 -0.0457895 0.00734168
v 0.174 -0.0091579 0.0505539
v 0.192316 -0.0278006 -0.0091579
v 0.157419 -0.0641053 0.0457895
v 0.155684 -0.0299786 -0.0091579
v 0.138958 -0.0457895 -0.0091579
v 0.13956 -0.0457895 -0.0274737
v 0.155684 -0.0313575 -0.0274737
v 0.151379 -0.0457895 -0.0457895
v 0.155684 -0.0415277 -0.0457895
v 0.174 -0.0275639 -0.0091579
v 0.174 -0.0282722 -0.0274737
v 0.155684 -0.0457895 -0.0500846
v 0.210632 -0.0091579 0.0240738
v 0.210632 -0.0142645 0.0091579
v 0.220937 -0.0091579 0.0274736
v 0.282862 0.0091579 0.283895
v 0.265579 -0.0091579 0.296256
v 0.283895 -0.00836027 0.302211
v 0.265579 0.00324589 0.283895
v 0.265579 0.0091579 0.279501
v 0.265579 0.0234535 0.265579
v 0.283895 0.0101954 0.283895
v 0.250055 0.0091579 0.265579
v 0.247263 0.0091579 0.263796
v 0.265579 0.0274736 0.261394
v 0.252669 -0.0091579 0.283895
v 0.247263 0.0025059 0.265579
v 0.247263 -0.0091579 0.275324
v 0.23824 -0.0091579 0.265579
v 0.230527 -0.0091579 0.247263
v 0.265579 -0.0274737 0.298381
v 0.265837 0.0274736 0.265579
v 0.251431 -0.0274737 0.283895
v 0.283895 0.0274736 0.283607
v 0.283895 0.0455372 0.265579
v 0.228947 0.0091579 0.26174
v 0.247263 -0.0274737 0.273902
v 0.23905 -0.0274737 0.265579
v 0.247263 0.0274736 0.260528
v 0.302211 0.0453104 0.265579
v 0.23268 -0.0274737 0.247263
v 0.228947 -0.0274737 0.231428
v 0.228947 -0.0091579 0.244642
v 0.228947 -0.0299557 0.228947
v 0.247263 -0.0356765 0.265579
v 0.228947 -0.00598067 0.247263
v 0.265579 -0.0457895 0.283945
v 0.265529 -0.0457895 0.283895
v 0.25458 -0.0457895 0.265579
v 0.282484 -0.0274737 0.302211
v 0.338842 -0.0457895 0.229462
v 0.338842 -0.0640028 0.247263
v 0.320526 -0.0457895 0.231308
v 0.320526 -0.060304 0.247263
v 0.356613 -0.0457895 0.247263
v 0.338842 -0.0362571 0.228947
v 0.283895 -0.0457895 0.216315
v 0.302211 -0.0453049 0.210632
v 0.302211 -0.0457895 0.21339
v 0.283895 -0.0450814 0.210632
v 0.302211 -0.0414327 0.192316
v 0.320526 -0.0456386 0.228947
v 0.316349 -0.0457895 0.228947
v 0.281921 -0.0457895 0.210632
v 0.320526 -0.0336024 0.210632
v 0.302211 -0.0577739 0.228947
v 0.316464 -0.0274737 0.192316
v 0.326683 -0.0274737 0.210632
v 0.338842 -0.0274737 0.2207
v 0.348744 -0.0274737 0.228947
v 0.357158 -0.0343703 0.247263
v 0.357158 -0.0274737 0.23902
v 0.320526 -0.0274737 0.20408
v 0.363819 -0.0274737 0.247263
v 0.374201 -0.0091579 0.228947
v 0.357158 -0.0457895 0.263426
v 0.359288 -0.0457895 0.265579
v 0.357158 -0.0478238 0.265579
v 0.323666 -0.0091579 0.192316
v 0.320526 -0.0125768 0.192316
v 0.357158 -0.0641053 0.27653
v 0.364696 -0.0641053 0.283895
v 0.357158 -0.0715884 0.283895
v 0.372967 -0.0274737 0.265579
v 0.374873 -0.0091579 0.247263
v 0.283895 -0.0526533 0.228947
v 0.265579 -0.0589821 0.210632
v 0.357158 -0.0264928 0.228947
v 0.357158 -0.0091579 0.212006
v 0.33499 -0.0091579 0.210632
v 0.330667 0.0091579 0.192316
v 0.338842 -0.00837409 0.210632
v 0.338842 0.0091579 0.193079
v 0.356404 0.0091579 0.210632
v 0.338842 -0.0091579 0.214881
v 0.354343 -0.0641053 0.265579
v -0.0459111 0.082421 0.137368
v -0.0457895 0.0649081 0.155684
v -0.0641053 0.0641053 0.154466
v -0.0457895 0.082421 0.137447
v -0.0457895 -0.082421 -0.134108
v -0.0641053 -0.082421 -0.129437
v -0.0641053 -0.0641053 -0.133961
v -0.0641053 -0.100737 -0.132771
v -0.0772209 -0.082421 -0.119053
v -0.0728588 -0.100737 -0.119053
v -0.0766037 -0.0641053 -0.119053
v -0.082421 -0.0641053 -0.119004
v -0.082421 -0.082421 -0.117491
v -0.100737 -0.0641053 -0.119036
v -0.0994331 -0.082421 -0.100737
v -0.082421 -0.0977481 -0.100737
v -0.100737 -0.082421 -0.0988646
v -0.100737 -0.0964732 -0.082421
v -0.115257 -0.082421 -0.082421
v -0.100737 -0.0820912 -0.100737
v 0.082421 0.0777687 0.174
v 0.0899364 0.082421 0.155684
v 0.100737 0.0641053 0.17228
v 0.082421 0.082421 0.168678
v 0.082421 0.100737 0.156084
v 0.0849238 0.0641053 0.192316
v 0.100737 0.063655 0.174
v 0.082421 0.0457895 0.189087
v -0.448737 0.0641053 -0.0835592
v -0.448737 0.0457895 -0.0829282
v -0.430421 0.0641053 -0.0883509
v -0.430421 0.0457895 -0.08469
v -0.430421 0.082421 -0.0938895
v -0.467053 0.0641053 -0.0840358
v -0.453082 0.0457895 -0.082421
v -0.451106 0.0274736 -0.082421
v -0.467053 0.0589221 -0.082421
v -0.448737 0.0274736 -0.0846393
v -0.485368 0.0641053 -0.0858932
v -0.412105 0.082421 -0.0903402
v -0.412177 0.0457895 -0.100737
v -0.415146 0.0641053 -0.100737
v -0.412105 0.0641053 -0.100943
v -0.412105 0.0682423 -0.100737
v -0.467053 0.0457895 -0.0695874
v -0.467053 0.0274736 -0.0667219
v -0.485368 0.0274736 -0.065536
v -0.485368 0.0457895 -0.0687667
v -0.411221 0.0641053 -0.100737
v -0.393789 0.0479307 -0.100737
v -0.485368 0.0091579 -0.0771185
v -0.466552 0.0091579 -0.082421
v -0.467053 0.0091579 -0.0818948
v -0.450417 0.0091579 -0.100737
v -0.430421 0.0293854 -0.100737
v -0.432602 0.0274736 -0.100737
v -0.448737 0.0114276 -0.100737
v -0.467053 0.00863838 -0.082421
v -0.467053 -0.00722557 -0.100737
v -0.485368 0.003869 -0.082421
v -0.485368 -0.00822639 -0.100737
v -0.412105 0.0457895 -0.101072
v -0.395598 0.0457895 -0.119053
v -0.412105 0.0349184 -0.119053
v -0.153303 0.119053 -0.0091579
v -0.137945 0.119053 -0.0274737
v -0.148016 0.100737 -0.0091579
v -0.155684 0.100737 -0.00780463
v -0.137368 0.134031 -0.0091579
v -0.137368 0.119841 -0.0274737
v -0.0091579 -0.082421 -0.0812688
v 0.0091579 -0.082421 -0.0814458
v -0.0091579 -0.100737 -0.0778742
v -0.0169478 -0.082421 -0.082421
v -0.0091579 -0.080604 -0.082421
v 0.00871885 -0.0641053 -0.082421
v 0.228947 0.082421 0.245786
v 0.228947 0.0641053 0.245541
v 0.246454 0.082421 0.228947
v 0.228947 0.100737 0.239578
v 0.239555 0.100737 0.228947
v 0.228947 0.111405 0.228947
v 0.228947 0.119053 0.225176
v 0.226312 0.119053 0.228947
v 0.228589 0.082421 0.247263
v 0.228464 0.0641053 0.247263
v 0.210632 0.082421 0.265227
v 0.210632 0.0641053 0.26506
v 0.210632 0.100737 0.264997
v 0.228365 0.100737 0.247263
v 0.228947 0.0636236 0.247263
v 0.228947 0.0457895 0.265082
v 0.199634 0.0274736 0.0091579
v 0.192316 0.0274736 0.00267589
v 0.210632 0.0293829 0.0091579
v 0.210632 0.0274736 0.0136023
v 0.375474 -0.0407141 0.283895
v 0.357158 -0.0457381 0.283895
v 0.357158 -0.0457895 0.279167
v 0.357158 -0.0448884 0.302211
v 0.35702 -0.0457895 0.283895
v 0.372967 -0.0274737 0.265579
v 0.359288 -0.0457895 0.265579
v 0.375474 -0.0274737 0.269949
v 0.388706 -0.0274737 0.283895
v 0.385594 -0.0091579 0.265579
v 0.375474 -0.0200623 0.265579
v 0.375474 -0.0091579 0.252048
v 0.38022 0.0091579 0.247263
v 0.375474 0.000894427 0.247263
v 0.375474 0.0091579 0.242012
v 0.390905 0.0091579 0.265579
v 0.392953 -0.0091579 0.283895
v 0.374873 -0.0091579 0.247263
v 0.357069 -0.0457895 0.302211
v 0.351491 -0.0641053 0.302211
v 0.347566 -0.0641053 0.320526
v 0.356604 -0.0457895 0.320526
v 0.341628 -0.082421 0.302211
v 0.338842 -0.082421 0.298336
v 0.338842 -0.0851812 0.302211
v 0.374201 -0.0091579 0.228947
v 0.357158 -0.0715884 0.283895
v 0.357158 -0.0641053 0.291477
v 0.338842 -0.0727801 0.320526
v 0.354636 -0.0274737 0.320526
v 0.357158 -0.0469015 0.283895
v 0.338842 -0.0641053 0.32938
v 0.338842 -0.082421 0.305014
v 0.364696 -0.0641053 0.283895
v 0.338842 -0.0457895 0.338339
v 0.338842 -0.0274737 0.336033
v 0.0457895 -0.0667683 -0.0641053
v 0.0324821 -0.0641053 -0.0457895
v 0.0457895 -0.082421 -0.0487333
v 0.060571 0.119053 0.137368
v 0.0467799 0.100737 0.137368
v 0.0531343 0.100737 0.119053
v 0.0457895 0.100737 0.138946
v 0.0457895 0.0955718 0.137368
v -0.0457895 -0.100737 -0.0958188
v -0.0641053 -0.099594 -0.082421
v -0.0485947 -0.082421 -0.100737
v -0.0971849 0.0274736 -0.0274737
v -0.100737 0.0154454 -0.0457895
v -0.082421 0.0091579 -0.0452522
v -0.100737 0.0274736 -0.030399
v -0.113114 0.0274736 -0.0457895
v -0.119053 0.0314158 -0.0457895
v -0.100737 0.0277626 -0.0274737
v -0.082421 0.00918567 -0.0457895
v -0.100737 0.0274736 -0.017972
v -0.119053 0.0274736 -0.0233946
v -0.119053 0.0290449 -0.0274737
v -0.137368 0.0421699 -0.0457895
v -0.0485221 0.0641053 0.137368
v -0.0459111 0.082421 0.137368
v -0.0641053 0.0641053 0.154466
v 0.165893 -0.0274737 0.0457895
v 0.156197 -0.0457895 0.0641053
v 0.155684 -0.0274737 0.0581034
v 0.155684 -0.0375367 0.0641053
v 0.155684 -0.0218214 0.0457895
v 0.155684 -0.0457895 0.0642076
v 0.173342 -0.0641053 0.0641053
v 0.155684 -0.0641053 0.0717376
v 0.137368 -0.0641053 0.0802124
v 0.174 -0.0647606 0.0641053
v 0.155684 -0.0743725 0.082421
v 0.137368 -0.0661023 0.082421
v 0.174 -0.0816106 0.082421
v 0.13252 -0.0641053 0.082421
v 0.137368 -0.0457895 0.0642809
v 0.130758 -0.0457895 0.0641053
v 0.119053 -0.0640267 0.082421
v 0.192316 -0.0818366 0.082421
v 0.137368 -0.0443823 0.0641053
v 0.137368 -0.0274737 0.0477345
v 0.137368 -0.0248891 0.0457895
v 0.12651 -0.0274737 0.0457895
v 0.137368 -0.0091579 0.0297301
v 0.155684 -0.0091579 0.0301401
v 0.169275 -0.0274737 0.0274736
v 0.174 -0.0199431 0.0274736
v 0.155684 -0.00906026 0.0274736
v 0.119053 -0.0091579 0.0294597
v 0.137368 -0.00904876 0.0274736
v 0.137368 -0.00795704 0.0091579
v 0.155684 -0.00053829 0.0091579
v 0.174 -0.00889015 0.0274736
v 0.119053 -0.00893617 0.0091579
v 0.119053 -0.00911123 0.0274736
v 0.119053 -0.00841302 -0.0091579
v 0.104404 -0.0091579 -0.0091579
v 0.137368 -0.00583202 -0.0091579
v 0.290022 0.0457895 0.283895
v 0.302211 0.0453104 0.265579
v 0.283895 0.0274736 0.283607
v 0.210632 -0.0274737 0.221426
v 0.192316 -0.0274737 0.228433
v 0.192316 -0.0457895 0.223313
v 0.192316 -0.0251929 0.228947
v 0.174 -0.0457895 0.228068
v 0.174 -0.0274737 0.228599
v 0.174 -0.0091579 0.228499
v 0.155684 -0.0274737 0.228745
v 0.155684 -0.0457895 0.225516
v 0.155684 -0.0268361 0.228947
v 0.137368 -0.0192527 0.228947
v 0.17532 -0.0091579 0.228947
v 0.137368 -0.0274737 0.223835
v 0.192316 -0.0091579 0.239499
v 0.174 -0.00875431 0.228947
v 0.100737 -0.100737 0.00833547
v 0.119053 -0.100737 0.00892502
v 0.100737 -0.082421 0.00374174
v 0.082421 -0.100737 0.00556117
v 0.082421 -0.082421 0.0017764
v 0.0641053 -0.100737 -0.00454837
v 0.107365 -0.082421 0.0091579
v 0.119053 -0.0937741 0.0091579
v 0.137368 -0.100737 0.00908017
v 0.119053 -0.119053 0.000226915
v 0.100737 -0.119053 -0.00855356
v 0.082421 -0.115591 -0.0091579
v 0.0641053 -0.105338 -0.0091579
v 0.082421 -0.119053 -0.0116629
v 0.100102 -0.119053 -0.0091579
v 0.0641053 -0.119053 -0.0198705
v 0.0641053 -0.127325 -0.0274737
v 0.082421 -0.135537 -0.0274737
v 0.100737 -0.119668 -0.0091579
v 0.082421 -0.137368 -0.0290708
v 0.0594894 -0.100737 -0.0091579
v 0.0559934 -0.119053 -0.0274737
v 0.0457895 -0.0854953 -0.0091579
v 0.0641053 -0.137368 -0.0288861
v 0.0641053 -0.082421 0.00702184
v 0.0457895 -0.082421 -0.00533396
v 0.047943 -0.100737 -0.0274737
v 0.0468211 -0.082421 -0.0274737
v -0.142985 0.0641053 0.119053
v -0.154919 0.0641053 0.137368
v -0.153409 0.082421 0.137368
v -0.137368 0.082421 0.12128
v -0.137368 0.0984651 0.137368
v -0.119053 0.100737 0.134028
v -0.122348 0.100737 0.137368
v 0.174 -0.0199431 0.0274736
v 0.169354 -0.0091579 0.0457895
v 0.174 -0.0181239 0.0457895
v 0.174 -0.0091579 0.0505539
v 0.155684 -0.0091579 0.0301401
v 0.113431 -0.0091579 -0.0274737
v 0.108295 0.0091579 -0.0274737
v 0.104404 -0.0091579 -0.0091579
v 0.0720466 -0.0274737 -0.0641053
v 0.0705625 -0.0457895 -0.0457895
v 0.0785356 -0.0457895 -0.0641053
v -0.00887424 0.119053 0.100737
v -0.00692117 0.100737 0.100737
v 0.000998259 0.119053 0.119053
v -0.00886625 0.119053 0.082421
v 0.0091579 0.134348 0.119053
v 0.0091579 0.137368 0.127998
v 0.0091579 0.137323 0.100737
v 0.0091579 0.137136 0.082421
v -0.0091579 0.119053 0.0691965
v -0.0091579 0.123945 0.0641053
v -0.0091579 0.104607 0.119053
v 0.0091579 0.137109 0.0641053
v 0.00951195 0.137368 0.0641053
v -0.0091579 0.100737 0.11457
v -0.0091579 0.0997133 0.100737
v -0.0274737 0.0875194 0.100737
v -0.0151361 0.119053 0.0641053
v -0.0124491 0.100737 0.119053
v -0.0274737 0.082421 0.106011
v 0.0258263 0.137368 0.0457895
v 0.0274736 0.15452 0.0641053
v 0.0274736 0.14407 0.082421
v 0.0195299 0.137368 0.082421
v 0.0274736 0.154282 0.100737
v 0.00939673 0.137368 0.100737
v 0.0274736 0.139017 0.0457895
v 0.0274736 0.137368 0.0417796
v 0.0313244 0.137368 0.0274736
v -0.0920466 0.0091579 -0.0274737
v -0.0971849 0.0274736 -0.0274737
v -0.082421 0.0091579 -0.0452522
v -0.100737 0.0274736 -0.017972
v -0.100737 -0.0027914 -0.0274737
v -0.100737 0.0091579 -0.0240451
v -0.119053 0.0091579 -0.0191029
v -0.105818 -0.0091579 -0.0274737
v -0.119053 -0.000779748 -0.0091579
v -0.137368 0.0091579 -0.0231392
v -0.119053 0.0274736 -0.0233946
v -0.137368 0.0274736 -0.026813
v -0.155684 0.0091579 -0.0253709
v -0.141886 0.0274736 -0.0274737
v -0.155684 0.0171471 -0.0274737
v -0.137368 -0.00481987 -0.0091579
v -0.155684 -0.00704741 -0.0091579
v -0.119053 0.0290449 -0.0274737
v -0.173973 0.0091579 -0.0091579
v 0.155684 0.137368 0.0743015
v 0.155684 0.14738 0.0641053
v 0.1697 0.137368 0.0641053
v 0.174 0.155684 0.0504354
v 0.155684 0.155684 0.0580465
v 0.15601 0.119053 0.0641053
v 0.155684 0.119053 0.0641525
v 0.174 0.146382 0.0457895
v 0.0468211 -0.082421 -0.0274737
v 0.0564986 -0.082421 -0.0457895
v 0.047943 -0.100737 -0.0274737
v 0.0478477 -0.100737 -0.0457895
v 0.0641053 -0.0680243 -0.0274737
v 0.0641053 -0.0757628 -0.0457895
v 0.0641053 -0.0641053 -0.0153652
v 0.0457895 -0.082421 -0.0189828
v 0.0559934 -0.119053 -0.0274737
v 0.0457895 -0.0795767 0.119053
v 0.0274736 -0.0733305 0.119053
v 0.0274736 -0.0717813 0.100737
v 0.0170447 -0.0641053 0.119053
v 0.0178235 -0.0641053 0.100737
v 0.0091579 -0.074988 0.082421
v 0.0091579 -0.0641053 0.0951496
v -0.00359839 -0.0641053 0.082421
v 0.0274736 -0.0641053 0.128261
v -0.0091579 -0.0807088 0.0641053
v 0.0457895 -0.0641053 0.134557
v 0.0457895 -0.0613016 0.137368
v -0.0091579 -0.0641053 0.0812933
v -0.0264716 -0.0641053 0.0641053
v -0.0267552 -0.0457895 0.082421
v -0.0091579 -0.0634334 0.082421
v -0.0091579 -0.0457895 0.100654
v -0.00914782 -0.0457895 0.100737
v 0.0091579 -0.0640205 0.100737
v 0.0091579 -0.0457895 0.118964
v 0.0274736 -0.0495241 0.119053
v -0.0091579 -0.0456247 0.100737
v -0.0260571 -0.0274737 0.100737
v -0.0264898 -0.0274737 0.119053
v -0.0091579 -0.0448523 0.119053
v -0.0091579 -0.0785665 0.0457895
v -0.0260972 -0.0641053 0.0457895
v -0.0274737 -0.078161 0.0274736
v -0.0274737 -0.108572 -0.082421
v -0.0457895 -0.112006 -0.082421
v -0.0399616 -0.113054 -0.0949962
v -0.0274737 -0.116089 -0.0641053
v -0.0457895 -0.117134 -0.0641053
v -0.0091579 -0.110286 -0.0641053
v -0.0641053 -0.110124 -0.0641053
v -0.0641053 -0.100737 -0.074377
v -0.057834 -0.100737 -0.082421
v -0.0749563 -0.100737 -0.0641053
v -0.0457895 -0.100737 -0.0958188
v -0.0641053 -0.100737 -0.0541027
v -0.0457895 -0.100737 -0.0473774
v -0.0274737 -0.100737 -0.0485597
v -0.0091579 -0.100737 -0.0544035
v 0.210632 0.137368 0.118826
v 0.211347 0.137368 0.119053
v 0.210632 0.153075 0.119053
v 0.228947 0.155684 0.132941
v 0.210632 0.155684 0.119798
v 0.228947 0.141867 0.137368
v 0.210632 0.136631 0.119053
v 0.228947 0.16956 0.119053
v 0.210632 0.156714 0.119053
v 0.247263 0.142913 0.137368
v 0.247263 0.155684 0.132217
v 0.207085 0.137368 0.119053
v 0.192316 0.155684 0.127096
v 0.283895 -0.0457895 0.174259
v 0.298341 -0.0457895 0.174
v 0.283895 -0.0636719 0.192316
v 0.302211 -0.0482113 0.174
v 0.283895 -0.0440924 0.174
v 0.283097 -0.0457895 0.174
v 0.281555 -0.0641053 0.174
v -0.302211 -0.0641053 -0.231049
v -0.320526 -0.0641053 -0.230016
v -0.320526 -0.082421 -0.237965
v -0.320526 -0.050887 -0.228947
v -0.324637 -0.0457895 -0.228947
v -0.338842 -0.0457895 -0.229606
v -0.338842 -0.0641053 -0.229632
v -0.338842 -0.082421 -0.229431
v -0.357158 -0.082421 -0.22908
v -0.338842 -0.100737 -0.232907
v -0.357158 -0.0641053 -0.230331
v -0.320526 -0.0392431 -0.228947
v -0.375474 -0.082421 -0.229628
v -0.357158 -0.098766 -0.228947
v -0.356392 -0.100737 -0.228947
v -0.375474 -0.0884967 -0.228947
v -0.320526 -0.0274737 -0.23016
v -0.338842 -0.0274737 -0.231847
v -0.320526 -0.0091579 -0.232707
v -0.357158 -0.0457895 -0.234263
v -0.375474 -0.0641053 -0.234156
v -0.375474 -0.100737 -0.21959
v -0.357158 -0.10209 -0.228947
v -0.357158 -0.100737 -0.228193
v -0.364192 -0.119053 -0.228947
v -0.375474 -0.119053 -0.22046
v -0.357158 -0.119053 -0.22944
v -0.375474 -0.127637 -0.228947
v -0.375474 -0.137368 -0.232435
v -0.338842 -0.115499 -0.247263
v -0.339616 -0.119053 -0.247263
v -0.324462 -0.100737 -0.247263
v -0.0091579 -0.082421 -0.105552
v -0.0091579 -0.100737 -0.101374
v 0.00446272 -0.082421 -0.119053
v -0.0274737 -0.100737 -0.101269
v -0.0274737 -0.082421 -0.106649
v -0.0457895 -0.100737 -0.101526
v -0.0091579 -0.100938 -0.100737
v -0.0274737 -0.102569 -0.100737
v -0.0457895 -0.082421 -0.104986
v -0.0457895 -0.116439 -0.100737
v -0.0641053 -0.100737 -0.109829
v -0.0457895 0.082421 0.137447
v -0.0421779 0.0641053 0.137368
v -0.0457895 0.0649081 0.155684
v -0.283895 0.0434097 -0.247263
v -0.265579 0.0434339 -0.247263
v -0.283895 0.0439648 -0.265579
v -0.302211 0.0430223 -0.265579
v -0.302211 0.0427542 -0.283895
v -0.320526 0.0429724 -0.283895
v -0.265579 0.0410666 -0.228947
v -0.247263 0.0423259 -0.228947
v -0.247263 0.0414949 -0.210632
v -0.228947 0.043229 -0.210632
v -0.228947 0.0400838 -0.192316
v -0.210632 0.0423088 -0.192316
v -0.247263 0.0419896 -0.247263
v -0.320526 0.0406152 -0.302211
v -0.228947 0.0391498 -0.228947
v -0.210632 0.0404699 -0.210632
v -0.192316 0.042307 -0.192316
v -0.192316 0.0418476 -0.174
v -0.174 0.0411129 -0.174
v -0.174 0.0412369 -0.192316
v -0.174 0.0398788 -0.155684
v -0.338842 0.0428468 -0.302211
v -0.265579 0.040445 -0.265579
v -0.210632 0.0370979 -0.228947
v -0.192316 0.0376154 -0.210632
v -0.192316 0.0373052 -0.155684
v -0.210632 0.0371132 -0.174
v -0.338842 0.0385635 -0.283895
v -0.320526 0.0365049 -0.265579
v -0.228947 0.030413 -0.247263
v -0.283895 0.0349854 -0.283895
v -0.302211 0.0353162 -0.247263
v -0.158613 0.0274736 -0.155684
v -0.159281 0.0274736 -0.174
v -0.155684 0.0269666 -0.174
v -0.155684 0.027042 -0.155684
v -0.155684 0.0252923 -0.192316
v -0.137368 0.0237175 -0.174
v -0.137368 0.0236657 -0.155684
v -0.174 0.0274736 -0.141797
v -0.137368 0.019016 -0.137368
v -0.155684 0.0256645 -0.137368
v -0.174 0.025991 -0.137368
v -0.160149 0.0274736 -0.192316
v -0.122355 0.0091579 -0.155684
v -0.121628 0.0091579 -0.174
v -0.12675 0.0091579 -0.137368
v -0.155684 0.0091579 -0.11987
v 0.283895 0.099796 0.100737
v 0.299555 0.082421 0.100737
v 0.283895 0.100737 0.0860347
v 0.285177 0.100737 0.082421
v 0.298918 0.082421 0.082421
v 0.288934 0.100737 0.0641053
v 0.283895 0.105789 0.0641053
v 0.283895 0.102726 0.082421
v 0.283407 0.100737 0.100737
v 0.283895 0.100737 0.0588311
v 0.265579 0.10742 0.0641053
v 0.265579 0.116156 0.082421
v 0.247263 0.118299 0.0641053
v 0.265829 -0.0457895 0.192316
v 0.265579 -0.0641053 0.189961
v 0.283895 -0.0636719 0.192316
v 0.283895 -0.0636719 0.192316
v 0.281555 -0.0641053 0.174
v 0.283895 -0.0457895 0.174259
v -0.113958 0.0483508 0.114142
v -0.119053 0.0641053 0.108672
v -0.118384 0.0641053 0.100737
v -0.104597 0.0457895 0.100737
v -0.119053 0.0457895 0.117708
v -0.137368 0.0641053 0.11289
v -0.120083 0.0457895 0.119053
v -0.137368 0.0554431 0.119053
v -0.142985 0.0641053 0.119053
v -0.154919 0.0641053 0.137368
v -0.137368 0.0465492 0.137368
v -0.119053 0.045266 0.119053
v -0.119053 0.045803 0.137368
v -0.119053 0.0457895 0.12566
v -0.118232 0.0457895 0.119053
v 0.0178235 -0.0641053 0.100737
v 0.0170447 -0.0641053 0.119053
v 0.0274736 -0.0495241 0.119053
v 0.0274736 -0.0641053 0.128261
v 0.0278498 -0.0457895 0.119053
v 0.0457895 -0.0613016 0.137368
v 0.082421 -0.0774669 0.0091579
v 0.100737 -0.082421 0.00374174
v 0.0959812 -0.0641053 0.0091579
v 0.247263 0.119053 0.179855
v 0.247263 0.137368 0.185056
v 0.234142 0.137368 0.174
v 0.247263 0.148431 0.174
v 0.148342 0.137368 0.0641053
v 0.155684 0.119053 0.064063
v 0.155684 0.137368 0.0494369
v 0.100737 -0.0699427 -0.0091579
v 0.0959812 -0.0641053 0.0091579
v 0.100737 -0.082421 0.00374174
v 0.283895 0.102551 0.100737
v 0.283895 0.100737 0.0860347
v 0.297482 0.119053 0.100737
v 0.285177 0.100737 0.082421
v 0.283407 0.100737 0.100737
v 0.283895 0.100737 0.10167
v 0.299479 0.100737 0.119053
v 0.199241 0.0091579 0.247263
v 0.210632 0.0091579 0.258564
v 0.210632 0.0242737 0.247263
v 0.192316 0.0091579 0.235643
v 0.211848 0.0274736 0.247263
v 0.228947 0.0274736 0.262442
v 0.210632 0.0274736 0.246619
v 0.265579 -0.0091579 0.296256
v 0.283895 -0.0091579 0.287654
v 0.283895 -0.00836027 0.302211
v 0.286262 -0.0091579 0.302211
v 0.302211 -0.0091579 0.319764
v 0.283895 0.0091579 0.319629
v 0.266486 0.0091579 0.302211
v 0.0091579 -0.082421 -0.0465228
v 0.0091579 -0.0814549 -0.0457895
v 0.00566715 -0.082421 -0.0457895
v 0.0274736 -0.082421 -0.0497646
v 0.0274736 -0.0695736 -0.0457895
v -0.0091579 -0.093569 -0.0457895
v 0.0457895 -0.082421 -0.0487333
v 0.0324821 -0.0641053 -0.0457895
v 0.0091579 -0.100737 -0.0466493
v 0.0274736 -0.100737 -0.0461517
v 0.0091579 -0.119053 -0.0498357
v 0.0457895 -0.100737 -0.0460129
v 0.0274736 -0.105819 -0.0457895
v 0.0457895 -0.101282 -0.0457895
v 0.0564986 -0.082421 -0.0457895
v 0.0478477 -0.100737 -0.0457895
v 0.0641053 -0.0757628 -0.0457895
v -0.0091579 -0.100737 -0.0544035
v 0.286262 -0.0091579 0.302211
v 0.283895 -0.0091579 0.287654
v 0.283895 -0.0259964 0.302211
v 0.265579 -0.0274737 0.298381
v 0.282484 -0.0274737 0.302211
v 0.283895 -0.0274737 0.303793
v 0.283895 -0.0304511 0.320526
v 0.269202 -0.0457895 0.320526
v 0.269642 -0.0457895 0.302211
v 0.265579 -0.0457895 0.283945
v 0.148342 0.137368 0.0641053
v 0.155684 0.137368 0.0743015
v 0.155684 0.119053 0.0641525
v 0.155684 0.14738 0.0641053
v 0.144652 0.140824 0.0497888
v 0.155684 0.155684 0.0580465
v 0.154694 0.119053 0.0641053
v -0.0457895 -0.100737 -0.0958188
v -0.0274737 -0.100737 -0.0891964
v -0.0399616 -0.113054 -0.0949962
v -0.0274737 -0.082421 -0.0933537
v -0.0457895 -0.082421 -0.0994294
v -0.0485947 -0.082421 -0.100737
v -0.0169478 -0.082421 -0.082421
v -0.0180916 -0.100737 -0.082421
v -0.0091579 -0.100737 -0.0778742
v 0.0274736 0.0945557 0.137368
v 0.0274736 0.100737 0.147221
v 0.0403535 0.082421 0.137368
v 0.0311233 0.100737 0.155684
v 0.0233474 0.100737 0.137368
v 0.0449397 0.082421 0.155684
v -0.148016 0.100737 -0.0091579
v -0.155684 0.100737 -0.010666
v -0.155684 0.100659 -0.0091579
v -0.158078 0.100737 -0.0091579
v -0.155684 0.100737 -0.00780463
v -0.137945 0.119053 -0.0274737
v -0.155684 0.114248 -0.0274737
v -0.155684 0.119053 -0.0410479
v -0.159776 0.119053 -0.0457895
v -0.174 0.113228 -0.0457895
v -0.155684 0.127425 -0.0457895
v -0.137368 0.119841 -0.0274737
v -0.174 0.112861 -0.0274737
v -0.174 0.111377 -0.0091579
v -0.192316 0.118097 -0.0274737
v -0.192316 0.118833 -0.0457895
v -0.192316 0.117409 -0.0641053
v -0.194832 0.119053 -0.0457895
v -0.196239 0.119053 -0.0641053
v -0.155684 0.119053 -0.0506505
v -0.210632 0.132621 -0.0641053
v -0.210632 0.127937 -0.082421
v -0.228947 0.136796 -0.082421
v -0.228947 0.133165 -0.100737
v -0.174 0.100737 -0.0583785
v 0.0594894 -0.100737 -0.0091579
v 0.0457895 -0.0854953 -0.0091579
v 0.0457895 -0.082421 -0.0189828
v 0.0468211 -0.082421 -0.0274737
v 0.338842 0.0428534 0.302211
v 0.338842 0.0457895 0.291551
v 0.320526 0.0457895 0.299928
v 0.320526 0.0435269 0.302211
v 0.338842 0.0428248 0.320526
v 0.354496 0.0274736 0.302211
v 0.354242 0.0274736 0.320526
v 0.338842 0.0274736 0.335922
v 0.0091579 0.0562357 0.174
v 0.0091579 0.0457895 0.184276
v 0.0208768 0.0457895 0.174
v 0.197206 0.155684 0.082421
v 0.192316 0.155684 0.081909
v 0.192316 0.146448 0.082421
v 0.174 0.155684 0.0779319
v 0.210632 0.16528 0.082421
v 0.192316 0.17272 0.0641053
v 0.174 0.169001 0.0641053
v 0.155684 0.155684 0.0772991
v 0.155684 0.15041 0.082421
v 0.174 0.150704 0.082421
v 0.210632 0.155684 0.0998148
v 0.211579 0.155684 0.100737
v 0.228947 0.165201 0.100737
v 0.210632 0.169943 0.0641053
v 0.210632 0.156714 0.119053
v 0.228947 0.16956 0.119053
v 0.247263 0.16851 0.119053
v 0.228947 0.155684 0.132941
v 0.247263 0.155684 0.132217
v 0.210632 0.155684 0.111215
v 0.221945 0.155684 0.082421
v -0.082421 -0.00894201 -0.0091579
v -0.0807692 -0.0091579 0.0091579
v -0.082421 -0.00130498 0.0091579
v -0.07043 -0.0091579 0.0274736
v -0.0780417 -0.0274737 0.0091579
v -0.0821317 -0.0091579 -0.0091579
v -0.0641053 -0.0274737 0.0231153
v -0.0641053 -0.0457895 0.00948626
v -0.0644222 -0.0457895 0.0091579
v -0.0641053 -0.0144483 0.0274736
v -0.0638629 -0.0457895 0.0457895
v -0.0629934 -0.0274737 0.0274736
v -0.0632696 -0.0457895 0.0274736
v -0.0640252 -0.0274737 0.0457895
v -0.0641053 -0.0237045 0.0457895
v -0.0554203 -0.0274737 0.0641053
v -0.0457895 -0.0641053 0.0253869
v -0.0457895 -0.0634874 0.0274736
v -0.0457895 -0.0639666 0.0457895
v -0.0457895 -0.0457895 0.0639801
v 0.100737 0.0711932 0.174
v 0.100737 0.0641053 0.17228
v 0.103355 0.0641053 0.174
v 0.082421 0.0777687 0.174
v 0.354061 0.0274736 0.228947
v 0.357158 0.0091579 0.229357
v 0.351499 0.0091579 0.228947
v 0.357158 0.0274736 0.230226
v 0.357158 0.007882 0.228947
v 0.374201 -0.0091579 0.228947
v 0.338842 0.0419605 0.228947
v 0.375474 0.0091579 0.242012
v 0.373909 0.0274736 0.247263
v 0.357158 -0.0091579 0.212006
v 0.357158 0.0441584 0.247263
v 0.338842 0.0274736 0.213665
v 0.375474 0.000894427 0.247263
v 0.33804 0.0274736 0.210632
v 0.338227 0.0457895 0.228947
v 0.320526 0.045505 0.210632
v 0.320526 0.0457895 0.210795
v 0.320526 0.063477 0.228947
v 0.320526 0.0421315 0.192316
v 0.334723 0.0274736 0.192316
v 0.338842 0.0268829 0.210632
v 0.338842 0.0091579 0.193079
v 0.356404 0.0091579 0.210632
v 0.374298 0.0274736 0.265579
v 0.357158 0.0444785 0.265579
v 0.362193 0.0457895 0.283895
v 0.374737 0.0274736 0.283895
v 0.320083 0.0457895 0.210632
v 0.375474 0.0140594 0.247263
v 0.38022 0.0091579 0.247263
v 0.390905 0.0091579 0.265579
v 0.375474 0.0249932 0.265579
v 0.320526 0.044229 0.174
v 0.337216 0.0274736 0.174
v 0.330667 0.0091579 0.192316
v 0.302211 0.0638322 0.228947
v 0.338842 -0.0091579 0.214881
v 0.22211 0.137368 0.192316
v 0.228947 0.132907 0.174
v 0.228336 0.137368 0.174
v 0.228947 0.137368 0.173335
v -0.192316 -0.138105 -0.228947
v -0.178697 -0.137368 -0.228947
v -0.174 -0.137368 -0.235203
v -0.192316 -0.142062 -0.210632
v -0.17714 -0.137368 -0.210632
v -0.174 -0.141662 -0.192316
v -0.174 -0.137368 -0.207477
v -0.20994 -0.155684 -0.228947
v -0.205693 -0.155684 -0.210632
v -0.169834 -0.137368 -0.192316
v -0.155684 -0.123412 -0.192316
v -0.174 -0.134408 -0.210632
v -0.155684 -0.120359 -0.210632
v -0.137368 -0.119293 -0.192316
v -0.137368 -0.119661 -0.210632
v -0.119053 -0.120454 -0.210632
v -0.155684 -0.123114 -0.228947
v -0.119053 -0.119053 -0.20362
v -0.132634 -0.119053 -0.192316
v -0.137368 -0.125783 -0.228947
v -0.137368 -0.122628 -0.174
v -0.122874 -0.119053 -0.174
v -0.119053 -0.121635 -0.155684
v -0.119053 -0.119053 -0.169826
v -0.110856 -0.119053 -0.155684
v -0.174 -0.132872 -0.228947
v -0.113958 0.0483508 0.114142
v -0.104597 0.0457895 0.100737
v -0.100737 0.0457895 0.103238
v -0.100737 0.0641053 0.118665
v -0.1063 0.0641053 0.119053
v -0.118232 0.0457895 0.119053
v -0.119053 0.0457895 0.12566
v -0.119053 0.045266 0.119053
v 0.0091579 -0.063988 -0.0641053
v 0.0056408 -0.0641053 -0.0641053
v 0.00871885 -0.0641053 -0.082421
v 0.0091579 -0.0641053 -0.0626642
v 0.0274736 -0.0638361 -0.0641053
v 0.0091579 -0.0639606 -0.082421
v 0.0274736 -0.0641053 -0.0513803
v 0.0274736 -0.0623407 -0.082421
v 0.0457895 -0.0627472 -0.0641053
v 0.0457895 -0.0607501 -0.0457895
v 0.00764179 -0.0641053 -0.100737
v 0.0324821 -0.0641053 -0.0457895
v 0.0457895 -0.0639714 -0.0274737
v 0.0426041 -0.0641053 -0.0274737
v 0.0457895 -0.0641053 -0.0187218
v 0.0641053 -0.0635588 -0.0274737
v 0.0641053 -0.0641053 -0.0153652
v 0.0703256 -0.0641053 -0.0091579
v 0.082421 -0.0628049 -0.0091579
v 0.082421 -0.0641053 -0.00405478
v 0.0641053 -0.0528026 -0.0457895
v 0.0091579 -0.0521076 -0.100737
v 0.0641053 -0.0612078 -0.0641053
v -0.0091579 -0.080604 -0.082421
v 0.0992017 -0.0457895 -0.0091579
v -0.0091579 -0.0814185 -0.100737
v -0.0274737 -0.0809339 -0.100737
v -0.0274737 -0.082421 -0.0933537
v -0.0169478 -0.082421 -0.082421
v -0.0457895 -0.082421 -0.0994294
v -0.0274737 -0.082421 -0.106649
v -0.0091579 -0.082421 -0.105552
v -0.0457895 -0.0812935 -0.100737
v -0.0457895 -0.082421 -0.104986
v -0.0485947 -0.082421 -0.100737
v 0.0705625 -0.0457895 -0.0457895
v 0.0821246 -0.0457895 -0.0274737
v 0.0959812 -0.0641053 0.0091579
v 0.082421 -0.0457895 -0.0267522
v 0.0785356 -0.0457895 -0.0641053
v -0.0641053 -0.0961993 -0.100737
v -0.0641053 -0.099594 -0.082421
v -0.082421 -0.0977481 -0.100737
v -0.082421 -0.0992666 -0.082421
v -0.082421 -0.100433 -0.0641053
v -0.0749563 -0.100737 -0.0641053
v -0.0641053 -0.100737 -0.0541027
v -0.0641053 -0.100187 -0.0457895
v -0.082421 -0.0992358 -0.0457895
v -0.0457895 -0.100737 -0.0473774
v -0.0641053 -0.0993041 -0.0274737
v -0.0457895 -0.0995101 -0.0274737
v -0.0457895 -0.100293 -0.0091579
v -0.0274737 -0.100339 -0.0091579
v -0.0274737 -0.0996642 -0.0274737
v -0.0091579 -0.0995862 -0.0091579
v -0.0091579 -0.0977117 -0.0274737
v -0.0274737 -0.0990582 -0.0457895
v -0.0091579 -0.093569 -0.0457895
v -0.0457895 -0.0998946 -0.0457895
v -0.0091579 -0.0998163 0.0091579
v 0.0091579 -0.0972491 0.0091579
v 0.0091579 -0.0956379 0.0274736
v 0.0274736 -0.0865833 0.0274736
v 0.0091579 -0.0996586 -0.0091579
v 0.0274736 -0.0928956 0.0091579
v 0.0091579 -0.0994982 -0.0274737
v 0.0274736 -0.0987561 -0.0091579
v 0.0274736 -0.0958135 -0.0274737
v 0.0457895 -0.0854953 -0.0091579
v 0.044538 -0.082421 -0.0274737
v 0.0274736 -0.082421 -0.041831
v -0.0641053 -0.100737 -0.074377
v 0.0091579 -0.082421 -0.0452107
v 0.00566715 -0.082421 -0.0457895
v -0.100737 -0.0964732 -0.082421
v -0.057834 -0.100737 -0.082421
v -0.0457895 -0.100737 -0.0958188
v -0.0274737 -0.0975319 0.0091579
v -0.082421 -0.0974029 -0.0274737
v -0.100737 -0.096224 -0.0641053
v 0.0391471 -0.082421 0.0091579
v 0.0821271 -0.0274737 -0.0457895
v 0.0457895 -0.082421 -0.00533396
v -0.0641053 -0.100737 -0.109829
v 0.0091579 -0.0814549 -0.0457895
v 0.0274736 -0.0695736 -0.0457895
v 0.0457895 -0.082421 -0.0189828
v -0.0274737 -0.100737 -0.0485597
v -0.0091579 -0.100737 -0.0544035
v 0.00446272 -0.082421 -0.119053
v -0.0772209 -0.082421 -0.119053
v 0.285312 0.119053 0.137368
v 0.283895 0.119053 0.138765
v 0.283895 0.11748 0.137368
v 0.299479 0.100737 0.119053
v 0.283895 0.100737 0.134912
v 0.30138 0.119053 0.119053
v 0.282049 0.100737 0.137368
v 0.283895 0.0872088 0.137368
v 0.288381 0.082421 0.137368
v 0.299843 0.082421 0.119053
v 0.27636 0.119053 0.155684
v 0.283895 0.120556 0.137368
v 0.27517 0.137368 0.137368
v 0.265579 0.137368 0.147082
v 0.283895 0.136881 0.119053
v 0.283694 0.137368 0.119053
v 0.265579 0.130303 0.155684
v 0.260133 0.137368 0.155684
v 0.265579 0.146652 0.137368
v 0.253291 0.119053 0.174
v 0.265579 0.119053 0.167919
v 0.247263 0.150082 0.155684
v 0.265579 0.155372 0.119053
v 0.282418 0.100737 0.174
v 0.265579 0.117971 0.174
v 0.265579 0.100737 0.1919
v 0.283895 0.0940059 0.174
v 0.265579 0.100435 0.192316
v 0.283895 0.132654 0.100737
v 0.297482 0.119053 0.100737
v 0.259777 0.137368 0.174
v 0.247263 0.148431 0.174
v 0.247263 0.137368 0.185056
v 0.279246 0.137368 0.100737
v 0.265579 0.15089 0.100737
v 0.247263 0.119053 0.179855
v -0.119053 0.0457895 0.100524
v -0.118384 0.0641053 0.100737
v -0.119053 0.0641053 0.097514
v -0.119053 0.078224 0.082421
v 0.100737 0.0641053 0.177534
v 0.103355 0.0641053 0.174
v 0.100737 0.063655 0.174
v 0.0849238 0.0641053 0.192316
v 0.247263 -0.080196 0.137368
v 0.265579 -0.082421 0.137246
v 0.265579 -0.0797144 0.137368
v 0.247263 -0.082421 0.137073
v 0.228947 -0.081359 0.137368
v 0.283895 -0.082421 0.130271
v 0.265579 -0.0781445 0.155684
v 0.247263 -0.0820237 0.155684
v 0.228947 -0.0822846 0.155684
v 0.210632 -0.0817529 0.137368
v 0.210632 -0.0810615 0.155684
v 0.192316 -0.0814387 0.137368
v 0.192316 -0.0818698 0.155684
v 0.174 -0.0817704 0.137368
v 0.174 -0.0822763 0.155684
v 0.155684 -0.0820737 0.137368
v 0.192316 -0.0817455 0.174
v 0.210632 -0.0818442 0.174
v 0.155684 -0.0815424 0.155684
v 0.137368 -0.0809271 0.137368
v 0.192316 -0.082421 0.125714
v 0.174 -0.082421 0.130921
v 0.155684 -0.082421 0.131636
v 0.137368 -0.0821449 0.119053
v 0.143181 -0.082421 0.119053
v 0.210632 -0.082421 0.131331
v 0.228947 -0.082421 0.136369
v 0.247263 -0.0803496 0.174
v 0.265579 -0.0800459 0.174
v 0.174 -0.0806575 0.174
v 0.155684 -0.0816408 0.174
v 0.174 -0.0791623 0.192316
v 0.155684 -0.0801665 0.192316
v 0.192316 -0.0793009 0.192316
v 0.119053 -0.0800434 0.119053
v 0.228947 -0.0793544 0.174
v 0.210632 -0.077523 0.192316
v 0.155684 -0.0802794 0.100737
v 0.137368 -0.0785774 0.100737
v 0.283895 -0.0743565 0.137368
v 0.137368 -0.0745764 0.155684
v 0.137368 -0.074039 0.174
v 0.155684 -0.082421 0.106604
v 0.174 -0.0805377 0.100737
v 0.174 -0.082421 0.107287
v 0.192316 -0.0819671 0.100737
v 0.192316 -0.082421 0.110143
v 0.174 -0.0816106 0.082421
v 0.192316 -0.0818366 0.082421
v 0.195439 -0.082421 0.100737
v 0.195911 -0.082421 0.082421
v 0.192316 -0.082421 0.0803252
v 0.155684 -0.0743725 0.082421
v 0.137368 -0.0661023 0.082421
v 0.119053 -0.0677439 0.100737
v 0.119053 -0.0641053 0.0930179
v 0.13252 -0.0641053 0.082421
v 0.119053 -0.0640267 0.082421
v 0.137368 -0.0641053 0.0802124
v 0.262608 0.0274736 0.0457895
v 0.247263 0.0274736 0.0315369
v 0.265579 0.0283582 0.0457895
v 0.265579 0.0274736 0.0467383
v 0.283895 0.0457895 0.0526966
v 0.282557 0.0457895 0.0457895
v 0.265579 0.0457895 0.0288225
v 0.283895 0.0274736 0.0539959
v 0.0457895 -0.120398 -0.137368
v 0.0457895 -0.134359 -0.119053
v 0.0444117 -0.119053 -0.137368
v 0.0457895 -0.119053 -0.138692
v 0.210632 0.119053 0.245157
v 0.210632 0.134701 0.228947
v 0.210096 0.119053 0.247263
v 0.283895 -0.0457895 0.173764
v 0.298341 -0.0457895 0.174
v 0.283895 -0.0440924 0.174
v 0.302211 -0.0482113 0.174
v 0.283097 -0.0457895 0.174
v 0.283895 -0.0636986 0.155684
v 0.279567 -0.0641053 0.155684
v 0.283895 -0.0641053 0.147654
v 0.294081 -0.0641053 0.137368
v 0.301794 -0.0457895 0.155684
v 0.281555 -0.0641053 0.174
v 0.265579 -0.0800459 0.174
v 0.265579 -0.0781445 0.155684
v 0.283895 -0.0743565 0.137368
v 0.295058 -0.082421 0.119053
v 0.283895 -0.082421 0.130271
v 0.0412924 0.100737 0.137368
v 0.0274736 0.101887 0.137368
v 0.0274736 0.100737 0.135647
v 0.0233474 0.100737 0.137368
v 0.0457895 0.100737 0.138946
v 0.0457895 0.101403 0.155684
v 0.0641053 0.10209 0.155684
v 0.0311233 0.100737 0.155684
v 0.0274736 0.100737 0.147221
v 0.0091579 -0.082421 -0.0814458
v 0.0091579 -0.08323 -0.082421
v -0.00854188 -0.100737 -0.082421
v -0.00629061 -0.100737 -0.100737
v -0.0091579 -0.100737 -0.0778742
v 0.0091579 -0.0836267 -0.100737
v -0.0091579 -0.101652 -0.082421
v -0.0274737 -0.100737 -0.0891964
v -0.0180916 -0.100737 -0.082421
v -0.0274737 -0.102569 -0.100737
v -0.0091579 -0.100938 -0.100737
v -0.0091579 -0.100737 -0.101374
v -0.0274737 -0.100737 -0.101269
v -0.0399616 -0.113054 -0.0949962
v -0.0457895 -0.116439 -0.100737
v -0.228947 -0.0453819 -0.247263
v -0.230374 -0.0457895 -0.247263
v -0.247263 -0.0457895 -0.264711
v -0.247263 -0.0452907 -0.265579
v -0.248123 -0.0457895 -0.265579
v -0.265579 -0.0428866 -0.283895
v -0.251125 -0.0274737 -0.283895
v -0.265579 -0.0274737 -0.297706
v -0.265579 -0.0457895 -0.281632
v -0.265579 -0.0605621 -0.265579
v -0.247263 -0.0605349 -0.247263
v -0.228947 -0.0631018 -0.228947
v -0.228947 -0.0303468 -0.265579
v -0.247263 -0.0274737 -0.282026
v -0.228947 -0.0274737 -0.268452
v -0.226111 -0.0274737 -0.265579
v -0.211232 -0.0274737 -0.247263
v -0.228947 -0.0457895 -0.246904
v -0.266996 -0.0457895 -0.283895
v -0.283895 -0.0619278 -0.283895
v -0.283895 -0.0457895 -0.300047
v -0.228947 -0.0091579 -0.278056
v -0.216447 -0.0091579 -0.265579
v -0.277534 -0.0274737 -0.302211
v -0.283895 -0.0341749 -0.302211
v -0.283895 -0.0274737 -0.308559
v -0.302211 -0.0274737 -0.317813
v -0.302211 -0.0451769 -0.302211
v -0.3078 -0.0274737 -0.320526
v -0.320526 -0.0432793 -0.320526
v -0.320526 -0.0274737 -0.332323
v -0.338842 -0.0457895 -0.334922
v -0.321889 -0.0457895 -0.320526
v -0.338842 -0.063618 -0.320526
v -0.302211 -0.0641053 -0.287976
v -0.283895 -0.0091579 -0.31505
v -0.270917 -0.0091579 -0.302211
v -0.320526 -0.0457895 -0.318327
v -0.30349 -0.0457895 -0.302211
v -0.320526 -0.0641053 -0.306643
v -0.31584 -0.0641053 -0.302211
v -0.338842 -0.0641053 -0.320362
v -0.320526 -0.0687547 -0.302211
v -0.302211 -0.0681542 -0.283895
v -0.298164 -0.0641053 -0.283895
v -0.283895 -0.0742438 -0.265579
v -0.283895 -0.0641053 -0.276081
v -0.273646 -0.0641053 -0.265579
v -0.338842 -0.082421 -0.31573
v -0.307042 -0.082421 -0.283895
v -0.320526 -0.082421 -0.297377
v -0.320526 -0.0958313 -0.283895
v -0.325075 -0.082421 -0.302211
v -0.338842 -0.0971364 -0.302211
v -0.357158 -0.100737 -0.31626
v -0.342144 -0.100737 -0.302211
v -0.357158 -0.114644 -0.302211
v -0.338842 -0.117016 -0.283895
v -0.340973 -0.119053 -0.283895
v -0.357158 -0.119053 -0.299656
v -0.357158 -0.135312 -0.283895
v -0.338842 -0.100737 -0.300443
v -0.322876 -0.100737 -0.283895
v -0.30266 -0.0091579 -0.320526
v -0.320526 -0.0091579 -0.335784
v -0.210632 -0.0274737 -0.247076
v -0.247695 -0.0091579 -0.283895
v -0.265579 -0.0091579 -0.299836
v -0.302211 -0.0091579 -0.320336
v -0.302211 -0.0804921 -0.265579
v -0.302211 -0.0457895 -0.302122
v -0.338842 -0.0274737 -0.337032
v -0.247263 -0.0091579 -0.283738
v -0.210632 -0.0249562 -0.247263
v -0.210632 -0.0091579 -0.261235
v -0.193258 -0.0091579 -0.247263
v -0.19275 0.0091579 -0.247263
v -0.210632 0.0091579 -0.261377
v -0.192316 -0.0091579 -0.246274
v -0.218059 0.0091579 -0.265579
v -0.228947 0.0091579 -0.276511
v -0.248407 0.0091579 -0.283895
v -0.265579 0.0091579 -0.300403
v -0.357158 -0.082421 -0.318282
v -0.247263 0.0091579 -0.283487
v -0.275363 0.0091579 -0.302211
v -0.283895 0.0091579 -0.310715
v -0.302211 0.0091579 -0.319232
v -0.307384 0.0091579 -0.320526
v -0.320526 0.0091579 -0.333625
v -0.338842 -0.0091579 -0.337823
v -0.00886625 0.119053 0.082421
v -0.0091579 0.119053 0.0691965
v -0.0091579 0.117141 0.082421
v -0.0091579 0.100737 0.099348
v 0.157544 0.155684 0.100737
v 0.155684 0.157135 0.100737
v 0.174 0.155684 0.103129
v 0.174 0.152793 0.100737
v 0.174 0.171245 0.119053
v 0.192316 0.155684 0.109576
v 0.155684 0.17221 0.119053
v 0.137368 0.169108 0.119053
v 0.142054 0.155684 0.100737
v 0.137368 0.155684 0.100925
v 0.137368 0.155613 0.100737
v 0.192316 0.172816 0.119053
v 0.210632 0.155684 0.111215
v 0.155684 0.15041 0.082421
v 0.192316 0.154244 0.100737
v 0.210632 0.155633 0.100737
v 0.192316 0.146448 0.082421
v 0.174 0.150704 0.082421
v 0.119053 0.154259 0.119053
v 0.123074 0.155684 0.119053
v 0.211579 0.155684 0.100737
v 0.137368 0.155684 0.0977076
v 0.119053 0.155684 0.093574
v 0.119053 0.15526 0.100737
v 0.210632 0.155684 0.0998148
v 0.197206 0.155684 0.082421
v 0.107439 0.155684 0.082421
v 0.100737 0.155084 0.082421
v 0.105451 0.155684 0.0641053
v 0.100737 0.154322 0.0641053
v 0.082421 0.154992 0.0641053
v 0.082421 0.155142 0.0457895
v 0.0641053 0.154958 0.0457895
v 0.0641053 0.151637 0.0274736
v 0.082421 0.149861 0.0274736
v 0.100737 0.154899 0.0457895
v 0.0641053 0.155171 0.0641053
v 0.0457895 0.153085 0.0457895
v 0.0457895 0.15556 0.0641053
v 0.0641053 0.155122 0.082421
v 0.082421 0.153805 0.082421
v 0.0457895 0.147788 0.0274736
v 0.0641053 0.152486 0.0091579
v 0.082421 0.151308 0.0091579
v 0.100737 0.147359 0.0274736
v 0.0457895 0.153652 0.082421
v 0.0457895 0.154115 0.100737
v 0.0274736 0.15452 0.0641053
v 0.137368 0.15802 0.082421
v 0.155684 0.155684 0.0946904
v 0.14581 0.155684 0.082421
v 0.100737 0.151151 0.100737
v 0.100737 0.14504 0.0091579
v 0.119053 0.155684 0.0533013
v 0.0274736 0.14407 0.082421
v 0.0274736 0.154282 0.100737
v 0.119053 0.162226 0.082421
v 0.119053 0.16622 0.0641053
v 0.137368 0.162529 0.0641053
v 0.155684 0.161255 0.0641053
v 0.155684 0.155684 0.0772991
v 0.174 0.169001 0.0641053
v 0.137368 0.151277 0.137368
v 0.119053 0.141667 0.0457895
v 0.0274736 0.139017 0.0457895
v 0.0313244 0.137368 0.0274736
v 0.155684 0.155684 0.0580465
v 0.082421 0.137368 -0.0058018
v 0.100737 0.137368 0.000884175
v 0.137368 0.155684 0.056911
v 0.0641053 0.137368 -0.00641996
v 0.112896 0.137368 0.0274736
v 0.174 0.155684 0.0504354
v 0.192316 0.155684 0.0470074
v 0.192316 0.17272 0.0641053
v 0.210632 0.155684 0.0498165
v 0.210632 0.169943 0.0641053
v 0.119053 0.137368 0.0397853
v 0.210632 0.156714 0.119053
v 0.0457895 0.137368 0.0154256
v 0.108715 0.137368 0.0091579
v 0.0481049 0.137368 0.0091579
v 0.137368 0.137368 0.0471665
v 0.144652 0.140824 0.0497888
v 0.155684 0.119053 0.064063
v 0.148342 0.137368 0.0641053
v 0.154694 0.119053 0.0641053
v -0.0274737 0.0981789 0.137368
v -0.0274737 0.100737 0.136325
v -0.02477 0.082421 0.137368
v -0.0091579 0.082421 0.122112
v -0.0124491 0.100737 0.119053
v -0.0293376 0.100737 0.137368
v -0.0091579 0.094564 0.119053
v -0.0274737 0.119053 0.126877
v -0.039158 0.119053 0.137368
v -1.7643e-05 0.082421 0.119053
v -0.0091579 0.119053 0.122673
v -0.0274737 0.082421 0.137877
v -0.0091579 0.104607 0.119053
v 0.000998259 0.119053 0.119053
v -0.0457895 0.119053 0.1377
v -0.0274737 0.129473 0.137368
v -0.0274737 0.0807838 0.137368
v -0.0457895 0.100737 0.13748
v -0.0542904 0.100737 0.137368
v -0.0457895 0.082421 0.137447
v -0.0421779 0.0641053 0.137368
v -0.0641053 0.118836 0.155684
v 0.0091579 0.137368 0.127998
v -0.0091579 0.137368 0.135127
v -0.0457895 0.136933 0.155684
v -0.0637114 0.119053 0.155684
v 0.100737 0.137368 0.15695
v 0.082421 0.136272 0.155684
v 0.082421 0.137368 0.156044
v 0.0780402 0.137368 0.155684
v 0.082421 0.155233 0.174
v 0.100737 0.153471 0.174
v 0.082421 0.119053 0.138535
v 0.0812965 0.155684 0.174
v 0.086262 0.119053 0.137368
v 0.100737 0.136889 0.155684
v 0.0641053 0.149115 0.155684
v 0.0641053 0.137368 0.143894
v 0.0529941 0.137368 0.137368
v 0.0537913 0.155684 0.155684
v 0.0457895 0.144771 0.137368
v 0.0457895 0.155684 0.147431
v 0.0457895 0.163481 0.155684
v 0.0274736 0.168162 0.155684
v 0.0274736 0.155684 0.137898
v 0.0457895 0.137368 0.129047
v 0.0457895 0.173354 0.174
v 0.0641053 0.172394 0.174
v 0.0641053 0.155684 0.157234
v 0.0641053 0.119053 0.138739
v 0.060571 0.119053 0.137368
v 0.0457895 0.119053 0.121959
v 0.0274736 0.119053 0.120154
v 0.0274736 0.117402 0.119053
v 0.0238706 0.119053 0.119053
v 0.0274736 0.1357 0.137368
v 0.0155727 0.137368 0.137368
v 0.0457895 0.10957 0.119053
v 0.0531343 0.100737 0.119053
v 0.0091579 0.134348 0.119053
v 0.0274736 0.137368 0.137507
v 0.0091579 0.140024 0.137368
v 0.0091579 0.155523 0.155684
v -0.0091579 0.139589 0.137368
v -0.0091579 0.153537 0.155684
v -0.0274737 0.144971 0.155684
v 0.100737 0.132524 0.137368
v -0.0113775 0.137368 0.137368
v -0.0274737 0.137368 0.148074
v -0.0351343 0.137368 0.155684
v 0.0115169 0.155684 0.155684
v 0.101767 0.137368 0.155684
v 0.119053 0.137368 0.137831
v 0.119053 0.136938 0.137368
v 0.120523 0.137368 0.137368
v 0.119053 0.153896 0.155684
v 0.137368 0.151277 0.137368
v 0.032777 0.137368 0.137368
v 0.369507 0.0091579 0.283895
v 0.375474 0.008385 0.283895
v 0.375474 0.0091579 0.281198
v 0.374222 -0.0091579 0.302211
v 0.375474 0.0249932 0.265579
v 0.375474 -0.0091579 0.30142
v 0.392953 -0.0091579 0.283895
v 0.390905 0.0091579 0.265579
v 0.374298 0.0274736 0.265579
v 0.362447 0.0091579 0.302211
v 0.357158 0.0091579 0.307479
v 0.357158 -0.0091579 0.319351
v 0.357158 0.0148942 0.302211
v 0.344236 -0.0091579 0.320526
v 0.356566 0.0091579 0.320526
v 0.354496 0.0274736 0.302211
v 0.354242 0.0274736 0.320526
v 0.374737 0.0274736 0.283895
v 0.338842 0.0534043 0.283895
v 0.338842 0.0457895 0.291551
v 0.357158 0.0508797 0.283895
v 0.357158 0.0457895 0.288988
v 0.357158 0.0274736 0.301482
v 0.320526 0.0457895 0.299928
v 0.320526 0.0616782 0.283895
v 0.302211 0.0457895 0.29599
v 0.302211 0.0578481 0.283895
v 0.362193 0.0457895 0.283895
v 0.372876 -0.0274737 0.302211
v 0.357158 -0.0274737 0.318385
v 0.354636 -0.0274737 0.320526
v 0.375474 -0.0274737 0.297196
v 0.388706 -0.0274737 0.283895
v 0.357158 -0.0448884 0.302211
v 0.375474 -0.0407141 0.283895
v 0.357069 -0.0457895 0.302211
v 0.338842 -0.0091579 0.32554
v 0.338842 0.0091579 0.338302
v 0.338842 0.0274736 0.335922
v 0.320526 -0.0091579 0.335377
v 0.338842 -0.0274737 0.336033
v 0.265579 -0.0641053 0.189961
v 0.265829 -0.0457895 0.192316
v 0.265579 -0.0457895 0.191545
v 0.265579 -0.0449094 0.192316
v 0.155684 0.119053 0.064063
v 0.15601 0.119053 0.0641053
v 0.1697 0.137368 0.0641053
v 0.155684 0.137368 0.0494369
v 0.174 0.146382 0.0457895
v 0.155684 0.139732 0.0457895
v 0.3202 -0.0641053 0.265579
v 0.320526 -0.0643609 0.265579
v 0.302211 -0.0641053 0.267034
v -0.118384 0.0641053 0.100737
v -0.119053 0.0714351 0.119053
v -0.100737 0.0817652 0.100737
v -0.119053 0.0641053 0.108672
v -0.0091579 -0.082421 -0.0812688
v 0.00871885 -0.0641053 -0.082421
v 0.0091579 -0.0652064 -0.0641053
v 0.338842 -0.0091579 0.214881
v 0.356404 0.0091579 0.210632
v 0.357158 0.007882 0.228947
v 0.0274736 -0.137368 -0.132437
v 0.0274736 -0.119053 -0.122687
v 0.0444117 -0.119053 -0.137368
v 0.0457895 -0.100737 -0.137133
v -0.174 0.111377 -0.0091579
v -0.155684 0.113962 0.0091579
v -0.155684 0.100737 -0.00780463
v -0.158078 0.100737 -0.0091579
v 0.210632 -0.0142645 0.0091579
v 0.220937 -0.0091579 0.0274736
v 0.224255 -0.0274737 0.0091579
v 0.228947 -0.00946063 0.0274736
v 0.228947 -0.0091579 0.0285424
v 0.265579 -0.0091579 0.296256
v 0.265579 -0.0274737 0.298381
v 0.283895 -0.0091579 0.287654
v -0.082421 0.115035 0.155684
v -0.0641053 0.118836 0.155684
v -0.082421 0.116469 0.137368
v -0.100737 0.114017 0.137368
v 0.0457895 -0.0641053 -0.0187218
v 0.0641053 -0.0641053 -0.0153652
v 0.0457895 -0.082421 -0.0189828
v 0.174 -0.00889015 0.0274736
v 0.174 -0.0091241 0.0457895
v 0.155684 -0.00906026 0.0274736
v 0.155684 -0.0091579 0.0301401
v 0.169354 -0.0091579 0.0457895
v 0.174 -0.0091579 0.0505539
v 0.178977 -0.0091579 0.0457895
v 0.183444 -0.0091579 0.0274736
v 0.0426041 -0.0641053 -0.0274737
v 0.0457895 -0.082421 -0.0189828
v 0.044538 -0.082421 -0.0274737
v 0.184439 0.119053 0.265579
v 0.174 0.119053 0.275444
v 0.192316 0.11694 0.265579
v 0.00871885 -0.0641053 -0.082421
v 0.0056408 -0.0641053 -0.0641053
v 0.0091579 -0.0652064 -0.0641053
v 0.260896 -0.0091579 0.0457895
v 0.247263 -0.0091579 0.0344348
v 0.265579 -0.00882429 0.0457895
v 0.0091579 -0.0836267 -0.100737
v -0.0091579 -0.100737 -0.101374
v -0.00629061 -0.100737 -0.100737
v 0.283895 -0.0457895 0.210506
v 0.281921 -0.0457895 0.210632
v 0.265579 -0.0589821 0.210632
v -0.0968511 0.100737 0.155684
v -0.100737 0.100737 0.150807
v -0.100737 0.0985807 0.155684
v -0.0457895 0.118602 0.174
v -0.0457895 0.119053 0.173905
v -0.0637114 0.119053 0.155684
v -0.0641053 0.118836 0.155684
v -0.228947 0.0274736 -0.0628577
v -0.228947 0.0281927 -0.0641053
v -0.218761 0.0274736 -0.0641053
v -0.210632 0.0274736 -0.0690111
v -0.210632 0.0226199 -0.0641053
v -0.247263 0.0274736 -0.0564661
v -0.247263 0.0288146 -0.0641053
v -0.25757 0.0274736 -0.0457895
v -0.265579 0.0287406 -0.0457895
v -0.255534 0.0274736 -0.0274737
v -0.247263 0.0296538 -0.082421
v -0.228947 0.0305438 -0.082421
v -0.247263 0.017158 -0.0457895
v -0.265579 0.0319648 -0.0641053
v -0.283895 0.0380722 -0.0641053
v -0.283895 0.0407833 -0.082421
v -0.291636 0.0457895 -0.0641053
v -0.265579 0.0309896 -0.082421
v -0.247263 0.0192075 -0.0274737
v -0.228947 0.0102713 -0.0274737
v -0.228947 0.0101337 -0.0091579
v -0.210632 0.00951058 -0.0091579
v -0.210632 0.0123715 0.0091579
v -0.228947 0.0196869 0.0091579
v -0.192316 0.0099802 0.0091579
v -0.192316 0.00977319 -0.0091579
v -0.192316 0.0202415 0.0274736
v -0.174 0.00916618 -0.0091579
v -0.189302 0.0091579 0.0091579
v -0.181948 0.0091579 0.0274736
v -0.192316 0.0104942 -0.0274737
v -0.210632 0.0112431 -0.0274737
v -0.174 0.0109677 -0.0274737
v -0.155684 0.0171471 -0.0274737
v -0.174 -0.00602657 0.0091579
v -0.174 0.00121933 0.0274736
v -0.155684 -0.00773555 0.0274736
v -0.155684 -0.00885123 0.0457895
v -0.137368 -0.00909096 0.0457895
v -0.137368 -0.00162947 0.0641053
v -0.137368 -0.00895023 0.0274736
v -0.119053 -0.00905651 0.0457895
v -0.119053 -0.00903207 0.0274736
v -0.137368 -0.00730902 0.0091579
v -0.119053 -0.00798535 0.0091579
v -0.137368 -0.00481987 -0.0091579
v -0.119053 -0.000779748 -0.0091579
v -0.100737 -0.00600785 0.0091579
v -0.100737 -0.00480366 -0.0091579
v -0.082421 -0.00130498 0.0091579
v -0.082421 -0.00905865 0.0274736
v -0.07043 -0.0091579 0.0274736
v -0.080943 -0.0091579 0.0457895
v -0.082421 -0.00915039 0.0457895
v -0.0641053 -0.0144483 0.0274736
v -0.0641053 -0.0237045 0.0457895
v -0.082421 -0.00894201 -0.0091579
v -0.100737 -0.0091579 -0.0223023
v -0.105818 -0.0091579 -0.0274737
v -0.082421 -0.0091579 0.0460357
v -0.082421 -0.0259276 0.0641053
v -0.0641053 -0.0270362 0.0641053
v -0.0554203 -0.0274737 0.0641053
v -0.0641053 -0.0257494 0.082421
v -0.100737 -0.0091579 0.0509931
v -0.100737 -0.0202405 0.0641053
v -0.113735 -0.0091579 0.0641053
v -0.082421 -0.0229707 0.082421
v -0.0509836 -0.0274737 0.082421
v -0.155684 -0.00704741 -0.0091579
v -0.100737 -0.00906938 0.0274736
v -0.155684 -0.00765753 0.0091579
v -0.119053 -0.00805998 0.0641053
v -0.192316 0.0136077 -0.0457895
v -0.173973 0.0091579 -0.0091579
v -0.210632 0.0115936 -0.0457895
v -0.119053 0.000627279 0.082421
v -0.100737 -0.00913727 0.0457895
v -0.228947 0.0116983 -0.0457895
v -0.210632 0.0226199 -0.0641053
v -0.210632 0.0115936 -0.0457895
v -0.228947 0.0116983 -0.0457895
v -0.174 0.00916618 -0.0091579
v -0.174 0.0091579 -0.00911546
v -0.189302 0.0091579 0.0091579
v -0.174 -0.00602657 0.0091579
v -0.155684 -0.00704741 -0.0091579
v -0.155684 -0.00765753 0.0091579
v -0.173973 0.0091579 -0.0091579
v -0.100737 -0.0091579 0.0509931
v -0.100737 -0.00913727 0.0457895
v -0.082421 -0.00915039 0.0457895
v -0.082421 -0.0091579 0.0460357
v -0.119053 -0.00805998 0.0641053
v -0.100737 -0.00913727 0.0457895
v -0.113735 -0.0091579 0.0641053
v -0.100737 -0.0091579 0.0772477
v -0.100737 -0.00852883 0.082421
v -0.119053 0.000627279 0.082421
v -0.100737 -0.00480413 0.100737
v -0.082421 0.00116855 0.100737
v -0.100737 -0.0091579 -0.0223023
v -0.082421 -0.0091579 -0.00937629
v -0.100737 -0.00480366 -0.0091579
v -0.082421 -0.00894201 -0.0091579
v 0.0091579 -0.008964 0.155684
v 0.0091579 0.0091579 0.173774
v -0.0091579 0.00433403 0.155684
v 0.0274736 0.0091579 0.17348
v -0.0091579 0.0091579 0.160689
v 0.0091579 0.0274736 0.169512
v -0.0091579 0.0274736 0.157545
v -0.0091579 0.0457895 0.173437
v -0.0257112 0.0457895 0.155684
v -0.0264078 0.0641053 0.155684
v 0.0274736 0.0274736 0.171312
v 0.0274736 -0.00875086 0.155684
v 0.0457895 0.0091579 0.165303
v 0.0457895 -0.000750005 0.155684
v 0.0641053 -0.0091579 0.163533
v 0.0457895 -0.0091579 0.155355
v 0.0641053 0.0091579 0.17352
v -0.0274737 0.0457895 0.15386
v -0.0274737 0.0274736 0.143479
v -0.0435864 0.0457895 0.137368
v -0.0335615 0.0274736 0.137368
v -0.0453253 0.0457895 0.119053
v -0.0453105 0.0274736 0.119053
v -0.0334002 0.0091579 0.137368
v -0.0434881 0.0091579 0.119053
v -0.0457895 0.0091579 0.118797
v -0.0369719 -0.0091579 0.119053
v 0.0559744 -0.0091579 0.155684
v -0.0274737 -0.0091579 0.128547
v -0.0274737 0.0641053 0.154263
v -0.0091579 0.0641053 0.170995
v 0.0091579 0.0641053 0.173561
v 0.0091579 0.082421 0.173872
v 0.0274736 0.082421 0.17242
v 0.0274736 0.0641053 0.17329
v 0.0091579 0.0562357 0.174
v -0.0091579 0.0808932 0.174
v -0.00336587 0.082421 0.174
v -0.0274737 0.0091579 0.143341
v -0.0274737 -0.019504 0.119053
v -0.0421779 0.0641053 0.137368
v 0.0641053 0.0274736 0.172937
v -0.0426897 -0.0091579 0.100737
v -0.00643462 0.0457895 0.174
v 0.0675143 0.0091579 0.174
v 0.0208768 0.0457895 0.174
v 0.0657898 -0.0091579 0.174
v 0.082421 -0.0091579 0.190626
v 0.082421 -0.0260243 0.174
v 0.066359 -0.0274737 0.155684
v 0.082421 -0.0274737 0.171975
v 0.082421 -0.0435212 0.155684
v 0.082421 0.0091579 0.188907
v 0.0817599 -0.0457895 0.137368
v 0.0091579 -0.0091579 0.154887
v -0.0091579 -0.0091579 0.153343
v 0.0091579 -0.0274737 0.144926
v -0.0091579 -0.0252898 0.137368
v 0.00127286 -0.0274737 0.137368
v 0.0091579 -0.0353639 0.137368
v 0.0274736 -0.0274737 0.151744
v 0.0274736 -0.0421878 0.137368
v 0.0457895 -0.0457895 0.152891
v 0.0300444 -0.0457895 0.137368
v 0.0274736 -0.045689 0.119053
v 0.0457895 -0.0274737 0.154928
v 0.0091579 -0.0453079 0.119053
v 0.0457895 -0.0613016 0.137368
v -0.0091579 -0.0274737 0.136279
v -0.0140604 0.0091579 0.155684
v 0.0641053 -0.045383 0.137368
v -0.0457895 0.0274736 0.118208
v -0.0274737 -0.0238705 0.100737
v 0.0655254 0.0274736 0.174
v 0.0278498 -0.0457895 0.119053
v 0.083937 0.0091579 0.192316
v 0.0827897 -0.0274737 0.174
v 0.0837854 0.0274736 0.192316
v 0.100737 0.0091579 0.209158
v 0.100737 0.0274736 0.209359
v 0.0958272 0.0457895 0.210632
v 0.100737 0.0403981 0.210632
v 0.100737 0.0457895 0.215556
v 0.0841352 0.0457895 0.192316
v 0.0849238 0.0641053 0.192316
v 0.107984 0.0457895 0.228947
v 0.0883051 0.0641053 0.210632
v 0.100737 -0.0091579 0.208892
v 0.082421 0.0457895 0.189087
v 0.115811 0.0641053 0.228947
v 0.119053 0.0457895 0.240677
v 0.119053 0.0641053 0.241893
v 0.119053 0.0274736 0.232072
v 0.137368 0.0274736 0.241621
v 0.13107 0.0457895 0.247263
v 0.137368 0.0396739 0.247263
v 0.137368 0.0457895 0.25293
v 0.155684 0.0457895 0.26314
v 0.155684 0.029387 0.247263
v 0.137368 0.0641053 0.258265
v 0.154631 0.0641053 0.265579
v 0.174 0.0274736 0.250624
v 0.174 0.0457895 0.263464
v 0.192316 0.0457895 0.264516
v 0.192316 0.0274736 0.247716
v 0.210632 0.0457895 0.259866
v 0.19358 0.0274736 0.247263
v 0.192316 0.0270128 0.247263
v 0.210632 0.0299013 0.247263
v 0.228947 0.0274736 0.262442
v 0.211848 0.0274736 0.247263
v 0.137368 0.0091579 0.243958
v 0.119053 0.0237554 0.228947
v 0.12192 0.0091579 0.228947
v 0.137368 -0.0091579 0.238797
v 0.127509 -0.0091579 0.228947
v 0.119053 -0.0091579 0.221291
v 0.119053 -0.0207177 0.210632
v 0.108398 -0.0091579 0.210632
v 0.101585 -0.0274737 0.192316
v 0.119053 -0.0274737 0.209911
v 0.119053 -0.0454613 0.192316
v 0.105767 -0.0457895 0.174
v 0.123615 -0.0274737 0.210632
v 0.100737 -0.025793 0.192316
v 0.100737 -0.0274737 0.191897
v 0.119053 -0.0457895 0.189695
v 0.119053 -0.0583388 0.174
v 0.155684 0.0091579 0.244227
v 0.138966 0.082421 0.265579
v 0.155684 -0.0091579 0.24386
v 0.174 0.0091579 0.244802
v 0.119053 -0.0637631 0.155684
v 0.100753 -0.0457895 0.155684
v 0.174 0.0484946 0.265579
v 0.100737 -0.0604299 0.137368
v 0.169807 0.0274736 0.247263
v 0.155684 0.0274736 0.246131
v 0.192316 0.0091579 0.235643
v 0.127427 -0.0641053 0.174
v 0.115933 0.0274736 0.228947
v 0.120084 0.0641053 0.247263
v 0.0274736 -0.0091579 0.155446
v 0.210632 0.0274736 0.246619
v 0.137368 0.082421 0.264023
v 0.155684 0.0641053 0.266642
v 0.155684 0.082421 0.282292
v 0.174 0.082421 0.281789
v 0.174 0.0641053 0.281252
v 0.192316 0.082421 0.282624
v 0.192316 0.100737 0.281333
v 0.192316 0.0641053 0.277752
v 0.174 0.100737 0.278464
v 0.100818 0.0091579 0.210632
v 0.174 0.0231191 0.247263
v 0.137368 0.0964451 0.265579
v 0.155684 0.0630575 0.265579
v 0.100737 -0.0457895 0.155483
v 0.100737 -0.0457534 0.155684
v -0.0457895 0.0457895 0.114691
v -0.0641053 0.0274736 0.118302
v -0.0641053 0.0457895 0.11894
v -0.0457895 0.0641053 0.118229
v -0.082421 0.0274736 0.113684
v -0.082421 0.0457895 0.109934
v -0.0641053 0.0641053 0.118244
v -0.082421 0.0641053 0.118371
v -0.100737 0.0457895 0.103238
v -0.100737 0.0641053 0.118665
v -0.100737 0.0274736 0.112523
v -0.082421 0.0091579 0.108717
v -0.0641053 0.0091579 0.117173
v 0.100737 -0.0454312 0.174
v 0.137368 -0.0192527 0.228947
v 0.137368 -0.0274737 0.223835
v 0.137368 -0.0411445 0.210632
v 0.155684 -0.0457895 0.225516
v 0.140504 -0.0457895 0.210632
v 0.137368 -0.0457895 0.208902
v 0.137368 -0.0621126 0.192316
v 0.13957 -0.0641053 0.192316
v 0.137368 -0.0641053 0.184043
v 0.137368 -0.074039 0.174
v 0.155684 -0.0801665 0.192316
v 0.155684 -0.0641053 0.208591
v 0.174 -0.0641053 0.209185
v 0.155684 -0.0607799 0.210632
v 0.174 -0.0629827 0.210632
v 0.101024 0.0274736 0.210632
v 0.137368 0.100737 0.269702
v 0.133302 0.100737 0.265579
v 0.0091579 0.034569 0.174
v 0.0091579 0.0457895 0.184276
v 0.119848 -0.0457895 0.192316
v 0.100737 0.0641053 0.223078
v 0.155684 -0.0268361 0.228947
v -0.100737 0.0091579 0.114699
v -0.0264898 -0.0274737 0.119053
v 0.0841594 -0.0091579 0.192316
v -0.0109245 0.0274736 0.155684
v -0.0274737 -0.0274737 0.0968788
v -0.0457895 -0.0091579 0.0976534
v -0.0457895 -0.0274737 0.0876653
v -0.0641053 -0.0091579 0.0992301
v -0.0641053 -0.0257494 0.082421
v -0.082421 -0.0229707 0.082421
v -0.0509836 -0.0274737 0.082421
v -0.0457895 -0.00900096 0.100737
v -0.0457895 -0.0334126 0.082421
v -0.0274737 -0.0420114 0.082421
v -0.0457895 -0.0380468 0.0641053
v -0.0554203 -0.0274737 0.0641053
v -0.0457895 -0.0457895 0.0639801
v -0.0274737 -0.0457895 0.0640287
v -0.0457895 -0.0639666 0.0457895
v -0.0274737 -0.0640699 0.0457895
v -0.0252829 -0.0457895 0.0641053
v -0.0260972 -0.0641053 0.0457895
v -0.0264716 -0.0641053 0.0641053
v -0.0267552 -0.0457895 0.082421
v 0.174 -0.0457895 0.228068
v 0.155684 0.100737 0.279737
v 0.082421 0.0274736 0.190905
v 0.0641053 -0.0274737 0.15428
v 0.082421 0.0647663 0.192316
v 0.082421 0.079716 0.210632
v 0.0969147 0.082421 0.228947
v 0.082421 0.082421 0.213345
v 0.0797154 0.082421 0.210632
v 0.0645103 0.100737 0.210632
v 0.0641053 0.082421 0.204451
v 0.0641053 0.100737 0.210274
v 0.0643891 0.119053 0.210632
v 0.0641053 0.119053 0.210562
v 0.082421 0.136856 0.210632
v 0.082421 0.119053 0.227859
v 0.082421 0.137368 0.210378
v 0.0641053 0.137368 0.210029
v 0.0457895 0.119053 0.208775
v 0.0457895 0.137368 0.209317
v 0.0274736 0.119053 0.209726
v 0.0274736 0.137368 0.209188
v 0.0091579 0.119053 0.208875
v 0.0091579 0.100737 0.206582
v -0.0091579 0.100737 0.204565
v -0.0091579 0.119053 0.20579
v -0.0228338 0.119053 0.192316
v 0.0091579 0.137368 0.198461
v 0.0274736 0.100737 0.205825
v 0.0836164 0.137368 0.210632
v 0.100737 0.153277 0.210632
v 0.0457895 0.100737 0.205841
v 0.082421 0.100737 0.227924
v 0.0641053 0.0702847 0.192316
v -0.114393 0.0274736 0.100737
v -0.114707 0.0091579 0.100737
v -0.119053 0.0091579 0.0909831
v -0.119053 0.000627279 0.082421
v -0.128366 0.0091579 0.082421
v -0.137368 -0.00162947 0.0641053
v -0.100737 -0.00480413 0.100737
v -0.137368 0.0130646 0.082421
v -0.137368 0.0274736 0.0964689
v -0.151462 0.0274736 0.082421
v -0.154732 0.0091579 0.0641053
v -0.137368 0.0091579 0.0756402
v -0.155684 0.00936145 0.0641053
v -0.155684 0.0274736 0.0802694
v -0.171866 0.0274736 0.0641053
v -0.173694 0.0091579 0.0457895
v -0.174 0.0423682 0.0641053
v -0.174 0.0274736 0.0535817
v -0.174 0.020016 0.0457895
v -0.174 0.0091579 0.0354472
v -0.181948 0.0091579 0.0274736
v -0.174 0.00121933 0.0274736
v -0.155684 -0.00885123 0.0457895
v -0.18147 0.0274736 0.0457895
v -0.192316 0.0202415 0.0274736
v -0.192316 0.0099802 0.0091579
v -0.192316 0.0274736 0.0347431
v -0.199565 0.0274736 0.0274736
v -0.210632 0.0123715 0.0091579
v -0.210632 0.0274736 0.0242752
v -0.228947 0.0196869 0.0091579
v -0.228947 0.0274736 0.0170529
v -0.236736 0.0274736 0.0091579
v -0.246231 0.0457895 0.0091579
v -0.246312 0.0274736 -0.0091579
v -0.247263 0.0309167 -0.0091579
v -0.247263 0.0274736 -0.0190563
v -0.247263 0.0192075 -0.0274737
v -0.255534 0.0274736 -0.0274737
v -0.26207 0.0457895 -0.0091579
v -0.265579 0.045474 -0.0274737
v -0.265579 0.0287406 -0.0457895
v -0.265895 0.0457895 -0.0274737
v -0.282787 0.0457895 -0.0457895
v -0.283895 0.0380722 -0.0641053
v -0.283895 0.0457895 -0.0557397
v -0.283895 0.0474648 -0.0457895
v -0.291636 0.0457895 -0.0641053
v -0.28139 0.0641053 -0.0274737
v -0.283895 0.0641053 -0.0293403
v -0.278067 0.082421 -0.0274737
v -0.283895 0.082421 -0.0278255
v -0.301857 0.082421 -0.0457895
v -0.300429 0.100737 -0.0457895
v -0.283895 0.100737 -0.0292367
v -0.265579 0.100737 -0.0278859
v -0.265579 0.0974767 -0.0274737
v -0.302211 0.082421 -0.0481674
v -0.265579 0.0641053 -0.0116146
v -0.265579 0.082421 -0.0149665
v -0.302211 0.0641053 -0.0467452
v -0.319527 0.082421 -0.0641053
v -0.319619 0.0641053 -0.0641053
v -0.302211 0.0467718 -0.0641053
v -0.320526 0.0496914 -0.082421
v -0.320526 0.0641053 -0.067757
v -0.338842 0.0632598 -0.082421
v -0.338842 0.0467676 -0.100737
v -0.357158 0.049408 -0.100737
v -0.339796 0.0641053 -0.082421
v -0.357158 0.0641053 -0.085727
v -0.375474 0.0504878 -0.100737
v -0.375474 0.0641053 -0.0870183
v -0.393789 0.0479307 -0.100737
v -0.393789 0.0641053 -0.084546
v -0.375474 0.082421 -0.0841467
v -0.393789 0.082421 -0.0833448
v -0.412105 0.082421 -0.0903402
v -0.412105 0.0682423 -0.100737
v -0.411221 0.0641053 -0.100737
v -0.356854 0.082421 -0.082421
v -0.338842 0.0641053 -0.0815655
v -0.338842 0.082421 -0.0658175
v -0.35476 0.100737 -0.082421
v -0.338842 0.100737 -0.0680798
v -0.320526 0.100737 -0.0654892
v -0.357158 0.082421 -0.0825223
v -0.357158 0.100737 -0.0830006
v -0.300361 0.0641053 -0.0457895
v -0.247263 0.0457895 0.00565314
v -0.228947 0.0457895 0.0264732
v -0.210632 0.0457895 0.0259451
v -0.228947 0.0101337 -0.0091579
v -0.210632 0.0641053 0.0268813
v -0.193567 0.0641053 0.0274736
v -0.192316 0.0653275 0.0274736
v -0.192316 0.082421 0.0237498
v -0.264926 0.0641053 -0.0091579
v -0.265579 0.0457895 -0.0271555
v -0.247263 0.0641053 0.00852698
v -0.228947 0.0641053 0.00781894
v -0.228947 0.082421 0.00652939
v -0.221653 0.082421 0.0091579
v -0.174 0.0457895 0.0673254
v -0.177201 0.0457895 0.0641053
v -0.155684 0.0091579 0.0640807
v 0.174 0.119053 0.275444
v 0.119053 0.0091579 0.228879
v -0.0641053 -0.00756294 0.100737
v -0.0091579 -0.0448523 0.119053
v -0.0091579 -0.0456247 0.100737
v 0.0091579 -0.0457895 0.118964
v -0.00914782 -0.0457895 0.100737
v 0.0457895 0.0872812 0.192316
v 0.0457895 0.0274736 0.172903
v 0.0677299 0.0457895 0.174
v 0.0641053 0.0457895 0.164156
v -0.0274737 0.00327522 0.137368
v 0.0274736 0.0457895 0.172821
v 0.0519703 0.082421 0.192316
v 0.0641053 -0.0172008 0.155684
v 0.0457895 0.0457895 0.173266
v 0.0830424 0.100737 0.228947
v 0.100737 0.082421 0.232762
v 0.100737 0.0785989 0.228947
v 0.100737 0.100737 0.246662
v 0.102183 0.100737 0.247263
v 0.102862 0.119053 0.247263
v 0.119053 0.100737 0.2641
v 0.100737 0.119053 0.245566
v 0.105642 0.082421 0.247263
v 0.0841115 0.119053 0.228947
v 0.119053 0.0646827 0.247263
v -0.0251317 -0.0091579 0.137368
v -0.0260571 -0.0274737 0.100737
v -0.0091579 0.00433403 0.155684
v -0.0140604 0.0091579 0.155684
v -0.0251317 -0.0091579 0.137368
v -0.0091579 -0.0091579 0.153343
v -0.0091579 -0.0252898 0.137368
v -0.0274737 0.00327522 0.137368
v -0.0274737 0.0091579 0.143341
v -0.0109245 0.0274736 0.155684
v 0.0274736 -0.0091579 0.155446
v 0.0274736 -0.0274737 0.151744
v 0.0457895 -0.0091579 0.155355
v 0.0457895 -0.0274737 0.154928
v 0.0641053 -0.0274737 0.15428
v 0.0641053 -0.0172008 0.155684
v 0.0641053 -0.0274737 0.15428
v 0.066359 -0.0274737 0.155684
v 0.0274736 0.0457895 0.172821
v 0.0274736 0.0274736 0.171312
v 0.0457895 0.0457895 0.173266
v 0.0274736 0.0457895 0.172821
v 0.0208768 0.0457895 0.174
v 0.0091579 0.034569 0.174
v 0.0091579 0.0457895 0.184276
v -0.0091579 -0.0274737 0.136279
v -0.0264898 -0.0274737 0.119053
v -0.0091579 -0.0448523 0.119053
v 0.100737 0.0641053 0.223078
v 0.100737 0.0785989 0.228947
v 0.0883051 0.0641053 0.210632
v 0.0969147 0.082421 0.228947
v 0.115811 0.0641053 0.228947
v 0.105642 0.082421 0.247263
v 0.119053 0.0646827 0.247263
v 0.119053 0.082421 0.260685
v 0.102183 0.100737 0.247263
v 0.119053 0.100737 0.2641
v 0.137368 0.0641053 0.258265
v 0.100737 -0.0091579 0.208892
v 0.0841594 -0.0091579 0.192316
v 0.100737 -0.025793 0.192316
v 0.0827897 -0.0274737 0.174
v 0.108398 -0.0091579 0.210632
v 0.100818 0.0091579 0.210632
v 0.100737 -0.0274737 0.191897
v 0.100737 -0.0454312 0.174
v 0.115933 0.0274736 0.228947
v 0.100818 0.0091579 0.210632
v 0.119053 0.0091579 0.228879
v 0.101024 0.0274736 0.210632
v 0.100737 0.0091579 0.209158
v 0.082421 0.100737 0.227924
v 0.0841115 0.119053 0.228947
v 0.082421 0.119053 0.227859
v 0.0830424 0.100737 0.228947
v 0.174 0.0484946 0.265579
v 0.174 0.0641053 0.281252
v 0.155684 0.0630575 0.265579
v 0.192316 0.0641053 0.277752
v 0.192316 0.0519631 0.265579
v 0.119053 0.119053 0.263459
v 0.102862 0.119053 0.247263
v 0.119053 0.100737 0.2641
v 0.155684 0.0274736 0.246131
v 0.174 0.0091579 0.244802
v 0.169807 0.0274736 0.247263
v 0.174 0.0231191 0.247263
v 0.192316 0.0091579 0.235643
v -0.0251317 -0.0091579 0.137368
v -0.0274737 -0.0091579 0.128547
v -0.0274737 -0.019504 0.119053
v -0.0091579 0.100737 0.204565
v -0.0228338 0.119053 0.192316
v -0.0215453 0.100737 0.192316
v -0.0091579 0.0885338 0.192316
v -0.0091579 0.082421 0.175525
v -0.0274737 0.100737 0.192025
v -0.0274737 0.082421 0.184093
v -0.0457895 0.082421 0.18136
v -0.0457895 0.100737 0.190378
v -0.0623188 0.100737 0.174
v -0.0560696 0.082421 0.174
v -0.0641053 0.082421 0.173892
v -0.0641053 0.100737 0.17378
v -0.0641053 0.118836 0.155684
v -0.082421 0.100737 0.169995
v -0.082421 0.115035 0.155684
v -0.0968511 0.100737 0.155684
v -0.100737 0.082421 0.17177
v -0.100737 0.0985807 0.155684
v -0.118333 0.082421 0.155684
v -0.119053 0.082421 0.155633
v -0.100737 0.0641053 0.168523
v -0.115054 0.0641053 0.155684
v -0.100737 0.100737 0.150807
v -0.100737 0.114017 0.137368
v -0.082421 0.082421 0.17349
v -0.0457895 0.118602 0.174
v -0.119053 0.0641053 0.155516
v -0.119053 0.100737 0.140667
v -0.119053 0.104025 0.137368
v -0.122348 0.100737 0.137368
v -0.137368 0.082421 0.153437
v -0.137368 0.0984651 0.137368
v -0.153409 0.082421 0.137368
v -0.137368 0.0641053 0.154926
v -0.154919 0.0641053 0.137368
v -0.137368 0.0465492 0.137368
v -0.0456949 0.119053 0.174
v -0.0274737 0.100737 0.192025
v -0.0228338 0.119053 0.192316
v -0.0274737 0.119053 0.191906
v -0.0457895 0.100737 0.190378
v 0.137368 -0.0621126 0.192316
v 0.119848 -0.0457895 0.192316
v 0.127427 -0.0641053 0.174
v 0.137368 -0.0641053 0.184043
v 0.137368 -0.074039 0.174
v -0.0434881 0.0091579 0.119053
v -0.0457895 0.0091579 0.118797
v -0.0457895 -0.00900096 0.100737
v -0.0641053 -0.00756294 0.100737
v -0.0426897 -0.0091579 0.100737
v -0.0641053 -0.00756294 0.100737
v -0.0641053 0.0091579 0.117173
v -0.082421 0.00116855 0.100737
v -0.082421 0.0091579 0.108717
v -0.100737 -0.00480413 0.100737
v -0.0641053 -0.0091579 0.0992301
v -0.082421 -0.0091579 0.0962529
v -0.082421 -0.0229707 0.082421
v -0.0977282 -0.0091579 0.082421
v -0.100737 -0.0202405 0.0641053
v -0.100737 -0.0091579 0.0772477
v -0.113735 -0.0091579 0.0641053
v -0.100737 -0.00852883 0.082421
v -0.100737 0.0091579 0.114699
v -0.114707 0.0091579 0.100737
v -0.137368 0.0091579 0.0756402
v -0.154732 0.0091579 0.0641053
v -0.137368 -0.00162947 0.0641053
v -0.155684 -0.00885123 0.0457895
v -0.155684 0.0091579 0.0640807
v -0.0274737 -0.0438883 0.0641053
v -0.0274737 -0.0457895 0.0640287
v -0.0252829 -0.0457895 0.0641053
v -0.0267552 -0.0457895 0.082421
v -0.0274737 -0.0420114 0.082421
v -0.0260571 -0.0274737 0.100737
v -0.0457895 -0.0380468 0.0641053
v -0.265579 0.0457895 -0.0271555
v -0.28139 0.0641053 -0.0274737
v -0.265895 0.0457895 -0.0274737
v -0.265579 0.0641053 -0.0116146
v -0.264926 0.0641053 -0.0091579
v -0.300361 0.0641053 -0.0457895
v -0.302211 0.0467718 -0.0641053
v -0.291636 0.0457895 -0.0641053
v -0.26207 0.0457895 -0.0091579
v -0.265579 0.0457895 -0.0271555
v -0.265579 0.045474 -0.0274737
v -0.320526 0.082421 -0.0647119
v -0.338842 0.0641053 -0.0815655
v -0.320526 0.0641053 -0.067757
v -0.338842 0.082421 -0.0658175
v -0.320526 0.100737 -0.0654892
v -0.319527 0.082421 -0.0641053
v -0.357158 0.0641053 -0.085727
v -0.356854 0.082421 -0.082421
v -0.357158 0.082421 -0.0825223
v -0.375474 0.0641053 -0.0870183
v -0.375474 0.082421 -0.0841467
v -0.357158 0.100737 -0.0830006
v 0.0091579 -0.0453079 0.119053
v 0.0274736 -0.0457895 0.119033
v 0.0274736 -0.045689 0.119053
v 0.0091579 -0.0457895 0.118964
v 0.0274736 -0.0495241 0.119053
v 0.0278498 -0.0457895 0.119053
v -0.174 -0.0617806 -0.192316
v -0.155684 -0.0640914 -0.174
v -0.174 -0.0641053 -0.181259
v -0.155684 -0.0631847 -0.192316
v -0.137368 -0.0640304 -0.174
v -0.159279 -0.0641053 -0.174
v -0.174 -0.0713202 -0.174
v -0.155684 -0.0790123 -0.155684
v -0.137368 -0.0601838 -0.192316
v -0.119053 -0.063745 -0.174
v -0.119053 -0.0623218 -0.155684
v -0.100737 -0.0585381 -0.155684
v -0.100737 -0.0638469 -0.137368
v -0.174 -0.0801803 -0.155684
v -0.192316 -0.0708102 -0.155684
v -0.174 -0.0803875 -0.137368
v -0.082421 -0.0635872 -0.137368
v -0.192316 -0.0641053 -0.163861
v -0.199108 -0.0641053 -0.155684
v -0.192316 -0.0639928 -0.174
v -0.210632 -0.0508921 -0.155684
v -0.210632 -0.0635194 -0.174
v -0.210632 -0.0629923 -0.192316
v -0.192316 -0.0630054 -0.192316
v -0.210632 -0.059541 -0.210632
v -0.228947 -0.0634435 -0.210632
v -0.228947 -0.0631018 -0.228947
v -0.247263 -0.0634526 -0.228947
v -0.210632 -0.0611258 -0.228947
v -0.192316 -0.0540171 -0.210632
v -0.247263 -0.0626602 -0.210632
v -0.265579 -0.0634964 -0.228947
v -0.265579 -0.0636503 -0.247263
v -0.182676 -0.0641053 -0.174
v -0.155684 -0.0806066 -0.137368
v -0.082421 -0.0640795 -0.119053
v -0.247263 -0.0605349 -0.247263
v -0.283895 -0.0627836 -0.228947
v -0.268928 -0.0641053 -0.247263
v -0.273646 -0.0641053 -0.265579
v -0.100737 -0.0641032 -0.119053
v -0.101945 -0.0641053 -0.137368
v -0.119053 -0.0641053 -0.154644
v -0.0641053 -0.0636169 -0.137368
v -0.137368 -0.0641053 -0.17032
v -0.122809 -0.0641053 -0.155684
v -0.137368 -0.0776359 -0.155684
v -0.228947 -0.0628314 -0.192316
v -0.0766037 -0.0641053 -0.119053
v -0.0641053 -0.0641053 -0.133961
v -0.283895 -0.0641053 -0.234701
v -0.0457895 -0.0640616 -0.119053
v -0.0457895 -0.0638478 -0.137368
v -0.0274737 -0.060518 -0.137368
v -0.0398427 -0.0641053 -0.119053
v -0.0274737 -0.0641053 -0.129937
v -0.0507209 -0.0641053 -0.119053
v -0.0136666 -0.0641053 -0.119053
v -0.0091579 -0.063242 -0.119053
v -0.0457895 -0.0641053 -0.118455
v -0.302211 -0.0626574 -0.228947
v -0.082421 -0.0641053 -0.119004
v -0.100761 -0.0641053 -0.119053
v -0.119053 -0.081329 -0.119053
v -0.100737 -0.0820912 -0.100737
v -0.119053 -0.0822462 -0.100737
v -0.119053 -0.0822542 -0.082421
v -0.137368 -0.0821452 -0.100737
v -0.137368 -0.0814223 -0.082421
v -0.155684 -0.0815229 -0.100737
v -0.137368 -0.0818055 -0.119053
v -0.155684 -0.0768985 -0.082421
v -0.137368 -0.0752995 -0.0641053
v -0.115257 -0.082421 -0.082421
v -0.100737 -0.082421 -0.0988646
v -0.119053 -0.0817083 -0.0641053
v -0.100737 -0.0641053 -0.119036
v -0.119053 -0.0810335 -0.137368
v -0.114545 -0.082421 -0.0641053
v -0.265579 -0.0605621 -0.265579
v -0.283895 -0.0619278 -0.283895
v -0.283895 -0.0641053 -0.276081
v -0.155684 -0.080153 -0.119053
v -0.174 -0.079414 -0.119053
v -0.137368 -0.0799915 -0.137368
v -0.155684 -0.0641053 -0.173364
v -0.155684 -0.0640914 -0.174
v -0.137368 -0.0640304 -0.174
v -0.137368 -0.0641053 -0.17032
v -0.137368 -0.0776359 -0.155684
v -0.155684 -0.0790123 -0.155684
v -0.137368 -0.0799915 -0.137368
v -0.159279 -0.0641053 -0.174
v -0.192316 -0.0639928 -0.174
v -0.174 -0.0617806 -0.192316
v -0.182676 -0.0641053 -0.174
v -0.192316 -0.0630054 -0.192316
v -0.192316 -0.0540171 -0.210632
v -0.119053 -0.0623218 -0.155684
v -0.119053 -0.0641053 -0.154644
v -0.122809 -0.0641053 -0.155684
v -0.119053 -0.0810335 -0.137368
v -0.137368 -0.0818055 -0.119053
v -0.155684 -0.0806066 -0.137368
v -0.137368 -0.0799915 -0.137368
v -0.155684 -0.080153 -0.119053
v -0.155684 -0.0815229 -0.100737
v -0.174 -0.079414 -0.119053
v -0.155684 -0.080153 -0.119053
v 0.192316 -0.0980973 -0.0274737
v 0.207731 -0.082421 -0.0274737
v 0.192316 -0.100597 -0.0091579
v 0.192316 -0.082421 -0.0431007
v 0.209922 -0.0641053 -0.0274737
v 0.191706 -0.100737 -0.0274737
v 0.192316 -0.0641053 -0.0456865
v 0.21039 -0.082421 -0.0091579
v 0.192187 -0.0641053 -0.0457895
v 0.191383 -0.082421 -0.0457895
v 0.19224 -0.100737 -0.0091579
v 0.174 -0.118737 -0.0091579
v 0.174 -0.118417 -0.0274737
v 0.174 -0.116287 0.0091579
v 0.191934 -0.100737 0.0091579
v 0.192316 -0.100719 0.0091579
v 0.210632 -0.0813883 -0.0091579
v 0.210632 -0.082421 -0.0084486
v 0.227226 -0.082421 0.0091579
v 0.228947 -0.0682797 0.0091579
v 0.228947 -0.0813859 0.0274736
v 0.233116 -0.0641053 0.0091579
v 0.228947 -0.0641053 0.0049445
v 0.243336 -0.0457895 0.0091579
v 0.228947 -0.0457895 -0.00525516
v 0.225064 -0.0457895 -0.0091579
v 0.22653 -0.0641053 -0.0091579
v 0.24514 -0.0641053 0.0274736
v 0.22859 -0.082421 0.0274736
v 0.228947 -0.082421 0.0290292
v 0.247007 -0.082421 0.0457895
v 0.228947 -0.0966926 0.0457895
v 0.210632 -0.0996866 0.0274736
v 0.247263 -0.0603495 0.0274736
v 0.247263 -0.0641053 0.0302693
v 0.263184 -0.0641053 0.0457895
v 0.265579 -0.063273 0.0457895
v 0.265579 -0.0641053 0.0462247
v 0.247263 -0.082421 0.0460041
v 0.265579 -0.082421 0.0481506
v 0.283895 -0.0641053 0.0467656
v 0.283895 -0.0457895 0.0490856
v 0.283895 -0.082421 0.0603598
v 0.301167 -0.0641053 0.0641053
v 0.283895 -0.0860284 0.0641053
v 0.287488 -0.082421 0.0641053
v 0.265579 -0.0984174 0.0641053
v 0.260669 -0.0457895 0.0274736
v 0.265579 -0.0457895 0.028845
v 0.247263 -0.0457895 0.0140622
v 0.298954 -0.082421 0.082421
v 0.210632 -0.0641053 -0.0250539
v 0.210632 -0.0990772 0.0091579
v 0.247263 -0.0971941 0.0641053
v 0.283895 -0.0975854 0.082421
v 0.191383 -0.082421 -0.0457895
v 0.192316 -0.082421 -0.0431007
v 0.192316 -0.0980973 -0.0274737
v 0.191706 -0.100737 -0.0274737
v 0.210632 -0.0996866 0.0274736
v 0.192316 -0.100719 0.0091579
v 0.210632 -0.0990772 0.0091579
v 0.247263 -0.082421 0.0460041
v 0.247263 -0.0971941 0.0641053
v 0.247007 -0.082421 0.0457895
v 0.247263 -0.0821933 0.0457895
v 0.247007 -0.082421 0.0457895
v 0.228947 -0.0813859 0.0274736
v 0.24514 -0.0641053 0.0274736
v 0.247263 -0.0641053 0.0302693
v 0.263184 -0.0641053 0.0457895
v 0.247263 -0.082421 0.0460041
v 0.265579 -0.0457895 0.028845
v 0.283103 -0.0457895 0.0457895
v 0.265579 -0.063273 0.0457895
v 0.265579 -0.0641053 0.0462247
v 0.283895 -0.0457895 0.0490856
v 0.100737 -0.0407494 0.0091579
v 0.100737 -0.0457895 0.016724
v 0.0950862 -0.0457895 0.0091579
v 0.100737 -0.0556639 0.0274736
v 0.0860837 -0.0641053 0.0274736
v 0.100737 -0.0641053 0.0429086
v 0.0959812 -0.0641053 0.0091579
v 0.0992017 -0.0457895 -0.0091579
v 0.100737 -0.0669174 0.0457895
v 0.110477 -0.0457895 0.0274736
v 0.082421 -0.067784 0.0274736
v 0.0984993 -0.0274737 -0.0091579
v 0.103535 -0.0641053 0.0457895
v 0.100737 -0.0641053 0.0498657
v 0.082421 -0.0808449 0.0641053
v 0.0997005 -0.0641053 0.0641053
v 0.100737 -0.0634348 0.0641053
v 0.100737 -0.0641053 0.0674717
v 0.119053 -0.0640267 0.082421
v 0.117059 -0.0641053 0.082421
v 0.119053 -0.0641053 0.0930179
v 0.119053 -0.0677439 0.100737
v 0.100737 -0.0775727 0.082421
v 0.119053 -0.0546588 0.0641053
v 0.130758 -0.0457895 0.0641053
v 0.119053 -0.0457895 0.0552355
v 0.119053 -0.0337397 0.0457895
v 0.137368 -0.0443823 0.0641053
v 0.12651 -0.0274737 0.0457895
v 0.119053 -0.0274737 0.0398494
v 0.137368 -0.0248891 0.0457895
v 0.137368 -0.0091579 0.0297301
v 0.119053 -0.0091579 0.0294597
v 0.118805 -0.0091579 0.0274736
v 0.119053 -0.00911123 0.0274736
v 0.116599 -0.0274737 0.0274736
v 0.113143 -0.0274737 0.0091579
v 0.082421 -0.0807433 0.0457895
v 0.0641053 -0.0821797 0.0274736
v 0.0641053 -0.082421 0.0283884
v 0.077747 -0.082421 0.0457895
v 0.0641053 -0.0820659 0.0091579
v 0.0641053 -0.0953616 0.0457895
v 0.082421 -0.0774669 0.0091579
v 0.118902 -0.0457895 0.0457895
v 0.100737 -0.0274737 -0.00405335
v 0.104404 -0.0091579 -0.0091579
v 0.0905303 -0.0274737 -0.0274737
v 0.082421 -0.0457895 -0.0267522
v 0.082421 -0.0387793 -0.0274737
v 0.0821246 -0.0457895 -0.0274737
v 0.0821271 -0.0274737 -0.0457895
v 0.082421 -0.0274737 -0.0448779
v 0.082421 -0.0274262 -0.0457895
v 0.100737 -0.0224109 -0.0274737
v 0.104404 -0.0091579 -0.0091579
v 0.118775 -0.0091579 0.0091579
v 0.113143 -0.0274737 0.0091579
v 0.116599 -0.0274737 0.0274736
v 0.110477 -0.0457895 0.0274736
v 0.118805 -0.0091579 0.0274736
v 0.118902 -0.0457895 0.0457895
v 0.119053 -0.00893617 0.0091579
v 0.119053 -0.00911123 0.0274736
v 0.118775 -0.0091579 0.0091579
v 0.119053 -0.00893617 0.0091579
v 0.118805 -0.0091579 0.0274736
v 0.100737 -0.0134696 -0.0091579
v 0.100737 -0.0274737 -0.00405335
v 0.0984993 -0.0274737 -0.0091579
v 0.0905303 -0.0274737 -0.0274737
v 0.104404 -0.0091579 -0.0091579
v 0.100737 -0.0224109 -0.0274737
v 0.113431 -0.0091579 -0.0274737
v 0.100737 -0.0091579 -0.0427279
v 0.108295 0.0091579 -0.0274737
v 0.100156 -0.0091579 -0.0457895
v 0.082421 -0.0274262 -0.0457895
v 0.082421 -0.0274737 -0.0448779
v 0.0821271 -0.0274737 -0.0457895
v 0.0720466 -0.0274737 -0.0641053
v 0.0705625 -0.0457895 -0.0457895
v -0.100737 0.0457895 -0.0986329
v -0.117223 0.0457895 -0.082421
v -0.100737 0.0641053 -0.0978553
v -0.113869 0.0274736 -0.082421
v -0.100737 0.0274736 -0.0955878
v -0.11819 0.0091579 -0.082421
v -0.118536 0.0091579 -0.0641053
v -0.11619 0.0641053 -0.082421
v -0.100737 0.0091579 -0.10067
v -0.082421 0.0641053 -0.100324
v -0.113124 0.0274736 -0.0641053
v -0.0839643 0.0274736 -0.100737
v -0.100737 0.082421 -0.0961569
v -0.114536 0.082421 -0.082421
v -0.100737 0.100737 -0.0869156
v -0.105309 0.100737 -0.082421
v -0.119053 0.100737 -0.0769908
v -0.100737 0.119053 -0.0746635
v -0.100737 0.105336 -0.082421
v -0.119053 0.082421 -0.071265
v -0.0967582 0.0457895 -0.100737
v -0.126295 0.082421 -0.0641053
v -0.13196 0.100737 -0.0641053
v -0.137368 0.100737 -0.0630903
v -0.137368 0.119053 -0.0772634
v -0.119053 0.119053 -0.0792515
v -0.137368 0.106684 -0.0641053
v -0.119053 0.0688395 -0.0641053
v -0.118995 0.0641053 -0.0641053
v -0.082421 0.0457895 -0.114578
v -0.082421 0.0274736 -0.102077
v -0.0641053 0.0457895 -0.116306
v -0.0641053 0.0274736 -0.102424
v -0.0457895 0.0457895 -0.116836
v -0.0457895 0.0274736 -0.117982
v -0.150519 0.119053 -0.0641053
v -0.137368 0.131577 -0.0641053
v -0.155684 0.119053 -0.0506505
v -0.155684 0.127425 -0.0457895
v -0.159776 0.119053 -0.0457895
v -0.11807 0.0457895 -0.0641053
v -0.113114 0.0274736 -0.0457895
v -0.119053 0.0457895 -0.0619829
v -0.119053 0.0314158 -0.0457895
v -0.137368 0.0457895 -0.0492352
v -0.137368 0.0421699 -0.0457895
v -0.119053 0.0641053 -0.0498303
v -0.119053 0.0641053 -0.0498303
v -0.137368 0.082421 -0.063143
v -0.119053 0.0688395 -0.0641053
v -0.100737 0.0274736 -0.0955878
v -0.0839643 0.0274736 -0.100737
v -0.100181 0.0091579 -0.100737
v -0.100737 0.0091579 -0.10067
v -0.082421 -0.119053 -0.12398
v -0.0966247 -0.119053 -0.137368
v -0.082421 -0.129102 -0.119053
v -0.0641053 -0.119519 -0.119053
v -0.0641053 -0.119053 -0.119563
v -0.0641053 -0.110741 -0.119053
v -0.0728588 -0.100737 -0.119053
v -0.082421 -0.137368 -0.110851
v -0.0641053 -0.137368 -0.101167
v -0.082421 -0.155684 -0.101519
v -0.0641053 -0.155684 -0.100916
v -0.0641053 -0.174 -0.107916
v -0.0457895 -0.174 -0.106684
v -0.0641053 -0.100737 -0.109829
v -0.0772209 -0.082421 -0.119053
v -0.0906467 -0.137368 -0.119053
v -0.0602641 -0.137368 -0.100737
v -0.082421 -0.105651 -0.137368
v -0.0598633 -0.119053 -0.119053
v -0.0621054 -0.155684 -0.100737
v -0.0457895 -0.155684 -0.0845718
v -0.0457895 -0.137368 -0.0872014
v -0.0304055 -0.137368 -0.082421
v -0.0373561 -0.155684 -0.082421
v -0.0274737 -0.155684 -0.0729946
v -0.0274737 -0.137368 -0.0796415
v -0.0091579 -0.155684 -0.0658856
v -0.0202065 -0.137368 -0.0641053
v -0.0091579 -0.148629 -0.0641053
v -0.0091579 -0.137368 -0.0531399
v -0.0091579 -0.126398 -0.0641053
v -0.00447667 -0.119053 -0.0641053
v 0.0091579 -0.119053 -0.0498357
v 0.0091579 -0.137368 -0.047618
v 0.0146352 -0.119053 -0.0457895
v 0.0171374 -0.137368 -0.0457895
v 0.0274736 -0.137368 -0.0361621
v 0.0274736 -0.119053 -0.0337351
v 0.0457895 -0.119053 -0.0283473
v 0.0457895 -0.101282 -0.0457895
v 0.0478477 -0.100737 -0.0457895
v 0.0559934 -0.119053 -0.0274737
v 0.0641053 -0.137368 -0.0288861
v 0.0641053 -0.127325 -0.0274737
v 0.0457895 -0.137368 -0.0298478
v 0.0274736 -0.147023 -0.0457895
v 0.0274736 -0.105819 -0.0457895
v -0.0091579 -0.119053 -0.0664417
v -0.0262138 -0.119053 -0.082421
v -0.0274737 -0.108572 -0.082421
v -0.0091579 -0.110286 -0.0641053
v 0.00668508 -0.155684 -0.0641053
v -0.0274737 -0.132642 -0.082421
v -0.0999863 -0.155684 -0.119053
v -0.082421 -0.173617 -0.119053
v -0.082421 -0.174 -0.119261
v -0.100737 -0.155684 -0.121518
v -0.100737 -0.174 -0.121413
v -0.119053 -0.155684 -0.136913
v -0.100737 -0.137596 -0.137368
v -0.119053 -0.15506 -0.137368
v -0.119508 -0.155684 -0.137368
v -0.137368 -0.144404 -0.155684
v -0.137368 -0.155684 -0.14668
v -0.146346 -0.155684 -0.155684
v -0.155684 -0.138595 -0.174
v -0.153113 -0.137368 -0.174
v -0.155684 -0.137368 -0.176907
v -0.169834 -0.137368 -0.192316
v -0.155684 -0.123412 -0.192316
v -0.174 -0.141662 -0.192316
v -0.172075 -0.155684 -0.174
v -0.174 -0.155684 -0.178451
v -0.188664 -0.155684 -0.192316
v -0.192316 -0.174 -0.183034
v -0.192316 -0.163417 -0.192316
v -0.201615 -0.174 -0.192316
v -0.192316 -0.192316 -0.178012
v -0.206732 -0.192316 -0.192316
v -0.192316 -0.209103 -0.192316
v -0.192316 -0.210632 -0.192456
v -0.208997 -0.174 -0.210632
v -0.210632 -0.192316 -0.200173
v -0.210632 -0.180802 -0.210632
v -0.221649 -0.192316 -0.210632
v -0.207142 -0.174 -0.228947
v -0.210632 -0.175392 -0.228947
v -0.228947 -0.179238 -0.228947
v -0.20994 -0.155684 -0.228947
v -0.228947 -0.192316 -0.215269
v -0.205693 -0.155684 -0.210632
v -0.192316 -0.142062 -0.210632
v -0.174 -0.174 -0.175238
v -0.137368 -0.122628 -0.174
v -0.155684 -0.155684 -0.157653
v -0.137368 -0.174 -0.143887
v -0.150372 -0.174 -0.155684
v -0.137368 -0.189235 -0.155684
v -0.119053 -0.192316 -0.143601
v -0.134474 -0.192316 -0.155684
v -0.174 -0.210632 -0.192751
v -0.135342 -0.137368 -0.155684
v -0.119053 -0.174 -0.137713
v -0.137368 -0.192316 -0.156146
v -0.119053 -0.137368 -0.139743
v -0.137368 -0.137368 -0.158268
v -0.192316 -0.155684 -0.196307
v -0.0457895 -0.116439 -0.100737
v -0.047463 -0.119053 -0.100737
v -0.174 -0.192316 -0.174309
v -0.0091579 -0.100737 -0.0544035
v -0.17104 -0.174 -0.174
v -0.172097 -0.192316 -0.174
v -0.155684 -0.192316 -0.158852
v -0.155684 -0.174 -0.158434
v -0.119053 -0.121635 -0.155684
v -0.110856 -0.119053 -0.155684
v -0.0457895 -0.119053 -0.099106
v -0.100737 -0.137368 -0.137416
v -0.100737 -0.119053 -0.145508
v -0.100737 -0.110042 -0.155684
v -0.119053 -0.119053 -0.169826
v -0.119053 -0.115609 -0.174
v -0.122874 -0.119053 -0.174
v -0.132634 -0.119053 -0.192316
v -0.0274737 -0.119053 -0.083891
v -0.119053 -0.157579 -0.137368
v -0.0399616 -0.113054 -0.0949962
v -0.118482 -0.174 -0.137368
v -0.242107 -0.192316 -0.228947
v -0.0457895 -0.116439 -0.100737
v -0.047463 -0.119053 -0.100737
v -0.0457895 -0.119053 -0.099106
v -0.0399616 -0.113054 -0.0949962
v -0.0906467 -0.137368 -0.119053
v -0.100606 -0.137368 -0.137368
v -0.0999863 -0.155684 -0.119053
v -0.0966247 -0.119053 -0.137368
v -0.100737 -0.155684 -0.121518
v -0.100737 -0.137368 -0.137416
v -0.100737 -0.119053 -0.145508
v -0.100737 -0.137596 -0.137368
v -0.082421 -0.105651 -0.137368
v -0.100737 -0.110042 -0.155684
v -0.100737 -0.119053 -0.145508
v -0.137368 -0.137368 -0.158268
v -0.135342 -0.137368 -0.155684
v -0.137368 -0.122628 -0.174
v -0.119053 -0.121635 -0.155684
v -0.192316 -0.155684 -0.196307
v -0.192316 -0.142062 -0.210632
v -0.205693 -0.155684 -0.210632
v -0.155684 -0.192316 -0.158852
v -0.137368 -0.192316 -0.156146
v -0.155684 -0.174 -0.158434
v -0.119053 0.078224 0.082421
v -0.137368 0.082421 0.0808513
v -0.137368 0.0767482 0.082421
v -0.137368 0.0641053 0.0955394
v -0.119053 0.0641053 0.097514
v -0.119053 0.082421 0.0821921
v -0.119053 0.100737 0.0812238
v -0.100737 0.100737 0.082419
v -0.117049 0.082421 0.082421
v -0.100737 0.0817652 0.100737
v -0.118384 0.0641053 0.100737
v -0.100737 0.082421 0.0992778
v -0.0970497 0.082421 0.100737
v -0.100737 0.0641053 0.118665
v -0.082421 0.082421 0.112713
v -0.082421 0.0943277 0.100737
v -0.0641053 0.0964161 0.100737
v -0.0641053 0.082421 0.114484
v -0.0457895 0.0950388 0.100737
v -0.0641053 0.100737 0.0994459
v -0.0457895 0.100737 0.0969513
v -0.0457895 0.115376 0.082421
v -0.0274737 0.110062 0.082421
v -0.0274737 0.100737 0.091759
v -0.0091579 0.117141 0.082421
v -0.0091579 0.100737 0.099348
v -0.0457895 0.082421 0.113248
v -0.0641053 0.0641053 0.118244
v -0.0457895 0.0641053 0.118229
v -0.0274737 0.082421 0.106011
v -0.0274737 0.0647902 0.119053
v -0.0091579 0.0801929 0.119053
v -0.0091579 0.082421 0.118387
v -0.0091579 0.094564 0.119053
v -0.0124491 0.100737 0.119053
v -1.7643e-05 0.082421 0.119053
v -0.0641053 0.0457895 0.11894
v -0.0641053 0.117628 0.082421
v -0.0274737 0.0875194 0.100737
v -0.082421 0.100737 0.0982494
v -0.082421 0.0641053 0.118371
v -0.119053 0.0714351 0.119053
v -0.1063 0.0641053 0.119053
v -0.0281419 0.0641053 0.119053
v -0.0457895 0.0457895 0.114691
v -0.082421 0.11651 0.082421
v -0.0091579 0.0997133 0.100737
v -0.119053 0.082421 0.0821921
v -0.117049 0.082421 0.082421
v -0.100737 0.100728 0.082421
v -0.100737 0.082421 0.0992778
v -0.0970497 0.082421 0.100737
v -0.082421 0.0943277 0.100737
v -0.100729 0.100737 0.082421
v -0.082421 0.100737 0.0982494
v -0.082421 0.11651 0.082421
v -0.00692117 0.100737 0.100737
v -0.0091579 0.100737 0.099348
v -0.0091579 0.0997133 0.100737
v -0.00886625 0.119053 0.082421
v 0.320526 -0.0125768 0.192316
v 0.320526 -0.0274737 0.20408
v 0.316464 -0.0274737 0.192316
v 0.320129 -0.0274737 0.174
v 0.320526 -0.0242149 0.174
v 0.304605 -0.0457895 0.174
v 0.302211 -0.0414327 0.192316
v 0.320526 -0.0336024 0.210632
v 0.302211 -0.0230021 0.155684
v 0.335452 -0.0091579 0.174
v 0.302211 -0.0274737 0.156024
v 0.320526 -0.0091579 0.158108
v 0.330314 0.0091579 0.155684
v 0.320526 -0.00230736 0.155684
v 0.320526 0.0091579 0.145789
v 0.319301 0.0091579 0.137368
v 0.320034 0.0274736 0.155684
v 0.337776 0.0091579 0.174
v 0.337216 0.0274736 0.174
v 0.330667 0.0091579 0.192316
v 0.334723 0.0274736 0.192316
v 0.33804 0.0274736 0.210632
v 0.319447 0.0274736 0.137368
v 0.319881 0.0457895 0.137368
v 0.319766 0.0274736 0.119053
v 0.320289 0.0457895 0.119053
v 0.317138 0.0457895 0.155684
v 0.320377 0.0457895 0.174
v 0.319642 0.0641053 0.174
v 0.318379 0.0457895 0.192316
v 0.31844 0.0641053 0.192316
v 0.320083 0.0457895 0.210632
v 0.320526 0.0421315 0.192316
v 0.314018 0.0091579 0.119053
v 0.317009 0.0274736 0.100737
v 0.320119 0.0091579 0.100737
v 0.3181 0.0091579 0.082421
v 0.316054 -0.0091579 0.100737
v 0.311241 -0.0091579 0.082421
v 0.314151 -0.0274737 0.100737
v 0.302211 -0.0274737 0.0839509
v 0.302211 -0.0247444 0.082421
v 0.302211 -0.0457895 0.0864378
v 0.312003 -0.0457895 0.100737
v 0.302211 -0.0562555 0.100737
v 0.302211 -0.0457895 0.111934
v 0.30152 -0.0641053 0.100737
v 0.301949 -0.0457895 0.119053
v 0.302091 -0.0641053 0.119053
v 0.294081 -0.0641053 0.137368
v 0.301922 -0.0457895 0.137368
v 0.302211 -0.0349385 0.137368
v 0.302211 -0.0274737 0.145727
v 0.301794 -0.0457895 0.155684
v 0.309655 -0.0274737 0.137368
v 0.295058 -0.082421 0.119053
v 0.302211 -0.0433431 0.119053
v 0.302211 0.0262148 0.082421
v 0.302211 -0.0091579 0.0722629
v 0.319849 -0.0091579 0.119053
v 0.323666 -0.0091579 0.192316
v 0.302211 -0.0457895 0.171613
v 0.301994 -0.0274737 0.082421
v 0.302211 0.0274736 0.0841705
v 0.311983 0.0457895 0.082421
v 0.302211 0.0325527 0.082421
v 0.302211 0.0457895 0.0726538
v 0.295269 0.0457895 0.0641053
v 0.30204 0.0274736 0.082421
v 0.320526 0.044229 0.174
v 0.316672 -0.0091579 0.155684
v 0.302211 -0.0457895 0.176396
v 0.301754 -0.0457895 0.192316
v 0.283895 -0.0636719 0.192316
v 0.302211 -0.0482113 0.174
v 0.283895 -0.0457895 0.210506
v 0.265579 -0.0589821 0.210632
v 0.283895 -0.0450814 0.210632
v 0.320526 0.0274736 0.156099
v 0.320526 0.0242777 0.155684
v 0.318647 0.0457895 0.100737
v 0.302157 -0.0457895 0.082421
v 0.293803 -0.0274737 0.0641053
v 0.29713 -0.0457895 0.0641053
v 0.30155 -0.0641053 0.082421
v 0.301167 -0.0641053 0.0641053
v 0.298954 -0.082421 0.082421
v 0.283895 -0.0641053 0.0467656
v 0.283895 -0.0457895 0.0490856
v 0.283895 -0.0274737 0.054148
v 0.275141 -0.0274737 0.0457895
v 0.265579 -0.0146496 0.0457895
v 0.265579 -0.0091579 0.0460521
v 0.283895 -0.0091579 0.0520298
v 0.283895 0.0091579 0.0458015
v 0.283863 0.0091579 0.0457895
v 0.265579 -0.00882429 0.0457895
v 0.265579 0.0091579 0.0281717
v 0.247263 -0.0091579 0.0344348
v 0.30195 0.0091579 0.0641053
v 0.265579 -0.0274737 0.0364277
v 0.265579 -0.0457895 0.028845
v 0.283103 -0.0457895 0.0457895
v 0.293936 0.0274736 0.0641053
v 0.296872 -0.0091579 0.0641053
v 0.317284 -0.0274737 0.119053
v 0.319068 -0.0091579 0.137368
v 0.29927 -0.082421 0.100737
v 0.283895 0.0274736 0.0539959
v 0.301794 -0.0457895 0.155684
v 0.302211 -0.0274737 0.156024
v 0.302211 -0.0457895 0.171613
v 0.302211 -0.0482113 0.174
v 0.301508 -0.0274737 0.155684
v 0.301922 -0.0457895 0.137368
v 0.302211 -0.0274737 0.145727
v 0.304605 -0.0457895 0.174
v 0.302211 -0.0230021 0.155684
v 0.309655 -0.0274737 0.137368
v 0.316672 -0.0091579 0.155684
v 0.319068 -0.0091579 0.137368
v 0.319849 -0.0091579 0.119053
v 0.317284 -0.0274737 0.119053
v 0.283895 -0.0457895 0.210506
v 0.283895 -0.0450814 0.210632
v 0.281921 -0.0457895 0.210632
v 0.30195 0.0091579 0.0641053
v 0.302211 -0.0091579 0.0722629
v 0.296872 -0.0091579 0.0641053
v 0.302211 0.0091579 0.0665267
v 0.3181 0.0091579 0.082421
v 0.302211 0.0262148 0.082421
v 0.293936 0.0274736 0.0641053
v 0.283895 0.0274736 0.0539959
v 0.295269 0.0457895 0.0641053
v 0.283895 0.0457895 0.0526966
v 0.293936 0.0274736 0.0641053
v 0.30204 0.0274736 0.082421
v 0.30195 0.0091579 0.0641053
v 0.302211 0.0091579 0.0665267
v 0.302211 0.0262148 0.082421
v 0.302157 -0.0457895 0.082421
v 0.302211 -0.0457895 0.0864378
v 0.302211 -0.0562555 0.100737
v 0.30152 -0.0641053 0.100737
v 0.30155 -0.0641053 0.082421
v 0.29927 -0.082421 0.100737
v 0.320034 0.0274736 0.155684
v 0.320526 0.0242777 0.155684
v 0.320526 0.0091579 0.145789
v 0.330314 0.0091579 0.155684
v 0.337216 0.0274736 0.174
v 0.320526 0.0274736 0.156099
v 0.320526 0.044229 0.174
v 0.320377 0.0457895 0.174
v -0.228947 0.0457895 0.0264732
v -0.228947 0.0636687 0.0091579
v -0.246231 0.0457895 0.0091579
v -0.247263 0.0457895 0.00565314
v -0.228947 0.0641053 0.00781894
v -0.228695 0.0641053 0.0091579
v -0.210632 0.0641053 0.0268813
v -0.221653 0.082421 0.0091579
v -0.210632 0.082421 0.0201245
v -0.192316 0.082421 0.0237498
v -0.192316 0.0987513 0.0091579
v -0.210632 0.0933542 0.0091579
v -0.210632 0.100737 0.000619292
v -0.192316 0.100737 0.0034622
v -0.189429 0.100737 0.0091579
v -0.174 0.113864 0.0091579
v -0.174 0.100737 0.0222891
v -0.155684 0.102623 0.0274736
v -0.155684 0.113962 0.0091579
v -0.137368 0.11682 0.0274736
v -0.155684 0.100737 0.0295025
v -0.137368 0.118128 0.0091579
v -0.119053 0.118492 0.0274736
v -0.119053 0.114547 0.0457895
v -0.11325 0.119053 0.0274736
v -0.174 0.0981246 0.0274736
v -0.174 0.111377 -0.0091579
v -0.137368 0.100737 0.0446621
v -0.155684 0.100737 -0.00780463
v -0.153303 0.119053 -0.0091579
v -0.157576 0.100737 0.0274736
v -0.155684 0.0990132 0.0457895
v -0.192316 0.110346 -0.0091579
v -0.225109 0.100737 -0.0091579
v -0.228947 0.0998331 -0.0091579
v -0.228947 0.082421 0.00652939
v -0.247142 0.082421 -0.0091579
v -0.247263 0.0641053 0.00852698
v -0.247263 0.0823935 -0.0091579
v -0.264926 0.0641053 -0.0091579
v -0.265579 0.0641053 -0.0116146
v -0.247263 0.082421 -0.00919151
v -0.265579 0.082421 -0.0149665
v -0.247263 0.100737 -0.0127125
v -0.26374 0.100737 -0.0274737
v -0.247263 0.116012 -0.0274737
v -0.265579 0.100737 -0.0278859
v -0.247263 0.119053 -0.029783
v -0.265579 0.119053 -0.0420747
v -0.283895 0.100737 -0.0292367
v -0.247263 0.134656 -0.0457895
v -0.228947 0.136131 -0.0457895
v -0.228947 0.119053 -0.0277841
v -0.210632 0.133027 -0.0457895
v -0.247263 0.137093 -0.0641053
v -0.265579 0.136962 -0.0641053
v -0.265579 0.137151 -0.082421
v -0.247263 0.137153 -0.082421
v -0.265579 0.136663 -0.100737
v -0.247263 0.136474 -0.100737
v -0.228947 0.136796 -0.082421
v -0.228947 0.133165 -0.100737
v -0.283895 0.136947 -0.082421
v -0.265579 0.131957 -0.119053
v -0.283895 0.134608 -0.0641053
v -0.302211 0.134015 -0.082421
v -0.302211 0.136273 -0.100737
v -0.302211 0.119053 -0.0672663
v -0.31982 0.119053 -0.082421
v -0.302211 0.110847 -0.0641053
v -0.320526 0.134011 -0.100737
v -0.320526 0.136288 -0.119053
v -0.338842 0.136378 -0.119053
v -0.338842 0.136209 -0.137368
v -0.357158 0.136149 -0.137368
v -0.357158 0.135384 -0.155684
v -0.338842 0.134479 -0.155684
v -0.375474 0.13572 -0.155684
v -0.375474 0.131574 -0.174
v -0.393789 0.135754 -0.174
v -0.393789 0.136435 -0.155684
v -0.412105 0.136123 -0.174
v -0.412105 0.136141 -0.192316
v -0.430421 0.125522 -0.192316
v -0.430421 0.136215 -0.174
v -0.436774 0.119053 -0.192316
v -0.412105 0.134606 -0.155684
v -0.430421 0.134189 -0.155684
v -0.412105 0.128504 -0.137368
v -0.430421 0.119053 -0.138108
v -0.427597 0.119053 -0.137368
v -0.430421 0.118524 -0.137368
v -0.412105 0.113321 -0.119053
v -0.430421 0.110329 -0.119053
v -0.448737 0.1175 -0.137368
v -0.448737 0.118853 -0.155684
v -0.466461 0.100737 -0.155684
v -0.465486 0.100737 -0.137368
v -0.448737 0.100737 -0.119448
v -0.430421 0.100737 -0.109453
v -0.412105 0.100737 -0.106827
v -0.412105 0.0931506 -0.100737
v -0.430421 0.089308 -0.100737
v -0.430421 0.082421 -0.0938895
v -0.412105 0.082421 -0.0903402
v -0.446272 0.082421 -0.100737
v -0.395864 0.100737 -0.100737
v -0.393789 0.102757 -0.100737
v -0.406471 0.119053 -0.119053
v -0.393789 0.119053 -0.106847
v -0.393789 0.131037 -0.119053
v -0.375474 0.135156 -0.119053
v -0.375474 0.119053 -0.102718
v -0.375474 0.113661 -0.100737
v -0.448737 0.0641053 -0.0835592
v -0.448737 0.0823022 -0.100737
v -0.448737 0.082421 -0.100977
v -0.467053 0.0641053 -0.0840358
v -0.467053 0.0812418 -0.100737
v -0.485368 0.0641053 -0.0858932
v -0.485368 0.078966 -0.100737
v -0.500178 0.0641053 -0.100737
v -0.49859 0.0641053 -0.119053
v -0.485368 0.0593683 -0.082421
v -0.498916 0.0457895 -0.082421
v -0.485368 0.0457895 -0.0687667
v -0.467053 0.0589221 -0.082421
v -0.467053 0.0457895 -0.0695874
v -0.467053 0.082421 -0.10156
v -0.485368 0.0773762 -0.119053
v -0.412105 0.119053 -0.12712
v -0.393789 0.135111 -0.137368
v -0.447624 0.119053 -0.174
v -0.393789 0.130574 -0.192316
v -0.357158 0.13627 -0.119053
v -0.320526 0.134508 -0.137368
v -0.338842 0.134615 -0.100737
v -0.228947 0.137022 -0.0641053
v -0.283895 0.137182 -0.100737
v -0.265579 0.122718 -0.0457895
v -0.299606 0.119053 -0.0641053
v -0.283895 0.11737 -0.0457895
v -0.300429 0.100737 -0.0457895
v -0.302211 0.100737 -0.0543758
v -0.302211 0.082421 -0.0481674
v -0.312941 0.100737 -0.0641053
v -0.319527 0.082421 -0.0641053
v -0.320526 0.082421 -0.0647119
v -0.320526 0.100737 -0.0654892
v -0.269464 0.119053 -0.0457895
v -0.210632 0.119053 -0.0300822
v -0.194832 0.119053 -0.0457895
v -0.192316 0.118833 -0.0457895
v -0.228947 0.118869 -0.0274737
v -0.210632 0.118424 -0.0274737
v -0.265579 0.0974767 -0.0274737
v -0.278067 0.082421 -0.0274737
v -0.320526 0.119053 -0.0831621
v -0.228947 0.100737 -0.00939816
v -0.283895 0.1353 -0.119053
v -0.302211 0.136354 -0.119053
v -0.302211 0.130186 -0.137368
v -0.137368 0.100438 0.0457895
v -0.137368 0.100695 0.0641053
v -0.134682 0.100737 0.0457895
v -0.283895 0.119053 -0.0484409
v -0.393789 0.100737 -0.0988218
v -0.393789 0.082421 -0.0833448
v -0.375474 0.100737 -0.0884362
v -0.375474 0.082421 -0.0841467
v -0.357158 0.100737 -0.0830006
v -0.484132 0.082421 -0.119053
v -0.467053 0.0994862 -0.119053
v -0.483731 0.082421 -0.137368
v -0.467053 0.0992237 -0.137368
v -0.210632 0.132621 -0.0641053
v -0.44752 0.119053 -0.155684
v -0.210632 0.110817 -0.0091579
v -0.445703 0.100737 -0.119053
v -0.448737 0.100187 -0.119053
v -0.338842 0.119053 -0.0849625
v -0.320526 0.118728 -0.082421
v -0.338842 0.11545 -0.082421
v -0.338842 0.100737 -0.0680798
v -0.35476 0.100737 -0.082421
v -0.356977 0.119053 -0.100737
v -0.357158 0.119053 -0.100805
v -0.192316 0.118097 -0.0274737
v -0.375474 0.135323 -0.137368
v -0.225109 0.100737 -0.0091579
v -0.228947 0.100737 -0.00939816
v -0.228947 0.0998331 -0.0091579
v -0.210632 0.110817 -0.0091579
v -0.265579 0.119053 -0.0420747
v -0.265579 0.122718 -0.0457895
v -0.269464 0.119053 -0.0457895
v -0.283895 0.119053 -0.0484409
v -0.283895 0.11737 -0.0457895
v -0.283895 0.100737 -0.0292367
v -0.300429 0.100737 -0.0457895
v -0.302211 0.110847 -0.0641053
v -0.31982 0.119053 -0.082421
v -0.320526 0.118728 -0.082421
v -0.312941 0.100737 -0.0641053
v -0.320526 0.100737 -0.0654892
v -0.338842 0.100737 -0.0680798
v -0.320526 0.119053 -0.0831621
v -0.35476 0.100737 -0.082421
v -0.338842 0.11545 -0.082421
v -0.357158 0.118993 -0.100737
v -0.357158 0.100737 -0.0830006
v -0.375474 0.100737 -0.0884362
v -0.375474 0.113661 -0.100737
v -0.375474 0.119053 -0.102718
v -0.357158 0.119053 -0.100805
v -0.356977 0.119053 -0.100737
v -0.446272 0.082421 -0.100737
v -0.430421 0.089308 -0.100737
v -0.448737 0.100187 -0.119053
v -0.448737 0.082421 -0.100977
v -0.467053 0.082421 -0.10156
v -0.467053 0.0994862 -0.119053
v -0.467053 0.0992237 -0.137368
v -0.465486 0.100737 -0.137368
v -0.448737 0.100737 -0.119448
v -0.445703 0.100737 -0.119053
v -0.393789 0.131037 -0.119053
v -0.412105 0.128504 -0.137368
v -0.412105 0.119053 -0.12712
v -0.393789 0.135111 -0.137368
v -0.430421 0.118524 -0.137368
v -0.430421 0.119053 -0.138108
v -0.44752 0.119053 -0.155684
v -0.430421 0.134189 -0.155684
v -0.448737 0.118853 -0.155684
v -0.447624 0.119053 -0.174
v -0.210632 0.118424 -0.0274737
v -0.228947 0.119053 -0.0277841
v -0.228947 0.118869 -0.0274737
v -0.210632 0.110817 -0.0091579
v -0.192316 0.110346 -0.0091579
v -0.192316 0.118097 -0.0274737
v -0.134682 0.100737 0.0457895
v -0.137368 0.100737 0.0446621
v -0.137368 0.100438 0.0457895
v -0.174 0.0641053 0.0548679
v -0.181887 0.0641053 0.0457895
v -0.174 0.0498508 0.0641053
v -0.174 0.0719013 0.0457895
v -0.192316 0.0653275 0.0274736
v -0.189715 0.082421 0.0274736
v -0.174 0.082421 0.0432035
v -0.174 0.0981246 0.0274736
v -0.192316 0.0987513 0.0091579
v -0.192316 0.082421 0.0237498
v -0.155684 0.063637 0.0641053
v -0.172169 0.082421 0.0457895
v -0.155684 0.0641053 0.0640543
v -0.189429 0.100737 0.0091579
v -0.177201 0.0457895 0.0641053
v -0.188807 0.0457895 0.0457895
v -0.18147 0.0274736 0.0457895
v -0.192316 0.0274736 0.0347431
v -0.192316 0.0457895 0.0422623
v -0.174 0.0457895 0.0673254
v -0.153898 0.0641053 0.0641053
v -0.154877 0.082421 0.0641053
v -0.151934 0.0641053 0.082421
v -0.137368 0.0767482 0.082421
v -0.137368 0.0641053 0.0955394
v -0.137368 0.0457895 0.0987785
v -0.137368 0.082421 0.0808513
v -0.154145 0.0457895 0.082421
v -0.137368 0.100695 0.0641053
v -0.137337 0.100737 0.0641053
v -0.119053 0.100737 0.0812238
v -0.119053 0.117845 0.0641053
v -0.134682 0.100737 0.0457895
v -0.155684 0.0990132 0.0457895
v -0.192316 0.0641053 0.0287269
v -0.208167 0.0457895 0.0274736
v -0.199565 0.0274736 0.0274736
v -0.210632 0.0274736 0.0242752
v -0.210632 0.0457895 0.0259451
v -0.228947 0.0274736 0.0170529
v -0.155684 0.0457895 0.0818478
v -0.137368 0.0274736 0.0964689
v -0.151462 0.0274736 0.082421
v -0.155684 0.0274736 0.0802694
v -0.192316 0.0641053 0.0287269
v -0.193567 0.0641053 0.0274736
v -0.192316 0.0457895 0.0422623
v -0.208167 0.0457895 0.0274736
v -0.210632 0.0457895 0.0259451
v -0.192316 0.0653275 0.0274736
v -0.174 0.0641053 0.0548679
v -0.155684 0.082421 0.0631593
v -0.172169 0.082421 0.0457895
v -0.155684 0.0641053 0.0640543
v -0.155684 0.0990132 0.0457895
v -0.137368 0.100695 0.0641053
v -0.154877 0.082421 0.0641053
v -0.155684 0.0274736 0.0802694
v -0.154145 0.0457895 0.082421
v -0.155684 0.0457895 0.0818478
v 0.174 -0.00875431 0.228947
v 0.173574 -0.0091579 0.228947
v 0.174 -0.0091579 0.228499
v 0.155684 -0.0268361 0.228947
v 0.155684 -0.0091579 0.24386
v 0.174 0.0091579 0.244802
v 0.192316 -0.0091579 0.239499
v 0.192316 0.0091579 0.235643
v 0.210632 -0.0091579 0.240605
v 0.192316 -0.0251929 0.228947
v 0.210632 -0.021032 0.228947
v 0.228947 -0.0274737 0.231428
v 0.228947 -0.0091579 0.244642
v 0.210632 -0.0274737 0.221426
v 0.199241 0.0091579 0.247263
v 0.210632 -0.00218558 0.247263
v 0.226295 -0.0274737 0.228947
v 0.210632 -0.0406951 0.210632
v 0.207223 -0.0457895 0.210632
v 0.210632 -0.0457895 0.209531
v 0.192316 -0.0457895 0.223313
v 0.192316 -0.0586205 0.210632
v 0.213052 -0.0457895 0.210632
v 0.192316 -0.0641053 0.207632
v 0.210632 -0.0641053 0.205737
v 0.192316 -0.0793009 0.192316
v 0.210632 -0.077523 0.192316
v 0.224914 -0.0641053 0.192316
v 0.174 -0.0791623 0.192316
v 0.174 -0.0641053 0.209185
v 0.155684 -0.0801665 0.192316
v 0.228947 -0.0599274 0.210632
v 0.228947 -0.0628108 0.192316
v 0.247263 -0.0587088 0.192316
v 0.247263 -0.0641053 0.190445
v 0.265579 -0.0457895 0.191545
v 0.26191 -0.0457895 0.192316
v 0.265579 -0.0641053 0.189961
v 0.247263 -0.0803496 0.174
v 0.265579 -0.0800459 0.174
v 0.281555 -0.0641053 0.174
v 0.283895 -0.0636719 0.192316
v 0.228947 -0.0793544 0.174
v 0.265579 -0.0449094 0.192316
v 0.247263 -0.0457895 0.20773
v 0.245306 -0.0457895 0.210632
v 0.247263 -0.0451785 0.210632
v 0.228947 -0.0457895 0.224748
v 0.174 -0.0629827 0.210632
v 0.228947 -0.0299557 0.228947
v 0.174 -0.0457895 0.228068
v 0.210632 0.0091579 0.258564
v 0.228947 0.0091579 0.26174
v 0.228947 -0.0641053 0.189838
v 0.210632 -0.077523 0.192316
v 0.228947 -0.0793544 0.174
v 0.228947 -0.0641053 0.189838
v 0.210632 -0.00218558 0.247263
v 0.228947 -0.0091579 0.244642
v 0.228947 -0.00598067 0.247263
v 0.228947 0.0091579 0.26174
v 0.213052 -0.0457895 0.210632
v 0.210632 -0.0457895 0.209531
v 0.228947 -0.0599274 0.210632
v 0.228947 -0.0457895 0.224748
v 0.228947 -0.0299557 0.228947
v 0.247263 -0.0457895 0.20773
v 0.247263 -0.0587088 0.192316
v 0.265579 -0.0589821 0.210632
v 0.250085 -0.0457895 0.210632
v 0.320526 -0.0643609 0.265579
v 0.320526 -0.0815558 0.283895
v 0.302211 -0.0805435 0.283895
v 0.338842 -0.0780478 0.283895
v 0.302211 -0.0641053 0.267034
v 0.338842 -0.0803194 0.265579
v 0.320526 -0.0771584 0.302211
v 0.357158 -0.0715884 0.283895
v 0.354343 -0.0641053 0.265579
v 0.338842 -0.0641053 0.247818
v 0.338842 -0.0640028 0.247263
v 0.298975 -0.0641053 0.265579
v 0.283895 -0.0783916 0.265579
v 0.283895 -0.0641053 0.251207
v 0.269701 -0.0641053 0.265579
v 0.269232 -0.0641053 0.283895
v 0.265579 -0.056791 0.265579
v 0.265579 -0.0458394 0.283895
v 0.269642 -0.0457895 0.302211
v 0.302211 -0.0632816 0.265579
v 0.283895 -0.078766 0.283895
v 0.283895 -0.0607107 0.302211
v 0.338842 -0.082421 0.298336
v 0.269202 -0.0457895 0.320526
v 0.283895 -0.0609524 0.320526
v 0.302211 -0.051338 0.320526
v 0.302211 -0.0641053 0.316473
v 0.287682 -0.0641053 0.302211
v 0.320526 -0.0641053 0.315324
v 0.283895 -0.0457895 0.335396
v 0.302211 -0.0457895 0.326022
v 0.320526 -0.0579411 0.320526
v 0.320526 -0.0457895 0.333251
v 0.338842 -0.0641053 0.32938
v 0.338842 -0.0457895 0.338339
v 0.329965 -0.0641053 0.320526
v 0.320526 -0.0641053 0.265333
v 0.265529 -0.0457895 0.283895
v 0.25458 -0.0457895 0.265579
v 0.265579 -0.0582756 0.247263
v 0.253008 -0.0457895 0.247263
v 0.247263 -0.042118 0.247263
v 0.247263 -0.0356765 0.265579
v 0.265579 -0.0486356 0.228947
v 0.262095 -0.0457895 0.228947
v 0.265579 -0.0589821 0.210632
v 0.250085 -0.0457895 0.210632
v 0.23905 -0.0274737 0.265579
v 0.23268 -0.0274737 0.247263
v 0.228947 -0.0299557 0.228947
v 0.283895 -0.0526533 0.228947
v 0.247263 -0.037941 0.228947
v 0.265579 -0.0457895 0.283945
v 0.283895 -0.0621098 0.247263
v 0.338842 -0.0727801 0.320526
v 0.335971 -0.082421 0.302211
v 0.302211 -0.0564713 0.247263
v 0.247263 -0.0451785 0.210632
v 0.3202 -0.0641053 0.265579
v 0.247263 -0.0457895 0.20773
v 0.320526 -0.060304 0.247263
v 0.283895 -0.0641053 0.299184
v 0.302211 -0.0779945 0.302211
v 0.302211 -0.0564713 0.247263
v 0.283895 -0.0621098 0.247263
v 0.283895 -0.0526533 0.228947
v 0.302211 -0.0577739 0.228947
v 0.320526 -0.060304 0.247263
v 0.320526 -0.060304 0.247263
v 0.320526 -0.0641053 0.265333
v 0.3202 -0.0641053 0.265579
v 0.338842 -0.0851812 0.302211
v 0.335971 -0.082421 0.302211
v 0.338842 -0.082421 0.298336
v 0.338842 -0.082421 0.305014
v 0.338842 -0.0727801 0.320526
v 0.302211 -0.051338 0.320526
v 0.320526 -0.0457895 0.333251
v 0.302211 -0.0457895 0.326022
v 0.320526 -0.0771584 0.302211
v 0.320526 -0.0641053 0.315324
v 0.302211 -0.0779945 0.302211
v 0.329965 -0.0641053 0.320526
v 0.335971 -0.082421 0.302211
v 0.283895 -0.078766 0.283895
v 0.302211 -0.0779945 0.302211
v 0.287682 -0.0641053 0.302211
v 0.283895 -0.0641053 0.299184
v -0.0641053 -0.0457895 0.00948626
v -0.0644222 -0.0457895 0.0091579
v -0.0641053 -0.0641053 0.0257859
v -0.0457895 -0.0641053 0.0253869
v -0.0808457 -0.0641053 0.0091579
v -0.082421 -0.0641053 0.00601155
v -0.082421 -0.0457895 0.00798082
v -0.0780417 -0.0274737 0.0091579
v -0.0996513 -0.0457895 -0.0091579
v -0.0967734 -0.0274737 -0.0091579
v -0.0975339 -0.0641053 -0.0091579
v -0.100737 -0.0641053 -0.0125009
v -0.082421 -0.0274737 0.00530082
v -0.100737 -0.0457895 -0.0116032
v -0.100737 -0.0274737 -0.0106559
v -0.117457 -0.0274737 -0.0274737
v -0.105818 -0.0091579 -0.0274737
v -0.118542 -0.0091579 -0.0457895
v -0.100737 -0.0027914 -0.0274737
v -0.100737 0.00861752 -0.0457895
v -0.082421 0.00915146 -0.0457895
v -0.100737 0.0091579 -0.0462893
v -0.118536 0.0091579 -0.0641053
v -0.113114 0.0274736 -0.0457895
v -0.100737 0.0154454 -0.0457895
v -0.119053 -0.0274737 -0.0361152
v -0.119053 -0.0170311 -0.0457895
v -0.128711 -0.0274737 -0.0457895
v -0.100737 -0.0091579 -0.0223023
v -0.082421 -0.0091579 -0.00937629
v -0.137368 -0.0192192 -0.0641053
v -0.119053 -0.0400019 -0.0457895
v -0.119053 -0.0091579 -0.0464009
v -0.136731 -0.0091579 -0.0641053
v -0.082421 0.0091579 -0.0452522
v -0.137368 -0.0274737 -0.0564362
v -0.145023 -0.0274737 -0.0641053
v -0.155684 -0.0193306 -0.082421
v -0.154346 -0.0091579 -0.082421
v -0.155684 -0.0091579 -0.0835899
v -0.155684 -0.0274737 -0.0767575
v -0.161356 -0.0274737 -0.082421
v -0.172075 -0.0091579 -0.100737
v -0.137368 0.00693834 -0.082421
v -0.137368 -0.0457895 -0.0529788
v -0.148493 -0.0457895 -0.0641053
v -0.137368 -0.0641053 -0.0529059
v -0.148813 -0.0641053 -0.0641053
v -0.116395 -0.0457895 -0.0274737
v -0.115564 -0.0641053 -0.0274737
v -0.173419 -0.0274737 -0.100737
v -0.174 -0.0274737 -0.102646
v -0.174 -0.0091579 -0.104169
v -0.188965 -0.0091579 -0.119053
v -0.19036 -0.0274737 -0.119053
v -0.192316 -0.0274737 -0.121036
v -0.192316 -0.0457895 -0.123792
v -0.20846 -0.0274737 -0.137368
v -0.207657 -0.0091579 -0.137368
v -0.210632 -0.0274737 -0.139177
v -0.210632 -0.0091579 -0.139821
v -0.204443 0.0091579 -0.137368
v -0.210632 0.0091579 -0.139275
v -0.210632 0.0260791 -0.155684
v -0.192316 0.0214043 -0.137368
v -0.192316 0.0091579 -0.125329
v -0.174 0.025991 -0.137368
v -0.174 0.0091579 -0.120614
v -0.192316 0.0274736 -0.145562
v -0.174 0.0274736 -0.141797
v -0.174 0.0398788 -0.155684
v -0.192316 0.0373052 -0.155684
v -0.155684 0.0256645 -0.137368
v -0.155684 0.0091579 -0.11987
v -0.155684 0.00827008 -0.119053
v -0.137368 0.00912148 -0.119053
v -0.203826 0.0274736 -0.155684
v -0.226995 0.0091579 -0.155684
v -0.205804 -0.0457895 -0.137368
v -0.192316 -0.0091579 -0.122166
v -0.174 -0.0356516 -0.100737
v -0.183315 -0.0457895 -0.100737
v -0.174 -0.0457895 -0.0914415
v -0.210632 0.0274736 -0.162659
v -0.210632 0.0371132 -0.174
v -0.082421 -0.0109692 -0.0091579
v -0.22056 0.0274736 -0.174
v -0.228947 0.0274736 -0.179457
v -0.228947 0.0400838 -0.192316
v -0.242299 0.0274736 -0.192316
v -0.247263 0.0274736 -0.195996
v -0.247263 0.0414949 -0.210632
v -0.263786 0.0274736 -0.210632
v -0.265579 0.0274736 -0.212655
v -0.265579 0.0410666 -0.228947
v -0.282029 0.0274736 -0.228947
v -0.283895 0.0274736 -0.229794
v -0.283895 0.0434097 -0.247263
v -0.302211 0.0274736 -0.239406
v -0.302211 0.0353162 -0.247263
v -0.310139 0.0274736 -0.247263
v -0.302211 0.0170553 -0.228947
v -0.320526 0.018136 -0.247263
v -0.310104 0.0091579 -0.228947
v -0.320526 0.0091579 -0.238362
v -0.320526 -0.0091579 -0.232707
v -0.316497 -0.0091579 -0.228947
v -0.320526 -0.0274737 -0.23016
v -0.318896 -0.0274737 -0.228947
v -0.302211 -0.0274737 -0.213582
v -0.320526 -0.0457895 -0.224886
v -0.302211 -0.0457895 -0.212315
v -0.302211 -0.0091579 -0.21488
v -0.320526 -0.0392431 -0.228947
v -0.329427 0.0091579 -0.247263
v -0.338842 0.0173755 -0.265579
v -0.329566 0.0274736 -0.265579
v -0.338842 0.0274736 -0.272844
v -0.350737 0.0274736 -0.283895
v -0.357158 0.0210953 -0.283895
v -0.347105 0.0091579 -0.265579
v -0.357158 0.0091579 -0.272756
v -0.368265 0.0091579 -0.283895
v -0.369847 0.0091579 -0.302211
v -0.357158 0.0234051 -0.302211
v -0.357158 -0.00727141 -0.265579
v -0.357158 -0.0091579 -0.263713
v -0.359028 -0.0091579 -0.265579
v -0.357158 -0.0274737 -0.250302
v -0.338842 -0.0091579 -0.251059
v -0.372302 -0.0274737 -0.265579
v -0.357158 -0.0324791 -0.247263
v -0.375474 -0.0349722 -0.265579
v -0.338842 -0.012023 -0.247263
v -0.371225 -0.0457895 -0.247263
v -0.357158 -0.0457895 -0.234263
v -0.375474 -0.0457895 -0.253597
v -0.375474 -0.0499303 -0.247263
v -0.375474 -0.0641053 -0.234156
v -0.354504 -0.0274737 -0.247263
v -0.38609 -0.0457895 -0.265579
v -0.388584 -0.0641053 -0.247263
v -0.392377 -0.0641053 -0.265579
v -0.39309 -0.082421 -0.247263
v -0.375474 -0.082421 -0.229628
v -0.338842 -0.0274737 -0.231847
v -0.375474 -0.0884967 -0.228947
v -0.393789 -0.0854799 -0.247263
v -0.387243 -0.100737 -0.228947
v -0.393789 -0.100737 -0.23223
v -0.40711 -0.100737 -0.247263
v -0.375474 -0.100737 -0.21959
v -0.375474 -0.119053 -0.22046
v -0.385411 -0.119053 -0.228947
v -0.375474 -0.127637 -0.228947
v -0.390686 -0.137368 -0.247263
v -0.393789 -0.134511 -0.247263
v -0.375474 -0.137368 -0.232435
v -0.375474 -0.152232 -0.247263
v -0.393789 -0.119053 -0.231453
v -0.37303 -0.0091579 -0.283895
v -0.338842 0.0385635 -0.283895
v -0.355155 0.0274736 -0.302211
v -0.338842 0.0428468 -0.302211
v -0.320526 0.0365049 -0.265579
v -0.338842 0.0091579 -0.25736
v -0.408841 -0.119053 -0.247263
v -0.334921 -0.0091579 -0.247263
v -0.320526 0.0274736 -0.25646
v -0.247263 0.0258801 -0.192316
v -0.283895 0.0269252 -0.228947
v -0.302211 0.0091579 -0.221038
v -0.290137 -0.0091579 -0.210632
v -0.283895 0.000210404 -0.210632
v -0.283895 -0.0091579 -0.204389
v -0.283895 -0.0274737 -0.208181
v -0.265579 -0.0091579 -0.19342
v -0.265579 -0.0274737 -0.194002
v -0.265579 0.0091579 -0.193602
v -0.263926 0.0091579 -0.192316
v -0.286356 -0.0274737 -0.210632
v -0.28313 0.0091579 -0.210632
v -0.263971 -0.0091579 -0.192316
v -0.247263 -0.0091579 -0.176679
v -0.247263 0.0091579 -0.175889
v -0.243732 0.0091579 -0.174
v -0.244416 -0.0091579 -0.174
v -0.247263 -0.0274737 -0.177618
v -0.228947 -0.0091579 -0.158621
v -0.228947 -0.0274737 -0.158337
v -0.228947 0.0091579 -0.159208
v -0.11873 -0.0457895 -0.0457895
v -0.118743 -0.0641053 -0.0457895
v -0.119053 -0.0641053 -0.0460815
v -0.244608 -0.0274737 -0.174
v -0.283895 0.0091579 -0.211455
v -0.226327 -0.0091579 -0.155684
v -0.324637 -0.0457895 -0.228947
v -0.265579 0.0269179 -0.210632
v -0.228947 0.0240979 -0.174
v -0.0821317 -0.0091579 -0.0091579
v -0.227073 -0.0274737 -0.155684
v -0.137368 -0.0091579 -0.0661162
v -0.119053 0.00848871 -0.0641053
v -0.338842 -0.0091579 -0.251059
v -0.334921 -0.0091579 -0.247263
v -0.329427 0.0091579 -0.247263
v -0.338842 0.0091579 -0.25736
v -0.283895 0.0091579 -0.211455
v -0.28313 0.0091579 -0.210632
v -0.283895 0.0269252 -0.228947
v -0.265579 0.0269179 -0.210632
v -0.302211 0.0353162 -0.247263
v -0.320526 0.0365049 -0.265579
v -0.320526 0.0274736 -0.25646
v -0.263926 0.0091579 -0.192316
v -0.247263 0.0258801 -0.192316
v -0.265579 0.0269179 -0.210632
v -0.247263 0.0091579 -0.175889
v -0.243732 0.0091579 -0.174
v -0.228947 0.0240979 -0.174
v -0.338842 -0.0274737 -0.231847
v -0.320526 -0.0091579 -0.232707
v -0.334921 -0.0091579 -0.247263
v -0.228947 0.0091579 -0.159208
v -0.226995 0.0091579 -0.155684
v -0.228947 0.0240979 -0.174
v -0.228947 -0.0091579 -0.158621
v -0.226327 -0.0091579 -0.155684
v -0.192316 -0.0091579 -0.122166
v -0.188965 -0.0091579 -0.119053
v -0.174 0.00650328 -0.119053
v -0.174 -0.0091579 -0.104169
v -0.174 0.0091579 -0.120614
v -0.155684 0.00750679 -0.100737
v -0.155684 0.00827008 -0.119053
v -0.172075 -0.0091579 -0.100737
v -0.155684 -0.0091579 -0.0835899
v -0.137368 0.00693834 -0.082421
v -0.136731 -0.0091579 -0.0641053
v -0.119053 0.00848871 -0.0641053
v -0.137368 -0.0091579 -0.0661162
v -0.119053 -0.0091579 -0.0464009
v -0.118542 -0.0091579 -0.0457895
v -0.100737 0.00861752 -0.0457895
v -0.118536 0.0091579 -0.0641053
v -0.11819 0.0091579 -0.082421
v -0.137368 -0.0457895 -0.0529788
v -0.119053 -0.0457895 -0.0461154
v -0.137368 -0.0274737 -0.0564362
v -0.128711 -0.0274737 -0.0457895
v -0.137368 -0.0641053 -0.0529059
v -0.119053 -0.0641053 -0.0460815
v -0.119053 -0.0400019 -0.0457895
v -0.11873 -0.0457895 -0.0457895
v -0.0821317 -0.0091579 -0.0091579
v -0.082421 -0.0091579 -0.00937629
v -0.082421 -0.0109692 -0.0091579
v -0.100737 0.0154454 -0.0457895
v -0.100737 0.0091579 -0.0462893
v -0.082421 0.0091579 -0.0457934
v -0.082421 0.00918567 -0.0457895
v 0.0457895 -0.134359 -0.119053
v 0.0274736 -0.137368 -0.132437
v 0.0444117 -0.119053 -0.137368
v 0.0415151 -0.137368 -0.119053
v 0.0274736 -0.151753 -0.119053
v 0.0457895 -0.15472 -0.100737
v 0.0413256 -0.155684 -0.100737
v 0.0123922 -0.137368 -0.137368
v 0.0457895 -0.137368 -0.118071
v 0.0641053 -0.145666 -0.100737
v 0.0641053 -0.154284 -0.082421
v 0.082421 -0.143576 -0.082421
v 0.0723276 -0.137368 -0.100737
v 0.082421 -0.137368 -0.0885135
v 0.0886031 -0.137368 -0.082421
v 0.100737 -0.13768 -0.0641053
v 0.100737 -0.137368 -0.0644167
v 0.0823694 -0.119053 -0.100737
v 0.082421 -0.15312 -0.0641053
v 0.100737 -0.14842 -0.0457895
v 0.101043 -0.137368 -0.0641053
v 0.112438 -0.137368 -0.0457895
v 0.119053 -0.134435 -0.0457895
v 0.119053 -0.13035 -0.0641053
v 0.137368 -0.134284 -0.0457895
v 0.13092 -0.119053 -0.0641053
v 0.119053 -0.119053 -0.0753838
v 0.110193 -0.119053 -0.082421
v 0.119053 -0.105135 -0.082421
v 0.137368 -0.119053 -0.0613541
v 0.153059 -0.119053 -0.0457895
v 0.155684 -0.13059 -0.0274737
v 0.155684 -0.119053 -0.0398318
v 0.167599 -0.119053 -0.0274737
v 0.100737 -0.128607 -0.082421
v 0.0641053 -0.137368 -0.10901
v 0.082421 -0.119053 -0.100708
v 0.0812981 -0.100737 -0.100737
v 0.082421 -0.100737 -0.100438
v 0.100737 -0.100737 -0.0980325
v 0.137368 -0.117408 -0.0641053
v 0.123489 -0.100737 -0.082421
v 0.137368 -0.100737 -0.0805762
v 0.128022 -0.082421 -0.082421
v 0.137368 -0.082421 -0.0814296
v 0.155684 -0.082421 -0.0802346
v 0.155684 -0.100553 -0.0641053
v 0.172717 -0.082421 -0.0641053
v 0.155684 -0.100737 -0.0640648
v 0.170498 -0.0641053 -0.0641053
v 0.174 -0.082421 -0.0635214
v 0.155684 -0.0641053 -0.0764639
v 0.155684 -0.0517119 -0.0641053
v 0.119053 -0.100737 -0.0868727
v 0.155532 -0.100737 -0.0641053
v 0.174 -0.100737 -0.056072
v 0.191383 -0.082421 -0.0457895
v 0.184157 -0.100737 -0.0457895
v 0.191706 -0.100737 -0.0274737
v 0.174 -0.118417 -0.0274737
v 0.192187 -0.0641053 -0.0457895
v 0.174 -0.110778 -0.0457895
v 0.174 -0.0641053 -0.0636569
v 0.0641053 -0.119053 -0.118019
v 0.0641053 -0.100737 -0.116514
v 0.0639526 -0.100737 -0.119053
v 0.119053 -0.082421 -0.0914056
v 0.0614561 -0.119053 -0.119053
v 0.0471126 -0.119053 -0.137368
v 0.0457895 -0.120398 -0.137368
v 0.0457895 -0.119053 -0.138692
v 0.155684 -0.118613 -0.0457895
v 0.100737 -0.119053 -0.0918516
v 0.101043 -0.137368 -0.0641053
v 0.100737 -0.137368 -0.0644167
v 0.100737 -0.128607 -0.082421
v 0.155684 -0.100737 -0.0640648
v 0.155684 -0.118613 -0.0457895
v 0.155532 -0.100737 -0.0641053
v 0.100737 -0.119053 -0.0918516
v 0.100737 -0.100737 -0.0980325
v 0.119053 -0.100737 -0.0868727
v 0.119053 -0.082421 -0.0914056
v -0.210632 -0.215379 -0.210632
v -0.215305 -0.210632 -0.210632
v -0.210632 -0.227197 -0.228947
v -0.228066 -0.210632 -0.228947
v -0.192316 -0.228539 -0.210632
v -0.192316 -0.210632 -0.192456
v -0.192316 -0.228139 -0.228947
v -0.174 -0.227166 -0.210632
v -0.221649 -0.192316 -0.210632
v -0.228947 -0.207855 -0.228947
v -0.228947 -0.192316 -0.215269
v -0.242107 -0.192316 -0.228947
v -0.228947 -0.207975 -0.247263
v -0.241356 -0.192316 -0.247263
v -0.174 -0.219452 -0.228947
v -0.165324 -0.210632 -0.228947
v -0.174 -0.210632 -0.237795
v -0.174 -0.204189 -0.247263
v -0.174 -0.210632 -0.192751
v -0.155684 -0.208647 -0.228947
v -0.155684 -0.210602 -0.210632
v -0.210632 -0.210632 -0.246925
v -0.137368 -0.208167 -0.210632
v -0.137368 -0.210101 -0.192316
v -0.119053 -0.206819 -0.192316
v -0.119053 -0.208765 -0.174
v -0.100737 -0.202497 -0.174
v -0.100737 -0.203635 -0.155684
v -0.119053 -0.204406 -0.155684
v -0.100737 -0.192316 -0.143928
v -0.0868556 -0.192316 -0.155684
v -0.119053 -0.192316 -0.143601
v -0.119053 -0.174 -0.137713
v -0.100737 -0.190163 -0.137368
v -0.137368 -0.209437 -0.174
v -0.0905454 -0.192316 -0.174
v -0.210632 -0.210632 -0.205906
v -0.134474 -0.192316 -0.155684
v -0.210632 -0.192316 -0.200173
v -0.155684 -0.210585 -0.192316
v -0.174 -0.210506 -0.192316
v -0.155684 -0.207474 -0.174
v -0.172097 -0.192316 -0.174
v -0.155684 -0.192316 -0.158852
v -0.174 -0.192316 -0.174309
v -0.206732 -0.192316 -0.192316
v -0.137368 -0.192316 -0.156146
v -0.192316 -0.210632 -0.247004
v -0.082421 -0.192173 -0.155684
v -0.082421 -0.191907 -0.137368
v -0.0641053 -0.191834 -0.137368
v -0.0641053 -0.191261 -0.155684
v -0.0641053 -0.185181 -0.119053
v -0.0457895 -0.186161 -0.119053
v -0.0457895 -0.174 -0.106684
v -0.0641053 -0.174 -0.107916
v -0.0457895 -0.18863 -0.137368
v -0.0294287 -0.174 -0.119053
v -0.0457895 -0.171751 -0.100737
v -0.0621054 -0.155684 -0.100737
v -0.0457895 -0.155684 -0.0845718
v -0.0373561 -0.155684 -0.082421
v -0.0274737 -0.165073 -0.082421
v -0.0274737 -0.173727 -0.100737
v -0.0091579 -0.172113 -0.082421
v -0.0091579 -0.155684 -0.0658856
v -0.0091579 -0.173804 -0.100737
v 0.00668508 -0.155684 -0.0641053
v 0.0091579 -0.172995 -0.082421
v -0.0780925 -0.174 -0.119053
v 0.0091579 -0.172437 -0.100737
v -0.0274737 -0.173946 -0.119053
v -0.0274737 -0.155684 -0.0729946
v 0.0274736 -0.171699 -0.082421
v 0.0274736 -0.168852 -0.100737
v 0.0457895 -0.158707 -0.082421
v 0.0091579 -0.171146 -0.119053
v -0.0303813 -0.174 -0.137368
v -0.082421 -0.174 -0.119261
v -0.100737 -0.174 -0.121413
v -0.0091579 -0.1733 -0.119053
v -0.0274737 -0.173217 -0.137368
v -0.082421 -0.173617 -0.119053
v -0.082421 -0.155684 -0.101519
v -0.0457895 -0.174 -0.154892
v -0.082421 -0.190521 -0.174
v -0.210632 -0.209682 -0.247263
v -0.174 -0.227166 -0.210632
v -0.165324 -0.210632 -0.228947
v -0.155854 -0.210632 -0.210632
v -0.174 -0.210632 -0.192751
v -0.155684 -0.210602 -0.210632
v -0.155684 -0.210602 -0.210632
v -0.174 -0.210506 -0.192316
v -0.155854 -0.210632 -0.210632
v -0.174 -0.210632 -0.192751
v -0.192316 -0.209103 -0.192316
v -0.174 -0.192316 -0.174309
v -0.192316 -0.192316 -0.178012
v -0.0274737 -0.173946 -0.119053
v -0.0294287 -0.174 -0.119053
v -0.0303813 -0.174 -0.137368
v -0.0274737 -0.173217 -0.137368
v -0.0457895 -0.174 -0.154892
v -0.0457895 -0.173789 -0.155684
v -0.100737 -0.192316 -0.143928
v -0.100737 -0.190163 -0.137368
v -0.118482 -0.174 -0.137368
v -0.100737 -0.174 -0.121413
v -0.119053 -0.174 -0.137713
v 0.0274736 0.119053 0.119023
v 0.0274736 0.137368 0.118549
v 0.00939673 0.137368 0.100737
v 0.0457895 0.137368 0.117833
v 0.0457895 0.119053 0.118895
v 0.0091579 0.134348 0.119053
v 0.0274736 0.154282 0.100737
v 0.0457895 0.10957 0.119053
v 0.0531343 0.100737 0.119053
v 0.0238706 0.119053 0.119053
v 0.0641053 0.119053 0.118358
v 0.0641053 0.137005 0.100737
v 0.0457895 0.154115 0.100737
v 0.0641053 0.100737 0.114522
v 0.0274736 0.117402 0.119053
v 0.082421 0.119053 0.118647
v 0.082421 0.100737 0.118542
v 0.082421 0.0986833 0.119053
v 0.0641053 0.0953979 0.119053
v 0.0641053 0.082421 0.131991
v 0.0457895 0.082421 0.136257
v 0.0641053 0.0733431 0.137368
v 0.0457895 0.081749 0.137368
v 0.0403535 0.082421 0.137368
v 0.0449397 0.082421 0.155684
v 0.0274736 0.100737 0.135647
v 0.0274736 0.0945557 0.137368
v 0.0233474 0.100737 0.137368
v 0.0457895 0.0955718 0.137368
v 0.0412924 0.100737 0.137368
v 0.0457895 0.100737 0.138946
v 0.0457895 0.0714904 0.155684
v 0.0812833 0.0641053 0.137368
v 0.0641053 0.0641053 0.146829
v 0.082421 0.0640668 0.137368
v 0.0641053 0.0545027 0.155684
v 0.082421 0.082421 0.134342
v 0.0488243 0.0641053 0.155684
v 0.0457895 0.0641053 0.158419
v 0.0641053 0.0457895 0.164156
v 0.0457895 0.0457895 0.173266
v 0.0274736 0.0457895 0.172821
v 0.0274736 0.0641053 0.17329
v 0.0274736 0.082421 0.17242
v 0.0457895 0.0274736 0.172903
v 0.0641053 0.0274736 0.172937
v 0.0633133 0.137368 0.100737
v 0.0641053 0.155122 0.082421
v 0.0641053 0.137368 0.100023
v 0.0633133 0.137368 0.100737
v 0.0641053 0.137005 0.100737
v 0.0641053 0.137368 0.100023
v 0.082421 0.0641053 0.137108
v 0.0641053 0.082421 0.131991
v 0.0812833 0.0641053 0.137368
v 0.082421 0.082421 0.134342
v 0.082421 0.0640668 0.137368
v 0.0457895 0.0714904 0.155684
v 0.0457895 0.0641053 0.158419
v 0.0488243 0.0641053 0.155684
v 0.0274736 0.082421 0.17242
v 0.0449397 0.082421 0.155684
v 0.0311233 0.100737 0.155684
v 0.0531343 0.100737 0.119053
v 0.0467799 0.100737 0.137368
v 0.0641053 0.0953979 0.119053
v 0.0457895 0.082421 0.136257
v 0.0457895 0.0955718 0.137368
v -0.0091579 -0.1733 -0.119053
v -0.0274737 -0.173217 -0.137368
v -0.0091579 -0.161018 -0.137368
v 0.0091579 -0.171146 -0.119053
v -0.0274737 -0.157736 -0.155684
v -0.00367123 -0.155684 -0.137368
v 0.0091579 -0.155684 -0.134546
v 0.0091579 -0.140707 -0.137368
v -0.0457895 -0.173789 -0.155684
v -0.0254121 -0.155684 -0.155684
v 0.0252182 -0.155684 -0.119053
v -0.0091579 -0.155684 -0.142725
v -0.0457895 -0.155684 -0.173727
v -0.0274737 -0.155684 -0.157783
v -0.0462701 -0.155684 -0.174
v -0.0641053 -0.1729 -0.174
v -0.0641053 -0.155684 -0.190535
v -0.082421 -0.174 -0.190859
v -0.082421 -0.155684 -0.192295
v -0.0641053 -0.137368 -0.191266
v -0.0457895 -0.137368 -0.188491
v -0.0457895 -0.119053 -0.185563
v -0.0641053 -0.119053 -0.191356
v -0.082421 -0.119053 -0.192038
v -0.033591 -0.119053 -0.174
v -0.0459915 -0.174 -0.155684
v -0.0724586 -0.137368 -0.192316
v -0.082421 -0.153434 -0.192316
v -0.082421 -0.137368 -0.202164
v -0.100737 -0.155684 -0.209517
v -0.100737 -0.137368 -0.210547
v -0.0310881 -0.137368 -0.174
v -0.065165 -0.174 -0.174
v -0.082421 -0.190521 -0.174
v -0.0641053 -0.191261 -0.155684
v -0.0850151 -0.174 -0.192316
v -0.100737 -0.189538 -0.192316
v -0.0905454 -0.192316 -0.174
v -0.100737 -0.192316 -0.184857
v -0.104102 -0.192316 -0.192316
v -0.119053 -0.188239 -0.210632
v -0.105122 -0.174 -0.210632
v -0.119053 -0.174 -0.224298
v -0.125247 -0.174 -0.228947
v -0.137368 -0.187469 -0.228947
v -0.137368 -0.174 -0.241016
v -0.146504 -0.174 -0.247263
v -0.100737 -0.202497 -0.174
v -0.155684 -0.183553 -0.247263
v -0.155684 -0.174 -0.256499
v -0.119053 -0.192316 -0.207305
v -0.100737 -0.174 -0.207658
v -0.121704 -0.155684 -0.228947
v -0.143287 -0.155684 -0.247263
v -0.121175 -0.192316 -0.210632
v -0.174 -0.192316 -0.258993
v -0.138821 -0.192316 -0.228947
v -0.155684 -0.192316 -0.245385
v -0.155684 -0.208647 -0.228947
v -0.137368 -0.208167 -0.210632
v -0.174 -0.174 -0.263327
v -0.192316 -0.192316 -0.262855
v -0.174 -0.204189 -0.247263
v -0.192316 -0.209759 -0.247263
v -0.210632 -0.192316 -0.261068
v -0.210632 -0.209682 -0.247263
v -0.210632 -0.210632 -0.246925
v -0.228947 -0.192316 -0.258237
v -0.228947 -0.207975 -0.247263
v -0.0641053 -0.174 -0.173393
v -0.082421 -0.122495 -0.192316
v -0.162025 -0.192316 -0.247263
v -0.192316 -0.210632 -0.247004
v -0.0457895 -0.154616 -0.174
v -0.100909 -0.137368 -0.210632
v -0.0274737 -0.137368 -0.17252
v -0.137368 -0.192316 -0.227138
v -0.119053 -0.155684 -0.226484
v -0.124206 -0.137368 -0.228947
v -0.119053 -0.137368 -0.227509
v -0.119053 -0.206819 -0.192316
v -0.155684 -0.155684 -0.259494
v -0.137368 -0.155684 -0.244173
v -0.137368 -0.137368 -0.240538
v 0.0091579 -0.137368 -0.140593
v -0.0091579 -0.137368 -0.155314
v 0.0091579 -0.119053 -0.15056
v -0.00775433 -0.119053 -0.155684
v 0.0224831 -0.119053 -0.137368
v -0.0091579 -0.121947 -0.155684
v 0.0123922 -0.137368 -0.137368
v 0.0274736 -0.137368 -0.132437
v 0.0274736 -0.119053 -0.122687
v 0.0091579 -0.103521 -0.137368
v 0.0091579 -0.100737 -0.136743
v 0.0274736 -0.100737 -0.136682
v 0.0457895 -0.100737 -0.137133
v -0.0091579 -0.119053 -0.157092
v 0.0274736 -0.151753 -0.119053
v 0.0274736 -0.168852 -0.100737
v 0.0274736 -0.155684 -0.11488
v -0.0274737 -0.119053 -0.171879
v 0.0413256 -0.155684 -0.100737
v 0.0457895 -0.158707 -0.082421
v 0.0457895 -0.155684 -0.0860536
v 0.0488847 -0.155684 -0.082421
v -0.00989538 -0.137368 -0.155684
v -0.0274737 -0.155684 -0.157783
v -0.0274737 -0.137368 -0.17252
v -0.0091579 -0.121947 -0.155684
v -0.0091579 -0.119053 -0.157092
v -0.0274737 -0.119053 -0.171879
v -0.0254121 -0.155684 -0.155684
v -0.0091579 -0.155684 -0.142725
v -0.0091579 -0.137368 -0.155314
v -0.0641053 -0.174 -0.173393
v -0.0459915 -0.174 -0.155684
v -0.0641053 -0.191261 -0.155684
v -0.0457895 -0.18863 -0.137368
v -0.0457895 -0.174 -0.154892
v -0.162025 -0.192316 -0.247263
v -0.155684 -0.208647 -0.228947
v -0.174 -0.204189 -0.247263
v -0.119053 -0.206819 -0.192316
v -0.137368 -0.208167 -0.210632
v -0.121175 -0.192316 -0.210632
v -0.137368 -0.192316 -0.227138
v -0.0274737 -0.137368 -0.17252
v -0.0457895 -0.155684 -0.173727
v -0.0310881 -0.137368 -0.174
v -0.0457895 -0.154616 -0.174
v -0.0850151 -0.174 -0.192316
v -0.100737 -0.174 -0.207658
v -0.0826789 -0.155684 -0.192316
v -0.100737 -0.155684 -0.209517
v -0.103056 -0.155684 -0.210632
v -0.105122 -0.174 -0.210632
v -0.119053 -0.174 -0.224298
v -0.119053 -0.155684 -0.226484
v -0.082421 -0.174 -0.190859
v -0.100909 -0.137368 -0.210632
v -0.082421 -0.153434 -0.192316
v -0.082421 -0.155684 -0.192295
v -0.119053 -0.137368 -0.227509
v 0.283895 0.0101954 0.283895
v 0.302211 0.0239677 0.302211
v 0.285677 0.0274736 0.283895
v 0.302211 0.0274736 0.301356
v 0.290022 0.0457895 0.283895
v 0.302211 0.0457895 0.29599
v 0.320526 0.0457895 0.299928
v 0.302211 0.0578481 0.283895
v 0.303369 0.0274736 0.302211
v 0.283895 0.0274736 0.283607
v 0.320526 0.00998396 0.320526
v 0.319512 0.0091579 0.320526
v 0.302211 0.0091579 0.3154
v 0.320526 0.0274736 0.318309
v 0.320526 0.0091579 0.321379
v 0.323272 0.0274736 0.320526
v 0.320526 0.0435269 0.302211
v 0.320526 -0.0091579 0.335377
v 0.338842 0.0091579 0.338302
v 0.303685 -0.0091579 0.320526
v 0.302211 -0.0274737 0.327335
v 0.320526 -0.0274737 0.333864
v 0.338842 -0.0091579 0.32554
v 0.338842 -0.0274737 0.336033
v 0.302211 -0.0160698 0.320526
v 0.29594 -0.0274737 0.320526
v 0.283895 -0.0457895 0.335396
v 0.283895 -0.0304511 0.320526
v 0.269202 -0.0457895 0.320526
v 0.283895 -0.0274737 0.303793
v 0.302211 -0.0457895 0.326022
v 0.338842 0.0274736 0.335922
v 0.338842 0.0428248 0.320526
v 0.320526 -0.0457895 0.333251
v 0.338842 -0.0457895 0.338339
v 0.323272 0.0274736 0.320526
v 0.338842 0.0428248 0.320526
v 0.320526 0.0274736 0.318309
v 0.29594 -0.0274737 0.320526
v 0.302211 -0.0160698 0.320526
v 0.283895 -0.0259964 0.302211
v 0.286262 -0.0091579 0.302211
v 0.302211 -0.0091579 0.319764
v 0.283895 -0.0274737 0.303793
v -0.375474 -0.119053 -0.29733
v -0.357158 -0.135312 -0.283895
v -0.375474 -0.132519 -0.283895
v -0.357158 -0.119053 -0.299656
v -0.375474 -0.100737 -0.300872
v -0.357158 -0.114644 -0.302211
v -0.388978 -0.119053 -0.283895
v -0.371344 -0.100737 -0.302211
v -0.357158 -0.100737 -0.31626
v -0.357158 -0.082421 -0.318282
v -0.373429 -0.082421 -0.302211
v -0.357158 -0.0641053 -0.318425
v -0.373528 -0.0641053 -0.302211
v -0.357158 -0.0457895 -0.318805
v -0.373711 -0.0457895 -0.302211
v -0.338842 -0.0641053 -0.320362
v -0.375474 -0.0641053 -0.29688
v -0.357158 -0.0274737 -0.318802
v -0.353418 -0.0457895 -0.320526
v -0.355648 -0.0274737 -0.320526
v -0.357158 -0.0091579 -0.318435
v -0.338842 -0.0274737 -0.337032
v -0.338842 -0.0091579 -0.337823
v -0.338842 -0.0457895 -0.334922
v -0.373418 -0.0274737 -0.302211
v -0.375474 -0.0457895 -0.290365
v -0.356414 -0.0091579 -0.320526
v -0.375474 -0.082421 -0.3002
v -0.391609 -0.082421 -0.283895
v -0.338842 0.0091579 -0.336503
v -0.354814 0.0091579 -0.320526
v -0.338842 0.0252298 -0.320526
v -0.388089 -0.0641053 -0.283895
v -0.38171 -0.0457895 -0.283895
v -0.392377 -0.0641053 -0.265579
v -0.38609 -0.0457895 -0.265579
v -0.375474 -0.0349722 -0.265579
v -0.372649 -0.0091579 -0.302211
v -0.393379 -0.082421 -0.265579
v -0.375474 -0.0389149 -0.283895
v -0.357158 0.0091579 -0.315004
v -0.369847 0.0091579 -0.302211
v -0.37303 -0.0091579 -0.283895
v -0.368265 0.0091579 -0.283895
v -0.393697 -0.100737 -0.265579
v -0.39309 -0.082421 -0.247263
v -0.393789 -0.0854799 -0.247263
v -0.393789 -0.100737 -0.263552
v -0.393789 -0.119021 -0.265579
v -0.40711 -0.100737 -0.247263
v -0.357158 0.0234051 -0.302211
v -0.338842 0.0274736 -0.317777
v -0.355155 0.0274736 -0.302211
v -0.338842 0.0428468 -0.302211
v -0.374653 -0.0274737 -0.283895
v -0.372302 -0.0274737 -0.265579
v -0.392408 -0.100737 -0.283895
v -0.375474 -0.137368 -0.281936
v -0.393789 -0.119053 -0.26559
v -0.391848 -0.137368 -0.265579
v -0.375474 -0.153723 -0.265579
v -0.390686 -0.137368 -0.247263
v -0.393789 -0.119064 -0.265579
v -0.375474 -0.152232 -0.247263
v -0.393789 -0.134511 -0.247263
v -0.408841 -0.119053 -0.247263
v -0.3938 -0.119053 -0.265579
v -0.357158 -0.0457895 -0.318805
v -0.353418 -0.0457895 -0.320526
v -0.338842 -0.063618 -0.320526
v -0.338842 -0.0457895 -0.334922
v -0.338842 -0.0641053 -0.320362
v -0.393697 -0.100737 -0.265579
v -0.388978 -0.119053 -0.283895
v -0.393789 -0.119021 -0.265579
v -0.392408 -0.100737 -0.283895
v -0.393789 -0.119053 -0.26559
v -0.3938 -0.119053 -0.265579
v -0.40711 -0.100737 -0.247263
v -0.393789 -0.100737 -0.263552
v -0.408841 -0.119053 -0.247263
v 0.082421 0.0606952 0.174
v 0.082421 0.0637051 0.155684
v 0.0641053 0.0545027 0.155684
v 0.082421 0.0640668 0.137368
v 0.0641053 0.0457895 0.164156
v 0.0677299 0.0457895 0.174
v 0.082421 0.0457895 0.189087
v 0.100737 0.063655 0.174
v 0.0827732 0.0641053 0.137368
v 0.0829846 0.0641053 0.155684
v 0.0845786 0.082421 0.137368
v 0.0899364 0.082421 0.155684
v 0.0842204 0.100737 0.137368
v 0.082646 0.100737 0.119053
v 0.082421 0.082421 0.134342
v 0.082421 0.0986833 0.119053
v 0.082421 0.100737 0.118542
v 0.0828444 0.119053 0.119053
v 0.086262 0.119053 0.137368
v 0.100247 0.137368 0.119053
v 0.100737 0.132524 0.137368
v 0.100737 0.137368 0.119636
v 0.100737 0.137824 0.119053
v 0.119053 0.154259 0.119053
v 0.100737 0.151151 0.100737
v 0.119053 0.137368 0.136911
v 0.082421 0.140558 0.100737
v 0.082421 0.153805 0.082421
v 0.0641053 0.155122 0.082421
v 0.0641053 0.137368 0.100023
v 0.0767058 0.137368 0.100737
v 0.0641053 0.137005 0.100737
v 0.0641053 0.119053 0.118358
v 0.120523 0.137368 0.137368
v 0.137368 0.151277 0.137368
v 0.119053 0.136938 0.137368
v 0.082421 0.137368 0.104136
v 0.0913171 0.100737 0.155684
v 0.100737 0.063655 0.174
v 0.100737 0.0641053 0.17228
v 0.0829846 0.0641053 0.155684
v 0.0899364 0.082421 0.155684
v 0.103355 0.0641053 0.174
v 0.0641053 0.119053 0.118358
v 0.082421 0.119053 0.118647
v 0.082421 0.137368 0.104136
v 0.100247 0.137368 0.119053
v 0.0828444 0.119053 0.119053
v 0.082421 0.100737 0.118542
v 0.082421 0.0641053 0.137108
v 0.0845786 0.082421 0.137368
v 0.082421 0.082421 0.134342
v 0.0827732 0.0641053 0.137368
v -0.155684 -0.0641053 -0.0694081
v -0.155684 -0.0468299 -0.082421
v -0.168488 -0.0641053 -0.082421
v -0.155684 -0.0768985 -0.082421
v -0.174 -0.0641053 -0.0965197
v -0.148813 -0.0641053 -0.0641053
v -0.137368 -0.0752995 -0.0641053
v -0.137368 -0.0641053 -0.0529059
v -0.119053 -0.0641053 -0.0460815
v -0.119053 -0.0817083 -0.0641053
v -0.155684 -0.0457895 -0.0825363
v -0.174 -0.0457895 -0.0914415
v -0.155684 -0.0414233 -0.082421
v -0.173419 -0.0274737 -0.100737
v -0.161356 -0.0274737 -0.082421
v -0.155684 -0.0274737 -0.0767575
v -0.183315 -0.0457895 -0.100737
v -0.178212 -0.0641053 -0.100737
v -0.191073 -0.0457895 -0.119053
v -0.189291 -0.0641053 -0.119053
v -0.174 -0.079414 -0.119053
v -0.19036 -0.0274737 -0.119053
v -0.174 -0.0803875 -0.137368
v -0.190725 -0.0641053 -0.137368
v -0.192316 -0.0457895 -0.123792
v -0.145023 -0.0274737 -0.0641053
v -0.174 -0.0356516 -0.100737
v -0.174 -0.0683151 -0.100737
v -0.118743 -0.0641053 -0.0457895
v -0.114545 -0.082421 -0.0641053
v -0.107512 -0.082421 -0.0457895
v -0.115564 -0.0641053 -0.0274737
v -0.15542 -0.0457895 -0.082421
v -0.148493 -0.0457895 -0.0641053
v -0.192316 -0.0601997 -0.137368
v -0.155684 -0.0815229 -0.100737
v -0.192316 -0.0708102 -0.155684
v -0.192316 -0.0641053 -0.147752
v -0.0457895 0.0274736 -0.117982
v -0.041431 0.0274736 -0.119053
v -0.0457895 0.0273995 -0.119053
v -0.0274737 0.0274736 -0.128449
v -0.0274737 0.0232349 -0.137368
v -0.0457895 0.0266453 -0.137368
v -0.0457895 0.0181413 -0.155684
v -0.055891 0.0091579 -0.155684
v -0.0457895 0.0091579 -0.164723
v -0.0640625 0.0091579 -0.137368
v -0.00935918 0.0274736 -0.119053
v -0.0641053 0.0085637 -0.155684
v -0.0641053 0.0224378 -0.119053
v -0.0641053 0.0274736 -0.102424
v -0.0776294 0.0091579 -0.119053
v -0.082421 0.0091579 -0.112418
v -0.082421 0.0082733 -0.119053
v -0.100737 0.00913846 -0.100737
v -0.100181 0.0091579 -0.100737
v -0.100737 0.00826347 -0.119053
v -0.119053 0.00857967 -0.119053
v -0.119053 0.00896972 -0.137368
v -0.137368 0.00912148 -0.119053
v -0.137368 0.0091579 -0.120981
v -0.155684 0.0091579 -0.11987
v -0.137368 0.019016 -0.137368
v -0.12675 0.0091579 -0.137368
v -0.119053 0.00907707 -0.100737
v -0.100737 0.00707817 -0.137368
v -0.082421 0.00861907 -0.137368
v -0.0641053 0.009152 -0.137368
v -0.082421 0.00614548 -0.155684
v -0.100737 0.00564599 -0.155684
v -0.082421 0.0274736 -0.102077
v -0.137368 0.00829023 -0.100737
v -0.155684 0.00827008 -0.119053
v -0.155684 0.00750679 -0.100737
v -0.137368 0.00693834 -0.082421
v -0.174 0.00650328 -0.119053
v -0.119053 0.00896043 -0.082421
v -0.119053 0.00848871 -0.0641053
v -0.11819 0.0091579 -0.082421
v -0.0839643 0.0274736 -0.100737
v -0.100737 0.00485176 -0.174
v -0.119053 0.00855893 -0.174
v -0.119053 0.00578922 -0.192316
v -0.121628 0.0091579 -0.174
v -0.122355 0.0091579 -0.155684
v -0.129978 0.0091579 -0.192316
v -0.119053 0.00879341 -0.155684
v -0.0776294 0.0091579 -0.119053
v -0.0641053 0.0224378 -0.119053
v -0.0641053 0.0091579 -0.13719
v -0.082421 0.0082733 -0.119053
v -0.0641053 0.009152 -0.137368
v -0.0640625 0.0091579 -0.137368
v -0.12675 0.0091579 -0.137368
v -0.119053 0.00879341 -0.155684
v -0.122355 0.0091579 -0.155684
v -0.082421 0.00614548 -0.155684
v -0.0641053 0.009152 -0.137368
v -0.0641053 0.0085637 -0.155684
v -0.055891 0.0091579 -0.155684
v -0.0640625 0.0091579 -0.137368
v -0.119053 0.00896043 -0.082421
v -0.11819 0.0091579 -0.082421
v -0.100737 0.0091579 -0.10067
v -0.100737 0.00913846 -0.100737
v 0.0274736 -0.0830947 -0.119053
v 0.0457895 -0.0852567 -0.100737
v 0.0457895 -0.0825634 -0.119053
v 0.0641053 -0.0836372 -0.100737
v 0.0274736 -0.0854462 -0.100737
v 0.0091579 -0.0828373 -0.119053
v 0.0274736 -0.0825554 -0.082421
v 0.0457895 -0.082421 -0.0883377
v 0.0091579 -0.0836267 -0.100737
v 0.0359141 -0.082421 -0.082421
v 0.0457895 -0.0751501 -0.082421
v 0.0274736 -0.0679825 -0.0641053
v 0.0457895 -0.0667683 -0.0641053
v 0.0641053 -0.0648035 -0.0641053
v 0.0641053 -0.0757628 -0.0457895
v 0.0641053 -0.068724 -0.082421
v 0.0457895 -0.082421 -0.0487333
v 0.082421 -0.0665958 -0.0457895
v 0.082421 -0.0642622 -0.0641053
v 0.0274736 -0.0641053 -0.0513803
v 0.0091579 -0.0641053 -0.0626642
v 0.0091579 -0.0652064 -0.0641053
v 0.082421 -0.0708373 -0.0274737
v 0.100737 -0.066842 -0.0274737
v 0.100737 -0.0699427 -0.0091579
v 0.119053 -0.0643945 -0.0091579
v 0.082421 -0.0716673 -0.0091579
v 0.0641053 -0.0680243 -0.0274737
v 0.119053 -0.0712059 0.0091579
v 0.103602 -0.0641053 -0.0274737
v 0.10077 -0.0641053 -0.0457895
v 0.119053 -0.0489875 -0.0274737
v 0.119053 -0.0472487 -0.0457895
v 0.119053 -0.0641053 -0.0629933
v 0.082421 -0.0641053 -0.00405478
v 0.0959812 -0.0641053 0.0091579
v 0.137368 -0.0458972 -0.0274737
v 0.137368 -0.0462068 -0.0457895
v 0.151379 -0.0457895 -0.0457895
v 0.155684 -0.0457895 -0.0500846
v 0.155684 -0.0517119 -0.0641053
v 0.174 -0.0641053 -0.0636569
v 0.137368 -0.0568569 -0.0641053
v 0.137368 -0.0459321 -0.0091579
v 0.119053 -0.0641053 -0.0117719
v 0.0324821 -0.0641053 -0.0457895
v 0.0641053 -0.082421 -0.0988616
v 0.0274736 -0.082421 -0.0802707
v 0.13956 -0.0457895 -0.0274737
v 0.0056408 -0.0641053 -0.0641053
v 0.138958 -0.0457895 -0.0091579
v 0.155684 -0.0459611 0.0091579
v 0.137368 -0.0555098 0.0091579
v 0.155684 -0.0484625 0.0274736
v 0.137368 -0.0641053 0.0179373
v 0.128611 -0.0641053 0.0091579
v 0.119053 -0.082421 0.0202034
v 0.140372 -0.0641053 0.0274736
v 0.155684 -0.0457895 0.00734168
v 0.155684 -0.0641053 0.0433144
v 0.156808 -0.0457895 0.0274736
v 0.157419 -0.0641053 0.0457895
v 0.156588 -0.0457895 0.0091579
v 0.128826 -0.0641053 -0.0641053
v 0.155684 -0.0641053 -0.0764639
v 0.137368 -0.0641053 -0.0713475
v 0.137368 -0.082421 -0.0814296
v 0.155684 -0.082421 -0.0802346
v 0.128022 -0.082421 -0.082421
v 0.082421 -0.0689277 -0.082421
v 0.100737 -0.064428 -0.0641053
v 0.100737 -0.0717163 -0.082421
v 0.100737 -0.082421 -0.0931153
v 0.119053 -0.082421 -0.0914056
v 0.119053 -0.073423 -0.082421
v 0.00446272 -0.082421 -0.119053
v -0.0091579 -0.100737 -0.101374
v 0.082421 -0.082421 -0.0955653
v 0.0703256 -0.0641053 -0.0091579
v 0.0091579 -0.082421 -0.0814458
v -0.0091579 -0.082421 -0.0812688
v 0.0641053 -0.0641053 -0.0153652
v 0.119258 -0.0641053 -0.0091579
v 0.0091579 -0.08323 -0.082421
v 0.0274736 -0.0825554 -0.082421
v 0.0091579 -0.0836267 -0.100737
v 0.0274736 -0.082421 -0.0802707
v 0.0091579 -0.082421 -0.0814458
v 0.100737 -0.064428 -0.0641053
v 0.119053 -0.064732 -0.0641053
v 0.100737 -0.0717163 -0.082421
v 0.119053 -0.073423 -0.082421
v 0.128022 -0.082421 -0.082421
v 0.137368 -0.0641053 -0.0713475
v 0.100737 -0.0641118 -0.0457895
v 0.082421 -0.0642622 -0.0641053
v 0.082421 -0.0665958 -0.0457895
v 0.100737 -0.066842 -0.0274737
v 0.119053 -0.082421 -0.0914056
v 0.128826 -0.0641053 -0.0641053
v 0.137368 -0.0568569 -0.0641053
v 0.119053 -0.0641053 -0.0629933
v 0.10077 -0.0641053 -0.0457895
v 0.119053 -0.0712059 0.0091579
v 0.119053 -0.082421 0.0202034
v 0.128611 -0.0641053 0.0091579
v 0.107365 -0.082421 0.0091579
v 0.100737 -0.082421 0.00374174
v 0.119258 -0.0641053 -0.0091579
v 0.100737 -0.0699427 -0.0091579
v 0.082421 -0.0435212 0.155684
v 0.082421 -0.0457895 0.137553
v 0.100737 -0.0457895 0.155483
v 0.0817599 -0.0457895 0.137368
v 0.100737 -0.0457534 0.155684
v 0.100737 -0.0454312 0.174
v 0.105767 -0.0457895 0.174
v 0.082421 -0.0459682 0.137368
v 0.100737 -0.0604299 0.137368
v 0.082421 -0.0583547 0.119053
v 0.100737 -0.0641053 0.125184
v 0.0945317 -0.0641053 0.119053
v 0.082421 -0.0640723 0.100737
v 0.100737 -0.0702125 0.119053
v 0.100737 -0.0735369 0.100737
v 0.119053 -0.0800434 0.119053
v 0.119053 -0.0677439 0.100737
v 0.100737 -0.0775727 0.082421
v 0.082421 -0.08105 0.082421
v 0.082421 -0.0808449 0.0641053
v 0.0641053 -0.0818846 0.0641053
v 0.0641053 -0.0815675 0.082421
v 0.0457895 -0.0817756 0.082421
v 0.062631 -0.082421 0.0641053
v 0.0641053 -0.082421 0.0609949
v 0.0457895 -0.0979699 0.0641053
v 0.0641053 -0.0953616 0.0457895
v 0.0457895 -0.082421 0.0797915
v 0.082421 -0.0807433 0.0457895
v 0.0457895 -0.0848376 0.0457895
v 0.0641053 -0.0782826 0.100737
v 0.0457895 -0.082421 0.0361996
v 0.0428632 -0.082421 0.0457895
v 0.0274736 -0.082421 0.0521809
v 0.0641053 -0.082421 0.0283884
v 0.119053 -0.0641053 0.135547
v 0.077747 -0.082421 0.0457895
v 0.0641053 -0.0821797 0.0274736
v 0.0457895 -0.0823483 0.0274736
v 0.0457895 -0.0821903 0.0091579
v 0.0641053 -0.0820659 0.0091579
v 0.0641053 -0.082421 0.00702184
v 0.0457895 -0.082421 -0.00533396
v 0.0391471 -0.082421 0.0091579
v 0.082421 -0.0774669 0.0091579
v 0.0274736 -0.0813994 0.0457895
v 0.082421 -0.082421 0.0017764
v 0.100737 -0.082421 0.00374174
v 0.082421 -0.067784 0.0274736
v 0.0457895 -0.0720963 0.100737
v 0.0457895 -0.0795767 0.119053
v 0.0274736 -0.0717813 0.100737
v 0.119053 -0.0630533 0.137368
v 0.119053 -0.0637631 0.155684
v 0.126798 -0.0641053 0.155684
v 0.127427 -0.0641053 0.174
v 0.137368 -0.0745764 0.155684
v 0.137368 -0.074039 0.174
v 0.137368 -0.0809271 0.137368
v 0.0399469 -0.082421 0.0274736
v 0.0274736 -0.0865833 0.0274736
v 0.0274736 -0.082421 0.0324141
v 0.0274736 -0.0933594 0.0641053
v 0.120181 -0.0641053 0.137368
v 0.0091579 -0.0802688 0.0457895
v 0.0091579 -0.082421 0.0408829
v -0.0091579 -0.0824004 0.0274736
v -0.00879955 -0.082421 0.0274736
v -0.0091579 -0.0785665 0.0457895
v -0.0274737 -0.078161 0.0274736
v 0.0091579 -0.07886 0.0641053
v -0.0091579 -0.082421 0.0274234
v -0.0274737 -0.082421 0.0243826
v -0.0274737 -0.0975319 0.0091579
v -0.0091579 -0.0998163 0.0091579
v -0.0444639 -0.082421 0.0091579
v -0.0457895 -0.100293 -0.0091579
v -0.0457895 -0.082421 0.0089767
v -0.0457895 -0.0812603 0.0091579
v -0.0641053 -0.0870438 -0.0091579
v -0.0641053 -0.082421 -0.00444049
v -0.0641053 -0.0993041 -0.0274737
v -0.082421 -0.0974029 -0.0274737
v -0.0694351 -0.082421 -0.0091579
v -0.082421 -0.082421 -0.0119909
v -0.0981114 -0.082421 -0.0274737
v -0.100737 -0.0891958 -0.0457895
v -0.082421 -0.0992358 -0.0457895
v -0.100737 -0.096224 -0.0641053
v -0.107512 -0.082421 -0.0457895
v -0.114545 -0.082421 -0.0641053
v -0.100737 -0.0964732 -0.082421
v -0.115257 -0.082421 -0.082421
v -0.100737 -0.082421 -0.0377527
v -0.082421 -0.0795789 -0.0091579
v -0.0808457 -0.0641053 0.0091579
v -0.082421 -0.0641053 0.00601155
v -0.0975339 -0.0641053 -0.0091579
v -0.0424702 -0.0641053 0.0274736
v -0.0457895 -0.0641053 0.0253869
v -0.0457895 -0.0634874 0.0274736
v -0.100737 -0.0796674 -0.0274737
v -0.100737 -0.0641053 -0.0125009
v -0.0641053 -0.0807774 0.0091579
v -0.115564 -0.0641053 -0.0274737
v -0.0091579 -0.0807088 0.0641053
v 0.0091579 -0.074988 0.082421
v 0.0274736 -0.082421 0.0750724
v -0.0641053 -0.0641053 0.0257859
v -0.0274737 -0.0641053 0.0442039
v -0.0260972 -0.0641053 0.0457895
v -0.0274737 -0.0640699 0.0457895
v -0.0457895 -0.0639666 0.0457895
v 0.0091579 -0.0956379 0.0274736
v 0.0274736 -0.0782909 0.082421
v 0.0274736 -0.0933594 0.0641053
v 0.0157805 -0.082421 0.0641053
v 0.0274736 -0.082421 0.0521809
v 0.0274736 -0.0813994 0.0457895
v 0.0091579 -0.07886 0.0641053
v 0.0274736 -0.082421 0.0750724
v 0.0274736 -0.0782909 0.082421
v 0.0091579 -0.074988 0.082421
v 0.0274736 -0.0782909 0.082421
v 0.0274736 -0.0717813 0.100737
v 0.082421 -0.08105 0.082421
v 0.100737 -0.0735369 0.100737
v 0.0834141 -0.0641053 0.100737
v 0.0945317 -0.0641053 0.119053
v 0.082421 -0.0640723 0.100737
v -0.0091579 -0.0998163 0.0091579
v 0.0091579 -0.0956379 0.0274736
v -0.00879955 -0.082421 0.0274736
v -0.0091579 -0.082421 0.0274234
v 0.119053 -0.0800434 0.119053
v 0.137368 -0.0809271 0.137368
v 0.120181 -0.0641053 0.137368
v -0.144483 -0.0274737 -0.210632
v -0.155684 -0.0274737 -0.224534
v -0.137368 -0.0248672 -0.210632
v -0.155684 -0.0403168 -0.210632
v -0.137368 -0.0091579 -0.225315
v -0.155684 -0.0457895 -0.210236
v -0.122717 -0.0091579 -0.210632
v -0.174 -0.0457895 -0.209448
v -0.155684 -0.0091579 -0.228649
v -0.119053 -0.0271277 -0.192316
v -0.119053 -0.0091579 -0.207384
v -0.174 -0.0274737 -0.228244
v -0.155684 0.0091579 -0.224393
v -0.159725 0.0091579 -0.228947
v -0.102268 -0.0091579 -0.192316
v -0.155684 -0.0631847 -0.192316
v -0.137368 -0.0601838 -0.192316
v -0.174 -0.0617806 -0.192316
v -0.18068 -0.0457895 -0.210632
v -0.137368 -0.0457895 -0.206798
v -0.122846 -0.0457895 -0.192316
v -0.192316 -0.0540171 -0.210632
v -0.119053 -0.063745 -0.174
v -0.119053 -0.0457895 -0.19197
v -0.100737 -0.0511103 -0.174
v -0.100737 -0.0457895 -0.179404
v -0.100737 -0.0274737 -0.183978
v -0.0903709 -0.0274737 -0.174
v -0.082421 -0.0110326 -0.174
v -0.082421 -0.0274737 -0.167438
v -0.082421 -0.0391653 -0.155684
v -0.0641053 -0.0414208 -0.155684
v -0.0641053 -0.0274737 -0.169403
v -0.0875202 -0.0457895 -0.155684
v -0.0457895 -0.0456908 -0.155684
v -0.082421 -0.0457895 -0.155146
v -0.0457895 -0.0274737 -0.160069
v -0.0457895 -0.0091579 -0.171035
v -0.0278012 -0.0091579 -0.155684
v -0.0641053 -0.0091579 -0.17329
v -0.100737 -0.0585381 -0.155684
v -0.082421 -0.0091579 -0.175654
v -0.100737 -0.0091579 -0.190321
v -0.0407103 -0.0274737 -0.155684
v -0.192316 -0.0457895 -0.22013
v -0.192316 -0.0446691 -0.228947
v -0.194714 -0.0457895 -0.228947
v -0.137368 -0.0274737 -0.208374
v -0.095338 -0.0457895 -0.174
v -0.119053 -0.0274737 -0.19224
v -0.0274737 -0.0274737 -0.15088
v -0.0274737 -0.0091579 -0.155559
v -0.0091579 -0.0091579 -0.14966
v -0.0091579 -0.0245249 -0.137368
v 0.0031538 -0.0091579 -0.137368
v 0.0091579 -0.0238692 -0.119053
v 0.0091579 -0.0091579 -0.129006
v 0.0191122 -0.0091579 -0.119053
v 0.0274736 -0.0233809 -0.100737
v 0.0274736 -0.0091579 -0.114474
v 0.0440791 -0.0091579 -0.100737
v 0.0242941 -0.0274737 -0.100737
v 0.0274736 -0.0274737 -0.0982969
v 0.0274736 -0.0457895 -0.0978436
v 0.0457895 -0.0274737 -0.0873905
v 0.0457895 -0.0355287 -0.082421
v 0.0510008 -0.0274737 -0.082421
v 0.0641053 -0.0170758 -0.082421
v 0.0641053 -0.0274737 -0.0714207
v 0.0641053 -0.0091579 -0.0899945
v 0.0717208 -0.0091579 -0.082421
v 0.082421 -0.0211228 -0.0641053
v 0.082421 -0.0091579 -0.0751809
v 0.0934551 -0.0091579 -0.0641053
v 0.082421 -0.0274262 -0.0457895
v 0.100156 -0.0091579 -0.0457895
v 0.100737 -0.0224109 -0.0274737
v 0.0720466 -0.0274737 -0.0641053
v 0.0457895 -0.0457895 -0.0813535
v 0.0131067 -0.0457895 -0.100737
v 0.0091579 -0.0457895 -0.106075
v 0.0091579 -0.0521076 -0.100737
v 0.00634021 -0.0457895 -0.119053
v -0.0091579 -0.063242 -0.119053
v 0.00764179 -0.0641053 -0.100737
v -0.0091579 -0.0457895 -0.13337
v -0.0164248 -0.0457895 -0.137368
v -0.0274737 -0.060518 -0.137368
v -0.0274737 -0.0457895 -0.148365
v -0.0091579 -0.0641053 -0.118494
v -0.0091579 -0.0670763 -0.119053
v 0.0274736 -0.0623407 -0.082421
v -0.0136666 -0.0641053 -0.119053
v 0.0457895 -0.0091579 -0.100438
v 0.0091579 -0.0274737 -0.117839
v -0.0118442 -0.0274737 -0.137368
v -0.210632 -0.0611258 -0.228947
v -0.210632 -0.0457895 -0.244307
v -0.228947 -0.0457895 -0.246904
v -0.228947 -0.0631018 -0.228947
v -0.210632 -0.0274737 -0.247076
v -0.192316 -0.0274737 -0.245819
v -0.192316 -0.0091579 -0.246274
v -0.174 -0.0091579 -0.24115
v -0.174 -0.0239237 -0.228947
v -0.174693 -0.0274737 -0.228947
v -0.174 0.0091579 -0.241677
v -0.192316 0.0091579 -0.247219
v -0.19275 0.0091579 -0.247263
v -0.174 -0.0450698 -0.210632
v 0.0641053 -0.0457895 -0.0784225
v -0.0806643 -0.0091579 -0.174
v 0.0785356 -0.0457895 -0.0641053
v 0.0442186 -0.0457895 -0.082421
v -0.0641053 -0.0457895 -0.153094
v -0.0457895 -0.0457895 -0.155682
v -0.0457895 -0.0638478 -0.137368
v -0.0641053 -0.0636169 -0.137368
v -0.0091579 -0.0274737 -0.136008
v 0.0457895 -0.0627472 -0.0641053
v 0.0641053 -0.0612078 -0.0641053
v -0.119393 -0.0274737 -0.192316
v -0.082421 -0.0635872 -0.137368
v 0.00813019 -0.0274737 -0.119053
v -0.119393 -0.0274737 -0.192316
v -0.137368 -0.0274737 -0.208374
v -0.137368 -0.0248672 -0.210632
v -0.174 -0.0274737 -0.228244
v -0.174 -0.0450698 -0.210632
v -0.174693 -0.0274737 -0.228947
v -0.192316 -0.0446691 -0.228947
v -0.192316 -0.0274737 -0.245819
v -0.210632 -0.0457895 -0.244307
v -0.194714 -0.0457895 -0.228947
v -0.174 -0.0239237 -0.228947
v -0.157775 -0.0091579 -0.228947
v -0.174 -0.0091579 -0.24115
v -0.159725 0.0091579 -0.228947
v -0.174 0.0091579 -0.241677
v -0.155684 -0.0091579 -0.228649
v -0.100737 -0.0091579 -0.190321
v -0.119053 -0.0274737 -0.19224
v -0.102268 -0.0091579 -0.192316
v -0.082421 -0.0635872 -0.137368
v -0.100737 -0.0585381 -0.155684
v -0.0875202 -0.0457895 -0.155684
v -0.095338 -0.0457895 -0.174
v -0.0091579 -0.0245249 -0.137368
v -0.0091579 -0.0274737 -0.136008
v -0.0118442 -0.0274737 -0.137368
v 0.00813019 -0.0274737 -0.119053
v -0.0118442 -0.0274737 -0.137368
v -0.0274737 -0.0457895 -0.148365
v -0.0274737 -0.0274737 -0.15088
v -0.0457895 -0.0457895 -0.155682
v -0.0407103 -0.0274737 -0.155684
v -0.0274737 -0.060518 -0.137368
v -0.0457895 -0.0638478 -0.137368
v -0.0457895 -0.0456908 -0.155684
v 0.0457895 -0.0457895 -0.0813535
v 0.0457895 -0.0627472 -0.0641053
v 0.0442186 -0.0457895 -0.082421
v 0.0641053 -0.0612078 -0.0641053
v 0.155684 0.0281257 -0.0091579
v 0.155684 0.0274736 -0.00741136
v 0.153637 0.0274736 -0.0091579
v 0.174 0.0362777 -0.0091579
v 0.174 0.0274736 -0.00498039
v 0.155684 0.0457895 -0.0267694
v 0.174 0.0457895 -0.0166267
v 0.174 0.0641053 -0.0260819
v 0.191066 0.0641053 -0.0091579
v 0.155684 0.0641053 -0.0270194
v 0.183284 0.0457895 -0.0091579
v 0.181125 0.082421 -0.0091579
v 0.192316 0.0641053 -0.00149685
v 0.137368 0.0457895 -0.025092
v 0.139405 0.0641053 -0.0274737
v 0.192316 0.082421 -0.00375342
v 0.174 0.082421 -0.0162877
v 0.137368 0.0602884 -0.0274737
v 0.137368 0.0641053 -0.0288214
v 0.119053 0.0457895 -0.0402181
v 0.133795 0.0457895 -0.0274737
v 0.119053 0.0641053 -0.0443981
v 0.100737 0.0641053 -0.0444468
v 0.137368 0.0660678 -0.0274737
v 0.174 0.0897712 -0.0091579
v 0.206679 0.082421 0.0091579
v 0.119053 0.082421 -0.0414327
v 0.174 0.100737 -0.00806868
v 0.192316 0.100737 -0.00570464
v 0.204116 0.0641053 0.0091579
v 0.210632 0.0641053 0.00979424
v 0.210632 0.0625631 0.0091579
v 0.210632 0.082421 0.0111824
v 0.228947 0.082421 0.0146038
v 0.228947 0.0641053 0.0101019
v 0.210632 0.100737 0.0112345
v 0.241896 0.082421 0.0274736
v 0.246527 0.0641053 0.0274736
v 0.227451 0.100737 0.0274736
v 0.210632 0.117324 0.0274736
v 0.228947 0.100737 0.032279
v 0.174 0.11889 0.0091579
v 0.192316 0.115666 0.0091579
v 0.192316 0.119053 0.0242305
v 0.196402 0.119053 0.0274736
v 0.192316 0.122397 0.0274736
v 0.20318 0.137368 0.0457895
v 0.192316 0.137368 0.0385556
v 0.192316 0.144569 0.0457895
v 0.210632 0.137368 0.0465645
v 0.192316 0.155684 0.0470074
v 0.174 0.136896 0.0274736
v 0.137368 0.0274736 -0.0221858
v 0.155684 0.0091579 -0.00238836
v 0.210632 0.119053 0.028754
v 0.228947 0.119053 0.0337838
v 0.241062 0.119053 0.0457895
v 0.228947 0.13109 0.0457895
v 0.243226 0.100737 0.0457895
v 0.237553 0.119053 0.0641053
v 0.233734 0.137368 0.0641053
v 0.247263 0.100737 0.0462043
v 0.247263 0.118299 0.0641053
v 0.265579 0.100737 0.0576278
v 0.265579 0.10742 0.0641053
v 0.265579 0.082421 0.0474209
v 0.247263 0.119053 0.0656641
v 0.174 0.146382 0.0457895
v 0.159422 0.119053 0.0091579
v 0.155684 0.119053 0.00846165
v 0.155684 0.119666 0.0091579
v 0.247263 0.0641053 0.0277794
v 0.247263 0.082421 0.0299383
v 0.265579 0.0641053 0.0364736
v 0.155684 0.100737 -0.00889254
v 0.146821 0.119053 -0.0091579
v 0.210632 0.155684 0.0498165
v 0.228947 0.0968681 0.0274736
v 0.207471 0.100737 0.0091579
v 0.155684 0.0963053 -0.0091579
v 0.210632 0.0457895 -0.00686318
v 0.283895 0.100737 0.0588311
v 0.228947 0.0457895 0.014725
v 0.137368 0.127975 -0.0091579
v 0.264368 0.119053 0.082421
v 0.265579 0.116156 0.082421
v 0.265579 0.119053 0.0838239
v 0.247263 0.0457895 0.0275194
v 0.283895 0.102726 0.082421
v 0.283895 0.119053 0.0857456
v 0.265579 0.137368 0.0857306
v 0.247263 0.137368 0.0878521
v 0.247263 0.151696 0.100737
v 0.265579 0.15089 0.100737
v 0.279246 0.137368 0.100737
v 0.297482 0.119053 0.100737
v 0.285177 0.100737 0.082421
v 0.162274 0.137368 0.0274736
v 0.247263 0.136155 0.082421
v 0.247263 0.0993825 0.0457895
v 0.210632 0.136609 0.0457895
v 0.174 0.119053 0.00962073
v 0.265579 0.0457895 0.0288225
v 0.247263 0.0274736 0.0315369
v 0.274808 0.0641053 0.0457895
v 0.282557 0.0457895 0.0457895
v 0.153592 0.0091579 -0.0091579
v 0.155684 -0.00053829 0.0091579
v 0.137368 -0.00583202 -0.0091579
v 0.170757 0.0091579 0.0091579
v 0.174 -0.00889015 0.0274736
v 0.174 0.0091579 0.00929362
v 0.183444 -0.0091579 0.0274736
v 0.192316 -0.0091579 0.0205696
v 0.192316 0.0091579 0.0101082
v 0.192316 0.0208082 0.0091579
v 0.199634 0.0274736 0.0091579
v 0.192316 0.0274736 0.00267589
v 0.210632 0.0274736 0.0136023
v 0.210632 0.0091579 0.0105057
v 0.210632 -0.0091579 0.0240738
v 0.228947 0.0091579 0.0103798
v 0.228947 -0.00894892 0.0274736
v 0.137368 0.082421 -0.0269009
v 0.119053 0.03341 -0.0274737
v 0.283895 0.105789 0.0641053
v 0.283895 0.0942791 0.0641053
v 0.288934 0.100737 0.0641053
v 0.174 0.155684 0.0504354
v 0.137368 0.0091579 -0.0242147
v 0.103128 0.082421 -0.0457895
v 0.109135 0.100737 -0.0457895
v 0.119053 0.100737 -0.0397044
v 0.135627 0.100737 -0.0274737
v 0.100737 0.082421 -0.0477362
v 0.100737 0.100737 -0.0541012
v 0.082421 0.082421 -0.05796
v 0.082421 0.100737 -0.0608305
v 0.0641053 0.082421 -0.0592391
v 0.0641053 0.100737 -0.0596784
v 0.0457895 0.082421 -0.0597949
v 0.0457895 0.100737 -0.0597472
v 0.0274736 0.082421 -0.0618802
v 0.0274736 0.100737 -0.0606495
v 0.0091579 0.100737 -0.0619051
v 0.082421 0.0641053 -0.0507555
v 0.0091579 0.0920204 -0.0641053
v -0.0091579 0.0974386 -0.0641053
v 0.0210219 0.082421 -0.0641053
v -0.0091579 0.100737 -0.0634928
v -0.0274737 0.100417 -0.0641053
v -0.0274737 0.100737 -0.064019
v -0.0313102 0.100737 -0.0641053
v -0.0457895 0.109436 -0.0641053
v 0.24703 0.0457895 0.0274736
v 0.237165 0.0274736 0.0274736
v 0.247263 0.0091579 0.0275923
v 0.265579 0.0091579 0.0281717
v 0.247263 -0.0091579 0.0344348
v 0.228947 -0.0091579 0.0285424
v 0.247263 -0.0274737 0.0281117
v 0.228947 -0.00946063 0.0274736
v 0.246557 -0.0274737 0.0274736
v 0.247263 -0.0297142 0.0274736
v 0.265579 -0.0457895 0.028845
v 0.260669 -0.0457895 0.0274736
v 0.243336 -0.0457895 0.0091579
v 0.247263 -0.0457895 0.0140622
v 0.228947 -0.0307667 0.0091579
v 0.228947 -0.0457895 -0.00525516
v 0.225064 -0.0457895 -0.0091579
v 0.224255 -0.0274737 0.0091579
v 0.210632 -0.0305725 -0.0091579
v 0.210632 -0.0457895 -0.0236018
v 0.210632 -0.0641053 -0.0250539
v 0.206204 -0.0457895 -0.0274737
v 0.22653 -0.0641053 -0.0091579
v 0.210632 -0.0274737 -0.0046972
v 0.210632 -0.0142645 0.0091579
v 0.209922 -0.0641053 -0.0274737
v 0.192316 -0.0641053 -0.0456865
v 0.192316 -0.0457895 -0.0413193
v 0.177388 -0.0457895 -0.0457895
v 0.174 -0.042448 -0.0457895
v 0.174 -0.0457895 -0.04917
v 0.174 -0.0641053 -0.0636569
v 0.155684 -0.0457895 -0.0500846
v 0.192316 -0.0319659 -0.0274737
v 0.155684 -0.0415277 -0.0457895
v 0.192316 -0.0278006 -0.0091579
v 0.265579 -0.0274737 0.0364277
v 0.228947 -0.0274737 0.0105852
v 0.262608 0.0274736 0.0457895
v 0.265579 0.027002 0.0457895
v 0.283863 0.0091579 0.0457895
v 0.265579 0.0274736 0.0467383
v 0.246574 0.0091579 0.0274736
v 0.283895 0.0091579 0.0458015
v 0.283895 0.0274736 0.0539959
v 0.260896 -0.0091579 0.0457895
v 0.265579 -0.0146496 0.0457895
v 0.265579 -0.0091579 0.0460521
v 0.265579 -0.00882429 0.0457895
v 0.150478 0.100737 -0.0091579
v 0.137368 0.100737 -0.0252357
v 0.137368 0.119053 -0.0179423
v 0.119053 0.119053 -0.025803
v 0.119053 0.113036 -0.0274737
v 0.100737 0.117917 -0.0274737
v 0.100737 0.119053 -0.027198
v 0.100737 0.137033 -0.0091579
v 0.082421 0.137198 -0.0091579
v 0.082421 0.119053 -0.02746
v 0.0641053 0.127157 -0.0274737
v 0.081174 0.119053 -0.0274737
v 0.0641053 0.119053 -0.0355042
v 0.082421 0.11888 -0.0274737
v 0.119053 0.135728 -0.0091579
v 0.228947 0.0274736 0.0195146
v 0.119053 0.0274736 -0.0270808
v 0.113258 0.0274736 -0.0274737
v 0.100737 0.0798087 -0.0457895
v 0.0876301 0.0641053 -0.0457895
v 0.155684 0.082421 -0.0218937
v 0.283895 0.132654 0.100737
v 0.228947 0.137368 0.0591612
v 0.133694 0.082421 -0.0274737
v 0.239402 0.137368 0.082421
v 0.119053 0.0091579 -0.0268723
v 0.108295 0.0091579 -0.0274737
v 0.100737 0.0091579 -0.0340381
v 0.100737 0.0274736 -0.043138
v 0.082421 0.0091579 -0.0455281
v 0.100737 -0.0091579 -0.0427279
v 0.082421 0.00854993 -0.0457895
v 0.0820348 0.0091579 -0.0457895
v 0.082421 0.0114143 -0.0457895
v 0.0800549 0.0274736 -0.0641053
v 0.082421 0.0274736 -0.0628089
v 0.082421 0.0299945 -0.0641053
v 0.0641053 0.0274736 -0.0772346
v 0.082421 0.0457895 -0.0754179
v 0.0941924 0.0457895 -0.0641053
v 0.100737 0.0279909 -0.0457895
v 0.100737 0.0457895 -0.0620883
v 0.117816 0.0457895 -0.0457895
v 0.0996625 0.0274736 -0.0457895
v 0.228947 0.142146 0.0641053
v 0.228947 0.148157 0.082421
v 0.221945 0.155684 0.082421
v 0.228947 0.155684 0.0895461
v 0.210632 0.16528 0.082421
v 0.224851 0.155684 0.0641053
v 0.210632 0.169943 0.0641053
v 0.228947 0.165201 0.100737
v 0.155684 0.0091579 -0.00238836
v 0.174 0.0274736 -0.00498039
v 0.174 0.0108857 0.0091579
v 0.192316 0.0208082 0.0091579
v 0.192316 0.0274736 0.00267589
v 0.192316 0.0457895 -0.00869501
v 0.210632 0.0457895 -0.00686318
v 0.183284 0.0457895 -0.0091579
v 0.192316 0.0641053 -0.00149685
v 0.210632 0.0293829 0.0091579
v 0.226757 0.0457895 0.0091579
v 0.210632 0.0625631 0.0091579
v 0.174 0.0091579 0.00929362
v 0.228947 0.0457895 0.014725
v 0.191066 0.0641053 -0.0091579
v 0.210632 0.0274736 0.0136023
v 0.170757 0.0091579 0.0091579
v 0.228947 0.0274736 0.0195146
v 0.210632 0.0091579 0.0105057
v 0.228947 0.0091579 0.0103798
v 0.237165 0.0274736 0.0274736
v 0.246574 0.0091579 0.0274736
v 0.228947 -0.00894892 0.0274736
v 0.228947 -0.0091579 0.0285424
v 0.108295 0.0091579 -0.0274737
v 0.119053 0.0091579 -0.0268723
v 0.119053 -0.00841302 -0.0091579
v 0.137368 -0.00583202 -0.0091579
v 0.104404 -0.0091579 -0.0091579
v 0.135627 0.100737 -0.0274737
v 0.137368 0.082421 -0.0269009
v 0.133694 0.082421 -0.0274737
v 0.137368 0.100737 -0.0252357
v 0.155684 0.082421 -0.0218937
v 0.174 0.082421 -0.0162877
v 0.174 0.0897712 -0.0091579
v 0.181125 0.082421 -0.0091579
v 0.155684 0.0963053 -0.0091579
v 0.155684 0.082421 -0.0218937
v 0.265579 0.0641053 0.0364736
v 0.247263 0.082421 0.0299383
v 0.263133 0.082421 0.0457895
v 0.228947 -0.00946063 0.0274736
v 0.228947 -0.0274737 0.0105852
v 0.224255 -0.0274737 0.0091579
v 0.228947 0.0968681 0.0274736
v 0.243226 0.100737 0.0457895
v 0.241896 0.082421 0.0274736
v 0.247263 0.0993825 0.0457895
v 0.283895 0.0942791 0.0641053
v 0.288934 0.100737 0.0641053
v 0.283895 0.082421 0.0666248
v 0.298918 0.082421 0.082421
v 0.177388 -0.0457895 -0.0457895
v 0.192316 -0.0641053 -0.0456865
v 0.192187 -0.0641053 -0.0457895
v 0.174 -0.0641053 -0.0636569
v 0.196402 0.119053 0.0274736
v 0.210632 0.119053 0.028754
v 0.210632 0.117324 0.0274736
v 0.207471 0.100737 0.0091579
v 0.210632 0.136609 0.0457895
v 0.228947 0.137368 0.0591612
v 0.210632 0.155684 0.0498165
v 0.224851 0.155684 0.0641053
v 0.210632 0.169943 0.0641053
v 0.228947 0.142146 0.0641053
v 0.233734 0.137368 0.0641053
v 0.228947 0.137368 0.0591612
v 0.210632 0.136609 0.0457895
v 0.210632 0.137368 0.0465645
v 0.228947 0.13109 0.0457895
v 0.210632 -0.0274737 -0.0046972
v 0.192316 -0.0112813 0.0091579
v 0.210632 -0.0142645 0.0091579
v 0.192316 -0.0274737 -0.00745749
v 0.192316 -0.0278006 -0.0091579
v 0.162274 0.137368 0.0274736
v 0.174 0.136896 0.0274736
v 0.159422 0.119053 0.0091579
v 0.174 0.119053 0.00962073
v 0.174 -0.042448 -0.0457895
v 0.174 -0.0282722 -0.0274737
v 0.192316 -0.0319659 -0.0274737
v 0.192316 -0.0278006 -0.0091579
v 0.155684 -0.0415277 -0.0457895
v 0.239402 0.137368 0.082421
v 0.247263 0.137368 0.0878521
v 0.247263 0.136155 0.082421
v 0.241552 0.155684 0.100737
v 0.247263 0.151696 0.100737
v 0.239402 0.137368 0.082421
v 0.247263 0.155684 0.103763
v 0.228947 0.148157 0.082421
v 0.228947 0.155684 0.0895461
v 0.260579 0.155684 0.119053
v 0.228947 0.165201 0.100737
v 0.192316 0.137368 0.227175
v 0.192316 0.150798 0.210632
v 0.191807 0.137368 0.228947
v 0.206155 0.137368 0.210632
v 0.210632 0.148826 0.192316
v 0.174 0.154081 0.228947
v 0.192316 0.154329 0.192316
v 0.174 0.155379 0.210632
v 0.155684 0.155049 0.210632
v 0.155684 0.155202 0.228947
v 0.137368 0.154605 0.210632
v 0.137368 0.1549 0.228947
v 0.155684 0.154161 0.247263
v 0.174 0.155173 0.192316
v 0.119053 0.154397 0.210632
v 0.137368 0.151392 0.247263
v 0.174 0.154313 0.247263
v 0.119053 0.154228 0.228947
v 0.210632 0.136424 0.210632
v 0.137368 0.153737 0.192316
v 0.210632 0.137368 0.204277
v 0.210632 0.154807 0.174
v 0.192316 0.155684 0.177137
v 0.195439 0.155684 0.174
v 0.192316 0.155141 0.155684
v 0.210632 0.153131 0.155684
v 0.228947 0.154661 0.155684
v 0.210632 0.144078 0.137368
v 0.228947 0.141867 0.137368
v 0.247263 0.150082 0.155684
v 0.210632 0.137368 0.124663
v 0.211347 0.137368 0.119053
v 0.247263 0.148431 0.174
v 0.228947 0.137368 0.173335
v 0.234142 0.137368 0.174
v 0.228947 0.132907 0.174
v 0.192316 0.144441 0.137368
v 0.247263 0.142913 0.137368
v 0.265579 0.146652 0.137368
v 0.265579 0.155372 0.119053
v 0.247263 0.155684 0.132217
v 0.137368 0.137368 0.261319
v 0.123282 0.137368 0.247263
v 0.119053 0.119053 0.263459
v 0.119053 0.151081 0.192316
v 0.260579 0.155684 0.119053
v 0.247263 0.151696 0.100737
v 0.265579 0.15089 0.100737
v 0.247263 0.16851 0.119053
v 0.119053 0.135276 0.247263
v 0.102862 0.119053 0.247263
v 0.100737 0.135678 0.228947
v 0.192316 0.158484 0.174
v 0.210632 0.136631 0.119053
v 0.102185 0.137368 0.228947
v 0.100737 0.137368 0.226511
v 0.0836164 0.137368 0.210632
v 0.082421 0.136856 0.210632
v 0.0841115 0.119053 0.228947
v 0.082421 0.119053 0.227859
v 0.192316 0.155684 0.170114
v 0.100737 0.119053 0.245566
v 0.192316 0.137086 0.228947
v 0.119053 0.137368 0.245833
v 0.155684 0.137368 0.264086
v 0.100737 0.153277 0.210632
v 0.210632 0.134701 0.228947
v 0.228947 0.13362 0.210632
v 0.226312 0.119053 0.228947
v 0.210632 0.119053 0.245157
v 0.228947 0.100737 0.239578
v 0.228365 0.100737 0.247263
v 0.228947 0.119053 0.225176
v 0.243474 0.119053 0.210632
v 0.239555 0.100737 0.228947
v 0.246845 0.100737 0.210632
v 0.246454 0.082421 0.228947
v 0.245704 0.119053 0.192316
v 0.247263 0.1183 0.192316
v 0.247263 0.119053 0.179855
v 0.265305 0.100737 0.192316
v 0.265579 0.100737 0.1919
v 0.253291 0.119053 0.174
v 0.192316 0.136695 0.247263
v 0.210096 0.119053 0.247263
v 0.192316 0.119053 0.265026
v 0.210632 0.100737 0.264997
v 0.210632 0.118603 0.247263
v 0.247263 0.0999026 0.210632
v 0.247263 0.082421 0.228202
v 0.247263 0.0821825 0.228947
v 0.249434 0.082421 0.228947
v 0.265579 0.0701347 0.247263
v 0.265579 0.082421 0.243281
v 0.283895 0.0811862 0.228947
v 0.283895 0.0774582 0.247263
v 0.297166 0.0641053 0.247263
v 0.283895 0.0641053 0.261591
v 0.301018 0.0641053 0.228947
v 0.302211 0.0583805 0.247263
v 0.302211 0.0457895 0.262591
v 0.320526 0.0466313 0.247263
v 0.280413 0.082421 0.228947
v 0.265579 0.0641053 0.253323
v 0.283895 0.082421 0.226657
v 0.247263 0.0804573 0.247263
v 0.228947 0.0641053 0.245541
v 0.230764 0.0641053 0.247263
v 0.228947 0.0636236 0.247263
v 0.228947 0.0457895 0.265082
v 0.302211 0.0638322 0.228947
v 0.265579 0.096777 0.228947
v 0.247263 0.100737 0.210069
v 0.119053 0.1462 0.174
v 0.100737 0.153471 0.174
v 0.119053 0.153896 0.155684
v 0.137368 0.154858 0.174
v 0.22211 0.137368 0.192316
v 0.302211 0.0641053 0.226026
v 0.299599 0.082421 0.210632
v 0.228947 0.135321 0.192316
v 0.320526 0.063477 0.228947
v 0.321408 0.0457895 0.247263
v 0.338227 0.0457895 0.228947
v 0.338842 0.0419605 0.228947
v 0.174 0.137368 0.264261
v 0.174 0.155684 0.189699
v 0.174 0.169443 0.174
v 0.187367 0.155684 0.155684
v 0.207085 0.137368 0.119053
v 0.192316 0.155684 0.127096
v 0.174 0.155684 0.136402
v 0.192316 0.172816 0.119053
v 0.174 0.171245 0.119053
v 0.155817 0.155684 0.137368
v 0.155684 0.15572 0.137368
v 0.210632 0.156714 0.119053
v 0.210632 0.155684 0.119798
v 0.155684 0.17221 0.119053
v 0.137368 0.169108 0.119053
v 0.137368 0.155684 0.133032
v 0.155641 0.155684 0.137368
v 0.137368 0.151277 0.137368
v 0.155684 0.155095 0.155684
v 0.155684 0.155684 0.137427
v 0.247263 0.0641053 0.263609
v 0.174 0.154125 0.137368
v 0.174 0.155684 0.13974
v 0.265579 0.100435 0.192316
v 0.100737 0.154202 0.192316
v 0.082421 0.155233 0.174
v 0.082421 0.155144 0.192316
v 0.0641053 0.15509 0.192316
v 0.0641053 0.155684 0.190724
v 0.0812965 0.155684 0.174
v 0.0641053 0.172394 0.174
v 0.0641053 0.137368 0.210029
v 0.0457895 0.137368 0.209317
v 0.0457895 0.154721 0.192316
v 0.0274736 0.137368 0.209188
v 0.0274736 0.154152 0.192316
v 0.0274736 0.155684 0.19078
v 0.0091579 0.137368 0.198461
v 0.0091579 0.143501 0.192316
v 0.0091579 0.15545 0.174
v -0.0091579 0.153902 0.174
v -0.0091579 0.137368 0.190565
v -0.0091579 0.153537 0.155684
v -0.0274737 0.144971 0.155684
v -0.0274737 0.137368 0.164703
v -0.0351343 0.137368 0.155684
v -0.0261369 0.137368 0.174
v -0.0091579 0.132554 0.192316
v 0.0091579 0.155523 0.155684
v 0.0115169 0.155684 0.155684
v 0.00299996 0.137368 0.192316
v 0.0099687 0.155684 0.174
v 0.0274736 0.172446 0.174
v 0.082421 0.137368 0.210378
v 0.0274736 0.168162 0.155684
v 0.265579 0.099001 0.210632
v 0.155684 0.155451 0.192316
v 0.144061 0.155684 0.174
v 0.190938 0.137368 0.247263
v -0.0091579 0.119053 0.20579
v -0.0228338 0.119053 0.192316
v 0.0457895 0.173354 0.174
v 0.0457895 0.155684 0.19182
v -0.0274737 0.137046 0.174
v -0.0274737 0.119053 0.191906
v -0.0456949 0.119053 0.174
v -0.0457895 0.100737 0.190378
v -0.0457895 0.136933 0.155684
v -0.0457895 0.119053 0.173905
v -0.0637114 0.119053 0.155684
v 0.283895 0.0981988 0.210632
v 0.155684 0.155684 0.190563
v 0.155684 0.166526 0.174
v 0.228336 0.137368 0.174
v 0.210632 0.154807 0.174
v 0.22211 0.137368 0.192316
v 0.228947 0.154661 0.155684
v 0.228947 0.137368 0.173335
v 0.190938 0.137368 0.247263
v 0.174 0.137368 0.264261
v 0.192316 0.119053 0.265026
v 0.210096 0.119053 0.247263
v 0.210632 0.118603 0.247263
v 0.210632 0.119053 0.245157
v 0.210632 0.118603 0.247263
v 0.210632 0.100737 0.264997
v 0.228365 0.100737 0.247263
v 0.228947 0.135321 0.192316
v 0.247263 0.119053 0.179855
v 0.234142 0.137368 0.174
v 0.247263 0.0999026 0.210632
v 0.265579 0.100435 0.192316
v 0.247263 0.100737 0.210069
v 0.265579 0.099001 0.210632
v 0.283895 0.0981988 0.210632
v 0.283895 0.0997206 0.192316
v 0.283895 0.0940059 0.174
v 0.265579 0.0701347 0.247263
v 0.247263 0.0641053 0.263609
v 0.265579 0.0641053 0.253323
v 0.174 0.167627 0.155684
v 0.174 0.169443 0.174
v 0.192316 0.158484 0.174
v 0.192316 0.155684 0.170114
v 0.187367 0.155684 0.155684
v 0.155684 0.166526 0.174
v 0.160334 0.155684 0.155684
v 0.155684 0.155684 0.161159
v 0.144061 0.155684 0.174
v 0.137368 0.154858 0.174
v 0.174 0.155684 0.13974
v 0.155684 0.155095 0.155684
v 0.137368 0.154986 0.155684
v 0.137368 0.151277 0.137368
v 0.119053 0.153896 0.155684
v 0.174 0.154125 0.137368
v 0.155817 0.155684 0.137368
v 0.155684 0.155684 0.137427
v 0.22211 0.137368 0.192316
v 0.228947 0.135321 0.192316
v 0.228947 0.132907 0.174
v 0.301018 0.0641053 0.228947
v 0.302211 0.0638322 0.228947
v 0.302211 0.0641053 0.226026
v 0.317089 0.0641053 0.210632
v 0.0641053 0.15509 0.192316
v 0.0641053 0.155684 0.190724
v 0.0457895 0.155684 0.19182
v 0.0641053 0.172394 0.174
v 0.0457895 0.173354 0.174
v 0.0457895 0.154721 0.192316
v 0.0274736 0.155684 0.19078
v 0.137368 0.155684 0.133032
v 0.137368 0.169108 0.119053
v 0.123074 0.155684 0.119053
v 0.137368 0.151277 0.137368
v 0.119053 0.137368 0.245833
v 0.119053 0.154228 0.228947
v 0.102185 0.137368 0.228947
v 0.100737 0.137368 0.226511
v 0.100737 0.153277 0.210632
v 0.247263 0.155684 0.103763
v 0.247263 0.16851 0.119053
v 0.260579 0.155684 0.119053
v 0.228947 0.165201 0.100737
v 0.174 -0.0647606 0.0641053
v 0.173342 -0.0641053 0.0641053
v 0.174 -0.082421 0.0610919
v 0.177587 -0.082421 0.0641053
v 0.192316 -0.082421 0.0803252
v 0.192316 -0.096882 0.0641053
v 0.174 -0.097507 0.0457895
v 0.192316 -0.0818366 0.082421
v 0.195911 -0.082421 0.082421
v 0.210632 -0.0946633 0.082421
v 0.195439 -0.082421 0.100737
v 0.210632 -0.0960102 0.100737
v 0.192316 -0.082421 0.110143
v 0.158837 -0.082421 0.0457895
v 0.157419 -0.0641053 0.0457895
v 0.155684 -0.082421 0.0426649
v 0.155684 -0.0641053 0.0433144
v 0.140372 -0.0641053 0.0274736
v 0.14034 -0.082421 0.0274736
v 0.156178 -0.0457895 0.0457895
v 0.156197 -0.0457895 0.0641053
v 0.137368 -0.082421 0.0261416
v 0.137368 -0.0641053 0.0179373
v 0.119053 -0.082421 0.0202034
v 0.119053 -0.0937741 0.0091579
v 0.107365 -0.082421 0.0091579
v 0.155684 -0.0975546 0.0274736
v 0.137368 -0.100245 0.0091579
v 0.168329 -0.100737 0.0274736
v 0.174 -0.100737 0.0331164
v 0.174 -0.106335 0.0274736
v 0.155684 -0.117631 0.0091579
v 0.155684 -0.100737 0.0260628
v 0.137368 -0.100737 0.00908017
v 0.155684 -0.0975546 0.0274736
v 0.14034 -0.082421 0.0274736
v 0.137851 -0.100737 0.0091579
v 0.155684 -0.100737 0.0260628
v 0.155684 -0.117631 0.0091579
v 0.137368 -0.118963 -0.0091579
v 0.137368 -0.100245 0.0091579
v 0.137368 -0.100737 0.00908017
v 0.132555 -0.119053 -0.0091579
v -0.0639852 0.119053 0.0641053
v -0.0457895 0.123643 0.0641053
v -0.0641053 0.119053 0.0641026
v -0.0457895 0.119053 0.0689387
v -0.0457895 0.115376 0.082421
v -0.0274737 0.118759 0.0641053
v -0.0274737 0.110062 0.082421
v -0.0091579 0.117141 0.082421
v -0.0151361 0.119053 0.0641053
v -0.0091579 0.119053 0.0691965
v -0.0641053 0.136314 0.0457895
v -0.082421 0.119053 0.0638795
v -0.0457895 0.136993 0.0457895
v -0.0274737 0.136693 0.0457895
v -0.0457895 0.13479 0.0274736
v -0.040167 0.119053 0.0641053
v -0.0274737 0.133953 0.0274736
v -0.082421 0.134816 0.0457895
v -0.100737 0.119053 0.0575117
v -0.100737 0.130606 0.0457895
v -0.100737 0.128249 0.0274736
v -0.082421 0.119019 0.0641053
v -0.100737 0.118336 0.0641053
v -0.112699 0.119053 0.0457895
v -0.082421 0.11651 0.082421
v -0.0641053 0.117628 0.082421
v -0.100737 0.100737 0.082419
v -0.119053 0.100737 0.0812238
v -0.119053 0.117845 0.0641053
v -0.0091579 0.136078 0.0457895
v -0.0091579 0.135237 0.0274736
v 0.0091579 0.136382 0.0457895
v 0.0091579 0.136387 0.0274736
v -0.0091579 0.135971 0.0091579
v 0.0091579 0.136135 0.0091579
v -0.0091579 0.134825 -0.0091579
v -0.0274737 0.134835 -0.0091579
v 0.0091579 0.137109 0.0641053
v 0.0258263 0.137368 0.0457895
v 0.0274736 0.137368 0.0417796
v 0.0091579 0.136398 -0.0091579
v 0.0274736 0.137183 0.0274736
v -0.0274737 0.135756 0.0091579
v -0.0091579 0.123945 0.0641053
v -0.0641053 0.131709 0.0274736
v 0.0313244 0.137368 0.0274736
v 0.0457895 0.137368 0.0154256
v 0.0457895 0.135768 0.0091579
v 0.0481049 0.137368 0.0091579
v 0.0641053 0.137368 -0.00641996
v 0.0641053 0.137141 -0.0091579
v 0.0457895 0.13672 -0.0091579
v 0.0641053 0.127157 -0.0274737
v 0.0546741 0.119053 -0.0274737
v 0.0641053 0.119053 -0.0355042
v 0.082421 0.137198 -0.0091579
v 0.0274736 0.136901 -0.0091579
v 0.082421 0.137368 -0.0058018
v 0.0274736 0.13555 0.0091579
v -0.0457895 0.135671 -0.0091579
v -0.0457895 0.135598 0.0091579
v -0.0641053 0.134873 -0.0091579
v -0.0641053 0.123967 -0.0274737
v -0.082421 0.134203 -0.0274737
v -0.082421 0.13644 -0.0091579
v -0.082421 0.132908 -0.0457895
v -0.100737 0.136085 -0.0457895
v -0.100737 0.129558 -0.0641053
v -0.100737 0.135894 -0.0274737
v -0.119053 0.133749 -0.0641053
v 0.100737 0.137368 0.000884175
v 0.100737 0.137033 -0.0091579
v 0.108715 0.137368 0.0091579
v 0.119053 0.134403 0.0091579
v 0.112896 0.137368 0.0274736
v 0.119053 0.134655 0.0274736
v 0.119053 0.137368 0.0397853
v 0.134092 0.137368 0.0457895
v 0.137368 0.13388 0.0274736
v 0.119053 0.141667 0.0457895
v 0.137368 0.137368 0.0471665
v 0.137368 0.12441 0.0091579
v 0.155684 0.119666 0.0091579
v 0.155684 0.137368 0.0261562
v 0.162274 0.137368 0.0274736
v 0.155684 0.138671 0.0274736
v 0.174 0.137368 0.029941
v 0.174 0.136896 0.0274736
v 0.192316 0.137368 0.0385556
v 0.174 0.146382 0.0457895
v 0.137368 0.127975 -0.0091579
v 0.119053 0.135728 -0.0091579
v 0.137368 0.137302 0.0457895
v 0.155684 0.139732 0.0457895
v -0.082421 0.128974 0.0274736
v -0.0641053 0.136099 0.0091579
v -0.119053 0.114547 0.0457895
v -0.100737 0.136584 -0.0091579
v -0.119053 0.136739 -0.0274737
v -0.119053 0.136315 -0.0091579
v -0.137368 0.119841 -0.0274737
v -0.137368 0.134031 -0.0091579
v -0.137368 0.119053 0.00664848
v -0.153303 0.119053 -0.0091579
v -0.137368 0.118128 0.0091579
v -0.119053 0.118896 0.0091579
v 0.153655 0.137368 0.0274736
v -0.119053 0.137277 -0.0457895
v -0.137368 0.131577 -0.0641053
v -0.12736 0.137368 -0.0457895
v -0.137368 0.137368 -0.050052
v -0.155684 0.127425 -0.0457895
v -0.145687 0.137368 -0.0457895
v -0.137368 0.141409 -0.0457895
v -0.11325 0.119053 0.0274736
v -0.082421 0.134001 0.0091579
v -0.137368 0.137368 -0.0398661
v -0.100737 0.124699 0.0091579
v -0.134682 0.100737 0.0457895
v -0.137337 0.100737 0.0641053
v -0.119053 0.119053 0.00866574
v -0.110068 0.119053 0.0091579
v 0.14338 0.137368 0.0457895
v 0.144652 0.140824 0.0497888
v 0.155684 0.137368 0.0494369
v 0.148342 0.137368 0.0641053
v -0.0274737 0.119053 0.0635703
v -0.0274737 0.136693 0.0457895
v -0.040167 0.119053 0.0641053
v -0.0091579 0.123945 0.0641053
v -0.0151361 0.119053 0.0641053
v -0.0274737 0.118759 0.0641053
v -0.082421 0.119019 0.0641053
v -0.0641053 0.117628 0.082421
v -0.0641053 0.119052 0.0641053
v -0.0457895 0.115376 0.082421
v -0.0639852 0.119053 0.0641053
v -0.082421 0.119053 0.0638795
v -0.11325 0.119053 0.0274736
v -0.119053 0.114547 0.0457895
v -0.112699 0.119053 0.0457895
v 0.0091579 0.136398 -0.0091579
v 0.0274736 0.13555 0.0091579
v 0.0274736 0.136901 -0.0091579
v -0.110068 0.119053 0.0091579
v -0.100737 0.128249 0.0274736
v -0.100737 0.124699 0.0091579
v -0.11325 0.119053 0.0274736
v -0.119053 0.118492 0.0274736
v -0.119053 0.118896 0.0091579
v -0.137368 0.118128 0.0091579
v -0.119053 0.119053 0.00866574
v -0.137368 0.119053 0.00664848
v -0.119053 0.136315 -0.0091579
v -0.137368 0.119841 -0.0274737
v -0.145687 0.137368 -0.0457895
v -0.155684 0.127425 -0.0457895
v -0.137368 0.137368 -0.0398661
v -0.265579 0.0258445 -0.283895
v -0.249944 0.0274736 -0.265579
v -0.248407 0.0091579 -0.283895
v -0.265579 0.0274736 -0.279137
v -0.265579 0.040445 -0.265579
v -0.283895 0.0349854 -0.283895
v -0.265579 0.0091579 -0.300403
v -0.275363 0.0091579 -0.302211
v -0.275686 0.0274736 -0.283895
v -0.247263 0.0271796 -0.265579
v -0.247263 0.0091579 -0.283487
v -0.228947 0.0091579 -0.276511
v -0.228947 0.019933 -0.265579
v -0.228947 0.0274736 -0.250215
v -0.218059 0.0091579 -0.265579
v -0.226 0.0274736 -0.247263
v -0.247263 0.0274736 -0.263789
v -0.247263 0.0419896 -0.247263
v -0.210632 0.0231814 -0.247263
v -0.210632 0.0091579 -0.261377
v -0.19275 0.0091579 -0.247263
v -0.200502 0.0274736 -0.228947
v -0.192316 0.0269868 -0.228947
v -0.192316 0.0091579 -0.247219
v -0.174 0.0091579 -0.241677
v -0.174 0.0218503 -0.228947
v -0.159725 0.0091579 -0.228947
v -0.155684 0.0091579 -0.224393
v -0.155684 0.0212132 -0.210632
v -0.142759 0.0091579 -0.210632
v -0.137368 0.0091579 -0.200594
v -0.137368 0.0164542 -0.192316
v -0.155684 0.0252923 -0.192316
v -0.137368 0.0237175 -0.174
v -0.121628 0.0091579 -0.174
v -0.137368 -0.0091579 -0.225315
v -0.129978 0.0091579 -0.192316
v -0.174 0.0273173 -0.210632
v -0.192316 0.0274736 -0.221305
v -0.210632 0.0370979 -0.228947
v -0.192316 0.0376154 -0.210632
v -0.210632 0.0274736 -0.238552
v -0.137368 0.0059225 -0.210632
v -0.122717 -0.0091579 -0.210632
v -0.283895 0.0175728 -0.302211
v -0.283895 0.0091579 -0.310715
v -0.301795 0.0274736 -0.302211
v -0.302211 0.0274736 -0.302628
v -0.302211 0.0091579 -0.319232
v -0.320526 0.0274736 -0.315397
v -0.320526 0.0222728 -0.320526
v -0.307384 0.0091579 -0.320526
v -0.320526 0.0091579 -0.333625
v -0.338842 0.0252298 -0.320526
v -0.338842 0.0091579 -0.336503
v -0.338842 -0.0091579 -0.337823
v -0.338842 0.0274736 -0.317777
v -0.338842 0.0428468 -0.302211
v -0.320526 0.0406152 -0.302211
v -0.302211 0.0278789 -0.302211
v -0.302211 0.0427542 -0.283895
v -0.119053 0.00578922 -0.192316
v -0.119053 -0.0091579 -0.207384
v -0.102268 -0.0091579 -0.192316
v -0.100737 -0.0091579 -0.190321
v -0.100737 0.00485176 -0.174
v -0.082421 -0.0091579 -0.175654
v -0.082421 -0.00749582 -0.174
v -0.0806643 -0.0091579 -0.174
v -0.0641053 -0.0091579 -0.17329
v -0.0641053 0.0085637 -0.155684
v -0.0457895 0.0091579 -0.164723
v -0.0457895 -0.0091579 -0.171035
v -0.0363644 0.0091579 -0.155684
v -0.0457895 0.0181413 -0.155684
v -0.0274737 0.0091579 -0.149463
v -0.0274737 0.0232349 -0.137368
v -0.0146503 0.0091579 -0.137368
v -0.00935918 0.0274736 -0.119053
v -0.0091579 0.0274366 -0.119053
v -0.0091579 0.0091579 -0.133742
v 0.0091579 0.0091579 -0.13058
v 0.0091579 0.0212855 -0.119053
v 0.0091579 0.0274736 -0.111828
v -0.0091579 0.0274736 -0.119009
v 0.0091579 -0.0091579 -0.129006
v -0.0091579 0.00423205 -0.137368
v 0.0031538 -0.0091579 -0.137368
v 0.0207722 0.0274736 -0.100737
v 0.0195844 0.0457895 -0.100737
v 0.0274736 0.0274736 -0.0950876
v 0.0274736 0.0150656 -0.100737
v 0.0457895 0.0091579 -0.0984181
v 0.0324148 0.0091579 -0.100737
v 0.0457895 -0.0091579 -0.100438
v 0.0440791 -0.0091579 -0.100737
v 0.0641053 -0.0091579 -0.0899945
v 0.0633895 0.0091579 -0.082421
v 0.0556701 0.0274736 -0.082421
v 0.0641053 0.00411075 -0.082421
v 0.0717208 -0.0091579 -0.082421
v 0.0819494 0.0091579 -0.0641053
v 0.0091579 0.0457895 -0.110189
v 0.082421 0.00410646 -0.0641053
v 0.082421 -0.0091579 -0.0751809
v 0.0934551 -0.0091579 -0.0641053
v 0.100156 -0.0091579 -0.0457895
v 0.082421 0.00854993 -0.0457895
v 0.100737 -0.0091579 -0.0427279
v 0.0210601 0.0091579 -0.119053
v 0.0457895 0.0274736 -0.0906453
v 0.0274736 -0.0091579 -0.114474
v 0.0274736 0.0457895 -0.0987391
v 0.0274736 0.0622215 -0.082421
v 0.0176567 0.0641053 -0.082421
v 0.0274736 0.0641053 -0.0816802
v 0.0274736 0.0818335 -0.0641053
v 0.0210219 0.082421 -0.0641053
v 0.0091579 0.0713657 -0.082421
v 0.0091579 0.082421 -0.0736865
v -0.0091579 0.079099 -0.082421
v -0.0091579 0.082421 -0.078884
v -0.0091579 0.0974386 -0.0641053
v -0.0274737 0.100417 -0.0641053
v -0.0274737 0.082421 -0.0822691
v -0.0282882 0.082421 -0.082421
v -0.0313102 0.100737 -0.0641053
v -0.0457895 0.0954238 -0.082421
v -0.0457895 0.100737 -0.0728464
v -0.0457895 0.109436 -0.0641053
v -0.0641053 0.0960965 -0.082421
v -0.0641053 0.100737 -0.0779562
v -0.0641053 0.113699 -0.0641053
v -0.082421 0.104731 -0.082421
v -0.082421 0.116087 -0.0641053
v -0.100737 0.105336 -0.082421
v -0.089882 0.119053 -0.0641053
v -0.100737 0.119053 -0.0746635
v -0.100737 0.129558 -0.0641053
v -0.119053 0.133749 -0.0641053
v -0.119053 0.119053 -0.0792515
v -0.119053 0.100737 -0.0769908
v -0.137368 0.131577 -0.0641053
v -0.137368 0.119053 -0.0772634
v -0.0641053 0.118757 -0.0457895
v -0.0672081 0.119053 -0.0457895
v -0.0641053 0.119053 -0.0340351
v -0.0457895 0.119053 -0.0283754
v -0.082421 0.132908 -0.0457895
v -0.0641053 0.123967 -0.0274737
v -0.082421 0.100737 -0.0863824
v -0.100737 0.100737 -0.0869156
v -0.100737 0.082421 -0.0961569
v -0.082421 0.082421 -0.0969765
v -0.0641053 0.082421 -0.0956808
v -0.082421 0.0641053 -0.100324
v -0.0641053 0.0641053 -0.100533
v -0.082421 0.0608032 -0.100737
v -0.0641053 0.0630201 -0.100737
v -0.0566781 0.0641053 -0.100737
v -0.0457895 0.0641053 -0.107065
v -0.0457895 0.0705064 -0.100737
v -0.0381028 0.0641053 -0.100737
v -0.0274737 0.0457895 -0.117704
v -0.0457895 0.0457895 -0.116836
v -0.0274737 0.0628917 -0.100737
v -0.0274737 0.0641053 -0.100111
v -0.0091579 0.0641053 -0.0971724
v -0.0091579 0.0619141 -0.100737
v -0.0967582 0.0457895 -0.100737
v -0.082421 0.0457895 -0.114578
v -0.0641053 0.0457895 -0.116306
v -0.100737 0.0641053 -0.0978553
v -0.082421 0.119053 -0.0599562
v -0.0457895 0.118786 -0.0457895
v -0.0274737 0.118702 -0.0457895
v -0.0274737 0.118688 -0.0274737
v -0.0091579 0.1183 -0.0274737
v -0.0091579 0.119053 -0.0251907
v 0.0091579 0.119053 -0.0271432
v 0.0091579 0.117845 -0.0274737
v 0.0274736 0.119053 -0.0272181
v 0.0274736 0.116964 -0.0274737
v 0.0457895 0.119053 -0.0269811
v 0.0091579 0.116835 -0.0457895
v 0.0274736 0.115586 -0.0457895
v 0.0274736 0.100737 -0.0606495
v 0.0091579 0.136398 -0.0091579
v 0.0091579 0.100737 -0.0619051
v 0.0457895 0.100737 -0.0597472
v 0.0457895 0.114717 -0.0457895
v 0.0641053 0.100737 -0.0596784
v 0.0641053 0.114617 -0.0457895
v 0.082421 0.100737 -0.0608305
v 0.082421 0.115828 -0.0457895
v 0.082421 0.11888 -0.0274737
v 0.081174 0.119053 -0.0274737
v 0.0641053 0.119053 -0.0355042
v 0.100737 0.117917 -0.0274737
v 0.100737 0.109057 -0.0457895
v 0.119053 0.113036 -0.0274737
v 0.100737 0.100737 -0.0541012
v 0.0457895 0.116387 -0.0274737
v 0.119053 0.100737 -0.0397044
v 0.135627 0.100737 -0.0274737
v 0.137368 0.100737 -0.0252357
v 0.0274736 0.136901 -0.0091579
v 0.0457895 0.13672 -0.0091579
v -0.0091579 0.134825 -0.0091579
v -0.0091579 0.118319 -0.0457895
v -0.0274737 0.119053 -0.0254853
v -0.0274737 0.134835 -0.0091579
v -0.0446731 0.119053 -0.0274737
v -0.077611 0.100737 -0.082421
v -0.0457895 0.082421 -0.0954511
v 0.0091579 0.0920204 -0.0641053
v 0.0274736 0.082421 -0.0618802
v -0.0274737 0.0823215 -0.082421
v 0.0091579 0.0641053 -0.0897411
v -0.0274737 -0.0091579 -0.155559
v 0.0457895 0.082421 -0.0597949
v 0.0457895 0.0788768 -0.0641053
v 0.0641053 0.082421 -0.0592391
v 0.0641053 0.0091579 -0.0821987
v 0.0641053 0.0274736 -0.0772346
v 0.0641053 0.0750329 -0.0641053
v 0.0641053 0.0641053 -0.0732908
v 0.0744634 0.0641053 -0.0641053
v 0.082421 0.0457895 -0.0754179
v 0.082421 0.0641053 -0.0507555
v 0.082421 0.0582084 -0.0641053
v 0.0941924 0.0457895 -0.0641053
v 0.0641053 0.0457895 -0.0787675
v 0.0457895 0.0641053 -0.0781995
v -0.082421 0.00614548 -0.155684
v -0.283895 0.0274736 -0.291473
v 0.0457895 0.0566156 -0.082421
v -0.0091579 0.0457895 -0.117004
v 0.0800549 0.0274736 -0.0641053
v 0.0876301 0.0641053 -0.0457895
v 0.100737 0.0624564 -0.0457895
v 0.100737 0.0641053 -0.0444468
v 0.100737 0.0457895 -0.0620883
v 0.119053 0.0457895 -0.0402181
v 0.117816 0.0457895 -0.0457895
v -0.0091579 0.100737 -0.0634928
v -0.0274737 0.100737 -0.064019
v -0.0091579 -0.0091579 -0.14966
v -0.160149 0.0274736 -0.192316
v -0.174 0.0274736 -0.209023
v -0.174 0.0412369 -0.192316
v -0.177479 0.0274736 -0.210632
v 0.0457895 0.0457895 -0.0931161
v 0.0274736 0.0091579 -0.105964
v 0.109135 0.100737 -0.0457895
v -0.228947 0.030413 -0.247263
v 0.0546741 0.119053 -0.0274737
v 0.0191122 -0.0091579 -0.119053
v -0.0457895 0.119891 -0.0274737
v -0.0457895 0.135671 -0.0091579
v 0.058217 0.0457895 -0.082421
v 0.0091579 0.0553219 -0.100737
v 0.058217 0.0457895 -0.082421
v 0.0641053 0.0457895 -0.0787675
v 0.0641053 0.0274736 -0.0772346
v 0.082421 0.0457895 -0.0754179
v -0.0091579 0.0457895 -0.117004
v -0.0091579 0.0274736 -0.119009
v -0.0274737 0.0457895 -0.117704
v -0.0274737 0.0349286 -0.119053
v -0.041431 0.0274736 -0.119053
v -0.0457895 0.0274736 -0.117982
v -0.0457895 0.0457895 -0.116836
v -0.0274737 0.0274736 -0.128449
v -0.0091579 0.0274736 -0.119009
v -0.00935918 0.0274736 -0.119053
v -0.0274737 0.0349286 -0.119053
v -0.0274737 0.0274736 -0.128449
v 0.0210601 0.0091579 -0.119053
v 0.0274736 0.0091579 -0.105964
v 0.0274736 -0.0091579 -0.114474
v 0.0191122 -0.0091579 -0.119053
v -0.0363644 0.0091579 -0.155684
v -0.0274737 -0.0091579 -0.155559
v -0.0278012 -0.0091579 -0.155684
v -0.0457895 -0.0091579 -0.171035
v -0.0091579 0.0641053 -0.0971724
v -0.0091579 0.079099 -0.082421
v 0.0091579 0.0641053 -0.0897411
v -0.0274737 0.0823215 -0.082421
v 0.0091579 0.0457895 -0.110189
v -0.0091579 0.0619141 -0.100737
v 0.0091579 0.0553219 -0.100737
v -0.0091579 0.0457895 -0.117004
v -0.0457895 0.0705064 -0.100737
v -0.0282882 0.082421 -0.082421
v -0.0381028 0.0641053 -0.100737
v -0.0457895 0.082421 -0.0954511
v -0.0274737 0.0823215 -0.082421
v -0.0641053 0.082421 -0.0956808
v -0.0641053 0.0960965 -0.082421
v -0.0457895 0.082421 -0.0954511
v -0.077611 0.100737 -0.082421
v -0.100737 0.129558 -0.0641053
v -0.082421 0.132908 -0.0457895
v -0.082421 0.119053 -0.0599562
v -0.0457895 0.109436 -0.0641053
v -0.0274737 0.118702 -0.0457895
v -0.0274737 0.100737 -0.064019
v -0.177479 0.0274736 -0.210632
v -0.192316 0.0376154 -0.210632
v -0.174 0.0274736 -0.209023
v -0.174 0.0412369 -0.192316
v -0.302211 0.0278789 -0.302211
v -0.283895 0.0349854 -0.283895
v -0.283895 0.0274736 -0.291473
v -0.302211 0.0427542 -0.283895
v 0.0820348 0.0091579 -0.0457895
v 0.082421 0.00854993 -0.0457895
v 0.082421 0.00410646 -0.0641053
v 0.0819494 0.0091579 -0.0641053
v 0.0800549 0.0274736 -0.0641053
vn -0.865898 -0.380007 -0.325293
vn -0.713903 -0.23371 -0.660092
vn -0.881066 -0.122676 -0.456808
vn -0.866513 -0.387934 -0.314106
vn -0.737305 0.0943183 -0.668943
vn -0.949463 0.129418 -0.285958
vn -0.733372 -0.335987 0.590997
vn -0.71979 -0.422173 0.551064
vn -0.790115 -0.417266 0.449006
vn 0.408219 -0.387935 -0.826356
vn 0.298548 -0.132204 -0.945194
vn 0.468198 -0.261169 -0.844146
vn 0.569762 -0.675474 -0.468088
vn 0.670237 -0.674203 -0.310212
vn 0.666472 -0.585383 -0.461673
vn -0.63934 0.238901 0.73087
vn -0.28102 0.227384 0.932376
vn -0.479826 0.364471 0.798077
vn -0.595158 0.777263 -0.204081
vn -0.445844 0.870463 -0.208608
vn -0.097737 0.994238 -0.0440296
vn 0.0434293 -0.996997 -0.0641164
vn 0.0776175 -0.835109 -0.544581
vn 0.42641 -0.862221 -0.273404
vn 0.231184 0.600345 -0.765598
vn 0.222216 0.484809 -0.84592
vn 0.187038 0.704891 -0.684212
vn -0.355016 0.640774 0.680714
vn -0.222253 0.686842 0.691991
vn -0.233719 0.713009 0.661054
vn -0.320012 0.730496 -0.603298
vn -0.200639 0.752177 -0.627673
vn -0.0500537 0.99032 -0.12946
vn 0.577258 -0.670034 -0.46672
vn 0.497435 -0.767152 -0.405014
vn 0.637372 -0.633946 -0.438029
vn 0.47767 -0.725757 -0.495083
vn 0.419803 -0.611175 -0.670992
vn 0.360215 -0.718279 -0.595248
vn 0.273996 0.663357 -0.696336
vn 0.116001 0.772167 -0.624742
vn 0.0996873 0.761851 -0.640035
vn 0.422728 -0.3868 -0.819565
vn 0.264163 -0.483997 -0.834245
vn 0.454072 -0.547104 -0.703204
vn -0.218626 0.819342 0.529982
vn -0.104322 0.201787 0.973858
vn -0.357228 0.254184 0.898765
vn -0.830927 0.251799 0.496142
vn -0.463695 -0.671738 0.577715
vn -0.998045 -0.0376774 -0.0498628
vn -0.418586 -0.790998 0.446216
vn -0.448766 -0.305601 0.839772
vn -0.822156 -0.350492 0.44857
vn -0.831175 -0.37523 0.410306
vn -0.601599 -0.554935 0.574565
vn -0.755831 -0.509933 0.410717
vn -0.335729 0.516875 0.787481
vn -0.336916 0.414856 0.845211
vn -0.408567 0.677507 0.611602
vn 0.114964 0.573649 -0.810994
vn 0.0746322 0.374708 -0.924134
vn 0.035499 0.666737 -0.744447
vn -0.438458 -0.828686 -0.347899
vn -0.102674 -0.976633 -0.188802
vn -0.443094 -0.752715 -0.486916
vn -0.147255 -0.947364 0.284284
vn -0.118847 -0.819233 0.561011
vn -0.217539 -0.871624 0.439258
vn 0.581524 -0.557851 -0.592143
vn 0.373061 -0.616434 -0.693423
vn 0.519293 -0.637858 -0.568746
vn -0.429824 -0.423006 0.797695
vn -0.354095 -0.395272 0.847571
vn -0.259167 -0.668934 0.696677
vn 0.0122431 0.986533 0.163102
vn -0.0470292 0.870125 0.490582
vn -0.0727439 0.913987 0.399169
vn -0.0354247 0.666623 0.744553
vn 0.772817 0.634624 0.00241145
vn -0.0972517 0.995119 0.0167647
vn -0.019505 0.30634 0.951722
vn -0.542422 0.825031 0.158439
vn -0.234508 0.410263 0.8813
vn -0.0870491 0.0594898 0.994426
vn -0.395587 0.379567 0.836325
vn -0.398906 0.382552 0.833384
vn -0.233477 0.843417 0.483876
vn 0.032585 0.353453 -0.934884
vn -0.0163493 -0.958044 0.286156
vn 0.254916 -0.686693 0.680787
vn 0.123154 -0.809841 0.573576
vn -0.201671 -0.898433 0.390061
vn -0.724152 -0.515537 0.458068
vn -0.888603 -0.264828 0.3745
vn -0.838194 -0.285472 0.46469
vn -0.136802 -0.739763 0.658815
vn -0.0275068 -0.0922796 0.995353
vn -0.517402 -0.514755 0.68361
vn -0.699685 0.613359 0.366377
vn -0.230467 0.654105 0.720438
vn -0.0767858 0.987683 0.136334
vn -0.28335 -0.853567 0.437191
vn -0.19375 -0.830497 0.52224
vn -0.35771 -0.71071 0.605752
vn -0.547634 -0.824807 0.140678
vn -0.704986 -0.671621 0.22786
vn -0.845468 -0.484335 0.224952
vn -0.0456655 0.982444 0.180884
vn -0.0878486 0.730464 0.677278
vn -0.318359 0.739251 0.593427
vn 0.11371 0.893991 0.433417
vn -0.674533 0.449173 0.585875
vn -0.659146 0.375104 0.651785
vn -0.803108 0.319504 0.502927
vn 0.606365 0.638481 0.473987
vn 0.39401 0.87616 0.277668
vn 0.584224 0.655431 0.478636
vn 0.737009 0.411241 -0.536376
vn 0.570526 0.435764 -0.696139
vn 0.607178 0.654126 -0.451058
vn 0.667482 0.413437 0.619304
vn 0.0970691 0.988361 0.117136
vn 0.136933 0.236371 0.961966
vn -0.574139 0.367761 0.731516
vn 0.180097 -0.630218 0.755242
vn -0.339999 -0.664343 -0.665619
vn -0.169693 -0.670336 -0.722395
vn -0.361814 -0.825105 -0.433927
vn -0.807074 -0.330209 0.489483
vn -0.648892 -0.568475 0.505742
vn -0.846908 -0.419607 0.326613
vn -0.216796 -0.618635 0.755176
vn 0.107622 -0.436016 0.89348
vn 0.195891 -0.396769 0.896772
vn 0.322048 0.0108699 0.946661
vn 0.358528 -0.19183 0.913597
vn 0.502149 -0.0126379 0.864689
vn 0.489077 -0.0492139 0.870851
vn 0.50701 0.252546 0.824112
vn 0.422346 0.196676 0.88484
vn 0.365443 0.426976 0.827129
vn -0.101805 -0.418496 0.902495
vn 0.322109 0.458439 0.828299
vn 0.263199 0.609992 0.74742
vn 0.222914 0.480515 0.848183
vn 0.0449962 0.341737 0.938718
vn -0.033923 0.0919758 0.995183
vn -0.0555172 0.42551 0.903249
vn -0.20965 0.375744 0.902698
vn -0.072289 0.104824 0.99186
vn -0.162268 0.344874 0.924517
vn -0.285007 0.317686 0.904349
vn -0.425442 -0.0522616 0.903476
vn -0.445412 0.270164 0.853592
vn -0.292022 -0.0133563 0.956318
vn -0.45028 -0.195415 0.871241
vn -0.514673 -0.290205 0.806779
vn -0.292891 0.507217 0.810522
vn -0.467924 -0.304847 0.829527
vn -0.419071 -0.304428 0.855396
vn 0.150618 0.0354102 0.987958
vn -0.112252 0.000355764 0.99368
vn 0.0990374 0.0172848 0.994934
vn -0.0672046 0.224179 0.972228
vn -0.187004 -0.293045 0.937632
vn -0.496441 -0.173814 0.850491
vn 0.0225416 0.117747 0.992788
vn -0.459422 0.424238 0.780355
vn -0.0638623 0.513154 0.855918
vn 0.130506 0.340286 0.931222
vn 0.0787495 0.250821 0.964825
vn -0.254076 0.309034 0.916484
vn 0.353514 0.296176 0.887304
vn 0.373049 -0.0537452 0.926254
vn 0.414138 -0.446362 0.793253
vn -0.664104 0.101247 0.740753
vn 0.019835 0.586241 0.809894
vn 0.791133 0.611609 -0.00659317
vn 0.808939 0.585756 0.0500712
vn 0.41432 0.844345 -0.339737
vn 0.709751 0.630333 0.314536
vn 0.723533 0.620548 0.302359
vn 0.916353 0.398295 0.0407178
vn 0.877023 0.426465 -0.221264
vn 0.839683 0.428672 0.333426
vn 0.383787 0.918215 -0.097926
vn 0.437489 0.855258 0.277735
vn 0.808859 0.587179 -0.031118
vn 0.772146 0.617097 -0.151599
vn 0.854215 0.510108 -0.100536
vn 0.534086 0.79297 -0.293173
vn 0.735937 0.416781 0.533564
vn 0.803011 0.504723 0.316905
vn 0.919254 0.351928 -0.176403
vn 0.752185 0.655305 0.0692318
vn 0.766768 0.394506 -0.506391
vn 0.666653 0.7447 0.031557
vn 0.613108 0.789819 -0.0168983
vn 0.921224 0.385334 0.0535142
vn 0.931803 0.361751 -0.0296622
vn 0.919623 0.384737 -0.0791923
vn 0.922038 0.325958 -0.208799
vn 0.871892 0.352086 -0.340352
vn 0.813175 0.157112 -0.560412
vn 0.918219 0.378868 -0.115469
vn 0.851543 0.43494 -0.292749
vn 0.84029 0.542128 -0.00297055
vn 0.972039 0.23355 -0.024402
vn 0.859887 0.372455 0.349101
vn 0.807916 0.46668 0.359836
vn 0.921016 0.0530962 0.385888
vn 0.737009 0.411241 -0.536376
vn 0.752498 0.0580327 -0.656033
vn 0.753369 0.172104 -0.634677
vn 0.969536 0.136918 0.203107
vn 0.939872 0.326412 -0.100476
vn 0.993996 0.109055 -0.00891021
vn 0.913694 0.283883 -0.290816
vn 0.932585 0.140869 -0.332326
vn 0.988922 0.0105704 0.148061
vn 0.783737 0.569948 -0.246811
vn 0.777452 0.0698673 -0.625049
vn 0.972571 0.100386 -0.20983
vn 0.429301 0.845497 0.317545
vn 0.847989 0.22939 -0.477802
vn 0.856249 -0.0160932 -0.516313
vn 0.719413 0.0893019 -0.688818
vn 0.86565 -0.196119 -0.460638
vn 0.709518 0.376338 -0.59578
vn 0.827766 0.0248423 -0.560523
vn 0.57517 0.0427293 -0.816917
vn 0.799861 -0.0612169 -0.597055
vn 0.563457 -0.288825 -0.774013
vn 0.756735 0.354472 -0.549274
vn 0.573376 0.325681 -0.751779
vn 0.601824 0.395012 -0.694099
vn 0.559556 0.232034 -0.795649
vn 0.315769 0.454366 -0.832972
vn 0.469736 0.407068 -0.783354
vn 0.570526 0.435764 -0.696139
vn 0.309647 0.939627 0.145669
vn -0.484578 0.0518896 0.873208
vn -0.545102 0.317824 0.775791
vn -0.441249 0.505196 0.741671
vn -0.0279408 0.479328 0.877191
vn -0.820549 0.216505 0.528984
vn -0.369287 0.137872 0.919031
vn -0.450533 0.534193 0.715303
vn -0.270171 0.962519 0.0237444
vn -0.99976 0.00140603 0.021857
vn 0.0473785 -0.407545 -0.911955
vn 0.0833074 0.0954829 -0.991939
vn 0.358228 0.199652 -0.912037
vn 0.359208 -0.37421 -0.854948
vn 0.0239711 -0.385486 -0.922402
vn -0.0120508 0.112764 -0.993549
vn -0.0877674 0.296286 -0.951058
vn -0.143981 0.554703 -0.819496
vn -0.223905 0.40479 -0.886573
vn 0.516329 -0.837998 0.176529
vn 0.157346 0.429169 -0.889413
vn -0.364673 0.433641 -0.823996
vn -0.199006 0.528819 -0.825074
vn -0.742661 -0.0661284 -0.666394
vn 0.399069 0.519039 -0.755872
vn -0.341254 0.686294 -0.642297
vn -0.390097 0.914205 -0.109786
vn 0.0462987 0.916347 -0.3977
vn -0.568457 0.822711 0.00196026
vn 0.420262 0.714918 -0.558812
vn 0.216208 0.37222 -0.902611
vn -0.867353 0.00163033 -0.497691
vn -0.47533 0.116544 -0.872054
vn 0.697439 -0.0987861 -0.709803
vn 0.116099 -0.190879 -0.974724
vn -0.318272 0.941764 0.108555
vn -0.398382 0.901516 0.169001
vn 0.916361 -0.400257 -0.00878427
vn 0.173326 -0.974121 -0.145074
vn 0.0313859 -0.992603 -0.117278
vn 0.0661465 -0.995373 -0.0696987
vn 0.380036 -0.924471 -0.0304143
vn 0.028422 -0.771839 0.635183
vn -0.0345232 -0.935263 0.352267
vn 0.0126312 -0.988187 0.152733
vn 0.178967 -0.949066 0.259316
vn 0.157965 -0.98132 -0.109814
vn 0.329545 -0.868411 -0.370491
vn 0.546408 -0.829828 0.113246
vn 0.489998 -0.870936 0.037051
vn 0.18608 -0.908516 0.374131
vn -0.127368 -0.701571 0.701125
vn 0.181802 -0.929097 0.322068
vn 0.150142 -0.863817 0.480913
vn -0.0689665 -0.92046 0.384705
vn 0.204902 -0.50068 0.841032
vn 0.0229481 -0.998084 0.0574588
vn -0.215288 -0.87684 0.429888
vn 0.363611 -0.893115 0.264826
vn 0.099374 -0.751002 0.652779
vn 0.374762 -0.925662 0.0519865
vn 0.273675 -0.961789 -0.00804058
vn 0.432415 -0.892906 -0.125446
vn 0.520092 -0.798539 -0.303049
vn 0.284007 -0.890953 -0.354321
vn 0.415363 -0.840932 -0.346852
vn 0.360469 -0.72094 -0.591867
vn 0.314755 -0.945777 0.0802246
vn 0.313467 -0.899692 0.303798
vn 0.0102937 -0.999235 0.0377348
vn -0.411491 -0.836482 0.361902
vn -0.0186293 -0.921262 0.388496
vn 0.0632409 -0.997997 -0.00139592
vn 0.793207 -0.608952 -0.000856095
vn 0.0768 -0.996824 -0.0210511
vn 0.327209 -0.940847 -0.0879841
vn 0.374604 -0.862646 -0.339873
vn -0.0788149 -0.994172 0.0735522
vn -0.0752783 -0.990744 0.112956
vn 0.0705568 -0.993945 -0.0842283
vn -0.117354 -0.992765 0.025406
vn 0.107771 -0.931777 -0.346666
vn 0.00864563 -0.997351 -0.0722233
vn -0.0218523 -0.999761 0.000506407
vn 0.10351 -0.994557 0.0119297
vn 0.0703959 -0.995256 -0.0671485
vn 0.434406 -0.89611 0.0909803
vn 0.465542 -0.866452 -0.180364
vn 0.466924 -0.787619 0.402043
vn 0.172981 -0.887843 -0.426395
vn 0.160429 -0.918207 0.362157
vn -0.0247787 -0.923626 0.382492
vn -0.127706 -0.991774 -0.00871123
vn -0.134356 -0.913559 0.383872
vn -0.374403 -0.834915 0.403409
vn -0.409552 -0.910717 -0.0535031
vn -0.399752 -0.897979 0.183934
vn -0.254879 -0.877717 0.40577
vn -0.167237 -0.97153 0.16781
vn 0.898589 -0.428283 0.0954515
vn 0.787584 -0.516386 0.336239
vn 0.861001 -0.478502 -0.172372
vn -0.36538 -0.619299 0.694958
vn 0.42394 -0.608999 0.670369
vn 0.161044 -0.386887 0.907955
vn -0.010325 -0.448981 0.893482
vn -0.0539743 -0.720631 0.691215
vn -0.117881 -0.901144 0.417186
vn -0.0138434 -0.889469 0.456785
vn 0.152685 -0.988246 -0.00757284
vn 0.0687952 -0.921227 0.382894
vn -0.290125 -0.956939 -0.00973928
vn -0.114217 -0.940831 0.319048
vn 0.0133973 -0.924793 0.380235
vn 0.0524678 -0.652804 0.755707
vn 0.147007 -0.920352 0.362409
vn 0.510041 -0.841416 0.178541
vn 0.365282 -0.905639 -0.215376
vn 0.0511997 -0.998683 -0.00333277
vn 0.00321386 -0.913689 0.406402
vn 0.0109546 -0.998566 0.0524103
vn -0.11834 -0.882633 0.454924
vn -0.00338128 -0.962696 0.270563
vn 0.276052 -0.910551 0.307722
vn 0.183465 -0.879158 0.439798
vn 0.0712223 -0.526484 0.847197
vn 0.275599 -0.961139 -0.0160262
vn 0.272225 -0.937194 -0.218085
vn 0.574422 -0.778426 -0.253162
vn 0.303949 -0.87401 -0.379107
vn 0.430192 -0.840484 -0.329427
vn -0.323244 -0.73234 0.599326
vn -0.0266182 -0.437573 0.898789
vn -0.171404 -0.404446 0.898356
vn -0.460455 -0.385043 0.799827
vn 0.329677 -0.904552 0.270367
vn -0.112827 -0.663334 0.739769
vn 0.0269934 -0.942739 0.332438
vn -0.144716 -0.887501 0.437492
vn 0.67586 -0.727029 0.121005
vn -0.0391392 -0.696752 0.716243
vn -0.0192325 -0.612149 0.790509
vn -0.294836 -0.688266 0.662844
vn -0.0416364 -0.419353 0.906868
vn -0.29753 -0.277292 0.913556
vn -0.565153 -0.0902357 0.820036
vn -0.315621 -0.437938 0.84178
vn -0.373385 -0.673895 0.637534
vn 0.0273305 -0.891698 -0.451805
vn -0.287337 -0.885373 -0.365447
vn -0.206365 -0.855177 -0.475484
vn -0.244825 -0.968477 -0.0459665
vn -0.471252 -0.160861 -0.867205
vn -0.774777 -0.0758348 -0.627671
vn -0.616785 -0.0429444 -0.785959
vn -0.902973 0.0164686 -0.429382
vn -0.906424 0.163114 -0.389602
vn -0.868693 0.363596 -0.336407
vn -0.55828 -0.33811 -0.757631
vn -0.285976 -0.439594 -0.851455
vn -0.751279 0.000508532 -0.659985
vn -0.634498 -0.117436 -0.763951
vn -0.901327 0.180984 -0.393516
vn -0.903077 0.0559662 -0.425817
vn -0.832731 0.408265 -0.374004
vn -0.839143 -0.231031 -0.492406
vn -0.574777 -0.295816 -0.76297
vn -0.449846 -0.25987 -0.854463
vn -0.540996 -0.226203 -0.810034
vn -0.209604 -0.452049 -0.867017
vn -0.78129 -0.314629 -0.539068
vn -0.56842 -0.358253 -0.740644
vn -0.72045 -0.212657 -0.660098
vn -0.940514 0.019021 -0.339222
vn -0.756482 0.32138 -0.569605
vn -0.924 0.122138 -0.362362
vn -0.826549 -0.271003 -0.49333
vn -0.905783 0.363991 -0.216954
vn -0.319454 -0.632732 -0.705407
vn -0.267182 -0.862362 -0.430053
vn -0.488417 -0.469285 -0.735677
vn -0.90064 -0.434275 0.0159255
vn -0.471917 -0.385062 -0.793109
vn 0.00103305 -0.69129 -0.722577
vn -0.187024 -0.719926 -0.668377
vn -0.1235 -0.769994 -0.625985
vn -0.372876 -0.927235 0.0346279
vn -0.325888 -0.435476 -0.839141
vn 0.159554 -0.847877 -0.505615
vn 0.210431 -0.70006 -0.682374
vn -0.823546 -0.342858 -0.451907
vn -0.312882 -0.601965 -0.734672
vn -0.389975 -0.383141 -0.837331
vn -0.476961 0.122966 -0.87028
vn -0.882048 0.124073 -0.45453
vn 0.0547648 -0.455216 -0.888695
vn -0.0171078 -0.324357 -0.94578
vn -0.355475 0.00822613 -0.934649
vn -0.0257132 0.015934 -0.999542
vn -0.522488 0.519425 -0.676169
vn -0.677685 0.519904 -0.520041
vn -0.0655284 0.491749 -0.868268
vn -0.0096237 0.352665 -0.9357
vn 0.13646 -0.841488 -0.522759
vn -0.866597 0.466559 -0.177009
vn -0.619321 0.757022 -0.208229
vn -0.832736 0.549837 -0.065038
vn -0.853666 0.427997 0.296771
vn -0.887518 0.365291 -0.280846
vn -0.499238 0.865567 -0.0394252
vn -0.49242 0.719858 -0.489211
vn -0.747793 0.626433 0.219969
vn -0.140286 0.912867 -0.383398
vn 0.405781 -0.191062 -0.893777
vn 0.476288 -0.501684 -0.722124
vn 0.557215 -0.460978 -0.69066
vn 0.513924 -0.505131 -0.693343
vn 0.449948 -0.143291 -0.881484
vn 0.195042 -0.437366 -0.877878
vn 0.437546 -0.660106 -0.610584
vn 0.433469 -0.528337 -0.730044
vn 0.437147 -0.533881 -0.723792
vn 0.47767 -0.725757 -0.495083
vn 0.596162 -0.412586 -0.68874
vn 0.561355 -0.320871 -0.762838
vn 0.722222 -0.348025 -0.597725
vn 0.228954 -0.201397 -0.952376
vn 0.172738 -0.864334 -0.472321
vn 0.460798 -0.208764 -0.862602
vn 0.789498 -0.218678 -0.573475
vn 0.725295 -0.0900742 -0.68252
vn 0.797518 0.245746 -0.550976
vn 0.545801 0.191461 -0.815748
vn 0.46217 -0.222773 -0.858354
vn 0.395251 -0.383728 -0.834584
vn 0.292473 0.110407 -0.949879
vn 0.454169 0.251802 -0.854591
vn 0.728447 0.350167 -0.588853
vn 0.843004 0.237112 -0.482827
vn 0.467557 -0.178368 -0.86578
vn 0.419803 -0.611175 -0.670992
vn 0.474299 -0.422995 -0.772085
vn 0.835202 -0.0692942 -0.54556
vn 0.483839 -0.415851 -0.770044
vn 0.450831 -0.599361 -0.661452
vn 0.302575 -0.741898 -0.598361
vn 0.0676848 -0.706517 -0.704452
vn 0.360215 -0.718279 -0.595248
vn 0.205803 -0.859262 -0.468309
vn 0.243166 -0.417264 -0.875649
vn 0.278309 -0.67889 -0.67945
vn 0.365936 -0.441129 -0.819449
vn 0.343402 -0.244658 -0.906762
vn 0.152857 -0.293205 -0.943751
vn -0.0252222 -0.259982 -0.965284
vn -0.0493392 -0.767375 -0.639298
vn -0.0907587 -0.282536 -0.954954
vn 0.176057 0.0832174 -0.980856
vn 0.165804 -0.0668601 -0.98389
vn 0.625051 -0.030118 -0.780002
vn 0.00364816 0.0426411 -0.999084
vn 0.261548 -0.723702 -0.638629
vn 0.336971 -0.657104 -0.674289
vn 0.113695 -0.772893 -0.624268
vn 0.148641 -0.568757 -0.808963
vn 0.232426 -0.914041 -0.332427
vn 0.217991 -0.704067 -0.675847
vn 0.375957 -0.72223 -0.580552
vn 0.414899 -0.595175 -0.688205
vn 0.293205 -0.83339 -0.4685
vn 0.40806 -0.696716 -0.589978
vn 0.0968653 -0.707999 -0.699539
vn 0.117362 -0.498332 -0.859006
vn -0.0775062 -0.944641 -0.318819
vn 0.233308 0.130521 -0.963603
vn 0.431076 0.192994 -0.881435
vn 0.383575 -0.212763 -0.898667
vn 0.479943 -0.329984 -0.812874
vn 0.47272 0.237047 -0.848731
vn 0.112314 -0.480978 -0.869509
vn 0.355809 -0.451671 -0.818165
vn 0.278359 -0.233629 -0.93163
vn 0.389717 -0.592057 -0.7054
vn 0.322782 -0.613986 -0.720301
vn 0.426464 -0.247046 -0.870113
vn 0.47277 0.19724 -0.858828
vn 0.464842 -0.306644 -0.830597
vn 0.473361 0.198344 -0.858247
vn 0.193286 -0.195867 -0.961393
vn 0.334145 -0.571462 -0.749519
vn 0.215053 -0.594216 -0.775022
vn 0.348279 -0.213508 -0.912752
vn 0.287428 0.166772 -0.943171
vn 0.138813 0.0629719 -0.988314
vn 0.315888 0.109175 -0.942494
vn 0.418952 -0.342433 -0.840963
vn 0.490849 0.238099 -0.838078
vn 0.236033 -0.38167 -0.893654
vn 0.535956 0.116824 -0.836124
vn 0.425967 -0.368532 -0.826279
vn 0.613895 0.00981548 -0.789326
vn 0.383309 -0.50884 -0.770815
vn 0.424104 -0.49198 -0.760323
vn 0.31965 0.00188735 -0.947534
vn 0.0547648 -0.455216 -0.888695
vn 0.34294 0.0186448 -0.939172
vn -0.0171078 -0.324357 -0.94578
vn -0.0257132 0.015934 -0.999542
vn 0.0297062 -0.955909 -0.292158
vn -0.712505 -0.218076 -0.666918
vn 0.33502 0.0864348 -0.938238
vn 0.700661 0.0381353 -0.712475
vn 0.82374 0.382185 -0.418793
vn 0.326754 0.400859 -0.855888
vn 0.378571 0.472048 -0.79615
vn 0.277985 0.483436 -0.830069
vn -0.241191 0.00677417 -0.970454
vn 0.33485 0.49711 -0.800473
vn 0.262087 0.496321 -0.827633
vn 0.220835 0.409007 -0.885407
vn 0.385312 0.510812 -0.768509
vn 0.347932 0.408205 -0.843986
vn 0.265699 0.800645 -0.537003
vn -0.0096237 0.352665 -0.9357
vn -0.0655284 0.491749 -0.868268
vn 0.306239 0.514873 -0.800702
vn 0.274684 0.495228 -0.824196
vn -0.395999 -0.155387 -0.905008
vn -0.929128 -0.280605 -0.240795
vn 0.375087 0.505923 -0.776757
vn 0.564923 0.552429 -0.612931
vn -0.112746 0.321772 -0.94008
vn 0.352604 0.555953 -0.75272
vn 0.463825 0.595391 -0.65603
vn 0.365843 0.468882 -0.803933
vn 0.350962 0.824526 -0.443827
vn 0.396877 0.48003 -0.782342
vn 0.290587 0.773233 -0.563622
vn 0.432719 0.507362 -0.74521
vn 0.58941 0.514562 -0.622753
vn 0.543662 0.531827 -0.649301
vn 0.576261 0.533808 -0.618847
vn -0.600883 0.421449 -0.679205
vn 0.565168 0.577075 -0.58955
vn 0.361962 0.773751 -0.519897
vn 0.656758 0.609304 -0.444316
vn 0.636133 0.599546 -0.485675
vn 0.721942 0.561918 -0.403792
vn 0.364574 0.808571 -0.461843
vn 0.24364 0.852817 -0.461889
vn 0.133808 0.930804 -0.340147
vn 0.204905 0.915506 -0.346213
vn 0.148439 0.913719 -0.378262
vn 0.0989096 0.939422 -0.328182
vn 0.700606 0.621893 -0.349858
vn -0.140286 0.912867 -0.383398
vn 0.461544 0.819041 -0.340807
vn 0.0664659 0.964714 -0.254775
vn 0.586403 0.670473 -0.454531
vn 0.590131 0.733113 -0.338071
vn 0.589016 0.783521 -0.197877
vn 0.716689 -0.643062 0.269866
vn 0.758385 -0.640077 -0.123103
vn 0.646762 -0.682913 0.339601
vn 0.468261 -0.873074 -0.135916
vn 0.572626 -0.719072 0.393745
vn 0.584516 -0.807279 -0.0814927
vn 0.502199 -0.798763 -0.33132
vn 0.379002 -0.78593 -0.48854
vn 0.325783 -0.908148 -0.262931
vn 0.47093 -0.86947 0.149154
vn 0.39555 -0.861962 -0.317114
vn 0.239167 -0.960328 -0.14342
vn 0.242457 -0.948215 0.205188
vn 0.442879 -0.871168 -0.211955
vn 0.210431 -0.70006 -0.682374
vn 0.00103305 -0.69129 -0.722577
vn 0.35236 -0.742075 -0.570234
vn -0.1235 -0.769994 -0.625985
vn -0.187024 -0.719926 -0.668377
vn 0.738234 -0.639389 0.214926
vn 0.365412 -0.899687 0.238826
vn 0.159554 -0.847877 -0.505615
vn 0.283647 -0.858659 -0.426907
vn 0.349029 -0.83813 -0.419185
vn 0.0776712 -0.983628 -0.162615
vn 0.13646 -0.841488 -0.522759
vn -0.267182 -0.862362 -0.430053
vn 0.0670699 -0.996439 -0.0511006
vn 0.119005 -0.876846 -0.465809
vn -0.372876 -0.927235 0.0346279
vn -0.209604 -0.452049 -0.867017
vn 0.0645202 -0.995405 0.0707512
vn 0.0607087 -0.978527 -0.196973
vn 0.20466 -0.802846 -0.559957
vn 0.0784957 -0.948272 -0.307602
vn 0.304524 -0.697138 -0.649048
vn 0.0334493 -0.997842 -0.0565002
vn 0.127806 -0.897024 -0.4231
vn 0.0211646 -0.997043 -0.0738784
vn 0.0864976 -0.979694 -0.180882
vn 0.318117 -0.770914 -0.551809
vn 0.204303 -0.88896 -0.409892
vn 0.00876705 -0.998305 -0.0575411
vn 0.0505609 -0.976445 -0.209761
vn 0.358967 -0.709672 -0.606224
vn 0.0689156 -0.916601 -0.393818
vn 0.322782 -0.613986 -0.720301
vn 0.412695 -0.68282 -0.602859
vn 0.215053 -0.594216 -0.775022
vn 0.13767 -0.850049 -0.508393
vn 0.322323 -0.7388 -0.591846
vn 0.334145 -0.571462 -0.749519
vn 0.461636 -0.577042 -0.673732
vn 0.389717 -0.592057 -0.7054
vn 0.253479 -0.690106 -0.677866
vn 0.290234 -0.662587 -0.690466
vn 0.35483 -0.563195 -0.746262
vn 0.386525 -0.699475 -0.60111
vn 0.116592 -0.85641 -0.502959
vn -0.319454 -0.632732 -0.705407
vn 0.0547648 -0.455216 -0.888695
vn 0.383309 -0.50884 -0.770815
vn -0.285976 -0.439594 -0.851455
vn 0.418952 -0.342433 -0.840963
vn -0.389975 -0.383141 -0.837331
vn -0.312882 -0.601965 -0.734672
vn 0.236033 -0.38167 -0.893654
vn 0.464842 -0.306644 -0.830597
vn 0.424104 -0.49198 -0.760323
vn -0.010088 -0.999062 -0.0421154
vn 0.017199 -0.999583 -0.0232074
vn -0.00516156 -0.991398 -0.130776
vn 0.172738 -0.864334 -0.472321
vn 0.112314 -0.480978 -0.869509
vn 0.195042 -0.437366 -0.877878
vn 0.411817 -0.639899 -0.648796
vn 0.355809 -0.451671 -0.818165
vn 0.479943 -0.329984 -0.812874
vn 0.205803 -0.859262 -0.468309
vn -0.116684 -0.913463 -0.389834
vn 0.079768 -0.776763 -0.624721
vn 0.433469 -0.528337 -0.730044
vn -0.016949 -0.92263 -0.385314
vn 0.333596 -0.857744 -0.391139
vn 0.345364 -0.505286 -0.790829
vn -0.271258 -0.909688 -0.314463
vn 0.360215 -0.718279 -0.595248
vn 0.47767 -0.725757 -0.495083
vn 0.383575 -0.212763 -0.898667
vn -0.234909 -0.910988 -0.338997
vn -0.276394 -0.953204 -0.122511
vn 0.348279 -0.213508 -0.912752
vn 0.426464 -0.247046 -0.870113
vn 0.0129454 -0.99608 0.0875011
vn -0.0106363 -0.998956 0.0444224
vn -0.0952762 -0.995311 0.0167078
vn -0.0250353 -0.998235 0.0538442
vn -0.0265914 -0.999562 -0.0129925
vn -0.110402 -0.948551 0.296752
vn -0.425837 -0.861192 0.277511
vn -0.293585 -0.859629 0.418146
vn -0.24424 -0.877889 0.411895
vn 0.020808 -0.879776 0.474933
vn 0.00655764 -0.92622 -0.376926
vn 0.0676848 -0.706517 -0.704452
vn -0.504016 -0.784637 -0.360989
vn -0.36636 -0.853645 0.370231
vn -0.0880374 -0.886614 0.454054
vn -0.00554906 -0.130441 0.99144
vn -0.00772848 -0.71942 -0.694532
vn 0.0243541 -0.945507 -0.324688
vn 0.103926 -0.642526 -0.759183
vn 0.747248 -0.527602 -0.404051
vn -0.0623112 -0.946741 -0.31591
vn 0.365269 -0.589103 0.720789
vn -0.316129 -0.87174 -0.374343
vn -0.00821958 -0.465243 -0.885145
vn -0.0415423 -0.532202 -0.845598
vn 0.199256 -0.285065 -0.937569
vn -0.069389 -0.0712905 -0.995039
vn -0.786863 -0.252457 -0.563127
vn -0.877388 0.345167 -0.333241
vn -0.126574 -0.658408 -0.741942
vn -0.109617 -0.327763 -0.938379
vn -0.407941 -0.623781 -0.666694
vn -0.225818 -0.809139 -0.542494
vn -0.274517 -0.832278 -0.481616
vn -0.342477 -0.936785 -0.0717195
vn 0.635435 -0.156116 -0.756208
vn -0.664239 -0.708141 0.239423
vn -0.721552 -0.633022 -0.280438
vn -0.485946 -0.849451 0.205645
vn 0.374789 -0.845567 0.380197
vn -0.637475 0.488841 -0.595534
vn -0.9965 -0.0835094 0.00372312
vn -0.910141 0.390835 0.137449
vn -0.582431 -0.758932 0.291198
vn 0.0195929 0.999624 -0.0192004
vn 0.386679 0.917475 -0.0933766
vn 0.0405191 0.994392 -0.0976897
vn 0.443603 0.859418 -0.2542
vn 0.182527 0.9201 -0.346553
vn 0.134093 0.921113 -0.365471
vn 0.0226577 0.993388 -0.112549
vn 0.14855 0.977707 0.148395
vn 0.399488 0.879847 0.257448
vn 0.0438977 0.912289 0.407187
vn 0.708338 0.683026 0.178135
vn -0.123815 0.990287 0.0632544
vn 0.786128 0.586471 -0.195075
vn 0.0669411 0.892179 -0.446694
vn -0.186842 0.924015 -0.333595
vn -0.869416 0.48607 0.088612
vn -0.574139 0.367761 0.731516
vn 0.0970691 0.988361 0.117136
vn -0.332776 0.875741 0.349768
vn 0.667482 0.413437 0.619304
vn 0.487458 0.739678 0.463963
vn -0.419257 0.907171 0.0355601
vn 0.302731 0.952026 0.0447231
vn 0.0910842 0.995609 0.021589
vn 0.398102 0.917336 0.00298303
vn -0.459422 0.424238 0.780355
vn -0.0410144 -0.904701 0.424067
vn -0.102257 -0.408715 0.906915
vn -0.207218 -0.768144 0.605818
vn -0.272009 -0.315601 0.909069
vn -0.45782 -0.457306 0.762412
vn -0.283956 -0.336634 0.897801
vn -0.661708 -0.150025 0.734599
vn 0.0412282 -0.691594 0.721109
vn -0.386023 -0.734926 0.557557
vn -0.516955 -0.471766 0.714278
vn -0.553755 -0.472382 0.685719
vn -0.483841 -0.641044 0.595786
vn -0.209617 -0.937167 0.27889
vn -0.292883 -0.902161 0.316741
vn -0.71979 -0.422173 0.551064
vn -0.565178 -0.51054 0.648014
vn -0.0622244 -0.985767 0.15618
vn 0.197693 -0.875885 0.440162
vn 0.217059 -0.890058 0.400851
vn 0.415703 -0.85847 0.300369
vn -0.274876 -0.0274502 0.961088
vn -0.700069 -0.250513 0.66869
vn -0.733113 -0.282897 0.618478
vn -0.733372 -0.335987 0.590997
vn -0.74843 -0.24061 0.618029
vn 0.494918 -0.76348 0.414915
vn -0.575342 -0.19415 0.794536
vn -0.545639 -0.160073 0.82259
vn -0.439045 -0.328728 0.836168
vn -0.650539 -0.29978 0.697804
vn -0.400287 -0.181837 0.898168
vn -0.754553 -0.204215 0.623656
vn -0.624374 -0.0172366 0.780935
vn -0.427125 0.0492488 0.90285
vn -0.790115 -0.417266 0.449006
vn -0.252544 -0.90369 0.345783
vn -0.651511 -0.520318 0.55209
vn -0.788113 -0.3729 0.489718
vn -0.657452 -0.201899 0.725943
vn -0.710319 -0.101182 0.69657
vn -0.650983 -0.650908 0.390563
vn -0.783548 -0.348809 0.514184
vn -0.682512 -0.729517 0.0445255
vn -0.789905 -0.497115 0.359064
vn -0.866875 -0.205146 0.45436
vn -0.757416 -0.57833 0.303077
vn -0.655338 -0.749206 -0.0960328
vn 0.173326 -0.974121 -0.145074
vn -0.140962 -0.951746 0.272598
vn 0.0313859 -0.992603 -0.117278
vn 0.00452792 -0.832713 0.553686
vn 0.262377 -0.726179 0.63547
vn 0.0661465 -0.995373 -0.0696987
vn 0.380036 -0.924471 -0.0304143
vn 0.252829 -0.925257 0.282801
vn 0.300778 -0.667359 0.681297
vn -0.196242 -0.485806 0.851752
vn 0.165037 -0.542012 0.824006
vn -0.00354074 -0.370653 0.928765
vn -0.0129233 -0.92301 0.38456
vn -0.330679 -0.421677 0.844298
vn -0.0173195 -0.199015 0.979843
vn 0.916361 -0.400257 -0.00878427
vn -0.140774 -0.988438 0.05632
vn -0.22312 -0.73968 0.634894
vn 0.136794 -0.822595 0.551928
vn -0.154654 -0.902774 0.401349
vn 0.121827 -0.543457 0.830549
vn -0.342442 -0.517176 0.784387
vn 0.136215 -0.779537 0.611365
vn 0.0990456 -0.543656 0.833444
vn 0.0427486 -0.602697 0.796825
vn -0.359889 -0.805269 0.471193
vn 0.0193542 -0.804218 0.594019
vn -0.568139 -0.6197 0.54147
vn -0.0284216 -0.882504 0.469446
vn -0.0420833 -0.443432 0.895319
vn -0.39133 -0.376641 0.839644
vn 0.0250208 -0.47489 0.879689
vn 0.0174319 -0.876825 0.480493
vn -0.163841 -0.384087 0.908643
vn -0.325248 -0.820386 0.470298
vn 0.0100217 -0.938021 0.346434
vn 0.365269 -0.589103 0.720789
vn -0.0623112 -0.946741 -0.31591
vn 0.0252305 -0.287177 0.957545
vn -0.632111 -0.51005 0.58334
vn -0.405668 -0.00629353 0.913999
vn -0.943133 -0.0774807 -0.323261
vn -0.388334 -0.403847 0.828314
vn -0.0350674 -0.384749 0.922355
vn -0.356488 -0.922695 0.1468
vn -0.366356 -0.317434 0.874654
vn -0.582431 -0.758932 0.291198
vn -0.316129 -0.87174 -0.374343
vn -0.274517 -0.832278 -0.481616
vn -0.3256 -0.174634 0.92924
vn -0.894349 -0.194308 0.402969
vn -0.2518 -0.60888 0.752238
vn -0.703287 -0.500114 0.505247
vn -0.23281 -0.764771 0.60077
vn -0.372876 -0.927235 0.0346279
vn -0.90064 -0.434275 0.0159255
vn -0.995166 -0.0928332 0.0320536
vn -0.993024 0.108158 0.0469498
vn -0.798077 0.314381 0.514041
vn -0.847404 0.484125 0.218011
vn -0.324229 0.416005 0.849598
vn -0.903077 0.0559662 -0.425817
vn -0.839143 -0.231031 -0.492406
vn -0.832731 0.408265 -0.374004
vn 0.457238 -0.323871 -0.828276
vn 0.522624 -0.74706 -0.410811
vn 0.500899 -0.743797 -0.442567
vn 0.526483 -0.752086 -0.396462
vn 0.576157 -0.447665 -0.683842
vn 0.392179 -0.384001 -0.835906
vn 0.859678 0.0847321 -0.503761
vn 0.80731 -0.129563 -0.57573
vn -0.219961 0.969203 0.11074
vn -0.179232 0.983754 -0.010223
vn -0.000886522 0.99893 -0.0462473
vn -0.00988552 0.946871 -0.321463
vn -0.290418 0.93236 -0.215321
vn 0.128835 0.910877 -0.392051
vn 0.0357148 0.838528 -0.543686
vn -0.303112 0.952608 0.0256954
vn -0.443945 0.882421 -0.15571
vn -0.560017 0.737719 -0.37703
vn -0.51692 0.804121 0.293571
vn -0.908396 0.0503819 0.415063
vn 0.132428 0.817447 -0.560575
vn -0.339254 0.903525 -0.26182
vn -0.530796 0.75891 0.377241
vn 0.339163 0.758173 -0.556905
vn -0.578534 0.729137 0.365592
vn -0.235767 0.97181 0.000348904
vn 0.289504 0.607681 -0.739535
vn -0.201604 0.631652 -0.74858
vn -0.347957 0.853264 -0.388416
vn 0.0966011 0.6505 -0.753338
vn 0.154002 0.812343 -0.562479
vn 0.425607 0.533604 -0.730839
vn -0.139459 0.764124 -0.629814
vn 0.0301038 0.875395 -0.482469
vn 0.243593 0.576191 -0.780171
vn 0.152513 0.369701 -0.916548
vn 0.128278 0.36997 -0.920145
vn 0.439507 0.382093 -0.812919
vn 0.375389 0.600301 -0.706202
vn 0.2431 0.783666 -0.571638
vn 0.250934 0.760356 -0.599075
vn 0.418132 0.548681 -0.723958
vn 0.508439 0.386153 -0.769659
vn 0.444796 0.344033 -0.826921
vn 0.26904 0.326493 -0.906101
vn 0.68666 0.187192 -0.702465
vn 0.507057 0.530685 -0.679166
vn 0.313726 0.593694 -0.741015
vn 0.455862 0.816712 -0.353797
vn 0.0587943 0.931878 -0.357976
vn 0.166504 0.383053 -0.908596
vn -0.00967317 0.0658144 -0.997785
vn -0.00420363 0.94635 -0.323115
vn 0.243851 0.269005 -0.931758
vn 0.215478 0.90177 -0.374674
vn 0.867363 0.330844 -0.371784
vn 0.472315 0.228846 -0.851204
vn 0.47821 0.424333 -0.768932
vn 0.525254 0.158096 -0.83613
vn 0.606537 0.0637584 -0.792494
vn 0.311437 0.279181 -0.908331
vn 0.405145 0.210745 -0.889631
vn 0.781238 0.247157 -0.573219
vn 0.479649 0.401706 -0.780109
vn 0.435724 -0.286012 -0.853429
vn 0.0217317 -0.410492 -0.911605
vn -0.0317582 0.554349 -0.831678
vn 0.486624 -0.382395 -0.785475
vn -0.45631 -0.180991 -0.87122
vn -0.124367 -0.819509 -0.559409
vn 0.913405 -0.31465 -0.258238
vn 0.378646 0.861234 -0.338974
vn 0.526163 0.226522 -0.819659
vn 0.497087 0.258021 -0.82845
vn 0.250102 0.787183 -0.563731
vn 0.441549 0.230856 -0.867029
vn 0.397623 0.43277 -0.809078
vn 0.0082671 -0.564851 -0.825151
vn 0.810564 0.385679 -0.440725
vn 0.386678 0.780523 -0.491186
vn 0.427868 0.203488 -0.880637
vn 0.189605 0.142434 -0.971474
vn 0.0751628 0.769338 -0.634405
vn 0.118738 0.505711 -0.854493
vn 0.099489 0.497491 -0.861745
vn 0.311373 -0.0315655 -0.949763
vn 0.441609 0.303118 -0.844453
vn 0.222259 0.314755 -0.922784
vn 0.683945 -0.130533 -0.717761
vn 0.00793231 -0.00101453 -0.999968
vn -0.511691 -0.147467 -0.846419
vn -0.839924 0.528706 -0.122462
vn -0.713578 0.432407 -0.551208
vn -0.677264 0.625258 -0.38777
vn -0.456456 0.498239 -0.737161
vn -0.447533 0.670742 -0.591455
vn -0.418628 0.897379 -0.139507
vn -0.919563 0.318576 -0.230028
vn -0.377362 0.350548 -0.857154
vn -0.367361 0.827087 -0.425408
vn -0.203718 -0.038283 -0.978281
vn -0.299298 0.950381 0.0848292
vn -0.213519 0.734501 -0.644141
vn -0.186696 0.493863 -0.849261
vn -0.285062 0.833587 -0.473152
vn 0.0250507 0.636042 -0.771248
vn -0.561279 0.78207 -0.270799
vn -0.351091 0.935019 -0.0497539
vn -0.171672 0.886516 -0.429672
vn -0.387797 0.831443 -0.397889
vn -0.375983 0.0677207 -0.924148
vn -0.921859 0.0672717 -0.381643
vn -0.485673 0.84885 0.208748
vn -0.948841 0.0423021 0.312908
vn 0.348442 0.305363 -0.886195
vn 0.229303 0.557731 -0.79772
vn 0.055451 0.044545 -0.997467
vn -0.00589295 -0.301485 -0.953453
vn 0.397623 0.43277 -0.809078
vn 0.250102 0.787183 -0.563731
vn 0.548515 0.0408578 -0.835142
vn 0.563725 0.16112 -0.810095
vn -0.409272 -0.817589 -0.405025
vn 0.843762 -0.373533 0.385408
vn 0.746439 -0.656027 -0.111615
vn 0.621809 -0.734664 0.271335
vn 0.669599 -0.611163 0.42204
vn 0.570813 -0.705292 0.4204
vn 0.531007 -0.825686 -0.190461
vn 0.807417 -0.584025 0.0836223
vn 0.661406 -0.749363 -0.031574
vn 0.532992 -0.578264 0.617681
vn 0.439854 -0.248786 0.862922
vn -0.137024 -0.546062 0.826463
vn -0.0666814 -0.92513 0.373749
vn -0.121252 -0.952896 -0.278005
vn 0.750168 -0.459074 0.475919
vn 0.765107 -0.524696 0.373237
vn 0.884651 -0.465621 0.0242797
vn 0.793774 -0.508949 0.333007
vn 0.490346 -0.480689 0.726979
vn 0.494918 -0.76348 0.414915
vn 0.632081 -0.774582 0.0222823
vn 0.87372 -0.484809 0.0396732
vn 0.0412282 -0.691594 0.721109
vn 0.777691 -0.512788 -0.363655
vn 0.774374 -0.487523 -0.40332
vn 0.744476 -0.557894 -0.366755
vn 0.525838 -0.833675 -0.168762
vn 0.217059 -0.890058 0.400851
vn 0.308711 -0.808976 -0.500255
vn 0.657892 -0.64372 -0.3909
vn 0.803517 -0.52356 -0.283276
vn 0.64924 -0.669405 -0.361087
vn 0.415703 -0.85847 0.300369
vn 0.5003 -0.792725 -0.348263
vn 0.497509 -0.823301 -0.273241
vn 0.311912 -0.942791 0.11771
vn 0.197693 -0.875885 0.440162
vn 0.280786 -0.871791 -0.401422
vn -0.271658 -0.595875 -0.755735
vn -0.715039 0.489584 0.499025
vn -0.308749 0.459998 -0.832511
vn -0.560531 0.792005 0.241938
vn -0.943133 -0.0774807 -0.323261
vn -0.549054 0.796712 0.252567
vn -0.523701 0.33065 -0.785117
vn -0.501684 0.305715 -0.809229
vn -0.966946 0.238662 0.0897577
vn -0.94762 -0.0839342 0.308175
vn -0.934153 0.314546 0.168578
vn -0.419238 0.141994 0.896703
vn -0.682404 0.663804 0.306088
vn -0.270171 0.962519 0.0237444
vn -0.775074 0.57507 0.26183
vn -0.99976 0.00140603 0.021857
vn -0.450533 0.534193 0.715303
vn 0.381444 -0.829112 -0.408747
vn 0.685431 -0.0182464 -0.727909
vn 0.317785 -0.27645 -0.906967
vn 0.197088 0.279024 -0.939842
vn -0.99976 0.00140603 0.021857
vn -0.682404 0.663804 0.306088
vn -0.517225 -0.780786 0.350502
vn -0.140311 -0.225127 0.964173
vn -0.501341 -0.357051 0.788145
vn -0.0958189 0.0166273 0.99526
vn -0.968777 0.193353 0.155198
vn -0.439532 0.00375096 0.898219
vn -0.453223 -0.32268 0.830943
vn -0.405853 0.015992 0.913798
vn -0.714294 0.34704 0.607739
vn -0.35918 0.427941 0.829371
vn -0.679405 -0.455625 0.575165
vn -0.385665 0.220839 0.895819
vn -0.247003 -0.251101 0.935915
vn -0.9431 -0.287387 0.167248
vn -0.416315 -0.758385 -0.501531
vn -0.426445 -0.870473 0.245809
vn -0.137141 -0.977596 0.159679
vn 0.353006 -0.907022 0.229561
vn 0.425473 -0.678489 0.598854
vn 0.667616 -0.496824 0.554485
vn 0.597103 -0.549062 0.584806
vn 0.209241 -0.685773 0.697089
vn 0.0308974 -0.673133 0.738876
vn 0.0893266 -0.943969 0.317715
vn 0.218818 -0.887665 0.405179
vn 0.275435 -0.858268 0.433025
vn 0.254916 -0.686693 0.680787
vn 0.518795 -0.714794 0.468958
vn -0.035816 -0.539381 0.841299
vn -0.17906 -0.360075 0.915578
vn 0.183722 -0.846802 0.499172
vn 0.123154 -0.809841 0.573576
vn 0.117314 -0.966208 0.229522
vn -0.0163493 -0.958044 0.286156
vn -0.201671 -0.898433 0.390061
vn -0.19375 -0.830497 0.52224
vn -0.224145 -0.887588 0.402427
vn -0.35771 -0.71071 0.605752
vn 0.524117 -0.7908 0.316128
vn -0.137141 -0.977596 0.159679
vn 0.253672 -0.672356 0.695405
vn -0.416315 -0.758385 -0.501531
vn -0.426445 -0.870473 0.245809
vn 0.180097 -0.630218 0.755242
vn 0.130506 0.340286 0.931222
vn 0.667482 0.413437 0.619304
vn 0.0225416 0.117747 0.992788
vn -0.459422 0.424238 0.780355
vn 0.180097 -0.630218 0.755242
vn -0.574139 0.367761 0.731516
vn 0.130506 0.340286 0.931222
vn 0.0438977 0.912289 0.407187
vn 0.136933 0.236371 0.961966
vn -0.496616 0.827114 -0.263163
vn -0.700377 0.688998 -0.186425
vn -0.2487 0.855919 -0.453377
vn -0.452726 0.701707 -0.550133
vn -0.845036 0.320517 -0.427999
vn -0.537048 0.831544 0.141825
vn -0.375652 0.296867 -0.877927
vn -0.458365 0.888587 0.0177573
vn -0.128231 0.911727 -0.39027
vn -0.636989 -0.303258 -0.708717
vn 0.0466052 0.86851 -0.493475
vn -0.782238 -0.464728 -0.414887
vn -0.901609 0.43004 0.0465493
vn -0.9888 0.131839 0.0699434
vn -0.904235 -0.315006 -0.288323
vn -0.620415 -0.230748 -0.74956
vn -0.790847 0.533446 0.299994
vn -0.419364 0.846355 0.328355
vn 0.0132518 -0.394123 -0.918962
vn 0.0530256 0.982835 -0.176702
vn -0.828023 0.0297603 0.559903
vn -0.476605 0.85853 0.189143
vn -0.329054 0.935928 0.125547
vn -0.328844 0.939412 -0.0967758
vn -0.406086 0.877638 -0.254647
vn -0.335155 0.908996 -0.247784
vn -0.327031 0.750478 -0.574312
vn -0.0634449 0.997753 -0.0215522
vn 0.00746193 0.942364 -0.334506
vn -0.045534 0.832184 -0.552627
vn 0.197088 0.279024 -0.939842
vn 0.328486 0.781852 -0.52991
vn 0.317785 -0.27645 -0.906967
vn -0.682404 0.663804 0.306088
vn -0.295376 0.281273 0.913038
vn -0.517225 -0.780786 0.350502
vn -0.41539 0.60341 0.680697
vn -0.3846 0.595539 0.705277
vn -0.656368 0.408143 0.634508
vn -0.775074 0.57507 0.26183
vn -0.55722 0.412772 0.720503
vn -0.261691 0.270163 0.926569
vn -0.459422 0.424238 0.780355
vn -0.736708 0.301793 0.60513
vn -0.590915 0.285905 0.754373
vn -0.786634 0.204699 0.582499
vn -0.818529 0.259732 0.512396
vn -0.851906 -0.244411 0.463162
vn -0.382719 -0.159422 0.910006
vn -0.853367 0.36534 0.371876
vn -0.810149 -0.224006 0.541738
vn -0.506656 0.246006 0.826306
vn -0.332776 0.875741 0.349768
vn -0.187004 -0.293045 0.937632
vn -0.823313 -0.235652 0.516357
vn -0.795251 -0.360869 0.487186
vn -0.0672046 0.224179 0.972228
vn -0.123815 0.990287 0.0632544
vn -0.872395 -0.406793 0.271009
vn -0.746773 -0.474129 0.466402
vn -0.511175 -0.528488 0.677791
vn -0.508238 -0.621418 0.596267
vn -0.727461 -0.591594 0.347587
vn -0.507361 -0.574889 0.641941
vn -0.807074 -0.330209 0.489483
vn -0.648892 -0.568475 0.505742
vn -0.721891 -0.640642 0.26163
vn -0.560264 0.461809 0.687631
vn 0.299291 -0.360739 -0.883342
vn 0.229695 -0.849713 -0.474581
vn 0.199547 -0.834864 -0.513013
vn -0.0732662 -0.916328 -0.393668
vn 0.862459 -0.341734 -0.37334
vn 0.505422 -0.453251 -0.734242
vn 0.361405 -0.860391 -0.359325
vn 0.210866 -0.948782 -0.235262
vn 0.111604 -0.936983 -0.331071
vn 0.348528 -0.862275 0.367438
vn 0.770892 -0.621047 0.141514
vn 0.301292 -0.925977 -0.227573
vn 0.302204 -0.881707 -0.362307
vn 0.466686 -0.704478 0.534711
vn 0.569956 -0.672979 -0.471434
vn 0.0774416 -0.931623 -0.355078
vn 0.867417 -0.490793 -0.0819115
vn 0.622971 -0.476058 -0.620706
vn 0.447289 -0.545197 -0.709008
vn 0.350855 -0.869085 -0.348702
vn 0.751098 -0.435486 -0.49619
vn 0.579131 -0.719965 -0.382437
vn 0.783272 -0.423588 -0.455036
vn 0.698352 -0.599321 -0.391304
vn 0.884471 -0.0546952 -0.463378
vn 0.861804 -0.389153 -0.325352
vn 0.776104 -0.523933 -0.350939
vn 0.725329 -0.450808 -0.52026
vn 0.867681 -0.492714 -0.0660452
vn 0.823516 -0.553005 -0.126518
vn 0.81708 -0.367203 -0.444456
vn 0.957518 -0.265452 0.112674
vn 0.688412 -0.72506 0.019412
vn 0.783019 -0.487273 -0.386583
vn 0.958977 -0.254553 -0.124762
vn -0.0361266 -0.957131 -0.287393
vn -0.137141 -0.977596 0.159679
vn 0.4451 -0.832417 -0.330103
vn 0.323601 0.0732 -0.943358
vn 0.577543 -0.527534 -0.623019
vn 0.921626 -0.251573 -0.295495
vn 0.417942 -0.805684 -0.419759
vn 0.377448 -0.00686956 -0.926005
vn 0.913633 -0.0755246 -0.399462
vn 0.492226 -0.450531 -0.744806
vn 0.811803 -0.365261 -0.455588
vn 0.697439 -0.0987861 -0.709803
vn -0.140774 -0.988438 0.05632
vn 0.252829 -0.925257 0.282801
vn 0.116099 -0.190879 -0.974724
vn -0.201604 0.631652 -0.74858
vn -0.489719 -0.0771256 -0.868462
vn -0.124367 -0.819509 -0.559409
vn -0.560017 0.737719 -0.37703
vn -0.545766 -0.314301 -0.776759
vn -0.908396 0.0503819 0.415063
vn -0.341978 -0.606663 -0.717642
vn -0.0175953 -0.536399 -0.843781
vn -0.343443 -0.48174 -0.806209
vn 0.0776175 -0.835109 -0.544581
vn -0.462095 -0.729058 -0.504919
vn -0.306003 -0.879776 -0.363808
vn -0.422542 -0.834652 -0.35329
vn -0.490431 -0.844801 -0.213985
vn -0.314665 -0.943093 -0.107527
vn -0.0388291 -0.929964 -0.365594
vn -0.225818 -0.809139 -0.542494
vn -0.9965 -0.0835094 0.00372312
vn -0.552033 0.485616 0.677818
vn -0.407941 -0.623781 -0.666694
vn -0.109617 -0.327763 -0.938379
vn -0.721552 -0.633022 -0.280438
vn -0.245704 0.965241 0.0891007
vn -0.838602 0.249845 0.48407
vn 0.055029 0.328119 0.943032
vn 0.124929 0.0329831 0.991617
vn 0.348025 0.104412 0.931653
vn 0.443144 -0.150828 0.883671
vn -0.170018 0.56249 0.809134
vn -0.0214099 0.476116 0.879122
vn 0.350312 0.190161 0.917126
vn 0.654018 -0.276207 0.704252
vn 0.181329 0.477471 0.859733
vn 0.569332 -0.420687 0.706317
vn -0.340137 0.59284 0.729964
vn -0.240227 0.24593 0.939047
vn 0.814058 -0.329439 0.478309
vn 0.427726 -0.147421 0.891806
vn -0.00554906 -0.130441 0.99144
vn -0.0609152 -0.422721 0.90421
vn 0.350327 0.403159 0.845419
vn 0.38833 -0.213548 0.896436
vn -0.3256 -0.174634 0.92924
vn -0.324229 0.416005 0.849598
vn -0.412917 -0.238648 0.878947
vn -0.24424 -0.877889 0.411895
vn -0.2518 -0.60888 0.752238
vn 0.614134 -0.547834 0.568082
vn 0.412527 -0.612629 0.674172
vn 0.738234 -0.639389 0.214926
vn 0.572626 -0.719072 0.393745
vn 0.646762 -0.682913 0.339601
vn 0.716689 -0.643062 0.269866
vn 0.390831 -0.6859 0.613834
vn 0.365412 -0.899687 0.238826
vn -0.23281 -0.764771 0.60077
vn -0.372876 -0.927235 0.0346279
vn 0.804033 -0.424049 0.416789
vn 0.242457 -0.948215 0.205188
vn 0.47093 -0.86947 0.149154
vn -0.938785 0.340745 -0.0507465
vn -0.706149 0.67695 0.207585
vn -0.610686 0.707552 -0.355573
vn -0.0349913 0.863388 -0.503326
vn -0.383075 0.922707 0.0431969
vn -0.655574 0.735058 0.17295
vn 0.205817 -0.261382 -0.943037
vn -0.106191 0.662892 -0.741146
vn -0.152658 0.595997 -0.788342
vn 0.410052 -0.570505 -0.711605
vn 0.41148 -0.762088 -0.499906
vn 0.52171 -0.852347 -0.0363938
vn 0.877907 0.0728453 0.473258
vn 0.39279 0.656846 0.643637
vn 0.477552 0.726873 0.493557
vn 0.797282 0.40902 0.443897
vn 0.739991 0.36648 0.564009
vn 0.691459 0.407866 0.596263
vn 0.66682 0.463357 0.583653
vn 0.696675 0.461669 0.549095
vn 0.877201 0.0156884 0.479867
vn 0.790916 0.355878 0.497798
vn 0.502149 -0.0126379 0.864689
vn 0.322048 0.0108699 0.946661
vn 0.50701 0.252546 0.824112
vn 0.861307 0.3425 0.375293
vn 0.249602 0.813696 0.524975
vn 0.150618 0.0354102 0.987958
vn 0.326148 -0.695356 -0.640397
vn 0.321019 -0.63603 -0.701722
vn 0.443886 -0.763284 -0.469429
vn 0.392947 -0.359562 -0.846349
vn 0.590421 -0.805806 -0.0455992
vn 0.307818 -0.951055 0.0272331
vn 0.97263 -0.232197 -0.0087137
vn 0.8981 -0.377669 0.225349
vn 0.8268 -0.555405 0.0890286
vn 0.783019 -0.487273 -0.386583
vn 0.776104 -0.523933 -0.350939
vn 0.705174 -0.463082 -0.536921
vn 0.868064 -0.490234 0.0783302
vn 0.78788 -0.371848 -0.490892
vn 0.744997 -0.427837 -0.511796
vn 0.90475 -0.269088 -0.33018
vn 0.789607 0.157719 -0.592996
vn 0.795343 -0.166064 -0.582968
vn 0.707415 -0.0725495 -0.703065
vn 0.935272 0.349125 -0.0581246
vn 0.953207 0.105366 0.283363
vn 0.958977 -0.254553 -0.124762
vn 0.978261 -0.200464 0.0531028
vn 0.898897 -0.355495 0.256141
vn 0.77237 -0.463644 0.434141
vn 0.915833 -0.154979 0.370447
vn 0.771721 -0.63481 -0.0382662
vn 0.14769 -0.926306 -0.34662
vn 0.00603715 -0.99798 0.0632434
vn 0.884471 -0.0546952 -0.463378
vn 0.688412 -0.72506 0.019412
vn 0.824743 -0.133142 0.54961
vn 0.00442972 -0.790926 0.611896
vn 0.695286 0.0111072 0.718647
vn 0.931848 0.229347 0.281175
vn 0.104288 -0.610771 0.78491
vn 0.00655734 -0.811889 0.583775
vn 0.957518 -0.265452 0.112674
vn 0.234458 -0.14875 0.960678
vn 0.283514 0.269843 0.92022
vn 0.03277 0.999451 -0.0048565
vn 0.851313 -0.514415 -0.103169
vn -0.0406841 0.300504 0.952912
vn 0.635435 -0.156116 -0.756208
vn 0.80434 -0.289876 0.518661
vn 0.70168 0.518233 0.488958
vn 0.374789 -0.845567 0.380197
vn 0.155546 -0.117156 0.980857
vn -0.240212 -0.355772 -0.903175
vn -0.053643 -0.975571 -0.213035
vn 0.497885 -0.821312 -0.278491
vn -0.620086 -0.784534 0.000293409
vn -0.247233 -0.407165 0.879257
vn -0.998045 -0.0376774 -0.0498628
vn -0.384323 -0.862829 0.328363
vn -0.757224 -0.585083 0.290328
vn -0.448084 -0.836622 -0.315094
vn -0.0868102 -0.996201 -0.00686188
vn -0.463695 -0.671738 0.577715
vn -0.349104 -0.559848 -0.751463
vn 0.134766 -0.680628 -0.720127
vn -0.0775062 -0.944641 -0.318819
vn -0.0493392 -0.767375 -0.639298
vn 0.916361 -0.400257 -0.00878427
vn 0.697439 -0.0987861 -0.709803
vn 0.252829 -0.925257 0.282801
vn -0.904235 -0.315006 -0.288323
vn -0.620415 -0.230748 -0.74956
vn -0.195471 -0.64575 -0.738104
vn -0.520642 -0.341328 -0.782577
vn -0.242124 -0.843088 -0.480185
vn -0.173034 -0.217048 -0.960703
vn -0.857827 -0.493359 -0.143978
vn -0.350292 -0.527254 -0.774144
vn -0.217497 -0.687888 -0.692463
vn -0.602074 -0.726909 0.330318
vn -0.310579 -0.838393 -0.447926
vn -0.319927 -0.77202 -0.54921
vn -0.185609 -0.926542 -0.327216
vn -0.166417 -0.956533 -0.239478
vn 0.0199344 -0.401939 -0.91545
vn 0.236389 -0.699169 -0.674746
vn 0.104455 -0.966727 -0.233511
vn -0.224524 -0.974442 -0.00724455
vn 0.138368 -0.42277 -0.895612
vn 0.176138 -0.662886 -0.727707
vn 0.170517 -0.667857 -0.724493
vn 0.310689 -0.763833 -0.565714
vn 0.0601709 -0.905491 -0.420079
vn -0.0641667 -0.89433 -0.442782
vn -0.845036 0.320517 -0.427999
vn -0.452726 0.701707 -0.550133
vn 0.0550895 -0.981245 -0.184724
vn 0.561883 -0.69925 -0.441969
vn 0.00701076 -0.998859 -0.0472403
vn 0.178293 -0.976269 -0.122926
vn 0.414464 -0.780206 -0.468506
vn 0.0384133 -0.936604 -0.348278
vn 0.285812 -0.953255 -0.0980601
vn 0.0962413 -0.995257 -0.0141841
vn 0.0752361 -0.913895 -0.398919
vn 0.679473 -0.676942 -0.28296
vn 0.325114 -0.839404 -0.435548
vn -0.869416 0.48607 0.088612
vn -0.123815 0.990287 0.0632544
vn -0.506656 0.246006 0.826306
vn 0.0232792 -0.636724 0.77074
vn 0.183661 -0.182342 0.96593
vn 0.349147 -0.500167 0.79242
vn -0.0451982 -0.407613 0.912035
vn 0.0183345 -0.409765 0.912007
vn -0.00979242 -0.0300793 0.9995
vn 0.129775 -0.48648 0.864
vn -0.0603351 -0.220253 0.973575
vn -0.299437 -0.461855 0.834882
vn 0.108992 -0.422757 0.899665
vn -0.416353 -0.565077 0.712277
vn -0.32343 -0.626516 0.709134
vn -0.492768 -0.470494 0.731994
vn -0.142701 -0.296453 0.944326
vn 0.136491 -0.715067 0.685602
vn -0.0870284 -0.242351 0.966277
vn -0.0897508 -0.259651 0.961523
vn -0.0989647 0.179528 0.978762
vn -0.297966 -0.253462 0.920311
vn -0.0474466 -0.452209 0.890649
vn -0.425789 -0.52074 0.739955
vn -0.627888 0.0770373 0.774482
vn -0.18578 -0.330177 0.925456
vn -0.0416364 -0.419353 0.906868
vn -0.0192325 -0.612149 0.790509
vn -0.294836 -0.688266 0.662844
vn -0.237881 -0.626234 0.742458
vn -0.45105 -0.588116 0.671322
vn -0.211103 -0.626077 0.750641
vn -0.322066 -0.762477 0.561161
vn -0.451614 -0.580104 0.677882
vn -0.248525 -0.386635 0.888115
vn -0.127368 -0.701571 0.701125
vn -0.36538 -0.619299 0.694958
vn 0.0524678 -0.652804 0.755707
vn -0.685486 -0.50025 0.529016
vn -0.496349 -0.196477 0.845597
vn -0.043252 -0.97436 0.2208
vn -0.0266182 -0.437573 0.898789
vn 0.0208917 -0.878361 0.477541
vn 0.0948025 -0.866826 0.489515
vn -0.966129 -0.157334 0.204549
vn -0.942444 0.273152 -0.192842
vn -0.742661 -0.0661284 -0.666394
vn -0.952845 -0.286224 0.100805
vn -0.915458 0.400622 0.0379336
vn -0.364673 0.433641 -0.823996
vn -0.43248 0.90133 0.0237986
vn -0.341254 0.686294 -0.642297
vn -0.398382 0.901516 0.169001
vn -0.452726 0.701707 -0.550133
vn 0.76686 -0.462676 -0.444811
vn 0.0466052 0.86851 -0.493475
vn 0.0132518 -0.394123 -0.918962
vn -0.0641667 -0.89433 -0.442782
vn 0.972699 -0.207477 -0.103968
vn 0.572542 -0.142748 -0.807353
vn 0.679473 -0.676942 -0.28296
vn 0.759126 -0.385522 -0.5245
vn 0.829764 -0.539268 -0.143813
vn 0.971482 -0.173869 -0.16122
vn -0.937449 0.285991 0.198489
vn -0.763307 0.588383 0.266773
vn -0.805073 0.511216 -0.300859
vn -0.902071 0.429895 0.0381748
vn -0.163947 0.986046 -0.028877
vn 0.0111233 0.893646 -0.448635
vn -0.45065 0.891274 0.050452
vn -0.382386 0.923828 0.017976
vn -0.524206 0.797276 0.299264
vn -0.480492 0.675374 0.559462
vn -0.607409 0.416601 -0.676386
vn -0.470466 0.882312 -0.0136998
vn -0.573718 0.798028 -0.184385
vn -0.762024 0.598408 -0.247441
vn -0.427176 0.851486 0.304126
vn -0.221216 0.705377 0.67343
vn -0.150001 0.683022 0.714829
vn -0.830531 0.306744 -0.464894
vn -0.258519 0.531619 0.806566
vn -0.404575 0.874106 -0.268808
vn -0.409655 0.900954 -0.143052
vn -0.540184 0.840993 0.0305381
vn -0.446604 0.894628 -0.0136329
vn -0.318512 0.94117 0.112913
vn -0.319487 0.939443 0.123995
vn -0.593437 0.716679 -0.366338
vn -0.487899 0.861367 -0.141429
vn -0.274173 0.946823 -0.16839
vn -0.736123 0.191752 -0.649118
vn -0.620086 -0.784534 0.000293409
vn -0.998045 -0.0376774 -0.0498628
vn -0.349104 -0.559848 -0.751463
vn -0.621178 0.657619 -0.426235
vn -0.301782 0.281735 -0.910798
vn -0.115025 -0.300611 -0.946785
vn -0.916456 0.228051 0.328789
vn -0.129353 -0.91076 -0.392153
vn 0.143731 -0.468035 -0.871943
vn 0.134766 -0.680628 -0.720127
vn 0.117362 -0.498332 -0.859006
vn -0.254101 -0.451413 -0.85537
vn 0.217991 -0.704067 -0.675847
vn 0.148641 -0.568757 -0.808963
vn 0.11556 -0.877588 -0.465279
vn -0.180471 -0.877016 -0.445278
vn -0.0775062 -0.944641 -0.318819
vn -0.443094 -0.752715 -0.486916
vn 0.128586 -0.117795 -0.984678
vn 0.248649 -0.638568 -0.728289
vn -0.887719 0.228519 -0.399667
vn -0.421679 0.408752 -0.809388
vn 0.00773769 0.284201 -0.958734
vn -0.542422 0.825031 0.158439
vn 0.032585 0.353453 -0.934884
vn -0.369692 0.792745 -0.484647
vn -0.942444 0.273152 -0.192842
vn -0.702241 0.51973 0.486557
vn -0.966129 -0.157334 0.204549
vn -0.570997 0.363995 0.735847
vn -0.214486 0.928954 -0.301729
vn -0.414083 0.882443 0.223227
vn 0.0769015 -0.364063 -0.928194
vn 0.335283 -0.613948 -0.7146
vn -0.496349 -0.196477 0.845597
vn 0.0893266 -0.943969 0.317715
vn -0.462189 -0.832318 0.305987
vn -0.329472 -0.929768 0.164255
vn -0.937946 -0.102922 0.331157
vn -0.488602 -0.738664 0.464374
vn -0.321287 -0.833484 0.449531
vn -0.233214 -0.922675 0.307053
vn -0.360771 -0.699437 0.616954
vn -0.525358 -0.166013 0.834529
vn -0.351843 -0.911708 0.212121
vn 0.209241 -0.685773 0.697089
vn 0.0308974 -0.673133 0.738876
vn -0.382504 -0.719442 0.579735
vn -0.880777 -0.429608 0.19917
vn -0.856016 -0.39638 0.331843
vn -0.372795 -0.742862 0.55604
vn -0.888603 -0.264828 0.3745
vn -0.838194 -0.285472 0.46469
vn -0.256739 -0.868127 0.424783
vn -0.366931 -0.40021 0.839758
vn -0.765164 0.0243819 0.643374
vn -0.724152 -0.515537 0.458068
vn -0.850945 -0.48336 0.205559
vn -0.845958 -0.466856 0.257683
vn -0.385358 -0.863431 0.325557
vn -0.322651 -0.93527 0.145487
vn -0.523887 -0.76321 0.378222
vn -0.447821 -0.654444 0.609228
vn -0.364703 -0.861776 0.35261
vn -0.323698 -0.883816 -0.337769
vn -0.95982 0.174195 0.220004
vn 0.187574 -0.961581 0.200446
vn -0.140895 -0.962095 0.2335
vn -0.390048 -0.630973 0.670623
vn -0.538654 -0.837593 0.0910431
vn -0.394937 -0.842081 -0.367321
vn -0.403588 -0.851384 -0.335055
vn -0.208518 -0.977855 -0.0179057
vn -0.240212 -0.355772 -0.903175
vn -0.194218 -0.918486 0.344475
vn -0.0336941 -0.833279 0.551825
vn 0.115576 -0.78881 0.603672
vn -0.0557063 -0.620598 0.782148
vn -0.118084 0.137888 0.983384
vn -0.602598 0.458733 0.653024
vn -0.125836 -0.15434 0.979972
vn -0.304755 0.462834 0.832412
vn -0.109615 0.225621 0.968029
vn -0.198697 0.972073 0.124873
vn -0.241979 0.851318 0.465514
vn -0.247109 0.937002 0.246908
vn 0.020652 0.855747 0.516982
vn 0.00123001 0.951654 0.307171
vn 0.296365 0.533025 0.792497
vn 0.400991 0.653473 0.642011
vn 0.476944 0.399675 0.782805
vn 0.274458 -0.283432 -0.918879
vn -0.320153 -0.902996 0.286531
vn 0.353006 -0.907022 0.229561
vn 0.624228 -0.771922 0.120315
vn 0.375115 -0.926962 0.00547422
vn 0.812058 -0.537158 -0.228086
vn 0.853778 -0.520264 0.0196976
vn 0.0412282 -0.691594 0.721109
vn 0.0802867 -0.179416 0.980492
vn 0.490346 -0.480689 0.726979
vn -0.283956 -0.336634 0.897801
vn -0.274876 -0.0274502 0.961088
vn -0.119043 0.0707174 0.990367
vn -0.00142342 0.011944 0.999928
vn 0.169622 -0.136902 0.975954
vn 0.011759 0.00745377 0.999903
vn 0.364633 -0.426966 0.827492
vn -0.12441 0.133018 0.983274
vn -0.644755 0.175091 0.744066
vn -0.396757 0.123548 0.909571
vn 0.191871 0.173421 0.965977
vn 0.405336 -0.0536939 0.912589
vn -0.27192 0.359018 0.892841
vn -0.359678 0.107404 0.926874
vn -0.374804 0.368506 0.85072
vn -0.610559 0.255683 0.749562
vn -0.432932 0.389204 0.813074
vn -0.492376 0.339507 0.801437
vn -0.10895 0.264312 0.958264
vn 0.585233 -0.289262 0.757515
vn 0.599696 0.0187916 0.800008
vn 0.292999 -0.213214 0.932036
vn -0.056368 -0.388946 0.919535
vn 0.439854 -0.248786 0.862922
vn -0.159735 -0.509722 0.84538
vn -0.137024 -0.546062 0.826463
vn 0.750168 -0.459074 0.475919
vn 0.843762 -0.373533 0.385408
vn 0.765107 -0.524696 0.373237
vn 0.496523 -0.473244 0.727671
vn -0.0399574 0.715231 0.697745
vn 0.455862 0.816712 -0.353797
vn -0.0192131 0.277431 0.960553
vn -0.0084155 -0.493629 0.869632
vn -0.208198 0.131579 0.969196
vn -0.0566477 0.981097 0.185042
vn -0.228244 0.716067 0.659661
vn 0.197562 -0.600996 0.77445
vn -0.649119 0.272643 0.710148
vn -0.460362 -0.647792 0.606986
vn 0.116099 -0.190879 -0.974724
vn -0.943133 -0.0774807 -0.323261
vn -0.140774 -0.988438 0.05632
vn -0.216392 0.921763 0.321757
vn 0.0442963 0.998962 -0.010589
vn 0.0963802 0.979761 -0.175441
vn -0.189306 0.965324 0.179755
vn 0.196368 0.931408 -0.306462
vn -0.108534 0.988889 0.101586
vn -0.315573 0.876991 0.362354
vn 0.0366807 0.999326 -0.00132145
vn -0.335127 0.876075 0.346674
vn 0.026417 0.999352 -0.0244566
vn -0.341234 0.841075 0.419704
vn -0.0570033 0.994378 0.0892327
vn 0.304587 0.902623 -0.304135
vn 0.230011 0.848396 -0.47678
vn 0.194064 0.94422 -0.266059
vn 0.125871 0.978545 -0.163112
vn 0.0456318 0.994374 -0.0955884
vn -0.093671 0.985566 0.141014
vn 0.375288 0.926497 0.0276041
vn 0.418855 0.877199 -0.234698
vn 0.257706 0.888302 0.380141
vn -0.320811 0.902742 -0.286597
vn 0.33307 0.838084 -0.432065
vn 0.326678 0.835203 -0.442398
vn 0.318843 0.840867 -0.437357
vn -0.291432 0.815975 0.499252
vn -0.399172 0.805662 0.437687
vn -0.480262 0.798952 0.361973
vn -0.436245 0.760401 0.481125
vn 0.433426 0.688295 -0.581714
vn 0.382298 0.726062 -0.571561
vn -0.417599 0.72585 0.546582
vn 0.33871 0.928416 0.152708
vn 0.444195 0.895319 -0.0330823
vn 0.157908 0.986363 -0.0463922
vn 0.170854 0.982783 0.0703301
vn 0.373684 0.90967 -0.181278
vn 0.463301 0.877836 -0.121474
vn 0.44424 0.889353 0.108179
vn 0.129073 0.884186 0.44895
vn 0.440172 0.823212 0.358567
vn 0.159758 0.905823 0.39238
vn -0.0307273 0.85702 0.514366
vn 0.541685 0.812728 -0.214594
vn 0.406987 0.912181 0.0478261
vn 0.443155 0.891314 -0.095775
vn 0.338895 0.931112 0.134834
vn 0.013143 0.729192 0.684183
vn 0.783737 0.569948 -0.246811
vn 0.939872 0.326412 -0.100476
vn 0.970825 0.0287885 0.238054
vn 0.884136 0.46721 -0.00423653
vn 0.913694 0.283883 -0.290816
vn 0.857014 0.290014 -0.425933
vn 0.387145 0.885816 -0.25583
vn 0.648234 0.579479 -0.49396
vn 0.972571 0.100386 -0.20983
vn 0.524944 0.230275 -0.819394
vn 0.336678 0.795465 -0.503868
vn 0.528701 0.539095 -0.655631
vn 0.249542 0.79267 -0.55624
vn -0.9431 -0.287387 0.167248
vn 0.0810583 -0.523631 0.84808
vn 0.353006 -0.907022 0.229561
vn 0.353006 -0.907022 0.229561
vn 0.853778 -0.520264 0.0196976
vn 0.274458 -0.283432 -0.918879
vn 0.0481861 -0.997899 -0.0433071
vn -0.867353 0.00163033 -0.497691
vn -0.968777 0.193353 0.155198
vn -0.501341 -0.357051 0.788145
vn -0.137745 -0.826228 -0.546236
vn -0.47533 0.116544 -0.872054
vn -0.507081 -0.839131 -0.196794
vn -0.504616 -0.674378 -0.539052
vn -0.742661 -0.0661284 -0.666394
vn -0.952845 -0.286224 0.100805
vn -0.356488 -0.922695 0.1468
vn 0.0455956 -0.989622 -0.136273
vn -0.140962 -0.951746 0.272598
vn 0.0313859 -0.992603 -0.117278
vn 0.634527 -0.772894 0.00323929
vn -0.488602 -0.738664 0.464374
vn -0.937946 -0.102922 0.331157
vn -0.765164 0.0243819 0.643374
vn -0.525358 -0.166013 0.834529
vn -0.517402 -0.514755 0.68361
vn 0.0308974 -0.673133 0.738876
vn 0.256555 -0.765321 0.590307
vn -0.0989647 0.179528 0.978762
vn 0.945134 -0.0942181 0.312801
vn 0.658654 0.510432 0.552842
vn 0.0130012 0.207778 0.97809
vn -0.232358 0.487721 0.841509
vn 0.174063 0.851617 0.494419
vn 0.967261 0.0248 -0.252568
vn -0.019505 0.30634 0.951722
vn 0.020288 0.855995 0.516586
vn -0.0329733 0.988769 0.145769
vn 0.945134 -0.0942181 0.312801
vn -0.0989647 0.179528 0.978762
vn 0.808356 -0.470036 -0.354438
vn 0.970825 0.0287885 0.238054
vn 0.889619 0.185257 -0.417442
vn 0.884136 0.46721 -0.00423653
vn 0.972571 0.100386 -0.20983
vn 0.777452 0.0698673 -0.625049
vn 0.988922 0.0105704 0.148061
vn -0.797345 -0.0370242 0.602387
vn -0.496441 -0.173814 0.850491
vn -0.725606 0.304794 0.616926
vn -0.071087 -0.137783 0.987908
vn -0.618091 0.0202273 0.785846
vn -0.112252 0.000355764 0.99368
vn -0.315506 -0.134802 0.9393
vn -0.295376 0.281273 0.913038
vn -0.426998 -0.371768 0.824294
vn -0.517225 -0.780786 0.350502
vn -0.726651 -0.566741 0.388308
vn -0.484578 0.0518896 0.873208
vn -0.369287 0.137872 0.919031
vn -0.99976 0.00140603 0.021857
vn 0.118668 -0.382695 0.916222
vn 0.365293 -0.930873 -0.00602596
vn 0.427687 -0.883035 0.193218
vn 0.0382833 -0.0792129 0.996122
vn 0.576217 -0.811757 0.0949938
vn 0.36017 -0.921793 0.143442
vn -0.0406841 0.300504 0.952912
vn 0.851313 -0.514415 -0.103169
vn -0.184786 -0.0610133 0.980883
vn -0.0563409 0.0979548 0.993595
vn -0.504911 0.0671268 0.860557
vn -0.0699076 0.248053 0.966221
vn -0.260996 0.344096 0.90193
vn -0.118779 0.530777 0.839147
vn -0.702241 0.51973 0.486557
vn -0.570997 0.363995 0.735847
vn -0.414083 0.882443 0.223227
vn -0.0557063 -0.620598 0.782148
vn -0.726651 -0.566741 0.388308
vn -0.426998 -0.371768 0.824294
vn -0.604687 0.437801 0.665345
vn -0.382719 -0.159422 0.910006
vn -0.560264 0.461809 0.687631
vn -0.469156 0.802261 0.369146
vn -0.436808 0.792695 0.425245
vn -0.938865 -0.0275329 0.343184
vn -0.981257 0.00497399 0.192639
vn -0.807074 -0.330209 0.489483
vn 0.967261 0.0248 -0.252568
vn 0.128586 -0.117795 -0.984678
vn 0.032585 0.353453 -0.934884
vn 0.248649 -0.638568 -0.728289
vn 0.233325 0.695097 -0.68
vn 0.00773769 0.284201 -0.958734
vn 0.772817 0.634624 0.00241145
vn -0.240212 -0.355772 -0.903175
vn 0.272228 0.540134 -0.796333
vn -0.95982 0.174195 0.220004
vn 0.380033 -0.724665 -0.574836
vn 0.27112 -0.514495 -0.813504
vn 0.497885 -0.821312 -0.278491
vn 0.410052 -0.570505 -0.711605
vn 0.418 0.612572 -0.670844
vn -0.152658 0.595997 -0.788342
vn 0.688097 0.625858 0.367183
vn 0.866192 -0.296372 -0.402338
vn 0.468465 0.762197 0.446761
vn 0.747248 -0.527602 -0.404051
vn 0.916149 -0.272081 0.294352
vn 0.873834 0.361665 0.32498
vn -0.610686 0.707552 -0.355573
vn 0.0844981 0.902137 0.423095
vn 0.0111203 0.999934 -0.00292866
vn 0.427271 0.901475 -0.0691602
vn -0.0349913 0.863388 -0.503326
vn -0.706149 0.67695 0.207585
vn -0.121457 0.912602 0.390392
vn -0.49709 0.691856 0.523676
vn -0.581471 0.813552 0.00494001
vn 0.0664659 0.964714 -0.254775
vn -0.801206 0.595081 0.0628197
vn -0.655574 0.735058 0.17295
vn 0.103806 0.9932 0.0527025
vn 0.153831 0.987832 0.0228894
vn 0.107741 0.977916 0.179086
vn 0.180808 0.983436 -0.0127744
vn 0.461544 0.819041 -0.340807
vn 0.327932 0.939628 0.0977708
vn 0.589016 0.783521 -0.197877
vn -0.600883 0.421449 -0.679205
vn 0.487638 0.868255 -0.0913363
vn 0.590131 0.733113 -0.338071
vn 0.220667 0.969502 -0.106642
vn 0.364574 0.808571 -0.461843
vn 0.432719 0.507362 -0.74521
vn -0.685486 -0.50025 0.529016
vn -0.043252 -0.97436 0.2208
vn 0.335283 -0.613948 -0.7146
vn -0.942444 0.273152 -0.192842
vn 0.422994 0.895254 0.139988
vn 0.268657 0.761463 0.589913
vn -0.0721663 0.695136 0.715247
vn -0.366768 0.72037 0.588684
vn 0.130039 0.888604 0.439856
vn 0.654604 0.530962 0.538119
vn 0.850206 0.397331 0.345367
vn 0.00946625 0.397824 0.917413
vn 0.00745785 0.270865 0.962588
vn 0.0554083 0.0144275 0.99836
vn 0.302018 -0.0179943 0.953132
vn -0.394623 0.334749 0.855696
vn -0.208239 0.357227 0.910508
vn -0.211937 0.859154 0.465765
vn -0.0388789 0.665125 0.745719
vn 0.0518361 0.945938 0.320178
vn -0.101898 0.991961 -0.0750322
vn -0.241 0.970037 -0.0307833
vn 0.0751667 0.811363 0.579689
vn 0.254144 0.9385 0.233727
vn 0.0609783 0.942393 0.328902
vn -0.264029 0.932708 0.245653
vn -0.325758 0.932997 0.152963
vn 0.0682573 0.933721 -0.351435
vn 0.399917 0.884135 -0.241602
vn 0.020652 0.855747 0.516982
vn -0.247109 0.937002 0.246908
vn 0.414622 0.903453 0.108907
vn -0.304755 0.462834 0.832412
vn 0.296365 0.533025 0.792497
vn -0.326569 0.919683 -0.218027
vn 0.698063 0.663068 -0.270275
vn -0.418586 -0.790998 0.446216
vn -0.94145 -0.171718 0.290146
vn -0.423529 -0.905391 0.0298556
vn -0.569312 -0.815463 0.104418
vn -0.707913 -0.0784929 0.701924
vn -0.822156 -0.350492 0.44857
vn -0.837688 -0.28088 0.468386
vn -0.806257 -0.0240359 0.591077
vn -0.541553 0.0193682 0.840443
vn -0.774794 -0.526606 0.349829
vn -0.883851 -0.383072 0.268444
vn -0.995279 -0.0630305 0.0738016
vn -0.927794 -0.372981 0.00912724
vn -0.980122 -0.0212499 0.197254
vn -0.846865 -0.513676 -0.137678
vn -0.521285 -0.808239 0.273883
vn -0.39256 -0.675554 0.624118
vn -0.456818 -0.878319 0.140971
vn -0.34509 -0.87854 0.330274
vn -0.273573 -0.41395 0.868218
vn -0.664239 -0.708141 0.239423
vn -0.552033 0.485616 0.677818
vn -0.910141 0.390835 0.137449
vn -0.225818 -0.809139 -0.542494
vn 0.561419 0.354149 -0.747922
vn 0.347058 0.183017 -0.919813
vn 0.754238 0.454851 -0.473535
vn 0.527803 0.321495 -0.786171
vn 0.408626 0.495936 -0.766207
vn 0.884471 -0.0546952 -0.463378
vn 0.786128 0.586471 -0.195075
vn 0.707415 -0.0725495 -0.703065
vn 0.847933 0.430852 -0.30883
vn 0.323601 0.0732 -0.943358
vn 0.443603 0.859418 -0.2542
vn 0.640405 0.702486 -0.310474
vn 0.795343 -0.166064 -0.582968
vn 0.724842 0.58561 -0.362857
vn 0.869611 0.486145 0.08625
vn 0.607178 0.654126 -0.451058
vn 0.570526 0.435764 -0.696139
vn 0.342193 0.939543 -0.0127393
vn 0.789169 0.613886 -0.0188979
vn 0.957457 0.287539 -0.0244194
vn 0.523781 0.715993 -0.461527
vn 0.377448 -0.00686956 -0.926005
vn 0.913633 -0.0755246 -0.399462
vn 0.891263 0.45337 0.0102644
vn 0.386679 0.917475 -0.0933766
vn 0.708338 0.683026 0.178135
vn 0.94047 0.185045 0.285087
vn 0.737009 0.411241 -0.536376
vn 0.881461 0.385306 -0.273066
vn 0.789607 0.157719 -0.592996
vn 0.935272 0.349125 -0.0581246
vn 0.828673 0.535719 0.162193
vn 0.931802 0.353803 -0.081051
vn 0.909552 0.373071 -0.183121
vn 0.921626 -0.251573 -0.295495
vn 0.309647 0.939627 0.145669
vn 0.492226 -0.450531 -0.744806
vn 0.492924 0.833201 0.250602
vn 0.182325 0.813156 0.552752
vn 0.773112 0.404835 0.48827
vn 0.273358 0.423854 0.863495
vn -0.418628 0.897379 -0.139507
vn -0.351091 0.935019 -0.0497539
vn -0.285062 0.833587 -0.473152
vn -0.510409 0.801789 0.310833
vn -0.450607 0.866652 0.214168
vn -0.598103 0.66816 0.442533
vn -0.551369 0.748429 0.368573
vn -0.919563 0.318576 -0.230028
vn -0.810492 0.456414 0.367137
vn -0.65887 0.659916 0.36111
vn -0.485942 0.814644 0.316569
vn -0.671905 0.697494 0.249091
vn -0.332099 0.943242 0.00219672
vn -0.102855 0.99049 0.0913799
vn 0.0241763 0.988641 -0.148341
vn 0.378646 0.861234 -0.338974
vn -0.171672 0.886516 -0.429672
vn 0.0301038 0.875395 -0.482469
vn -0.235767 0.97181 0.000348904
vn 0.250102 0.787183 -0.563731
vn -0.419411 0.826678 0.375097
vn -0.423232 0.859686 0.286032
vn -0.375845 0.794988 0.476166
vn -0.452989 0.819936 0.350008
vn -0.485352 0.744978 0.457649
vn -0.561279 0.78207 -0.270799
vn 0.0481861 -0.997899 -0.0433071
vn -0.501341 -0.357051 0.788145
vn -0.247003 -0.251101 0.935915
vn 0.0932278 0.00468297 0.995634
vn 0.516329 -0.837998 0.176529
vn 0.634527 -0.772894 0.00323929
vn 0.0313859 -0.992603 -0.117278
vn 0.0455956 -0.989622 -0.136273
vn 0.0219145 -0.998977 -0.0395577
vn 0.922477 -0.107668 -0.370735
vn 0.52171 -0.852347 -0.0363938
vn 0.295934 -0.278077 -0.913836
vn 0.0610909 -0.997798 -0.025829
vn 0.280794 -0.946792 -0.157288
vn 0.64929 -0.0411487 -0.759427
vn 0.29522 -0.844488 -0.446861
vn 0.207169 -0.957946 -0.198546
vn 0.250386 -0.962318 -0.10607
vn 0.913405 -0.31465 -0.258238
vn 0.851313 -0.514415 -0.103169
vn 0.0530138 -0.996005 -0.0718601
vn 0.669573 -0.68549 -0.285962
vn 0.516505 -0.596735 -0.614109
vn 0.309733 -0.904348 -0.293634
vn 0.0769015 -0.364063 -0.928194
vn 0.68244 -0.247579 -0.687735
vn 0.470776 -0.817076 -0.332801
vn 0.54242 -0.0909452 -0.83517
vn 0.578777 -0.812347 -0.0714771
vn 0.7437 -0.403236 -0.533208
vn 0.393942 -0.904649 -0.162543
vn 0.41148 -0.762088 -0.499906
vn 0.925095 -0.268836 -0.268191
vn 0.385415 -0.915026 0.119089
vn 0.0387239 -0.998142 0.0470322
vn 0.380033 -0.724665 -0.574836
vn 0.410052 -0.570505 -0.711605
vn 0.27112 -0.514495 -0.813504
vn -0.0084155 -0.493629 0.869632
vn 0.496523 -0.473244 0.727671
vn 0.187311 -0.959098 -0.212237
vn 0.197562 -0.600996 0.77445
vn 0.497885 -0.821312 -0.278491
vn 0.829764 -0.539268 -0.143813
vn 0.834523 -0.373092 -0.405432
vn 0.945134 -0.0942181 0.312801
vn 0.792528 -0.317919 -0.52041
vn 0.971482 -0.173869 -0.16122
vn 0.412778 -0.900305 0.138075
vn -0.053643 -0.975571 -0.213035
vn -0.306003 -0.879776 -0.363808
vn -0.0842524 -0.993781 -0.0728107
vn -0.122271 -0.992481 0.00550243
vn -0.208518 -0.977855 -0.0179057
vn -0.194218 -0.918486 0.344475
vn -0.030906 -0.997723 0.0599495
vn -0.242389 -0.964081 0.108611
vn -0.0336941 -0.833279 0.551825
vn -0.127676 -0.962472 0.239469
vn -0.00569436 -0.999961 -0.00674048
vn -0.268254 -0.909819 0.316654
vn -0.00204282 -0.999339 0.0362988
vn 0.0474361 -0.998214 -0.0363052
vn 0.0447347 -0.998513 -0.0311548
vn 0.0399203 -0.99109 -0.127072
vn 0.125048 -0.960904 0.247034
vn 0.36017 -0.921793 0.143442
vn 0.0206025 -0.968779 0.24707
vn -0.0505911 -0.952956 0.298856
vn 0.195013 -0.973652 0.118199
vn 0.0357207 -0.881791 0.470285
vn 0.371613 -0.838589 0.398337
vn 0.0334007 -0.996862 0.0717695
vn 0.415507 -0.865666 0.279242
vn 0.0901407 -0.94182 -0.323804
vn 0.336265 -0.937533 0.0892032
vn 0.36688 -0.835959 -0.408131
vn -0.043252 -0.97436 0.2208
vn 0.844171 -0.363642 -0.393877
vn 0.348613 -0.506019 -0.788932
vn -0.394937 -0.842081 -0.367321
vn 0.167283 -0.596692 -0.78484
vn 0.427687 -0.883035 0.193218
vn -0.490431 -0.844801 -0.213985
vn -0.403588 -0.851384 -0.335055
vn -0.240212 -0.355772 -0.903175
vn -0.263195 -0.830887 0.490261
vn -0.354504 -0.850546 0.388456
vn -0.500589 -0.857045 0.122002
vn 0.36994 -0.918708 0.138279
vn 0.526181 -0.813019 -0.249268
vn 0.0948025 -0.866826 0.489515
vn -0.460362 -0.647792 0.606986
vn 0.365293 -0.930873 -0.00602596
vn 0.576217 -0.811757 0.0949938
vn 0.335283 -0.613948 -0.7146
vn 0.115576 -0.78881 0.603672
vn -0.0557063 -0.620598 0.782148
vn 0.455862 0.816712 -0.353797
vn -0.545766 -0.314301 -0.776759
vn 0.681648 0.10405 0.724244
vn 0.849996 0.140176 0.507797
vn 0.806932 -0.284653 0.517527
vn 0.988922 0.0105704 0.148061
vn 0.739515 0.0465698 0.671527
vn 0.929248 0.295206 0.222153
vn 0.921016 0.0530962 0.385888
vn 0.735937 0.416781 0.533564
vn 0.803011 0.504723 0.316905
vn 0.969536 0.136918 0.203107
vn 0.807916 0.46668 0.359836
vn 0.715427 0.49891 0.489135
vn 0.700959 0.523333 0.484541
vn 0.691783 0.525355 0.495418
vn 0.841602 0.51168 0.172884
vn 0.825379 0.552744 0.114991
vn 0.607004 0.565564 0.558286
vn 0.764403 0.520043 0.381107
vn 0.37527 0.84537 0.38016
vn 0.596066 0.445598 0.667943
vn 0.467442 0.76476 0.443441
vn 0.345233 0.93561 -0.0738165
vn 0.398103 0.912682 0.0923377
vn 0.859887 0.372455 0.349101
vn 0.382223 0.829845 0.406525
vn 0.584224 0.655431 0.478636
vn 0.808859 0.587179 -0.031118
vn 0.39401 0.87616 0.277668
vn 0.66536 0.655487 -0.357257
vn 0.889619 0.185257 -0.417442
vn 0.902481 0.209845 0.376157
vn 0.174063 0.851617 0.494419
vn 0.0130012 0.207778 0.97809
vn 0.659424 0.659193 -0.361421
vn 0.358358 0.832332 -0.422852
vn 0.658654 0.510432 0.552842
vn -0.0958189 0.0166273 0.99526
vn -0.968777 0.193353 0.155198
vn -0.714294 0.34704 0.607739
vn -0.339058 0.440474 0.831278
vn -0.637475 0.488841 -0.595534
vn -0.910141 0.390835 0.137449
vn -0.245704 0.965241 0.0891007
vn -0.721552 -0.633022 -0.280438
vn 0.0621549 -0.768464 0.636867
vn 0.161044 -0.386887 0.907955
vn 0.212046 -0.690924 0.69113
vn -0.010325 -0.448981 0.893482
vn 0.0133973 -0.924793 0.380235
vn 0.42394 -0.608999 0.670369
vn 0.411701 -0.910606 0.0360537
vn 0.093 -0.995434 -0.0214895
vn -0.023495 -0.998132 0.0563908
vn -0.021324 -0.997241 0.0711064
vn 0.00640005 -0.999864 0.015188
vn 0.00642714 -0.999209 0.0392417
vn 0.0264425 -0.999537 -0.0150636
vn 0.0195182 -0.99918 0.0354791
vn -0.0119916 -0.99956 0.0271325
vn -0.0320812 -0.998662 0.0405639
vn -0.00947235 -0.995687 0.0922944
vn 0.0703589 -0.99252 0.0997708
vn -0.151666 -0.986505 0.0616853
vn -0.341592 -0.912834 0.223715
vn -0.0138434 -0.889469 0.456785
vn 0.0687952 -0.921227 0.382894
vn -0.114217 -0.940831 0.319048
vn -0.13912 -0.984262 -0.108971
vn -0.244825 -0.968477 -0.0459665
vn -0.117881 -0.901144 0.417186
vn -0.0539743 -0.720631 0.691215
vn -0.00710169 -0.904178 0.427098
vn 0.372299 -0.870887 0.320855
vn -0.00798172 -0.996803 0.0795044
vn -0.163932 -0.985629 0.040775
vn 0.0290607 -0.914847 0.402754
vn -0.259235 -0.872018 0.41519
vn 0.0335395 -0.901434 0.431615
vn -0.289643 -0.956108 0.0443173
vn 0.0893545 -0.926255 0.366152
vn 0.251474 -0.82361 0.508358
vn -0.109784 -0.935938 -0.334617
vn -0.28317 -0.888052 -0.362186
vn 0.495694 -0.651023 0.574854
vn -0.54825 -0.822669 0.150458
vn -0.597115 -0.775009 0.206918
vn -0.206365 -0.855177 -0.475484
vn -0.0879955 -0.983084 -0.160634
vn 0.0273305 -0.891698 -0.451805
vn -0.086053 -0.995763 -0.0324215
vn -0.287337 -0.885373 -0.365447
vn -0.185609 -0.926542 -0.327216
vn -0.224524 -0.974442 -0.00724455
vn -0.438457 -0.894541 -0.0868986
vn -0.429521 -0.861128 0.271975
vn -0.553361 -0.698025 0.454481
vn -0.310579 -0.838393 -0.447926
vn -0.319927 -0.77202 -0.54921
vn 0.0464145 -0.921534 -0.385515
vn 0.3863 -0.872227 -0.299988
vn -0.166417 -0.956533 -0.239478
vn 0.104455 -0.966727 -0.233511
vn -0.217497 -0.687888 -0.692463
vn 0.486755 -0.146302 -0.8612
vn 0.385287 0.000884356 -0.922796
vn 0.472491 -0.665899 -0.577348
vn 0.55619 0.108562 -0.823934
vn 0.856249 -0.0160932 -0.516313
vn 0.86565 -0.196119 -0.460638
vn 0.441483 -0.0744081 -0.894179
vn 0.559156 0.148975 -0.815568
vn 0.00957512 -0.763992 -0.645155
vn 0.412463 -0.494528 -0.76506
vn -0.511691 -0.147467 -0.846419
vn 0.00793231 -0.00101453 -0.999968
vn 0.799154 0.501739 0.331074
vn 0.398723 0.852668 0.337606
vn 0.644718 0.608462 0.462723
vn 0.0959167 -0.45101 0.88735
vn -0.320153 -0.902996 0.286531
vn 0.375115 -0.926962 0.00547422
vn 0.624228 -0.771922 0.120315
vn 0.812058 -0.537158 -0.228086
vn 0.265582 -0.887139 0.377427
vn 0.57999 -0.773855 0.25448
vn 0.403925 -0.85573 0.323372
vn 0.777477 -0.503154 0.377314
vn 0.945892 -0.324185 0.0138419
vn 0.853778 -0.520264 0.0196976
vn 0.372299 -0.870887 0.320855
vn 0.411701 -0.910606 0.0360537
vn 0.495694 -0.651023 0.574854
vn 0.787584 -0.516386 0.336239
vn 0.42394 -0.608999 0.670369
vn -0.157202 -0.651212 0.742435
vn 0.114976 -0.961111 0.251089
vn 0.173524 -0.364021 0.915084
vn 0.916149 -0.272081 0.294352
vn 0.374789 -0.845567 0.380197
vn 0.0243541 -0.945507 -0.324688
vn 0.103926 -0.642526 -0.759183
vn 0.747248 -0.527602 -0.404051
vn 0.866192 -0.296372 -0.402338
vn -0.106191 0.662892 -0.741146
vn -0.393475 0.852145 -0.345002
vn -0.769043 0.63094 -0.102411
vn -0.423613 0.74861 0.510034
vn -0.152658 0.595997 -0.788342
vn -0.33011 0.942453 0.0530005
vn -0.410881 0.90249 -0.129184
vn 0.272228 0.540134 -0.796333
vn 0.418 0.612572 -0.670844
vn -0.228244 0.716067 0.659661
vn -0.0566477 0.981097 0.185042
vn -0.0399574 0.715231 0.697745
vn -0.0192131 0.277431 0.960553
vn -0.95982 0.174195 0.220004
vn -0.649119 0.272643 0.710148
vn 0.461998 -0.666335 -0.585282
vn 0.349988 -0.786088 -0.509484
vn 0.497929 -0.71259 -0.494249
vn 0.481078 -0.688498 -0.542711
vn 0.491318 -0.690341 -0.531071
vn 0.58963 -0.464687 -0.660608
vn 0.553766 -0.361539 -0.750089
vn 0.482851 -0.366777 -0.795191
vn 0.667963 -0.505814 -0.545874
vn 0.462809 -0.795928 -0.390265
vn 0.359404 -0.849453 -0.38634
vn 0.151636 -0.944067 -0.292819
vn 0.551467 -0.613835 -0.564882
vn 0.428404 -0.404651 -0.807916
vn 0.569559 -0.490183 -0.65979
vn 0.652979 -0.483 -0.583377
vn 0.513552 -0.321694 -0.795473
vn 0.218811 -0.621959 -0.751857
vn 0.666931 -0.444531 -0.597993
vn 0.347806 -0.800782 -0.487626
vn 0.394001 -0.39709 -0.828905
vn 0.536469 -0.113731 -0.836221
vn 0.668404 -0.190628 -0.718956
vn 0.524676 -0.392144 -0.755604
vn 0.458542 -0.450416 -0.766071
vn 0.520256 -0.447388 -0.727446
vn 0.383834 -0.409713 -0.827531
vn 0.271102 -0.414661 -0.868654
vn 0.557148 -0.358596 -0.748996
vn 0.619151 -0.462085 -0.634925
vn 0.497867 -0.284539 -0.819247
vn -0.10351 -0.411415 -0.905552
vn 0.6642 -0.480193 -0.572934
vn -0.0302865 -0.404651 -0.91397
vn 0.471478 -0.636751 -0.610129
vn 0.509504 -0.0174811 -0.86029
vn 0.535262 -0.0204217 -0.844439
vn 0.632932 -0.504263 -0.587465
vn 0.392577 -0.618116 -0.68104
vn 0.619523 -0.442784 -0.648177
vn 0.607877 -0.504941 -0.612798
vn 0.212794 -0.247782 -0.945157
vn 0.671344 -0.416155 -0.61328
vn 0.637415 -0.504652 -0.582262
vn 0.367176 -0.810537 -0.456302
vn 0.5003 -0.792725 -0.348263
vn 0.335241 -0.831039 -0.443834
vn 0.497509 -0.823301 -0.273241
vn 0.454503 -0.351498 -0.81846
vn 0.774374 -0.487523 -0.40332
vn 0.654358 -0.413101 -0.633374
vn 0.744476 -0.557894 -0.366755
vn 0.655952 -0.401004 -0.639471
vn 0.590047 -0.488105 -0.643115
vn -0.111162 -0.466105 -0.877718
vn 0.510545 -0.559203 -0.653174
vn 0.0726648 -0.600394 -0.796396
vn 0.64924 -0.669405 -0.361087
vn 0.657892 -0.64372 -0.3909
vn 0.230338 -0.535755 -0.812349
vn 0.308711 -0.808976 -0.500255
vn 0.521702 -0.499443 -0.691652
vn 0.777691 -0.512788 -0.363655
vn 0.513316 -0.0068181 -0.858173
vn 0.412227 -0.00281268 -0.911077
vn 0.166769 -0.128692 -0.977562
vn 0.509352 -0.039558 -0.859649
vn 0.529312 -0.0346344 -0.84772
vn 0.348176 -0.00743747 -0.9374
vn 0.525838 -0.833675 -0.168762
vn 0.0788039 -0.390677 -0.917149
vn -0.274058 -0.0955638 -0.956953
vn 0.32714 -0.0295729 -0.944513
vn 0.51927 -0.258713 -0.81451
vn 0.575557 -0.294186 -0.763013
vn 0.64718 -0.299773 -0.700924
vn 0.371479 0.394137 -0.84063
vn 0.518861 0.335597 -0.78623
vn 0.430921 -0.121167 -0.894218
vn 0.584225 0.38106 -0.716571
vn 0.488989 0.361357 -0.793921
vn 0.509492 0.35997 -0.781563
vn 0.413204 0.325743 -0.850385
vn -0.339877 -0.0886181 -0.936286
vn 0.320583 0.371721 -0.871235
vn 0.47475 0.412571 -0.77743
vn 0.508374 0.397364 -0.763975
vn 0.363838 0.310832 -0.878069
vn 0.429735 0.23734 -0.871205
vn 0.400634 0.383295 -0.832212
vn -0.317021 0.0199126 -0.94821
vn -0.902071 0.429895 0.0381748
vn -0.524206 0.797276 0.299264
vn -0.786121 0.536883 0.306219
vn -0.329302 0.710788 0.621563
vn 0.340385 0.662286 -0.667469
vn 0.176819 0.856058 -0.485696
vn 0.191405 0.657874 -0.728399
vn 0.0746414 0.89505 -0.439676
vn 0.0553713 0.997434 -0.0453767
vn 0.0354744 0.824417 -0.56487
vn -0.055074 0.998257 0.0212205
vn -0.399901 0.915682 0.0400811
vn -0.077753 0.965139 -0.249922
vn -0.245472 0.866619 -0.434413
vn -0.066952 0.991192 -0.114264
vn 0.282223 0.959159 -0.0190992
vn -0.326569 0.919683 -0.218027
vn 0.254144 0.9385 0.233727
vn -0.0393162 0.969031 -0.24379
vn -0.0928527 0.995602 -0.0124393
vn -0.211937 0.859154 0.465765
vn 0.0609783 0.942393 0.328902
vn -0.4023 0.853371 0.331531
vn -0.457738 0.88404 0.0946008
vn -0.325758 0.932997 0.152963
vn -0.04447 0.994543 0.0943725
vn -0.0623125 0.976691 0.205408
vn -0.0999974 0.992053 0.0763641
vn -0.264029 0.932708 0.245653
vn -0.394623 0.334749 0.855696
vn -0.248732 0.962101 0.111779
vn -0.0904267 0.991656 0.0918734
vn -0.372842 0.906825 -0.196615
vn -0.038292 0.99274 -0.114018
vn 0.00740914 0.999758 0.0206932
vn 0.0173399 0.992612 -0.120086
vn -0.0656302 0.992299 -0.105045
vn -0.0689369 0.994393 -0.0801882
vn 0.0967254 0.988134 -0.119309
vn 0.3129 0.937933 -0.149587
vn 0.0078722 0.999895 -0.0121479
vn -0.345848 0.921605 -0.176163
vn -0.107141 0.98881 -0.103806
vn 0.0877808 0.956744 0.277374
vn -0.0625433 0.956915 0.283551
vn -0.454097 0.836985 -0.30537
vn -0.218892 0.901114 -0.374272
vn 0.15319 0.928539 -0.338153
vn 0.416874 0.881657 -0.221128
vn -0.22646 0.969526 0.0934582
vn 0.152171 0.91647 0.370037
vn -0.409655 0.900954 -0.143052
vn 0.128041 0.970061 0.206368
vn 0.556212 0.790369 -0.256798
vn 0.309504 0.944386 0.111092
vn -0.345621 0.866173 0.360957
vn 0.462558 0.800641 -0.380807
vn -0.166239 0.586919 -0.792395
vn -0.540184 0.840993 0.0305381
vn -0.318512 0.94117 0.112913
vn -0.153527 0.931209 0.330574
vn -0.199296 0.949827 -0.241061
vn 0.129994 0.956983 -0.259393
vn -0.147123 0.966862 -0.208644
vn 0.0751667 0.811363 0.579689
vn -0.241 0.970037 -0.0307833
vn -0.363515 0.904969 0.221108
vn 0.308041 0.71303 -0.629841
vn -0.593437 0.716679 -0.366338
vn -0.274173 0.946823 -0.16839
vn 0.00773769 0.284201 -0.958734
vn 0.0678012 0.930046 -0.361133
vn 0.189467 0.928424 -0.319578
vn 0.10678 0.601027 -0.792063
vn -0.155989 0.928255 -0.337655
vn 0.517225 0.839383 -0.167074
vn -0.421679 0.408752 -0.809388
vn 0.012602 0.454136 -0.890843
vn -0.101898 0.991961 -0.0750322
vn 0.369927 0.438597 -0.819016
vn 0.399917 0.884135 -0.241602
vn 0.37304 0.846185 -0.380541
vn 0.020652 0.855747 0.516982
vn -0.573045 0.736845 -0.35872
vn 0.44072 0.875559 -0.197896
vn -0.585849 0.682519 -0.436978
vn 0.0636152 0.838938 -0.540496
vn 0.233325 0.695097 -0.68
vn -0.019505 0.30634 0.951722
vn 0.967261 0.0248 -0.252568
vn 0.772817 0.634624 0.00241145
vn -0.547527 -0.139982 -0.824997
vn -0.568102 -0.271475 -0.776892
vn -0.501684 0.305715 -0.809229
vn -0.523701 0.33065 -0.785117
vn -0.830531 0.306744 -0.464894
vn -0.258755 -0.188159 -0.94744
vn -0.910018 -0.414561 0.002553
vn -0.446819 0.106839 -0.888222
vn -0.247864 0.0426542 -0.967856
vn -0.966946 0.238662 0.0897577
vn -0.350178 0.326713 -0.877858
vn -0.0839002 0.136479 -0.987084
vn -0.607409 0.416601 -0.676386
vn -0.805073 0.511216 -0.300859
vn -0.362298 0.335796 -0.869472
vn -0.381117 0.676118 -0.630567
vn -0.308749 0.459998 -0.832511
vn 0.00655995 0.00324732 -0.999973
vn 0.216208 0.37222 -0.902611
vn 0.116099 -0.190879 -0.974724
vn -0.943133 -0.0774807 -0.323261
vn -0.318272 0.941764 0.108555
vn 0.0111233 0.893646 -0.448635
vn -0.348664 0.646641 -0.678446
vn -0.506275 0.861102 -0.0467955
vn -0.554751 0.832007 0.00391672
vn -0.295577 0.7826 -0.547879
vn 0.000754268 0.594485 -0.804106
vn 0.0559372 0.525168 -0.849158
vn 0.327788 0.654348 -0.681457
vn 0.161226 0.922085 -0.351803
vn 0.0649255 0.956331 -0.284984
vn -0.069389 -0.0712905 -0.995039
vn 0.523996 0.837848 -0.153098
vn -0.877388 0.345167 -0.333241
vn -0.195092 0.930668 -0.309511
vn 0.465098 0.493064 -0.735236
vn 0.418347 0.528309 -0.738833
vn 0.584222 0.446761 -0.677561
vn 0.365703 0.418564 -0.831303
vn 0.128324 0.701025 -0.701496
vn 0.400161 0.604645 -0.688677
vn 0.274407 0.732033 -0.623562
vn -0.215033 0.876992 -0.429705
vn -0.0383112 0.492909 -0.869237
vn 0.234122 0.590985 -0.771961
vn 0.0407651 0.983838 0.17436
vn 0.393813 0.917821 0.0501547
vn 0.443645 0.38784 -0.807935
vn 0.199256 -0.285065 -0.937569
vn 0.635435 -0.156116 -0.756208
vn 0.427857 0.302885 -0.851586
vn 0.102469 0.598567 -0.794492
vn 0.28291 0.921189 0.267157
vn 0.407567 0.827119 0.386992
vn -0.0770933 0.486419 -0.870318
vn 0.155195 0.692574 -0.704455
vn 0.746715 0.563569 0.35328
vn 0.70168 0.518233 0.488958
vn -0.163947 0.986046 -0.028877
vn 0.0582305 0.117529 -0.991361
vn 0.165771 0.864053 -0.475323
vn -0.148582 0.947331 -0.283703
vn -0.316519 0.713774 -0.624774
vn -0.247171 0.918316 -0.309198
vn -0.629871 0.767079 -0.121872
vn -0.407614 0.909412 -0.0825868
vn -0.473195 0.686649 -0.551906
vn -0.376096 0.728607 -0.572437
vn -0.238694 0.971044 -0.00989299
vn -0.312449 0.940541 -0.133264
vn -0.501086 0.73196 -0.461679
vn -0.394987 0.674644 -0.623571
vn -0.401598 0.915782 0.00784307
vn -0.441354 0.897322 0.00442362
vn -0.338828 0.910548 -0.236852
vn -0.363515 0.904969 0.221108
vn -0.209789 0.695519 -0.687198
vn 0.738981 0.397698 0.543823
vn 0.392471 0.801326 0.45149
vn 0.46147 0.734444 0.497632
vn 0.636663 0.275337 0.720312
vn 0.828673 0.535719 0.162193
vn 0.60738 0.275369 0.745158
vn 0.953207 0.105366 0.283363
vn 0.935272 0.349125 -0.0581246
vn 0.891263 0.45337 0.0102644
vn 0.711085 0.352981 0.608081
vn 0.878999 0.209201 0.42848
vn 0.410163 0.252677 0.876311
vn 0.660314 0.231832 0.71431
vn 0.563997 0.0222066 0.825478
vn 0.905905 -0.202728 0.371803
vn 0.654604 0.530962 0.538119
vn 0.850206 0.397331 0.345367
vn 0.94047 0.185045 0.285087
vn 0.302731 0.952026 0.0447231
vn 0.268657 0.761463 0.589913
vn 0.398102 0.917336 0.00298303
vn 0.372806 0.586777 0.718824
vn 0.421433 0.338909 0.841151
vn -0.0721663 0.695136 0.715247
vn 0.0910842 0.995609 0.021589
vn -0.419605 0.456319 0.784668
vn -0.419257 0.907171 0.0355601
vn 0.708338 0.683026 0.178135
vn 0.763707 -0.343119 0.546828
vn 0.648512 -0.304522 0.697637
vn 0.695286 0.0111072 0.718647
vn 0.736931 -0.378275 0.560215
vn 0.868064 -0.490234 0.0783302
vn 0.8981 -0.377669 0.225349
vn 0.590421 -0.805806 -0.0455992
vn 0.978261 -0.200464 0.0531028
vn 0.551781 -0.0944744 0.828621
vn 0.136535 -0.0543055 0.989146
vn 0.00946625 0.397824 0.917413
vn -0.189861 0.13365 0.972672
vn 0.283514 0.269843 0.92022
vn 0.0810583 -0.523631 0.84808
vn -0.9431 -0.287387 0.167248
vn -0.469507 -0.352903 0.809335
vn -0.426445 -0.870473 0.245809
vn -0.019505 0.30634 0.951722
vn -0.542422 0.825031 0.158439
vn -0.887719 0.228519 -0.399667
vn 0.020288 0.855995 0.516586
vn -0.369692 0.792745 -0.484647
vn -0.182111 0.966535 0.180683
vn -0.169693 -0.670336 -0.722395
vn -0.339999 -0.664343 -0.665619
vn 0.107744 -0.784793 -0.61032
vn -0.968777 0.193353 0.155198
vn -0.143981 0.554703 -0.819496
vn -0.29469 0.818084 0.493859
vn -0.867353 0.00163033 -0.497691
vn 0.205817 -0.261382 -0.943037
vn 0.52171 -0.852347 -0.0363938
vn 0.30411 0.781346 -0.544992
vn 0.492226 -0.450531 -0.744806
vn 0.913633 -0.0755246 -0.399462
vn 0.408626 0.495936 -0.766207
vn 0.383327 -0.401484 -0.831788
vn 0.149446 0.127358 -0.980533
vn -0.511691 -0.147467 -0.846419
vn 0.243851 0.269005 -0.931758
vn 0.153831 0.987832 0.0228894
vn -0.112282 0.992044 -0.0569274
vn -0.0349913 0.863388 -0.503326
vn 0.427271 0.901475 -0.0691602
vn 0.328486 0.781852 -0.52991
vn 0.317785 -0.27645 -0.906967
vn 0.444365 0.619785 -0.646843
vn 0.355554 0.811714 -0.46336
vn 0.685431 -0.0182464 -0.727909
vn -0.295376 0.281273 0.913038
vn -0.382719 -0.159422 0.910006
vn -0.426998 -0.371768 0.824294
vn -0.331895 0.82983 0.448584
vn -0.318272 0.941764 0.108555
vn 0.0462987 0.916347 -0.3977
vn -0.390097 0.914205 -0.109786
vn 0.516505 -0.596735 -0.614109
vn 0.0769015 -0.364063 -0.928194
vn 0.335283 -0.613948 -0.7146
vn 0.0384133 -0.936604 -0.348278
vn 0.000815969 -0.999954 -0.00950774
vn 0.0550895 -0.981245 -0.184724
vn -0.0641667 -0.89433 -0.442782
vn 0.76686 -0.462676 -0.444811
vn 0.0132518 -0.394123 -0.918962
vn -0.782238 -0.464728 -0.414887
vn -0.636989 -0.303258 -0.708717
vn 0.669573 -0.68549 -0.285962
vn 0.335283 -0.613948 -0.7146
vn 0.844171 -0.363642 -0.393877
vn 0.263199 0.609992 0.74742
vn 0.019835 0.586241 0.809894
vn 0.322109 0.458439 0.828299
vn 0.52171 -0.852347 -0.0363938
vn 0.922477 -0.107668 -0.370735
vn 0.30411 0.781346 -0.544992
vn 0.433266 -0.441013 -0.785995
vn 0.373096 -0.0687405 -0.925243
vn 0.375979 -0.648479 -0.661903
vn -0.33011 0.942453 0.0530005
vn -0.0399574 0.715231 0.697745
vn -0.423613 0.74861 0.510034
vn 0.442842 -0.333667 0.8322
vn 0.466686 -0.704478 0.534711
vn -0.137141 -0.977596 0.159679
vn -0.535758 0.655741 0.531947
vn -0.518664 0.665226 0.537087
vn -0.502772 0.710452 0.492421
vn -0.803108 0.319504 0.502927
vn -0.659146 0.375104 0.651785
vn -0.554751 0.832007 0.00391672
vn -0.318272 0.941764 0.108555
vn -0.173662 -0.782707 -0.597672
vn 0.00655764 -0.92622 -0.376926
vn -0.15588 -0.72966 -0.665806
vn 0.0676848 -0.706517 -0.704452
vn 0.0968653 -0.707999 -0.699539
vn -0.241064 -0.884766 -0.398845
vn -0.0898783 -0.991244 -0.0967305
vn -0.376376 -0.91664 -0.134579
vn -0.456363 -0.877036 0.150134
vn -0.688522 -0.657144 0.306755
vn -0.016949 -0.92263 -0.385314
vn 0.333596 -0.857744 -0.391139
vn -0.488138 -0.817237 -0.306341
vn -0.266385 -0.960386 -0.0818363
vn -0.594949 -0.799848 0.0792368
vn -0.504016 -0.784637 -0.360989
vn -0.425837 -0.861192 0.277511
vn -0.271258 -0.909688 -0.314463
vn -0.629588 -0.748343 0.208809
vn -0.188585 -0.981532 -0.0321104
vn -0.365064 -0.908076 0.205248
vn -0.0169336 -0.99959 0.0231063
vn -0.211121 -0.87088 0.443842
vn -0.471128 -0.714089 0.517799
vn -0.207953 -0.962405 0.174736
vn -0.0162914 -0.999649 -0.020915
vn -0.545871 -0.618337 0.565405
vn -0.102674 -0.976633 -0.188802
vn -0.428435 -0.900174 -0.0782944
vn -0.634304 -0.63311 0.443656
vn 0.00369723 -0.995717 -0.0923748
vn 0.00553724 -0.998353 -0.05711
vn 0.232426 -0.914041 -0.332427
vn 0.148641 -0.568757 -0.808963
vn -0.501518 -0.860337 -0.0910983
vn -0.625233 -0.719145 0.303174
vn -0.207465 -0.97801 0.0213486
vn -0.345641 -0.891799 0.291936
vn -0.0543136 -0.988604 0.140399
vn -0.34631 -0.780611 0.520304
vn -0.0239162 -0.999026 -0.0370912
vn -0.00205784 -0.999667 0.0257152
vn -0.00758927 -0.999408 -0.0335417
vn 0.00788058 -0.995412 -0.0953598
vn 0.0500727 -0.979246 -0.196391
vn 0.11556 -0.877588 -0.465279
vn -0.129353 -0.91076 -0.392153
vn 0.106111 -0.976769 -0.186178
vn -0.156991 -0.970251 0.184301
vn -0.423529 -0.905391 0.0298556
vn 0.0261958 -0.984725 -0.172135
vn -0.569312 -0.815463 0.104418
vn -0.242062 -0.764488 -0.597464
vn -0.00428757 -0.999856 -0.0164173
vn -0.774794 -0.526606 0.349829
vn -0.846865 -0.513676 -0.137678
vn -0.418586 -0.790998 0.446216
vn -0.603597 -0.384187 0.69862
vn -0.916456 0.228051 0.328789
vn -0.169634 -0.89422 -0.414241
vn -0.250416 -0.945723 -0.207123
vn -0.063267 -0.995972 -0.0635304
vn -0.521285 -0.808239 0.273883
vn -0.156806 -0.907368 0.389993
vn -0.153955 -0.944972 -0.288663
vn -0.517445 -0.850398 -0.0952596
vn -0.325474 -0.945256 0.0236259
vn -0.313024 -0.828842 0.46372
vn -0.396712 -0.891316 0.219487
vn -0.180471 -0.877016 -0.445278
vn 0.0127141 -0.997383 -0.0711689
vn -0.0455228 -0.99853 -0.0294246
vn -0.223807 -0.949342 0.220592
vn 0.293205 -0.83339 -0.4685
vn -0.443094 -0.752715 -0.486916
vn 0.0297062 -0.955909 -0.292158
vn -0.515732 -0.724265 0.45767
vn -0.00763225 -0.999971 -9.12887e-05
vn -0.155322 -0.922368 -0.353712
vn 0.0968653 -0.707999 -0.699539
vn 0.0297062 -0.955909 -0.292158
vn -0.155322 -0.922368 -0.353712
vn -0.102674 -0.976633 -0.188802
vn -0.438458 -0.828686 -0.347899
vn -0.428435 -0.900174 -0.0782944
vn -0.501518 -0.860337 -0.0910983
vn -0.180471 -0.877016 -0.445278
vn -0.0455228 -0.99853 -0.0294246
vn -0.443094 -0.752715 -0.486916
vn -0.153955 -0.944972 -0.288663
vn -0.00763225 -0.999971 -9.12887e-05
vn -0.00428757 -0.999856 -0.0164173
vn -0.169634 -0.89422 -0.414241
vn -0.223807 -0.949342 0.220592
vn -0.00763225 -0.999971 -9.12887e-05
vn -0.325474 -0.945256 0.0236259
vn -0.4749 -0.815377 0.331105
vn -0.254786 -0.936766 0.239903
vn -0.515732 -0.724265 0.45767
vn -0.148284 -0.86821 0.473522
vn -0.116862 -0.666294 0.736475
vn -0.603597 -0.384187 0.69862
vn -0.448766 -0.305601 0.839772
vn -0.156991 -0.970251 0.184301
vn -0.418586 -0.790998 0.446216
vn -0.270617 -0.846562 0.458365
vn -0.283123 -0.263227 0.922254
vn -0.480738 -0.470284 0.740083
vn 0.125128 -0.365164 0.922496
vn -0.612583 -0.258363 0.746987
vn -0.269621 -0.146311 0.951787
vn -0.640199 -0.223935 0.734846
vn -0.463535 -0.196995 0.863903
vn -0.687466 -0.238863 0.685809
vn -0.632111 -0.51005 0.58334
vn -0.0702906 0.039692 0.996737
vn 0.0670398 -0.57051 0.81855
vn -0.0117019 -0.500448 0.865688
vn -0.105889 -0.487755 0.866535
vn -0.82394 -0.343367 0.450802
vn -0.0244133 -0.0638001 0.997664
vn -0.271937 -0.230853 0.934215
vn -0.711526 -0.189455 0.676637
vn -0.648105 -0.204126 0.733684
vn -0.94762 -0.0839342 0.308175
vn -0.790502 -0.169234 0.588614
vn -0.934153 0.314546 0.168578
vn -0.852436 -0.0088576 0.522757
vn -0.742293 -0.255332 0.619521
vn -0.616747 -0.326347 0.716324
vn -0.0988948 -0.375534 0.921517
vn -0.764295 -0.505901 0.399898
vn -0.331337 -0.396857 0.855991
vn -0.810908 -0.375931 0.448447
vn -0.568139 -0.6197 0.54147
vn -0.405668 -0.00629353 0.913999
vn -0.0357673 0.029794 0.998916
vn 0.0252305 -0.287177 0.957545
vn 0.365269 -0.589103 0.720789
vn 0.338955 0.0102293 0.940747
vn 0.00745785 0.270865 0.962588
vn 0.0990456 -0.543656 0.833444
vn 0.0427486 -0.602697 0.796825
vn -0.648135 -0.300302 0.699814
vn -0.904527 -0.360384 0.227935
vn -0.943133 -0.0774807 -0.323261
vn -0.427092 0.100827 0.898569
vn -0.499288 -0.724872 0.474628
vn -0.289156 -0.0424876 0.956339
vn -0.534196 -0.105225 0.838786
vn 0.302018 -0.0179943 0.953132
vn -0.85043 -0.201946 0.485785
vn -0.680693 -0.28697 0.674022
vn -0.788846 -0.442392 0.426627
vn -0.597448 -0.517111 0.612905
vn -0.795729 -0.46894 0.38329
vn -0.479293 -0.833163 0.275892
vn -0.815517 0.00329637 0.578724
vn -0.19375 -0.830497 0.52224
vn -0.173925 -0.713245 0.678993
vn -0.410873 -0.364685 0.835577
vn -0.297219 -0.596384 0.745646
vn -0.438474 -0.570037 0.694837
vn -0.322609 -0.772242 0.547327
vn -0.351001 -0.695812 0.626613
vn -0.300562 -0.342724 0.890058
vn -0.510112 -0.712087 0.482409
vn -0.035816 -0.539381 0.841299
vn -0.711083 -0.599392 0.367545
vn -0.136802 -0.739763 0.658815
vn -0.0679955 -0.0666319 0.995458
vn -0.231694 -0.710233 0.664746
vn 0.0308974 -0.673133 0.738876
vn -0.368707 -0.531784 0.762405
vn -0.659003 -0.193201 0.726903
vn 0.183722 -0.846802 0.499172
vn -0.535853 0.0546349 0.842542
vn -0.799707 -0.525864 0.289715
vn -0.640687 0.0265489 0.767343
vn -0.517402 -0.514755 0.68361
vn -0.820117 0.00301766 0.572188
vn -0.806154 -0.421844 0.414927
vn -0.740967 -0.0395953 0.670373
vn -0.912764 -0.00198089 0.408482
vn -0.858717 -0.0684828 0.507853
vn -0.725834 -0.261056 0.636407
vn -0.611684 -0.206692 0.763624
vn -0.733057 -0.309469 0.605687
vn -0.860964 0.0336669 0.50755
vn -0.721552 -0.633022 -0.280438
vn -0.808351 0.0272302 0.588071
vn -0.818268 -0.352554 0.454029
vn -0.446297 -0.36224 0.818292
vn -0.838602 0.249845 0.48407
vn -0.772178 -0.265366 0.577341
vn -0.658992 -0.194979 0.726438
vn -0.818076 -0.544253 0.185851
vn -0.624613 -0.345616 0.700291
vn -0.354838 -0.149569 0.922886
vn -0.517996 -0.399808 0.756197
vn -0.382804 -0.507478 0.771963
vn -0.496188 -0.447126 0.744229
vn -0.231398 -0.405511 0.884317
vn -0.227286 -0.59498 0.770934
vn -0.419071 -0.304428 0.855396
vn -0.47868 -0.378534 0.792198
vn -0.101903 -0.665698 0.73923
vn -0.0950886 -0.542008 0.834977
vn 0.107622 -0.436016 0.89348
vn 0.181482 -0.679264 0.711101
vn -0.101805 -0.418496 0.902495
vn 0.156994 -0.608337 0.777997
vn 0.176462 -0.613758 0.769521
vn -0.266919 -0.451168 0.851588
vn -0.112252 0.000355764 0.99368
vn -0.618091 0.0202273 0.785846
vn -0.361579 -0.130108 0.923218
vn -0.447571 -0.241059 0.861145
vn -0.428446 -0.196419 0.88196
vn -0.420291 -0.421192 0.803712
vn -0.634609 -0.382452 0.671567
vn -0.616812 -0.412994 0.670059
vn -0.601208 -0.390713 0.69706
vn -0.490144 -0.423184 0.76202
vn -0.53963 -0.490927 0.683952
vn -0.408692 -0.379337 0.830105
vn -0.424689 -0.777372 0.464039
vn -0.442058 -0.807619 0.390302
vn -0.448701 -0.513437 0.731471
vn -0.624484 -0.405181 0.667719
vn -0.521974 -0.422056 0.741223
vn -0.593205 -0.758004 0.27118
vn -0.587915 -0.722239 0.364316
vn -0.055137 -0.0939052 0.994053
vn -0.649661 -0.219752 0.72777
vn 0.0749069 -0.414795 0.906826
vn 0.185514 -0.235473 0.954011
vn -0.34457 -0.92947 0.131745
vn -0.845468 -0.484335 0.224952
vn -0.216796 -0.618635 0.755176
vn -0.40476 -0.835027 0.372692
vn -0.223084 -0.67452 0.703744
vn -0.133102 -0.282197 0.950078
vn -0.071087 -0.137783 0.987908
vn -0.575283 -0.760138 0.302059
vn -0.66177 -0.264471 0.701509
vn -0.621645 -0.563532 0.544049
vn -0.042417 -0.398869 0.916026
vn -0.315506 -0.134802 0.9393
vn -0.45028 -0.195415 0.871241
vn -0.520677 -0.543072 0.658762
vn -0.294337 -0.273872 0.91562
vn -0.118224 -0.031678 0.992482
vn -0.243693 -0.388285 0.888734
vn 0.373049 -0.0537452 0.926254
vn 0.353514 0.296176 0.887304
vn 0.414138 -0.446362 0.793253
vn -0.0473797 0.165303 0.985104
vn -0.899154 -0.0795097 0.430349
vn -0.0401525 -0.39355 0.918426
vn -0.514673 -0.290205 0.806779
vn -0.336763 -0.401201 0.851838
vn -0.704986 -0.671621 0.22786
vn -0.547634 -0.824807 0.140678
vn -0.419238 0.141994 0.896703
vn -0.115955 -0.0430908 0.992319
vn -0.11513 -0.000721179 0.99335
vn 0.0534541 0.11443 0.991992
vn -0.137419 -0.0139388 0.990415
vn -0.308455 -0.0263233 0.950875
vn -0.0494551 0.0680677 0.996454
vn -0.0415456 -0.116363 0.992337
vn -0.247003 -0.251101 0.935915
vn 0.0932278 0.00468297 0.995634
vn -0.385665 0.220839 0.895819
vn -0.034895 -0.509141 0.859975
vn -0.221153 -0.376077 0.89981
vn -0.274291 -0.862864 0.424534
vn -0.416353 -0.565077 0.712277
vn -0.492768 -0.470494 0.731994
vn -0.59208 -0.460932 0.661047
vn -0.299437 -0.461855 0.834882
vn -0.542126 -0.507677 0.6696
vn -0.518862 -0.467083 0.715972
vn -0.57004 -0.685855 0.45239
vn -0.64693 -0.611471 0.455615
vn -0.658231 -0.677479 0.328259
vn -0.597115 -0.775009 0.206918
vn -0.259235 -0.872018 0.41519
vn -0.33841 -0.575541 0.744467
vn 0.00622303 -0.756888 0.653515
vn -0.351331 -0.599739 0.718943
vn 0.011494 -0.740171 0.67232
vn -0.915374 -0.0481195 0.399719
vn -0.664104 0.101247 0.740753
vn -0.292022 -0.0133563 0.956318
vn 0.0120802 -0.570266 0.821371
vn 0.0554083 0.0144275 0.99836
vn -0.527456 -0.686034 0.501146
vn -0.519838 -0.322535 0.791037
vn 0.108992 -0.422757 0.899665
vn -0.243684 -0.342993 0.907179
vn -0.845958 -0.466856 0.257683
vn -0.668796 -0.301998 0.679345
vn -0.668668 -0.20215 0.715555
vn -0.694585 -0.482173 0.533911
vn -0.193354 -0.79527 0.574596
vn -0.342556 -0.618374 0.707297
vn -0.100859 -0.644028 0.758324
vn -0.156806 -0.907368 0.389993
vn -0.313024 -0.828842 0.46372
vn -0.396712 -0.891316 0.219487
vn -0.0594218 -0.912503 0.404731
vn -0.541402 -0.721068 0.432372
vn -0.801392 -0.525136 0.286362
vn -0.323369 -0.484359 0.812914
vn -0.521285 -0.808239 0.273883
vn -0.273573 -0.41395 0.868218
vn -0.0195125 -0.400803 0.915956
vn -0.34509 -0.87854 0.330274
vn -0.0210964 -0.921151 0.388633
vn -0.792714 -0.487496 0.365994
vn -0.523887 -0.76321 0.378222
vn -0.880777 -0.429608 0.19917
vn -0.856016 -0.39638 0.331843
vn 0.0183345 -0.409765 0.912007
vn -0.254076 0.309034 0.916484
vn -0.720615 -0.0152769 0.693168
vn -0.17906 -0.360075 0.915578
vn -0.342477 -0.936785 -0.0717195
vn -0.628215 -0.49308 0.601846
vn -0.605954 -0.480579 0.633927
vn -0.609024 -0.532433 0.587882
vn -0.506904 -0.507772 0.696575
vn -0.634441 -0.177145 0.752399
vn -0.397149 -0.528491 0.750313
vn -0.465582 -0.143341 0.87332
vn -0.422565 0.18092 0.888092
vn -0.159503 0.0166715 0.987057
vn -0.418704 0.542554 0.728232
vn -0.578247 0.319264 0.750801
vn -0.22577 0.47796 0.848871
vn -0.0333099 0.389484 0.920431
vn -0.0219103 -0.0935328 0.995375
vn -0.011874 0.373835 0.927419
vn 0.00591688 -0.0864997 0.996234
vn -0.168137 0.424324 0.889763
vn -0.158929 0.13539 0.977963
vn -0.0420833 -0.443432 0.895319
vn -0.39133 -0.376641 0.839644
vn -0.444819 0.272718 0.853089
vn -0.416765 0.351068 0.838486
vn -0.433021 0.599272 0.673325
vn 0.0250208 -0.47489 0.879689
vn -0.345385 0.570876 0.744856
vn -0.331686 0.87446 0.353983
vn -0.163841 -0.384087 0.908643
vn -0.77127 -0.210213 0.600794
vn -0.485946 -0.849451 0.205645
vn -0.439532 0.00375096 0.898219
vn -0.780388 -0.288104 0.554969
vn -0.679405 -0.455625 0.575165
vn -0.515732 -0.724265 0.45767
vn -0.450928 -0.7263 0.5188
vn -0.34631 -0.780611 0.520304
vn -0.148284 -0.86821 0.473522
vn -0.449811 -0.693113 0.563262
vn -0.453223 -0.32268 0.830943
vn -0.562959 -0.355443 0.746148
vn -0.259167 -0.668934 0.696677
vn -0.388034 -0.741487 0.547381
vn -0.429824 -0.423006 0.797695
vn -0.529127 -0.34897 0.773463
vn -0.818979 -0.281047 0.500286
vn -0.871819 -0.376139 0.313769
vn -0.69073 -0.411282 0.59476
vn -0.840055 -0.356319 0.409077
vn -0.857507 -0.345758 0.380965
vn -0.881935 -0.328317 0.338228
vn -0.634304 -0.63311 0.443656
vn -0.625233 -0.719145 0.303174
vn -0.345641 -0.891799 0.291936
vn -0.653188 -0.464582 0.597921
vn -0.545871 -0.618337 0.565405
vn -0.207953 -0.962405 0.174736
vn -0.634716 -0.439345 0.635698
vn -0.498865 -0.438229 0.747723
vn -0.211121 -0.87088 0.443842
vn -0.298719 -0.415388 0.859197
vn -0.471128 -0.714089 0.517799
vn -0.441764 -0.492972 0.749549
vn -0.695717 -0.509073 0.506777
vn -0.855221 0.159897 0.492981
vn -0.847243 -0.455222 0.273773
vn -0.820478 -0.463437 0.334726
vn -0.764499 -0.570985 0.299194
vn -0.629588 -0.748343 0.208809
vn -0.688522 -0.657144 0.306755
vn -0.815799 -0.353166 0.45798
vn -0.755831 -0.509933 0.410717
vn -0.456363 -0.877036 0.150134
vn -0.601599 -0.554935 0.574565
vn -0.739055 -0.559319 0.375446
vn -0.594949 -0.799848 0.0792368
vn -0.709208 -0.661378 0.244137
vn -0.695661 -0.601274 0.393098
vn -0.425837 -0.861192 0.277511
vn -0.648941 -0.236397 0.723182
vn -0.593353 -0.313207 0.741508
vn -0.364192 0.134448 0.921568
vn -0.406268 -0.00484904 0.913741
vn -0.889461 0.0221024 0.456476
vn -0.82054 0.307482 0.481839
vn -0.386868 0.357751 0.84991
vn -0.198848 0.327509 0.923687
vn -0.475152 0.317492 0.820628
vn -0.888825 0.0960088 0.448077
vn -0.835375 0.0287627 0.548927
vn -0.537209 0.286908 0.793152
vn -0.552159 -0.330331 0.765508
vn -0.615169 0.0792431 0.784402
vn -0.820524 -0.260862 0.508618
vn -0.293585 -0.859629 0.418146
vn -0.36636 -0.853645 0.370231
vn -0.838398 -0.245612 0.486584
vn -0.437685 -0.613089 0.657688
vn -0.110402 -0.948551 0.296752
vn -0.0880374 -0.886614 0.454054
vn -0.432394 -0.516644 0.738996
vn -0.114325 -0.467793 0.876413
vn 0.020808 -0.879776 0.474933
vn 0.0269476 -0.464744 0.885035
vn -0.24424 -0.877889 0.411895
vn -0.223794 -0.428861 0.875211
vn -0.0370196 0.0230906 0.999048
vn -0.206402 0.234085 0.950054
vn -0.240227 0.24593 0.939047
vn -0.0609152 -0.422721 0.90421
vn -0.412917 -0.238648 0.878947
vn -0.443926 -0.123262 0.887545
vn -0.494413 -0.559298 0.665388
vn -0.363899 -0.270376 0.891333
vn -0.462587 0.378741 0.801604
vn -0.381503 0.386906 0.839499
vn -0.136775 0.395941 0.908033
vn -0.200877 -0.0676766 0.977276
vn -0.211113 0.401205 0.891328
vn -0.563177 -0.387059 0.73008
vn -0.806572 -0.110983 0.580624
vn -0.426025 0.00256883 0.904708
vn -0.25311 -0.0566426 0.965778
vn -0.365064 -0.908076 0.205248
vn -0.295248 0.21273 0.931437
vn -0.347373 0.285557 0.89319
vn -0.489952 0.331203 0.806382
vn -0.515075 0.423829 0.745028
vn -0.85502 0.258121 0.449793
vn -0.831175 -0.37523 0.410306
vn -0.406822 0.16279 0.898886
vn -0.582054 0.362387 0.727934
vn -0.359085 0.436979 0.824686
vn -0.522765 0.407194 0.748939
vn -0.697912 0.0847789 0.711148
vn -0.738206 -0.0158971 0.674388
vn -0.354095 -0.395272 0.847571
vn 0.019835 0.586241 0.809894
vn -0.353273 -0.206675 0.912405
vn -0.162295 -0.697992 0.697473
vn -0.385358 -0.863431 0.325557
vn -0.724152 -0.515537 0.458068
vn -0.366931 -0.40021 0.839758
vn -0.838194 -0.285472 0.46469
vn -0.325248 -0.820386 0.470298
vn 0.0820071 -0.0823167 0.993226
vn -0.779816 0.389169 0.490341
vn -0.308453 0.569593 0.761853
vn -0.662778 -0.413776 0.624112
vn 0.130029 0.0333213 0.99095
vn -0.582431 -0.758932 0.291198
vn -0.653825 -0.280599 0.702692
vn 0.191047 0.298126 0.935212
vn -0.762432 -0.20516 0.613683
vn -0.784801 -0.400326 0.473102
vn -0.611404 -0.512409 0.603011
vn -0.527214 -0.259727 0.809066
vn -0.612925 -0.159205 0.773935
vn -0.632437 0.32917 0.701192
vn -0.425442 -0.0522616 0.903476
vn -0.623148 0.335888 0.706304
vn -0.795953 -0.361597 0.485496
vn -0.606055 0.330235 0.723631
vn -0.593271 -0.697742 0.401479
vn -0.794751 -0.333981 0.506781
vn -0.850945 -0.48336 0.205559
vn -0.480738 -0.470284 0.740083
vn -0.659003 -0.193201 0.726903
vn -0.794751 -0.333981 0.506781
vn -0.410873 -0.364685 0.835577
vn -0.438474 -0.570037 0.694837
vn -0.662778 -0.413776 0.624112
vn -0.648135 -0.300302 0.699814
vn -0.668668 -0.20215 0.715555
vn -0.042417 -0.398869 0.916026
vn -0.300562 -0.342724 0.890058
vn -0.0244133 -0.0638001 0.997664
vn -0.0679955 -0.0666319 0.995458
vn -0.17906 -0.360075 0.915578
vn -0.653825 -0.280599 0.702692
vn -0.17906 -0.360075 0.915578
vn -0.597448 -0.517111 0.612905
vn 0.130029 0.0333213 0.99095
vn -0.0702906 0.039692 0.996737
vn 0.191047 0.298126 0.935212
vn 0.130029 0.0333213 0.99095
vn 0.302018 -0.0179943 0.953132
vn 0.0120802 -0.570266 0.821371
vn 0.0554083 0.0144275 0.99836
vn -0.368707 -0.531784 0.762405
vn -0.845958 -0.466856 0.257683
vn -0.385358 -0.863431 0.325557
vn -0.519838 -0.322535 0.791037
vn -0.611404 -0.512409 0.603011
vn -0.818268 -0.352554 0.454029
vn -0.605954 -0.480579 0.633927
vn -0.772178 -0.265366 0.577341
vn -0.795953 -0.361597 0.485496
vn -0.593271 -0.697742 0.401479
vn -0.467924 -0.304847 0.829527
vn -0.612925 -0.159205 0.773935
vn -0.425442 -0.0522616 0.903476
vn -0.419071 -0.304428 0.855396
vn -0.446297 -0.36224 0.818292
vn -0.668796 -0.301998 0.679345
vn -0.624484 -0.405181 0.667719
vn -0.806154 -0.421844 0.414927
vn -0.490144 -0.423184 0.76202
vn -0.899154 -0.0795097 0.430349
vn -0.521974 -0.422056 0.741223
vn -0.274291 -0.862864 0.424534
vn -0.66177 -0.264471 0.701509
vn -0.899154 -0.0795097 0.430349
vn -0.353273 -0.206675 0.912405
vn -0.915374 -0.0481195 0.399719
vn -0.912764 -0.00198089 0.408482
vn -0.77127 -0.210213 0.600794
vn -0.606055 0.330235 0.723631
vn -0.578247 0.319264 0.750801
vn -0.762432 -0.20516 0.613683
vn -0.216796 -0.618635 0.755176
vn -0.243693 -0.388285 0.888734
vn -0.336763 -0.401201 0.851838
vn 0.414138 -0.446362 0.793253
vn 0.195891 -0.396769 0.896772
vn -0.445412 0.270164 0.853592
vn -0.632437 0.32917 0.701192
vn -0.425442 -0.0522616 0.903476
vn -0.133102 -0.282197 0.950078
vn 0.185514 -0.235473 0.954011
vn -0.223084 -0.67452 0.703744
vn -0.0401525 -0.39355 0.918426
vn -0.071087 -0.137783 0.987908
vn -0.794751 -0.333981 0.506781
vn -0.810908 -0.375931 0.448447
vn -0.904527 -0.360384 0.227935
vn -0.39133 -0.376641 0.839644
vn -0.416765 0.351068 0.838486
vn -0.391615 -0.424308 0.816456
vn -0.359889 -0.805269 0.471193
vn 0.136215 -0.779537 0.611365
vn -0.0243082 -0.258817 0.965621
vn 0.121827 -0.543457 0.830549
vn -0.342442 -0.517176 0.784387
vn -0.468946 0.00874249 0.883184
vn -0.407422 0.302051 0.861843
vn -0.330679 -0.421677 0.844298
vn -0.00354074 -0.370653 0.928765
vn -0.123694 0.400122 0.908076
vn -0.318272 0.941764 0.108555
vn -0.317306 0.501376 0.804946
vn -0.331895 0.82983 0.448584
vn -0.535758 0.655741 0.531947
vn -0.438255 0.17879 0.88089
vn -0.502772 0.710452 0.492421
vn -0.294104 0.0960451 0.950935
vn -0.147065 0.281309 0.948281
vn -0.196242 -0.485806 0.851752
vn -0.388334 -0.403847 0.828314
vn -0.518664 0.665226 0.537087
vn -0.390097 0.914205 -0.109786
vn -0.0173195 -0.199015 0.979843
vn -0.803108 0.319504 0.502927
vn -0.0350674 -0.384749 0.922355
vn -0.401447 0.663669 0.631176
vn -0.568457 0.822711 0.00196026
vn -0.398382 0.901516 0.169001
vn -0.403618 0.36255 0.84003
vn -0.43248 0.90133 0.0237986
vn -0.915458 0.400622 0.0379336
vn -0.366356 -0.317434 0.874654
vn -0.952845 -0.286224 0.100805
vn -0.356488 -0.922695 0.1468
vn -0.674533 0.449173 0.585875
vn -0.0243082 -0.258817 0.965621
vn -0.416765 0.351068 0.838486
vn -0.274646 0.423377 0.86332
vn -0.468946 0.00874249 0.883184
vn -0.57004 -0.685855 0.45239
vn -0.527456 -0.686034 0.501146
vn -0.575283 -0.760138 0.302059
vn -0.658231 -0.677479 0.328259
vn -0.597115 -0.775009 0.206918
vn -0.616747 -0.326347 0.716324
vn -0.0988948 -0.375534 0.921517
vn -0.0594218 -0.912503 0.404731
vn -0.162295 -0.697992 0.697473
vn -0.499288 -0.724872 0.474628
vn -0.162295 -0.697992 0.697473
vn -0.221153 -0.376077 0.89981
vn -0.116862 -0.666294 0.736475
vn -0.034895 -0.509141 0.859975
vn -0.148284 -0.86821 0.473522
vn -0.100859 -0.644028 0.758324
vn -0.348274 -0.526541 0.775539
vn -0.313024 -0.828842 0.46372
vn -0.408837 -0.839586 0.357698
vn -0.517445 -0.850398 -0.0952596
vn -0.4749 -0.815377 0.331105
vn -0.325474 -0.945256 0.0236259
vn -0.254786 -0.936766 0.239903
vn -0.243684 -0.342993 0.907179
vn -0.780388 -0.288104 0.554969
vn -0.388034 -0.741487 0.547381
vn -0.259167 -0.668934 0.696677
vn -0.34631 -0.780611 0.520304
vn -0.345641 -0.891799 0.291936
vn -0.354095 -0.395272 0.847571
vn -0.396611 -0.638623 0.65944
vn -0.0195125 -0.400803 0.915956
vn -0.792714 -0.487496 0.365994
vn -0.856016 -0.39638 0.331843
vn -0.801392 -0.525136 0.286362
vn -0.850945 -0.48336 0.205559
vn -0.323369 -0.484359 0.812914
vn -0.831175 -0.37523 0.410306
vn -0.648941 -0.236397 0.723182
vn -0.601599 -0.554935 0.574565
vn -0.835375 0.0287627 0.548927
vn -0.85502 0.258121 0.449793
vn -0.563177 -0.387059 0.73008
vn -0.293585 -0.859629 0.418146
vn -0.425837 -0.861192 0.277511
vn -0.815799 -0.353166 0.45798
vn -0.831175 -0.37523 0.410306
vn -0.755831 -0.509933 0.410717
vn -0.353734 -0.100659 0.929914
vn -0.494413 -0.559298 0.665388
vn -0.838398 -0.245612 0.486584
vn -0.363899 -0.270376 0.891333
vn -0.136775 0.395941 0.908033
vn -0.615169 0.0792431 0.784402
vn -0.114325 -0.467793 0.876413
vn -0.443926 -0.123262 0.887545
vn -0.200877 -0.0676766 0.977276
vn 0.0269476 -0.464744 0.885035
vn -0.0370196 0.0230906 0.999048
vn -0.211113 0.401205 0.891328
vn -0.231694 -0.710233 0.664746
vn -0.0275068 -0.0922796 0.995353
vn -0.136802 -0.739763 0.658815
vn -0.366931 -0.40021 0.839758
vn -0.765164 0.0243819 0.643374
vn -0.517402 -0.514755 0.68361
vn 0.0333288 -0.91707 -0.397331
vn -0.00122333 -0.999051 -0.0435349
vn -0.0602082 -0.921405 -0.383911
vn 0.0194463 -0.914273 -0.404631
vn 0.0414835 -0.995807 -0.0815312
vn 0.148257 -0.91371 -0.378358
vn -0.118548 -0.781142 -0.612996
vn 0.0922831 -0.929325 -0.357547
vn 0.291049 -0.805835 -0.515675
vn 0.287964 -0.912593 -0.29026
vn 0.322505 -0.868633 -0.376122
vn 0.404174 -0.851734 -0.333456
vn 0.115921 -0.982366 -0.146694
vn -0.202028 -0.952694 -0.227064
vn -0.655338 -0.749206 -0.0960328
vn -0.345711 -0.936544 0.0580446
vn 0.0698889 -0.936453 -0.34376
vn -0.313123 -0.90504 -0.287849
vn -0.682512 -0.729517 0.0445255
vn -0.0768038 -0.996936 0.0148104
vn -0.650983 -0.650908 0.390563
vn -0.252544 -0.90369 0.345783
vn 0.0195879 -0.996347 -0.0831235
vn 0.0661838 -0.973854 -0.217318
vn 0.200924 -0.974625 -0.0986729
vn 0.0638605 -0.997884 -0.0121935
vn 0.151636 -0.944067 -0.292819
vn 0.0238343 -0.998737 -0.0442242
vn 0.314655 -0.880291 -0.355076
vn 0.419541 -0.786191 -0.45375
vn -0.209617 -0.937167 0.27889
vn -0.0622244 -0.985767 0.15618
vn 0.128253 -0.990334 -0.0528185
vn -0.298639 -0.888549 -0.348276
vn 0.00473662 -0.999303 -0.0370339
vn 0.0004138 -0.967736 -0.251966
vn 0.359404 -0.849453 -0.38634
vn -0.0410144 -0.904701 0.424067
vn 0.311912 -0.942791 0.11771
vn 0.497509 -0.823301 -0.273241
vn 0.0434293 -0.996997 -0.0641164
vn 0.409879 -0.892968 -0.186031
vn 0.416933 -0.556355 -0.718774
vn 0.00305185 -0.89936 -0.437198
vn 0.179882 -0.93442 -0.307412
vn 0.405827 -0.708503 -0.577345
vn 0.247726 -0.846503 -0.471237
vn -0.292883 -0.902161 0.316741
vn -0.341978 -0.606663 -0.717642
vn -0.124367 -0.819509 -0.559409
vn 0.197693 -0.875885 0.440162
vn 0.0233623 -0.997446 -0.0675018
vn 0.0662294 -0.920172 -0.385873
vn 0.314786 -0.756737 -0.572939
vn -0.45631 -0.180991 -0.87122
vn 0.0217317 -0.410492 -0.911605
vn 0.486624 -0.382395 -0.785475
vn 0.435724 -0.286012 -0.853429
vn 0.492371 -0.574475 -0.653872
vn 0.0082671 -0.564851 -0.825151
vn -0.207218 -0.768144 0.605818
vn -0.0175953 -0.536399 -0.843781
vn 0.42641 -0.862221 -0.273404
vn 0.283861 -0.947985 -0.144039
vn -0.0388291 -0.929964 -0.365594
vn 0.00540938 -0.999759 -0.0212946
vn -0.0374906 -0.999271 0.00716285
vn -0.0317254 -0.999495 -0.00154335
vn -0.149892 -0.974782 0.165325
vn -0.267423 -0.955669 0.123211
vn -0.0205625 -0.998677 -0.0471416
vn -0.467188 -0.793831 0.389316
vn -0.382489 -0.756126 0.531013
vn -0.314665 -0.943093 -0.107527
vn -0.422542 -0.834652 -0.35329
vn -0.182589 -0.894026 0.40912
vn 0.0776175 -0.835109 -0.544581
vn 0.387999 -0.88482 -0.257973
vn -0.516573 -0.814644 0.263641
vn 0.462809 -0.795928 -0.390265
vn 0.347806 -0.800782 -0.487626
vn 0.335241 -0.831039 -0.443834
vn -0.0545594 -0.998407 -0.0143969
vn -0.445509 -0.878168 0.174192
vn 0.00384054 -0.995203 -0.097756
vn 0.0556587 -0.932063 -0.357995
vn -0.00122333 -0.999051 -0.0435349
vn 0.0414835 -0.995807 -0.0815312
vn 0.179882 -0.93442 -0.307412
vn 0.247726 -0.846503 -0.471237
vn 0.0922831 -0.929325 -0.357547
vn 0.00384054 -0.995203 -0.097756
vn 0.148257 -0.91371 -0.378358
vn -0.0768038 -0.996936 0.0148104
vn 0.0333288 -0.91707 -0.397331
vn -0.298639 -0.888549 -0.348276
vn 0.0661838 -0.973854 -0.217318
vn 0.419541 -0.786191 -0.45375
vn 0.322505 -0.868633 -0.376122
vn 0.416933 -0.556355 -0.718774
vn 0.405827 -0.708503 -0.577345
vn 0.387999 -0.88482 -0.257973
vn -0.0205625 -0.998677 -0.0471416
vn 0.00473662 -0.999303 -0.0370339
vn 0.00384054 -0.995203 -0.097756
vn -0.0545594 -0.998407 -0.0143969
vn -0.267423 -0.955669 0.123211
vn -0.445509 -0.878168 0.174192
vn -0.0545594 -0.998407 -0.0143969
vn 0.878364 -0.423775 -0.221114
vn 0.831353 -0.387921 -0.397956
vn 0.754561 -0.644681 -0.122573
vn 0.843445 -0.246871 -0.477132
vn 0.878189 0.0145848 -0.478091
vn 0.860073 -0.484507 -0.159775
vn 0.633056 0.086428 -0.769266
vn 0.865705 -0.410069 -0.287049
vn 0.654376 0.210589 -0.726254
vn 0.839739 -0.170563 -0.515506
vn 0.793207 -0.608952 -0.000856095
vn 0.374762 -0.925662 0.0519865
vn 0.432415 -0.892906 -0.125446
vn 0.363611 -0.893115 0.264826
vn 0.314755 -0.945777 0.0802246
vn 0.0632409 -0.997997 -0.00139592
vn 0.82999 -0.361152 -0.425071
vn 0.798394 -0.390908 -0.457993
vn 0.844282 -0.401424 -0.355031
vn 0.782818 -0.455385 -0.424052
vn 0.809842 -0.482072 -0.334308
vn 0.670298 -0.501533 -0.54696
vn 0.860432 -0.284563 -0.422707
vn 0.746734 0.0551908 -0.662829
vn 0.704121 0.11015 -0.701485
vn 0.72759 0.266418 -0.632167
vn 0.855493 -0.262181 -0.446535
vn 0.698459 -0.487107 -0.524291
vn 0.853461 -0.481859 -0.198535
vn 0.750435 -0.530627 -0.394058
vn 0.519293 -0.637858 -0.568746
vn 0.374604 -0.862646 -0.339873
vn 0.327209 -0.940847 -0.0879841
vn 0.664411 -0.478881 -0.573787
vn 0.663575 -0.467487 -0.584058
vn 0.334973 -0.549303 -0.765545
vn 0.398833 -0.550061 -0.733734
vn 0.16111 -0.229028 -0.959995
vn 0.373061 -0.616434 -0.693423
vn 0.226689 -0.464217 -0.856221
vn 0.433366 -0.136951 -0.890752
vn 0.787525 0.0330003 -0.615398
vn 0.529666 -0.561966 -0.635333
vn 0.903098 -0.109529 -0.415232
vn 0.541836 -0.659233 -0.521369
vn 0.651563 -0.561995 -0.509536
vn 0.172981 -0.887843 -0.426395
vn 0.480578 -0.165548 -0.861185
vn 0.47762 -0.190401 -0.857687
vn 0.757004 -0.021427 -0.653058
vn 0.861001 -0.478502 -0.172372
vn 0.868196 -0.128158 -0.479387
vn 0.47143 -0.851708 -0.228795
vn 0.107771 -0.931777 -0.346666
vn 0.465542 -0.866452 -0.180364
vn 0.839739 -0.170563 -0.515506
vn 0.843445 -0.246871 -0.477132
vn 0.878364 -0.423775 -0.221114
vn 0.860073 -0.484507 -0.159775
vn 0.327209 -0.940847 -0.0879841
vn 0.0632409 -0.997997 -0.00139592
vn 0.47143 -0.851708 -0.228795
vn 0.373061 -0.616434 -0.693423
vn 0.107771 -0.931777 -0.346666
vn 0.519293 -0.637858 -0.568746
vn 0.581524 -0.557851 -0.592143
vn 0.519293 -0.637858 -0.568746
vn 0.809842 -0.482072 -0.334308
vn 0.698459 -0.487107 -0.524291
vn 0.663575 -0.467487 -0.584058
vn 0.334973 -0.549303 -0.765545
vn 0.373061 -0.616434 -0.693423
vn 0.47762 -0.190401 -0.857687
vn 0.875743 -0.159702 -0.455598
vn 0.398833 -0.550061 -0.733734
vn 0.16111 -0.229028 -0.959995
vn 0.787525 0.0330003 -0.615398
vn 0.620365 -0.620081 -0.480257
vn 0.630414 -0.596209 -0.497104
vn 0.916419 -0.376659 -0.135292
vn 0.554067 -0.693311 -0.460792
vn 0.704079 -0.686838 -0.18035
vn 0.559892 -0.650065 -0.513747
vn 0.945134 -0.0942181 0.312801
vn 0.925095 -0.268836 -0.268191
vn 0.705761 -0.697794 -0.122415
vn 0.747023 -0.517645 -0.417134
vn 0.620078 -0.776412 -0.112639
vn 0.932828 -0.127964 -0.336833
vn 0.714891 -0.699062 -0.0155915
vn 0.688074 -0.695275 0.207719
vn 0.320197 -0.944843 -0.0688861
vn 0.65833 -0.739565 -0.140159
vn 0.453339 -0.885235 -0.104126
vn 0.603576 -0.7279 -0.325358
vn 0.104455 -0.966727 -0.233511
vn 0.299837 -0.938276 -0.172439
vn 0.3863 -0.872227 -0.299988
vn 0.0464145 -0.921534 -0.385515
vn 0.434648 -0.887662 -0.152107
vn 0.556609 -0.737997 -0.381506
vn 0.236389 -0.699169 -0.674746
vn 0.868281 -0.323703 -0.375904
vn 0.813699 -0.351376 -0.463065
vn 0.138368 -0.42277 -0.895612
vn 0.310689 -0.763833 -0.565714
vn 0.750059 -0.45446 -0.480497
vn 0.170517 -0.667857 -0.724493
vn 0.0601709 -0.905491 -0.420079
vn 0.561883 -0.69925 -0.441969
vn 0.743851 -0.666039 -0.0554759
vn 0.0962413 -0.995257 -0.0141841
vn 0.959339 -0.208718 -0.190013
vn 0.802968 -0.402777 -0.439333
vn 0.462945 -0.86685 -0.185075
vn 0.269354 -0.949605 -0.160306
vn 0.127865 -0.92251 -0.364178
vn 0.450727 -0.892589 0.0114412
vn 0.183077 -0.973486 0.137145
vn 0.28792 -0.948938 -0.128911
vn 0.256555 -0.765321 0.590307
vn 0.917723 -0.337744 -0.209077
vn 0.785868 -0.351902 -0.508505
vn 0.679473 -0.676942 -0.28296
vn 0.71523 -0.619387 -0.323735
vn 0.792528 -0.317919 -0.52041
vn 0.737107 -0.206772 -0.643365
vn 0.834523 -0.373092 -0.405432
vn 0.526181 -0.813019 -0.249268
vn 0.552419 -0.809223 -0.199979
vn 0.412053 -0.889107 -0.199252
vn 0.616852 -0.786756 -0.0225311
vn 0.679473 -0.676942 -0.28296
vn 0.776624 -0.547425 -0.311739
vn 0.802968 -0.402777 -0.439333
vn 0.959339 -0.208718 -0.190013
vn 0.747023 -0.517645 -0.417134
vn 0.743851 -0.666039 -0.0554759
vn 0.917723 -0.337744 -0.209077
vn 0.285812 -0.953255 -0.0980601
vn 0.0962413 -0.995257 -0.0141841
vn 0.776624 -0.547425 -0.311739
vn 0.285812 -0.953255 -0.0980601
vn 0.743851 -0.666039 -0.0554759
vn 0.759911 -0.534174 -0.370398
vn 0.785868 -0.351902 -0.508505
vn 0.932828 -0.127964 -0.336833
vn 0.71523 -0.619387 -0.323735
vn 0.679473 -0.676942 -0.28296
vn 0.616852 -0.786756 -0.0225311
vn 0.972699 -0.207477 -0.103968
vn 0.885155 0.0896537 -0.456578
vn 0.572542 -0.142748 -0.807353
vn 0.944077 0.069875 -0.322237
vn 0.412053 -0.889107 -0.199252
vn 0.552419 -0.809223 -0.199979
vn 0.526181 -0.813019 -0.249268
vn 0.759126 -0.385522 -0.5245
vn 0.829764 -0.539268 -0.143813
vn -0.531261 -0.0308403 -0.846647
vn -0.919537 -0.0691889 -0.386864
vn -0.429671 0.0736261 -0.899979
vn -0.920016 0.0335576 -0.390442
vn -0.533264 0.0413676 -0.844937
vn -0.598837 0.759541 -0.253953
vn -0.883756 0.359794 0.299205
vn -0.897247 0.0518556 -0.438473
vn -0.320012 0.730496 -0.603298
vn -0.0690038 0.157238 -0.985147
vn -0.999708 0.0220815 0.00985846
vn -0.554918 0.0352815 -0.831157
vn -0.372497 0.257996 -0.891451
vn -0.805817 0.0781073 -0.58699
vn -0.316985 0.537815 -0.781201
vn -0.498089 0.39238 -0.773269
vn -0.463921 -0.0928751 -0.880995
vn 0.350008 0.4964 -0.794406
vn -0.17799 0.63694 -0.750084
vn -0.824974 -0.203459 -0.527278
vn -0.53921 0.0353053 -0.841431
vn -0.395999 -0.155387 -0.905008
vn -0.465681 -0.302996 -0.831465
vn -0.241191 0.00677417 -0.970454
vn -0.474244 0.113907 -0.872994
vn 0.0614875 0.318514 -0.945922
vn -0.605633 -0.42934 -0.669983
vn -0.929128 -0.280605 -0.240795
vn -0.995857 -0.0284759 -0.0863652
vn -0.373542 0.0652594 -0.925315
vn -0.391477 -0.0267853 -0.919798
vn -0.0943229 0.0144195 -0.995437
vn -0.348826 0.169445 -0.921742
vn -0.136982 0.183808 -0.973371
vn -0.344934 0.726574 -0.59423
vn -0.863753 -0.00290013 -0.503907
vn -0.327459 0.802153 -0.499321
vn -0.600883 0.421449 -0.679205
vn -0.801206 0.595081 0.0628197
vn -0.581471 0.813552 0.00494001
vn -0.976587 -0.149122 -0.155049
vn -0.757224 -0.585083 0.290328
vn -0.801687 -0.162379 -0.575266
vn -0.448084 -0.836622 -0.315094
vn -0.0907587 -0.282536 -0.954954
vn -0.0493392 -0.767375 -0.639298
vn -0.712505 -0.218076 -0.666918
vn -0.712505 -0.218076 -0.666918
vn -0.0252222 -0.259982 -0.965284
vn -0.929128 -0.280605 -0.240795
vn -0.533264 0.0413676 -0.844937
vn -0.554918 0.0352815 -0.831157
vn -0.200639 0.752177 -0.627673
vn -0.320012 0.730496 -0.603298
vn -0.544429 0.356088 0.759473
vn -0.73859 0.462558 0.490434
vn -0.449615 0.541059 0.710705
vn -0.164294 0.691824 0.703127
vn -0.166256 0.377329 0.911033
vn -0.53303 -0.314602 0.785433
vn -0.908396 0.0503819 0.415063
vn -0.511244 0.50443 0.69583
vn -0.200536 0.418321 0.885885
vn -0.457081 -0.130949 0.879732
vn -0.0584938 -0.178657 0.982171
vn -0.201091 -0.58087 0.788766
vn 0.0396926 -0.798229 0.601045
vn -0.460362 -0.647792 0.606986
vn -0.545766 -0.314301 -0.776759
vn -0.688626 0.417083 0.593158
vn -0.461569 0.360822 0.810408
vn -0.51692 0.804121 0.293571
vn -0.513662 0.194279 0.835707
vn -0.354968 -0.246261 0.901861
vn -0.450718 -0.290502 0.844075
vn -0.522042 0.242669 0.81767
vn -0.475328 0.237451 0.84716
vn -0.467104 -0.258929 0.845441
vn -0.500022 -0.194927 0.84379
vn -0.75364 0.203241 0.625076
vn -0.260057 -0.457967 0.85008
vn -0.803052 0.0429225 0.594361
vn -0.315621 -0.437938 0.84178
vn -0.565153 -0.0902357 0.820036
vn -0.674735 0.43162 0.598696
vn -0.639672 0.0592126 0.766364
vn -0.504911 0.0671268 0.860557
vn -0.29753 -0.277292 0.913556
vn -0.585285 0.267317 0.765495
vn -0.409645 -0.217918 0.885835
vn -0.460455 -0.385043 0.799827
vn -0.453222 0.272577 0.8487
vn -0.175086 0.317367 0.932
vn -0.118779 0.530777 0.839147
vn -0.570997 0.363995 0.735847
vn -0.496349 -0.196477 0.845597
vn -0.0266182 -0.437573 0.898789
vn -0.248525 -0.386635 0.888115
vn -0.171404 -0.404446 0.898356
vn -0.323244 -0.73234 0.599326
vn -0.260996 0.344096 0.90193
vn -0.591176 0.0288717 0.806025
vn -0.728011 -0.00151423 0.685564
vn -0.364703 -0.861776 0.35261
vn -0.390048 -0.630973 0.670623
vn -0.373385 -0.673895 0.637534
vn -0.5796 0.22803 0.782346
vn -0.850093 -0.164114 0.500408
vn -0.354873 -0.579525 0.733632
vn -0.127649 -0.551849 0.824117
vn -0.790695 0.05772 0.609483
vn -0.36645 -0.342658 0.865043
vn -0.664809 0.198814 0.72007
vn -0.479826 0.364471 0.798077
vn -0.520677 0.372158 0.768371
vn -0.570081 0.189451 0.799447
vn -0.610892 0.358823 0.705731
vn -0.53628 0.321733 0.780315
vn -0.504697 0.333185 0.79641
vn -0.473937 0.706654 0.52538
vn -0.493019 0.682652 0.539369
vn -0.4962 0.739356 0.455125
vn -0.65887 0.659916 0.36111
vn -0.485942 0.814644 0.316569
vn -0.598103 0.66816 0.442533
vn -0.770715 0.276323 0.574146
vn -0.763797 0.339114 0.549196
vn -0.634445 0.493522 0.594908
vn -0.577059 0.311961 0.754774
vn -0.70524 0.427416 0.565643
vn -0.755732 0.328573 0.566488
vn -0.457412 -0.221292 0.86128
vn -0.817831 -0.163453 0.551757
vn -0.158489 -0.326427 0.93184
vn -0.223741 -0.44012 0.869617
vn -0.969893 0.172574 0.171833
vn -0.792085 0.0294244 0.609702
vn -0.799501 0.490732 0.346381
vn -0.648586 0.0799434 0.756932
vn -0.839924 0.528706 -0.122462
vn -0.299298 0.950381 0.0848292
vn -0.485673 0.84885 0.208748
vn -0.919563 0.318576 -0.230028
vn -0.63523 0.00119971 0.772322
vn -0.810492 0.456414 0.367137
vn -0.510409 0.801789 0.310833
vn -0.39025 0.0856921 0.916712
vn -0.419411 0.826678 0.375097
vn -0.432534 0.312165 0.845853
vn -0.523206 -0.159385 0.837169
vn -0.535301 -0.138651 0.833204
vn -0.372469 -0.341094 0.863088
vn -0.221008 -0.526836 0.820731
vn -0.393297 -0.557565 0.731053
vn 0.181008 -0.872376 0.454088
vn -0.671103 0.389628 0.630723
vn -0.373159 -0.209189 0.903876
vn -0.146274 -0.44631 0.882843
vn -0.434044 0.348497 0.830756
vn -0.684711 0.412843 0.600609
vn -0.652025 0.460358 0.60244
vn -0.649119 0.272643 0.710148
vn -0.68079 0.452388 0.576081
vn -0.164604 -0.352688 0.921149
vn -0.0557063 -0.620598 0.782148
vn -0.555876 -0.00105627 0.831265
vn -0.431545 -0.353828 0.829804
vn -0.395861 -0.346415 0.850465
vn -0.541764 -0.0465803 0.839239
vn -0.375845 0.794988 0.476166
vn -0.485352 0.744978 0.457649
vn -0.651736 0.376438 0.658433
vn -0.28102 0.227384 0.932376
vn -0.619319 0.555033 0.555322
vn -0.530796 0.75891 0.377241
vn -0.452989 0.819936 0.350008
vn -0.578534 0.729137 0.365592
vn -0.423232 0.859686 0.286032
vn -0.235767 0.97181 0.000348904
vn -0.670156 0.0584744 0.739913
vn -0.444752 -0.0789736 0.892165
vn -0.95982 0.174195 0.220004
vn -0.561758 -0.350931 0.749183
vn -0.948841 0.0423021 0.312908
vn -0.649119 0.272643 0.710148
vn -0.68079 0.452388 0.576081
vn -0.651736 0.376438 0.658433
vn -0.95982 0.174195 0.220004
vn -0.688626 0.417083 0.593158
vn -0.63934 0.238901 0.73087
vn -0.850093 -0.164114 0.500408
vn -0.73859 0.462558 0.490434
vn -0.790695 0.05772 0.609483
vn -0.28102 0.227384 0.932376
vn -0.619319 0.555033 0.555322
vn -0.479826 0.364471 0.798077
vn -0.51692 0.804121 0.293571
vn -0.530796 0.75891 0.377241
vn -0.619319 0.555033 0.555322
vn -0.684711 0.412843 0.600609
vn -0.671103 0.389628 0.630723
vn -0.419411 0.826678 0.375097
vn -0.375845 0.794988 0.476166
vn -0.652025 0.460358 0.60244
vn -0.510409 0.801789 0.310833
vn -0.810492 0.456414 0.367137
vn -0.395861 -0.346415 0.850465
vn -0.146274 -0.44631 0.882843
vn -0.541764 -0.0465803 0.839239
vn -0.339058 0.440474 0.831278
vn -0.434928 0.334456 0.836048
vn -0.341336 0.514636 0.786537
vn -0.35918 0.427941 0.829371
vn -0.714294 0.34704 0.607739
vn -0.0870491 0.0594898 0.994426
vn -0.250951 0.449403 0.857357
vn -0.234508 0.410263 0.8813
vn -0.396979 0.259213 0.880464
vn -0.29469 0.818084 0.493859
vn -0.968777 0.193353 0.155198
vn -0.360676 0.770035 0.526269
vn -0.353913 0.672888 0.64959
vn 0.0932278 0.00468297 0.995634
vn -0.23049 0.556783 0.79804
vn -0.32083 0.545132 0.774532
vn -0.0151152 0.502789 0.864277
vn 0.00123368 0.475741 0.879585
vn 0.161457 0.608606 0.776872
vn 0.00568889 0.520556 0.853809
vn 0.158987 0.623221 0.765715
vn 0.126104 0.860657 0.493322
vn -0.0373834 0.804158 0.593238
vn -0.0484475 0.652008 0.756662
vn -0.786121 0.536883 0.306219
vn -0.329302 0.710788 0.621563
vn 0.184441 0.476164 0.859796
vn -0.0494551 0.0680677 0.996454
vn 0.0534541 0.11443 0.991992
vn -0.258519 0.531619 0.806566
vn -0.560531 0.792005 0.241938
vn -0.549054 0.796712 0.252567
vn -0.334327 0.113816 0.935559
vn -0.910018 -0.414561 0.002553
vn -0.830531 0.306744 -0.464894
vn -0.966946 0.238662 0.0897577
vn -0.11513 -0.000721179 0.99335
vn 0.0352623 0.908755 0.415838
vn -0.221216 0.705377 0.67343
vn -0.324441 0.502307 0.801515
vn -0.0415456 -0.116363 0.992337
vn -0.143981 0.554703 -0.819496
vn 0.516329 -0.837998 0.176529
vn -0.715039 0.489584 0.499025
vn -0.419238 0.141994 0.896703
vn -0.233477 0.843417 0.483876
vn -0.427176 0.851486 0.304126
vn -0.0870491 0.0594898 0.994426
vn -0.396979 0.259213 0.880464
vn -0.395587 0.379567 0.836325
vn -0.360676 0.770035 0.526269
vn -0.353913 0.672888 0.64959
vn -0.32083 0.545132 0.774532
vn -0.398906 0.382552 0.833384
vn -0.324441 0.502307 0.801515
vn -0.233477 0.843417 0.483876
vn -0.763307 0.588383 0.266773
vn -0.329302 0.710788 0.621563
vn -0.427176 0.851486 0.304126
vn -0.902071 0.429895 0.0381748
vn 0.823516 -0.553005 -0.126518
vn 0.783272 -0.423588 -0.455036
vn 0.867417 -0.490793 -0.0819115
vn 0.88282 -0.37783 -0.279058
vn 0.871818 -0.403447 -0.277785
vn 0.681829 -0.717678 -0.141586
vn 0.770892 -0.621047 0.141514
vn 0.569956 -0.672979 -0.471434
vn 0.852918 -0.476134 -0.21407
vn 0.896995 -0.441666 -0.0182022
vn 0.639657 -0.125597 -0.75833
vn 0.518839 -0.500285 -0.693196
vn 0.771049 -0.0293408 -0.6361
vn 0.631268 -0.404524 -0.661711
vn 0.94232 -0.0210724 -0.334048
vn 0.988637 -0.0633036 -0.136341
vn 0.920226 0.191822 -0.341159
vn 0.997094 -0.0742523 0.0170569
vn 0.909552 0.373071 -0.183121
vn 0.921626 -0.251573 -0.295495
vn 0.957457 0.287539 -0.0244194
vn 0.724842 0.58561 -0.362857
vn 0.999842 -0.0164454 -0.0066876
vn 0.921224 0.385334 0.0535142
vn 0.986482 -0.13436 -0.093817
vn 0.931803 0.361751 -0.0296622
vn 0.918219 0.378868 -0.115469
vn 0.996685 0.0776261 -0.0243473
vn 0.877023 0.426465 -0.221264
vn 0.966575 0.256304 -0.00643868
vn 0.916353 0.398295 0.0407178
vn 0.737009 0.411241 -0.536376
vn 0.789169 0.613886 -0.0188979
vn 0.999803 0.0198432 0.000852305
vn 0.967128 0.00953496 -0.254111
vn 0.998469 0.0394178 0.0387956
vn 0.875196 0.103108 -0.472653
vn 0.962543 -0.179605 -0.203106
vn 0.811482 -0.32012 -0.488897
vn 0.931156 -0.148195 -0.333147
vn 0.900518 -0.172656 -0.399071
vn 0.821611 -0.253725 -0.510469
vn 0.966296 -0.114613 -0.230513
vn 0.865766 -0.489992 -0.101768
vn 0.961222 -0.274838 0.0227128
vn 0.795262 -0.546875 0.2617
vn 0.992909 -0.11672 0.0225224
vn 0.99201 -0.104048 0.071348
vn 0.96814 -0.171534 0.18243
vn 0.777477 -0.503154 0.377314
vn 0.977692 -0.209851 0.00898987
vn 0.918101 -0.34062 0.202655
vn 0.815882 -0.499258 0.291682
vn 0.945892 -0.324185 0.0138419
vn 0.747005 -0.579838 0.325226
vn 0.787584 -0.516386 0.336239
vn 0.880699 -0.42185 0.215435
vn 0.856003 0.380203 -0.350294
vn 0.761232 -0.295901 -0.577034
vn 0.99924 -0.0249613 0.0299451
vn 0.867681 -0.492714 -0.0660452
vn 0.889601 -0.30478 -0.340174
vn 0.963314 -0.0500346 -0.263673
vn 0.84327 0.169174 -0.510172
vn 0.813175 0.157112 -0.560412
vn 0.722072 -0.240698 -0.648596
vn 0.752498 0.0580327 -0.656033
vn 0.753369 0.172104 -0.634677
vn 0.972854 0.0809053 -0.216818
vn 0.931802 0.353803 -0.081051
vn 0.76992 -0.532056 -0.352333
vn 0.595579 -0.731217 0.332577
vn 0.853808 -0.386544 0.348705
vn 0.353006 -0.907022 0.229561
vn 0.624228 -0.771922 0.120315
vn 0.442842 -0.333667 0.8322
vn -0.137141 -0.977596 0.159679
vn 0.348528 -0.862275 0.367438
vn 0.643365 0.353153 -0.679238
vn 0.828897 0.234485 -0.507883
vn 0.922038 0.325958 -0.208799
vn 0.987172 0.00671842 -0.159516
vn 0.833211 -0.00192145 -0.552952
vn 0.880107 0.136861 -0.454622
vn 0.997634 -0.0532388 -0.0435034
vn 0.903098 -0.109529 -0.415232
vn 0.861001 -0.478502 -0.172372
vn 0.433366 -0.136951 -0.890752
vn 0.787525 0.0330003 -0.615398
vn 0.646671 0.105869 -0.755386
vn 0.656236 0.362847 -0.661586
vn 0.503272 0.299374 -0.810612
vn 0.248448 -0.2779 -0.927925
vn 0.512265 -0.183851 -0.838918
vn 0.524195 0.0283262 -0.851127
vn 0.461303 -0.00121428 -0.887242
vn 0.375979 -0.648479 -0.661903
vn 0.4657 -0.0123211 -0.884857
vn 0.373096 -0.0687405 -0.925243
vn 0.878887 0.0615752 -0.473039
vn 0.551134 0.37279 -0.746511
vn 0.47762 -0.190401 -0.857687
vn 0.875743 -0.159702 -0.455598
vn 0.808323 0.143861 -0.570892
vn 0.766492 -0.18872 -0.613902
vn 0.927403 -0.333722 0.168979
vn 0.978989 -0.199643 0.041508
vn 0.898589 -0.428283 0.0954515
vn 0.559156 0.148975 -0.815568
vn 0.945892 -0.324185 0.0138419
vn 0.639657 -0.125597 -0.75833
vn 0.889601 -0.30478 -0.340174
vn 0.624228 -0.771922 0.120315
vn 0.866189 -0.0696072 -0.494844
vn 0.977692 -0.209851 0.00898987
vn 0.815882 -0.499258 0.291682
vn 0.681829 -0.717678 -0.141586
vn 0.852918 -0.476134 -0.21407
vn 0.747005 -0.579838 0.325226
vn 0.76992 -0.532056 -0.352333
vn 0.978989 -0.199643 0.041508
vn 0.99924 -0.0249613 0.0299451
vn 0.927403 -0.333722 0.168979
vn 0.442842 -0.333667 0.8322
vn 0.348528 -0.862275 0.367438
vn 0.466686 -0.704478 0.534711
vn 0.878887 0.0615752 -0.473039
vn 0.761232 -0.295901 -0.577034
vn 0.766492 -0.18872 -0.613902
vn 0.940319 0.0768889 -0.331494
vn 0.875196 0.103108 -0.472653
vn 0.856003 0.380203 -0.350294
vn 0.808323 0.143861 -0.570892
vn 0.559156 0.148975 -0.815568
vn 0.753369 0.172104 -0.634677
vn 0.856249 -0.0160932 -0.516313
vn 0.808323 0.143861 -0.570892
vn 0.972854 0.0809053 -0.216818
vn 0.878887 0.0615752 -0.473039
vn 0.940319 0.0768889 -0.331494
vn 0.856003 0.380203 -0.350294
vn 0.987172 0.00671842 -0.159516
vn 0.966296 -0.114613 -0.230513
vn 0.961222 -0.274838 0.0227128
vn 0.992909 -0.11672 0.0225224
vn 0.997634 -0.0532388 -0.0435034
vn 0.898589 -0.428283 0.0954515
vn 0.920226 0.191822 -0.341159
vn 0.828897 0.234485 -0.507883
vn 0.94232 -0.0210724 -0.334048
vn 0.771049 -0.0293408 -0.6361
vn 0.909552 0.373071 -0.183121
vn 0.643365 0.353153 -0.679238
vn 0.931802 0.353803 -0.081051
vn 0.996685 0.0776261 -0.0243473
vn -0.426025 0.00256883 0.904708
vn -0.753573 0.551174 0.358239
vn -0.855221 0.159897 0.492981
vn -0.806572 -0.110983 0.580624
vn -0.582054 0.362387 0.727934
vn -0.807483 0.431925 0.401761
vn -0.295248 0.21273 0.931437
vn -0.522765 0.407194 0.748939
vn -0.418456 0.474109 0.774671
vn -0.515075 0.423829 0.745028
vn -0.367393 0.772217 0.518366
vn -0.358142 0.662822 0.657572
vn -0.265174 0.72759 0.632689
vn -0.341399 0.828308 0.444244
vn -0.543417 0.72536 0.422552
vn -0.257502 0.911477 0.320785
vn -0.32151 0.773075 0.546796
vn -0.434259 0.656396 0.616898
vn -0.112282 0.992044 -0.0569274
vn -0.33451 0.878663 0.340668
vn -0.33077 0.872251 0.360236
vn -0.224733 0.962657 0.150952
vn -0.0810468 0.989975 0.115678
vn -0.47322 0.869455 0.141814
vn -0.386826 0.922145 0.00384112
vn -0.415874 0.76707 0.48852
vn 0.153831 0.987832 0.0228894
vn -0.327937 0.822543 0.46463
vn -0.0349913 0.863388 -0.503326
vn -0.938785 0.340745 -0.0507465
vn -0.320002 0.739961 0.591656
vn -0.377804 0.858575 0.346574
vn -0.132233 0.893208 0.42976
vn -0.203238 0.520572 0.829277
vn -0.285215 0.451377 0.845524
vn -0.359085 0.436979 0.824686
vn -0.335729 0.516875 0.787481
vn -0.406822 0.16279 0.898886
vn -0.408567 0.677507 0.611602
vn -0.85502 0.258121 0.449793
vn -0.835375 0.0287627 0.548927
vn -0.336916 0.414856 0.845211
vn -0.537209 0.286908 0.793152
vn -0.321582 0.472426 0.820609
vn -0.417711 0.359743 0.834328
vn -0.302567 0.612096 0.730611
vn -0.198848 0.327509 0.923687
vn -0.268545 0.636973 0.722599
vn -0.426281 0.651542 0.627517
vn -0.386868 0.357751 0.84991
vn -0.204437 0.856677 0.473613
vn 0.049233 0.917586 0.394478
vn -0.00284063 0.808918 0.587915
vn 0.396968 0.858731 0.324034
vn -0.0112352 0.998245 0.0581458
vn -0.115726 0.955038 0.272966
vn -0.00158209 0.99999 -0.00410172
vn 0.009039 0.999805 -0.0175373
vn 0.0367012 0.99194 -0.121275
vn 0.133808 0.930804 -0.340147
vn 0.220667 0.969502 -0.106642
vn 0.364574 0.808571 -0.461843
vn -0.0852263 0.994012 0.0683858
vn 0.265699 0.800645 -0.537003
vn -0.316116 0.836447 0.44769
vn -0.374011 0.849418 0.372298
vn -0.0846059 0.994339 0.0642726
vn -0.635409 0.443339 0.632223
vn -0.461347 0.681333 0.568281
vn -0.650403 0.435179 0.622572
vn -0.135087 0.93016 0.341399
vn -0.00331911 0.99995 0.00944057
vn 0.00332234 0.998883 0.0471277
vn 0.0400857 0.99763 -0.0559311
vn -0.0165625 0.999725 -0.0165812
vn 0.0989096 0.939422 -0.328182
vn 0.24364 0.852817 -0.461889
vn 0.0439638 0.995414 -0.0849641
vn 0.350962 0.824526 -0.443827
vn 0.130485 0.981296 -0.141535
vn -0.0215208 0.999428 0.0260696
vn -0.0723432 0.996461 -0.0427992
vn -0.140286 0.912867 -0.383398
vn -0.49242 0.719858 -0.489211
vn -0.355401 0.915253 -0.189745
vn -0.677685 0.519904 -0.520041
vn -0.0884969 0.980926 0.173066
vn -0.387053 0.873671 0.294769
vn -0.377771 0.802342 0.4621
vn -0.40278 0.700911 0.588636
vn -0.248496 0.678635 0.691162
vn -0.173187 0.886521 0.429054
vn -0.35085 0.693816 0.628907
vn -0.218915 0.775319 0.592416
vn -0.409774 0.860083 0.303878
vn -0.499238 0.865567 -0.0394252
vn -0.905783 0.363991 -0.216954
vn -0.747793 0.626433 0.219969
vn -0.433473 0.550755 0.713281
vn -0.275395 0.629344 0.726694
vn -0.189106 0.651761 0.734471
vn -0.213352 0.646624 0.732365
vn -0.232073 0.655297 0.718838
vn -0.170018 0.56249 0.809134
vn -0.240227 0.24593 0.939047
vn -0.179852 0.693594 0.697553
vn -0.436791 0.616925 0.654689
vn -0.442152 0.507788 0.739359
vn -0.595966 0.565557 0.570062
vn -0.41241 0.488862 0.768721
vn -0.355956 0.802467 0.478897
vn -0.0987185 0.911656 0.398921
vn -0.133963 0.536871 0.83296
vn -0.219436 0.502443 0.836301
vn 0.055029 0.328119 0.943032
vn -0.0310511 0.801383 0.597345
vn -0.0376066 0.812718 0.581442
vn -0.0214099 0.476116 0.879122
vn -0.191583 0.702904 0.684998
vn -0.340137 0.59284 0.729964
vn -0.39629 0.866267 0.304196
vn -0.847404 0.484125 0.218011
vn -0.832731 0.408265 -0.374004
vn -0.306693 0.627172 0.715957
vn -0.798077 0.314381 0.514041
vn -0.324229 0.416005 0.849598
vn 0.181329 0.477471 0.859733
vn 0.350327 0.403159 0.845419
vn -0.338217 0.601412 0.723818
vn -0.832736 0.549837 -0.065038
vn -0.502927 0.679281 0.534454
vn -0.16904 0.974714 0.146146
vn -0.866597 0.466559 -0.177009
vn 0.361962 0.773751 -0.519897
vn -0.11799 0.95057 0.287219
vn 0.204905 0.915506 -0.346213
vn -0.188943 0.863028 0.46849
vn 0.112779 0.993554 0.0114673
vn -0.00225597 0.999338 -0.036319
vn -0.379232 0.645978 0.662492
vn -0.679436 0.434055 0.591577
vn -0.349213 0.721946 0.597364
vn -0.82054 0.307482 0.481839
vn -0.859375 0.26348 0.438237
vn -0.888825 0.0960088 0.448077
vn -0.44997 0.412312 0.792165
vn -0.615169 0.0792431 0.784402
vn -0.353734 -0.100659 0.929914
vn -0.136775 0.395941 0.908033
vn -0.313277 0.545922 0.777063
vn 0.196992 0.890763 0.409554
vn 0.327932 0.939628 0.0977708
vn 0.180808 0.983436 -0.0127744
vn -0.0836006 0.811717 0.578037
vn 0.047125 0.956448 0.288072
vn -0.475152 0.317492 0.820628
vn -0.364192 0.134448 0.921568
vn -0.281846 0.803795 0.523905
vn -0.181036 0.430749 0.884127
vn 0.148439 0.913719 -0.378262
vn 0.0416185 0.988741 -0.143733
vn 0.290587 0.773233 -0.563622
vn -0.111946 0.988319 0.103409
vn -0.651145 0.668246 0.359802
vn -0.440371 0.812897 0.381145
vn -0.350737 0.730113 0.586446
vn -0.423879 0.635079 0.645757
vn -0.206402 0.234085 0.950054
vn -0.267692 0.511567 0.81648
vn -0.0370196 0.0230906 0.999048
vn -0.211113 0.401205 0.891328
vn -0.853666 0.427997 0.296771
vn -0.359374 0.873015 0.32969
vn -0.868693 0.363596 -0.336407
vn -0.619321 0.757022 -0.208229
vn 0.487638 0.868255 -0.0913363
vn -0.366398 0.916568 0.160175
vn -0.139872 0.786569 0.601453
vn -0.20522 0.525543 0.825645
vn -0.21319 0.727383 0.652276
vn -0.318738 0.618523 0.718217
vn -0.231955 0.782305 0.578097
vn -0.344535 0.607873 0.715393
vn -0.381503 0.386906 0.839499
vn -0.462587 0.378741 0.801604
vn -0.355016 0.640774 0.680714
vn -0.222253 0.686842 0.691991
vn 0.107741 0.977916 0.179086
vn -0.0239634 0.999518 0.0197529
vn -0.203238 0.520572 0.829277
vn -0.181036 0.430749 0.884127
vn -0.285215 0.451377 0.845524
vn -0.139872 0.786569 0.601453
vn -0.426281 0.651542 0.627517
vn -0.379232 0.645978 0.662492
vn -0.313277 0.545922 0.777063
vn -0.350737 0.730113 0.586446
vn -0.349213 0.721946 0.597364
vn -0.386868 0.357751 0.84991
vn -0.82054 0.307482 0.481839
vn -0.650403 0.435179 0.622572
vn -0.461347 0.681333 0.568281
vn -0.231955 0.782305 0.578097
vn -0.44997 0.412312 0.792165
vn -0.136775 0.395941 0.908033
vn -0.381503 0.386906 0.839499
vn -0.281846 0.803795 0.523905
vn -0.462587 0.378741 0.801604
vn -0.344535 0.607873 0.715393
vn -0.233719 0.713009 0.661054
vn -0.211113 0.401205 0.891328
vn -0.267692 0.511567 0.81648
vn -0.219436 0.502443 0.836301
vn -0.133963 0.536871 0.83296
vn -0.222253 0.686842 0.691991
vn -0.355016 0.640774 0.680714
vn -0.179852 0.693594 0.697553
vn -0.232073 0.655297 0.718838
vn -0.21319 0.727383 0.652276
vn -0.0376066 0.812718 0.581442
vn -0.338217 0.601412 0.723818
vn -0.359374 0.873015 0.32969
vn -0.619321 0.757022 -0.208229
vn -0.747793 0.626433 0.219969
vn -0.433473 0.550755 0.713281
vn -0.20522 0.525543 0.825645
vn -0.355956 0.802467 0.478897
vn -0.377771 0.802342 0.4621
vn -0.502927 0.679281 0.534454
vn -0.16904 0.974714 0.146146
vn -0.173187 0.886521 0.429054
vn -0.40278 0.700911 0.588636
vn -0.366398 0.916568 0.160175
vn -0.387053 0.873671 0.294769
vn -0.499238 0.865567 -0.0394252
vn -0.866597 0.466559 -0.177009
vn 0.047125 0.956448 0.288072
vn -0.00284063 0.808918 0.587915
vn -0.0836006 0.811717 0.578037
vn -0.139872 0.786569 0.601453
vn -0.132233 0.893208 0.42976
vn 0.107741 0.977916 0.179086
vn -0.440371 0.812897 0.381145
vn -0.327937 0.822543 0.46463
vn -0.111946 0.988319 0.103409
vn -0.627546 0.406444 0.66407
vn -0.707206 0.494575 0.505228
vn -0.522349 0.509733 0.683611
vn -0.834935 0.326545 0.443003
vn -0.489952 0.331203 0.806382
vn -0.711245 0.339225 0.615676
vn -0.72121 0.353301 0.595847
vn -0.415874 0.76707 0.48852
vn -0.367393 0.772217 0.518366
vn -0.515075 0.423829 0.745028
vn -0.306412 0.424439 0.852035
vn -0.722741 0.409637 0.556635
vn -0.252417 0.0639362 0.965504
vn -0.543417 0.72536 0.422552
vn -0.738206 -0.0158971 0.674388
vn -0.771674 -0.00919886 0.635952
vn -0.653188 -0.464582 0.597921
vn -0.634716 -0.439345 0.635698
vn -0.722322 0.0471927 0.689945
vn -0.697912 0.0847789 0.711148
vn -0.64454 0.241298 0.725495
vn -0.71871 0.375027 0.585501
vn -0.816591 0.285353 0.501749
vn -0.341336 0.514636 0.786537
vn -0.35918 0.427941 0.829371
vn -0.405853 0.015992 0.913798
vn -0.434928 0.334456 0.836048
vn -0.624338 0.140624 0.768392
vn -0.651145 0.668246 0.359802
vn -0.720114 0.647465 0.249447
vn -0.250951 0.449403 0.857357
vn -0.336213 0.902508 0.269148
vn -0.440371 0.812897 0.381145
vn -0.377804 0.858575 0.346574
vn -0.695969 0.473211 0.54009
vn -0.560323 0.130812 0.817879
vn -0.498865 -0.438229 0.747723
vn -0.298719 -0.415388 0.859197
vn -0.25311 -0.0566426 0.965778
vn -0.441764 -0.492972 0.749549
vn -0.453387 0.308692 0.836152
vn -0.453223 -0.32268 0.830943
vn -0.562959 -0.355443 0.746148
vn -0.529127 -0.34897 0.773463
vn -0.695969 0.473211 0.54009
vn -0.347373 0.285557 0.89319
vn -0.722322 0.0471927 0.689945
vn -0.560323 0.130812 0.817879
vn -0.25311 -0.0566426 0.965778
vn -0.489952 0.331203 0.806382
vn -0.627546 0.406444 0.66407
vn -0.657496 0.368972 0.656931
vn -0.722741 0.409637 0.556635
vn -0.252417 0.0639362 0.965504
vn -0.377804 0.858575 0.346574
vn -0.651145 0.668246 0.359802
vn -0.71871 0.375027 0.585501
vn -0.529127 -0.34897 0.773463
vn -0.624338 0.140624 0.768392
vn -0.453387 0.308692 0.836152
vn 0.136491 -0.715067 0.685602
vn 0.557709 -0.577207 0.596483
vn 0.129775 -0.48648 0.864
vn 0.108992 -0.422757 0.899665
vn 0.0749069 -0.414795 0.906826
vn 0.185514 -0.235473 0.954011
vn -0.142701 -0.296453 0.944326
vn -0.071087 -0.137783 0.987908
vn -0.220498 -0.570512 0.791137
vn -0.0451982 -0.407613 0.912035
vn -0.0790832 -0.729954 0.678905
vn -0.746773 -0.474129 0.466402
vn -0.511175 -0.528488 0.677791
vn 0.0232792 -0.636724 0.77074
vn -0.797345 -0.0370242 0.602387
vn -0.366123 -0.645106 0.670666
vn -0.419946 -0.685081 0.595239
vn 0.0521422 -0.469328 0.881483
vn 0.438008 -0.413573 0.798189
vn -0.00207714 -0.339312 0.940672
vn 0.349147 -0.500167 0.79242
vn 0.286589 -0.556741 0.779683
vn -0.485642 -0.369531 0.792211
vn 0.116677 -0.578883 0.807019
vn 0.368038 -0.42951 0.824663
vn 0.0335395 -0.901434 0.431615
vn 0.251474 -0.82361 0.508358
vn 0.351881 -0.720563 0.597468
vn 0.0290607 -0.914847 0.402754
vn 0.00622303 -0.756888 0.653515
vn -0.259235 -0.872018 0.41519
vn -0.0264928 -0.853574 0.520297
vn 0.198743 -0.919417 0.339374
vn 0.253672 -0.672356 0.695405
vn 0.0533596 -0.520856 0.851975
vn -0.469507 -0.352903 0.809335
vn 0.524117 -0.7908 0.316128
vn 0.0810583 -0.523631 0.84808
vn -0.00710169 -0.904178 0.427098
vn 0.372299 -0.870887 0.320855
vn 0.853778 -0.520264 0.0196976
vn 0.353006 -0.907022 0.229561
vn 0.0893545 -0.926255 0.366152
vn -0.426445 -0.870473 0.245809
vn 0.0327413 -0.858875 0.511138
vn 0.448361 -0.695279 0.561746
vn -0.0737464 -0.938682 0.336805
vn -0.00642783 -0.456127 0.889891
vn 0.011494 -0.740171 0.67232
vn -0.508238 -0.621418 0.596267
vn 0.0183345 -0.409765 0.912007
vn -0.496441 -0.173814 0.850491
vn -0.187004 -0.293045 0.937632
vn 0.207086 -0.769246 0.604463
vn 0.251474 -0.82361 0.508358
vn 0.0893545 -0.926255 0.366152
vn 0.207086 -0.769246 0.604463
vn -0.366123 -0.645106 0.670666
vn -0.511175 -0.528488 0.677791
vn -0.507361 -0.574889 0.641941
vn -0.187004 -0.293045 0.937632
vn -0.485642 -0.369531 0.792211
vn -0.00207714 -0.339312 0.940672
vn -0.0264928 -0.853574 0.520297
vn -0.00642783 -0.456127 0.889891
vn -0.508238 -0.621418 0.596267
vn 0.0327413 -0.858875 0.511138
vn 0.253672 -0.672356 0.695405
vn -0.137141 -0.977596 0.159679
vn -0.413952 -0.843375 0.342582
vn -0.339999 -0.664343 -0.665619
vn 0.0628784 -0.966896 -0.247302
vn 0.0322489 -0.976546 -0.21288
vn 0.0733664 -0.986185 -0.148512
vn 0.107744 -0.784793 -0.61032
vn -0.032363 -0.945635 -0.323616
vn -0.0921348 -0.902297 0.421154
vn 0.688412 -0.72506 0.019412
vn 0.811803 -0.365261 -0.455588
vn 0.0216418 -0.947151 -0.320057
vn 0.229695 -0.849713 -0.474581
vn 0.374674 -0.78748 -0.489383
vn -0.143802 -0.879893 -0.45289
vn -0.0251315 -0.848617 -0.528411
vn -0.760621 -0.571865 -0.307289
vn -0.819329 -0.511386 0.2592
vn -0.775011 -0.631739 0.0162295
vn -0.846908 -0.419607 0.326613
vn -0.981257 0.00497399 0.192639
vn 0.0832156 -0.915769 -0.39299
vn -0.459597 -0.858163 0.22875
vn -0.551471 -0.701728 0.451062
vn 0.14769 -0.926306 -0.34662
vn -0.938865 -0.0275329 0.343184
vn -0.138444 -0.932033 0.334885
vn -0.0228455 -0.663058 0.748219
vn -0.282468 -0.492828 0.823002
vn -0.54035 -0.602065 0.587826
vn -0.210028 -0.638587 0.740334
vn -0.21939 -0.0881204 0.971649
vn 0.0531609 -0.446574 0.893166
vn -0.349096 -0.652124 0.672953
vn -0.324964 -0.316274 0.891274
vn 0.104288 -0.610771 0.78491
vn 0.234458 -0.14875 0.960678
vn -0.471952 -0.678789 0.562589
vn -0.361814 -0.825105 -0.433927
vn -0.648892 -0.568475 0.505742
vn -0.721891 -0.640642 0.26163
vn -0.449564 -0.87581 -0.175639
vn -0.599223 -0.793508 -0.106189
vn -0.611106 -0.790911 0.0317751
vn -0.727461 -0.591594 0.347587
vn -0.477145 -0.878219 0.032626
vn -0.572379 -0.818466 0.0499534
vn -0.137141 -0.977596 0.159679
vn -0.413952 -0.843375 0.342582
vn -0.795251 -0.360869 0.487186
vn -0.872395 -0.406793 0.271009
vn -0.508238 -0.621418 0.596267
vn -0.0361266 -0.957131 -0.287393
vn -0.434319 -0.898444 0.0645428
vn -0.807074 -0.330209 0.489483
vn -0.0049454 -0.91696 -0.398949
vn 0.00442972 -0.790926 0.611896
vn -0.498326 -0.85628 0.135848
vn -0.0308031 -0.977319 -0.209521
vn -0.0737464 -0.938682 0.336805
vn -0.169693 -0.670336 -0.722395
vn 0.0327413 -0.858875 0.511138
vn -0.0732662 -0.916328 -0.393668
vn -0.55019 -0.57965 0.601079
vn -0.20777 -0.852375 0.479885
vn -0.0308031 -0.977319 -0.209521
vn -0.0049454 -0.91696 -0.398949
vn -0.0361266 -0.957131 -0.287393
vn 0.0774416 -0.931623 -0.355078
vn -0.0732662 -0.916328 -0.393668
vn -0.0732662 -0.916328 -0.393668
vn -0.361814 -0.825105 -0.433927
vn -0.169693 -0.670336 -0.722395
vn 0.00603715 -0.99798 0.0632434
vn -0.498326 -0.85628 0.135848
vn 0.14769 -0.926306 -0.34662
vn 0.00655734 -0.811889 0.583775
vn 0.00442972 -0.790926 0.611896
vn -0.0228455 -0.663058 0.748219
vn -0.324964 -0.316274 0.891274
vn 0.0531609 -0.446574 0.893166
vn -0.0921348 -0.902297 0.421154
vn -0.210028 -0.638587 0.740334
vn -0.20777 -0.852375 0.479885
vn -0.471952 -0.678789 0.562589
vn -0.498326 -0.85628 0.135848
vn -0.459597 -0.858163 0.22875
vn -0.20777 -0.852375 0.479885
vn -0.54035 -0.602065 0.587826
vn -0.55019 -0.57965 0.601079
vn -0.806257 -0.0240359 0.591077
vn -0.541553 0.0193682 0.840443
vn -0.322535 -0.0246425 0.946237
vn -0.39256 -0.675554 0.624118
vn -0.809794 -0.00751074 0.586666
vn -0.745485 -0.167561 0.645116
vn -0.429164 -0.0271007 0.90282
vn -0.707913 -0.0784929 0.701924
vn -0.820786 0.0373133 0.570017
vn -0.515392 0.22038 0.828133
vn -0.67233 -0.333641 0.6608
vn -0.685818 -0.31741 0.654908
vn -0.651776 0.316768 0.68909
vn -0.811091 0.00588451 0.584891
vn -0.545945 0.176913 0.81893
vn -0.865894 0.146745 0.478219
vn -0.916456 0.228051 0.328789
vn -0.757597 0.398584 0.516893
vn -0.621178 0.657619 -0.426235
vn -0.342001 0.717084 0.607311
vn -0.218626 0.819342 0.529982
vn -0.357228 0.254184 0.898765
vn -0.883756 0.359794 0.299205
vn -0.757224 -0.585083 0.290328
vn -0.247233 -0.407165 0.879257
vn -0.938483 0.00109764 0.345324
vn -0.860161 0.243905 0.447922
vn -0.727909 0.0805498 0.680926
vn -0.603597 -0.384187 0.69862
vn -0.448766 -0.305601 0.839772
vn -0.685673 0.330966 0.648316
vn -0.681631 -0.154083 0.715289
vn -0.704544 0.316392 0.635227
vn -0.805008 0.362724 0.469461
vn -0.998045 -0.0376774 -0.0498628
vn -0.672443 0.282193 0.684242
vn -0.721684 0.306623 0.620608
vn -0.666052 0.283991 0.689727
vn -0.633992 0.349163 0.690029
vn -0.65119 0.342535 0.677215
vn -0.740266 0.0851106 0.666906
vn -0.747449 0.0195971 0.66403
vn -0.766786 0.369685 0.524759
vn -0.368935 0.860575 0.351138
vn -0.534321 0.0801799 0.84147
vn -0.839463 0.0846355 0.536785
vn -0.491545 -0.33322 0.804579
vn -0.696669 -0.239473 0.676244
vn -0.897867 -0.0466936 0.437784
vn -0.843264 -0.314981 0.435537
vn -0.896969 0.0809072 0.434627
vn -0.845321 0.0937272 0.525973
vn -0.73478 0.341805 0.58589
vn -0.658001 0.312258 0.685222
vn -0.750438 0.0610171 0.658118
vn -0.709187 -0.0298137 0.70439
vn -0.866875 -0.205146 0.45436
vn -0.710319 -0.101182 0.69657
vn -0.669042 0.0743678 0.739495
vn -0.657452 -0.201899 0.725943
vn -0.658952 0.0275139 0.751682
vn -0.519692 0.361577 0.774069
vn -0.471999 0.318064 0.822224
vn -0.393568 0.805203 0.443568
vn -0.351588 0.687772 0.635103
vn -0.441785 0.405121 0.800439
vn -0.0307273 0.85702 0.514366
vn -0.167505 0.570201 0.804247
vn -0.322399 0.736788 0.594308
vn 0.129073 0.884186 0.44895
vn 0.257706 0.888302 0.380141
vn -0.291432 0.815975 0.499252
vn 0.159758 0.905823 0.39238
vn 0.013143 0.729192 0.684183
vn -0.055119 0.90205 0.428097
vn -0.00621323 0.999503 0.0309151
vn -0.389318 0.789186 0.474992
vn -0.753853 0.273064 0.597614
vn -0.783548 -0.348809 0.514184
vn -0.636014 0.157317 0.755472
vn -0.842413 0.283005 0.458528
vn -0.791929 0.0951645 0.603153
vn -0.603203 0.0988647 0.791437
vn -0.40353 0.833616 0.377158
vn -0.399172 0.805662 0.437687
vn -0.686851 0.236439 0.687264
vn -0.452139 0.724549 0.520192
vn -0.46683 0.690964 0.551941
vn -0.341234 0.841075 0.419704
vn -0.425016 0.730696 0.534269
vn -0.42809 0.751759 0.501595
vn -0.335127 0.876075 0.346674
vn -0.422557 0.799935 0.426087
vn -0.420273 0.811994 0.405014
vn -0.315573 0.876991 0.362354
vn -0.36924 0.73012 0.574967
vn -0.337865 0.725417 0.599681
vn -0.216392 0.921763 0.321757
vn -0.45699 0.635898 0.621928
vn -0.417599 0.72585 0.546582
vn -0.552701 0.580718 0.597736
vn -0.465123 0.624758 0.627167
vn -0.564899 0.583041 0.583912
vn -0.630164 0.410808 0.658886
vn -0.627358 0.409389 0.662437
vn -0.610559 0.255683 0.749562
vn -0.677562 0.160185 0.717809
vn -0.359678 0.107404 0.926874
vn -0.648703 0.117536 0.751911
vn -0.427125 0.0492488 0.90285
vn -0.661708 -0.150025 0.734599
vn -0.272009 -0.315601 0.909069
vn -0.530713 0.147122 0.834685
vn -0.644755 0.175091 0.744066
vn -0.656053 0.403679 0.637682
vn -0.572287 0.540373 0.616834
vn -0.560439 0.540528 0.627485
vn -0.559047 0.530262 0.637408
vn -0.639042 0.650662 0.4102
vn -0.667298 0.637845 0.384535
vn -0.576083 0.483447 0.659096
vn -0.575193 0.452129 0.681713
vn -0.81922 0.451883 0.3531
vn -0.860021 0.400463 -0.316216
vn -0.781882 0.544213 -0.304127
vn -0.632583 0.464339 0.619861
vn -0.605839 0.468647 0.642906
vn -0.62692 0.465544 0.624692
vn -0.628335 0.4608 0.626784
vn -0.602008 0.435219 0.669455
vn -0.808762 0.373452 0.454354
vn -0.69526 0.470002 0.543794
vn -0.803445 0.515114 0.298553
vn -0.537486 0.635037 0.55483
vn -0.595364 0.595256 0.539641
vn -0.432932 0.389204 0.813074
vn -0.620096 0.622655 0.477265
vn -0.591856 0.600597 0.537578
vn -0.492376 0.339507 0.801437
vn -0.641726 0.521965 0.561908
vn -0.824174 0.553195 0.121296
vn -0.803378 0.354972 0.4781
vn -0.97659 0.211837 -0.0373671
vn -0.909055 0.157636 0.385706
vn -0.396757 0.123548 0.909571
vn -0.374804 0.368506 0.85072
vn -0.27192 0.359018 0.892841
vn -0.877425 0.421661 0.228754
vn -0.527044 0.297777 0.795961
vn -0.559797 0.337616 0.756732
vn -0.936692 0.349362 0.0235461
vn -0.10895 0.264312 0.958264
vn -0.056368 -0.388946 0.919535
vn -0.470165 -0.362963 0.804489
vn -0.159735 -0.509722 0.84538
vn -0.733897 -0.610985 0.296806
vn -0.673393 -0.735181 0.0777822
vn -0.137024 -0.546062 0.826463
vn -0.0666814 -0.92513 0.373749
vn -0.4885 -0.332133 0.806881
vn -0.945302 0.215491 0.244881
vn -0.480262 0.798952 0.361973
vn -0.771864 0.571035 -0.279543
vn -0.320811 0.902742 -0.286597
vn -0.436245 0.760401 0.481125
vn -0.628268 0.438042 0.642961
vn -0.957334 -0.287253 0.0315836
vn -0.620687 0.433065 0.653607
vn -0.56322 0.580924 0.587631
vn -0.438191 0.745604 0.502059
vn -0.348145 0.755523 0.554959
vn -0.526644 0.448834 0.721938
vn -0.46948 0.126901 0.873776
vn -0.742579 0.166634 0.648698
vn -0.653583 0.0496766 0.755223
vn -0.650539 -0.29978 0.697804
vn -0.555091 -0.0263689 0.831372
vn -0.545639 -0.160073 0.82259
vn -0.586309 0.340726 0.734948
vn -0.628015 0.307271 0.71497
vn -0.400287 -0.181837 0.898168
vn -0.686252 0.368432 0.627149
vn -0.624374 -0.0172366 0.780935
vn -0.680498 -0.0188883 0.732506
vn -0.551148 0.308689 0.775208
vn -0.585627 0.32295 0.743467
vn -0.700441 0.00767374 0.713669
vn -0.700069 -0.250513 0.66869
vn -0.731512 0.0058755 0.681803
vn -0.74843 -0.24061 0.618029
vn -0.785128 0.263874 0.560307
vn -0.89719 -0.0306775 0.440579
vn -0.84534 -0.316406 0.430451
vn -0.512292 -0.355596 0.781734
vn -0.733113 -0.282897 0.618478
vn -0.553692 0.389181 0.736182
vn -0.730258 -0.00320466 0.683164
vn -0.274876 -0.0274502 0.961088
vn -0.440425 0.777052 0.449684
vn -0.489646 0.705967 0.51172
vn -0.822156 -0.350492 0.44857
vn -0.754553 -0.204215 0.623656
vn -0.756682 0.402485 0.515208
vn -0.626366 0.669951 0.398536
vn -0.602008 0.435219 0.669455
vn -0.620687 0.433065 0.653607
vn -0.656053 0.403679 0.637682
vn -0.628268 0.438042 0.642961
vn -0.553692 0.389181 0.736182
vn -0.686252 0.368432 0.627149
vn -0.348145 0.755523 0.554959
vn -0.440425 0.777052 0.449684
vn -0.417599 0.72585 0.546582
vn -0.436245 0.760401 0.481125
vn -0.56322 0.580924 0.587631
vn -0.628015 0.307271 0.71497
vn -0.438191 0.745604 0.502059
vn -0.440425 0.777052 0.449684
vn -0.551148 0.308689 0.775208
vn -0.585627 0.32295 0.743467
vn -0.489646 0.705967 0.51172
vn -0.374804 0.368506 0.85072
vn -0.610559 0.255683 0.749562
vn -0.620687 0.433065 0.653607
vn -0.785128 0.263874 0.560307
vn -0.753853 0.273064 0.597614
vn -0.489646 0.705967 0.51172
vn -0.731512 0.0058755 0.681803
vn -0.730258 -0.00320466 0.683164
vn -0.636014 0.157317 0.755472
vn -0.658001 0.312258 0.685222
vn -0.413927 0.602579 0.682322
vn -0.73478 0.341805 0.58589
vn -0.167505 0.570201 0.804247
vn -0.353508 0.872964 0.336105
vn -0.055119 0.90205 0.428097
vn -0.766786 0.369685 0.524759
vn -0.65119 0.342535 0.677215
vn -0.368935 0.860575 0.351138
vn -0.805008 0.362724 0.469461
vn -0.626366 0.669951 0.398536
vn -0.756682 0.402485 0.515208
vn -0.704544 0.316392 0.635227
vn -0.757597 0.398584 0.516893
vn -0.342001 0.717084 0.607311
vn -0.883756 0.359794 0.299205
vn -0.598837 0.759541 -0.253953
vn -0.534321 0.0801799 0.84147
vn -0.554098 -0.0236842 0.832115
vn -0.672443 0.282193 0.684242
vn -0.727909 0.0805498 0.680926
vn -0.491545 -0.33322 0.804579
vn -0.512292 -0.355596 0.781734
vn -0.681631 -0.154083 0.715289
vn -0.89719 -0.0306775 0.440579
vn -0.822156 -0.350492 0.44857
vn -0.448766 -0.305601 0.839772
vn -0.686851 0.236439 0.687264
vn -0.247233 -0.407165 0.879257
vn -0.357228 0.254184 0.898765
vn -0.104322 0.201787 0.973858
vn -0.463695 -0.671738 0.577715
vn 0.412463 -0.494528 -0.76506
vn 0.383327 -0.401484 -0.831788
vn -0.511691 -0.147467 -0.846419
vn 0.435443 -0.622864 -0.649946
vn 0.569814 -0.51428 -0.640959
vn 0.303949 -0.87401 -0.379107
vn 0.430192 -0.840484 -0.329427
vn 0.504628 -0.435206 -0.745618
vn 0.267674 -0.5142 -0.814831
vn 0.460841 -0.707689 -0.535539
vn 0.272225 -0.937194 -0.218085
vn 0.564892 -0.685948 -0.458664
vn 0.645839 -0.47953 -0.59409
vn 0.592286 -0.539683 -0.598281
vn 0.568294 -0.670791 -0.47653
vn 0.637372 -0.633946 -0.438029
vn 0.577258 -0.670034 -0.46672
vn 0.600436 -0.204031 -0.773206
vn 0.365282 -0.905639 -0.215376
vn 0.510041 -0.841416 0.178541
vn 0.497435 -0.767152 -0.405014
vn 0.489998 -0.870936 0.037051
vn 0.157965 -0.98132 -0.109814
vn 0.422254 -0.777875 -0.465416
vn 0.329545 -0.868411 -0.370491
vn 0.389157 -0.647008 -0.655697
vn 0.573433 -0.483511 -0.661356
vn 0.589259 -0.488804 -0.643307
vn 0.582006 -0.4885 -0.650105
vn 0.383204 -0.737733 -0.555793
vn 0.415363 -0.840932 -0.346852
vn 0.546408 -0.829828 0.113246
vn 0.520092 -0.798539 -0.303049
vn 0.273675 -0.961789 -0.00804058
vn 0.51703 -0.670064 -0.53263
vn 0.498715 -0.506661 -0.703262
vn 0.402902 -0.293578 -0.86688
vn 0.427868 0.203488 -0.880637
vn 0.189605 0.142434 -0.971474
vn 0.311373 -0.0315655 -0.949763
vn 0.360469 -0.72094 -0.591867
vn 0.451221 -0.377796 -0.808499
vn 0.27763 -0.437889 -0.855088
vn 0.36952 0.309858 -0.876038
vn 0.0456592 0.190635 -0.980599
vn 0.436525 -0.133215 -0.889775
vn 0.422728 -0.3868 -0.819565
vn 0.51658 -0.190128 -0.834863
vn 0.264163 -0.483997 -0.834245
vn 0.342901 0.183517 -0.921271
vn 0.546103 -0.15509 -0.823237
vn 0.230218 0.472936 -0.850489
vn 0.172177 0.814363 -0.554227
vn 0.618677 -0.339739 -0.708389
vn 0.454072 -0.547104 -0.703204
vn 0.493894 -0.483726 -0.72255
vn 0.839739 -0.170563 -0.515506
vn 0.732319 -0.480166 -0.482856
vn 0.860073 -0.484507 -0.159775
vn 0.432415 -0.892906 -0.125446
vn 0.654376 0.210589 -0.726254
vn 0.487625 -0.729003 -0.480391
vn 0.436008 0.2684 -0.858987
vn 0.538382 -0.179883 -0.823278
vn 0.810564 0.385679 -0.440725
vn 0.867363 0.330844 -0.371784
vn 0.441609 0.303118 -0.844453
vn 0.533501 -0.280036 -0.798096
vn 0.683945 -0.130533 -0.717761
vn 0.00957512 -0.763992 -0.645155
vn 0.00793231 -0.00101453 -0.999968
vn 0.284007 -0.890953 -0.354321
vn 0.506106 -0.449976 -0.735784
vn 0.497435 -0.767152 -0.405014
vn 0.577258 -0.670034 -0.46672
vn 0.51703 -0.670064 -0.53263
vn 0.264163 -0.483997 -0.834245
vn 0.284007 -0.890953 -0.354321
vn 0.454072 -0.547104 -0.703204
vn 0.506106 -0.449976 -0.735784
vn 0.311373 -0.0315655 -0.949763
vn 0.618677 -0.339739 -0.708389
vn 0.441609 0.303118 -0.844453
vn -0.555365 -0.646792 0.522714
vn -0.693658 -0.444557 0.566751
vn -0.428112 -0.888974 -0.162621
vn -0.867904 -0.49087 -0.0760861
vn -0.161689 -0.902633 0.398887
vn -0.223741 -0.44012 0.869617
vn 0.124468 -0.907007 -0.402301
vn 0.407974 -0.890049 0.203394
vn -0.648586 0.0799434 0.756932
vn -0.796889 -0.575702 0.183126
vn -0.63523 0.00119971 0.772322
vn -0.948841 0.0423021 0.312908
vn -0.409272 -0.817589 -0.405025
vn -0.921859 0.0672717 -0.381643
vn 0.508898 -0.716282 -0.477455
vn 0.434051 -0.819314 -0.374599
vn 0.425505 -0.701568 -0.571619
vn 0.36418 -0.68784 -0.627892
vn 0.181008 -0.872376 0.454088
vn 0.373022 -0.831027 -0.412612
vn 0.119737 -0.991985 -0.0403641
vn -0.343214 -0.496782 -0.797127
vn 0.388757 -0.850547 -0.354172
vn 0.0969641 -0.994551 -0.0382789
vn 0.428334 -0.840708 -0.33127
vn 0.163696 -0.985373 0.047361
vn 0.564508 -0.792565 -0.23059
vn 0.367968 -0.866054 0.338452
vn -0.166507 -0.830988 0.530787
vn 0.0729501 -0.814007 0.576256
vn 0.25453 -0.959144 0.123519
vn -0.221008 -0.526836 0.820731
vn -0.373159 -0.209189 0.903876
vn -0.320332 -0.836218 0.445115
vn -0.0801539 -0.93688 0.340341
vn 0.41479 -0.878656 -0.236457
vn -0.584308 -0.428905 0.68893
vn -0.393297 -0.557565 0.731053
vn -0.792085 0.0294244 0.609702
vn -0.00547043 -0.997671 0.0679869
vn -0.0776003 -0.908535 0.410539
vn -0.25961 -0.826287 0.499852
vn -0.431545 -0.353828 0.829804
vn -0.395861 -0.346415 0.850465
vn -0.164604 -0.352688 0.921149
vn -0.817831 -0.163453 0.551757
vn -0.146274 -0.44631 0.882843
vn 0.111431 -0.544791 -0.831136
vn 0.0318582 -0.999419 -0.0121177
vn -0.0967283 -0.937153 0.335244
vn 0.0670438 -0.988359 0.13657
vn 0.351364 -0.877818 -0.325544
vn -0.209274 -0.790438 0.575685
vn 0.304813 -0.857164 0.415161
vn 0.0396926 -0.798229 0.601045
vn -0.201091 -0.58087 0.788766
vn 0.492768 -0.858473 -0.142141
vn 0.242784 -0.95884 0.147249
vn -0.378103 -0.828965 0.412135
vn -0.354968 -0.246261 0.901861
vn -0.450718 -0.290502 0.844075
vn -0.467104 -0.258929 0.845441
vn -0.364186 -0.720777 0.589788
vn -0.0982888 -0.978934 0.17896
vn -0.144716 -0.887501 0.437492
vn -0.260057 -0.457967 0.85008
vn 0.0247682 -0.999452 0.0219431
vn -0.373385 -0.673895 0.637534
vn 0.0269934 -0.942739 0.332438
vn -0.23053 -0.843192 0.485678
vn 0.123176 -0.990573 -0.059939
vn 0.0156111 -0.999856 0.00668175
vn -0.500022 -0.194927 0.84379
vn 0.329677 -0.904552 0.270367
vn 0.474424 -0.826778 -0.302258
vn 0.67586 -0.727029 0.121005
vn 0.320393 -0.850933 -0.416246
vn 0.421727 -0.890141 -0.172614
vn -0.127649 -0.551849 0.824117
vn -0.36645 -0.342658 0.865043
vn 0.137352 -0.961621 -0.237527
vn 0.368803 -0.869248 -0.32923
vn -0.354873 -0.579525 0.733632
vn -0.457081 -0.130949 0.879732
vn 0.670237 -0.674203 -0.310212
vn 0.390161 -0.835992 -0.385866
vn -0.194057 -0.575603 -0.79437
vn 0.407974 -0.890049 0.203394
vn 0.434051 -0.819314 -0.374599
vn 0.34208 -0.937375 0.0656473
vn 0.181008 -0.872376 0.454088
vn 0.119737 -0.991985 -0.0403641
vn 0.119737 -0.991985 -0.0403641
vn -0.0776003 -0.908535 0.410539
vn 0.34208 -0.937375 0.0656473
vn 0.181008 -0.872376 0.454088
vn -0.158489 -0.326427 0.93184
vn -0.164604 -0.352688 0.921149
vn -0.457412 -0.221292 0.86128
vn 0.0156111 -0.999856 0.00668175
vn 0.242784 -0.95884 0.147249
vn 0.421727 -0.890141 -0.172614
vn 0.368803 -0.869248 -0.32923
vn 0.670237 -0.674203 -0.310212
vn 0.569762 -0.675474 -0.468088
vn 0.0729501 -0.814007 0.576256
vn -0.320332 -0.836218 0.445115
vn -0.561758 -0.350931 0.749183
vn -0.36645 -0.342658 0.865043
vn -0.373159 -0.209189 0.903876
vn -0.0308651 0.100255 0.994483
vn -0.322217 0.361073 0.875101
vn -0.319487 0.939443 0.123995
vn 0.234896 0.455634 0.858616
vn 0.0420304 0.019366 0.998929
vn -0.163947 0.986046 -0.028877
vn -0.318512 0.94117 0.112913
vn 0.746715 0.563569 0.35328
vn 0.70168 0.518233 0.488958
vn 0.407567 0.827119 0.386992
vn 0.0910806 0.183048 0.978876
vn 0.223696 0.805072 0.549381
vn 0.152171 0.91647 0.370037
vn 0.068079 0.283874 0.956442
vn 0.28291 0.921189 0.267157
vn -0.403064 0.311013 0.860703
vn -0.613168 0.0964335 0.784044
vn -0.656035 0.393866 0.643807
vn 0.15878 0.676995 0.718657
vn 0.0805649 0.576865 0.812856
vn 0.29496 0.516831 0.803669
vn 0.32662 0.598657 0.731389
vn 0.333186 0.870421 0.362429
vn 0.468465 0.762197 0.446761
vn 0.873834 0.361665 0.32498
vn 0.173524 -0.364021 0.915084
vn 0.688097 0.625858 0.367183
vn 0.916149 -0.272081 0.294352
vn 0.155546 -0.117156 0.980857
vn -0.157202 -0.651212 0.742435
vn 0.374789 -0.845567 0.380197
vn 0.75251 0.285707 0.59338
vn 0.164171 0.828396 0.535544
vn 0.368816 0.649987 0.664448
vn -0.0767858 0.987683 0.136334
vn 0.00936656 0.79754 0.603193
vn -0.518817 0.385923 0.762818
vn 0.549531 0.527282 0.648065
vn 0.549394 0.388376 0.739817
vn -0.308453 0.569593 0.761853
vn 0.191047 0.298126 0.935212
vn 0.130029 0.0333213 0.99095
vn 0.338955 0.0102293 0.940747
vn 0.365269 -0.589103 0.720789
vn 0.0820071 -0.0823167 0.993226
vn -0.427092 0.100827 0.898569
vn 0.476068 0.721179 0.503249
vn 0.0877808 0.956744 0.277374
vn 0.207716 0.762996 0.61212
vn 0.476068 0.721179 0.503249
vn 0.223696 0.805072 0.549381
vn 0.207716 0.762996 0.61212
vn -0.230467 0.654105 0.720438
vn 0.0805649 0.576865 0.812856
vn 0.164171 0.828396 0.535544
vn -0.518817 0.385923 0.762818
vn -0.0767858 0.987683 0.136334
vn 0.75251 0.285707 0.59338
vn 0.549394 0.388376 0.739817
vn 0.549531 0.527282 0.648065
vn 0.365269 -0.589103 0.720789
vn 0.873834 0.361665 0.32498
vn 0.747248 -0.527602 -0.404051
vn 0.70168 0.518233 0.488958
vn 0.80434 -0.289876 0.518661
vn 0.15878 0.676995 0.718657
vn 0.29496 0.516831 0.803669
vn 0.155546 -0.117156 0.980857
vn 0.137352 -0.961621 -0.237527
vn 0.368803 -0.869248 -0.32923
vn 0.456055 -0.649593 -0.608312
vn 0.320393 -0.850933 -0.416246
vn 0.533144 -0.607922 -0.588378
vn 0.461496 -0.515801 -0.721783
vn 0.42098 -0.416768 -0.805655
vn 0.557802 -0.437926 -0.705038
vn 0.569762 -0.675474 -0.468088
vn 0.571054 -0.53362 -0.623817
vn 0.669119 -0.460576 -0.583224
vn 0.543429 -0.546683 -0.637042
vn 0.456147 -0.483203 -0.747292
vn 0.565734 -0.5577 -0.607385
vn 0.549589 -0.45117 -0.703135
vn 0.571006 -0.516814 -0.637852
vn 0.369587 -0.324599 -0.870655
vn 0.455689 -0.443816 -0.771606
vn 0.0837941 -0.0501749 -0.995219
vn 0.142536 0.0049882 -0.989777
vn 0.486379 -0.136854 -0.862964
vn 0.439507 0.382093 -0.812919
vn 0.152513 0.369701 -0.916548
vn 0.128278 0.36997 -0.920145
vn 0.508439 0.386153 -0.769659
vn 0.666472 -0.585383 -0.461673
vn 0.332721 0.0095777 -0.942977
vn 0.41577 -0.168317 -0.893759
vn 0.606537 0.0637584 -0.792494
vn 0.52944 -0.108848 -0.841335
vn 0.405145 0.210745 -0.889631
vn 0.506008 -0.16193 -0.847192
vn 0.520572 -0.574001 -0.632082
vn 0.390161 -0.835992 -0.385866
vn 0.351364 -0.877818 -0.325544
vn 0.5759 -0.365425 -0.731303
vn 0.542629 -0.676975 -0.497251
vn 0.41479 -0.878656 -0.236457
vn 0.622304 -0.674485 -0.39725
vn 0.607017 -0.632654 -0.480915
vn 0.622434 -0.49185 -0.608818
vn 0.606106 -0.345454 -0.716447
vn 0.607797 -0.354881 -0.710381
vn 0.624029 -0.352672 -0.697288
vn 0.639244 -0.385883 -0.665177
vn 0.584488 -0.354372 -0.729928
vn 0.605759 -0.34765 -0.715678
vn 0.564508 -0.792565 -0.23059
vn 0.594929 -0.431607 -0.678067
vn 0.556528 -0.305721 -0.772536
vn 0.679773 -0.496953 -0.539394
vn 0.580737 -0.354314 -0.732943
vn 0.684144 -0.00817117 -0.729301
vn 0.563725 0.16112 -0.810095
vn 0.673805 -0.46624 -0.573243
vn 0.35479 -0.485991 -0.798709
vn 0.669414 -0.398377 -0.627042
vn 0.4506 -0.423899 -0.785665
vn 0.373022 -0.831027 -0.412612
vn 0.388757 -0.850547 -0.354172
vn 0.055451 0.044545 -0.997467
vn -0.00589295 -0.301485 -0.953453
vn 0.36418 -0.68784 -0.627892
vn 0.059762 -0.463358 -0.884154
vn -0.203718 -0.038283 -0.978281
vn -0.194057 -0.575603 -0.79437
vn -0.343214 -0.496782 -0.797127
vn -0.375983 0.0677207 -0.924148
vn -0.409272 -0.817589 -0.405025
vn 0.514733 -0.520134 -0.68155
vn 0.311437 0.279181 -0.908331
vn 0.486802 -0.50843 -0.710298
vn 0.111431 -0.544791 -0.831136
vn 0.490129 -0.352534 -0.797179
vn 0.526163 0.226522 -0.819659
vn 0.541419 -0.222227 -0.810851
vn 0.684577 -0.409978 -0.602721
vn 0.672977 -0.0413146 -0.738509
vn 0.441549 0.230856 -0.867029
vn 0.497087 0.258021 -0.82845
vn 0.428334 -0.840708 -0.33127
vn 0.348442 0.305363 -0.886195
vn 0.548515 0.0408578 -0.835142
vn 0.397623 0.43277 -0.809078
vn 0.608844 -0.453558 -0.650841
vn 0.459495 -0.31901 -0.828913
vn 0.525254 0.158096 -0.83613
vn 0.472315 0.228846 -0.851204
vn 0.781238 0.247157 -0.573219
vn 0.468586 -0.14346 -0.871692
vn 0.504628 -0.435206 -0.745618
vn 0.383327 -0.401484 -0.831788
vn 0.149446 0.127358 -0.980533
vn 0.47821 0.424333 -0.768932
vn 0.166504 0.383053 -0.908596
vn -0.00967317 0.0658144 -0.997785
vn 0.243851 0.269005 -0.931758
vn 0.68666 0.187192 -0.702465
vn 0.569814 -0.51428 -0.640959
vn 0.474424 -0.826778 -0.302258
vn 0.68576 -0.531214 -0.497539
vn 0.444796 0.344033 -0.826921
vn 0.430192 -0.840484 -0.329427
vn 0.67586 -0.727029 0.121005
vn 0.574422 -0.778426 -0.253162
vn 0.275599 -0.961139 -0.0160262
vn 0.558564 -0.281163 -0.780355
vn 0.565734 -0.5577 -0.607385
vn 0.541419 -0.222227 -0.810851
vn 0.468586 -0.14346 -0.871692
vn 0.68666 0.187192 -0.702465
vn 0.444796 0.344033 -0.826921
vn 0.571054 -0.53362 -0.623817
vn 0.543429 -0.546683 -0.637042
vn 0.459495 -0.31901 -0.828913
vn 0.514733 -0.520134 -0.68155
vn 0.666472 -0.585383 -0.461673
vn 0.351364 -0.877818 -0.325544
vn 0.492768 -0.858473 -0.142141
vn 0.670237 -0.674203 -0.310212
vn 0.486802 -0.50843 -0.710298
vn 0.373022 -0.831027 -0.412612
vn 0.36418 -0.68784 -0.627892
vn 0.428334 -0.840708 -0.33127
vn 0.388757 -0.850547 -0.354172
vn 0.673805 -0.46624 -0.573243
vn 0.684577 -0.409978 -0.602721
vn 0.541419 -0.222227 -0.810851
vn 0.456147 -0.483203 -0.747292
vn 0.506008 -0.16193 -0.847192
vn 0.490129 -0.352534 -0.797179
vn 0.5759 -0.365425 -0.731303
vn 0.580737 -0.354314 -0.732943
vn 0.418162 -0.0665688 -0.90593
vn 0.52944 -0.108848 -0.841335
vn 0.579819 -0.0768128 -0.811116
vn 0.606106 -0.345454 -0.716447
vn 0.607797 -0.354881 -0.710381
vn 0.672977 -0.0413146 -0.738509
vn 0.455689 -0.443816 -0.771606
vn 0.526163 0.226522 -0.819659
vn 0.41577 -0.168317 -0.893759
vn 0.0837941 -0.0501749 -0.995219
vn 0.497087 0.258021 -0.82845
vn -0.775074 0.57507 0.26183
vn -0.450533 0.534193 0.715303
vn -0.457284 0.0784698 0.885852
vn -0.601047 0.256399 0.756969
vn -0.869416 0.48607 0.088612
vn -0.419605 0.456319 0.784668
vn -0.0721663 0.695136 0.715247
vn -0.419257 0.907171 0.0355601
vn -0.57742 0.37569 0.724875
vn -0.506656 0.246006 0.826306
vn -0.767021 0.339758 0.544283
vn -0.441249 0.505196 0.741671
vn -0.0279408 0.479328 0.877191
vn -0.623769 0.344247 0.701717
vn -0.663009 0.408865 0.627096
vn -0.623649 0.347708 0.700115
vn -0.366768 0.72037 0.588684
vn -0.189861 0.13365 0.972672
vn 0.136535 -0.0543055 0.989146
vn -0.545102 0.317824 0.775791
vn -0.448719 0.256221 0.856155
vn -0.154994 0.0201048 0.987711
vn 0.551781 -0.0944744 0.828621
vn 0.283514 0.269843 0.92022
vn -0.820549 0.216505 0.528984
vn -0.554943 0.635082 0.537317
vn -0.21939 -0.0881204 0.971649
vn -0.436808 0.792695 0.425245
vn -0.938865 -0.0275329 0.343184
vn -0.469156 0.802261 0.369146
vn 0.0531609 -0.446574 0.893166
vn 0.00946625 0.397824 0.917413
vn 0.130039 0.888604 0.439856
vn -0.324964 -0.316274 0.891274
vn 0.234458 -0.14875 0.960678
vn -0.623649 0.347708 0.700115
vn 0.130039 0.888604 0.439856
vn -0.623769 0.344247 0.701717
vn -0.554943 0.635082 0.537317
vn -0.820549 0.216505 0.528984
vn -0.604687 0.437801 0.665345
vn -0.726651 -0.566741 0.388308
vn -0.484578 0.0518896 0.873208
vn -0.469156 0.802261 0.369146
vn -0.39235 -0.417289 -0.819714
vn 0.308711 -0.808976 -0.500255
vn -0.268251 -0.502982 -0.821615
vn 0.230338 -0.535755 -0.812349
vn -0.497139 -0.0891738 -0.863076
vn 0.0726648 -0.600394 -0.796396
vn -0.820153 -0.355028 -0.448669
vn -0.477359 -0.226243 -0.849083
vn -0.111162 -0.466105 -0.877718
vn -0.339877 -0.0886181 -0.936286
vn -0.716466 -0.0147963 -0.697465
vn -0.428976 -0.0127066 -0.903227
vn -0.851899 0.0139933 -0.523519
vn -0.537011 -0.0499922 -0.842093
vn -0.899569 0.0128586 -0.43659
vn 0.212794 -0.247782 -0.945157
vn -0.839561 0.12685 -0.528249
vn -0.722876 -0.0118627 -0.690876
vn -0.539258 -0.226222 -0.811187
vn -0.731542 -0.0495429 -0.679994
vn -0.850812 0.0440539 -0.52362
vn -0.274058 -0.0955638 -0.956953
vn -0.317021 0.0199126 -0.94821
vn -0.10351 -0.411415 -0.905552
vn -0.913461 0.0246102 -0.406182
vn -0.889802 0.223865 -0.397664
vn -0.844706 0.0139187 -0.53505
vn -0.692483 0.0553179 -0.71931
vn -0.905178 0.10046 -0.412991
vn -0.273325 0.373197 -0.886576
vn -0.779337 0.365491 -0.50897
vn -0.266362 0.710141 -0.651729
vn -0.866793 0.21334 -0.450728
vn -0.781693 0.46128 -0.419735
vn -0.97659 0.211837 -0.0373671
vn -0.824174 0.553195 0.121296
vn -0.803445 0.515114 0.298553
vn -0.918486 0.0970575 -0.383359
vn -0.996992 0.0526658 -0.0568673
vn -0.924446 0.330167 -0.190763
vn -0.753299 0.364109 -0.54769
vn -0.860021 0.400463 -0.316216
vn -0.945302 0.215491 0.244881
vn -0.81922 0.451883 0.3531
vn -0.99685 -0.00267972 -0.0792692
vn -0.909055 0.157636 0.385706
vn -0.877425 0.421661 0.228754
vn -0.949463 0.129418 -0.285958
vn -0.737305 0.0943183 -0.668943
vn -0.936692 0.349362 0.0235461
vn -0.781882 0.544213 -0.304127
vn -0.26436 0.716522 -0.645531
vn -0.771864 0.571035 -0.279543
vn -0.320811 0.902742 -0.286597
vn -0.996053 0.0887378 0.00175977
vn -0.808762 0.373452 0.454354
vn -0.912533 -0.0641667 -0.403939
vn -0.271658 -0.595875 -0.755735
vn -0.881066 -0.122676 -0.456808
vn -0.866513 -0.387934 -0.314106
vn -0.121252 -0.952896 -0.278005
vn -0.733897 -0.610985 0.296806
vn -0.865898 -0.380007 -0.325293
vn -0.0666814 -0.92513 0.373749
vn -0.673393 -0.735181 0.0777822
vn -0.957334 -0.287253 0.0315836
vn -0.713903 -0.23371 -0.660092
vn -0.537011 -0.0499922 -0.842093
vn -0.539258 -0.226222 -0.811187
vn -0.0302865 -0.404651 -0.91397
vn -0.10351 -0.411415 -0.905552
vn 0.212794 -0.247782 -0.945157
vn -0.99685 -0.00267972 -0.0792692
vn -0.820153 -0.355028 -0.448669
vn -0.737305 0.0943183 -0.668943
vn -0.912533 -0.0641667 -0.403939
vn -0.881066 -0.122676 -0.456808
vn -0.713903 -0.23371 -0.660092
vn -0.936692 0.349362 0.0235461
vn -0.949463 0.129418 -0.285958
vn -0.957334 -0.287253 0.0315836
vn -0.364209 0.818252 0.444764
vn -0.460977 0.876499 0.138743
vn 0.00936656 0.79754 0.603193
vn -0.0767858 0.987683 0.136334
vn -0.308453 0.569593 0.761853
vn -0.779816 0.389169 0.490341
vn -0.838602 0.249845 0.48407
vn -0.245704 0.965241 0.0891007
vn -0.699685 0.613359 0.366377
vn -0.722851 0.582072 0.372397
vn -0.92998 0.138991 0.34032
vn -0.9965 -0.0835094 0.00372312
vn -0.973275 0.0422554 0.225723
vn -0.96491 0.0485739 0.258051
vn -0.518817 0.385923 0.762818
vn -0.656035 0.393866 0.643807
vn -0.613168 0.0964335 0.784044
vn -0.808132 0.367158 0.460562
vn -0.877388 0.345167 -0.333241
vn -0.571368 0.662325 0.484628
vn -0.407614 0.909412 -0.0825868
vn -0.435884 0.806614 0.399223
vn -0.55259 0.647454 0.52483
vn -0.4023 0.853371 0.331531
vn -0.345621 0.866173 0.360957
vn -0.382327 0.672311 0.633895
vn -0.324786 0.698847 0.637281
vn -0.0625433 0.956915 0.283551
vn 0.0877808 0.956744 0.277374
vn 0.207716 0.762996 0.61212
vn -0.174515 0.499802 0.848376
vn 0.223696 0.805072 0.549381
vn 0.0910806 0.183048 0.978876
vn -0.441354 0.897322 0.00442362
vn -0.363515 0.904969 0.221108
vn -0.401598 0.915782 0.00784307
vn -0.40718 0.655705 0.635811
vn -0.786863 -0.252457 -0.563127
vn -0.245704 0.965241 0.0891007
vn -0.552033 0.485616 0.677818
vn -0.722851 0.582072 0.372397
vn -0.9965 -0.0835094 0.00372312
vn -0.910141 0.390835 0.137449
vn 0.0910806 0.183048 0.978876
vn -0.403064 0.311013 0.860703
vn -0.40718 0.655705 0.635811
vn -0.571368 0.662325 0.484628
vn -0.808132 0.367158 0.460562
vn -0.613168 0.0964335 0.784044
vn -0.230467 0.654105 0.720438
vn -0.92998 0.138991 0.34032
vn -0.518817 0.385923 0.762818
vn -0.699685 0.613359 0.366377
vn -0.649656 -0.074906 0.756529
vn -0.792979 0.24992 0.55563
vn -0.84636 -0.0452575 0.530684
vn -0.467188 -0.793831 0.389316
vn -0.782064 -0.23608 0.576751
vn -0.696669 -0.239473 0.676244
vn -0.382489 -0.756126 0.531013
vn -0.491545 -0.33322 0.804579
vn -0.512292 -0.355596 0.781734
vn -0.182589 -0.894026 0.40912
vn -0.45547 -0.00142663 0.89025
vn -0.603203 0.0988647 0.791437
vn -0.712061 -0.0673344 0.698882
vn -0.896969 0.0809072 0.434627
vn -0.747449 0.0195971 0.66403
vn -0.740266 0.0851106 0.666906
vn -0.791929 0.0951645 0.603153
vn -0.731361 -0.412543 0.543065
vn -0.945018 -0.0670475 0.32007
vn -0.875169 -0.400439 0.271528
vn -0.445509 -0.878168 0.174192
vn -0.750438 0.0610171 0.658118
vn -0.345711 -0.936544 0.0580446
vn -0.850461 -0.49333 0.1826
vn -0.866875 -0.205146 0.45436
vn -0.721684 0.306623 0.620608
vn -0.842413 0.283005 0.458528
vn -0.638098 -0.653276 0.407506
vn -0.84534 -0.316406 0.430451
vn -0.516573 -0.814644 0.263641
vn -0.701223 -0.622652 0.347261
vn -0.843264 -0.314981 0.435537
vn -0.705642 0.0874623 0.70315
vn -0.839463 0.0846355 0.536785
vn -0.789905 -0.497115 0.359064
vn -0.267423 -0.955669 0.123211
vn -0.655338 -0.749206 -0.0960328
vn -0.757416 -0.57833 0.303077
vn -0.344934 0.726574 -0.59423
vn -0.173727 0.782651 -0.597726
vn -0.126696 0.989103 -0.074989
vn -0.0107162 0.869957 -0.493011
vn 0.338625 0.781624 -0.523828
vn -0.193397 0.940219 -0.280331
vn -0.0853484 0.79216 -0.604316
vn -0.334783 0.912766 -0.234047
vn 0.183824 0.584314 -0.790434
vn -0.445844 0.870463 -0.208608
vn 0.231184 0.600345 -0.765598
vn -0.139362 0.934598 -0.327269
vn -0.523142 0.795189 -0.306588
vn -0.348826 0.169445 -0.921742
vn -0.406267 0.873799 -0.267249
vn -0.308027 0.838819 -0.44889
vn -0.0924821 0.992871 -0.075197
vn -0.0500537 0.99032 -0.12946
vn -0.200639 0.752177 -0.627673
vn 0.0190967 0.998785 -0.0454275
vn 0.0208378 0.999768 -0.00550463
vn 0.0535969 0.998547 -0.00552207
vn -0.00621323 0.999503 0.0309151
vn 0.0977751 0.975056 0.199266
vn 0.013143 0.729192 0.684183
vn 0.440172 0.823212 0.358567
vn 0.338895 0.931112 0.134834
vn -0.0140786 0.9999 -0.00132947
vn 0.0283663 0.998225 -0.0523652
vn -0.0493779 0.997499 -0.0505745
vn -0.097737 0.994238 -0.0440296
vn 0.0132355 0.95386 -0.299961
vn 0.0679782 0.995646 -0.0637771
vn -0.391477 -0.0267853 -0.919798
vn -0.0516371 0.997386 0.0505468
vn -0.055119 0.90205 0.428097
vn -0.353508 0.872964 0.336105
vn -0.368935 0.860575 0.351138
vn -0.413927 0.602579 0.682322
vn -0.131198 0.99135 -0.0034194
vn -0.626366 0.669951 0.398536
vn -0.598837 0.759541 -0.253953
vn -0.554918 0.0352815 -0.831157
vn 0.344133 0.877798 -0.333232
vn 0.20497 0.97561 -0.0785637
vn 0.372936 0.813071 -0.447027
vn 0.443155 0.891314 -0.095775
vn 0.406987 0.912181 0.0478261
vn 0.513613 0.762041 -0.394328
vn 0.125844 0.991967 -0.0128534
vn -0.406267 0.873799 -0.267249
vn -0.523142 0.795189 -0.306588
vn -0.595158 0.777263 -0.204081
vn -0.0924821 0.992871 -0.075197
vn -0.097737 0.994238 -0.0440296
vn -0.445844 0.870463 -0.208608
vn 0.338895 0.931112 0.134834
vn 0.125844 0.991967 -0.0128534
vn 0.406987 0.912181 0.0478261
vn 0.0132355 0.95386 -0.299961
vn -0.097737 0.994238 -0.0440296
vn -0.139362 0.934598 -0.327269
vn -0.334783 0.912766 -0.234047
vn -0.445844 0.870463 -0.208608
vn -0.131198 0.99135 -0.0034194
vn -0.598837 0.759541 -0.253953
vn -0.320012 0.730496 -0.603298
vn -0.0500537 0.99032 -0.12946
vn -0.00420363 0.94635 -0.323115
vn -0.0696018 0.996807 -0.0391456
vn 0.215478 0.90177 -0.374674
vn 0.386678 0.780523 -0.491186
vn 0.033558 0.99913 -0.0247493
vn 0.0587943 0.931878 -0.357976
vn -0.0136614 0.995728 -0.0913155
vn -0.268801 0.830128 -0.488502
vn -0.33011 0.942453 0.0530005
vn -0.216447 0.883173 -0.416121
vn -0.318767 0.749086 -0.580739
vn 0.0060719 0.881153 -0.472793
vn 0.03277 0.999451 -0.0048565
vn -0.150835 0.98524 0.0809356
vn -0.414083 0.882443 0.223227
vn -0.13719 0.887042 -0.440834
vn -0.0406841 0.300504 0.952912
vn -0.243886 0.946068 0.213247
vn -0.0235508 0.996955 -0.0743391
vn 0.64929 -0.0411487 -0.759427
vn 0.295934 -0.278077 -0.913836
vn 0.30411 0.781346 -0.544992
vn -0.0953053 0.993073 0.0687293
vn -0.394115 0.893228 0.216373
vn -0.0329733 0.988769 0.145769
vn -0.576661 0.790151 0.207663
vn 0.135403 0.880191 -0.454895
vn -0.214486 0.928954 -0.301729
vn -0.501443 0.692019 0.519293
vn -0.651739 0.686142 0.32318
vn -0.399681 0.909726 -0.11249
vn -0.495415 0.828272 0.261782
vn -0.39323 0.875368 -0.281249
vn -0.277658 0.779945 -0.560885
vn 0.54242 -0.0909452 -0.83517
vn 0.945134 -0.0942181 0.312801
vn -0.0921651 0.995735 0.00415375
vn -0.0773203 0.968228 -0.237814
vn -0.335155 0.908996 -0.247784
vn -0.045534 0.832184 -0.552627
vn 0.172177 0.814363 -0.554227
vn 0.436008 0.2684 -0.858987
vn -0.301508 0.714461 -0.631378
vn -0.370585 0.899494 0.231469
vn -0.481003 0.831998 0.276435
vn 0.851313 -0.514415 -0.103169
vn 0.0751628 0.769338 -0.634405
vn -0.0423765 0.904174 -0.425056
vn -0.328844 0.939412 -0.0967758
vn 0.922477 -0.107668 -0.370735
vn -0.329054 0.935928 0.125547
vn -0.276735 0.94779 0.15847
vn -0.591863 0.692796 0.411984
vn -0.790847 0.533446 0.299994
vn -0.683391 0.513383 0.519051
vn -0.589934 0.666848 0.455292
vn -0.518943 -0.0581069 0.852832
vn -0.796825 0.360757 0.484691
vn -0.419364 0.846355 0.328355
vn -0.756638 0.25661 0.601374
vn -0.901609 0.43004 0.0465493
vn -0.828023 0.0297603 0.559903
vn -0.537048 0.831544 0.141825
vn -0.249877 0.842467 -0.477294
vn 0.230218 0.472936 -0.850489
vn -0.267349 0.631836 -0.727536
vn 0.0456592 0.190635 -0.980599
vn 0.436525 -0.133215 -0.889775
vn 0.36952 0.309858 -0.876038
vn 0.0501431 0.859758 -0.508234
vn 0.0291839 0.983191 -0.180234
vn 0.0928873 0.825543 -0.556642
vn 0.099489 0.497491 -0.861745
vn 0.441609 0.303118 -0.844453
vn 0.367268 0.767262 -0.52576
vn 0.455862 0.816712 -0.353797
vn -0.0399574 0.715231 0.697745
vn 0.118738 0.505711 -0.854493
vn 0.68244 -0.247579 -0.687735
vn -0.106191 0.662892 -0.741146
vn 0.205817 -0.261382 -0.943037
vn 0.0769015 -0.364063 -0.928194
vn -0.73881 0.651952 0.170641
vn -0.393475 0.852145 -0.345002
vn -0.0136614 0.995728 -0.0913155
vn -0.33011 0.942453 0.0530005
vn -0.0423765 0.904174 -0.425056
vn -0.106191 0.662892 -0.741146
vn 0.0291839 0.983191 -0.180234
vn -0.0636375 0.897524 -0.43635
vn 0.0928873 0.825543 -0.556642
vn 0.367268 0.767262 -0.52576
vn 0.36952 0.309858 -0.876038
vn -0.267349 0.631836 -0.727536
vn -0.12206 0.990889 0.0569213
vn -0.0235508 0.996955 -0.0743391
vn -0.243886 0.946068 0.213247
vn -0.394115 0.893228 0.216373
vn 0.441609 0.303118 -0.844453
vn -0.249877 0.842467 -0.477294
vn -0.301508 0.714461 -0.631378
vn -0.277658 0.779945 -0.560885
vn -0.399681 0.909726 -0.11249
vn -0.501443 0.692019 0.519293
vn -0.518943 -0.0581069 0.852832
vn -0.589934 0.666848 0.455292
vn -0.627888 0.0770373 0.774482
vn -0.0989647 0.179528 0.978762
vn -0.73881 0.651952 0.170641
vn -0.0329733 0.988769 0.145769
vn -0.479293 -0.833163 0.275892
vn -0.28335 -0.853567 0.437191
vn -0.704986 -0.671621 0.22786
vn -0.19375 -0.830497 0.52224
vn -0.547634 -0.824807 0.140678
vn -0.274291 -0.862864 0.424534
vn -0.442058 -0.807619 0.390302
vn -0.35771 -0.71071 0.605752
vn -0.40476 -0.835027 0.372692
vn -0.224145 -0.887588 0.402427
vn -0.382082 -0.798548 0.465118
vn -0.493114 -0.796143 0.350707
vn -0.0163493 -0.958044 0.286156
vn -0.540118 -0.744413 0.392582
vn -0.124964 -0.97179 0.200019
vn -0.289643 -0.956108 0.0443173
vn 0.0464145 -0.921534 -0.385515
vn 0.434648 -0.887662 -0.152107
vn 0.117314 -0.966208 0.229522
vn 0.320197 -0.944843 -0.0688861
vn 0.173749 -0.97856 0.110601
vn 0.0197015 -0.995073 0.0971708
vn -0.0934783 -0.952855 0.288666
vn 0.467961 -0.815694 0.340081
vn 0.448301 -0.829168 0.333925
vn 0.0633621 -0.979588 0.190767
vn 0.28792 -0.948938 -0.128911
vn 0.086023 -0.895941 0.435763
vn 0.462945 -0.86685 -0.185075
vn -0.459304 -0.774125 -0.435627
vn 0.218818 -0.887665 0.405179
vn -0.189136 -0.970234 -0.15124
vn -0.348982 -0.822004 -0.450023
vn -0.267944 -0.882369 -0.386822
vn 0.127865 -0.92251 -0.364178
vn -0.485145 -0.711812 0.507896
vn 0.450727 -0.892589 0.0114412
vn 0.269354 -0.949605 -0.160306
vn 0.00298593 -0.999993 0.00216636
vn 0.0169934 -0.999833 0.00672312
vn 0.183077 -0.973486 0.137145
vn 0.0208917 -0.878361 0.477541
vn 0.0948025 -0.866826 0.489515
vn 0.36994 -0.918708 0.138279
vn 0.256555 -0.765321 0.590307
vn -0.0775474 -0.996491 -0.0315076
vn -0.0474466 -0.452209 0.890649
vn -0.0989647 0.179528 0.978762
vn 0.620078 -0.776412 -0.112639
vn -0.183384 -0.98268 0.0266627
vn 0.0893266 -0.943969 0.317715
vn -0.329472 -0.929768 0.164255
vn -0.358646 -0.894624 0.266496
vn -0.34457 -0.92947 0.131745
vn -0.432749 -0.898089 0.0785125
vn -0.575283 -0.760138 0.302059
vn -0.54825 -0.822669 0.150458
vn -0.597115 -0.775009 0.206918
vn -0.341592 -0.912834 0.223715
vn 0.107432 -0.99137 0.0751304
vn 0.371613 -0.838589 0.398337
vn 0.167702 -0.904922 0.391142
vn -0.455622 -0.889189 0.0418562
vn -0.664056 -0.655827 0.359055
vn -0.0659418 -0.980705 0.184034
vn -0.0623568 -0.854955 0.51494
vn -0.147255 -0.947364 0.284284
vn -0.217539 -0.871624 0.439258
vn -0.322651 -0.93527 0.145487
vn -0.447821 -0.654444 0.609228
vn -0.127316 -0.986263 0.105245
vn -0.118847 -0.819233 0.561011
vn -0.353425 -0.60383 0.714479
vn -0.263195 -0.830887 0.490261
vn -0.0505911 -0.952956 0.298856
vn -0.402559 -0.583163 0.705597
vn -0.268254 -0.909819 0.316654
vn -0.162186 -0.513782 0.842451
vn -0.209704 -0.467796 0.858599
vn -0.443067 -0.652143 0.615144
vn -0.306852 -0.869722 0.386556
vn -0.127676 -0.962472 0.239469
vn -0.354504 -0.850546 0.388456
vn -0.381914 -0.708992 0.592851
vn -0.369981 -0.661212 0.65262
vn -0.659251 -0.618298 0.427897
vn -0.620263 -0.71822 0.315331
vn -0.242389 -0.964081 0.108611
vn -0.500589 -0.857045 0.122002
vn -0.701223 -0.622652 0.347261
vn -0.516573 -0.814644 0.263641
vn -0.490431 -0.844801 -0.213985
vn -0.314665 -0.943093 -0.107527
vn -0.771616 -0.540438 0.335463
vn -0.390594 -0.661289 0.640417
vn -0.809794 -0.00751074 0.586666
vn -0.745485 -0.167561 0.645116
vn -0.67233 -0.333641 0.6608
vn -0.37825 -0.81759 0.434136
vn -0.39256 -0.675554 0.624118
vn -0.456818 -0.878319 0.140971
vn -0.6666 -0.63486 0.390637
vn -0.685818 -0.31741 0.654908
vn -0.324078 -0.835021 0.444649
vn -0.843264 -0.314981 0.435537
vn -0.351843 -0.911708 0.212121
vn -0.321287 -0.833484 0.449531
vn -0.320937 -0.764473 0.55909
vn -0.322535 -0.0246425 0.946237
vn -0.354206 -0.885598 0.300422
vn -0.523887 -0.76321 0.378222
vn -0.0210964 -0.921151 0.388633
vn -0.34509 -0.87854 0.330274
vn 0.0357207 -0.881791 0.470285
vn -0.179106 -0.905581 0.384505
vn -0.455622 -0.889189 0.0418562
vn -0.526682 -0.848126 0.0573396
vn -0.267944 -0.882369 -0.386822
vn -0.0775474 -0.996491 -0.0315076
vn -0.127316 -0.986263 0.105245
vn -0.320937 -0.764473 0.55909
vn -0.179106 -0.905581 0.384505
vn -0.321287 -0.833484 0.449531
vn -0.179106 -0.905581 0.384505
vn -0.329472 -0.929768 0.164255
vn 0.117314 -0.966208 0.229522
vn -0.124964 -0.97179 0.200019
vn -0.201671 -0.898433 0.390061
vn -0.493114 -0.796143 0.350707
vn -0.0163493 -0.958044 0.286156
vn -0.0505911 -0.952956 0.298856
vn 0.0357207 -0.881791 0.470285
vn -0.217539 -0.871624 0.439258
vn -0.118847 -0.819233 0.561011
vn -0.289643 -0.956108 0.0443173
vn -0.341592 -0.912834 0.223715
vn -0.664056 -0.655827 0.359055
vn 0.407048 -0.619935 -0.670815
vn 0.325003 -0.529847 -0.783349
vn 0.483891 -0.619548 -0.61807
vn 0.186211 -0.3595 -0.914377
vn 0.548136 0.0140629 -0.836271
vn 0.0576129 -0.41759 -0.906807
vn 0.691077 0.0562085 -0.720592
vn 0.0888227 -0.764632 -0.638317
vn 0.200023 -0.0358498 -0.979135
vn 0.408219 -0.387935 -0.826356
vn 0.664315 0.042886 -0.746222
vn 0.449758 -0.448784 -0.772211
vn 0.586028 0.492016 -0.64381
vn 0.64501 0.369365 -0.668978
vn 0.7511 0.0463448 -0.65856
vn 0.0194463 -0.914273 -0.404631
vn 0.291049 -0.805835 -0.515675
vn 0.0333288 -0.91707 -0.397331
vn 0.249868 -0.848297 -0.46686
vn 0.40847 -0.383622 -0.828243
vn 0.43428 -0.403697 -0.805251
vn 0.419541 -0.786191 -0.45375
vn 0.287964 -0.912593 -0.29026
vn 0.278097 -0.380789 -0.881851
vn 0.563407 -0.687176 -0.458652
vn 0.57558 -0.41496 -0.704639
vn 0.559174 -0.226387 -0.797542
vn 0.681702 -0.320343 -0.657771
vn 0.56022 -0.414157 -0.717375
vn 0.277217 -0.530536 -0.801051
vn 0.233464 -0.461916 -0.855645
vn -0.0706068 -0.59181 -0.802979
vn 0.0655267 -0.445863 -0.8927
vn 0.516448 -0.544695 -0.660749
vn 0.0765494 -0.158263 -0.984425
vn 0.0622751 -0.427985 -0.901638
vn 0.53185 -0.32497 -0.782004
vn 0.420429 -0.0375874 -0.906546
vn 0.465359 -0.0444322 -0.884006
vn 0.0167872 0.198356 -0.979986
vn 0.404174 -0.851734 -0.333456
vn 0.673084 0.109276 -0.731448
vn 0.659174 0.164851 -0.733699
vn 0.500035 -0.246979 -0.83004
vn 0.591021 -0.75039 -0.295987
vn 0.470049 -0.778569 -0.415794
vn 0.532129 -0.761248 -0.370594
vn 0.462947 -0.373912 -0.80366
vn 0.748653 -0.439733 -0.496139
vn 0.298548 -0.132204 -0.945194
vn 0.45351 -0.221441 -0.863303
vn 0.354023 0.00685354 -0.935211
vn 0.581401 0.0296039 -0.813079
vn 0.587701 -0.451155 -0.671615
vn 0.755241 0.0648821 -0.652228
vn 0.687035 -0.336843 -0.643833
vn 0.693244 -0.143374 -0.706298
vn 0.605674 -0.292731 -0.739911
vn 0.510097 -0.500192 -0.699721
vn 0.595345 -0.243408 -0.765713
vn 0.321158 -0.0986984 -0.941868
vn 0.597341 -0.324464 -0.733421
vn 0.531165 -0.248868 -0.809894
vn 0.39841 -0.380791 -0.834427
vn 0.558391 -0.446917 -0.698903
vn 0.488587 -0.222191 -0.84375
vn 0.567897 -0.474999 -0.672212
vn 0.522448 -0.595264 -0.610499
vn 0.597422 -0.241261 -0.764775
vn 0.634456 -0.149669 -0.75833
vn 0.655907 -0.0904826 -0.749399
vn 0.580541 -0.688539 -0.434611
vn 0.617503 -0.0235741 -0.786215
vn 0.868187 -0.0289333 -0.495393
vn 0.412053 -0.889107 -0.199252
vn 0.944077 0.069875 -0.322237
vn 0.616852 -0.786756 -0.0225311
vn 0.759126 -0.385522 -0.5245
vn 0.397819 -0.383273 -0.833572
vn 0.551387 -0.427775 -0.716227
vn 0.869132 -0.297163 -0.395353
vn 0.7437 -0.403236 -0.533208
vn 0.814792 -0.313611 -0.487609
vn 0.492371 -0.574475 -0.653872
vn 0.913405 -0.31465 -0.258238
vn 0.547088 -0.337314 -0.766103
vn 0.587545 -0.335738 -0.736255
vn 0.314786 -0.756737 -0.572939
vn 0.499299 -0.335689 -0.798758
vn 0.478651 -0.18472 -0.858354
vn 0.479649 0.401706 -0.780109
vn 0.29522 -0.844488 -0.446861
vn 0.435724 -0.286012 -0.853429
vn 0.36301 -0.183175 -0.913603
vn 0.721028 -0.302412 -0.623431
vn 0.547541 -0.304173 -0.779537
vn 0.314655 -0.880291 -0.355076
vn 0.280647 -0.489939 -0.825347
vn 0.218811 -0.621959 -0.751857
vn 0.151636 -0.944067 -0.292819
vn 0.166769 -0.128692 -0.977562
vn 0.373883 -0.314933 -0.87237
vn 0.430921 -0.121167 -0.894218
vn 0.502416 -0.209879 -0.838766
vn 0.480627 -0.31443 -0.818616
vn 0.65207 -0.367004 -0.66341
vn 0.442352 0.329637 -0.834065
vn 0.180581 0.352612 -0.91818
vn 0.371479 0.394137 -0.84063
vn 0.230153 -0.814001 -0.533321
vn 0.409207 -0.171418 -0.896195
vn 0.265168 -0.111819 -0.957696
vn 0.971482 -0.173869 -0.16122
vn 0.593131 -0.364153 -0.718045
vn 2.89416e-05 -0.600647 -0.799515
vn 0.0755199 -0.380332 -0.921762
vn 0.0662294 -0.920172 -0.385873
vn 0.00305185 -0.89936 -0.437198
vn 0.573163 -0.23537 -0.784911
vn 0.207169 -0.957946 -0.198546
vn 0.393942 -0.904649 -0.162543
vn 0.468198 -0.261169 -0.844146
vn 0.0698889 -0.936453 -0.34376
vn 0.747253 -0.201462 -0.633266
vn 0.468198 -0.261169 -0.844146
vn 0.462947 -0.373912 -0.80366
vn 0.483891 -0.619548 -0.61807
vn 0.449758 -0.448784 -0.772211
vn 0.230153 -0.814001 -0.533321
vn 0.65207 -0.367004 -0.66341
vn 0.470049 -0.778569 -0.415794
vn 0.373883 -0.314933 -0.87237
vn 0.280647 -0.489939 -0.825347
vn 0.532129 -0.761248 -0.370594
vn 0.480627 -0.31443 -0.818616
vn 0.313876 -0.127375 -0.940881
vn 0.502416 -0.209879 -0.838766
vn 0.64501 0.369365 -0.668978
vn 0.442352 0.329637 -0.834065
vn 0.200023 -0.0358498 -0.979135
vn 0.659174 0.164851 -0.733699
vn 0.298548 -0.132204 -0.945194
vn 0.7511 0.0463448 -0.65856
vn 0.0698889 -0.936453 -0.34376
vn 0.404174 -0.851734 -0.333456
vn 0.516448 -0.544695 -0.660749
vn 0.748653 -0.439733 -0.496139
vn 0.587701 -0.451155 -0.671615
vn 0.573163 -0.23537 -0.784911
vn 0.547541 -0.304173 -0.779537
vn 0.747253 -0.201462 -0.633266
vn 0.547541 -0.304173 -0.779537
vn 0.499299 -0.335689 -0.798758
vn 0.45351 -0.221441 -0.863303
vn 0.0755199 -0.380332 -0.921762
vn 0.500035 -0.246979 -0.83004
vn 0.314786 -0.756737 -0.572939
vn 0.0662294 -0.920172 -0.385873
vn 0.0765494 -0.158263 -0.984425
vn 0.397819 -0.383273 -0.833572
vn 0.207169 -0.957946 -0.198546
vn 0.593131 -0.364153 -0.718045
vn 0.393942 -0.904649 -0.162543
vn 0.356884 -0.808964 -0.467132
vn 0.397801 -0.548807 -0.735231
vn 0.564637 -0.554376 -0.611435
vn 0.361473 -0.504972 -0.783799
vn 0.271141 -0.478009 -0.835458
vn 0.18599 -0.329094 -0.9258
vn 0.510915 -0.452696 -0.730775
vn 0.424802 0.0749294 -0.90218
vn 0.853618 0.166158 -0.493687
vn 0.0827947 0.111903 -0.990264
vn 0.325363 -0.274418 -0.904894
vn 0.561466 0.355872 -0.747068
vn 0.744657 0.260356 -0.614573
vn 0.216966 -0.176497 -0.960091
vn 0.209715 -0.0136072 -0.977668
vn 0.521709 -0.0476438 -0.851792
vn 0.427224 0.50386 -0.750737
vn 0.502095 -0.199154 -0.841569
vn 0.661332 0.0318394 -0.749418
vn 0.80731 -0.129563 -0.57573
vn 0.554414 -0.313691 -0.770859
vn 0.33338 -0.0292251 -0.942339
vn 0.196754 0.205881 -0.958593
vn 0.570678 0.21461 -0.792634
vn 0.309853 0.378633 -0.87214
vn 0.547097 -0.0200361 -0.836829
vn 0.465997 0.0426881 -0.883756
vn 0.10397 0.388777 -0.915447
vn 0.397559 0.290724 -0.870302
vn 0.411509 0.305386 -0.85872
vn 0.170977 0.152066 -0.973469
vn 0.371119 0.504153 -0.779808
vn 0.325253 0.0321533 -0.94508
vn 0.491437 0.28314 -0.823603
vn 0.368886 -0.00249087 -0.929471
vn 0.50635 0.390117 -0.769037
vn 0.554086 0.38718 -0.73694
vn 0.522923 0.0524207 -0.850766
vn 0.744665 0.530912 -0.404484
vn 0.365474 0.617852 -0.696195
vn 0.655771 0.459288 -0.599182
vn 0.0905059 0.847253 -0.523422
vn 0.379418 0.80203 -0.461291
vn 0.348119 0.82684 -0.441757
vn 0.32463 0.719727 -0.613684
vn 0.466017 0.574748 -0.672676
vn 0.200766 0.465342 -0.862062
vn 0.357333 0.646844 -0.673725
vn 0.135263 0.38452 -0.913153
vn 0.325327 0.45804 -0.827262
vn 0.012602 0.454136 -0.890843
vn 0.192436 0.838442 -0.509886
vn 0.352098 -0.138974 -0.925588
vn 0.745304 -0.400779 -0.532821
vn 0.217254 0.5809 -0.784447
vn 0.453959 0.367825 -0.811557
vn 0.892134 0.311677 -0.327039
vn 0.42135 0.734231 -0.532324
vn 0.491973 0.529603 -0.691002
vn 0.723541 0.57262 -0.38548
vn 0.784939 0.543323 -0.297777
vn 0.246992 0.514057 -0.821426
vn 0.249542 0.79267 -0.55624
vn 0.250385 0.590126 -0.767502
vn 0.336678 0.795465 -0.503868
vn 0.559556 0.232034 -0.795649
vn 0.286595 0.793509 -0.536849
vn -0.369692 0.792745 -0.484647
vn 0.0792041 0.712185 -0.697509
vn 0.45401 0.665698 -0.592217
vn 0.247976 0.786197 -0.56604
vn 0.406938 0.0575407 -0.911642
vn 0.469736 0.407068 -0.783354
vn 0.573376 0.325681 -0.751779
vn 0.161484 0.265289 -0.95055
vn 0.699961 0.472285 -0.535725
vn 0.369927 0.438597 -0.819016
vn 0.751008 0.462789 -0.470971
vn 0.589096 0.349789 -0.728433
vn 0.254806 0.398896 -0.880884
vn 0.45869 -0.0204659 -0.888361
vn 0.524944 0.230275 -0.819394
vn 0.629836 -0.159178 -0.760243
vn 0.444462 0.83931 -0.313069
vn 0.657619 0.453736 -0.601383
vn 0.528701 0.539095 -0.655631
vn 0.353843 0.324641 -0.877156
vn 0.182389 -0.0548493 -0.981695
vn 0.648234 0.579479 -0.49396
vn 0.486091 0.328959 -0.809631
vn 0.205043 0.477548 -0.854345
vn 0.286204 0.718639 -0.633755
vn 0.311819 0.694177 -0.648758
vn 0.358358 0.832332 -0.422852
vn 0.659424 0.659193 -0.361421
vn 0.889619 0.185257 -0.417442
vn 0.884136 0.46721 -0.00423653
vn 0.109268 0.72265 -0.682523
vn 0.392888 0.80804 -0.438988
vn 0.315769 0.454366 -0.832972
vn 0.186614 0.718746 -0.669761
vn 0.187853 0.851474 -0.489596
vn 0.441483 -0.0744081 -0.894179
vn 0.385287 0.000884356 -0.922796
vn 0.709518 0.376338 -0.59578
vn 0.86565 -0.196119 -0.460638
vn 0.795677 -0.299217 -0.526657
vn 0.414464 -0.780206 -0.468506
vn 0.325114 -0.839404 -0.435548
vn 0.30754 -0.681497 -0.664064
vn 0.0384133 -0.936604 -0.348278
vn 0.00646059 -0.395861 -0.918288
vn -0.636989 -0.303258 -0.708717
vn -0.375652 0.296867 -0.877927
vn 0.0603379 -0.274485 -0.959696
vn 0.23364 -0.358928 -0.90365
vn 0.326148 -0.695356 -0.640397
vn 0.321019 -0.63603 -0.701722
vn 0.392947 -0.359562 -0.846349
vn 0.0666881 -0.180008 -0.981402
vn 0.197088 0.279024 -0.939842
vn 0.346309 -0.107885 -0.931896
vn 0.381444 -0.829112 -0.408747
vn 0.19582 0.0663183 -0.978395
vn 0.392179 -0.384001 -0.835906
vn 0.387145 0.885816 -0.25583
vn 0.563457 -0.288825 -0.774013
vn 0.857014 0.290014 -0.425933
vn -0.421679 0.408752 -0.809388
vn 0.379477 -0.304952 -0.8735
vn 0.407039 -0.197076 -0.891897
vn 0.544341 0.220137 -0.809464
vn 0.538623 0.349781 -0.76651
vn 0.656317 0.379733 -0.651959
vn 0.55779 -0.349948 -0.7526
vn 0.516748 0.222793 -0.826641
vn 0.250974 -0.270002 -0.929576
vn 0.14929 0.307684 -0.939704
vn 0.175969 0.152916 -0.972446
vn -0.0237856 0.3775 -0.925704
vn 0.073068 0.427088 -0.901253
vn 0.0329079 0.393015 -0.918943
vn 0.113717 0.636087 -0.763192
vn 0.0535865 0.41401 -0.908694
vn 0.0886544 0.472547 -0.876835
vn 0.576447 0.386448 -0.719977
vn 0.253153 0.45337 -0.854617
vn 0.10903 0.453733 -0.884443
vn 0.303215 0.576582 -0.758692
vn 0.0506 0.465297 -0.883707
vn 0.0583995 0.493715 -0.86766
vn 0.0865655 0.457266 -0.885107
vn 0.178019 0.45615 -0.871915
vn 0.228145 0.75536 -0.614314
vn 0.385165 -0.112765 -0.915932
vn 0.582494 -0.00563273 -0.812816
vn 0.13837 -0.076383 -0.987431
vn 0.4657 -0.0123211 -0.884857
vn 0.373096 -0.0687405 -0.925243
vn 0.685431 -0.0182464 -0.727909
vn 0.462458 0.332132 -0.822083
vn 0.355554 0.811714 -0.46336
vn 0.640548 0.441658 -0.628201
vn 0.620603 0.325051 -0.713578
vn 0.47762 -0.190401 -0.857687
vn 0.480578 -0.165548 -0.861185
vn 0.746734 0.0551908 -0.662829
vn 0.757004 -0.021427 -0.653058
vn 0.516493 0.513737 -0.685062
vn 0.704121 0.11015 -0.701485
vn 0.72759 0.266418 -0.632167
vn 0.444365 0.619785 -0.646843
vn 0.428911 0.723385 -0.541064
vn 0.648225 0.319491 -0.69118
vn 0.868196 -0.128158 -0.479387
vn 0.647232 0.35043 -0.67697
vn 0.855493 -0.262181 -0.446535
vn 0.33163 0.74011 -0.585028
vn 0.328486 0.781852 -0.52991
vn 0.878189 0.0145848 -0.478091
vn 0.633056 0.086428 -0.769266
vn 0.476468 0.411573 -0.776908
vn 0.450087 0.40352 -0.796614
vn 0.202405 0.693772 -0.691168
vn 0.331978 0.623935 -0.707458
vn 0.436008 0.2684 -0.858987
vn -0.045534 0.832184 -0.552627
vn 0.339224 0.803842 -0.488636
vn -0.327031 0.750478 -0.574312
vn 0.0530256 0.982835 -0.176702
vn 0.551134 0.37279 -0.746511
vn 0.440916 0.488395 -0.753036
vn 0.486755 -0.146302 -0.8612
vn 0.383694 0.754061 -0.533078
vn 0.461303 -0.00121428 -0.887242
vn 0.55619 0.108562 -0.823934
vn 0.355319 -0.0853494 -0.93084
vn 0.524195 0.0283262 -0.851127
vn 0.559156 0.148975 -0.815568
vn 0.433266 -0.441013 -0.785995
vn 0.503272 0.299374 -0.810612
vn 0.248448 -0.2779 -0.927925
vn 0.375979 -0.648479 -0.661903
vn 0.457372 0.270795 -0.847043
vn 0.623512 0.323464 -0.711761
vn 0.47558 0.480716 -0.736706
vn 0.189679 0.496358 -0.847143
vn 0.31784 0.496635 -0.80767
vn 0.140678 0.629744 -0.763959
vn 0.0385206 0.488027 -0.871978
vn 0.0483332 0.920017 -0.388886
vn 0.0435957 0.929388 -0.366521
vn 0.0746322 0.374708 -0.924134
vn -0.0752493 0.729602 -0.679719
vn 0.114964 0.573649 -0.810994
vn -0.0732396 0.857781 -0.508771
vn 0.035499 0.666737 -0.744447
vn 0.229336 0.919047 -0.320557
vn 0.48707 0.0389019 -0.872496
vn 0.148264 -0.0580063 -0.987245
vn 0.457238 -0.323871 -0.828276
vn 0.363061 -0.310042 -0.87867
vn 0.494283 0.19724 -0.846629
vn 0.332223 0.393042 -0.857406
vn 0.66536 0.655487 -0.357257
vn 0.544659 0.649411 -0.530672
vn 0.470606 0.0395241 -0.881458
vn 0.5165 0.673066 -0.529349
vn 0.108619 -0.371865 -0.92191
vn 0.572542 -0.142748 -0.807353
vn 0.627649 0.0274135 -0.778014
vn 0.522624 -0.74706 -0.410811
vn 0.49907 0.0759508 -0.863227
vn 0.885155 0.0896537 -0.456578
vn 0.693125 0.527342 -0.491414
vn 0.856833 0.181459 -0.482608
vn 0.620176 -0.270827 -0.73623
vn 0.654724 -0.325421 -0.68223
vn 0.51054 -0.517218 -0.686902
vn 0.576157 -0.447665 -0.683842
vn 0.531376 0.00686534 -0.847108
vn 0.531008 0.0640434 -0.844943
vn 0.576696 0.0836893 -0.812661
vn 0.500899 -0.743797 -0.442567
vn 0.465949 0.0150035 -0.884684
vn 0.859678 0.0847321 -0.503761
vn 0.526483 -0.752086 -0.396462
vn 0.83269 0.491925 -0.254237
vn 0.654298 0.628062 -0.421227
vn 0.698063 0.663068 -0.270275
vn 0.545737 0.609398 -0.575157
vn 0.0518361 0.945938 0.320178
vn 0.831051 0.500534 -0.242528
vn 0.399917 0.884135 -0.241602
vn 0.0682573 0.933721 -0.351435
vn 0.745304 -0.400779 -0.532821
vn 0.271141 -0.478009 -0.835458
vn 0.241773 -0.380316 -0.892696
vn 0.23364 -0.358928 -0.90365
vn 0.321019 -0.63603 -0.701722
vn 0.181301 -0.146267 -0.97249
vn 0.45869 -0.0204659 -0.888361
vn 0.325363 -0.274418 -0.904894
vn 0.744657 0.260356 -0.614573
vn 0.443886 -0.763284 -0.469429
vn 0.859544 -0.00395047 -0.511047
vn 0.371119 0.504153 -0.779808
vn 0.00646059 -0.395861 -0.918288
vn 0.629836 -0.159178 -0.760243
vn 0.853618 0.166158 -0.493687
vn 0.392947 -0.359562 -0.846349
vn 0.30754 -0.681497 -0.664064
vn 0.48707 0.0389019 -0.872496
vn 0.0666881 -0.180008 -0.981402
vn 0.346309 -0.107885 -0.931896
vn 0.582494 -0.00563273 -0.812816
vn 0.355319 -0.0853494 -0.93084
vn 0.381444 -0.829112 -0.408747
vn 0.685431 -0.0182464 -0.727909
vn 0.572542 -0.142748 -0.807353
vn 0.108619 -0.371865 -0.92191
vn 0.0752361 -0.913895 -0.398919
vn 0.325114 -0.839404 -0.435548
vn 0.679473 -0.676942 -0.28296
vn 0.656317 0.379733 -0.651959
vn 0.19582 0.0663183 -0.978395
vn 0.470606 0.0395241 -0.881458
vn 0.623512 0.323464 -0.711761
vn 0.332223 0.393042 -0.857406
vn 0.427224 0.50386 -0.750737
vn 0.309853 0.378633 -0.87214
vn 0.561466 0.355872 -0.747068
vn 0.254806 0.398896 -0.880884
vn 0.332223 0.393042 -0.857406
vn 0.573376 0.325681 -0.751779
vn 0.469736 0.407068 -0.783354
vn 0.601824 0.395012 -0.694099
vn 0.355554 0.811714 -0.46336
vn 0.440916 0.488395 -0.753036
vn 0.444365 0.619785 -0.646843
vn 0.751008 0.462789 -0.470971
vn 0.491973 0.529603 -0.691002
vn 0.554086 0.38718 -0.73694
vn 0.315769 0.454366 -0.832972
vn 0.563457 -0.288825 -0.774013
vn 0.857014 0.290014 -0.425933
vn 0.799861 -0.0612169 -0.597055
vn 0.913694 0.283883 -0.290816
vn 0.450087 0.40352 -0.796614
vn 0.633056 0.086428 -0.769266
vn 0.654376 0.210589 -0.726254
vn 0.436008 0.2684 -0.858987
vn 0.32463 0.719727 -0.613684
vn 0.217254 0.5809 -0.784447
vn 0.365474 0.617852 -0.696195
vn 0.589096 0.349789 -0.728433
vn 0.186614 0.718746 -0.669761
vn 0.544659 0.649411 -0.530672
vn 0.369927 0.438597 -0.819016
vn 0.831051 0.500534 -0.242528
vn 0.399917 0.884135 -0.241602
vn 0.83269 0.491925 -0.254237
vn 0.784939 0.543323 -0.297777
vn 0.544659 0.649411 -0.530672
vn 0.186614 0.718746 -0.669761
vn 0.325327 0.45804 -0.827262
vn 0.42135 0.734231 -0.532324
vn 0.33163 0.74011 -0.585028
vn -0.2487 0.855919 -0.453377
vn 0.328486 0.781852 -0.52991
vn -0.128231 0.911727 -0.39027
vn 0.0530256 0.982835 -0.176702
vn 0.109268 0.72265 -0.682523
vn 0.192436 0.838442 -0.509886
vn 0.0792041 0.712185 -0.697509
vn 0.187853 0.851474 -0.489596
vn 0.202405 0.693772 -0.691168
vn 0.00746193 0.942364 -0.334506
vn 0.339224 0.803842 -0.488636
vn 0.0530256 0.982835 -0.176702
vn -0.327031 0.750478 -0.574312
vn 0.5165 0.673066 -0.529349
vn 0.286204 0.718639 -0.633755
vn 0.392888 0.80804 -0.438988
vn 0.445683 0.575801 -0.685434
vn 0.311819 0.694177 -0.648758
vn 0.5165 0.673066 -0.529349
vn 0.536435 0.563636 -0.628134
vn 0.654298 0.628062 -0.421227
vn 0.545737 0.609398 -0.575157
vn 0.270251 0.959488 -0.0796664
vn 0.0682573 0.933721 -0.351435
vn 0.620172 0.732893 0.27974
vn 0.431312 0.841548 0.32522
vn 0.623272 0.763992 0.166878
vn 0.431231 0.830189 0.353308
vn 0.528771 0.768822 0.359603
vn 0.330548 0.939364 0.0912887
vn 0.139989 0.97579 0.168039
vn 0.11698 0.992564 0.033652
vn -0.0198844 0.99977 0.00804761
vn 0.0126842 0.999814 0.0145551
vn -0.0333655 0.998324 -0.0472816
vn -0.0399198 0.996541 0.0728893
vn -0.05309 0.90736 0.416989
vn 0.0543274 0.991875 0.115035
vn -0.0106888 0.998173 -0.0594624
vn -0.276162 0.813852 0.511253
vn 0.346499 0.8727 0.343997
vn -0.33032 0.879255 0.34322
vn 0.174393 0.977153 0.121483
vn -0.149166 0.988521 -0.0240049
vn 0.477594 0.798572 0.366316
vn 0.319593 0.930668 0.178096
vn 0.271152 0.897593 0.347568
vn 0.239613 0.970738 0.0159286
vn 0.146076 0.960396 -0.237278
vn 0.00267375 0.95878 -0.284138
vn 0.127089 0.988356 -0.0836668
vn 0.0403957 0.879632 -0.473937
vn -0.198697 0.972073 0.124873
vn 0.345233 0.93561 -0.0738165
vn 0.0110226 0.977198 -0.212046
vn -0.602598 0.458733 0.653024
vn 0.174063 0.851617 0.494419
vn 0.273358 0.423854 0.863495
vn -0.232358 0.487721 0.841509
vn 0.182325 0.813156 0.552752
vn 0.421418 0.905359 -0.0522715
vn 0.00123001 0.951654 0.307171
vn 0.37527 0.84537 0.38016
vn 0.398103 0.912682 0.0923377
vn 0.296365 0.533025 0.792497
vn -0.292891 0.507217 0.810522
vn -0.41366 0.513248 0.751972
vn -0.445412 0.270164 0.853592
vn 0.0561211 0.982849 -0.175667
vn 0.270251 0.959488 -0.0796664
vn 0.311819 0.694177 -0.648758
vn 0.358358 0.832332 -0.422852
vn 0.414622 0.903453 0.108907
vn -0.463009 0.581837 0.668647
vn -0.632437 0.32917 0.701192
vn -0.585237 0.593424 0.552582
vn 0.626112 0.770031 0.122624
vn -0.241979 0.851318 0.465514
vn -0.636091 0.586453 0.501458
vn -0.570336 0.649493 0.502867
vn -0.345385 0.570876 0.744856
vn -0.418704 0.542554 0.728232
vn -0.606055 0.330235 0.723631
vn -0.578247 0.319264 0.750801
vn 0.421813 0.871282 -0.250882
vn -0.623148 0.335888 0.706304
vn 0.316528 0.945433 0.0772412
vn -0.496867 0.512188 0.700561
vn -0.0555172 0.42551 0.903249
vn -0.331686 0.87446 0.353983
vn 0.398723 0.852668 0.337606
vn 0.490206 0.829272 0.268341
vn 0.696675 0.461669 0.549095
vn 0.799154 0.501739 0.331074
vn 0.797282 0.40902 0.443897
vn 0.861307 0.3425 0.375293
vn 0.66682 0.463357 0.583653
vn 0.822129 0.471234 0.319442
vn 0.739991 0.36648 0.564009
vn 0.848038 0.331626 0.413347
vn 0.477552 0.726873 0.493557
vn 0.648036 0.734385 0.201813
vn 0.527489 0.774396 0.34938
vn 0.658654 0.510432 0.552842
vn 0.606365 0.638481 0.473987
vn 0.584224 0.655431 0.478636
vn 0.596066 0.445598 0.667943
vn 0.44367 0.794322 0.414981
vn 0.644718 0.608462 0.462723
vn 0.365443 0.426976 0.827129
vn 0.50701 0.252546 0.824112
vn 0.621411 0.681383 0.386736
vn 0.490041 0.700769 0.518442
vn 0.0828677 0.790721 0.606542
vn 0.165544 0.947189 0.274642
vn -0.298436 0.594225 0.746882
vn 0.0497478 0.720557 0.691608
vn -0.0109659 0.49343 0.869716
vn 0.474732 0.79934 0.368354
vn 0.179543 0.889574 0.420026
vn 0.674913 0.637621 0.371392
vn 0.130506 0.340286 0.931222
vn 0.488347 0.858841 0.154628
vn 0.592898 0.699684 0.39864
vn 0.0438977 0.912289 0.407187
vn 0.487458 0.739678 0.463963
vn 0.429458 0.752622 0.499126
vn -0.0638623 0.513154 0.855918
vn 0.509845 0.67082 0.53857
vn -0.0960938 0.912254 0.398195
vn 0.39279 0.656846 0.643637
vn -0.461055 0.6682 0.583898
vn 0.249602 0.813696 0.524975
vn 0.150618 0.0354102 0.987958
vn 0.309647 0.939627 0.145669
vn 0.0293523 0.825227 0.564038
vn 0.663357 0.479712 0.574312
vn 0.00658138 0.995079 0.098868
vn 0.0649255 0.956331 -0.284984
vn -0.338828 0.910548 -0.236852
vn -0.212945 0.974557 0.0699483
vn 0.492924 0.833201 0.250602
vn 0.429301 0.845497 0.317545
vn 0.709751 0.630333 0.314536
vn 0.443291 0.893207 0.0753245
vn 0.342193 0.939543 -0.0127393
vn 0.399488 0.879847 0.257448
vn 0.869611 0.486145 0.08625
vn 0.786128 0.586471 -0.195075
vn 0.222914 0.480515 0.848183
vn 0.104233 0.916212 0.386899
vn 0.18723 0.946697 0.262125
vn 0.367513 0.902016 -0.226498
vn 0.400991 0.653473 0.642011
vn 0.476944 0.399675 0.782805
vn 0.148485 0.613602 0.775529
vn 0.282223 0.959159 -0.0190992
vn 0.0553713 0.997434 -0.0453767
vn 0.11371 0.893991 0.433417
vn -0.0878486 0.730464 0.677278
vn 0.020652 0.855747 0.516982
vn -0.109615 0.225621 0.968029
vn -0.055074 0.998257 0.0212205
vn -0.399901 0.915682 0.0400811
vn -0.374871 0.658558 0.652513
vn -0.318359 0.739251 0.593427
vn -0.363515 0.904969 0.221108
vn -0.0879057 0.993266 -0.0754664
vn -0.0456655 0.982444 0.180884
vn 0.0787495 0.250821 0.964825
vn 0.212552 0.920591 0.327619
vn 0.0486616 0.832129 -0.552444
vn 0.39401 0.87616 0.277668
vn 0.0867711 0.996071 -0.0177083
vn 0.161226 0.922085 -0.351803
vn -0.070794 0.952741 0.29542
vn 0.0443787 0.858828 0.510339
vn 0.232338 0.839537 0.491118
vn 0.523996 0.837848 -0.153098
vn 0.393813 0.917821 0.0501547
vn -0.0333099 0.389484 0.920431
vn -0.011874 0.373835 0.927419
vn -0.0220798 0.590987 0.806379
vn -0.168137 0.424324 0.889763
vn -0.245578 0.707638 0.662525
vn -0.307893 0.67175 0.673761
vn -0.433021 0.599272 0.673325
vn -0.370235 0.669508 0.64396
vn -0.209759 0.946411 0.245576
vn -0.358893 0.871189 0.335001
vn -0.428228 0.446095 0.785888
vn -0.247171 0.918316 -0.309198
vn -0.629871 0.767079 -0.121872
vn -0.454511 0.856986 0.242888
vn -0.238694 0.971044 -0.00989299
vn -0.437252 0.844415 0.309474
vn -0.428902 0.520201 0.738535
vn -0.148582 0.947331 -0.283703
vn -0.312449 0.940541 -0.133264
vn -0.347353 0.474487 0.808831
vn -0.440656 0.874124 0.204277
vn -0.341255 0.905166 0.253414
vn -0.22577 0.47796 0.848871
vn -0.215033 0.876992 -0.429705
vn 0.0462337 0.99399 0.0992239
vn -0.0528145 0.996644 0.0625456
vn -0.304347 0.952358 -0.0196644
vn 0.560632 0.754169 0.341936
vn -0.444819 0.272718 0.853089
vn -0.416765 0.351068 0.838486
vn 0.0407651 0.983838 0.17436
vn -0.014965 0.595879 0.802935
vn -0.380069 0.835848 0.396114
vn -0.274646 0.423377 0.86332
vn -0.674533 0.449173 0.585875
vn -0.468946 0.00874249 0.883184
vn -0.506275 0.861102 -0.0467955
vn -0.659146 0.375104 0.651785
vn -0.554751 0.832007 0.00391672
vn 0.437489 0.855258 0.277735
vn -0.163855 0.940702 0.297038
vn -0.474696 0.879071 0.0435791
vn 0.773112 0.404835 0.48827
vn 0.319593 0.930668 0.178096
vn 0.492924 0.833201 0.250602
vn 0.127089 0.988356 -0.0836668
vn 0.273358 0.423854 0.863495
vn 0.560632 0.754169 0.341936
vn 0.222914 0.480515 0.848183
vn 0.365443 0.426976 0.827129
vn 0.644718 0.608462 0.462723
vn 0.621411 0.681383 0.386736
vn 0.799154 0.501739 0.331074
vn 0.621411 0.681383 0.386736
vn 0.50701 0.252546 0.824112
vn 0.861307 0.3425 0.375293
vn 0.443291 0.893207 0.0753245
vn 0.658654 0.510432 0.552842
vn -0.232358 0.487721 0.841509
vn 0.490041 0.700769 0.518442
vn 0.39401 0.87616 0.277668
vn 0.663357 0.479712 0.574312
vn 0.0462337 0.99399 0.0992239
vn 0.437489 0.855258 0.277735
vn 0.383787 0.918215 -0.097926
vn 0.808859 0.587179 -0.031118
vn 0.0497478 0.720557 0.691608
vn 0.0787495 0.250821 0.964825
vn -0.0638623 0.513154 0.855918
vn 0.063968 0.901451 -0.428129
vn 0.18723 0.946697 0.262125
vn 0.626112 0.770031 0.122624
vn 0.421813 0.871282 -0.250882
vn 0.367513 0.902016 -0.226498
vn -0.474696 0.879071 0.0435791
vn -0.373009 0.867563 -0.328936
vn -0.387843 0.857915 -0.336986
vn -0.304347 0.952358 -0.0196644
vn -0.212945 0.974557 0.0699483
vn 0.0486616 0.832129 -0.552444
vn -0.0879057 0.993266 -0.0754664
vn -0.0324835 0.994848 -0.0960286
vn -0.363515 0.904969 0.221108
vn -0.338828 0.910548 -0.236852
vn 0.212552 0.920591 0.327619
vn 0.11371 0.893991 0.433417
vn -0.0456655 0.982444 0.180884
vn 0.492924 0.833201 0.250602
vn 0.443291 0.893207 0.0753245
vn 0.182325 0.813156 0.552752
vn 0.488347 0.858841 0.154628
vn 0.309647 0.939627 0.145669
vn 0.429301 0.845497 0.317545
vn 0.839683 0.428672 0.333426
vn 0.0443787 0.858828 0.510339
vn 0.232338 0.839537 0.491118
vn -0.014965 0.595879 0.802935
vn 0.393813 0.917821 0.0501547
vn 0.0407651 0.983838 0.17436
vn -0.0220798 0.590987 0.806379
vn -0.307893 0.67175 0.673761
vn -0.374871 0.658558 0.652513
vn -0.399901 0.915682 0.0400811
vn -0.457738 0.88404 0.0946008
vn -0.363515 0.904969 0.221108
vn -0.496867 0.512188 0.700561
vn -0.33032 0.879255 0.34322
vn -0.636091 0.586453 0.501458
vn -0.570336 0.649493 0.502867
vn -0.331686 0.87446 0.353983
vn 0.536435 0.563636 -0.628134
vn 0.414622 0.903453 0.108907
vn 0.270251 0.959488 -0.0796664
vn 0.0682573 0.933721 -0.351435
vn -0.602074 -0.726909 0.330318
vn -0.857827 -0.493359 -0.143978
vn -0.621302 -0.379229 0.685688
vn -0.643655 -0.384032 0.661988
vn -0.553361 -0.698025 0.454481
vn -0.374403 -0.834915 0.403409
vn -0.411491 -0.836482 0.361902
vn -0.224524 -0.974442 -0.00724455
vn -0.429521 -0.861128 0.271975
vn -0.399752 -0.897979 0.183934
vn -0.438457 -0.894541 -0.0868986
vn -0.409552 -0.910717 -0.0535031
vn -0.287337 -0.885373 -0.365447
vn -0.666281 -0.37518 0.644446
vn -0.828023 0.0297603 0.559903
vn -0.672475 -0.319942 0.667393
vn -0.756638 0.25661 0.601374
vn -0.796825 0.360757 0.484691
vn -0.547917 -0.329347 0.768972
vn -0.9888 0.131839 0.0699434
vn -0.620415 -0.230748 -0.74956
vn -0.416709 -0.264601 0.869678
vn -0.683391 0.513383 0.519051
vn -0.518943 -0.0581069 0.852832
vn -0.18578 -0.330177 0.925456
vn -0.627888 0.0770373 0.774482
vn -0.407711 -0.554555 0.725424
vn -0.294553 -0.430981 0.852933
vn -0.386408 -0.670423 0.63342
vn -0.0186293 -0.921262 0.388496
vn 0.099374 -0.751002 0.652779
vn -0.215288 -0.87684 0.429888
vn -0.363607 -0.516815 0.775043
vn -0.0416364 -0.419353 0.906868
vn -0.407711 -0.554555 0.725424
vn -0.547917 -0.329347 0.768972
vn -0.425976 -0.56512 0.70653
vn -0.363607 -0.516815 0.775043
vn -0.215288 -0.87684 0.429888
vn -0.0689665 -0.92046 0.384705
vn -0.294553 -0.430981 0.852933
vn -0.0416364 -0.419353 0.906868
vn 0.204902 -0.50068 0.841032
vn -0.0354247 0.666623 0.744553
vn 0.113393 0.708089 0.696959
vn -0.0470292 0.870125 0.490582
vn 0.0547139 0.909466 0.412162
vn 0.126104 0.860657 0.493322
vn -0.00645987 0.921362 0.388651
vn -0.0373834 0.804158 0.593238
vn -0.786121 0.536883 0.306219
vn -0.150001 0.683022 0.714829
vn -0.524206 0.797276 0.299264
vn -0.0796344 0.97245 0.219087
vn -0.0727439 0.913987 0.399169
vn -0.0272517 0.971491 0.235505
vn 0.0189031 0.961415 0.274452
vn -0.0401866 0.999044 -0.0171841
vn 0.220982 0.850773 0.476815
vn -0.00609267 0.999799 -0.0190879
vn -0.129449 0.966235 0.222783
vn -0.206597 0.908159 0.364095
vn -0.418668 0.858223 0.296935
vn -0.341062 0.925549 -0.164422
vn -0.0296024 0.990699 0.13281
vn -0.146233 0.933467 0.327498
vn -0.596219 0.768122 0.233475
vn -0.233477 0.843417 0.483876
vn 0.0352623 0.908755 0.415838
vn -0.234508 0.410263 0.8813
vn -0.250951 0.449403 0.857357
vn -0.336213 0.902508 0.269148
vn -0.085942 0.980228 0.178234
vn -0.0533078 0.998527 0.0101326
vn -0.0414107 0.998765 -0.0274698
vn -0.0463246 0.998926 -1.76931e-05
vn -0.0155565 0.999744 -0.0164245
vn -0.00753446 0.999796 -0.0187417
vn -0.0307139 0.915637 -0.400831
vn 0.0294845 0.918526 -0.394259
vn -0.470466 0.882312 -0.0136998
vn -0.404575 0.874106 -0.268808
vn -0.487899 0.861367 -0.141429
vn -0.0425629 0.932053 -0.359814
vn -0.0377195 0.99839 -0.0423671
vn -0.0106554 0.999669 0.0234362
vn -0.480492 0.675374 0.559462
vn -0.136806 0.990503 0.0137103
vn -0.274173 0.946823 -0.16839
vn -0.573045 0.736845 -0.35872
vn -0.233024 0.961886 -0.143094
vn -0.585849 0.682519 -0.436978
vn -0.155989 0.928255 -0.337655
vn -0.0285372 0.962552 -0.26959
vn -0.0423209 0.942769 -0.33075
vn -0.0752493 0.729602 -0.679719
vn -0.311644 0.743273 -0.591965
vn -0.0732396 0.857781 -0.508771
vn 0.0435957 0.929388 -0.366521
vn -0.0109757 0.93787 -0.346812
vn 0.0678012 0.930046 -0.361133
vn 0.00258469 0.999884 -0.0150266
vn 0.0170929 0.944827 -0.327123
vn 0.0072688 0.999732 0.0219586
vn 0.0838606 0.967258 -0.239539
vn 0.358333 0.790997 -0.495904
vn 0.252323 0.957865 -0.137216
vn 0.0321181 0.999446 -0.00873968
vn 0.422745 0.845759 -0.325542
vn 0.125121 0.980239 -0.153217
vn 0.312544 0.769869 -0.556433
vn 0.0608949 0.997907 -0.0217634
vn 0.0261626 0.883266 -0.468142
vn 0.189467 0.928424 -0.319578
vn 0.0483332 0.920017 -0.388886
vn 0.44072 0.875559 -0.197896
vn 0.310063 0.94846 -0.0654645
vn 0.517225 0.839383 -0.167074
vn 0.227238 0.968067 -0.105877
vn 0.37304 0.846185 -0.380541
vn 0.133513 0.922158 -0.363042
vn 0.0227219 0.947426 -0.319168
vn 0.308041 0.71303 -0.629841
vn 0.0636152 0.838938 -0.540496
vn 0.343874 0.928109 -0.142702
vn 0.247976 0.786197 -0.56604
vn -0.068521 0.726646 -0.683587
vn 0.109268 0.72265 -0.682523
vn -0.243764 0.86454 -0.439488
vn 0.116749 0.934743 -0.335595
vn 0.192436 0.838442 -0.509886
vn 0.357333 0.646844 -0.673725
vn -0.369692 0.792745 -0.484647
vn 0.444462 0.83931 -0.313069
vn 0.229336 0.919047 -0.320557
vn -0.015972 0.995826 -0.0898615
vn -0.182111 0.966535 0.180683
vn -0.143688 0.987032 -0.0715665
vn -0.0416108 0.995571 0.0843027
vn -0.47322 0.869455 0.141814
vn -0.0523753 0.974562 0.217912
vn -0.349779 0.936689 0.0164191
vn -0.189325 0.942938 0.273904
vn -0.655574 0.735058 0.17295
vn -0.383075 0.922707 0.0431969
vn -0.245148 0.841659 0.481156
vn -0.938785 0.340745 -0.0507465
vn -0.224733 0.962657 0.150952
vn -0.0277841 0.985811 0.165545
vn -0.303903 0.918552 -0.252795
vn -0.0538947 0.99852 -0.00729111
vn -0.327459 0.802153 -0.499321
vn 0.0846776 0.986539 -0.139898
vn -0.126439 0.82501 -0.550793
vn -0.801206 0.595081 0.0628197
vn -0.635482 0.768298 -0.0766898
vn -0.0297034 0.997142 -0.0694644
vn -0.386826 0.922145 0.00384112
vn -0.223435 0.943138 0.246106
vn -0.0993455 0.700229 0.706973
vn -0.344132 0.889704 0.299999
vn -0.440371 0.812897 0.381145
vn -0.720114 0.647465 0.249447
vn -0.0880852 0.84114 0.533595
vn -0.276641 0.762611 0.584717
vn -0.108238 0.940342 -0.322555
vn 0.233325 0.695097 -0.68
vn 0.020288 0.855995 0.516586
vn 0.967261 0.0248 -0.252568
vn -0.0412956 0.781719 0.622262
vn 0.0189031 0.961415 0.274452
vn 0.220982 0.850773 0.476815
vn -0.480492 0.675374 0.559462
vn -0.150001 0.683022 0.714829
vn -0.00645987 0.921362 0.388651
vn -0.0296024 0.990699 0.13281
vn 0.0352623 0.908755 0.415838
vn 0.0122431 0.986533 0.163102
vn 0.126104 0.860657 0.493322
vn -0.0354247 0.666623 0.744553
vn -0.0727439 0.913987 0.399169
vn -0.386826 0.922145 0.00384112
vn -0.47322 0.869455 0.141814
vn -0.596219 0.768122 0.233475
vn -0.0425629 0.932053 -0.359814
vn 0.00258469 0.999884 -0.0150266
vn -0.0109757 0.93787 -0.346812
vn -0.276641 0.762611 0.584717
vn -0.341062 0.925549 -0.164422
vn -0.344132 0.889704 0.299999
vn -0.386826 0.922145 0.00384112
vn -0.0810468 0.989975 0.115678
vn -0.0277841 0.985811 0.165545
vn -0.224733 0.962657 0.150952
vn -0.0880852 0.84114 0.533595
vn -0.245148 0.841659 0.481156
vn -0.189325 0.942938 0.273904
vn -0.655574 0.735058 0.17295
vn -0.635482 0.768298 -0.0766898
vn -0.801206 0.595081 0.0628197
vn -0.0993455 0.700229 0.706973
vn 0.321512 0.780065 -0.536776
vn 0.379816 0.683198 -0.623683
vn 0.509492 0.35997 -0.781563
vn 0.347211 0.80288 -0.484591
vn 0.33307 0.838084 -0.432065
vn 0.382298 0.726062 -0.571561
vn 0.413204 0.325743 -0.850385
vn 0.47475 0.412571 -0.77743
vn 0.37304 0.605807 -0.702736
vn 0.172484 0.866362 -0.468686
vn 0.320583 0.371721 -0.871235
vn 0.488989 0.361357 -0.793921
vn 0.459429 0.718981 -0.521528
vn 0.431839 0.746031 -0.506906
vn 0.584225 0.38106 -0.716571
vn 0.435756 0.642281 -0.630549
vn 0.311078 0.859696 -0.405158
vn 0.304587 0.902623 -0.304135
vn 0.369089 0.755675 -0.541044
vn 0.518861 0.335597 -0.78623
vn 0.371479 0.394137 -0.84063
vn 0.410123 0.726855 -0.550891
vn 0.118641 0.898943 -0.421694
vn 0.180581 0.352612 -0.91818
vn 0.442352 0.329637 -0.834065
vn 0.357827 0.781115 -0.511682
vn 0.64501 0.369365 -0.668978
vn 0.586028 0.492016 -0.64381
vn 0.477669 0.796301 -0.37113
vn 0.562252 0.689133 -0.457132
vn 0.516876 0.758932 -0.396057
vn 0.572697 0.727614 -0.377618
vn 0.373684 0.90967 -0.181278
vn 0.463301 0.877836 -0.121474
vn 0.443155 0.891314 -0.095775
vn 0.548136 0.0140629 -0.836271
vn 0.513613 0.762041 -0.394328
vn 0.187308 0.965765 -0.179483
vn 0.317452 0.874056 -0.367764
vn 0.326678 0.835203 -0.442398
vn 0.318843 0.840867 -0.437357
vn 0.405341 0.747077 -0.526853
vn 0.516713 0.707198 -0.482574
vn 0.691077 0.0562085 -0.720592
vn 0.471888 0.633255 -0.613441
vn 0.508374 0.397364 -0.763975
vn 0.478104 0.60524 -0.636476
vn 0.466714 0.641409 -0.608911
vn 0.363838 0.310832 -0.878069
vn 0.284151 0.674146 -0.681752
vn 0.316403 0.65805 -0.683271
vn 0.429735 0.23734 -0.871205
vn 0.400634 0.383295 -0.832212
vn -0.266362 0.710141 -0.651729
vn -0.273325 0.373197 -0.886576
vn -0.317021 0.0199126 -0.94821
vn -0.26436 0.716522 -0.645531
vn -0.320811 0.902742 -0.286597
vn 0.230011 0.848396 -0.47678
vn 0.457885 0.633626 -0.623587
vn 0.196368 0.931408 -0.306462
vn 0.372936 0.813071 -0.447027
vn 0.664315 0.042886 -0.746222
vn 0.7511 0.0463448 -0.65856
vn 0.659174 0.164851 -0.733699
vn 0.344133 0.877798 -0.333232
vn 0.673084 0.109276 -0.731448
vn 0.334773 0.641897 -0.689851
vn 0.265168 -0.111819 -0.957696
vn 0.0167872 0.198356 -0.979986
vn -0.139362 0.934598 -0.327269
vn 0.183824 0.584314 -0.790434
vn 0.420429 -0.0375874 -0.906546
vn 0.566825 0.410562 -0.714246
vn -0.0853484 0.79216 -0.604316
vn 0.517847 0.463027 -0.719333
vn 0.338625 0.781624 -0.523828
vn 0.529819 0.544546 -0.650201
vn 0.231184 0.600345 -0.765598
vn 0.187038 0.704891 -0.684212
vn 0.398665 0.494771 -0.772184
vn 0.423214 0.278403 -0.862196
vn 0.407899 0.655627 -0.63543
vn 0.503974 0.418379 -0.755625
vn 0.222216 0.484809 -0.84592
vn 0.693244 -0.143374 -0.706298
vn 0.564172 0.534684 -0.629145
vn 0.755241 0.0648821 -0.652228
vn 0.680647 0.255819 -0.686496
vn 0.498434 0.354045 -0.791338
vn 0.415633 0.137472 -0.899083
vn 0.574257 0.419015 -0.703318
vn 0.39979 0.24135 -0.884261
vn 0.416835 0.27919 -0.865044
vn 0.36301 -0.183175 -0.913603
vn 0.321158 -0.0986984 -0.941868
vn 0.634456 -0.149669 -0.75833
vn 0.502123 0.184529 -0.84488
vn 0.593104 0.0918359 -0.799871
vn 0.820887 0.198202 -0.535594
vn 0.655907 -0.0904826 -0.749399
vn 0.926655 0.11883 -0.356638
vn 0.471975 0.376015 -0.797403
vn 0.840867 0.366372 -0.398389
vn 0.617503 -0.0235741 -0.786215
vn 0.868187 -0.0289333 -0.495393
vn 0.944077 0.069875 -0.322237
vn 0.693125 0.527342 -0.491414
vn 0.885155 0.0896537 -0.456578
vn 0.733782 0.285159 -0.616642
vn 0.463545 0.125369 -0.877159
vn 0.595345 -0.243408 -0.765713
vn 0.257093 0.281007 -0.924629
vn 0.152254 0.545472 -0.824184
vn 0.32111 0.661922 -0.677309
vn 0.110122 0.539974 -0.834446
vn 0.0807717 0.852979 -0.515657
vn 0.303215 0.576582 -0.758692
vn 0.395881 0.616196 -0.680868
vn 0.37396 0.617085 -0.692358
vn 0.183777 0.692919 -0.697201
vn 0.15957 0.708034 -0.687914
vn 0.10903 0.453733 -0.884443
vn 0.0583995 0.493715 -0.86766
vn 0.116001 0.772167 -0.624742
vn 0.273996 0.663357 -0.696336
vn 0.178019 0.45615 -0.871915
vn 0.23427 0.762948 -0.602518
vn 0.231069 0.777792 -0.584506
vn 0.228145 0.75536 -0.614314
vn 0.157687 0.705654 -0.690788
vn 0.235372 0.68181 -0.692629
vn 0.157082 0.862798 -0.480526
vn 0.182673 0.733227 -0.654988
vn 0.223044 0.819596 -0.527743
vn -0.17799 0.63694 -0.750084
vn 0.427349 0.574005 -0.698492
vn 0.350008 0.4964 -0.794406
vn 0.312544 0.769869 -0.556433
vn 0.0261626 0.883266 -0.468142
vn 0.0614875 0.318514 -0.945922
vn -0.463921 -0.0928751 -0.880995
vn -0.327459 0.802153 -0.499321
vn -0.474244 0.113907 -0.872994
vn 0.0518856 0.988543 -0.141739
vn 0.350139 0.901791 -0.253328
vn 0.371115 0.875207 -0.310301
vn 0.144382 0.937171 -0.317593
vn 0.422745 0.845759 -0.325542
vn 0.358333 0.790997 -0.495904
vn 0.198955 0.633042 -0.748114
vn -0.316985 0.537815 -0.781201
vn -0.372497 0.257996 -0.891451
vn 0.000716713 0.332929 -0.942952
vn 0.0593163 0.458504 -0.886711
vn -0.0690038 0.157238 -0.985147
vn -0.0166887 0.223596 -0.974539
vn -0.169688 0.352828 -0.920173
vn -0.107257 0.46791 -0.877243
vn -0.15356 0.706629 -0.690721
vn 0.0530563 0.683373 -0.728139
vn 0.114975 0.544606 -0.830774
vn 0.307663 0.664007 -0.681497
vn 0.025879 0.400447 -0.915955
vn -0.136982 0.183808 -0.973371
vn 0.0758994 0.604378 -0.793074
vn 0.0885253 0.579479 -0.810165
vn 0.164182 0.771806 -0.614297
vn 0.141455 0.773705 -0.617552
vn -0.53921 0.0353053 -0.841431
vn -0.373542 0.0652594 -0.925315
vn -0.0943229 0.0144195 -0.995437
vn -0.429671 0.0736261 -0.899979
vn 0.461524 0.668766 -0.582879
vn 0.0296675 0.976431 -0.213781
vn 0.0548014 0.939181 -0.339023
vn 0.0148649 0.995355 -0.0951151
vn 0.00848699 0.985922 -0.166993
vn -0.0217061 0.851503 -0.523901
vn -0.0178739 0.519856 -0.854067
vn 0.0321404 0.778271 -0.627105
vn 0.00471315 0.443163 -0.896429
vn 0.0348654 0.72699 -0.685763
vn -0.0207313 0.469184 -0.882857
vn 0.0652946 0.909804 -0.40987
vn 0.0505441 0.906439 -0.419302
vn 0.0535865 0.41401 -0.908694
vn -0.0425629 0.932053 -0.359814
vn 0.0886544 0.472547 -0.876835
vn 0.0329079 0.393015 -0.918943
vn 0.0238249 0.904323 -0.426183
vn -0.0237856 0.3775 -0.925704
vn -0.0354508 0.862415 -0.504958
vn 0.14929 0.307684 -0.939704
vn 0.0830282 0.876583 -0.474034
vn 0.035499 0.666737 -0.744447
vn 0.114964 0.573649 -0.810994
vn -0.0732396 0.857781 -0.508771
vn 0.140678 0.629744 -0.763959
vn 0.369247 0.723164 -0.583687
vn 0.31784 0.496635 -0.80767
vn 0.516748 0.222793 -0.826641
vn -0.0484825 0.741025 -0.669725
vn 0.538623 0.349781 -0.76651
vn 0.656317 0.379733 -0.651959
vn 0.623512 0.323464 -0.711761
vn -0.0109757 0.93787 -0.346812
vn -0.0423209 0.942769 -0.33075
vn -0.0307139 0.915637 -0.400831
vn 0.0394759 0.922233 -0.384613
vn 0.0387956 0.883042 -0.467689
vn 0.0294845 0.918526 -0.394259
vn 0.161732 0.747692 -0.64405
vn 0.363488 0.568924 -0.7377
vn 0.254788 0.510382 -0.821336
vn 0.253153 0.45337 -0.854617
vn 0.113717 0.636087 -0.763192
vn 0.0996873 0.761851 -0.640035
vn 0.386063 0.692197 -0.60977
vn 0.354023 0.00685354 -0.935211
vn 0.073068 0.427088 -0.901253
vn 0.109107 0.709648 -0.696057
vn 0.175969 0.152916 -0.972446
vn 0.516763 0.0945912 -0.850887
vn 0.531376 0.00686534 -0.847108
vn 0.408345 0.566856 -0.715491
vn 0.333351 0.505572 -0.795785
vn 0.580631 0.635725 -0.508647
vn 0.531008 0.0640434 -0.844943
vn 0.576447 0.386448 -0.719977
vn 0.554793 0.657541 -0.509749
vn 0.576696 0.0836893 -0.812661
vn 0.324438 0.141841 -0.935212
vn 0.207608 0.559783 -0.80221
vn 0.0132355 0.95386 -0.299961
vn 0.463675 0.640285 -0.612406
vn 0.330409 0.561052 -0.75898
vn 0.175923 0.415924 -0.892221
vn 0.654724 -0.325421 -0.68223
vn 0.494283 0.19724 -0.846629
vn 0.374781 0.632244 -0.678091
vn 0.196754 0.205881 -0.958593
vn 0.465949 0.0150035 -0.884684
vn 0.80731 -0.129563 -0.57573
vn 0.859678 0.0847321 -0.503761
vn 0.0506 0.465297 -0.883707
vn 0.0865655 0.457266 -0.885107
vn 0.581401 0.0296039 -0.813079
vn 0.541685 0.812728 -0.214594
vn 0.283337 0.896278 -0.341184
vn 0.418855 0.877199 -0.234698
vn 0.24528 0.851406 -0.463623
vn 0.438083 0.276861 -0.855238
vn 0.777618 0.346809 -0.524437
vn 0.544341 0.220137 -0.809464
vn 0.433426 0.688295 -0.581714
vn -0.311644 0.743273 -0.591965
vn 0.605674 -0.292731 -0.739911
vn 0.200893 0.682288 -0.70294
vn 0.0170929 0.944827 -0.327123
vn 0.557101 0.247043 -0.792848
vn 0.402281 0.674677 -0.618855
vn 0.557101 0.247043 -0.792848
vn 0.324438 0.141841 -0.935212
vn 0.531376 0.00686534 -0.847108
vn 0.531008 0.0640434 -0.844943
vn 0.175923 0.415924 -0.892221
vn 0.222216 0.484809 -0.84592
vn 0.025879 0.400447 -0.915955
vn -0.0191179 0.401371 -0.915716
vn -0.173727 0.782651 -0.597726
vn -0.344934 0.726574 -0.59423
vn -0.136982 0.183808 -0.973371
vn -0.0107162 0.869957 -0.493011
vn 0.222216 0.484809 -0.84592
vn 0.231184 0.600345 -0.765598
vn -0.0191179 0.401371 -0.915716
vn -0.0107162 0.869957 -0.493011
vn 0.733782 0.285159 -0.616642
vn 0.777618 0.346809 -0.524437
vn 0.595345 -0.243408 -0.765713
vn 0.605674 -0.292731 -0.739911
vn 0.566825 0.410562 -0.714246
vn 0.354023 0.00685354 -0.935211
vn 0.465359 -0.0444322 -0.884006
vn 0.420429 -0.0375874 -0.906546
vn 0.164182 0.771806 -0.614297
vn 0.183777 0.692919 -0.697201
vn 0.386063 0.692197 -0.60977
vn 0.0996873 0.761851 -0.640035
vn 0.471975 0.376015 -0.797403
vn 0.141455 0.773705 -0.617552
vn 0.402281 0.674677 -0.618855
vn 0.175923 0.415924 -0.892221
vn 0.114975 0.544606 -0.830774
vn 0.273996 0.663357 -0.696336
vn 0.307663 0.664007 -0.681497
vn 0.254788 0.510382 -0.821336
vn 0.0996873 0.761851 -0.640035
vn 0.0593163 0.458504 -0.886711
vn 0.157687 0.705654 -0.690788
vn 0.254788 0.510382 -0.821336
vn 0.363488 0.568924 -0.7377
vn 0.312544 0.769869 -0.556433
vn 0.422745 0.845759 -0.325542
vn 0.461524 0.668766 -0.582879
vn 0.228145 0.75536 -0.614314
vn 0.0548014 0.939181 -0.339023
vn 0.0865655 0.457266 -0.885107
vn 0.24528 0.851406 -0.463623
vn 0.318843 0.840867 -0.437357
vn 0.283337 0.896278 -0.341184
vn 0.418855 0.877199 -0.234698
vn 0.457885 0.633626 -0.623587
vn 0.382298 0.726062 -0.571561
vn 0.463675 0.640285 -0.612406
vn 0.196368 0.931408 -0.306462
vn 0.856833 0.181459 -0.482608
vn 0.693125 0.527342 -0.491414
vn 0.840867 0.366372 -0.398389
vn 0.926655 0.11883 -0.356638
vn 0.654724 -0.325421 -0.68223
vt 0 0
vt 0 0
vt 0 0
vt 0 0
vt 0 0
vt 0 0
vt 0 0
vt 0 0
vt 0 0
vt 0 0
vt 0 0
vt 0 0
vt 0 0
vt 0 0
vt 0 0
vt 0 0
vt 0 0
vt 0 0
vt 0 0
vt 0 0
vt 0 0
vt 0 0
vt 0 0
vt 0 0
vt 0 0
vt 0 0
vt 0 0
vt 0 0
vt 0 0
vt 0 0
vt 0 0
vt 0 0
vt 0 0
vt 0 0
vt 0 0
vt 0 0
vt 0 0
vt 0 0
vt 0 0
vt 0 0
vt 0 0
vt 0 0
vt 0 0
vt 0 0
vt 0 0
vt 0 0
vt 0 0
vt 0 0
vt 0 0
vt 0 0
vt 0 0
vt 0 0
vt 0 0
vt 0 0
vt 0 0
vt 0 0
vt 0 0
vt 0 0
vt 0 0
vt 0 0
vt 0 0
vt 0 0
vt 0 0
vt 0 0
vt 0 0
vt 0 0
vt 0 0
vt 0 0
vt 0 0
vt 0 0
vt 0 0
vt 0 0
vt 0 0
vt 0 0
vt 0 0
vt 0 0
vt 0 0
vt 0 0
vt 0 0
vt 0 0
vt 0 0
vt 0 0
vt 0 0
vt 0 0
vt 0 0
vt 0 0
vt 0 0
vt 0 0
vt 0 0
vt 0 0
vt 0 0
vt 0 0
vt 0 0
vt 0 0
vt 0 0
vt 0 0
vt 0 0
vt 0 0
vt 0 0
vt 0 0
vt 0 0
vt 0 0
vt 0 0
vt 0 0
vt 0 0
vt 0 0
vt 0 0
vt 0 0
vt 0 0
vt 0 0
vt 0 0
vt 0 0
vt 0 0
vt 0 0
vt 0 0
vt 0 0
vt 0 0
vt 0 0
vt 0 0
vt 0 0
vt 0 0
vt 0 0
vt 0 0
vt 0 0
vt 0 0
vt 0 0
vt 0 0
vt 0 0
vt 0 0
vt 0 0
vt 0 0
vt 0 0
vt 0.06139 0.342049
vt 0.0527437 0.333952
vt 0.050448 0.337214
vt 0.0354097 0.336332
vt 0.0386251 0.339276
vt 0.0261209 0.345585
vt 0.0267066 0.346229
vt 0.0159007 0.354032
vt 0.0170156 0.355617
vt 0.0101593 0.371949
vt 0.0428068 0.32627
vt 0.0116453 0.37139
vt 0.0120662 0.3772
vt 0.0019305 0.388613
vt 0.0084702 0.38737
vt 0.0171215 0.401177
vt 0.00302107 0.402245
vt 0.0169423 0.399749
vt 0.0180168 0.415239
vt 0.0176741 0.401135
vt 0.0285448 0.414672
vt 0.0329232 0.428649
vt 0.0187123 0.429281
vt 0.0323514 0.417705
vt 0.0464819 0.414014
vt 0.035534 0.414446
vt 0.00363115 0.416245
vt 0.0473844 0.428227
vt 0.06139 0.413887
vt 0.0326848 0.319766
vt 0.0393217 0.31099
vt 0.0241827 0.310951
vt 0.0319008 0.30338
vt 0.0469812 0.303684
vt 0.0545536 0.311287
vt 0.017202 0.302022
vt 0.0252523 0.295489
vt 0.0103287 0.31146
vt 0.00241154 0.303148
vt 0.0178549 0.320709
vt 0.0348739 0.397642
vt 0.0281371 0.36769
vt 0.0384742 0.359169
vt 0.0466382 0.348407
vt 0.0332973 0.413491
vt 0.0189811 0.385207
vt 0.200051 0.314734
vt 0.200239 0.316308
vt 0.188033 0.316693
vt 0.212679 0.313397
vt 0.212913 0.316342
vt 0.20105 0.332033
vt 0.188653 0.333166
vt 0.21363 0.330795
vt 0.199381 0.297758
vt 0.212082 0.298011
vt 0.186498 0.301036
vt 0.173768 0.310166
vt 0.173719 0.303846
vt 0.18685 0.312526
vt 0.161119 0.304582
vt 0.161093 0.309103
vt 0.173253 0.325108
vt 0.160438 0.324784
vt 0.174037 0.325278
vt 0.160428 0.325592
vt 0.147545 0.325877
vt 0.160957 0.342781
vt 0.148543 0.343579
vt 0.134642 0.327254
vt 0.136028 0.343654
vt 0.121557 0.332092
vt 0.123056 0.341711
vt 0.173316 0.341145
vt 0.172923 0.327116
vt 0.147534 0.325759
vt 0.174041 0.295433
vt 0.186698 0.296269
vt 0.174572 0.282492
vt 0.161399 0.295172
vt 0.21471 0.343598
vt 0.114432 0.338687
vt 0.107308 0.337501
vt 0.146784 0.313013
vt 0.134405 0.313521
vt 0.134635 0.326318
vt 0.122038 0.313401
vt 0.121733 0.326214
vt 0.146272 0.300626
vt 0.130166 0.298271
vt 0.130772 0.297611
vt 0.130062 0.297561
vt 0.226057 0.322961
vt 0.103946 0.326182
vt 0.0965702 0.335451
vt 0.104208 0.323115
vt 0.0917112 0.335337
vt 0.0905279 0.321852
vt 0.105396 0.310714
vt 0.104428 0.323181
vt 0.107365 0.31106
vt 0.107597 0.302754
vt 0.0873662 0.313509
vt 0.0815948 0.320384
vt 0.0868677 0.307014
vt 0.0892209 0.30743
vt 0.0782985 0.288023
vt 0.0667954 0.305394
vt 0.215028 0.343654
vt 0.22973 0.327445
vt 0.946252 0.0225973
vt 0.945241 0.0220504
vt 0.943883 0.00502611
vt 0.954803 0.0121496
vt 0.943243 0.0263761
vt 0.963983 0.0214808
vt 0.964097 0.00191132
vt 0.975375 0.00909896
vt 0.977992 0.0263761
vt 0.959674 0.537857
vt 0.971397 0.540086
vt 0.96875 0.550906
vt 0.958521 0.548799
vt 0.961364 0.525419
vt 0.974292 0.528139
vt 0.977878 0.51521
vt 0.969653 0.513024
vt 0.972504 0.498333
vt 0.9619 0.521408
vt 0.982597 0.543027
vt 0.982254 0.501728
vt 0.986888 0.531946
vt 0.970373 0.491972
vt 0.980657 0.555895
vt 0.995054 0.519395
vt 0.999614 0.535788
vt 0.99634 0.548567
vt 0.998589 0.520604
vt 0.98645 0.558976
vt 0.979558 0.564211
vt 0.9596 0.510666
vt 0.965694 0.496839
vt 0.965846 0.56652
vt 0.965811 0.566896
vt 0.999467 0.566896
vt 0.997898 0.516979
vt 0.953705 0.562022
vt 0.943243 0.524757
vt 0.949296 0.510378
vt 0.943386 0.537716
vt 0.944485 0.550428
vt 0.143532 0.561712
vt 0.120436 0.557097
vt 0.133844 0.548304
vt 0.146491 0.540027
vt 0.125597 0.535118
vt 0.138833 0.527115
vt 0.16005 0.532436
vt 0.120372 0.538117
vt 0.116686 0.55217
vt 0.107534 0.566898
vt 0.169415 0.543077
vt 0.159578 0.55543
vt 0.15985 0.555613
vt 0.157059 0.558696
vt 0.172086 0.546965
vt 0.180439 0.558953
vt 0.19204 0.551455
vt 0.200769 0.563282
vt 0.184538 0.539467
vt 0.173142 0.529432
vt 0.177392 0.527001
vt 0.160566 0.5258
vt 0.158313 0.521879
vt 0.15656 0.522893
vt 0.139304 0.516437
vt 0.207816 0.546806
vt 0.2064 0.561314
vt 0.21332 0.557593
vt 0.209245 0.573447
vt 0.204766 0.566759
vt 0.20807 0.54694
vt 0.214529 0.534855
vt 0.228634 0.56212
vt 0.223612 0.55245
vt 0.238161 0.557293
vt 0.219016 0.567442
vt 0.233783 0.571242
vt 0.242623 0.566423
vt 0.247154 0.57485
vt 0.251416 0.562101
vt 0.255278 0.570623
vt 0.259089 0.578335
vt 0.266642 0.574855
vt 0.263421 0.567019
vt 0.274373 0.571918
vt 0.271822 0.56386
vt 0.277469 0.579503
vt 0.260032 0.558675
vt 0.269628 0.582034
vt 0.262727 0.585476
vt 0.251707 0.582388
vt 0.255808 0.589132
vt 0.224744 0.576921
vt 0.244616 0.587361
vt 0.239034 0.580223
vt 0.249116 0.593606
vt 0.242826 0.598074
vt 0.284167 0.569572
vt 0.284556 0.578513
vt 0.281751 0.561191
vt 0.132626 0.575121
vt 0.281499 0.585322
vt 0.275178 0.591644
vt 0.267701 0.59537
vt 0.260092 0.598542
vt 0.251883 0.600034
vt 0.244349 0.600709
vt 0.23939 0.601345
vt 0.241414 0.603923
vt 0.237233 0.603347
vt 0.238412 0.605887
vt 0.260363 0.599134
vt 0.106224 0.565535
vt 0.0929673 0.550429
vt 0.106845 0.541752
vt 0.0837411 0.537497
vt 0.0705059 0.547349
vt 0.0804715 0.559919
vt 0.0574868 0.557521
vt 0.0681343 0.56992
vt 0.0442413 0.568569
vt 0.0490911 0.547019
vt 0.0432718 0.567696
vt 0.0350824 0.577185
vt 0.0494738 0.54276
vt 0.0604603 0.534356
vt 0.0452325 0.541864
vt 0.0371153 0.531356
vt 0.0338527 0.533892
vt 0.0566402 0.582759
vt 0.093655 0.576111
vt 0.0802079 0.585786
vt 0.0640027 0.592628
vt 0.0268595 0.552621
vt 0.0302569 0.579437
vt 0.0143663 0.564177
vt 0.0027027 0.57667
vt 0.0458777 0.544169
vt 0.0322435 0.581607
vt 0.150003 0.57086
vt 0.133044 0.575737
vt 0.173352 0.574288
vt 0.045213 0.597825
vt 0.0300128 0.605887
vt 0.0208682 0.595193
vt 0.0293359 0.582292
vt 0.236886 0.599059
vt 0.239902 0.595861
vt 0.234739 0.602006
vt 0.235201 0.605215
vt 0.799144 0.8411
vt 0.785774 0.830162
vt 0.808272 0.830971
vt 0.793836 0.81964
vt 0.816426 0.820154
vt 0.802373 0.810162
vt 0.779006 0.84181
vt 0.788921 0.849577
vt 0.784239 0.828982
vt 0.808977 0.831481
vt 0.790957 0.817361
vt 0.771247 0.819316
vt 0.779871 0.809924
vt 0.763687 0.829632
vt 0.775802 0.838862
vt 0.80247 0.843904
vt 0.823178 0.843161
vt 0.812513 0.851021
vt 0.828728 0.836677
vt 0.825174 0.844251
vt 0.829467 0.830005
vt 0.816967 0.820367
vt 0.836986 0.819806
vt 0.842344 0.82331
vt 0.834948 0.833992
vt 0.825726 0.811035
vt 0.83867 0.852348
vt 0.825669 0.859934
vt 0.761088 0.845563
vt 0.746227 0.835578
vt 0.760367 0.846084
vt 0.772417 0.856776
vt 0.777376 0.854391
vt 0.801919 0.856236
vt 0.744015 0.852847
vt 0.76125 0.847371
vt 0.760245 0.862003
vt 0.7963 0.859495
vt 0.842269 0.837553
vt 0.840888 0.851149
vt 0.853394 0.845524
vt 0.861014 0.836452
vt 0.848302 0.82778
vt 0.862451 0.853031
vt 0.864616 0.850479
vt 0.864698 0.838556
vt 0.874513 0.844408
vt 0.864116 0.82308
vt 0.859146 0.819659
vt 0.87638 0.829458
vt 0.874914 0.833274
vt 0.818432 0.862003
vt 0.84819 0.811361
vt 0.816817 0.802948
vt 0.791282 0.804066
vt 0.793505 0.801606
vt 0.842567 0.816584
vt 0.840129 0.802416
vt 0.864701 0.817014
vt 0.817536 0.802238
vt 0.878378 0.813606
vt 0.167179 0.664158
vt 0.175173 0.674713
vt 0.165676 0.678201
vt 0.160657 0.679393
vt 0.153585 0.668084
vt 0.146977 0.68401
vt 0.164096 0.683126
vt 0.182396 0.682433
vt 0.185074 0.672213
vt 0.200434 0.681063
vt 0.186789 0.665641
vt 0.18035 0.659308
vt 0.188547 0.656763
vt 0.168575 0.6636
vt 0.157066 0.695742
vt 0.201731 0.658079
vt 0.197737 0.653942
vt 0.202526 0.652391
vt 0.186135 0.646284
vt 0.176072 0.649516
vt 0.204089 0.665044
vt 0.188875 0.6698
vt 0.163593 0.6526
vt 0.150284 0.656988
vt 0.1978 0.641617
vt 0.194553 0.642713
vt 0.204689 0.664745
vt 0.20064 0.681149
vt 0.21136 0.67514
vt 0.221012 0.658666
vt 0.222766 0.671937
vt 0.219326 0.683403
vt 0.236757 0.682516
vt 0.209961 0.692287
vt 0.200247 0.681301
vt 0.175046 0.693671
vt 0.226486 0.66994
vt 0.244392 0.671847
vt 0.238893 0.664791
vt 0.232959 0.653822
vt 0.246326 0.6509
vt 0.238806 0.639187
vt 0.252382 0.662242
vt 0.250358 0.660102
vt 0.164869 0.652352
vt 0.141804 0.672229
vt 0.221254 0.658546
vt 0.228352 0.642939
vt 0.237508 0.683347
vt 0.249113 0.678011
vt 0.262275 0.673673
vt 0.255007 0.685536
vt 0.247239 0.695233
vt 0.260246 0.675794
vt 0.23531 0.684422
vt 0.222203 0.687025
vt 0.230514 0.696625
vt 0.214402 0.691307
vt 0.212943 0.695552
vt 0.262663 0.674125
vt 0.271429 0.665575
vt 0.137971 0.659746
vt 0.136119 0.660186
vt 0.138501 0.673436
vt 0.125653 0.677067
vt 0.121734 0.66453
vt 0.135052 0.689086
vt 0.133087 0.684927
vt 0.111585 0.680402
vt 0.1173 0.694807
vt 0.102527 0.697591
vt 0.109207 0.681041
vt 0.107079 0.667158
vt 0.0941461 0.684746
vt 0.0905201 0.67158
vt 0.0797432 0.687807
vt 0.0844901 0.702546
vt 0.0697483 0.705275
vt 0.0773623 0.688399
vt 0.1082 0.666906
vt 0.0765133 0.673799
vt 0.0753314 0.673963
vt 0.0620153 0.691909
vt 0.057971 0.678001
vt 0.0475928 0.695733
vt 0.0506808 0.679151
vt 0.0459679 0.690374
vt 0.0399947 0.680948
vt 0.0296942 0.697636
vt 0.0432893 0.696739
vt 0.0248965 0.68329
vt 0.0149997 0.701174
vt 0.021047 0.68387
vt 0.0140352 0.697309
vt 0.00656371 0.685805
vt 0.222535 0.705275
vt 0.254865 0.645408
vt 0.216934 0.646841
vt 0.216267 0.647142
vt 0.210798 0.636674
vt 0.151793 0.643393
vt 0.0614275 0.660712
vt 0.0758069 0.659651
vt 0.235631 0.628925
vt 0.163625 0.640596
vt 0.0615194 0.659421
vt 0.151587 0.641548
vt 0.0253615 0.668594
vt 0.149098 0.641845
vt 0.138237 0.634373
vt 0.0108751 0.673475
vt 0.0109061 0.668827
vt 0.13685 0.646631
vt 0.123729 0.647536
vt 0.245092 0.63728
vt 0.251528 0.64366
vt 0.123804 0.650682
vt 0.0933704 0.65508
vt 0.224672 0.631833
vt 0.107892 0.652367
vt 0.0935034 0.6536
vt 0.0597132 0.659694
vt 0.0468131 0.650181
vt 0.118881 0.64815
vt 0.109571 0.641149
vt 0.213947 0.635006
vt 0.0428024 0.671126
vt 0.043827 0.663505
vt 0.0373177 0.665125
vt 0.220777 0.620413
vt 0.0920899 0.654155
vt 0.0279866 0.656696
vt 0.175084 0.636137
vt 0.178099 0.638879
vt 0.195239 0.639147
vt 0.165333 0.628106
vt 0.0783706 0.643721
vt 0.153273 0.625147
vt 0.0963936 0.636741
vt 0.125518 0.631238
vt 0.064697 0.641068
vt 0.188107 0.630866
vt 0.0145529 0.650974
vt 0.200651 0.62608
vt 0.217138 0.624364
vt 0.1806 0.632927
vt 0.182374 0.625237
vt 0.198449 0.624498
vt 0.53156 0.760264
vt 0.544683 0.744271
vt 0.546686 0.756686
vt 0.528125 0.748328
vt 0.548486 0.756296
vt 0.545445 0.744073
vt 0.537891 0.732497
vt 0.528467 0.735493
vt 0.543658 0.731396
vt 0.558707 0.741452
vt 0.5566 0.729219
vt 0.570341 0.726072
vt 0.572012 0.738692
vt 0.52483 0.748938
vt 0.530073 0.726057
vt 0.515177 0.740178
vt 0.543305 0.717732
vt 0.530411 0.7195
vt 0.516264 0.735159
vt 0.52973 0.760788
vt 0.514142 0.765163
vt 0.51218 0.752552
vt 0.557451 0.719513
vt 0.549693 0.715165
vt 0.556934 0.714307
vt 0.543897 0.711344
vt 0.543053 0.703386
vt 0.570939 0.725878
vt 0.555551 0.701858
vt 0.501544 0.767202
vt 0.531349 0.707618
vt 0.573136 0.738512
vt 0.569548 0.71305
vt 0.568242 0.6995
vt 0.582303 0.711406
vt 0.581265 0.696241
vt 0.583888 0.72408
vt 0.594846 0.710023
vt 0.596557 0.72241
vt 0.609129 0.720509
vt 0.607473 0.707368
vt 0.621772 0.718466
vt 0.623708 0.731159
vt 0.636535 0.729286
vt 0.634959 0.714895
vt 0.649475 0.72757
vt 0.621419 0.703801
vt 0.616787 0.702594
vt 0.594346 0.695497
vt 0.555073 0.688258
vt 0.584603 0.694538
vt 0.607309 0.697996
vt 0.621545 0.700822
vt 0.634606 0.707423
vt 0.568031 0.690208
vt 0.5812 0.692984
vt 0.594449 0.692074
vt 0.567426 0.682581
vt 0.554803 0.68576
vt 0.542507 0.687964
vt 0.554165 0.669343
vt 0.567026 0.671681
vt 0.517866 0.723363
vt 0.5942 0.679115
vt 0.541729 0.670895
vt 0.542333 0.68531
vt 0.581383 0.677341
vt 0.621653 0.687213
vt 0.577645 0.676755
vt 0.651164 0.740367
vt 0.61102 0.733008
vt 0.66409 0.738802
vt 0.662198 0.726134
vt 0.648577 0.711336
vt 0.661208 0.71096
vt 0.64135 0.710764
vt 0.648782 0.70697
vt 0.647902 0.695702
vt 0.676674 0.736403
vt 0.664262 0.739657
vt 0.676815 0.736924
vt 0.688781 0.73014
vt 0.680566 0.752751
vt 0.6928 0.749487
vt 0.689256 0.735132
vt 0.668101 0.755001
vt 0.704968 0.738992
vt 0.705348 0.738811
vt 0.659123 0.700416
vt 0.652307 0.749462
vt 0.648619 0.753771
vt 0.606604 0.684761
vt 0.634069 0.693399
vt 0.585741 0.736662
vt 0.598389 0.734874
vt 0.639954 0.754717
vt 0.625513 0.74377
vt 0.638289 0.742034
vt 0.612861 0.745474
vt 0.648521 0.76644
vt 0.641339 0.767202
vt 0.574918 0.751015
vt 0.58763 0.749447
vt 0.700336 0.759642
vt 0.711583 0.753035
vt 0.653987 0.753985
vt 0.627106 0.756412
vt 0.600198 0.747509
vt 0.558484 0.754729
vt 0.2918 0.953788
vt 0.292499 0.954025
vt 0.288982 0.966061
vt 0.295767 0.944526
vt 0.275651 0.947766
vt 0.280597 0.936162
vt 0.273603 0.952353
vt 0.28799 0.965744
vt 0.284953 0.977941
vt 0.304747 0.971193
vt 0.300875 0.983126
vt 0.28245 0.983563
vt 0.300572 0.985856
vt 0.274182 0.961313
vt 0.284107 0.977681
vt 0.269477 0.972964
vt 0.264768 0.971486
vt 0.267668 0.959121
vt 0.249817 0.966957
vt 0.306178 0.969018
vt 0.25834 0.983274
vt 0.249035 0.968562
vt 0.255114 0.954881
vt 0.300856 0.953759
vt 0.252834 0.982976
vt 0.270465 0.979285
vt 0.253774 0.985856
vt 0.261111 0.944668
vt 0.487862 0.976272
vt 0.500337 0.978202
vt 0.489891 0.96394
vt 0.502317 0.965885
vt 0.499019 0.987175
vt 0.486951 0.98236
vt 0.475189 0.974327
vt 0.477244 0.963396
vt 0.478144 0.962014
vt 0.463175 0.969638
vt 0.502317 0.990887
vt 0.462758 0.971629
vt 0.492035 0.951453
vt 0.47498 0.975135
vt 0.462053 0.973736
vt 0.449957 0.97927
vt 0.452819 0.956207
vt 0.452455 0.956125
vt 0.449785 0.968998
vt 0.452286 0.956076
vt 0.477417 0.961774
vt 0.459165 0.986599
vt 0.485177 0.990357
vt 0.4713 0.991065
vt 0.49768 0.991973
vt 0.432046 0.962563
vt 0.301626 0.916656
vt 0.293316 0.902368
vt 0.312357 0.910565
vt 0.304495 0.896711
vt 0.287743 0.904655
vt 0.321339 0.898981
vt 0.319352 0.895076
vt 0.313513 0.912004
vt 0.283335 0.913881
vt 0.277714 0.90585
vt 0.266593 0.90838
vt 0.26493 0.911873
vt 0.274419 0.923962
vt 0.256818 0.925012
vt 0.247007 0.91112
vt 0.262707 0.908728
vt 0.291982 0.924474
vt 0.304519 0.923224
vt 0.325545 0.924722
vt 0.313843 0.933104
vt 0.32324 0.895011
vt 0.256145 0.895872
vt 0.253165 0.895896
vt 0.246818 0.910786
vt 0.23815 0.897079
vt 0.33166 0.920753
vt 0.270367 0.894194
vt 0.272577 0.893833
vt 0.289138 0.892472
vt 0.287654 0.890773
vt 0.289691 0.890317
vt 0.23597 0.896996
vt 0.269551 0.881881
vt 0.299297 0.885736
vt 0.246753 0.911146
vt 0.239201 0.926846
vt 0.23127 0.910958
vt 0.226318 0.911355
vt 0.219959 0.897876
vt 0.218037 0.898019
vt 0.229193 0.915416
vt 0.21654 0.910656
vt 0.22533 0.926872
vt 0.211997 0.923498
vt 0.203475 0.912797
vt 0.218205 0.927978
vt 0.223213 0.933104
vt 0.313897 0.870398
vt 0.322738 0.867926
vt 0.32432 0.87357
vt 0.311772 0.861534
vt 0.30184 0.861647
vt 0.305012 0.872626
vt 0.296061 0.874841
vt 0.292636 0.863771
vt 0.30113 0.859155
vt 0.309577 0.853135
vt 0.297943 0.861474
vt 0.288494 0.850722
vt 0.292425 0.863199
vt 0.284564 0.851863
vt 0.297355 0.847967
vt 0.28522 0.872709
vt 0.28357 0.866335
vt 0.279849 0.856275
vt 0.27134 0.860223
vt 0.274753 0.869744
vt 0.26875 0.853442
vt 0.278092 0.851236
vt 0.260618 0.860102
vt 0.26111 0.861686
vt 0.255403 0.862506
vt 0.257494 0.842858
vt 0.243254 0.864734
vt 0.275072 0.870434
vt 0.239985 0.846799
vt 0.236841 0.827422
vt 0.254912 0.82607
vt 0.21914 0.830957
vt 0.222275 0.849426
vt 0.201319 0.833939
vt 0.204442 0.852478
vt 0.225403 0.867677
vt 0.225706 0.869414
vt 0.207556 0.8708
vt 0.243304 0.86498
vt 0.274308 0.870127
vt 0.262416 0.8704
vt 0.285253 0.875765
vt 0.318818 0.855623
vt 0.320777 0.855366
vt 0.33166 0.866273
vt 0.329755 0.854165
vt 0.197029 0.85483
vt 0.200527 0.872642
vt 0.188031 0.875765
vt 0.59517 0.609708
vt 0.58668 0.621858
vt 0.602813 0.623658
vt 0.600169 0.627461
vt 0.604357 0.628923
vt 0.605792 0.644878
vt 0.591956 0.64011
vt 0.58026 0.633552
vt 0.568716 0.626912
vt 0.575656 0.614942
vt 0.557679 0.620002
vt 0.58251 0.605122
vt 0.562833 0.638319
vt 0.574529 0.644878
vt 0.551737 0.63144
vt 0.217473 0.818042
vt 0.231647 0.818425
vt 0.233128 0.817476
vt 0.233588 0.818134
vt 0.251351 0.818042
vt 0.215058 0.812715
vt 0.226017 0.801606
vt 0.222384 0.802564
vt 0.0834166 0.734307
vt 0.0985138 0.725993
vt 0.0953418 0.737936
vt 0.0796782 0.745718
vt 0.101988 0.739803
vt 0.0910131 0.749374
vt 0.106399 0.74653
vt 0.0682867 0.741979
vt 0.0992111 0.726201
vt 0.0992141 0.723074
vt 0.0864901 0.722383
vt 0.096517 0.712885
vt 0.0639584 0.753177
vt 0.0536537 0.749077
vt 0.0708696 0.729909
vt 0.102542 0.754905
vt 0.0552429 0.737328
vt 0.0436855 0.746904
vt 0.115545 0.746777
vt 0.116335 0.725599
vt 0.115565 0.727659
vt 0.128371 0.730054
vt 0.127288 0.732489
vt 0.141719 0.733128
vt 0.109637 0.740447
vt 0.0493269 0.757035
vt 0.0606877 0.760757
vt 0.0862508 0.764651
vt 0.0745524 0.761214
vt 0.0990463 0.765664
vt 0.138503 0.741089
vt 0.121244 0.747628
vt 0.120479 0.749225
vt 0.135374 0.748972
vt 0.11023 0.763706
vt 0.114517 0.764319
vt 0.0720038 0.760935
vt 0.130665 0.763287
vt 0.131173 0.762089
vt 0.144777 0.749101
vt 0.154011 0.733228
vt 0.157017 0.734598
vt 0.149739 0.750892
vt 0.161813 0.75628
vt 0.169098 0.739845
vt 0.173976 0.761939
vt 0.181542 0.744807
vt 0.192801 0.759999
vt 0.131927 0.763182
vt 0.149083 0.752573
vt 0.14387 0.765482
vt 0.069962 0.774786
vt 0.0740841 0.763622
vt 0.0565927 0.773286
vt 0.156724 0.764305
vt 0.146737 0.72101
vt 0.144549 0.718231
vt 0.132375 0.717508
vt 0.119214 0.711027
vt 0.115985 0.709098
vt 0.123578 0.710432
vt 0.103061 0.713828
vt 0.163951 0.718111
vt 0.0459995 0.760434
vt 0.0564747 0.773336
vt 0.0398421 0.775229
vt 0.0288508 0.765518
vt 0.036237 0.774772
vt 0.0243243 0.775612
vt 0.119504 0.709339
vt 0.194456 0.75903
vt 0.200809 0.742947
vt 0.211912 0.757303
vt 0.212852 0.757441
vt 0.201612 0.74143
vt 0.215605 0.74338
vt 0.229623 0.745523
vt 0.226838 0.7597
vt 0.243629 0.747859
vt 0.175131 0.774304
vt 0.176149 0.775169
vt 0.175126 0.775612
vt 0.174079 0.775163
vt 0.938088 0.697048
vt 0.947458 0.713949
vt 0.951073 0.700076
vt 0.950465 0.715665
vt 0.947537 0.71749
vt 0.933785 0.725364
vt 0.932432 0.70838
vt 0.961201 0.706733
vt 0.951278 0.694089
vt 0.964289 0.68895
vt 0.938123 0.695014
vt 0.951492 0.730426
vt 0.960077 0.724628
vt 0.943028 0.734999
vt 0.954668 0.743701
vt 0.938326 0.737648
vt 0.93784 0.733187
vt 0.941882 0.751629
vt 0.949167 0.681636
vt 0.95869 0.677815
vt 0.949851 0.670876
vt 0.936989 0.682589
vt 0.937331 0.670105
vt 0.968435 0.734121
vt 0.957652 0.741757
vt 0.970325 0.716335
vt 0.971815 0.698913
vt 0.959782 0.755871
vt 0.949876 0.76185
vt 0.971815 0.750438
vt 0.970342 0.74604
vt 0.962369 0.66552
vt 0.461033 0.706205
vt 0.474453 0.71887
vt 0.460445 0.716734
vt 0.477219 0.70657
vt 0.47869 0.706536
vt 0.48144 0.718469
vt 0.461861 0.719208
vt 0.459139 0.719121
vt 0.477873 0.705306
vt 0.469282 0.691514
vt 0.486853 0.693311
vt 0.493602 0.705751
vt 0.494595 0.718033
vt 0.458435 0.706046
vt 0.443928 0.706266
vt 0.442494 0.719274
vt 0.436837 0.705774
vt 0.431733 0.697919
vt 0.42749 0.706152
vt 0.424524 0.71977
vt 0.44059 0.719262
vt 0.412948 0.694651
vt 0.443495 0.732144
vt 0.426153 0.732798
vt 0.4397 0.732359
vt 0.422281 0.719939
vt 0.420729 0.706932
vt 0.477287 0.732056
vt 0.461475 0.732039
vt 0.460346 0.72159
vt 0.459389 0.732104
vt 0.407334 0.708424
vt 0.408435 0.721645
vt 0.398148 0.723397
vt 0.393436 0.710596
vt 0.399934 0.698061
vt 0.478719 0.725487
vt 0.490107 0.732798
vt 0.255149 0.41965
vt 0.246012 0.404052
vt 0.254449 0.419653
vt 0.262278 0.404407
vt 0.237049 0.420566
vt 0.235876 0.418073
vt 0.243783 0.404348
vt 0.231274 0.422401
vt 0.272742 0.408663
vt 0.273532 0.419769
vt 0.273745 0.422401
vt 0.0428571 0.999179
vt 0.0275665 0.989445
vt 0.0419472 0.999618
vt 0.0428571 0.982034
vt 0.0212355 0.999476
vt 0.44535 0.825306
vt 0.445174 0.824462
vt 0.450768 0.823777
vt 0.458301 0.824462
vt 0.0644788 0.365061
vt 0.0814672 0.365061
vt 0.0725018 0.349771
vt 0.820542 0.784255
vt 0.804254 0.781329
vt 0.811754 0.774529
vt 0.802633 0.765109
vt 0.818066 0.786488
vt 0.830502 0.775325
vt 0.821451 0.765781
vt 0.803401 0.764504
vt 0.813128 0.755734
vt 0.830502 0.793172
vt 0.80946 0.79396
vt 0.80193 0.783366
vt 0.737556 0.643918
vt 0.735294 0.645024
vt 0.737261 0.643349
vt 0.730116 0.657875
vt 0.748649 0.657875
vt 0.631168 0.951894
vt 0.634083 0.954322
vt 0.631427 0.95644
vt 0.64749 0.946332
vt 0.64749 0.943541
vt 0.647488 0.961733
vt 0.631408 0.970597
vt 0.631895 0.937003
vt 0.616685 0.963679
vt 0.632822 0.936046
vt 0.647488 0.928111
vt 0.631972 0.918578
vt 0.632189 0.935837
vt 0.616457 0.963719
vt 0.616191 0.981269
vt 0.616469 0.963654
vt 0.61583 0.963635
vt 0.620785 0.935426
vt 0.619139 0.951054
vt 0.620393 0.935483
vt 0.982031 0.260679
vt 0.994209 0.271789
vt 0.994209 0.25344
vt 0.981969 0.264306
vt 0.980309 0.262513
vt 0.0909976 0.36259
vt 0.0876448 0.346713
vt 0.0912919 0.362768
vt 0.105166 0.352748
vt 0.112355 0.362768
vt 0.520835 0.70793
vt 0.520445 0.708162
vt 0.520849 0.691514
vt 0.505405 0.70129
vt 0.520849 0.708333
vt 0.161204 0.944654
vt 0.163552 0.941531
vt 0.175458 0.95444
vt 0.172946 0.936143
vt 0.16848 0.932783
vt 0.148583 0.930824
vt 0.181068 0.948916
vt 0.160654 0.944317
vt 0.161163 0.962113
vt 0.181192 0.941317
vt 0.180398 0.926143
vt 0.186404 0.92967
vt 0.157594 0.921819
vt 0.16663 0.912507
vt 0.177016 0.922853
vt 0.175932 0.903287
vt 0.156154 0.920408
vt 0.147578 0.93121
vt 0.187222 0.925083
vt 0.160717 0.963023
vt 0.157224 0.903532
vt 0.142552 0.945875
vt 0.131534 0.934859
vt 0.122925 0.944447
vt 0.134002 0.954106
vt 0.118614 0.959036
vt 0.12219 0.962017
vt 0.151664 0.954115
vt 0.142611 0.963182
vt 0.117761 0.963685
vt 0.191506 0.95608
vt 0.183992 0.963685
vt 0.198069 0.959438
vt 0.470428 0.902099
vt 0.465219 0.883547
vt 0.455467 0.892698
vt 0.475444 0.890466
vt 0.479542 0.893601
vt 0.49079 0.902025
vt 0.470343 0.903086
vt 0.493309 0.887215
vt 0.495648 0.886269
vt 0.493972 0.904292
vt 0.476366 0.878068
vt 0.492622 0.881487
vt 0.482877 0.875341
vt 0.491008 0.870958
vt 0.502978 0.864753
vt 0.458691 0.872698
vt 0.49146 0.904548
vt 0.471268 0.866999
vt 0.476335 0.913119
vt 0.491549 0.92171
vt 0.50695 0.880148
vt 0.477699 0.863527
vt 0.485047 0.860132
vt 0.503446 0.896598
vt 0.485151 0.932339
vt 0.496685 0.854145
vt 0.506346 0.848961
vt 0.504752 0.863715
vt 0.50695 0.846713
vt 0.478548 0.855545
vt 0.504904 0.866192
vt 0.459264 0.856864
vt 0.459489 0.856778
vt 0.47224 0.849733
vt 0.446718 0.873895
vt 0.930225 0.4493
vt 0.944837 0.457122
vt 0.936231 0.438857
vt 0.949236 0.445719
vt 0.930543 0.465072
vt 0.923889 0.447808
vt 0.94502 0.410869
vt 0.933832 0.41914
vt 0.935695 0.420538
vt 0.941916 0.40846
vt 0.92331 0.410471
vt 0.935008 0.437787
vt 0.936755 0.435497
vt 0.942991 0.407094
vt 0.921855 0.429374
vt 0.947493 0.428329
vt 0.912239 0.419266
vt 0.916608 0.43231
vt 0.915509 0.443695
vt 0.915763 0.453203
vt 0.923114 0.466555
vt 0.916472 0.462632
vt 0.916867 0.426194
vt 0.917165 0.470175
vt 0.897681 0.46631
vt 0.934472 0.474405
vt 0.93477 0.476331
vt 0.936436 0.47513
vt 0.903033 0.420544
vt 0.905962 0.419373
vt 0.948666 0.479727
vt 0.948869 0.486621
vt 0.954826 0.482988
vt 0.920791 0.484042
vt 0.903774 0.477475
vt 0.953699 0.416442
vt 0.954826 0.397171
vt 0.91195 0.457424
vt 0.896935 0.449923
vt 0.902848 0.435049
vt 0.889842 0.422904
vt 0.900954 0.436663
vt 0.887097 0.427636
vt 0.8861 0.443953
vt 0.902637 0.438759
vt 0.947045 0.472513
vt 0.0185115 0.0561927
vt 0.0189189 0.0737768
vt 0.00579151 0.0737768
vt 0.0186018 0.0562306
vt 0.401931 0.683019
vt 0.38897 0.680225
vt 0.393138 0.667763
vt 0.387363 0.693043
vt 0.377509 0.677603
vt 0.376618 0.690293
vt 0.38001 0.665376
vt 0.376048 0.664677
vt 0.37382 0.676987
vt 0.363575 0.662462
vt 0.357452 0.679127
vt 0.367558 0.691226
vt 0.355909 0.679549
vt 0.349688 0.693043
vt 0.340927 0.682225
vt 0.356704 0.678573
vt 0.803475 0.638215
vt 0.81583 0.630277
vt 0.81583 0.6487
vt 0.805412 0.633664
vt 0.80875 0.618884
vt 0.053668 0.440041
vt 0.0644788 0.426988
vt 0.0644788 0.44763
vt 0.943434 0.0833638
vt 0.954008 0.07593
vt 0.950504 0.0948331
vt 0.960497 0.0866482
vt 0.938806 0.102121
vt 0.935956 0.0734107
vt 0.952323 0.073157
vt 0.964614 0.067702
vt 0.938896 0.0713414
vt 0.965947 0.0697909
vt 0.928571 0.0637564
vt 0.946052 0.112768
vt 0.970188 0.0997164
vt 0.959115 0.105809
vt 0.960357 0.107538
vt 0.957793 0.109108
vt 0.946398 0.0612826
vt 0.956634 0.0553132
vt 0.952468 0.0443836
vt 0.940922 0.0499723
vt 0.960698 0.108098
vt 0.977458 0.112379
vt 0.966981 0.0405542
vt 0.97199 0.0530583
vt 0.971639 0.0524729
vt 0.982652 0.0657667
vt 0.975802 0.0840079
vt 0.976336 0.0818372
vt 0.981704 0.0672239
vt 0.972073 0.052503
vt 0.988803 0.0507443
vt 0.972275 0.0395088
vt 0.987807 0.037844
vt 0.970302 0.0998295
vt 0.980866 0.112768
vt 0.984756 0.0997902
vt 0.17722 0.877121
vt 0.162548 0.869385
vt 0.169035 0.887481
vt 0.174038 0.889526
vt 0.17722 0.862003
vt 0.162606 0.868712
vt 0.248103 0.141199
vt 0.240835 0.13065
vt 0.237452 0.1487
vt 0.251351 0.145651
vt 0.249264 0.140432
vt 0.251351 0.123471
vt 0.693226 0.702751
vt 0.687405 0.691505
vt 0.708257 0.694515
vt 0.702518 0.71282
vt 0.711855 0.707752
vt 0.711702 0.717405
vt 0.716216 0.721394
vt 0.713288 0.722859
vt 0.69231 0.703126
vt 0.686314 0.691962
vt 0.67652 0.7117
vt 0.670656 0.700468
vt 0.682597 0.722859
vt 0.698187 0.714393
vt 0.686322 0.691525
vt 0.670943 0.683869
vt 0.324971 0.774847
vt 0.318533 0.772242
vt 0.332066 0.771024
vt 0.333205 0.774847
vt 0.0223023 0.922082
vt 0.0340246 0.928874
vt 0.03574 0.925846
vt 0.0268648 0.939528
vt 0.0343059 0.929016
vt 0.0288032 0.907381
vt 0.040953 0.917774
vt 0.025406 0.908784
vt 0.0121888 0.91326
vt 0.0177235 0.895225
vt 0.0256839 0.902624
vt 0.0293536 0.890358
vt 0.0240913 0.876898
vt 0.028694 0.882051
vt 0.0288933 0.875
vt 0.00993013 0.883626
vt 0.00483455 0.901802
vt 0.0325969 0.888504
vt 0.0272048 0.939651
vt 0.0378677 0.947538
vt 0.0299611 0.957263
vt 0.0205855 0.948874
vt 0.0471178 0.957971
vt 0.0498069 0.957055
vt 0.0487257 0.959741
vt 0.0446625 0.881174
vt 0.0498069 0.940332
vt 0.0427021 0.940305
vt 0.0347098 0.963547
vt 0.0104771 0.943569
vt 0.0350837 0.929313
vt 0.0266226 0.96445
vt 0.0462722 0.960295
vt 0.0469343 0.934527
vt 0.0134581 0.962691
vt 0.0034749 0.956087
vt 0.186486 0.588303
vt 0.202703 0.588303
vt 0.193972 0.574541
vt 0.154826 0.875765
vt 0.143056 0.88729
vt 0.154826 0.894878
vt 0.14186 0.88672
vt 0.140927 0.889995
vt 0.627413 0.437691
vt 0.611197 0.437451
vt 0.627413 0.42393
vt 0.219133 0.9675
vt 0.234363 0.965365
vt 0.232496 0.952252
vt 0.221445 0.969682
vt 0.232973 0.97715
vt 0.232838 0.982038
vt 0.219352 0.969908
vt 0.232867 0.952217
vt 0.212741 0.970174
vt 0.216951 0.982592
vt 0.219979 0.982523
vt 0.234363 0.99656
vt 0.636821 0.0806575
vt 0.628185 0.0905963
vt 0.649807 0.0905963
vt 0.892865 0.717331
vt 0.901143 0.732209
vt 0.901356 0.721059
vt 0.902214 0.727499
vt 0.899574 0.713222
vt 0.901953 0.732359
vt 0.889515 0.745349
vt 0.903169 0.746119
vt 0.917287 0.74695
vt 0.888992 0.745875
vt 0.90575 0.756187
vt 0.917835 0.748949
vt 0.893447 0.762992
vt 0.921028 0.747128
vt 0.914363 0.730424
vt 0.918929 0.729561
vt 0.930116 0.745748
vt 0.880695 0.766437
vt 0.914195 0.729317
vt 0.912273 0.714671
vt 0.912057 0.712652
vt 0.919054 0.712972
vt 0.909907 0.697633
vt 0.897433 0.699781
vt 0.884392 0.708196
vt 0.883145 0.702361
vt 0.89697 0.698005
vt 0.92324 0.695632
vt 0.909779 0.695997
vt 0.907826 0.682888
vt 0.893523 0.68405
vt 0.88417 0.701047
vt 0.921208 0.681064
vt 0.923042 0.694197
vt 0.91936 0.667834
vt 0.930116 0.666284
vt 0.905955 0.669643
vt 0.0930502 0.284472
vt 0.103089 0.272554
vt 0.103089 0.29396
vt 0.310865 0.434633
vt 0.313244 0.421385
vt 0.3 0.420372
vt 0.314866 0.42157
vt 0.301912 0.407532
vt 0.314652 0.408879
vt 0.327379 0.410294
vt 0.316128 0.396383
vt 0.303225 0.394915
vt 0.316591 0.396436
vt 0.323673 0.384777
vt 0.327293 0.411243
vt 0.317057 0.38341
vt 0.327799 0.424921
vt 0.327799 0.410441
vt 0.788926 0.955602
vt 0.796223 0.945262
vt 0.777658 0.948975
vt 0.782283 0.965794
vt 0.770913 0.960156
vt 0.77577 0.978344
vt 0.780716 0.94377
vt 0.792215 0.942325
vt 0.803734 0.934633
vt 0.808108 0.953363
vt 0.802283 0.966321
vt 0.792673 0.975169
vt 0.779449 0.98155
vt 0.794921 0.976997
vt 0.802224 0.966965
vt 0.788781 0.989435
vt 0.794676 0.994656
vt 0.806824 0.987546
vt 0.802822 0.966743
vt 0.808108 0.98866
vt 0.774979 0.982969
vt 0.786808 0.99691
vt 0.761282 0.988126
vt 0.800406 0.998853
vt 0.762349 0.970579
vt 0.758687 0.985817
vt 0.772731 0.997862
vt 0.759876 0.996396
vt 0.397595 0.258792
vt 0.395753 0.243705
vt 0.408574 0.242737
vt 0.411081 0.258333
vt 0.423405 0.248357
vt 0.431274 0.258792
vt 0.431206 0.255531
vt 0.825869 0.676988
vt 0.812324 0.668495
vt 0.812784 0.675141
vt 0.808108 0.670836
vt 0.825869 0.661697
vt 0.386487 0.70604
vt 0.386487 0.719801
vt 0.371815 0.707803
vt 0.635135 0.183868
vt 0.635135 0.202217
vt 0.624324 0.19275
vt 0.931489 0.909889
vt 0.94165 0.903002
vt 0.938891 0.921479
vt 0.923427 0.900751
vt 0.929914 0.929539
vt 0.93281 0.935398
vt 0.919521 0.922068
vt 0.910661 0.913032
vt 0.916996 0.894068
vt 0.912093 0.892992
vt 0.948649 0.914066
vt 0.901162 0.904421
vt 0.900874 0.904652
vt 0.948245 0.910083
vt 0.943192 0.90196
vt 0.956221 0.893639
vt 0.915521 0.888761
vt 0.951605 0.911924
vt 0.961004 0.895581
vt 0.884304 0.898911
vt 0.88769 0.91629
vt 0.900911 0.923188
vt 0.905777 0.918051
vt 0.908726 0.935398
vt 0.919389 0.922279
vt 0.88299 0.900393
vt 0.880301 0.897067
vt 0.866023 0.89096
vt 0.169099 0.600311
vt 0.168347 0.587661
vt 0.182625 0.601771
vt 0.161411 0.587625
vt 0.164841 0.608983
vt 0.162895 0.6008
vt 0.148811 0.602138
vt 0.162498 0.613532
vt 0.146275 0.612156
vt 0.134889 0.599776
vt 0.148434 0.588219
vt 0.135811 0.586908
vt 0.122456 0.598051
vt 0.132579 0.586411
vt 0.122113 0.592524
vt 0.133777 0.613224
vt 0.121072 0.613532
vt 0.148229 0.585245
vt 0.10695 0.604241
vt 0.261782 0.611767
vt 0.258691 0.621185
vt 0.270682 0.619931
vt 0.267335 0.635703
vt 0.255985 0.627786
vt 0.274517 0.604546
vt 0.274386 0.604358
vt 0.274386 0.633916
vt 0.3347 0.591962
vt 0.337327 0.606185
vt 0.32229 0.59467
vt 0.323365 0.607416
vt 0.350005 0.594819
vt 0.344215 0.607416
vt 0.353282 0.586568
vt 0.335194 0.586009
vt 0.308494 0.595825
vt 0.909266 0.303034
vt 0.921874 0.306222
vt 0.925938 0.2946
vt 0.930627 0.309501
vt 0.934233 0.297246
vt 0.939276 0.281726
vt 0.940358 0.293313
vt 0.950421 0.285752
vt 0.922469 0.314894
vt 0.951983 0.268034
vt 0.909297 0.318008
vt 0.909284 0.320786
vt 0.95425 0.284613
vt 0.967744 0.274102
vt 0.970445 0.291951
vt 0.954314 0.285526
vt 0.956667 0.302894
vt 0.956629 0.302882
vt 0.940057 0.296861
vt 0.94291 0.314099
vt 0.929847 0.314287
vt 0.956711 0.303014
vt 0.972587 0.309749
vt 0.96777 0.321483
vt 0.952057 0.314822
vt 0.957637 0.256362
vt 0.972301 0.262067
vt 0.972587 0.245795
vt 0.945461 0.772187
vt 0.957138 0.77954
vt 0.95852 0.769495
vt 0.939336 0.784182
vt 0.949527 0.789828
vt 0.927379 0.7782
vt 0.959631 0.797381
vt 0.967954 0.792574
vt 0.967936 0.78532
vt 0.967427 0.803584
vt 0.967954 0.772393
vt 0.956605 0.806193
vt 0.942406 0.80359
vt 0.931158 0.796584
vt 0.921622 0.7865
vt 0.037193 0.634422
vt 0.0366757 0.634588
vt 0.0341756 0.62398
vt 0.0184347 0.626394
vt 0.0335992 0.622204
vt 0.0189764 0.636468
vt 0.0373405 0.634951
vt 0.020582 0.612768
vt 0.0336796 0.621315
vt 0.00631173 0.636468
vt 0.00579151 0.626904
vt 0.0395712 0.633716
vt 0.0467181 0.618029
vt 0.713049 0.309985
vt 0.719311 0.317688
vt 0.699228 0.320719
vt 0.720077 0.320719
vt 0.713975 0.309251
vt 0.712708 0.309521
vt 0.701868 0.316081
vt 0.728685 0.925023
vt 0.719289 0.933507
vt 0.710321 0.923088
vt 0.72565 0.940092
vt 0.726194 0.944475
vt 0.719195 0.951323
vt 0.710215 0.942415
vt 0.70124 0.933522
vt 0.691995 0.94232
vt 0.692411 0.924464
vt 0.70115 0.951314
vt 0.731463 0.945651
vt 0.683252 0.951453
vt 0.683473 0.934358
vt 0.68297 0.932716
vt 0.680438 0.948651
vt 0.737272 0.951448
vt 0.72817 0.960398
vt 0.746332 0.960609
vt 0.710105 0.960627
vt 0.69227 0.960609
vt 0.671733 0.94286
vt 0.68172 0.931898
vt 0.682126 0.933189
vt 0.669584 0.926925
vt 0.663023 0.933916
vt 0.673063 0.923885
vt 0.659907 0.926504
vt 0.655985 0.920907
vt 0.686099 0.912199
vt 0.683974 0.910933
vt 0.700118 0.913178
vt 0.548088 0.317555
vt 0.560429 0.322323
vt 0.551048 0.304664
vt 0.555674 0.334055
vt 0.543129 0.32923
vt 0.55084 0.345687
vt 0.561004 0.32195
vt 0.556977 0.334572
vt 0.53861 0.341105
vt 0.561004 0.34991
vt 0.544881 0.35818
vt 0.0111969 0.991208
vt 0.0011583 0.982425
vt 0.0111969 0.973624
vt 0.861359 0.71998
vt 0.852912 0.710372
vt 0.851561 0.728306
vt 0.860062 0.737975
vt 0.850205 0.746305
vt 0.858672 0.756023
vt 0.862754 0.702043
vt 0.854286 0.692402
vt 0.864206 0.68429
vt 0.856035 0.674563
vt 0.866163 0.666653
vt 0.858018 0.656903
vt 0.844517 0.700715
vt 0.848662 0.764381
vt 0.845556 0.682585
vt 0.847903 0.664686
vt 0.850139 0.647105
vt 0.860008 0.639423
vt 0.852254 0.629755
vt 0.842348 0.637305
vt 0.862043 0.622047
vt 0.857294 0.774083
vt 0.842841 0.718594
vt 0.837597 0.672447
vt 0.839728 0.654885
vt 0.870226 0.631608
vt 0.868552 0.649068
vt 0.86766 0.765788
vt 0.86962 0.74776
vt 0.83356 0.69037
vt 0.839978 0.736777
vt 0.871429 0.729789
vt 0.854084 0.61097
vt 0.843982 0.618899
vt 0.842491 0.616943
vt 0.852681 0.609223
vt 0.832276 0.624242
vt 0.834651 0.607055
vt 0.844379 0.599634
vt 0.868528 0.611292
vt 0.853278 0.590738
vt 0.861908 0.600574
vt 0.870694 0.609198
vt 0.834271 0.62683
vt 0.835999 0.588569
vt 0.825869 0.595659
vt 0.847415 0.582951
vt 0.871429 0.587554
vt 0.99343 0.93819
vt 0.982414 0.926223
vt 0.985973 0.945248
vt 0.983576 0.946482
vt 0.972855 0.934715
vt 0.972655 0.953727
vt 0.976077 0.957323
vt 0.98468 0.947702
vt 0.993924 0.938736
vt 0.971042 0.958473
vt 0.985804 0.965698
vt 0.997297 0.957352
vt 0.997297 0.975153
vt 0.981853 0.48578
vt 0.994981 0.485092
vt 0.994981 0.498089
vt 0.816602 0.995031
vt 0.82973 0.995031
vt 0.829031 0.982034
vt 0.294949 0.30794
vt 0.299405 0.29652
vt 0.304994 0.296962
vt 0.305405 0.313073
vt 0.290239 0.307552
vt 0.288444 0.289148
vt 0.289082 0.307386
vt 0.283504 0.294709
vt 0.282735 0.287529
vt 0.267568 0.284786
vt 0.27115 0.301832
vt 0.289433 0.308153
vt 0.277439 0.313073
vt 0.285026 0.309838
vt 0.290015 0.308628
vt 0.993152 0.707569
vt 0.996525 0.717386
vt 0.984559 0.72281
vt 0.996525 0.727419
vt 0.981853 0.723118
vt 0.993284 0.741208
vt 0.889189 0.412462
vt 0.903089 0.412462
vt 0.895693 0.400994
vt 0.969498 0.573777
vt 0.959779 0.582539
vt 0.969498 0.590288
vt 0.957915 0.592125
vt 0.258301 0.134174
vt 0.272201 0.134174
vt 0.260248 0.122706
vt 0.0714286 0.524847
vt 0.0647682 0.512615
vt 0.0583012 0.524847
vt 0.926237 0.254721
vt 0.918864 0.261957
vt 0.938569 0.264144
vt 0.917761 0.264144
vt 0.925294 0.253854
vt 0.925915 0.253427
vt 0.940154 0.24656
vt 0.97714 0.895215
vt 0.988292 0.894878
vt 0.983087 0.907122
vt 0.967954 0.896517
vt 0.983776 0.909404
vt 0.999614 0.90931
vt 0.98287 0.90931
vt 0.205792 0.982515
vt 0.204866 0.99656
vt 0.195896 0.991667
vt 0.195076 0.993203
vt 0.178764 0.99656
vt 0.18388 0.97927
vt 0.200672 0.975153
vt 0.22467 0.117355
vt 0.225445 0.117809
vt 0.226366 0.115519
vt 0.217972 0.128296
vt 0.225991 0.132934
vt 0.227413 0.102699
vt 0.2115 0.139136
vt 0.227413 0.137889
vt 0.213684 0.11095
vt 0.206908 0.121667
vt 0.202846 0.103956
vt 0.200381 0.132589
vt 0.20385 0.119861
vt 0.200025 0.132384
vt 0.207288 0.145613
vt 0.199614 0.133807
vt 0.208584 0.152523
vt 0.220526 0.0990061
vt 0.149561 0.0347859
vt 0.159459 0.031807
vt 0.146354 0.0233929
vt 0.154305 0.0129861
vt 0.146207 0.0219793
vt 0.144964 0.022788
vt 0.133205 0.0208451
vt 0.133571 0.00607409
vt 0.146417 0.00641978
vt 0.159459 0.00496942
vt 0.852777 0.992091
vt 0.848139 0.999618
vt 0.839768 0.987502
vt 0.858099 0.999008
vt 0.861399 0.985856
vt 0.865251 0.999618
vt 0.840223 0.986975
vt 0.412548 0.60971
vt 0.416865 0.596991
vt 0.422008 0.608788
vt 0.403775 0.594049
vt 0.399554 0.606614
vt 0.398842 0.608644
vt 0.407508 0.584736
vt 0.419671 0.589525
vt 0.422008 0.582951
vt 0.0513513 0.986871
vt 0.058859 0.990237
vt 0.0519506 0.974681
vt 0.065251 0.988699
vt 0.0514376 0.991973
vt 0.065251 0.972859
vt 0.0737452 0.986753
vt 0.0779305 0.989945
vt 0.0771969 0.990575
vt 0.0782281 0.991629
vt 0.076544 0.991174
vt 0.0814183 0.969638
vt 0.0890786 0.979865
vt 0.0961891 0.972539
vt 0.100336 0.972417
vt 0.107228 0.980125
vt 0.098948 0.966743
vt 0.0812255 0.969022
vt 0.0983198 0.989008
vt 0.0895873 0.998089
vt 0.107791 0.998089
vt 0.116681 0.989273
vt 0.125362 0.979927
vt 0.117932 0.990527
vt 0.127551 0.98195
vt 0.101201 0.968234
vt 0.137451 0.99184
vt 0.145225 0.980878
vt 0.156106 0.990487
vt 0.164093 0.9798
vt 0.118051 0.975093
vt 0.972587 0.975153
vt 0.961656 0.965979
vt 0.955946 0.9703
vt 0.95251 0.975153
vt 0.00842119 0.734203
vt 0.00126548 0.730408
vt 0.0003861 0.744533
vt 0.0023921 0.745031
vt 0.019261 0.741692
vt 0.0178683 0.722095
vt 0.0286192 0.729737
vt 0.0328185 0.745031
vt 0.609653 0.927752
vt 0.620463 0.927752
vt 0.615147 0.917813
vt 0.986801 0.406154
vt 0.987543 0.409435
vt 0.993775 0.407912
vt 0.990575 0.421992
vt 0.978315 0.398512
vt 0.971568 0.415753
vt 0.978058 0.426843
vt 0.994863 0.433868
vt 0.999614 0.432116
vt 0.995038 0.420571
vt 0.990191 0.391474
vt 0.990299 0.390571
vt 0.980587 0.380895
vt 0.966409 0.40411
vt 0.999614 0.3819
vt 0.988807 0.37081
vt 0.978683 0.36308
vt 0.996794 0.359856
vt 0.986164 0.352829
vt 0.995966 0.385972
vt 0.975384 0.388761
vt 0.29305 0.538106
vt 0.284382 0.527461
vt 0.289126 0.523875
vt 0.273952 0.51602
vt 0.273528 0.535766
vt 0.292851 0.538261
vt 0.263135 0.525801
vt 0.257954 0.541436
vt 0.258189 0.541667
vt 0.268009 0.517046
vt 0.244133 0.52158
vt 0.260941 0.523297
vt 0.250768 0.531186
vt 0.252499 0.513324
vt 0.254367 0.511451
vt 0.241759 0.504205
vt 0.236879 0.541667
vt 0.236378 0.540133
vt 0.22973 0.529542
vt 0.230457 0.512415
vt 0.256862 0.310015
vt 0.259964 0.314602
vt 0.26139 0.313087
vt 0.243629 0.314602
vt 0.442331 0.197589
vt 0.436123 0.186536
vt 0.43822 0.186911
vt 0.439621 0.198309
vt 0.436627 0.185104
vt 0.426091 0.173186
vt 0.451792 0.208986
vt 0.421752 0.190238
vt 0.423996 0.202414
vt 0.441697 0.170107
vt 0.434662 0.214119
vt 0.457032 0.195421
vt 0.418225 0.184724
vt 0.458779 0.194309
vt 0.453044 0.211798
vt 0.471048 0.207789
vt 0.471011 0.208022
vt 0.465059 0.225293
vt 0.480226 0.197457
vt 0.469923 0.186223
vt 0.458132 0.194018
vt 0.463743 0.178949
vt 0.447889 0.181586
vt 0.414054 0.20956
vt 0.424848 0.222667
vt 0.413122 0.22974
vt 0.403583 0.217249
vt 0.471315 0.208074
vt 0.419673 0.194836
vt 0.416684 0.191124
vt 0.402703 0.196408
vt 0.412887 0.207989
vt 0.491506 0.188878
vt 0.479263 0.175775
vt 0.468789 0.180382
vt 0.477551 0.22974
vt 0.452835 0.17524
vt 0.485359 0.476682
vt 0.489189 0.462605
vt 0.485328 0.462753
vt 0.485359 0.462156
vt 0.978068 0.66101
vt 0.974031 0.652472
vt 0.968681 0.651369
vt 0.98999 0.655638
vt 0.98502 0.64574
vt 0.996523 0.638958
vt 0.986378 0.642933
vt 0.987561 0.675459
vt 0.997297 0.666704
vt 0.99429 0.635542
vt 0.986955 0.624075
vt 0.983406 0.643098
vt 0.975584 0.629553
vt 0.980557 0.612795
vt 0.969491 0.618874
vt 0.963186 0.608002
vt 0.964877 0.636138
vt 0.967501 0.605545
vt 0.978983 0.60992
vt 0.957915 0.625432
vt 0.992116 0.606926
vt 0.986971 0.597904
vt 0.997297 0.58966
vt 0.988295 0.594196
vt 0.994271 0.58448
vt 0.971885 0.648585
vt 0.0100976 0.534494
vt 0.0137353 0.523318
vt 0.0169102 0.52421
vt 0.0243243 0.539536
vt 0.0209521 0.541667
vt 0.00591602 0.537241
vt 0.0042471 0.541667
vt 0.00523953 0.537068
vt 0.110464 0.196552
vt 0.112955 0.195371
vt 0.116887 0.209115
vt 0.109944 0.195437
vt 0.097845 0.202602
vt 0.116396 0.209378
vt 0.0931095 0.194012
vt 0.103941 0.214677
vt 0.0860414 0.209303
vt 0.0782731 0.197858
vt 0.126398 0.217974
vt 0.0873978 0.192059
vt 0.0716178 0.185407
vt 0.0739356 0.184335
vt 0.0682785 0.17966
vt 0.0593338 0.191586
vt 0.055214 0.183697
vt 0.0490675 0.181705
vt 0.0411585 0.185837
vt 0.0393056 0.182443
vt 0.0653693 0.206615
vt 0.121128 0.224388
vt 0.0756286 0.21764
vt 0.129834 0.197507
vt 0.0277336 0.19735
vt 0.138669 0.206805
vt 0.14798 0.198379
vt 0.144766 0.194377
vt 0.133975 0.19361
vt 0.15727 0.190397
vt 0.150543 0.201479
vt 0.141097 0.209096
vt 0.157701 0.191428
vt 0.159245 0.193611
vt 0.159408 0.190672
vt 0.0594313 0.21061
vt 0.0452802 0.203644
vt 0.0258687 0.178059
vt 0.0447236 0.203452
vt 0.0618121 0.224388
vt 0.170921 0.185884
vt 0.167059 0.175439
vt 0.181217 0.181388
vt 0.17705 0.171232
vt 0.172555 0.161223
vt 0.168392 0.163156
vt 0.159229 0.160651
vt 0.15679 0.1557
vt 0.167761 0.150651
vt 0.145929 0.162169
vt 0.151679 0.144507
vt 0.140159 0.149485
vt 0.135241 0.137916
vt 0.123541 0.142664
vt 0.128353 0.15445
vt 0.111755 0.14734
vt 0.11629 0.1593
vt 0.133381 0.166427
vt 0.120625 0.171968
vt 0.14535 0.161059
vt 0.107102 0.135702
vt 0.0953484 0.140343
vt 0.0905598 0.128823
vt 0.0775013 0.133633
vt 0.100155 0.151759
vt 0.0835701 0.145139
vt 0.104267 0.163259
vt 0.0892295 0.156031
vt 0.0927105 0.166887
vt 0.075564 0.161219
vt 0.0798898 0.172959
vt 0.0936801 0.179638
vt 0.165077 0.171163
vt 0.106894 0.180175
vt 0.109842 0.179926
vt 0.187555 0.16694
vt 0.163646 0.176899
vt 0.160429 0.186837
vt 0.118809 0.130862
vt 0.162845 0.139505
vt 0.183211 0.156516
vt 0.0734365 0.148036
vt 0.0486809 0.222108
vt 0.073259 0.158781
vt 0.174216 0.191014
vt 0.106986 0.181057
vt 0.0926409 0.189111
vt 0.0770637 0.168123
vt 0.134519 0.168456
vt 0.125192 0.17866
vt 0.143709 0.221784
vt 0.188031 0.193695
vt 0.899204 0.973537
vt 0.900897 0.973431
vt 0.900072 0.974851
vt 0.8839 0.987085
vt 0.899249 0.986611
vt 0.883688 0.975732
vt 0.901356 0.986573
vt 0.901107 0.995839
vt 0.898676 0.999618
vt 0.883767 0.999618
vt 0.914432 0.972757
vt 0.899838 0.972151
vt 0.901599 0.959164
vt 0.910991 0.956512
vt 0.88762 0.960442
vt 0.887662 0.960173
vt 0.91732 0.961564
vt 0.918499 0.954964
vt 0.903835 0.950327
vt 0.934773 0.964861
vt 0.926249 0.969833
vt 0.919978 0.942387
vt 0.891667 0.94304
vt 0.926397 0.989123
vt 0.930041 0.971911
vt 0.944076 0.983775
vt 0.927158 0.994212
vt 0.944788 0.984129
vt 0.874393 0.959924
vt 0.872201 0.97339
vt 0.930224 0.953853
vt 0.932142 0.944121
vt 0.939862 0.951047
vt 0.875436 0.955317
vt 0.87848 0.942278
vt 0.940243 0.963639
vt 0.80193 0.569954
vt 0.790699 0.563073
vt 0.789589 0.56522
vt 0.775676 0.569954
vt 0.562597 0.565367
vt 0.559459 0.565668
vt 0.560678 0.567661
vt 0.577992 0.567661
vt 0.178017 0.816743
vt 0.190477 0.814738
vt 0.190869 0.816555
vt 0.177934 0.815207
vt 0.165181 0.816791
vt 0.20285 0.809562
vt 0.190988 0.829331
vt 0.177946 0.829457
vt 0.165208 0.82947
vt 0.152356 0.816856
vt 0.15241 0.829563
vt 0.139542 0.816956
vt 0.139607 0.82963
vt 0.126759 0.817036
vt 0.126811 0.829711
vt 0.113991 0.817087
vt 0.13968 0.842278
vt 0.152377 0.842183
vt 0.113938 0.829812
vt 0.101277 0.81698
vt 0.139478 0.80887
vt 0.126726 0.812561
vt 0.113993 0.813137
vt 0.101405 0.80444
vt 0.105402 0.804494
vt 0.152289 0.812643
vt 0.165161 0.815792
vt 0.178014 0.842153
vt 0.190806 0.842074
vt 0.12691 0.842423
vt 0.114183 0.842491
vt 0.126989 0.855103
vt 0.114229 0.855122
vt 0.139743 0.855026
vt 0.0887636 0.804426
vt 0.165208 0.842279
vt 0.152566 0.855122
vt 0.114175 0.792163
vt 0.101866 0.792063
vt 0.204247 0.81685
vt 0.100241 0.830278
vt 0.100442 0.842894
vt 0.114218 0.79638
vt 0.126707 0.792213
vt 0.126623 0.796821
vt 0.139232 0.792958
vt 0.138945 0.799284
vt 0.127576 0.779823
vt 0.140028 0.780615
vt 0.141374 0.793083
vt 0.142501 0.780775
vt 0.140187 0.779156
vt 0.114172 0.779152
vt 0.100592 0.777427
vt 0.0878533 0.78952
vt 0.0876448 0.783776
vt 0.097057 0.776978
vt 0.0879107 0.776642
vt 0.100405 0.775612
vt 0.144788 0.369797
vt 0.144788 0.384939
vt 0.143457 0.368201
vt 0.144276 0.367736
vt 0.129737 0.355148
vt 0.128137 0.359195
vt 0.127799 0.376526
vt 0.141522 0.354358
vt 0.620463 0.286878
vt 0.622008 0.303135
vt 0.622008 0.286212
vt 0.620481 0.28555
vt 0.958687 0.460266
vt 0.960232 0.444572
vt 0.960232 0.461391
vt 0.0648509 0.794102
vt 0.0591979 0.786013
vt 0.0658017 0.793448
vt 0.0563147 0.784786
vt 0.0650698 0.794371
vt 0.0507649 0.805179
vt 0.0525271 0.808274
vt 0.0456827 0.807869
vt 0.0359859 0.805253
vt 0.0442489 0.788689
vt 0.0656563 0.806874
vt 0.0667954 0.822248
vt 0.0541848 0.822248
vt 0.0383002 0.814669
vt 0.0227799 0.816997
vt 0.0332076 0.819938
vt 0.339099 0.902744
vt 0.339097 0.893156
vt 0.337838 0.893154
vt 0.339098 0.89029
vt 0.340255 0.905865
vt 0.35251 0.905866
vt 0.35251 0.918578
vt 0.35251 0.895686
vt 0.346312 0.893154
vt 0.984917 0.328364
vt 0.985608 0.328086
vt 0.985146 0.311036
vt 0.998406 0.312196
vt 0.981853 0.310711
vt 0.998842 0.327671
vt 0.985124 0.310343
vt 0.989879 0.298769
vt 0.985063 0.304901
vt 0.99819 0.297994
vt 0.998378 0.310288
vt 0.998842 0.310344
vt 0.998607 0.29858
vt 0.993746 0.286659
vt 0.997786 0.281728
vt 0.776653 0.513219
vt 0.777447 0.512578
vt 0.794135 0.514338
vt 0.794503 0.514926
vt 0.794991 0.514419
vt 0.812292 0.517827
vt 0.804189 0.529986
vt 0.817876 0.530632
vt 0.811353 0.515466
vt 0.804736 0.502081
vt 0.786909 0.500428
vt 0.769193 0.497358
vt 0.784332 0.527461
vt 0.801146 0.530189
vt 0.785505 0.529823
vt 0.782874 0.529663
vt 0.766766 0.527474
vt 0.776484 0.512867
vt 0.81314 0.515784
vt 0.822524 0.502943
vt 0.82877 0.51682
vt 0.789047 0.54312
vt 0.777066 0.542572
vt 0.826514 0.52979
vt 0.830085 0.524459
vt 0.832649 0.530127
vt 0.846801 0.529472
vt 0.840815 0.514148
vt 0.851219 0.529204
vt 0.858755 0.517212
vt 0.86318 0.529843
vt 0.874933 0.516665
vt 0.859635 0.515451
vt 0.869746 0.501892
vt 0.835025 0.498338
vt 0.835292 0.542672
vt 0.823041 0.542813
vt 0.857872 0.515058
vt 0.841495 0.513482
vt 0.853726 0.500499
vt 0.849117 0.499999
vt 0.869741 0.501546
vt 0.851934 0.496339
vt 0.833388 0.494197
vt 0.83087 0.497523
vt 0.815061 0.489947
vt 0.819661 0.498564
vt 0.809785 0.498031
vt 0.868685 0.488663
vt 0.837633 0.484411
vt 0.850888 0.486241
vt 0.845858 0.473953
vt 0.855458 0.486912
vt 0.863961 0.475766
vt 0.880311 0.475075
vt 0.866044 0.47307
vt 0.875376 0.462221
vt 0.857509 0.458022
vt 0.858836 0.456385
vt 0.874678 0.458742
vt 0.869087 0.443807
vt 0.863462 0.473067
vt 0.847538 0.470504
vt 0.848488 0.542204
vt 0.864409 0.542079
vt 0.766252 0.527496
vt 0.802337 0.542802
vt 0.81889 0.542956
vt 0.848101 0.542229
vt 0.825017 0.481086
vt 0.840728 0.513668
vt 0.876039 0.529199
vt 0.802012 0.542823
vt 0.766386 0.529181
vt 0.772022 0.54251
vt 0.756548 0.542036
vt 0.755853 0.554678
vt 0.771725 0.555114
vt 0.755598 0.541975
vt 0.777656 0.555239
vt 0.788401 0.555391
vt 0.802676 0.555336
vt 0.819029 0.555428
vt 0.881467 0.487821
vt 0.801901 0.555354
vt 0.825811 0.555391
vt 0.83414 0.555026
vt 0.847886 0.554734
vt 0.851397 0.55478
vt 0.864113 0.554335
vt 0.876782 0.541665
vt 0.655407 0.375
vt 0.64749 0.380352
vt 0.656102 0.376279
vt 0.672201 0.380352
vt 0.760259 0.0361049
vt 0.758677 0.0348234
vt 0.772842 0.0387117
vt 0.772031 0.0413496
vt 0.778419 0.0223387
vt 0.787909 0.0400667
vt 0.764997 0.0174244
vt 0.751227 0.0141227
vt 0.748315 0.0315408
vt 0.744805 0.0300434
vt 0.744597 0.030299
vt 0.79265 0.0255221
vt 0.801689 0.0439072
vt 0.754106 0.0490063
vt 0.785325 0.0465181
vt 0.79874 0.0514645
vt 0.779647 0.0607436
vt 0.766767 0.0542565
vt 0.733826 0.0142665
vt 0.736625 0.0147166
vt 0.799437 0.0516848
vt 0.743912 0.0327371
vt 0.729874 0.0324209
vt 0.731099 0.0273313
vt 0.798616 0.052161
vt 0.78687 0.0643429
vt 0.719631 0.0380928
vt 0.714994 0.0369165
vt 0.715072 0.050335
vt 0.711105 0.0499283
vt 0.698547 0.0453278
vt 0.694176 0.0569604
vt 0.682554 0.0530943
vt 0.678861 0.0647791
vt 0.690096 0.0687079
vt 0.705386 0.0611795
vt 0.686373 0.0412064
vt 0.670581 0.0496575
vt 0.67396 0.037157
vt 0.690476 0.0292254
vt 0.702525 0.0332096
vt 0.666666 0.0620782
vt 0.67601 0.0753217
vt 0.685807 0.079079
vt 0.701226 0.0734804
vt 0.678374 0.0246241
vt 0.683588 0.0128826
vt 0.661887 0.0324499
vt 0.740588 0.043928
vt 0.756816 0.0395072
vt 0.746688 0.0460131
vt 0.718072 0.0240157
vt 0.696249 0.0842572
vt 0.721999 0.0592541
vt 0.665265 0.0183274
vt 0.672942 0.00615897
vt 0.728051 0.0410352
vt 0.725516 0.0517239
vt 0.735785 0.055876
vt 0.74734 0.0610883
vt 0.750903 0.0524035
vt 0.759034 0.0667404
vt 0.746657 0.00267584
vt 0.718147 0.0685135
vt 0.654819 0.0474446
vt 0.65444 0.0604505
vt 0.744546 0.0657336
vt 0.681987 0.0911534
vt 0.694733 0.0913609
vt 0.733352 0.0619799
vt 0.670635 0.0873053
vt 0.710172 0.0788799
vt 0.751134 0.0759171
vt 0.759039 0.0847104
vt 0.769047 0.0731196
vt 0.76875 0.0913609
vt 0.77712 0.0816663
vt 0.717336 0.0732968
vt 0.805791 0.0392979
vt 0.661276 0.071367
vt 0.702014 0.0883949
vt 0.662533 0.0754438
vt 0.728772 0.0744655
vt 0.734118 0.0734986
vt 0.863707 0.186927
vt 0.877606 0.186927
vt 0.863966 0.186162
vt 0.728568 0.796709
vt 0.727035 0.797731
vt 0.734207 0.787908
vt 0.723131 0.778863
vt 0.715323 0.788414
vt 0.72829 0.798851
vt 0.716816 0.7841
vt 0.716924 0.805629
vt 0.724416 0.812146
vt 0.718703 0.774368
vt 0.70767 0.798263
vt 0.735564 0.789101
vt 0.712357 0.789683
vt 0.701943 0.794068
vt 0.728039 0.814933
vt 0.713893 0.814285
vt 0.736303 0.788252
vt 0.736356 0.806091
vt 0.740587 0.809873
vt 0.744533 0.79718
vt 0.750965 0.786685
vt 0.739048 0.828301
vt 0.690808 0.802878
vt 0.700706 0.81115
vt 0.721604 0.830657
vt 0.738635 0.828334
vt 0.619241 0.790517
vt 0.632701 0.793274
vt 0.632409 0.794218
vt 0.635669 0.795159
vt 0.626245 0.812053
vt 0.613329 0.80691
vt 0.640018 0.776674
vt 0.627025 0.812373
vt 0.637605 0.774778
vt 0.619464 0.789796
vt 0.64463 0.805196
vt 0.649291 0.793963
vt 0.658594 0.794755
vt 0.650987 0.811237
vt 0.662778 0.800754
vt 0.659079 0.810355
vt 0.655623 0.817546
vt 0.666562 0.824346
vt 0.67166 0.812198
vt 0.665791 0.794254
vt 0.649618 0.830657
vt 0.637969 0.82534
vt 0.643943 0.809906
vt 0.653023 0.780591
vt 0.655779 0.781214
vt 0.67048 0.782424
vt 0.682075 0.786788
vt 0.682606 0.785473
vt 0.684688 0.787221
vt 0.676445 0.801615
vt 0.683687 0.805965
vt 0.672736 0.776122
vt 0.669767 0.768731
vt 0.694495 0.797778
vt 0.675956 0.802378
vt 0.687963 0.80868
vt 0.682307 0.823536
vt 0.699685 0.813099
vt 0.693938 0.82734
vt 0.707406 0.829082
vt 0.622612 0.776143
vt 0.701862 0.812956
vt 0.710698 0.822651
vt 0.714608 0.828814
vt 0.679985 0.824047
vt 0.618807 0.789581
vt 0.607761 0.774401
vt 0.608135 0.773901
vt 0.606727 0.773519
vt 0.600815 0.791709
vt 0.589575 0.774772
vt 0.672806 0.8011
vt 0.910072 0.855894
vt 0.910808 0.85976
vt 0.908987 0.860265
vt 0.928329 0.857778
vt 0.893698 0.861
vt 0.927883 0.858911
vt 0.91988 0.873827
vt 0.902043 0.873524
vt 0.892357 0.859739
vt 0.919104 0.845259
vt 0.922649 0.8406
vt 0.937177 0.844129
vt 0.916954 0.839957
vt 0.940464 0.836501
vt 0.926635 0.83275
vt 0.910447 0.834091
vt 0.917841 0.825174
vt 0.898882 0.849139
vt 0.890376 0.817575
vt 0.898423 0.819105
vt 0.889232 0.830906
vt 0.894341 0.831717
vt 0.909614 0.835551
vt 0.905702 0.805298
vt 0.888417 0.802252
vt 0.90609 0.790908
vt 0.893011 0.788609
vt 0.891178 0.835659
vt 0.939743 0.863489
vt 0.947487 0.850301
vt 0.948621 0.848203
vt 0.938239 0.866968
vt 0.93192 0.878058
vt 0.955832 0.864135
vt 0.944661 0.878058
vt 0.956544 0.864384
vt 0.943391 0.832617
vt 0.936478 0.820117
vt 0.926265 0.813958
vt 0.952994 0.823345
vt 0.957143 0.836135
vt 0.762709 0.804664
vt 0.762548 0.791523
vt 0.76332 0.79159
vt 0.762709 0.790902
vt 0.864479 0.31696
vt 0.864256 0.316896
vt 0.851351 0.326331
vt 0.86395 0.332982
vt 0.851571 0.340596
vt 0.864479 0.33591
vt 0.0132784 0.33448
vt 0.0135135 0.333716
vt 0.0003861 0.333716
vt 0.122592 0.0324924
vt 0.129344 0.0447248
vt 0.110039 0.0447248
vt 0.12691 0.0360204
vt 0.459073 0.799312
vt 0.459073 0.816896
vt 0.445946 0.816001
vt 0.354826 0.649465
vt 0.373359 0.649465
vt 0.370896 0.636468
vt 0.856757 0.889526
vt 0.844402 0.881874
vt 0.856757 0.872095
vt 0.849203 0.862003
vt 0.0042471 0.477446
vt 0.0227799 0.477446
vt 0.0133478 0.465214
vt 0.0114706 0.465723
vt 0.0474903 0.277141
vt 0.0321381 0.27959
vt 0.0474903 0.290902
vt 0.0296615 0.28435
vt 0.0289575 0.284144
vt 0.652009 0.678517
vt 0.642857 0.687691
vt 0.662934 0.687691
vt 0.737066 0.389655
vt 0.746332 0.380352
vt 0.746332 0.398634
vt 0.737229 0.407875
vt 0.160383 0.113532
vt 0.150965 0.122706
vt 0.169498 0.122706
vt 0.967571 0.998853
vt 0.96757 0.986112
vt 0.980309 0.998851
vt 0.980309 0.996996
vt 0.970801 0.986112
vt 0.967569 0.982798
vt 0.964108 0.986112
vt 0.961004 0.998852
vt 0.688417 0.666284
vt 0.688417 0.68081
vt 0.683012 0.678165
vt 0.111225 0.621942
vt 0.101544 0.625
vt 0.116216 0.625
vt 0.985714 0.577599
vt 0.998842 0.577599
vt 0.99843 0.574541
vt 0.952743 0.119648
vt 0.940154 0.121942
vt 0.955598 0.121942
vt 0.825097 0.946101
vt 0.842857 0.946101
vt 0.841362 0.944572
vt 0.780309 0.303899
vt 0.778764 0.302759
vt 0.780309 0.287844
vt 0.00656371 0.344419
vt 0.0027027 0.342081
vt 0.00656371 0.341361
vt 0.756371 0.189985
vt 0.757143 0.190037
vt 0.756919 0.208895
vt 0.756371 0.209098
vt 0.759392 0.623565
vt 0.758539 0.622917
vt 0.754088 0.629035
vt 0.747549 0.631773
vt 0.751886 0.635626
vt 0.77117 0.615206
vt 0.766447 0.611882
vt 0.782129 0.613434
vt 0.785522 0.608479
vt 0.792653 0.622211
vt 0.75525 0.604073
vt 0.747256 0.615058
vt 0.777066 0.62284
vt 0.774198 0.60051
vt 0.781942 0.588497
vt 0.770601 0.580657
vt 0.785924 0.58146
vt 0.762754 0.593241
vt 0.788228 0.628863
vt 0.780871 0.640679
vt 0.791633 0.647226
vt 0.784984 0.657832
vt 0.795913 0.664399
vt 0.804247 0.653789
vt 0.789052 0.67499
vt 0.778308 0.668414
vt 0.801745 0.681892
vt 0.771624 0.678998
vt 0.787958 0.676821
vt 0.796432 0.687335
vt 0.767567 0.661816
vt 0.7742 0.651245
vt 0.760841 0.672371
vt 0.753422 0.683301
vt 0.779159 0.688649
vt 0.791841 0.693495
vt 0.784694 0.705441
vt 0.795437 0.712062
vt 0.788734 0.722628
vt 0.800354 0.729697
vt 0.777997 0.716042
vt 0.782047 0.733201
vt 0.77131 0.726616
vt 0.76722 0.709426
vt 0.760553 0.720022
vt 0.756401 0.702752
vt 0.748891 0.713145
vt 0.753593 0.730511
vt 0.7426 0.724294
vt 0.746906 0.741558
vt 0.759331 0.747325
vt 0.755824 0.754714
vt 0.770358 0.753512
vt 0.77079 0.752601
vt 0.754097 0.760058
vt 0.765781 0.767959
vt 0.735096 0.73471
vt 0.733947 0.720285
vt 0.732432 0.715585
vt 0.771095 0.75283
vt 0.783497 0.764469
vt 0.776559 0.775005
vt 0.773263 0.779993
vt 0.787295 0.781797
vt 0.781851 0.745318
vt 0.790567 0.753342
vt 0.794296 0.742244
vt 0.794574 0.770959
vt 0.782252 0.789373
vt 0.763341 0.692227
vt 0.764701 0.736668
vt 0.77383 0.69911
vt 0.792369 0.739886
vt 0.75667 0.655146
vt 0.771617 0.679016
vt 0.763532 0.644667
vt 0.804247 0.746505
vt 0.776022 0.743088
vt 0.770846 0.633895
vt 0.999569 0.00114679
vt 0.999614 0.0164373
vt 0.986486 0.0164373
vt 0.194206 0.375433
vt 0.194176 0.375426
vt 0.179218 0.38341
vt 0.178764 0.368426
vt 0.194206 0.35842
vt 0.181344 0.355887
vt 0.194208 0.375412
vt 0.398842 0.00879205
vt 0.398842 0.00496942
vt 0.385714 0.00496946
vt 0.385714 0.00515042
vt 0.509928 0.301085
vt 0.526255 0.309251
vt 0.513587 0.299926
vt 0.519204 0.288488
vt 0.517958 0.285129
vt 0.503861 0.2885
vt 0.513637 0.273029
vt 0.526255 0.267966
vt 0.867568 0.299312
vt 0.85444 0.308119
vt 0.867568 0.309251
vt 0.854459 0.308339
vt 0.340971 0.0707991
vt 0.349467 0.0866093
vt 0.331272 0.083381
vt 0.360807 0.0804562
vt 0.333616 0.087653
vt 0.348594 0.0997368
vt 0.333181 0.100647
vt 0.340255 0.116095
vt 0.323172 0.114843
vt 0.321884 0.127602
vt 0.364323 0.0960308
vt 0.352429 0.0648676
vt 0.37086 0.0705775
vt 0.366248 0.0620672
vt 0.379501 0.0545607
vt 0.362832 0.0572529
vt 0.384817 0.0681704
vt 0.321387 0.114713
vt 0.31715 0.100596
vt 0.305157 0.113565
vt 0.311076 0.100188
vt 0.293042 0.108934
vt 0.296177 0.0965026
vt 0.314265 0.0877696
vt 0.299959 0.0841836
vt 0.298356 0.0838668
vt 0.305428 0.0717108
vt 0.370122 0.0538048
vt 0.314821 0.0729654
vt 0.320634 0.127508
vt 0.338113 0.128846
vt 0.351024 0.130737
vt 0.349165 0.14342
vt 0.361999 0.145251
vt 0.363821 0.132551
vt 0.351896 0.125291
vt 0.336494 0.140669
vt 0.340404 0.142264
vt 0.318992 0.0884966
vt 0.311289 0.0637867
vt 0.3049 0.126376
vt 0.386868 0.0808283
vt 0.292533 0.0676155
vt 0.34218 0.115984
vt 0.387136 0.0674526
vt 0.361227 0.119371
vt 0.386982 0.0545832
vt 0.403553 0.055479
vt 0.396061 0.0406686
vt 0.379009 0.0382718
vt 0.395127 0.0391926
vt 0.387754 0.024962
vt 0.401992 0.0682555
vt 0.377292 0.0172583
vt 0.340564 0.0703905
vt 0.328205 0.0742964
vt 0.335536 0.0566826
vt 0.321809 0.0597339
vt 0.327936 0.0554098
vt 0.333025 0.0494559
vt 0.349275 0.0554808
vt 0.344512 0.0418862
vt 0.361643 0.0421138
vt 0.346292 0.0393428
vt 0.334974 0.0328981
vt 0.362385 0.0549855
vt 0.32657 0.0391802
vt 0.356485 0.0276379
vt 0.321085 0.0581851
vt 0.328677 0.0874467
vt 0.367247 0.0245712
vt 0.295508 0.0963547
vt 0.301052 0.0545534
vt 0.387734 0.0803119
vt 0.335447 0.0322253
vt 0.404623 0.0683471
vt 0.396498 0.0396654
vt 0.404126 0.0811518
vt 0.421402 0.0688899
vt 0.421081 0.0817004
vt 0.418842 0.0948097
vt 0.421951 0.090745
vt 0.423691 0.0955534
vt 0.403531 0.0939543
vt 0.403102 0.106773
vt 0.433987 0.0986042
vt 0.414612 0.107915
vt 0.421691 0.056078
vt 0.400955 0.093818
vt 0.432551 0.112466
vt 0.444576 0.102741
vt 0.441548 0.115227
vt 0.445446 0.0886099
vt 0.459537 0.0923087
vt 0.453904 0.10527
vt 0.458941 0.101694
vt 0.459442 0.107506
vt 0.473772 0.111164
vt 0.472271 0.0952635
vt 0.457891 0.120763
vt 0.47077 0.123765
vt 0.48547 0.0947156
vt 0.486672 0.110319
vt 0.499607 0.109764
vt 0.498352 0.0924207
vt 0.512564 0.106637
vt 0.499256 0.0921398
vt 0.498322 0.0919695
vt 0.511406 0.0924964
vt 0.527799 0.0964621
vt 0.512623 0.091029
vt 0.463604 0.0800363
vt 0.444702 0.085293
vt 0.449014 0.0758043
vt 0.464872 0.0667832
vt 0.45544 0.0640184
vt 0.447697 0.0618328
vt 0.445548 0.0510407
vt 0.437553 0.0586659
vt 0.429685 0.0416287
vt 0.446511 0.0463844
vt 0.442264 0.0292919
vt 0.427438 0.0234082
vt 0.449583 0.0465913
vt 0.42891 0.0426986
vt 0.429032 0.0414928
vt 0.441282 0.0277209
vt 0.43663 0.0144402
vt 0.476468 0.0812969
vt 0.457742 0.134605
vt 0.478157 0.0685904
vt 0.489289 0.0829799
vt 0.42923 0.00327019
vt 0.416377 0.0159069
vt 0.486862 0.112714
vt 0.411031 0.000382263
vt 0.482075 0.0930398
vt 0.473222 0.0943535
vt 0.496683 0.0771545
vt 0.441915 0.0096287
vt 0.442484 0.0876679
vt 0.444071 0.116403
vt 0.351732 0.0650819
vt 0.511367 0.0906985
vt 0.456254 0.134097
vt 0.471744 0.124171
vt 0.473141 0.140968
vt 0.486006 0.139687
vt 0.488025 0.127025
vt 0.498784 0.141707
vt 0.496703 0.154386
vt 0.501083 0.128645
vt 0.485569 0.152579
vt 0.426171 0.0696014
vt 0.485296 0.0909333
vt 0.453465 0.143518
vt 0.47249 0.122931
vt 0.416257 0.0158315
vt 0.416359 0.0159278
vt 0.29004 0.108204
vt 0.283774 0.0910202
vt 0.278094 0.10252
vt 0.283849 0.119702
vt 0.271869 0.0851157
vt 0.26513 0.0963405
vt 0.272302 0.113966
vt 0.260186 0.109549
vt 0.253065 0.0898147
vt 0.247864 0.105732
vt 0.261278 0.0785692
vt 0.277075 0.0729026
vt 0.288159 0.0800036
vt 0.419077 0.0243545
vt 0.463288 0.0571757
vt 0.462655 0.0503532
vt 0.459702 0.0372246
vt 0.476825 0.038515
vt 0.462286 0.0341963
vt 0.459775 0.0337173
vt 0.457106 0.017462
vt 0.458788 0.0161833
vt 0.454213 0.0121664
vt 0.453885 0.00217425
vt 0.472219 0.00712782
vt 0.473498 0.0232607
vt 0.486561 0.0225431
vt 0.473647 0.0251668
vt 0.4866 0.0238238
vt 0.424046 0.0817199
vt 0.454213 0.14756
vt 0.450403 0.146248
vt 0.350825 0.105299
vt 0.355597 0.115288
vt 0.443128 0.0287669
vt 0.424082 0.108925
vt 0.476776 0.0518596
vt 0.266086 0.0683772
vt 0.309051 0.059401
vt 0.405023 0.0558933
vt 0.330986 0.101027
vt 0.299167 0.0511536
vt 0.289294 0.0674899
vt 0.28409 0.0530529
vt 0.276661 0.072555
vt 0.270312 0.0563797
vt 0.258109 0.0626259
vt 0.278831 0.0515557
vt 0.290842 0.0691618
vt 0.282258 0.0475574
vt 0.293028 0.0378841
vt 0.274263 0.0372477
vt 0.267722 0.0446708
vt 0.27415 0.0319123
vt 0.28688 0.031648
vt 0.273742 0.0141948
vt 0.28647 0.0138566
vt 0.288403 0.0316508
vt 0.287427 0.0138176
vt 0.29692 0.0222324
vt 0.297959 0.0400544
vt 0.487889 0.0389327
vt 0.47072 0.152762
vt 0.402854 0.0808123
vt 0.374036 0.0436464
vt 0.402664 0.108306
vt 0.413501 0.118127
vt 0.428103 0.11809
vt 0.415011 0.11995
vt 0.412663 0.120331
vt 0.408218 0.134309
vt 0.4028 0.123686
vt 0.407892 0.134388
vt 0.410855 0.145278
vt 0.410679 0.145322
vt 0.424153 0.153623
vt 0.424692 0.138379
vt 0.424195 0.153972
vt 0.413073 0.156351
vt 0.399512 0.147737
vt 0.401951 0.158756
vt 0.38839 0.150173
vt 0.390843 0.161189
vt 0.377273 0.152621
vt 0.374722 0.141542
vt 0.363532 0.143915
vt 0.36598 0.154954
vt 0.354228 0.156949
vt 0.378648 0.16552
vt 0.385901 0.138911
vt 0.424937 0.153816
vt 0.437214 0.161491
vt 0.396867 0.137226
vt 0.422099 0.13022
vt 0.396582 0.116384
vt 0.25089 0.0746897
vt 0.254696 0.0641714
vt 0.248527 0.0619293
vt 0.245961 0.0550093
vt 0.240827 0.0607939
vt 0.23043 0.0511997
vt 0.262244 0.0547274
vt 0.236138 0.0645661
vt 0.240576 0.0760266
vt 0.228467 0.0742269
vt 0.221089 0.0600792
vt 0.233913 0.0602863
vt 0.220564 0.0603646
vt 0.225552 0.0743234
vt 0.211634 0.072246
vt 0.204961 0.0578535
vt 0.209344 0.0811395
vt 0.205189 0.0708052
vt 0.20212 0.0646513
vt 0.198427 0.0551767
vt 0.190811 0.0541007
vt 0.195505 0.0481267
vt 0.213751 0.0429865
vt 0.197978 0.0702347
vt 0.184689 0.0624574
vt 0.176819 0.0504896
vt 0.18744 0.0688805
vt 0.180447 0.0680135
vt 0.167369 0.0557835
vt 0.172655 0.0693473
vt 0.156461 0.0637333
vt 0.159216 0.0707673
vt 0.151702 0.0695568
vt 0.145035 0.0819424
vt 0.138049 0.065733
vt 0.137053 0.0679542
vt 0.131743 0.0631426
vt 0.128612 0.0557388
vt 0.123697 0.0629597
vt 0.129651 0.0805357
vt 0.117472 0.0758664
vt 0.109222 0.0607148
vt 0.117301 0.0761257
vt 0.0999112 0.0747664
vt 0.0903702 0.0646965
vt 0.0934987 0.0719613
vt 0.0992663 0.0760049
vt 0.0856168 0.0718817
vt 0.108705 0.090518
vt 0.106518 0.0905719
vt 0.110891 0.103258
vt 0.106803 0.103328
vt 0.089024 0.10269
vt 0.0892659 0.115442
vt 0.10564 0.116029
vt 0.118455 0.11711
vt 0.119238 0.114206
vt 0.0873404 0.102702
vt 0.124374 0.0898634
vt 0.123258 0.102743
vt 0.0882311 0.0899788
vt 0.0708612 0.102427
vt 0.0710159 0.0897122
vt 0.0798799 0.075095
vt 0.0616746 0.076428
vt 0.0684295 0.0893435
vt 0.0516741 0.0891485
vt 0.0432548 0.0738373
vt 0.0323149 0.0811728
vt 0.0512 0.0899181
vt 0.0393792 0.0942829
vt 0.0210285 0.0877554
vt 0.0275247 0.0998206
vt 0.00883432 0.0927631
vt 0.0165302 0.107046
vt 0.0346055 0.110902
vt 0.0236282 0.117961
vt 0.0116931 0.125203
vt 0.00209394 0.117191
vt 0.0003861 0.110587
vt 0.0446239 0.106383
vt 0.0520951 0.089854
vt 0.0618512 0.103862
vt 0.0476144 0.119032
vt 0.0626836 0.116841
vt 0.0757904 0.11579
vt 0.044398 0.106411
vt 0.0458732 0.119239
vt 0.0901837 0.0899446
vt 0.143493 0.0808632
vt 0.161616 0.0845796
vt 0.173983 0.0823013
vt 0.147878 0.0518039
vt 0.176265 0.0945745
vt 0.187795 0.0924886
vt 0.18879 0.0931545
vt 0.190846 0.104883
vt 0.128025 0.0925774
vt 0.117593 0.0792937
vt 0.144545 0.0929692
vt 0.156612 0.0918659
vt 0.157759 0.103846
vt 0.16285 0.103245
vt 0.210495 0.0837688
vt 0.207742 0.0839503
vt 0.221526 0.0591424
vt 0.484695 0.16552
vt 0.44621 0.0761022
vt 0.283446 0.0730817
vt 0.315546 0.0427991
vt 0.311905 0.0318606
vt 0.32667 0.0388887
vt 0.311955 0.0317695
vt 0.390725 0.128236
vt 0.377778 0.0860821
vt 0.389383 0.091094
vt 0.383447 0.09179
vt 0.317576 0.0836418
vt 0.366502 0.114402
vt 0.393142 0.124864
vt 0.375125 0.0473483
vt 0.387801 0.0993554
vt 0.423442 0.130938
vt 0.431325 0.117782
vt 0.429447 0.115168
vt 0.438382 0.129518
vt 0.439278 0.12924
vt 0.442919 0.139516
vt 0.452877 0.124899
vt 0.441367 0.140012
vt 0.440466 0.118524
vt 0.42646 0.143053
vt 0.443934 0.116968
vt 0.320722 0.0697224
vt 0.302161 0.0523514
vt 0.4094 0.995795
vt 0.405305 0.993335
vt 0.418075 0.978432
vt 0.418758 0.994223
vt 0.432046 0.985726
vt 0.409365 0.977446
vt 0.404474 0.980608
vt 0.392664 0.995795
vt 0.907722 0.137232
vt 0.907722 0.124235
vt 0.894694 0.13722
vt 0.894501 0.124478
vt 0.881467 0.124657
vt 0.917113 0.798547
vt 0.917761 0.806193
vt 0.915444 0.806193
vt 0.750165 0.564602
vt 0.759459 0.573777
vt 0.740927 0.573777
vt 0.340927 0.982798
vt 0.338461 0.986836
vt 0.340927 0.998089
vt 0.330888 0.994745
vt 0.758687 0.501911
vt 0.741699 0.501911
vt 0.750245 0.487385
vt 0.988851 0.223265
vt 0.979237 0.218267
vt 0.986254 0.235092
vt 0.975695 0.219496
vt 0.992664 0.212795
vt 0.974705 0.205739
vt 0.989196 0.200461
vt 0.975864 0.192735
vt 0.961776 0.206295
vt 0.963236 0.18996
vt 0.992664 0.186162
vt 0.978812 0.810767
vt 0.965637 0.820723
vt 0.981164 0.826801
vt 0.96742 0.838527
vt 0.98417 0.809177
vt 0.97528 0.798547
vt 0.98174 0.827858
vt 0.98417 0.845183
vt 0.685328 0.0997538
vt 0.698456 0.116321
vt 0.698455 0.0982416
vt 0.685426 0.116304
vt 0.698455 0.117355
vt 0.883811 0.518741
vt 0.885328 0.531728
vt 0.883784 0.531728
vt 0.88473 0.518731
vt 0.598964 0.594419
vt 0.598963 0.579128
vt 0.58417 0.587317
vt 0.611969 0.580841
vt 0.611969 0.592726
vt 0.988031 0.128525
vt 0.99807 0.141055
vt 0.99807 0.120413
vt 0.803475 0.870721
vt 0.821697 0.868884
vt 0.811141 0.877294
vt 0.815385 0.876831
vt 0.833591 0.877294
vt 0.625869 0.0103211
vt 0.622008 0.015738
vt 0.625869 0.0248471
vt 0.753282 0.910697
vt 0.770888 0.903281
vt 0.765166 0.915541
vt 0.754991 0.923323
vt 0.760241 0.935398
vt 0.769356 0.91592
vt 0.773062 0.929397
vt 0.785741 0.926696
vt 0.781878 0.912933
vt 0.798152 0.913623
vt 0.794591 0.926699
vt 0.800206 0.926345
vt 0.799409 0.913544
vt 0.799835 0.895627
vt 0.812408 0.911979
vt 0.812745 0.897817
vt 0.824909 0.905186
vt 0.827373 0.922295
vt 0.8278 0.906334
vt 0.842258 0.914743
vt 0.842751 0.914634
vt 0.83459 0.933137
vt 0.846589 0.927032
vt 0.828634 0.902772
vt 0.828917 0.889526
vt 0.814441 0.926156
vt 0.787236 0.901322
vt 0.847283 0.926401
vt 0.842514 0.898044
vt 0.842585 0.894776
vt 0.845381 0.896466
vt 0.855117 0.913897
vt 0.855851 0.898074
vt 0.869174 0.906609
vt 0.858379 0.924563
vt 0.874517 0.91827
vt 0.8719 0.935398
vt 0.787157 0.901092
vt 0.287664 0.642584
vt 0.299228 0.649435
vt 0.296876 0.651758
vt 0.278378 0.651758
vt 0.54966 0.647171
vt 0.561004 0.659404
vt 0.541866 0.659404
vt 0.544389 0.650014
vt 0.534749 0.65265
vt 0.171042 0.783257
vt 0.169373 0.783335
vt 0.168808 0.801459
vt 0.155598 0.80034
vt 0.171042 0.801606
vt 0.86447 0.0310409
vt 0.864479 0.0149083
vt 0.850941 0.0267494
vt 0.850965 0.0189799
vt 0.837762 0.0296178
vt 0.864479 0.0325506
vt 0.851624 0.0344665
vt 0.852128 0.0479074
vt 0.83916 0.0416567
vt 0.835946 0.0561927
vt 0.836 0.0443639
vt 0.825097 0.0512288
vt 0.83682 0.0404393
vt 0.837802 0.0160316
vt 0.825795 0.0227907
vt 0.262934 0.0210245
vt 0.257158 0.0348633
vt 0.251768 0.021177
vt 0.238996 0.0355505
vt 0.257146 0.0355505
vt 0.729818 0.973652
vt 0.7289 0.972692
vt 0.727799 0.973756
vt 0.729226 0.986531
vt 0.731901 0.986362
vt 0.742471 0.998853
vt 0.742471 0.969801
vt 0.176448 0.134268
vt 0.191892 0.126529
vt 0.176454 0.133951
vt 0.191567 0.142346
vt 0.191892 0.144113
vt 0.318533 0.585245
vt 0.300772 0.585245
vt 0.300843 0.577599
vt 0.99807 0.0569572
vt 0.998842 0.0441817
vt 0.99807 0.0439602
vt 0.0664694 0.619404
vt 0.0822394 0.604358
vt 0.0794357 0.620413
vt 0.0654416 0.606402
vt 0.053668 0.620413
vt 0.0663375 0.620224
vt 0.00129772 0.795729
vt 0.0144644 0.795489
vt 0.0144524 0.795711
vt 0.0011583 0.808486
vt 0.0142744 0.808486
vt 0.0274131 0.795915
vt 0.914672 0.286389
vt 0.901809 0.286397
vt 0.901811 0.286315
vt 0.914663 0.286779
vt 0.90174 0.289373
vt 0.901544 0.286389
vt 0.350533 0.746126
vt 0.332228 0.745308
vt 0.345159 0.74028
vt 0.340956 0.754793
vt 0.322713 0.753987
vt 0.334082 0.74359
vt 0.341023 0.734398
vt 0.32217 0.731751
vt 0.331495 0.76378
vt 0.313112 0.762575
vt 0.304449 0.753
vt 0.294519 0.761625
vt 0.286269 0.751068
vt 0.33196 0.72334
vt 0.344787 0.716617
vt 0.325888 0.712003
vt 0.276113 0.758997
vt 0.35013 0.721787
vt 0.351132 0.714398
vt 0.353919 0.727816
vt 0.362361 0.709271
vt 0.366354 0.724361
vt 0.369834 0.736737
vt 0.357407 0.740204
vt 0.37338 0.749325
vt 0.385938 0.745293
vt 0.389853 0.757537
vt 0.402152 0.753636
vt 0.377513 0.761546
vt 0.360645 0.753701
vt 0.398243 0.74138
vt 0.414453 0.749751
vt 0.418357 0.761996
vt 0.347952 0.732138
vt 0.314129 0.719994
vt 0.268149 0.748882
vt 0.406005 0.766067
vt 0.426762 0.745858
vt 0.420638 0.761316
vt 0.427501 0.772688
vt 0.278306 0.740956
vt 0.286952 0.750531
vt 0.303954 0.752302
vt 0.265955 0.766921
vt 0.320989 0.752058
vt 0.306489 0.750907
vt 0.314655 0.73958
vt 0.382157 0.733105
vt 0.264923 0.751398
vt 0.26444 0.765035
vt 0.428081 0.749785
vt 0.247799 0.765032
vt 0.255928 0.775012
vt 0.245756 0.783257
vt 0.244498 0.767602
vt 0.241954 0.778877
vt 0.250495 0.762849
vt 0.229657 0.78037
vt 0.227413 0.782689
vt 0.247536 0.764704
vt 0.438996 0.741767
vt 0.268125 0.748851
vt 0.27832 0.740945
vt 0.292042 0.729811
vt 0.275017 0.723243
vt 0.28682 0.718045
vt 0.281599 0.706296
vt 0.298623 0.712848
vt 0.29341 0.701085
vt 0.31043 0.707645
vt 0.303845 0.724601
vt 0.305403 0.695376
vt 0.28849 0.688456
vt 0.279149 0.707371
vt 0.274456 0.722031
vt 0.276356 0.694609
vt 0.278294 0.740936
vt 0.297847 0.737665
vt 0.273462 0.695869
vt 0.421851 0.774508
vt 0.436963 0.783257
vt 0.435877 0.777923
vt 0.312503 0.715699
vt 0.317331 0.707176
vt 0.306089 0.731655
vt 0.484112 0.43136
vt 0.484556 0.431359
vt 0.484554 0.418578
vt 0.481986 0.418578
vt 0.468095 0.419193
vt 0.467992 0.43201
vt 0.455212 0.419212
vt 0.484554 0.433868
vt 0.647312 0.0730122
vt 0.634363 0.0601266
vt 0.640417 0.0729462
vt 0.64749 0.0603445
vt 0.647312 0.0462538
vt 0.196525 0.942278
vt 0.19644 0.940837
vt 0.193436 0.941344
vt 0.196525 0.92393
vt 0.86139 0.435398
vt 0.874474 0.422446
vt 0.874517 0.435398
vt 0.861407 0.422401
vt 0.883012 0.877294
vt 0.883012 0.858945
vt 0.873745 0.868101
vt 0.632264 0.8846
vt 0.621805 0.894243
vt 0.624952 0.875162
vt 0.635419 0.898491
vt 0.617254 0.905221
vt 0.633509 0.883367
vt 0.632959 0.910137
vt 0.611672 0.888156
vt 0.633062 0.910168
vt 0.637165 0.899096
vt 0.625026 0.87509
vt 0.636974 0.863599
vt 0.645174 0.872147
vt 0.62783 0.855887
vt 0.6168 0.866568
vt 0.616639 0.866724
vt 0.611314 0.888799
vt 0.611196 0.88794
vt 0.594968 0.883152
vt 0.591309 0.892326
vt 0.58268 0.879278
vt 0.589091 0.895771
vt 0.593235 0.895964
vt 0.583417 0.909162
vt 0.597657 0.909802
vt 0.601507 0.909978
vt 0.602291 0.899189
vt 0.573924 0.893545
vt 0.582973 0.878578
vt 0.581912 0.878231
vt 0.564672 0.878662
vt 0.573949 0.865191
vt 0.591139 0.863375
vt 0.572701 0.896321
vt 0.571448 0.893278
vt 0.555686 0.892605
vt 0.554378 0.893827
vt 0.554081 0.893237
vt 0.561122 0.876445
vt 0.549004 0.881328
vt 0.542086 0.898196
vt 0.547093 0.910168
vt 0.533718 0.884495
vt 0.52482 0.900038
vt 0.531581 0.881519
vt 0.530048 0.884803
vt 0.540796 0.867754
vt 0.565468 0.908226
vt 0.561979 0.909171
vt 0.578944 0.908765
vt 0.514672 0.884741
vt 0.615456 0.903203
vt 0.605822 0.871792
vt 0.554076 0.863241
vt 0.520887 0.870017
vt 0.739382 0.349771
vt 0.737838 0.351125
vt 0.737939 0.366803
vt 0.739382 0.368119
vt 0.482239 0.365061
vt 0.469112 0.378019
vt 0.482239 0.378058
vt 0.0404179 0.827599
vt 0.0235521 0.826835
vt 0.0405405 0.826835
vt 0.0554773 0.143907
vt 0.0553561 0.144113
vt 0.0374517 0.143907
vt 0.0450374 0.129214
vt 0.0474772 0.129316
vt 0.0629344 0.128823
vt 0.0555877 0.144095
vt 0.330116 0.434521
vt 0.344021 0.44469
vt 0.345774 0.427348
vt 0.346332 0.426988
vt 0.346332 0.445336
vt 0.924 0.603145
vt 0.921433 0.609036
vt 0.927823 0.606921
vt 0.918274 0.61885
vt 0.927725 0.62627
vt 0.91305 0.630138
vt 0.937713 0.615395
vt 0.936705 0.597003
vt 0.912242 0.632864
vt 0.911338 0.61187
vt 0.929886 0.629202
vt 0.92905 0.588656
vt 0.91027 0.630859
vt 0.908933 0.634084
vt 0.914561 0.653472
vt 0.90224 0.641669
vt 0.901614 0.641058
vt 0.90009 0.642952
vt 0.883232 0.642885
vt 0.88433 0.643779
vt 0.878428 0.648652
vt 0.876062 0.654195
vt 0.895539 0.655581
vt 0.891399 0.630908
vt 0.884689 0.623015
vt 0.895117 0.622905
vt 0.899061 0.612887
vt 0.880684 0.620399
vt 0.894868 0.607447
vt 0.901638 0.607386
vt 0.88879 0.602417
vt 0.896423 0.588554
vt 0.908167 0.594085
vt 0.909585 0.594
vt 0.909553 0.593827
vt 0.910382 0.605813
vt 0.91507 0.593663
vt 0.923908 0.643919
vt 0.942107 0.640389
vt 0.94176 0.640963
vt 0.926787 0.645973
vt 0.950965 0.630855
vt 0.936339 0.655324
vt 0.944054 0.626844
vt 0.89988 0.619799
vt 0.926759 0.590473
vt 0.924099 0.577935
vt 0.938122 0.580271
vt 0.948286 0.587399
vt 0.94606 0.583667
vt 0.948678 0.587117
vt 0.950965 0.571356
vt 0.947939 0.571301
vt 0.948179 0.570719
vt 0.93093 0.576962
vt 0.767181 0.473624
vt 0.777689 0.461216
vt 0.785971 0.47174
vt 0.795558 0.462981
vt 0.80386 0.473624
vt 0.787425 0.452982
vt 0.813514 0.463394
vt 0.777604 0.460981
vt 0.806564 0.0780469
vt 0.793436 0.0780469
vt 0.79344 0.0775994
vt 0.806561 0.0783639
vt 0.449876 0.765396
vt 0.440541 0.762147
vt 0.442801 0.759246
vt 0.450904 0.748853
vt 0.451543 0.768731
vt 0.456607 0.753774
vt 0.464808 0.764626
vt 0.471513 0.751558
vt 0.478378 0.768731
vt 0.472986 0.749778
vt 0.530355 0.247592
vt 0.530946 0.247324
vt 0.530446 0.24778
vt 0.521622 0.259557
vt 0.540154 0.259557
vt 0.696473 0.875746
vt 0.707341 0.863458
vt 0.706526 0.884018
vt 0.696345 0.8561
vt 0.687616 0.865994
vt 0.68784 0.845812
vt 0.697879 0.837538
vt 0.716794 0.872414
vt 0.675937 0.859202
vt 0.698079 0.894045
vt 0.705034 0.846631
vt 0.67876 0.874748
vt 0.7169 0.89196
vt 0.726053 0.881614
vt 0.730362 0.897586
vt 0.733369 0.894173
vt 0.739431 0.885627
vt 0.744639 0.903287
vt 0.734643 0.898579
vt 0.73119 0.874797
vt 0.694273 0.87806
vt 0.735925 0.869341
vt 0.747901 0.875846
vt 0.750697 0.873118
vt 0.75752 0.889183
vt 0.746679 0.896519
vt 0.753551 0.876652
vt 0.725712 0.865396
vt 0.724103 0.863275
vt 0.685864 0.889377
vt 0.67787 0.875888
vt 0.674973 0.896553
vt 0.666721 0.882554
vt 0.663862 0.903287
vt 0.65444 0.894336
vt 0.766541 0.879047
vt 0.770584 0.891633
vt 0.772948 0.871399
vt 0.780309 0.87345
vt 0.776054 0.867482
vt 0.715353 0.85479
vt 0.713382 0.838268
vt 0.716486 0.853837
vt 0.717461 0.840212
vt 0.729687 0.848741
vt 0.729807 0.845591
vt 0.729073 0.859495
vt 0.103861 0.527141
vt 0.0830116 0.527141
vt 0.097058 0.518731
vt 0.721622 0.0990061
vt 0.721622 0.0867737
vt 0.708512 0.0975822
vt 0.708494 0.097972
vt 0.655518 0.23051
vt 0.653059 0.243695
vt 0.663241 0.229554
vt 0.655679 0.217479
vt 0.655208 0.217572
vt 0.649418 0.217625
vt 0.642478 0.223657
vt 0.671146 0.22782
vt 0.672827 0.213687
vt 0.685374 0.226454
vt 0.685564 0.213868
vt 0.699194 0.214226
vt 0.699228 0.201617
vt 0.64028 0.215197
vt 0.630476 0.228827
vt 0.669107 0.235314
vt 0.67287 0.211032
vt 0.643911 0.236358
vt 0.654905 0.213977
vt 0.685571 0.212489
vt 0.68628 0.196747
vt 0.673447 0.197448
vt 0.673301 0.186397
vt 0.686166 0.190777
vt 0.686851 0.181432
vt 0.673501 0.183632
vt 0.686284 0.167964
vt 0.671936 0.171967
vt 0.681432 0.166565
vt 0.671912 0.161287
vt 0.662581 0.166607
vt 0.657027 0.164235
vt 0.657282 0.150696
vt 0.669869 0.148318
vt 0.656728 0.146056
vt 0.669124 0.14275
vt 0.667517 0.13319
vt 0.654719 0.134138
vt 0.653238 0.121122
vt 0.636771 0.126348
vt 0.636069 0.125063
vt 0.651474 0.114315
vt 0.662509 0.105887
vt 0.655663 0.107527
vt 0.665789 0.119038
vt 0.675748 0.135646
vt 0.644327 0.139859
vt 0.657366 0.167808
vt 0.657698 0.18384
vt 0.650409 0.184618
vt 0.65089 0.166943
vt 0.689094 0.157384
vt 0.668665 0.184776
vt 0.681128 0.243015
vt 0.697987 0.238405
vt 0.698234 0.23858
vt 0.681238 0.244785
vt 0.692817 0.250091
vt 0.674165 0.259699
vt 0.664478 0.244782
vt 0.673627 0.259674
vt 0.673959 0.260092
vt 0.659255 0.272719
vt 0.669303 0.273171
vt 0.665031 0.280838
vt 0.647381 0.286729
vt 0.646762 0.284866
vt 0.645207 0.287051
vt 0.637011 0.298959
vt 0.630722 0.286771
vt 0.638921 0.302619
vt 0.654987 0.301193
vt 0.652628 0.303583
vt 0.644977 0.315238
vt 0.658387 0.320772
vt 0.648618 0.319898
vt 0.653409 0.328362
vt 0.670643 0.325705
vt 0.662956 0.337441
vt 0.678308 0.338863
vt 0.679047 0.339626
vt 0.64491 0.339052
vt 0.659287 0.34227
vt 0.648448 0.342364
vt 0.654469 0.35158
vt 0.635868 0.34804
vt 0.6376 0.349979
vt 0.645762 0.360027
vt 0.626848 0.338915
vt 0.654991 0.355826
vt 0.635499 0.329962
vt 0.629038 0.31754
vt 0.664245 0.309384
vt 0.640151 0.271529
vt 0.663836 0.287582
vt 0.681214 0.278093
vt 0.675383 0.288717
vt 0.689341 0.28865
vt 0.699228 0.276936
vt 0.692285 0.288547
vt 0.688287 0.330927
vt 0.655169 0.269702
vt 0.687562 0.265966
vt 0.69097 0.290068
vt 0.661691 0.256322
vt 0.654501 0.271709
vt 0.642769 0.31838
vt 0.648368 0.199238
vt 0.657091 0.201158
vt 0.675727 0.314199
vt 0.642555 0.162082
vt 0.665308 0.307525
vt 0.676247 0.313033
vt 0.682466 0.299607
vt 0.673798 0.293221
vt 0.646955 0.257377
vt 0.645361 0.252004
vt 0.657531 0.199519
vt 0.66433 0.244753
vt 0.650801 0.245026
vt 0.642395 0.244222
vt 0.637887 0.258797
vt 0.634538 0.25851
vt 0.635644 0.261471
vt 0.625869 0.269777
vt 0.658998 0.184831
vt 0.675348 0.260453
vt 0.654643 0.19665
vt 0.686803 0.265209
vt 0.653811 0.365826
vt 0.349029 0.702982
vt 0.347104 0.701631
vt 0.348602 0.700688
vt 0.355598 0.701631
vt 0.12436 0.274083
vt 0.132729 0.286174
vt 0.114672 0.28484
vt 0.142631 0.277481
vt 0.115803 0.28626
vt 0.132777 0.28626
vt 0.146332 0.282742
vt 0.132609 0.286315
vt 0.937838 0.380352
vt 0.953718 0.370413
vt 0.954826 0.380352
vt 0.806379 0.590069
vt 0.808714 0.589832
vt 0.798842 0.603593
vt 0.817375 0.603593
vt 0.17555 0.0263761
vt 0.182625 0.0386086
vt 0.168726 0.0386086
vt 0.053668 0.0661315
vt 0.0405405 0.0661315
vt 0.0536246 0.0531346
vt 0.887653 0.0977836
vt 0.878672 0.10708
vt 0.882187 0.109086
vt 0.893201 0.115061
vt 0.900154 0.10455
vt 0.885158 0.0963256
vt 0.87427 0.089962
vt 0.880748 0.079211
vt 0.885873 0.0951461
vt 0.896988 0.082535
vt 0.903599 0.098252
vt 0.895886 0.0825865
vt 0.896682 0.0799997
vt 0.914341 0.082606
vt 0.902734 0.0685833
vt 0.891091 0.0683886
vt 0.89029 0.0558451
vt 0.903815 0.056083
vt 0.891192 0.043354
vt 0.88718 0.0558469
vt 0.886476 0.0432632
vt 0.872264 0.0427018
vt 0.875378 0.0300688
vt 0.88447 0.0304358
vt 0.872466 0.0169941
vt 0.888708 0.0175847
vt 0.903443 0.0435724
vt 0.916706 0.0558811
vt 0.91653 0.0433946
vt 0.901948 0.0302267
vt 0.917055 0.0308964
vt 0.909157 0.01657
vt 0.907592 0.0162266
vt 0.899901 0.0129219
vt 0.89508 0.0130852
vt 0.909588 0.0103211
vt 0.929344 0.0557072
vt 0.870656 0.0551827
vt 0.895828 0.0302353
vt 0.886462 0.0682871
vt 0.916235 0.0692999
vt 0.91093 0.0956295
vt 0.91484 0.0863758
vt 0.91749 0.0313869
vt 0.929344 0.0445087
vt 0.870853 0.0678598
vt 0.889154 0.0171022
vt 0.792632 0.248853
vt 0.791617 0.24983
vt 0.792663 0.266646
vt 0.777339 0.258131
vt 0.775373 0.260081
vt 0.774903 0.273032
vt 0.792664 0.266654
vt 0.778563 0.276159
vt 0.792632 0.283257
vt 0.576448 0.324142
vt 0.574152 0.323349
vt 0.574131 0.324541
vt 0.576448 0.306193
vt 0.798582 0.440493
vt 0.810885 0.444931
vt 0.808541 0.436755
vt 0.803356 0.425078
vt 0.801255 0.425913
vt 0.819242 0.420439
vt 0.821811 0.433146
vt 0.816358 0.447789
vt 0.795242 0.409237
vt 0.786955 0.428948
vt 0.798244 0.408502
vt 0.79128 0.41469
vt 0.776878 0.413927
vt 0.787087 0.41197
vt 0.779558 0.4048
vt 0.779927 0.399002
vt 0.766458 0.410635
vt 0.774343 0.427196
vt 0.761951 0.42473
vt 0.771524 0.440319
vt 0.759022 0.437014
vt 0.755234 0.449159
vt 0.767322 0.398151
vt 0.754713 0.397305
vt 0.76818 0.385671
vt 0.755565 0.384819
vt 0.753688 0.409911
vt 0.753303 0.422606
vt 0.740667 0.422144
vt 0.752778 0.435176
vt 0.740154 0.434667
vt 0.752258 0.447727
vt 0.755693 0.435431
vt 0.781416 0.386069
vt 0.769137 0.373058
vt 0.781951 0.372897
vt 0.781557 0.36032
vt 0.794874 0.372195
vt 0.795006 0.359265
vt 0.807575 0.371992
vt 0.809074 0.358004
vt 0.807207 0.356934
vt 0.82153 0.360704
vt 0.820286 0.372474
vt 0.829754 0.369656
vt 0.827345 0.379846
vt 0.834477 0.36699
vt 0.829796 0.384063
vt 0.84076 0.377848
vt 0.847575 0.389715
vt 0.835096 0.395415
vt 0.828299 0.398525
vt 0.826047 0.405845
vt 0.840422 0.406757
vt 0.821166 0.399923
vt 0.852896 0.372013
vt 0.827939 0.384881
vt 0.765767 0.357306
vt 0.79643 0.350091
vt 0.794834 0.385152
vt 0.788543 0.443254
vt 0.817122 0.414811
vt 0.809128 0.356951
vt 0.76488 0.358487
vt 0.75251 0.365729
vt 0.761175 0.358472
vt 0.74998 0.356632
vt 0.74763 0.349482
vt 0.764597 0.357255
vt 0.754973 0.422741
vt 0.790925 0.413711
vt 0.821053 0.4219
vt 0.824668 0.43217
vt 0.841244 0.426822
vt 0.821582 0.419639
vt 0.83768 0.443879
vt 0.852896 0.440609
vt 0.834285 0.446348
vt 0.766572 0.411059
vt 0.768666 0.410321
vt 0.756816 0.374218
vt 0.821754 0.357963
vt 0.810198 0.343257
vt 0.822949 0.345016
vt 0.834384 0.358995
vt 0.835827 0.346536
vt 0.847097 0.360402
vt 0.835256 0.329792
vt 0.822904 0.331315
vt 0.810176 0.333769
vt 0.810116 0.325594
vt 0.800239 0.320993
vt 0.79651 0.321399
vt 0.797609 0.334367
vt 0.78441 0.334154
vt 0.784408 0.334131
vt 0.796224 0.321354
vt 0.779447 0.317698
vt 0.794039 0.306957
vt 0.788152 0.351121
vt 0.810102 0.316554
vt 0.82313 0.312951
vt 0.823236 0.329237
vt 0.766964 0.347289
vt 0.797997 0.344503
vt 0.810701 0.386874
vt 0.793612 0.399688
vt 0.845825 0.366724
vt 0.768722 0.336294
vt 0.20954 0.0327907
vt 0.209718 0.0203256
vt 0.198724 0.0324284
vt 0.197049 0.0340214
vt 0.210248 0.0203484
vt 0.221961 0.0335007
vt 0.217017 0.0207283
vt 0.196525 0.0317644
vt 0.210201 0.0172796
vt 0.224363 0.0180125
vt 0.212496 0.00344037
vt 0.225417 0.0036204
vt 0.238224 0.00431096
vt 0.238224 0.017271
vt 0.36332 0.907875
vt 0.362548 0.907875
vt 0.363297 0.906346
vt 0.0314387 0.450688
vt 0.039937 0.439487
vt 0.0436293 0.445237
vt 0.030609 0.449196
vt 0.0217576 0.436162
vt 0.0142857 0.450688
vt 0.503765 0.184633
vt 0.51401 0.184634
vt 0.503089 0.19763
vt 0.514672 0.19763
vt 0.817375 0.0691896
vt 0.817375 0.0547461
vt 0.803475 0.0668513
vt 0.803604 0.0650999
vt 0.816483 0.0546636
vt 0.184945 0.900994
vt 0.184942 0.898145
vt 0.192182 0.887997
vt 0.197641 0.888005
vt 0.19764 0.900994
vt 0.210425 0.888003
vt 0.533977 0.133138
vt 0.53242 0.13479
vt 0.530575 0.147171
vt 0.522079 0.142187
vt 0.518533 0.12395
vt 0.533429 0.132785
vt 0.533169 0.115811
vt 0.533977 0.115061
vt 0.51651 0.229036
vt 0.529907 0.219276
vt 0.514552 0.212976
vt 0.515027 0.210606
vt 0.530452 0.218517
vt 0.530228 0.219376
vt 0.532334 0.235968
vt 0.542857 0.222249
vt 0.543842 0.231842
vt 0.547083 0.242968
vt 0.559675 0.237551
vt 0.552213 0.227076
vt 0.559182 0.223933
vt 0.563306 0.235684
vt 0.561145 0.239399
vt 0.569972 0.249821
vt 0.557681 0.252556
vt 0.558965 0.265331
vt 0.573116 0.261713
vt 0.567599 0.278328
vt 0.557107 0.26561
vt 0.578825 0.272983
vt 0.573085 0.289414
vt 0.561562 0.294725
vt 0.574827 0.292926
vt 0.553998 0.253938
vt 0.582103 0.246674
vt 0.551989 0.281552
vt 0.58515 0.253547
vt 0.592383 0.26371
vt 0.558077 0.26403
vt 0.546814 0.268989
vt 0.575208 0.232796
vt 0.559293 0.21221
vt 0.556436 0.209688
vt 0.541598 0.216973
vt 0.541456 0.200178
vt 0.525453 0.20832
vt 0.541403 0.200109
vt 0.526059 0.190857
vt 0.526705 0.189199
vt 0.541434 0.200092
vt 0.53964 0.186782
vt 0.554384 0.197638
vt 0.554666 0.182172
vt 0.567812 0.19099
vt 0.5544 0.180881
vt 0.570302 0.189958
vt 0.569479 0.174556
vt 0.549874 0.168844
vt 0.584439 0.182974
vt 0.590886 0.194128
vt 0.575198 0.201896
vt 0.595376 0.206335
vt 0.595847 0.176681
vt 0.589529 0.165501
vt 0.600832 0.159253
vt 0.607149 0.170432
vt 0.612139 0.153003
vt 0.61846 0.164181
vt 0.613475 0.18161
vt 0.625096 0.175418
vt 0.594514 0.148074
vt 0.623823 0.146578
vt 0.583068 0.154281
vt 0.58798 0.136828
vt 0.599416 0.130616
vt 0.573346 0.140326
vt 0.57734 0.124568
vt 0.56713 0.140271
vt 0.592964 0.1194
vt 0.604402 0.113189
vt 0.598177 0.101959
vt 0.609531 0.0958022
vt 0.603307 0.0845718
vt 0.61467 0.0784089
vt 0.620942 0.0896309
vt 0.608435 0.0671823
vt 0.620097 0.0609069
vt 0.613184 0.0496904
vt 0.601955 0.0560837
vt 0.606715 0.0385936
vt 0.617932 0.0321961
vt 0.61045 0.0193756
vt 0.598674 0.0285554
vt 0.608558 0.0133179
vt 0.59598 0.0457647
vt 0.588598 0.0358743
vt 0.585387 0.0533833
vt 0.575147 0.0439529
vt 0.575736 0.0458232
vt 0.574609 0.0442502
vt 0.570123 0.0614141
vt 0.562941 0.051186
vt 0.567957 0.0338471
vt 0.578514 0.0273026
vt 0.568629 0.013388
vt 0.55872 0.0208327
vt 0.552257 0.0384536
vt 0.554831 0.0554945
vt 0.559628 0.0669676
vt 0.553778 0.0699886
vt 0.546174 0.0599326
vt 0.540379 0.0630343
vt 0.544855 0.0747441
vt 0.537907 0.0517093
vt 0.562549 0.0782737
vt 0.56425 0.0792415
vt 0.574888 0.0640246
vt 0.57552 0.0758055
vt 0.585275 0.0696118
vt 0.593712 0.0790303
vt 0.580628 0.0873317
vt 0.575894 0.0891759
vt 0.522101 0.0582083
vt 0.537065 0.050278
vt 0.537224 0.050191
vt 0.516427 0.0472696
vt 0.530732 0.0396797
vt 0.511313 0.0359996
vt 0.523863 0.0293251
vt 0.511748 0.0219364
vt 0.518929 0.0118502
vt 0.507645 0.0375387
vt 0.496584 0.0307592
vt 0.496139 0.0436584
vt 0.512808 0.0487065
vt 0.501988 0.0541683
vt 0.531555 0.039248
vt 0.531982 0.0204476
vt 0.576043 0.0578446
vt 0.593648 0.0622335
vt 0.590728 0.0142711
vt 0.625096 0.0435015
vt 0.59641 0.0899092
vt 0.615852 0.107042
vt 0.586354 0.105927
vt 0.602389 0.188304
vt 0.605807 0.14181
vt 0.573913 0.172265
vt 0.57244 0.143045
vt 0.56657 0.15869
vt 0.554561 0.147705
vt 0.557595 0.142452
vt 0.544374 0.13981
vt 0.560925 0.133051
vt 0.550403 0.125284
vt 0.550672 0.124551
vt 0.562492 0.128146
vt 0.56999 0.170832
vt 0.582064 0.212873
vt 0.595448 0.221084
vt 0.595855 0.222803
vt 0.574744 0.20204
vt 0.580286 0.213507
vt 0.552189 0.181265
vt 0.540271 0.174532
vt 0.577451 0.123972
vt 0.55737 0.209957
vt 0.617058 0.135521
vt 0.61067 0.124401
vt 0.622705 0.118095
vt 0.550976 0.281108
vt 0.538764 0.285226
vt 0.551692 0.283246
vt 0.568329 0.158598
vt 0.562533 0.0801634
vt 0.548052 0.0875271
vt 0.564593 0.0945752
vt 0.552585 0.0990579
vt 0.568395 0.106908
vt 0.533045 0.0227414
vt 0.546646 0.0320626
vt 0.540355 0.0126449
vt 0.553691 0.0217854
vt 0.608551 0.202359
vt 0.579277 0.021714
vt 0.568577 0.220258
vt 0.553091 0.0426091
vt 0.551709 0.0409222
vt 0.572384 0.112853
vt 0.576979 0.124236
vt 0.569755 0.114186
vt 0.557619 0.120612
vt 0.557542 0.106414
vt 0.571878 0.0965375
vt 0.57816 0.0943855
vt 0.586971 0.225796
vt 0.599821 0.073678
vt 0.73861 0.921303
vt 0.740154 0.918893
vt 0.73947 0.918578
vt 0.740154 0.933869
vt 0.956371 0.340685
vt 0.953612 0.338303
vt 0.952787 0.341896
vt 0.944109 0.34741
vt 0.945586 0.349024
vt 0.956371 0.361297
vt 0.940154 0.364297
vt 0.741483 0.676988
vt 0.743243 0.695395
vt 0.742794 0.695692
vt 0.731934 0.680651
vt 0.729215 0.68525
vt 0.722394 0.696101
vt 0.743178 0.696101
vt 0.245233 0.284021
vt 0.257529 0.292627
vt 0.241757 0.301543
vt 0.243522 0.284131
vt 0.230314 0.285437
vt 0.229102 0.297645
vt 0.228958 0.301592
vt 0.241752 0.301605
vt 0.24188 0.301592
vt 0.683012 0.979065
vt 0.686286 0.967508
vt 0.700904 0.980573
vt 0.683152 0.98078
vt 0.683594 0.993502
vt 0.700711 0.993303
vt 0.71354 0.993502
vt 0.7139 0.992031
vt 0.701344 0.980399
vt 0.700404 0.978489
vt 0.357915 0.777905
vt 0.344228 0.765902
vt 0.341699 0.775233
vt 0.357915 0.764908
vt 0.877606 0.399465
vt 0.877387 0.40006
vt 0.861024 0.404576
vt 0.872528 0.41552
vt 0.860293 0.404132
vt 0.85444 0.41552
vt 0.0187781 0.20133
vt 0.0189189 0.188456
vt 0.0186689 0.188461
vt 0.0050193 0.20158
vt 0.00512153 0.21445
vt 0.0189189 0.214197
vt 0.453668 0.83448
vt 0.453668 0.832187
vt 0.452896 0.83253
vt 0.891854 0.348175
vt 0.895208 0.340784
vt 0.880302 0.34818
vt 0.89985 0.346674
vt 0.90322 0.32898
vt 0.913305 0.334971
vt 0.906964 0.348572
vt 0.922017 0.347202
vt 0.929717 0.331499
vt 0.914753 0.332269
vt 0.888176 0.361511
vt 0.905787 0.350713
vt 0.88849 0.361573
vt 0.930888 0.333555
vt 0.87797 0.345571
vt 0.884762 0.332603
vt 0.87186 0.328951
vt 0.877289 0.320014
vt 0.886323 0.329636
vt 0.876782 0.348355
vt 0.888251 0.362753
vt 0.900595 0.364537
vt 0.886372 0.375025
vt 0.89758 0.381776
vt 0.887031 0.388216
vt 0.874556 0.390291
vt 0.901469 0.380839
vt 0.873914 0.373761
vt 0.915936 0.372267
vt 0.915969 0.37228
vt 0.916974 0.389128
vt 0.930888 0.380416
vt 0.921808 0.361233
vt 0.915303 0.363529
vt 0.901817 0.329113
vt 0.89403 0.317442
vt 0.880876 0.3142
vt 0.885634 0.308181
vt 0.895184 0.315893
vt 0.893621 0.297783
vt 0.871932 0.36508
vt 0.861417 0.389652
vt 0.860857 0.375615
vt 0.859846 0.366437
vt 0.798509 0.106856
vt 0.799585 0.10622
vt 0.784942 0.0982742
vt 0.797972 0.0902754
vt 0.799614 0.0890673
vt 0.799614 0.107416
vt 0.0100848 0.167813
vt 0.0188415 0.151284
vt 0.0027027 0.155761
vt 0.0235521 0.162959
vt 0.00643645 0.140176
vt 0.0235521 0.134174
vt 0.0196749 0.151039
vt 0.516216 0.506498
vt 0.516216 0.493502
vt 0.514672 0.493638
vt 0.426447 0.925015
vt 0.426226 0.925352
vt 0.426032 0.924976
vt 0.4166 0.939683
vt 0.432597 0.939985
vt 0.442986 0.925551
vt 0.431527 0.911455
vt 0.444474 0.911621
vt 0.431535 0.898905
vt 0.418256 0.911883
vt 0.420026 0.899156
vt 0.417754 0.885958
vt 0.433375 0.886206
vt 0.413176 0.899209
vt 0.446688 0.902631
vt 0.43792 0.897552
vt 0.416768 0.888032
vt 0.40153 0.898859
vt 0.39874 0.901942
vt 0.398057 0.899621
vt 0.40388 0.914136
vt 0.39206 0.913447
vt 0.398275 0.897044
vt 0.387831 0.913844
vt 0.385519 0.901685
vt 0.373264 0.915474
vt 0.372705 0.903123
vt 0.379663 0.890039
vt 0.37473 0.927695
vt 0.389999 0.926006
vt 0.375663 0.939985
vt 0.392162 0.884216
vt 0.379145 0.887071
vt 0.376672 0.873951
vt 0.372876 0.875503
vt 0.379399 0.858234
vt 0.380603 0.860619
vt 0.367374 0.863666
vt 0.357644 0.882086
vt 0.35251 0.87009
vt 0.354299 0.854141
vt 0.367071 0.850535
vt 0.363384 0.893829
vt 0.380196 0.857967
vt 0.389734 0.86781
vt 0.392024 0.868843
vt 0.391825 0.867398
vt 0.40484 0.877531
vt 0.3904 0.925751
vt 0.414091 0.878764
vt 0.405959 0.925845
vt 0.446718 0.892602
vt 0.442181 0.881884
vt 0.377643 0.887452
vt 0.141699 0.126529
vt 0.141699 0.10818
vt 0.128571 0.116834
vt 0.312355 0.298547
vt 0.318357 0.28555
vt 0.320399 0.287704
vt 0.330888 0.298547
vt 0.189925 0.00409541
vt 0.19112 0.00267584
vt 0.174903 0.00497671
vt 0.182286 0.0167538
vt 0.19112 0.0240826
vt 0.912405 0.112789
vt 0.92471 0.120413
vt 0.92471 0.102064
vt 0.912355 0.109923
vt 0.872424 0.225381
vt 0.858049 0.216767
vt 0.852089 0.227376
vt 0.865836 0.207127
vt 0.865555 0.235464
vt 0.877784 0.210209
vt 0.847756 0.209713
vt 0.868598 0.194572
vt 0.881897 0.195937
vt 0.893445 0.20656
vt 0.893822 0.206564
vt 0.864973 0.237739
vt 0.852903 0.244553
vt 0.864491 0.251512
vt 0.852606 0.257873
vt 0.840348 0.257824
vt 0.852512 0.263426
vt 0.839953 0.270141
vt 0.827433 0.269254
vt 0.866544 0.236172
vt 0.842242 0.240257
vt 0.824608 0.255892
vt 0.85581 0.205955
vt 0.815478 0.271931
vt 0.812588 0.258258
vt 0.809969 0.24482
vt 0.818343 0.241661
vt 0.825981 0.252813
vt 0.814184 0.230237
vt 0.802138 0.267778
vt 0.800664 0.249707
vt 0.809079 0.231969
vt 0.79785 0.235463
vt 0.803464 0.219049
vt 0.79112 0.224792
vt 0.809793 0.224545
vt 0.880903 0.222273
vt 0.839959 0.270188
vt 0.853802 0.273639
vt 0.864605 0.261233
vt 0.866077 0.272864
vt 0.866695 0.277333
vt 0.85454 0.281865
vt 0.878149 0.264087
vt 0.878428 0.26705
vt 0.89106 0.258547
vt 0.892214 0.271962
vt 0.8555 0.289486
vt 0.868395 0.290902
vt 0.880973 0.289945
vt 0.874396 0.252249
vt 0.879133 0.277371
vt 0.839918 0.270173
vt 0.865217 0.252276
vt 0.811364 0.216447
vt 0.844262 0.207995
vt 0.874889 0.245126
vt 0.891652 0.274029
vt 0.87402 0.225469
vt 0.893822 0.274506
vt 0.887951 0.230286
vt 0.826626 0.252242
vt 0.835547 0.228939
vt 0.82427 0.720721
vt 0.825097 0.707569
vt 0.810425 0.70863
vt 0.811202 0.721685
vt 0.825097 0.733563
vt 0.56332 0.00420489
vt 0.550366 0.00496942
vt 0.550193 0.00420489
vt 0.267633 0.995031
vt 0.266513 0.991973
vt 0.269884 0.992093
vt 0.264894 0.994721
vt 0.252124 0.995031
vt 0.127799 0.521789
vt 0.111583 0.521789
vt 0.124707 0.517202
vt 0.539791 0.491651
vt 0.542625 0.479184
vt 0.527027 0.489314
vt 0.550193 0.478211
vt 0.550193 0.49656
vt 0.594208 0.66552
vt 0.575676 0.66552
vt 0.582724 0.652843
vt 0.586177 0.652523
vt 0.206705 0.385774
vt 0.207007 0.385674
vt 0.203684 0.402523
vt 0.19112 0.400099
vt 0.21938 0.397523
vt 0.221538 0.396352
vt 0.219457 0.383736
vt 0.214404 0.371642
vt 0.236371 0.382272
vt 0.233832 0.369654
vt 0.236441 0.395067
vt 0.239664 0.394794
vt 0.219036 0.370911
vt 0.238229 0.382085
vt 0.236793 0.369378
vt 0.253391 0.368137
vt 0.246589 0.354599
vt 0.262061 0.352246
vt 0.243769 0.349659
vt 0.252598 0.337436
vt 0.242267 0.329829
vt 0.252897 0.337017
vt 0.270454 0.339039
vt 0.260402 0.323524
vt 0.252493 0.332638
vt 0.259315 0.366432
vt 0.263682 0.357506
vt 0.268897 0.365962
vt 0.241516 0.354991
vt 0.225782 0.354981
vt 0.281922 0.357887
vt 0.266403 0.374596
vt 0.262602 0.352106
vt 0.280386 0.349336
vt 0.241995 0.330089
vt 0.278475 0.364957
vt 0.28607 0.364567
vt 0.300081 0.35703
vt 0.299047 0.34995
vt 0.300293 0.349894
vt 0.297632 0.363503
vt 0.303249 0.363191
vt 0.31697 0.349125
vt 0.289454 0.336712
vt 0.277428 0.37791
vt 0.288457 0.377346
vt 0.278054 0.390665
vt 0.289277 0.390092
vt 0.253833 0.380907
vt 0.254406 0.393674
vt 0.318616 0.361852
vt 0.320012 0.361704
vt 0.319725 0.348865
vt 0.334522 0.347678
vt 0.336255 0.360396
vt 0.338208 0.360239
vt 0.340634 0.372954
vt 0.354307 0.358935
vt 0.352865 0.346206
vt 0.356289 0.358781
vt 0.355568 0.345995
vt 0.350112 0.333504
vt 0.354658 0.333224
vt 0.357045 0.316927
vt 0.340816 0.325775
vt 0.338825 0.337611
vt 0.328294 0.32138
vt 0.325524 0.337745
vt 0.342202 0.318785
vt 0.329063 0.318208
vt 0.3316 0.305444
vt 0.344076 0.309103
vt 0.315562 0.319417
vt 0.312752 0.335991
vt 0.312613 0.336823
vt 0.299971 0.334291
vt 0.352416 0.315245
vt 0.370392 0.329888
vt 0.35405 0.371864
vt 0.338681 0.348648
vt 0.319441 0.367543
vt 0.324938 0.375516
vt 0.315687 0.376448
vt 0.358615 0.31249
vt 0.360452 0.302588
vt 0.22473 0.357022
vt 0.367705 0.30802
vt 0.374018 0.30622
vt 0.375546 0.294575
vt 0.385278 0.301641
vt 0.389134 0.300388
vt 0.390914 0.287291
vt 0.402667 0.29525
vt 0.404271 0.294495
vt 0.406638 0.280861
vt 0.418268 0.288616
vt 0.419586 0.288348
vt 0.421811 0.273089
vt 0.432875 0.285582
vt 0.433817 0.278404
vt 0.439646 0.282802
vt 0.431616 0.295126
vt 0.447097 0.288108
vt 0.437435 0.299552
vt 0.446048 0.296286
vt 0.448122 0.308614
vt 0.444748 0.309908
vt 0.45141 0.320221
vt 0.450161 0.320686
vt 0.436264 0.325994
vt 0.453631 0.332471
vt 0.43992 0.337401
vt 0.432488 0.31466
vt 0.453817 0.327528
vt 0.453705 0.293203
vt 0.463109 0.282017
vt 0.456064 0.276338
vt 0.463446 0.273848
vt 0.47347 0.270011
vt 0.478223 0.273628
vt 0.469227 0.286677
vt 0.47704 0.284295
vt 0.486649 0.280322
vt 0.494789 0.271343
vt 0.484943 0.263496
vt 0.478048 0.296033
vt 0.477753 0.297774
vt 0.479441 0.297126
vt 0.476801 0.313191
vt 0.463104 0.301977
vt 0.490528 0.307876
vt 0.476777 0.317175
vt 0.493906 0.312283
vt 0.462382 0.305132
vt 0.487127 0.325415
vt 0.474727 0.329669
vt 0.491783 0.323061
vt 0.490262 0.327983
vt 0.488306 0.340966
vt 0.474245 0.314285
vt 0.501934 0.318945
vt 0.500244 0.33661
vt 0.510549 0.329002
vt 0.508462 0.346549
vt 0.492119 0.354289
vt 0.460219 0.319647
vt 0.493708 0.358408
vt 0.509756 0.348413
vt 0.503919 0.365281
vt 0.50904 0.363851
vt 0.521794 0.356814
vt 0.493867 0.369524
vt 0.499435 0.381543
vt 0.508178 0.37787
vt 0.506161 0.387131
vt 0.524843 0.387344
vt 0.525426 0.384356
vt 0.51057 0.393169
vt 0.522566 0.402523
vt 0.513678 0.375393
vt 0.493645 0.290711
vt 0.464823 0.263649
vt 0.482576 0.261543
vt 0.47066 0.252676
vt 0.449358 0.271184
vt 0.461993 0.289382
vt 0.527799 0.369389
vt 0.459962 0.303432
vt 0.448186 0.279594
vt 0.388418 0.302904
vt 0.419464 0.288985
vt 0.430654 0.302304
vt 0.424599 0.31746
vt 0.418857 0.312873
vt 0.419502 0.320165
vt 0.426759 0.329959
vt 0.407447 0.327184
vt 0.413589 0.337418
vt 0.401438 0.316879
vt 0.400256 0.317569
vt 0.42754 0.329197
vt 0.415068 0.30837
vt 0.406343 0.32782
vt 0.393436 0.335351
vt 0.387056 0.325265
vt 0.38481 0.326604
vt 0.391241 0.336655
vt 0.399911 0.345383
vt 0.379002 0.343939
vt 0.385047 0.354216
vt 0.373075 0.333589
vt 0.26681 0.379653
vt 0.267757 0.39272
vt 0.268063 0.392699
vt 0.397429 0.346841
vt 0.416986 0.306618
vt 0.373382 0.344483
vt 0.45715 0.331226
vt 0.402808 0.297722
vt 0.373788 0.312361
vt 0.224029 0.354361
vt 0.378537 0.357122
vt 0.282437 0.35032
vt 0.272023 0.336798
vt 0.0670574 0.314602
vt 0.0710257 0.314644
vt 0.0737452 0.327599
vt 0.0637066 0.327599
vt 0.404606 0.94153
vt 0.40541 0.941514
vt 0.395753 0.956804
vt 0.414286 0.956804
vt 0.0382239 0.228976
vt 0.0382239 0.210627
vt 0.0305019 0.215478
vt 0.967954 0.452681
vt 0.982625 0.460231
vt 0.982449 0.442278
vt 0.968719 0.468868
vt 0.969342 0.471572
vt 0.982449 0.478211
vt 0.653668 0.0172018
vt 0.635135 0.0172018
vt 0.642064 0.00420489
vt 0.566301 0.9923
vt 0.565292 0.989679
vt 0.580309 0.99656
vt 0.554271 0.99656
vt 0.553282 0.994001
vt 0.504552 0.249618
vt 0.504444 0.246474
vt 0.491234 0.239374
vt 0.504223 0.23196
vt 0.489265 0.240195
vt 0.49041 0.221565
vt 0.485328 0.228155
vt 0.504633 0.229284
vt 0.504552 0.212971
vt 0.490403 0.203746
vt 0.567061 0.536315
vt 0.57255 0.553128
vt 0.565587 0.536468
vt 0.584268 0.539934
vt 0.584821 0.540022
vt 0.590347 0.556957
vt 0.572692 0.55371
vt 0.560232 0.556957
vt 0.845537 0.303111
vt 0.831961 0.302662
vt 0.845946 0.315856
vt 0.83642 0.316132
vt 0.845946 0.290586
vt 0.832379 0.290138
vt 0.831274 0.306569
vt 0.831644 0.302636
vt 0.995753 0.477446
vt 0.994981 0.477446
vt 0.995261 0.475917
vt 0.653668 0.413226
vt 0.649035 0.413226
vt 0.649064 0.400229
vt 0.649084 0.400229
vt 0.588133 0.829972
vt 0.602443 0.836564
vt 0.587926 0.846315
vt 0.591558 0.828857
vt 0.604211 0.823247
vt 0.590798 0.81138
vt 0.593925 0.811014
vt 0.612741 0.840224
vt 0.588677 0.827947
vt 0.577026 0.814044
vt 0.576987 0.800262
vt 0.562766 0.803406
vt 0.569462 0.816693
vt 0.56161 0.809216
vt 0.557085 0.80537
vt 0.547079 0.794172
vt 0.547018 0.794466
vt 0.556836 0.823442
vt 0.562893 0.789345
vt 0.547569 0.779641
vt 0.546794 0.794271
vt 0.537021 0.783121
vt 0.532134 0.784161
vt 0.533713 0.796916
vt 0.51958 0.785711
vt 0.523683 0.802114
vt 0.533403 0.807844
vt 0.540323 0.811442
vt 0.531163 0.818289
vt 0.519082 0.800615
vt 0.506153 0.792569
vt 0.503313 0.777905
vt 0.502915 0.789476
vt 0.493051 0.782953
vt 0.547594 0.807782
vt 0.575655 0.821944
vt 0.556802 0.82342
vt 0.550309 0.834127
vt 0.549651 0.83368
vt 0.5392 0.82655
vt 0.519172 0.802748
vt 0.527388 0.820334
vt 0.51789 0.818695
vt 0.522177 0.832133
vt 0.5158 0.83104
vt 0.503342 0.828928
vt 0.502161 0.812402
vt 0.488489 0.822635
vt 0.50218 0.812276
vt 0.484537 0.834605
vt 0.487578 0.822317
vt 0.496712 0.839871
vt 0.487418 0.847477
vt 0.531339 0.821962
vt 0.502988 0.810972
vt 0.488893 0.808934
vt 0.471696 0.816217
vt 0.479645 0.805393
vt 0.46765 0.799064
vt 0.4795 0.786755
vt 0.466795 0.827699
vt 0.48739 0.798947
vt 0.482681 0.833571
vt 0.571161 0.834512
vt 0.562875 0.843883
vt 0.564273 0.84491
vt 0.530267 0.834242
vt 0.5736 0.835859
vt 0.586047 0.846672
vt 0.587283 0.846161
vt 0.587099 0.847477
vt 0.500832 0.791886
vt 0.546274 0.815878
vt 0.990348 0.0898318
vt 0.99112 0.0896275
vt 0.990348 0.0753058
vt 0.710018 0.300841
vt 0.692278 0.300076
vt 0.710039 0.300076
vt 0.535521 0.378823
vt 0.543678 0.368119
vt 0.554147 0.378823
vt 0.562548 0.36871
vt 0.748605 0.130912
vt 0.752322 0.128334
vt 0.735988 0.12315
vt 0.749271 0.113659
vt 0.736721 0.140538
vt 0.752339 0.148129
vt 0.727517 0.132213
vt 0.728211 0.149591
vt 0.764566 0.123393
vt 0.751122 0.112942
vt 0.764443 0.117592
vt 0.762444 0.105009
vt 0.743809 0.102972
vt 0.754914 0.0951835
vt 0.717414 0.141512
vt 0.710635 0.146467
vt 0.709569 0.138219
vt 0.702724 0.134501
vt 0.743252 0.160177
vt 0.70657 0.151726
vt 0.716749 0.158988
vt 0.72885 0.109278
vt 0.709194 0.168917
vt 0.71937 0.176179
vt 0.711713 0.186143
vt 0.721892 0.193405
vt 0.713762 0.203648
vt 0.723798 0.211023
vt 0.731745 0.201519
vt 0.732198 0.218218
vt 0.720614 0.222626
vt 0.740541 0.20906
vt 0.750379 0.217616
vt 0.736242 0.2206
vt 0.729618 0.183734
vt 0.708239 0.214338
vt 0.752839 0.132799
vt 0.743638 0.195416
vt 0.76591 0.134551
vt 0.726927 0.1662
vt 0.734268 0.1562
vt 0.737312 0.173603
vt 0.749821 0.164782
vt 0.750625 0.179884
vt 0.750244 0.163545
vt 0.767181 0.1406
vt 0.74504 0.192696
vt 0.712953 0.122392
vt 0.719183 0.225535
vt 0.730183 0.231447
vt 0.724166 0.242254
vt 0.713155 0.236352
vt 0.73586 0.248558
vt 0.72962 0.259262
vt 0.740136 0.264676
vt 0.74543 0.25348
vt 0.718231 0.253313
vt 0.728907 0.272953
vt 0.744257 0.266053
vt 0.752828 0.25316
vt 0.759828 0.266991
vt 0.760511 0.272805
vt 0.755295 0.280406
vt 0.741618 0.278168
vt 0.751084 0.292937
vt 0.767006 0.293927
vt 0.738812 0.290173
vt 0.767181 0.304648
vt 0.748226 0.304944
vt 0.745488 0.241119
vt 0.735995 0.302211
vt 0.729091 0.275076
vt 0.764375 0.28107
vt 0.745411 0.316979
vt 0.732996 0.314411
vt 0.740921 0.331422
vt 0.72374 0.299474
vt 0.714456 0.269281
vt 0.746287 0.238503
vt 0.750446 0.226797
vt 0.726495 0.287416
vt 0.716526 0.272543
vt 0.746984 0.238688
vt 0.762843 0.246424
vt 0.700772 0.257306
vt 0.706909 0.219964
vt 0.73423 0.105936
vt 0.217444 0.610474
vt 0.198842 0.610474
vt 0.20573 0.597649
vt 0.223552 0.594419
vt 0.205659 0.59755
vt 0.210425 0.722095
vt 0.193832 0.715221
vt 0.210381 0.721984
vt 0.194117 0.71509
vt 0.188275 0.703746
vt 0.177469 0.722095
vt 0.174131 0.70956
vt 0.841313 0.57474
vt 0.840766 0.57607
vt 0.828836 0.571243
vt 0.829669 0.56919
vt 0.813248 0.57607
vt 0.812741 0.575791
vt 0.0335907 0.71528
vt 0.0370781 0.718601
vt 0.0512846 0.709551
vt 0.0512846 0.725917
vt 0.0513513 0.709098
vt 0.390981 0.385174
vt 0.378927 0.387983
vt 0.374702 0.371498
vt 0.381748 0.399945
vt 0.393816 0.397124
vt 0.387108 0.369648
vt 0.362998 0.383354
vt 0.400055 0.395667
vt 0.407002 0.399103
vt 0.392047 0.383003
vt 0.396637 0.409082
vt 0.38149 0.416738
vt 0.36285 0.399594
vt 0.408773 0.406601
vt 0.392025 0.385289
vt 0.399047 0.420872
vt 0.41098 0.418719
vt 0.41237 0.418543
vt 0.41312 0.405436
vt 0.426125 0.404549
vt 0.427357 0.391336
vt 0.433629 0.404372
vt 0.428269 0.391185
vt 0.427383 0.387422
vt 0.440814 0.387611
vt 0.414062 0.378675
vt 0.418621 0.378457
vt 0.414238 0.375526
vt 0.417972 0.391587
vt 0.414225 0.388499
vt 0.41414 0.39186
vt 0.442816 0.391844
vt 0.439582 0.416803
vt 0.442983 0.403384
vt 0.439789 0.417579
vt 0.452234 0.402507
vt 0.428208 0.417412
vt 0.446127 0.392675
vt 0.447002 0.39021
vt 0.459975 0.401281
vt 0.462098 0.388363
vt 0.460472 0.376753
vt 0.448754 0.375215
vt 0.436968 0.374213
vt 0.473745 0.39035
vt 0.473056 0.402049
vt 0.376425 0.416361
vt 0.354054 0.420872
vt 0.376118 0.417257
vt 0.995753 0.104358
vt 0.995753 0.103593
vt 0.994981 0.103726
vt 0.787841 0.117355
vt 0.774131 0.104358
vt 0.787918 0.116538
vt 0.774362 0.11733
vt 0.788031 0.11733
vt 0.798701 0.295045
vt 0.796427 0.300076
vt 0.794208 0.298301
vt 0.816763 0.300076
vt 0.803799 0.289342
vt 0.818147 0.282492
vt 0.207992 0.222788
vt 0.205019 0.23609
vt 0.216602 0.222095
vt 0.216602 0.241972
vt 0.208047 0.238241
vt 0.683008 0.49181
vt 0.688667 0.508478
vt 0.697467 0.496328
vt 0.687615 0.48015
vt 0.704629 0.512576
vt 0.701277 0.492746
vt 0.702188 0.483877
vt 0.712566 0.485328
vt 0.693914 0.52528
vt 0.705977 0.511118
vt 0.700305 0.468988
vt 0.702269 0.497722
vt 0.711113 0.528868
vt 0.706599 0.51301
vt 0.711169 0.529239
vt 0.699888 0.541852
vt 0.715982 0.545046
vt 0.704187 0.558221
vt 0.716802 0.557506
vt 0.728566 0.544287
vt 0.727713 0.531744
vt 0.740418 0.530605
vt 0.741145 0.543621
vt 0.741822 0.556041
vt 0.740628 0.5192
vt 0.693777 0.525426
vt 0.72895 0.549988
vt 0.718347 0.557411
vt 0.731174 0.559238
vt 0.720782 0.574362
vt 0.733292 0.572747
vt 0.728 0.517738
vt 0.699176 0.542614
vt 0.68833 0.554792
vt 0.68244 0.538194
vt 0.704476 0.560219
vt 0.694302 0.571366
vt 0.685692 0.559803
vt 0.689254 0.569277
vt 0.692556 0.573774
vt 0.701434 0.587498
vt 0.710087 0.577017
vt 0.714872 0.58939
vt 0.716379 0.594432
vt 0.708246 0.603749
vt 0.720588 0.605271
vt 0.722558 0.612526
vt 0.679151 0.56774
vt 0.716726 0.619434
vt 0.725763 0.620778
vt 0.697831 0.587165
vt 0.709075 0.573993
vt 0.727812 0.5887
vt 0.734083 0.607079
vt 0.699034 0.589527
vt 0.71559 0.635307
vt 0.705275 0.605536
vt 0.710677 0.620602
vt 0.694993 0.617818
vt 0.689174 0.601201
vt 0.728441 0.633777
vt 0.717737 0.647832
vt 0.704114 0.635557
vt 0.701654 0.64832
vt 0.717307 0.660313
vt 0.702056 0.660743
vt 0.701362 0.660762
vt 0.716458 0.672863
vt 0.703311 0.673165
vt 0.699034 0.541804
vt 0.740057 0.554761
vt 0.710954 0.625058
vt 0.70103 0.648358
vt 0.712571 0.52771
vt 0.733313 0.572875
vt 0.725277 0.515243
vt 0.704686 0.604102
vt 0.727028 0.586401
vt 0.740049 0.585928
vt 0.738856 0.582541
vt 0.683799 0.584863
vt 0.738188 0.618498
vt 0.732744 0.602614
vt 0.744015 0.596969
vt 0.715438 0.486498
vt 0.716508 0.501987
vt 0.729013 0.48972
vt 0.728795 0.501393
vt 0.727673 0.477404
vt 0.726833 0.502268
vt 0.715089 0.483501
vt 0.715302 0.473007
vt 0.727881 0.467148
vt 0.741028 0.480505
vt 0.742836 0.479889
vt 0.743321 0.467782
vt 0.744015 0.455682
vt 0.728943 0.502698
vt 0.703678 0.468066
vt 0.685177 0.460733
vt 0.699619 0.465509
vt 0.740236 0.513981
vt 0.698042 0.449806
vt 0.687775 0.436489
vt 0.691726 0.437887
vt 0.690552 0.433868
vt 0.978928 0.873403
vt 0.96694 0.859879
vt 0.983257 0.856651
vt 0.989397 0.876529
vt 0.991667 0.876353
vt 0.995753 0.860125
vt 0.966386 0.861895
vt 0.96332 0.876353
vt 0.978825 0.87398
vt 0.257529 0.794725
vt 0.258817 0.812039
vt 0.272973 0.80211
vt 0.272973 0.819954
vt 0.25901 0.812566
vt 0.922394 0.152523
vt 0.904633 0.152523
vt 0.919132 0.141055
vt 0.429058 0.832187
vt 0.428185 0.850055
vt 0.442085 0.842233
vt 0.442085 0.85818
vt 0.511583 0.981269
vt 0.511583 0.96292
vt 0.509266 0.979414
vt 0.51093 0.963445
vt 0.824086 0.952982
vt 0.839434 0.953052
vt 0.822858 0.965586
vt 0.840282 0.965649
vt 0.842079 0.96561
vt 0.843135 0.953013
vt 0.85677 0.95304
vt 0.857814 0.965647
vt 0.822008 0.953013
vt 0.840997 0.978211
vt 0.822721 0.967133
vt 0.822677 0.965592
vt 0.858301 0.978211
vt 0.544678 0.917049
vt 0.537045 0.936181
vt 0.53261 0.919262
vt 0.5345 0.936026
vt 0.519794 0.922796
vt 0.521074 0.934774
vt 0.520617 0.947908
vt 0.510039 0.929926
vt 0.534581 0.937033
vt 0.532532 0.917999
vt 0.548679 0.953297
vt 0.549338 0.952653
vt 0.550505 0.940048
vt 0.536224 0.953456
vt 0.549471 0.953573
vt 0.537002 0.957444
vt 0.522077 0.947818
vt 0.565213 0.957727
vt 0.552365 0.970829
vt 0.562786 0.942161
vt 0.576629 0.942446
vt 0.578082 0.95601
vt 0.567735 0.972095
vt 0.582152 0.968301
vt 0.567467 0.940432
vt 0.575531 0.936045
vt 0.594208 0.934861
vt 0.580401 0.928807
vt 0.592702 0.920273
vt 0.570143 0.922607
vt 0.588902 0.944414
vt 0.539936 0.972095
vt 0.525352 0.966098
vt 0.589615 0.953931
vt 0.59325 0.965163
vt 0.887729 0.776376
vt 0.903089 0.77867
vt 0.8861 0.77867
vt 0.238458 0.49656
vt 0.235907 0.487702
vt 0.253668 0.495323
vt 0.252902 0.483285
vt 0.236439 0.482798
vt 0.252776 0.49656
vt 0.3303 0.827442
vt 0.317345 0.841361
vt 0.317384 0.828782
vt 0.33272 0.839744
vt 0.342855 0.825309
vt 0.336187 0.839475
vt 0.32455 0.816028
vt 0.343581 0.828167
vt 0.349658 0.8403
vt 0.361318 0.835603
vt 0.354358 0.821704
vt 0.372542 0.83012
vt 0.36553 0.816118
vt 0.383818 0.824739
vt 0.376684 0.810495
vt 0.378051 0.841361
vt 0.363796 0.812673
vt 0.39501 0.819193
vt 0.385071 0.827241
vt 0.395735 0.820572
vt 0.406006 0.813266
vt 0.40309 0.834795
vt 0.414389 0.829439
vt 0.391471 0.839608
vt 0.387796 0.805148
vt 0.373094 0.803294
vt 0.406702 0.814576
vt 0.353957 0.820691
vt 0.345637 0.807477
vt 0.425217 0.823195
vt 0.418181 0.809573
vt 0.433609 0.810298
vt 0.357297 0.802225
vt 0.369884 0.798084
vt 0.352355 0.790419
vt 0.364919 0.786273
vt 0.375001 0.7839
vt 0.399026 0.799796
vt 0.340469 0.795601
vt 0.37588 0.797216
vt 0.416479 0.805804
vt 0.410686 0.795081
vt 0.394301 0.788346
vt 0.406195 0.783491
vt 0.328571 0.800697
vt 0.335312 0.78378
vt 0.333262 0.784618
vt 0.327996 0.799392
vt 0.316743 0.80585
vt 0.319244 0.787448
vt 0.423869 0.794817
vt 0.434781 0.808091
vt 0.427023 0.794237
vt 0.442857 0.794967
vt 0.382867 0.794041
vt 0.378664 0.782492
vt 0.335485 0.811595
vt 0.313642 0.829431
vt 0.314016 0.806312
vt 0.303334 0.815283
vt 0.296178 0.831239
vt 0.290368 0.810212
vt 0.308534 0.802385
vt 0.283784 0.824872
vt 0.29097 0.807084
vt 0.294502 0.791179
vt 0.308537 0.802374
vt 0.735521 0.767966
vt 0.73516 0.765168
vt 0.720438 0.757729
vt 0.735521 0.751147
vt 0.720077 0.757818
vt 0.810643 0.687707
vt 0.823552 0.700688
vt 0.82353 0.687691
vt 0.810425 0.700307
vt 0.823552 0.687698
vt 0.169498 0.378823
vt 0.156371 0.362782
vt 0.156373 0.377716
vt 0.169498 0.362003
vt 0.71844 0.42548
vt 0.706927 0.419693
vt 0.701376 0.432635
vt 0.695217 0.41471
vt 0.706963 0.438891
vt 0.714262 0.43922
vt 0.728571 0.436056
vt 0.725404 0.414893
vt 0.695314 0.414487
vt 0.707109 0.41924
vt 0.700181 0.40283
vt 0.712756 0.407031
vt 0.704213 0.390931
vt 0.692084 0.38693
vt 0.697647 0.402323
vt 0.691578 0.388254
vt 0.691715 0.386811
vt 0.69612 0.375034
vt 0.708455 0.379008
vt 0.703666 0.359388
vt 0.714492 0.366824
vt 0.704194 0.359334
vt 0.703842 0.358963
vt 0.710454 0.3434
vt 0.692846 0.347828
vt 0.721462 0.356307
vt 0.685769 0.36055
vt 0.674782 0.349451
vt 0.665251 0.357847
vt 0.67731 0.370212
vt 0.68411 0.364729
vt 0.677684 0.370618
vt 0.689363 0.383475
vt 0.722413 0.355819
vt 0.728571 0.342125
vt 0.721705 0.356419
vt 0.688109 0.362885
vt 0.717232 0.395047
vt 0.483207 0.40014
vt 0.484249 0.400832
vt 0.500772 0.396407
vt 0.500772 0.410168
vt 0.482239 0.401737
vt 0.663409 0.982466
vt 0.654724 0.991832
vt 0.643026 0.980505
vt 0.637452 0.995795
vt 0.654597 0.992223
vt 0.666795 0.995795
vt 0.00302987 0.602829
vt 0.0042471 0.615826
vt 0.0011583 0.615826
vt 0.00339381 0.602836
vt 0.931744 0.169389
vt 0.918686 0.176213
vt 0.932276 0.181709
vt 0.942734 0.175196
vt 0.930532 0.191787
vt 0.931979 0.163531
vt 0.941204 0.157732
vt 0.931653 0.15272
vt 0.934801 0.13989
vt 0.949974 0.147907
vt 0.917974 0.176264
vt 0.917679 0.190018
vt 0.914993 0.176168
vt 0.903861 0.192417
vt 0.904819 0.177634
vt 0.905502 0.172263
vt 0.918142 0.198895
vt 0.930744 0.195808
vt 0.920009 0.212203
vt 0.932405 0.210173
vt 0.945451 0.203316
vt 0.907588 0.213718
vt 0.951737 0.214031
vt 0.936014 0.221934
vt 0.920451 0.215483
vt 0.906656 0.161146
vt 0.909213 0.194039
vt 0.935111 0.193919
vt 0.934795 0.139603
vt 0.951737 0.145365
vt 0.947712 0.132726
vt 0.929803 0.128058
vt 0.917807 0.175714
vt 0.919023 0.162556
vt 0.932377 0.222889
vt 0.949198 0.186776
vt 0.944984 0.233563
vt 0.938115 0.230231
vt 0.0581499 0.863633
vt 0.0566105 0.861127
vt 0.0586486 0.863135
vt 0.0544468 0.850334
vt 0.0592581 0.845986
vt 0.0675177 0.854999
vt 0.0766362 0.845382
vt 0.0845684 0.8494
vt 0.0835091 0.840596
vt 0.0824441 0.862347
vt 0.0420849 0.845092
vt 0.0886504 0.852948
vt 0.068629 0.8719
vt 0.0598408 0.880336
vt 0.0796497 0.879353
vt 0.078797 0.885007
vt 0.082129 0.881703
vt 0.0821702 0.899807
vt 0.081892 0.899534
vt 0.0912657 0.890725
vt 0.100396 0.899755
vt 0.109494 0.890691
vt 0.109531 0.908785
vt 0.110489 0.907831
vt 0.119064 0.917412
vt 0.120068 0.898451
vt 0.112077 0.894341
vt 0.091308 0.908831
vt 0.100352 0.881616
vt 0.0911655 0.872598
vt 0.0819983 0.863618
vt 0.100323 0.863452
vt 0.109488 0.872496
vt 0.0656702 0.891787
vt 0.100442 0.917873
vt 0.118665 0.917831
vt 0.109575 0.926916
vt 0.0913477 0.926988
vt 0.127813 0.926927
vt 0.082215 0.917884
vt 0.0731254 0.926927
vt 0.0817776 0.917446
vt 0.0658787 0.893202
vt 0.118612 0.863401
vt 0.127868 0.872715
vt 0.13689 0.863334
vt 0.129172 0.874038
vt 0.120289 0.883363
vt 0.142471 0.869111
vt 0.118564 0.882297
vt 0.970686 0.238412
vt 0.957143 0.238914
vt 0.963231 0.224511
vt 0.974131 0.238914
vt 0.963251 0.224388
vt 0.963195 0.224388
vt 0.0791506 0.280199
vt 0.065251 0.280199
vt 0.0661506 0.277905
vt 0.0142857 0.75344
vt 0.00115835 0.766177
vt 0.014278 0.766131
vt 0.0142857 0.771789
vt 0.0011583 0.766207
vt 0.992721 0.838303
vt 0.993436 0.837869
vt 0.992721 0.819987
vt 0.992664 0.819954
vt 0.86297 0.094426
vt 0.850917 0.107601
vt 0.863707 0.10692
vt 0.851765 0.120132
vt 0.850213 0.0951099
vt 0.862306 0.0819323
vt 0.837405 0.0958338
vt 0.842132 0.108124
vt 0.849463 0.0825616
vt 0.837699 0.101592
vt 0.835865 0.10977
vt 0.820723 0.0991158
vt 0.82205 0.111584
vt 0.823169 0.124117
vt 0.808409 0.1246
vt 0.836081 0.123026
vt 0.806876 0.111223
vt 0.81212 0.138101
vt 0.824484 0.136561
vt 0.81159 0.10024
vt 0.817407 0.0867156
vt 0.818659 0.0866283
vt 0.799287 0.140195
vt 0.802015 0.152712
vt 0.789362 0.154938
vt 0.792313 0.16768
vt 0.786842 0.142621
vt 0.796019 0.127989
vt 0.778895 0.169325
vt 0.803058 0.155215
vt 0.814305 0.149137
vt 0.808763 0.168863
vt 0.820827 0.164854
vt 0.831405 0.152143
vt 0.780771 0.144326
vt 0.775726 0.156259
vt 0.813054 0.180821
vt 0.825014 0.176683
vt 0.828218 0.185719
vt 0.832007 0.187524
vt 0.841848 0.183823
vt 0.850038 0.196585
vt 0.838651 0.171376
vt 0.801107 0.184994
vt 0.793858 0.167806
vt 0.808205 0.104128
vt 0.850213 0.120123
vt 0.83567 0.0967347
vt 0.813558 0.182235
vt 0.818021 0.0841912
vt 0.801476 0.186021
vt 0.793324 0.200925
vt 0.787182 0.18819
vt 0.781457 0.205628
vt 0.778683 0.188151
vt 0.783057 0.180867
vt 0.768754 0.173347
vt 0.773642 0.192826
vt 0.794517 0.20052
vt 0.76606 0.205875
vt 0.782781 0.207115
vt 0.764865 0.207569
vt 0.793558 0.201509
vt 0.838096 0.15988
vt 0.852669 0.178781
vt 0.844987 0.168426
vt 0.857517 0.161636
vt 0.863707 0.172412
vt 0.854715 0.155927
vt 0.837336 0.135318
vt 0.825733 0.148854
vt 0.839149 0.147685
vt 0.84948 0.147307
vt 0.849119 0.159709
vt 0.840438 0.160026
vt 0.862154 0.078672
vt 0.847042 0.065367
vt 0.850475 0.133831
vt 0.782205 0.134495
vt 0.834777 0.0847307
vt 0.833254 0.072813
vt 0.786208 0.12905
vt 0.792234 0.169037
vt 0.530116 0.0730211
vt 0.516991 0.0730106
vt 0.530116 0.0860092
vt 0.516988 0.0714832
vt 0.530116 0.0721228
vt 0.904087 0.516009
vt 0.911875 0.505838
vt 0.89305 0.50767
vt 0.900552 0.497226
vt 0.903607 0.488914
vt 0.919188 0.494177
vt 0.91439 0.523699
vt 0.896299 0.526178
vt 0.906612 0.534021
vt 0.92471 0.531594
vt 0.894791 0.490445
vt 0.917418 0.501773
vt 0.92471 0.498775
vt 0.912541 0.506415
vt 0.914404 0.523681
vt 0.178507 0.218652
vt 0.173359 0.228211
vt 0.173532 0.2121
vt 0.184559 0.228054
vt 0.190519 0.228211
vt 0.18734 0.208333
vt 0.196525 0.217385
vt 0.614138 0.487314
vt 0.601871 0.483214
vt 0.609627 0.49945
vt 0.601898 0.482733
vt 0.609764 0.499495
vt 0.622008 0.503762
vt 0.620815 0.507092
vt 0.60169 0.483198
vt 0.593269 0.497269
vt 0.586273 0.48043
vt 0.584708 0.494463
vt 0.582159 0.488896
vt 0.573364 0.476206
vt 0.578604 0.493881
vt 0.566954 0.487762
vt 0.570618 0.506118
vt 0.557607 0.497546
vt 0.557903 0.478141
vt 0.567209 0.46887
vt 0.557977 0.459851
vt 0.567121 0.450716
vt 0.576344 0.459747
vt 0.585477 0.450629
vt 0.567854 0.44989
vt 0.565528 0.449164
vt 0.577372 0.436877
vt 0.558923 0.436794
vt 0.584144 0.450044
vt 0.548747 0.450829
vt 0.567364 0.424573
vt 0.585683 0.46895
vt 0.5621 0.419999
vt 0.568804 0.422327
vt 0.580309 0.419693
vt 0.549003 0.425191
vt 0.587401 0.509202
vt 0.55111 0.448159
vt 0.548536 0.424716
vt 0.557738 0.415666
vt 0.548582 0.40657
vt 0.539381 0.41562
vt 0.5383 0.414544
vt 0.541348 0.399362
vt 0.551923 0.403288
vt 0.530267 0.425308
vt 0.576346 0.4151
vt 0.526231 0.420527
vt 0.516988 0.42964
vt 0.539811 0.436337
vt 0.596332 0.460415
vt 0.603784 0.472166
vt 0.607293 0.453523
vt 0.588851 0.509598
vt 0.601182 0.513992
vt 0.599311 0.519151
vt 0.61149 0.523939
vt 0.595621 0.529016
vt 0.608003 0.533257
vt 0.58186 0.527356
vt 0.560641 0.412709
vt 0.567213 0.406254
vt 0.569506 0.409325
vt 0.587374 0.429965
vt 0.588136 0.510772
vt 0.584383 0.405888
vt 0.581701 0.403525
vt 0.584077 0.388662
vt 0.583906 0.388829
vt 0.593111 0.397271
vt 0.593237 0.380099
vt 0.59345 0.41412
vt 0.58405 0.388638
vt 0.590385 0.378043
vt 0.578936 0.369433
vt 0.570609 0.378486
vt 0.593305 0.363207
vt 0.58 0.351697
vt 0.593804 0.362439
vt 0.594477 0.362885
vt 0.593836 0.344579
vt 0.597413 0.34737
vt 0.5828 0.334235
vt 0.592057 0.325632
vt 0.59834 0.342763
vt 0.603169 0.335166
vt 0.605949 0.32054
vt 0.599537 0.308845
vt 0.58647 0.314501
vt 0.59213 0.297809
vt 0.605728 0.306751
vt 0.604745 0.293542
vt 0.587966 0.286148
vt 0.601021 0.281728
vt 0.604854 0.313607
vt 0.605251 0.336928
vt 0.616812 0.348466
vt 0.616811 0.346088
vt 0.619154 0.331963
vt 0.605411 0.37595
vt 0.606348 0.373492
vt 0.607269 0.374631
vt 0.608372 0.319721
vt 0.619666 0.328905
vt 0.602697 0.354151
vt 0.622008 0.314917
vt 0.601903 0.405541
vt 0.602095 0.422798
vt 0.594384 0.43963
vt 0.614647 0.363913
vt 0.603467 0.390291
vt 0.603227 0.39165
vt 0.604031 0.391163
vt 0.614011 0.3845
vt 0.572941 0.395875
vt 0.595205 0.440321
vt 0.425933 0.350999
vt 0.432146 0.360363
vt 0.420422 0.360927
vt 0.417375 0.364297
vt 0.435665 0.364297
vt 0.435274 0.349675
vt 0.440541 0.347477
vt 0.578746 0.76185
vt 0.579537 0.774847
vt 0.565637 0.774847
vt 0.53166 0.174694
vt 0.512562 0.174694
vt 0.519032 0.162297
vt 0.503861 0.162168
vt 0.519402 0.161697
vt 0.0567568 0.169343
vt 0.0382239 0.169343
vt 0.0455919 0.155714
vt 0.0458083 0.155581
vt 0.98607 0.683104
vt 0.995753 0.698394
vt 0.978764 0.698394
vt 0.649544 0.616731
vt 0.648313 0.628775
vt 0.65405 0.614135
vt 0.638414 0.620418
vt 0.665364 0.623551
vt 0.634924 0.618985
vt 0.668171 0.609761
vt 0.630022 0.630441
vt 0.659673 0.634864
vt 0.656284 0.596643
vt 0.668942 0.606529
vt 0.642045 0.639823
vt 0.671511 0.640051
vt 0.66918 0.643483
vt 0.672445 0.591629
vt 0.618863 0.6129
vt 0.624775 0.60174
vt 0.614946 0.624743
vt 0.628916 0.634911
vt 0.637914 0.606697
vt 0.635684 0.592965
vt 0.621958 0.64173
vt 0.619933 0.584665
vt 0.63641 0.590484
vt 0.63047 0.573705
vt 0.635384 0.575457
vt 0.648362 0.576358
vt 0.647387 0.56665
vt 0.658892 0.561629
vt 0.646854 0.55968
vt 0.636301 0.555374
vt 0.640142 0.543446
vt 0.652591 0.548539
vt 0.631472 0.558465
vt 0.643116 0.531035
vt 0.631936 0.554249
vt 0.655422 0.534882
vt 0.668754 0.541003
vt 0.670327 0.525044
vt 0.664474 0.553446
vt 0.618805 0.566786
vt 0.660482 0.562283
vt 0.661594 0.578155
vt 0.655995 0.530369
vt 0.629936 0.645045
vt 0.635062 0.648345
vt 0.633237 0.65025
vt 0.651298 0.611425
vt 0.634697 0.570568
vt 0.65114 0.59216
vt 0.658012 0.521108
vt 0.670376 0.524813
vt 0.673243 0.512181
vt 0.661335 0.506021
vt 0.673564 0.500483
vt 0.662195 0.488613
vt 0.673246 0.493566
vt 0.673439 0.484099
vt 0.662851 0.471199
vt 0.674594 0.477788
vt 0.675471 0.463318
vt 0.659627 0.472646
vt 0.659856 0.469937
vt 0.647283 0.46872
vt 0.66111 0.455528
vt 0.65518 0.452847
vt 0.661407 0.450651
vt 0.671284 0.444789
vt 0.662593 0.439103
vt 0.677683 0.448742
vt 0.678065 0.441465
vt 0.66984 0.427061
vt 0.679446 0.432807
vt 0.679923 0.422211
vt 0.661273 0.416979
vt 0.676998 0.409297
vt 0.665027 0.399465
vt 0.662911 0.431621
vt 0.648279 0.451397
vt 0.64612 0.478596
vt 0.646604 0.483076
vt 0.641443 0.480687
vt 0.648805 0.491821
vt 0.634179 0.498429
vt 0.633154 0.481588
vt 0.647657 0.50609
vt 0.646447 0.51159
vt 0.634605 0.516093
vt 0.64569 0.522139
vt 0.633521 0.498168
vt 0.631462 0.498487
vt 0.63316 0.464063
vt 0.633242 0.50116
vt 0.675349 0.462078
vt 0.660193 0.488055
vt 0.659256 0.509699
vt 0.621529 0.660308
vt 0.635915 0.665325
vt 0.632808 0.677752
vt 0.616285 0.671962
vt 0.648496 0.668646
vt 0.651713 0.656345
vt 0.664185 0.659525
vt 0.667453 0.646766
vt 0.656183 0.639508
vt 0.653641 0.639574
vt 0.679923 0.64996
vt 0.676645 0.662799
vt 0.676567 0.663092
vt 0.63041 0.63046
vt 0.649108 0.440384
vt 0.660182 0.561745
vt 0.650754 0.427109
vt 0.647021 0.45337
vt 0.636867 0.54198
vt 0.643056 0.531003
vt 0.626762 0.524099
vt 0.621563 0.535059
vt 0.659415 0.507802
vt 0.630248 0.445212
vt 0.637125 0.435224
vt 0.652025 0.593306
vt 0.613514 0.54852
vt 0.660467 0.490008
vt 0.9139 0.764144
vt 0.911583 0.781165
vt 0.9139 0.782492
vt 0.512367 0.459126
vt 0.498035 0.469037
vt 0.512311 0.45844
vt 0.496725 0.451045
vt 0.510647 0.441533
vt 0.493822 0.434633
vt 0.495214 0.449973
vt 0.514845 0.458577
vt 0.52728 0.46758
vt 0.527249 0.453443
vt 0.540154 0.466467
vt 0.540102 0.453149
vt 0.527407 0.469037
vt 0.123938 0.0256116
vt 0.123938 0.007263
vt 0.122394 0.0247448
vt 0.453769 0.92393
vt 0.452124 0.94206
vt 0.464479 0.938481
vt 0.464479 0.952217
vt 0.273649 0.00191132
vt 0.274325 0.00468164
vt 0.272201 0.00496942
vt 0.291506 0.00468164
vt 0.0513513 0.368884
vt 0.0668366 0.379189
vt 0.0544076 0.383024
vt 0.0702759 0.392566
vt 0.056897 0.392566
vt 0.0783474 0.373314
vt 0.0861004 0.38382
vt 0.070209 0.392584
vt 0.617717 0.216593
vt 0.618919 0.233423
vt 0.618919 0.215979
vt 0.605792 0.233563
vt 0.441849 0.494135
vt 0.441634 0.492906
vt 0.443241 0.493739
vt 0.429007 0.498292
vt 0.429237 0.491776
vt 0.442237 0.510821
vt 0.428856 0.506383
vt 0.427495 0.520109
vt 0.412756 0.513448
vt 0.439555 0.522785
vt 0.421646 0.503424
vt 0.411612 0.527346
vt 0.407591 0.512629
vt 0.454336 0.51348
vt 0.450247 0.525232
vt 0.403788 0.524385
vt 0.420957 0.531863
vt 0.452196 0.523079
vt 0.451804 0.52576
vt 0.4697 0.519227
vt 0.457268 0.514452
vt 0.46694 0.531495
vt 0.478982 0.534175
vt 0.451062 0.526925
vt 0.413738 0.533862
vt 0.391766 0.519439
vt 0.46275 0.543091
vt 0.410665 0.540575
vt 0.399176 0.535828
vt 0.397695 0.508555
vt 0.393563 0.507022
vt 0.393996 0.505992
vt 0.388952 0.518428
vt 0.377238 0.513943
vt 0.382169 0.502312
vt 0.384507 0.529861
vt 0.36526 0.511166
vt 0.365955 0.498543
vt 0.369102 0.526595
vt 0.374221 0.541562
vt 0.365733 0.526979
vt 0.402841 0.555409
vt 0.392558 0.548297
vt 0.386939 0.556999
vt 0.383436 0.557283
vt 0.385815 0.55991
vt 0.373272 0.572085
vt 0.382062 0.571803
vt 0.379566 0.578167
vt 0.368305 0.571196
vt 0.378143 0.585515
vt 0.396472 0.571412
vt 0.456339 0.500304
vt 0.44394 0.480508
vt 0.373382 0.542736
vt 0.361326 0.538471
vt 0.350369 0.535031
vt 0.352901 0.546179
vt 0.353111 0.522994
vt 0.338055 0.532547
vt 0.337518 0.547248
vt 0.351981 0.520521
vt 0.336125 0.526319
vt 0.342173 0.509856
vt 0.33631 0.512065
vt 0.354706 0.503382
vt 0.335023 0.526697
vt 0.391119 0.582545
vt 0.411505 0.560005
vt 0.41391 0.560882
vt 0.413616 0.561429
vt 0.365439 0.498394
vt 0.361435 0.510076
vt 0.352303 0.494672
vt 0.421784 0.545918
vt 0.426984 0.558518
vt 0.365841 0.5834
vt 0.368724 0.523936
vt 0.385857 0.532457
vt 0.42313 0.543074
vt 0.404182 0.493445
vt 0.336691 0.498865
vt 0.384634 0.490823
vt 0.431463 0.565403
vt 0.321327 0.518228
vt 0.321883 0.5162
vt 0.320244 0.517611
vt 0.368924 0.486636
vt 0.319551 0.501181
vt 0.311459 0.508908
vt 0.311387 0.526241
vt 0.319981 0.53515
vt 0.311324 0.544759
vt 0.302341 0.536339
vt 0.298624 0.521995
vt 0.300661 0.500644
vt 0.319957 0.499649
vt 0.401721 0.574484
vt 0.321709 0.534295
vt 0.352889 0.521113
vt 0.365434 0.56365
vt 0.402674 0.555691
vt 0.357317 0.482343
vt 0.373157 0.474799
vt 0.343508 0.493739
vt 0.341221 0.480612
vt 0.448334 0.482461
vt 0.439951 0.471136
vt 0.457915 0.470988
vt 0.431084 0.479426
vt 0.422948 0.463914
vt 0.428994 0.480125
vt 0.416885 0.466009
vt 0.411793 0.471664
vt 0.417438 0.484747
vt 0.420432 0.492053
vt 0.417515 0.498072
vt 0.424094 0.497165
vt 0.409909 0.500721
vt 0.405829 0.489196
vt 0.399818 0.47524
vt 0.394556 0.494039
vt 0.387865 0.478846
vt 0.44846 0.537405
vt 0.468254 0.507243
vt 0.332266 0.500733
vt 0.339296 0.494084
vt 0.333988 0.494939
vt 0.389657 0.589067
vt 0.462764 0.487362
vt 0.47404 0.546303
vt 0.466477 0.557662
vt 0.458522 0.555391
vt 0.444413 0.551466
vt 0.476108 0.547029
vt 0.474339 0.560615
vt 0.490409 0.551257
vt 0.487771 0.564089
vt 0.503177 0.553988
vt 0.500565 0.566669
vt 0.515945 0.556592
vt 0.513328 0.569267
vt 0.528791 0.559204
vt 0.526102 0.571894
vt 0.538893 0.574508
vt 0.492476 0.537515
vt 0.540385 0.568332
vt 0.552216 0.574967
vt 0.533592 0.559922
vt 0.551671 0.577274
vt 0.56443 0.579938
vt 0.564376 0.580165
vt 0.567035 0.580775
vt 0.575676 0.589067
vt 0.369253 0.486493
vt 0.379749 0.477665
vt 0.379 0.463953
vt 0.36828 0.458348
vt 0.384896 0.452528
vt 0.395529 0.459461
vt 0.392961 0.442644
vt 0.396216 0.459204
vt 0.393544 0.442878
vt 0.393791 0.441355
vt 0.388476 0.426223
vt 0.391443 0.427811
vt 0.408477 0.434288
vt 0.404016 0.432133
vt 0.409714 0.447891
vt 0.420768 0.439747
vt 0.424093 0.44122
vt 0.410496 0.451574
vt 0.425345 0.454934
vt 0.436433 0.446656
vt 0.441971 0.435919
vt 0.439981 0.448236
vt 0.428384 0.429934
vt 0.422245 0.456734
vt 0.411887 0.463956
vt 0.443538 0.436484
vt 0.458756 0.443429
vt 0.451747 0.453646
vt 0.460628 0.458832
vt 0.461311 0.461881
vt 0.463642 0.459788
vt 0.474309 0.448703
vt 0.472662 0.467834
vt 0.441792 0.46154
vt 0.469504 0.470892
vt 0.430306 0.466276
vt 0.381289 0.436346
vt 0.40825 0.449275
vt 0.359475 0.472692
vt 0.358056 0.471308
vt 0.351696 0.455767
vt 0.357601 0.471837
vt 0.379407 0.46417
vt 0.350455 0.456372
vt 0.345047 0.468399
vt 0.374462 0.447972
vt 0.373964 0.443394
vt 0.37197 0.44629
vt 0.371825 0.446519
vt 0.425221 0.546806
vt 0.438462 0.546486
vt 0.4352 0.558493
vt 0.447774 0.559962
vt 0.44867 0.556124
vt 0.459357 0.561633
vt 0.459191 0.562351
vt 0.455008 0.577872
vt 0.466228 0.580931
vt 0.47046 0.565225
vt 0.481307 0.571828
vt 0.471246 0.56533
vt 0.483219 0.564886
vt 0.470526 0.564956
vt 0.442097 0.57403
vt 0.386359 0.479377
vt 0.469539 0.503199
vt 0.473509 0.504463
vt 0.476079 0.544786
vt 0.487775 0.536058
vt 0.432302 0.534153
vt 0.298456 0.515164
vt 0.347757 0.55982
vt 0.45012 0.538145
vt 0.323379 0.539892
vt 0.474824 0.489873
vt 0.482449 0.493047
vt 0.489326 0.49645
vt 0.486975 0.511861
vt 0.504678 0.5027
vt 0.499124 0.48449
vt 0.504965 0.502309
vt 0.504993 0.502834
vt 0.50412 0.504263
vt 0.510169 0.521096
vt 0.508198 0.520865
vt 0.508414 0.522924
vt 0.525043 0.524164
vt 0.510893 0.536897
vt 0.499235 0.534053
vt 0.490272 0.51698
vt 0.4942 0.534167
vt 0.477432 0.529704
vt 0.489693 0.51424
vt 0.336007 0.552634
vt 0.319978 0.551844
vt 0.317613 0.560014
vt 0.311687 0.554219
vt 0.314995 0.572
vt 0.332569 0.563819
vt 0.326637 0.579391
vt 0.299748 0.556855
vt 0.312355 0.982034
vt 0.321189 0.966564
vt 0.327148 0.980233
vt 0.3373 0.970208
vt 0.33464 0.96443
vt 0.329392 0.950648
vt 0.341418 0.946806
vt 0.323445 0.952413
vt 0.325741 0.937694
vt 0.347639 0.961208
vt 0.356923 0.948487
vt 0.350624 0.933869
vt 0.327483 0.98137
vt 0.360982 0.947879
vt 0.323223 0.939884
vt 0.353955 0.964612
vt 0.325363 0.982008
vt 0.366605 0.95988
vt 0.357906 0.976997
vt 0.370334 0.973709
vt 0.37333 0.955506
vt 0.384767 0.964316
vt 0.385725 0.98197
vt 0.386487 0.982034
vt 0.893822 0.171172
vt 0.893822 0.163671
vt 0.876076 0.162983
vt 0.877888 0.150229
vt 0.87529 0.173165
vt 0.517846 0.335484
vt 0.530817 0.337109
vt 0.530888 0.33448
vt 0.517761 0.337487
vt 0.530888 0.350535
vt 0.0232283 0.00724801
vt 0.0160936 0.00720237
vt 0.0198089 0.00114679
vt 0.0127413 0.0202599
vt 0.0258687 0.0202599
vt 0.978764 0.13341
vt 0.960232 0.13341
vt 0.97047 0.121177
vt 0.729344 0.369648
vt 0.725483 0.386701
vt 0.729344 0.387997
vt 0.557915 0.595183
vt 0.541924 0.5999
vt 0.557915 0.608945
vt 0.540927 0.60275
vt 0.415922 0.852526
vt 0.417375 0.85818
vt 0.409075 0.847477
vt 0.39807 0.85818
vt 0.857529 0.794254
vt 0.872201 0.801606
vt 0.872195 0.801493
vt 0.872201 0.784021
vt 0.287078 0.774083
vt 0.287696 0.784008
vt 0.286206 0.784021
vt 0.269112 0.781711
vt 0.304633 0.784008
vt 0.309636 0.0115962
vt 0.328391 0.00649847
vt 0.3213 0.0187309
vt 0.335521 0.0187309
vt 0.311714 0.0159446
vt 0.30695 0.0156096
vt 0.671429 0.965214
vt 0.662334 0.951545
vt 0.663123 0.951453
vt 0.660618 0.965214
vt 0.0733844 0.943043
vt 0.0583012 0.95604
vt 0.0597472 0.943064
vt 0.0748291 0.955994
vt 0.0760618 0.95604
vt 0.279151 0.491007
vt 0.278911 0.499618
vt 0.260618 0.488914
vt 0.260852 0.499618
vt 0.910811 0.241613
vt 0.9 0.253485
vt 0.910811 0.260764
vt 0.902834 0.271024
vt 0.900907 0.233563
vt 0.656757 0.867355
vt 0.652896 0.873329
vt 0.656757 0.873471
vt 0.976698 0.160917
vt 0.981554 0.161728
vt 0.985714 0.145367
vt 0.979429 0.164476
vt 0.9751 0.144878
vt 0.97098 0.150764
vt 0.985714 0.176988
vt 0.965637 0.159394
vt 0.137223 0.473304
vt 0.143254 0.460107
vt 0.1376 0.474502
vt 0.130047 0.460482
vt 0.13289 0.445744
vt 0.154325 0.474054
vt 0.145846 0.447685
vt 0.15609 0.46169
vt 0.168515 0.463454
vt 0.166775 0.47579
vt 0.180946 0.465178
vt 0.179205 0.477516
vt 0.165046 0.488148
vt 0.157886 0.449716
vt 0.193375 0.466905
vt 0.177585 0.490096
vt 0.152603 0.48641
vt 0.191645 0.479212
vt 0.126958 0.45995
vt 0.182699 0.45283
vt 0.127758 0.455709
vt 0.136018 0.433014
vt 0.147924 0.437528
vt 0.146246 0.435021
vt 0.150756 0.423198
vt 0.13838 0.420727
vt 0.125993 0.418477
vt 0.141406 0.40716
vt 0.129275 0.403636
vt 0.113867 0.414009
vt 0.143638 0.397643
vt 0.143916 0.393807
vt 0.109226 0.425636
vt 0.120867 0.434493
vt 0.117298 0.434123
vt 0.120489 0.437538
vt 0.153358 0.40966
vt 0.11699 0.400996
vt 0.104348 0.398959
vt 0.105388 0.385201
vt 0.119286 0.391912
vt 0.176912 0.503584
vt 0.189042 0.497404
vt 0.191192 0.514144
vt 0.195217 0.454436
vt 0.108769 0.384619
vt 0.115355 0.370413
vt 0.102989 0.3726
vt 0.120319 0.379454
vt 0.192051 0.498576
vt 0.205191 0.507111
vt 0.207786 0.490424
vt 0.149118 0.434926
vt 0.144611 0.393918
vt 0.206549 0.489538
vt 0.208144 0.488439
vt 0.222781 0.482027
vt 0.223596 0.482383
vt 0.22098 0.499598
vt 0.222292 0.499182
vt 0.148298 0.432403
vt 0.206644 0.506369
vt 0.137088 0.474512
vt 0.192117 0.49643
vt 0.163555 0.504243
vt 0.207627 0.47092
vt 0.124578 0.47229
vt 0.114405 0.457747
vt 0.109355 0.47303
vt 0.117642 0.486052
vt 0.0995443 0.483874
vt 0.100309 0.489083
vt 0.107903 0.470237
vt 0.100266 0.45842
vt 0.0939779 0.475188
vt 0.0882977 0.462962
vt 0.0811185 0.479156
vt 0.095475 0.446751
vt 0.0942858 0.44668
vt 0.095025 0.438186
vt 0.0769791 0.445922
vt 0.0768486 0.445608
vt 0.0919675 0.433315
vt 0.134833 0.486823
vt 0.117605 0.487221
vt 0.126634 0.501859
vt 0.108817 0.502294
vt 0.11734 0.487364
vt 0.0876772 0.463127
vt 0.080663 0.478556
vt 0.0805437 0.479077
vt 0.0790901 0.478698
vt 0.0652777 0.491366
vt 0.064755 0.48256
vt 0.0487834 0.481274
vt 0.0519042 0.493658
vt 0.0399097 0.498512
vt 0.0503223 0.506942
vt 0.0333699 0.4875
vt 0.0351176 0.50064
vt 0.0340303 0.514144
vt 0.0206889 0.504605
vt 0.0508399 0.479791
vt 0.0658329 0.500517
vt 0.0483388 0.479594
vt 0.0791107 0.491545
vt 0.0958469 0.493685
vt 0.0946682 0.494923
vt 0.0959566 0.494897
vt 0.0994389 0.511701
vt 0.0328731 0.487769
vt 0.066505 0.468577
vt 0.0870958 0.462091
vt 0.197348 0.441779
vt 0.210333 0.445218
vt 0.202675 0.429413
vt 0.184658 0.437406
vt 0.121819 0.445852
vt 0.0320628 0.485837
vt 0.0364421 0.470346
vt 0.113994 0.445137
vt 0.0205722 0.488015
vt 0.0199679 0.50499
vt 0.00587183 0.496099
vt 0.0042471 0.49812
vt 0.150813 0.502972
vt 0.158185 0.448446
vt 0.163487 0.435514
vt 0.15395 0.424052
vt 0.146978 0.394684
vt 0.161159 0.403208
vt 0.166292 0.415814
vt 0.171728 0.396366
vt 0.178621 0.406426
vt 0.173294 0.425658
vt 0.173363 0.425719
vt 0.156467 0.390796
vt 0.155787 0.391298
vt 0.186401 0.415792
vt 0.192794 0.426322
vt 0.182577 0.434176
vt 0.173366 0.425756
vt 0.179331 0.436697
vt 0.162651 0.431584
vt 0.173319 0.425749
vt 0.0801084 0.505882
vt 0.165475 0.415697
vt 0.16519 0.417444
vt 0.0766709 0.445939
vt 0.208957 0.456906
vt 0.222148 0.446634
vt 0.221906 0.458249
vt 0.233608 0.458489
vt 0.233694 0.457414
vt 0.222921 0.446594
vt 0.237802 0.442984
vt 0.233311 0.47438
vt 0.245023 0.474275
vt 0.245308 0.458869
vt 0.256727 0.474431
vt 0.257008 0.459338
vt 0.257033 0.457962
vt 0.269477 0.46984
vt 0.269576 0.464334
vt 0.271008 0.450536
vt 0.282624 0.452263
vt 0.281657 0.467077
vt 0.284378 0.440774
vt 0.297169 0.442588
vt 0.299285 0.449769
vt 0.303945 0.443858
vt 0.296359 0.457968
vt 0.282824 0.470608
vt 0.272735 0.439045
vt 0.27124 0.438823
vt 0.273822 0.468429
vt 0.270548 0.450507
vt 0.256106 0.445808
vt 0.223091 0.475466
vt 0.260135 0.436035
vt 0.074426 0.455389
vt 0.169396 0.45113
vt 0.179306 0.437124
vt 0.137058 0.488101
vt 0.280366 0.482686
vt 0.292229 0.478792
vt 0.246542 0.444103
vt 0.246531 0.458375
vt 0.298151 0.45875
vt 0.295981 0.478956
vt 0.314867 0.470786
vt 0.313441 0.490404
vt 0.314934 0.447035
vt 0.314976 0.470723
vt 0.335521 0.45862
vt 0.0500658 0.45928
vt 0.16883 0.451031
vt 0.169507 0.437339
vt 0.983935 0.760765
vt 0.995753 0.773371
vt 0.995753 0.754205
vt 0.977992 0.777141
vt 0.983319 0.760914
vt 0.61583 0.267202
vt 0.61583 0.250382
vt 0.599614 0.259064
vt 0.55251 0.920872
vt 0.551737 0.920872
vt 0.552056 0.919343
vt 0.546332 0.997324
vt 0.528571 0.997324
vt 0.537386 0.982034
vt 0.947876 0.936162
vt 0.958873 0.920107
vt 0.961776 0.936162
vt 0.0266409 0.835498
vt 0.0138024 0.848275
vt 0.025987 0.835245
vt 0.0265957 0.84837
vt 0.026545 0.861239
vt 0.0137468 0.861141
vt 0.0003861 0.861239
vt 0.333977 0.703746
vt 0.333977 0.686162
vt 0.329344 0.70002
vt 0.888709 0.559891
vt 0.888514 0.572248
vt 0.87398 0.571299
vt 0.872973 0.56824
vt 0.876545 0.558619
vt 0.901171 0.572248
vt 0.900878 0.557622
vt 0.904026 0.561319
vt 0.911793 0.570086
vt 0.916394 0.570139
vt 0.888139 0.546982
vt 0.904251 0.557421
vt 0.916786 0.557807
vt 0.9172 0.545224
vt 0.929344 0.55813
vt 0.888179 0.544765
vt 0.902585 0.543196
vt 0.902695 0.54323
vt 0.276834 0.839832
vt 0.278766 0.835245
vt 0.290734 0.839832
vt 0.501544 0.74959
vt 0.501018 0.750382
vt 0.499434 0.748853
vt 0.484556 0.750382
vt 0.283605 0.626529
vt 0.284808 0.626502
vt 0.283779 0.613919
vt 0.301544 0.625901
vt 0.301544 0.613284
vt 0.283012 0.61394
vt 0.283755 0.6013
vt 0.603353 0.974303
vt 0.593436 0.983785
vt 0.606564 0.98815
vt 0.606564 0.97133
vt 0.540927 0.53555
vt 0.555598 0.527628
vt 0.541395 0.518917
vt 0.541753 0.516973
vt 0.555598 0.509557
vt 0.0891892 0.41045
vt 0.0776062 0.41855
vt 0.0891892 0.424694
vt 0.0785576 0.400229
vt 0.0413194 0.0182571
vt 0.0415785 0.0176688
vt 0.0460866 0.0296998
vt 0.0429448 0.0306021
vt 0.0281745 0.0345478
vt 0.0395668 0.0444643
vt 0.0566987 0.0400602
vt 0.0267252 0.0340968
vt 0.0255756 0.0358339
vt 0.0218882 0.0485474
vt 0.0133497 0.032103
vt 0.0094065 0.0456329
vt 0.00733591 0.0287139
vt 0.0605656 0.0258417
vt 0.0579555 0.0134314
vt 0.0635576 0.0250542
vt 0.0599963 0.0129088
vt 0.074859 0.00904689
vt 0.078123 0.0212657
vt 0.055268 0.00104636
vt 0.0425105 0.000382263
vt 0.0803199 0.0206951
vt 0.0814848 0.00689488
vt 0.0937373 0.0201226
vt 0.096576 0.0306854
vt 0.104633 0.0227562
vt 0.0740814 0.0355677
vt 0.086941 0.0361825
vt 0.069478 0.0426728
vt 0.064364 0.0442902
vt 0.0683144 0.0478365
vt 0.0872659 0.0485474
vt 0.0758457 0.037207
vt 0.0869943 0.0364596
vt 0.213419 0.779463
vt 0.218919 0.793196
vt 0.200916 0.792069
vt 0.211163 0.778617
vt 0.194751 0.776376
vt 0.183131 0.78994
vt 0.201096 0.792506
vt 0.200805 0.792384
vt 0.182625 0.793196
vt 0.473835 0.670592
vt 0.460618 0.66987
vt 0.473918 0.670576
vt 0.461154 0.674509
vt 0.461659 0.684287
vt 0.44804 0.671961
vt 0.44834 0.686162
vt 0.434614 0.684321
vt 0.439342 0.671596
vt 0.434965 0.674966
vt 0.471899 0.65306
vt 0.486741 0.669003
vt 0.45901 0.654072
vt 0.446168 0.655486
vt 0.457552 0.64123
vt 0.456534 0.672208
vt 0.444692 0.642594
vt 0.484839 0.6523
vt 0.499529 0.664182
vt 0.498088 0.652741
vt 0.498895 0.639828
vt 0.486746 0.669163
vt 0.49967 0.668826
vt 0.50836 0.656441
vt 0.487155 0.682108
vt 0.474214 0.682404
vt 0.503709 0.686162
vt 0.516171 0.682679
vt 0.512313 0.666162
vt 0.433317 0.656872
vt 0.431831 0.644112
vt 0.420482 0.658356
vt 0.418975 0.645612
vt 0.430291 0.631362
vt 0.41746 0.632868
vt 0.42878 0.618593
vt 0.441611 0.617095
vt 0.421968 0.671112
vt 0.408785 0.659727
vt 0.407301 0.657072
vt 0.415905 0.620128
vt 0.40613 0.647117
vt 0.443105 0.629832
vt 0.436288 0.671893
vt 0.470754 0.639688
vt 0.40343 0.647432
vt 0.392315 0.640217
vt 0.391891 0.635705
vt 0.38996 0.636163
vt 0.377977 0.62601
vt 0.37782 0.624092
vt 0.390688 0.622913
vt 0.37663 0.609527
vt 0.384218 0.605158
vt 0.376275 0.601542
vt 0.364946 0.625149
vt 0.40355 0.621713
vt 0.365139 0.627487
vt 0.404685 0.634394
vt 0.454435 0.615641
vt 0.456004 0.628364
vt 0.467258 0.614083
vt 0.465767 0.599239
vt 0.480379 0.601474
vt 0.480207 0.614386
vt 0.481908 0.588714
vt 0.494895 0.590406
vt 0.495895 0.576835
vt 0.493285 0.602453
vt 0.50899 0.578774
vt 0.352689 0.633177
vt 0.352114 0.626186
vt 0.347569 0.639384
vt 0.340024 0.639829
vt 0.345515 0.652339
vt 0.340793 0.652593
vt 0.34204 0.661306
vt 0.332115 0.666841
vt 0.327931 0.653351
vt 0.343098 0.666353
vt 0.329955 0.668087
vt 0.325374 0.639183
vt 0.312101 0.640001
vt 0.315272 0.656841
vt 0.31079 0.658322
vt 0.315507 0.658113
vt 0.302818 0.661019
vt 0.302598 0.659279
vt 0.290734 0.668475
vt 0.304875 0.67358
vt 0.32519 0.626158
vt 0.339797 0.626338
vt 0.32949 0.66687
vt 0.318125 0.670558
vt 0.48476 0.638608
vt 0.468366 0.62676
vt 0.511672 0.655366
vt 0.492751 0.61492
vt 0.505841 0.603005
vt 0.505295 0.615466
vt 0.522893 0.604008
vt 0.517483 0.618838
vt 0.514716 0.633406
vt 0.529168 0.628165
vt 0.51405 0.635102
vt 0.50241 0.630401
vt 0.316704 0.656851
vt 0.506888 0.591213
vt 0.521418 0.580563
vt 0.512457 0.592197
vt 0.519709 0.590701
vt 0.533977 0.593177
vt 0.524523 0.594836
vt 0.518809 0.594527
vt 0.511279 0.642485
vt 0.481124 0.62567
vt 0.518512 0.596215
vt 0.495366 0.626733
vt 0.523685 0.653237
vt 0.526728 0.663559
vt 0.505382 0.628553
vt 0.500637 0.629117
vt 0.325644 0.668284
vt 0.325505 0.671863
vt 0.318292 0.673298
vt 0.324764 0.681426
vt 0.0975981 0.943426
vt 0.105405 0.959098
vt 0.105405 0.93922
vt 0.0868726 0.951193
vt 0.0895481 0.946503
vt 0.097421 0.943038
vt 0.639111 0.84289
vt 0.657507 0.842969
vt 0.648242 0.852004
vt 0.666795 0.852064
vt 0.648301 0.852064
vt 0.638996 0.843002
vt 0.55251 0.550076
vt 0.53861 0.550076
vt 0.54065 0.544725
vt 0.986486 0.794751
vt 0.999614 0.807722
vt 0.999614 0.794725
vt 0.243442 0.71611
vt 0.228185 0.719344
vt 0.237994 0.710784
vt 0.236031 0.726832
vt 0.238884 0.72974
vt 0.247841 0.720592
vt 0.25681 0.72974
vt 0.248092 0.720333
vt 0.258045 0.72846
vt 0.259846 0.707569
vt 0.799614 0.0156728
vt 0.816065 0.00583836
vt 0.818919 0.0156728
vt 0.809152 0.00344037
vt 0.0672465 0.253291
vt 0.0827648 0.247836
vt 0.0786175 0.264944
vt 0.0688696 0.250286
vt 0.0728662 0.238198
vt 0.0561035 0.244859
vt 0.0627916 0.26858
vt 0.056087 0.267546
vt 0.061111 0.250237
vt 0.0844775 0.248503
vt 0.0794445 0.264989
vt 0.092798 0.265537
vt 0.0958664 0.255584
vt 0.100367 0.244875
vt 0.103039 0.263137
vt 0.103627 0.244428
vt 0.0849632 0.247456
vt 0.0895818 0.233273
vt 0.11328 0.249848
vt 0.108962 0.262906
vt 0.124638 0.260751
vt 0.125922 0.242115
vt 0.131167 0.244327
vt 0.124929 0.260837
vt 0.138071 0.262821
vt 0.142439 0.251186
vt 0.15124 0.261063
vt 0.155379 0.260201
vt 0.160237 0.248521
vt 0.168263 0.257762
vt 0.175673 0.254995
vt 0.178522 0.247918
vt 0.168237 0.238286
vt 0.186187 0.23664
vt 0.196046 0.247744
vt 0.166471 0.274307
vt 0.183226 0.253357
vt 0.149495 0.239744
vt 0.133225 0.239447
vt 0.118256 0.236195
vt 0.134912 0.229415
vt 0.116367 0.244344
vt 0.171507 0.260882
vt 0.180803 0.271976
vt 0.0503143 0.261505
vt 0.0478879 0.269468
vt 0.0388546 0.25299
vt 0.0384558 0.253092
vt 0.0337638 0.26964
vt 0.0229537 0.254941
vt 0.02147 0.259803
vt 0.0300373 0.269505
vt 0.0173088 0.272011
vt 0.00964715 0.254494
vt 0.00471626 0.269354
vt 0.0019305 0.281728
vt 0.0104215 0.252164
vt 0.0150768 0.237764
vt 0.0268411 0.242625
vt 0.0385728 0.252706
vt 0.044109 0.237355
vt 0.189824 0.257896
vt 0.18422 0.271619
vt 0.199955 0.269917
vt 0.201675 0.269525
vt 0.207895 0.255848
vt 0.218101 0.26839
vt 0.218726 0.266876
vt 0.219783 0.268197
vt 0.231299 0.26981
vt 0.234671 0.252702
vt 0.247329 0.2594
vt 0.243963 0.272499
vt 0.25649 0.259607
vt 0.251895 0.251753
vt 0.26406 0.260423
vt 0.270212 0.249007
vt 0.276424 0.260773
vt 0.28838 0.246665
vt 0.288496 0.246749
vt 0.281009 0.261323
vt 0.29319 0.26596
vt 0.298687 0.255642
vt 0.301955 0.249853
vt 0.288515 0.246715
vt 0.288754 0.278007
vt 0.278742 0.264918
vt 0.281801 0.27691
vt 0.313214 0.249398
vt 0.312089 0.236637
vt 0.31936 0.249165
vt 0.317157 0.258424
vt 0.329332 0.264457
vt 0.319912 0.263048
vt 0.32717 0.277135
vt 0.325965 0.276955
vt 0.341869 0.278804
vt 0.345982 0.265582
vt 0.342889 0.252056
vt 0.346354 0.26912
vt 0.349384 0.279363
vt 0.364528 0.267079
vt 0.303766 0.237242
vt 0.36458 0.270619
vt 0.35831 0.280942
vt 0.369252 0.281728
vt 0.382729 0.279363
vt 0.375613 0.263368
vt 0.384828 0.278753
vt 0.30465 0.26685
vt 0.333182 0.25113
vt 0.310845 0.27668
vt 0.317785 0.236226
vt 0.319429 0.220148
vt 0.312609 0.218518
vt 0.319514 0.218738
vt 0.321 0.201379
vt 0.316505 0.200706
vt 0.306047 0.214245
vt 0.306477 0.204421
vt 0.29296 0.20944
vt 0.29322 0.206063
vt 0.294236 0.191394
vt 0.281434 0.189031
vt 0.280173 0.206831
vt 0.279593 0.206866
vt 0.278755 0.188686
vt 0.266105 0.199684
vt 0.26741 0.192154
vt 0.268075 0.183573
vt 0.253472 0.197287
vt 0.254085 0.192835
vt 0.255636 0.180111
vt 0.241051 0.191624
vt 0.243422 0.177256
vt 0.228802 0.189406
vt 0.238378 0.17519
vt 0.228738 0.17876
vt 0.230356 0.168826
vt 0.218234 0.16485
vt 0.215912 0.178921
vt 0.216443 0.191378
vt 0.205745 0.163847
vt 0.203756 0.17596
vt 0.258156 0.16752
vt 0.25609 0.167056
vt 0.259898 0.159767
vt 0.272879 0.158736
vt 0.242693 0.16309
vt 0.259924 0.154294
vt 0.240454 0.195378
vt 0.228122 0.193698
vt 0.22605 0.207404
vt 0.238322 0.209515
vt 0.250716 0.210921
vt 0.23673 0.221995
vt 0.249066 0.223617
vt 0.236437 0.224224
vt 0.24897 0.224357
vt 0.254068 0.224288
vt 0.261447 0.228594
vt 0.262479 0.2226
vt 0.267922 0.226647
vt 0.271556 0.244621
vt 0.259291 0.242455
vt 0.274894 0.228687
vt 0.275065 0.22778
vt 0.287587 0.229185
vt 0.286919 0.231933
vt 0.225386 0.232938
vt 0.237957 0.237938
vt 0.247863 0.239399
vt 0.224144 0.219892
vt 0.244289 0.174458
vt 0.270372 0.169959
vt 0.28256 0.172019
vt 0.284632 0.159898
vt 0.296823 0.161959
vt 0.297084 0.160366
vt 0.30909 0.163576
vt 0.308942 0.164404
vt 0.321259 0.165744
vt 0.321011 0.167135
vt 0.333435 0.167878
vt 0.306227 0.176418
vt 0.318306 0.179168
vt 0.315811 0.19305
vt 0.312015 0.147057
vt 0.303522 0.191471
vt 0.328064 0.194793
vt 0.33041 0.181738
vt 0.34024 0.196924
vt 0.342571 0.183948
vt 0.352325 0.199627
vt 0.354856 0.185548
vt 0.356617 0.173207
vt 0.355782 0.173053
vt 0.343527 0.176489
vt 0.368859 0.175042
vt 0.367662 0.188648
vt 0.381399 0.177565
vt 0.366599 0.197634
vt 0.332602 0.169883
vt 0.381837 0.189201
vt 0.394237 0.182945
vt 0.395753 0.181783
vt 0.324311 0.148971
vt 0.336484 0.151269
vt 0.299797 0.145588
vt 0.294354 0.173827
vt 0.284854 0.158559
vt 0.287489 0.143447
vt 0.273367 0.158084
vt 0.244414 0.194018
vt 0.264087 0.212784
vt 0.307302 0.194993
vt 0.321203 0.199786
vt 0.279418 0.208972
vt 0.303917 0.223606
vt 0.260187 0.273332
vt 0.334137 0.2
vt 0.333774 0.203878
vt 0.346964 0.200887
vt 0.346589 0.265626
vt 0.349792 0.252785
vt 0.346514 0.207045
vt 0.345644 0.21697
vt 0.354756 0.21362
vt 0.359305 0.228985
vt 0.364064 0.208824
vt 0.360307 0.217537
vt 0.369654 0.22465
vt 0.346306 0.230295
vt 0.33253 0.218299
vt 0.223793 0.251902
vt 0.0534709 0.25162
vt 0.332231 0.224307
vt 0.286117 0.242929
vt 0.364438 0.253995
vt 0.368419 0.206983
vt 0.376912 0.209285
vt 0.377151 0.207896
vt 0.374215 0.2245
vt 0.391344 0.21806
vt 0.388701 0.219884
vt 0.291757 0.189938
vt 0.279975 0.188337
vt 0.272298 0.27525
vt 0.165635 0.235818
vt 0.150229 0.238839
vt 0.156923 0.224756
vt 0.146479 0.237325
vt 0.332036 0.235667
vt 0.314945 0.2635
vt 0.374844 0.193244
vt 0.102049 0.242534
vt 0.33926 0.17013
vt 0.299789 0.280888
vt 0.27266 0.157614
vt 0.274833 0.141055
vt 0.344381 0.235068
vt 0.304585 0.233331
vt 0.378764 0.233563
vt 0.374196 0.235421
vt 0.378764 0.247324
vt 0.361776 0.240069
vt 0.638224 0.391863
vt 0.625152 0.39182
vt 0.638125 0.404424
vt 0.630361 0.404403
vt 0.625084 0.413975
vt 0.625204 0.417049
vt 0.638224 0.41699
vt 0.622008 0.402834
vt 0.638224 0.376529
vt 0.638079 0.376504
vt 0.626619 0.368119
vt 0.623552 0.376529
vt 0.29305 0.410857
vt 0.283012 0.409404
vt 0.286447 0.423302
vt 0.29305 0.42393
vt 0.0583012 0.8987
vt 0.0451737 0.905343
vt 0.0453783 0.905488
vt 0.0583012 0.916284
vt 0.459365 0.347477
vt 0.468854 0.358945
vt 0.451351 0.358945
vt 0.479923 0.351848
vt 0.96332 0.344084
vt 0.976448 0.331422
vt 0.963341 0.334675
vt 0.976448 0.347477
vt 0.36417 0.991171
vt 0.382456 0.997543
vt 0.36332 0.998089
vt 0.371966 0.986621
vt 0.382625 0.998089
vt 0.449441 0.233563
vt 0.459074 0.242737
vt 0.440541 0.242737
vt 0.467568 0.237444
vt 0.684556 0.771007
vt 0.699228 0.781728
vt 0.699228 0.767966
vt 0.758687 0.227012
vt 0.772587 0.240443
vt 0.772587 0.222859
vt 0.515577 0.854216
vt 0.527027 0.860474
vt 0.514672 0.851671
vt 0.527027 0.842125
vt 0.44749 0.602064
vt 0.433855 0.588736
vt 0.433591 0.596337
vt 0.44749 0.585245
vt 0.340943 0.393544
vt 0.340927 0.39406
vt 0.354054 0.397171
vt 0.354054 0.393538
vt 0.354054 0.380352
usemtl cyber_PBR
f 5228/5228/5228 5227/5227/5227 5229/5229/5229
f 2272/2272/2272 2273/2273/2273 2274/2274/2274
f 5182/5182/5182 5177/5177/5177 5180/5180/5180
f 5180/5180/5180 5177/5177/5177 5178/5178/5178
f 2273/2273/2273 2272/2272/2272 2270/2270/2270
f 2272/2272/2272 2271/2271/2271 2270/2270/2270
f 2272/2272/2272 2312/2312/2312 2271/2271/2271
f 2271/2271/2271 2269/2269/2269 2270/2270/2270
f 5180/5180/5180 5178/5178/5178 5181/5181/5181
f 5181/5181/5181 5178/5178/5178 5185/5185/5185
f 2312/2312/2312 2305/2305/2305 2271/2271/2271
f 2312/2312/2312 2331/2331/2331 2305/2305/2305
f 2269/2269/2269 2271/2271/2271 2304/2304/2304
f 2304/2304/2304 2271/2271/2271 2305/2305/2305
f 5181/5181/5181 5185/5185/5185 5188/5188/5188
f 5188/5188/5188 5185/5185/5185 5189/5189/5189
f 2331/2331/2331 2330/2330/2330 2305/2305/2305
f 6687/6687/6687 6686/6686/6686 6684/6684/6684
f 2304/2304/2304 2305/2305/2305 2329/2329/2329
f 2329/2329/2329 2305/2305/2305 2330/2330/2330
f 5189/5189/5189 5190/5190/5190 5188/5188/5188
f 6686/6686/6686 6685/6685/6685 6684/6684/6684
f 6684/6684/6684 6685/6685/6685 6682/6682/6682
f 6684/6684/6684 6682/6682/6682 6683/6683/6683
f 5164/5164/5164 5166/5166/5166 5167/5167/5167
f 2295/2295/2295 2296/2296/2296 2297/2297/2297
f 5167/5167/5167 5166/5166/5166 5168/5168/5168
f 5168/5168/5168 5166/5166/5166 5169/5169/5169
f 2296/2296/2296 2295/2295/2295 2294/2294/2294
f 2295/2295/2295 2289/2289/2289 2294/2294/2294
f 2295/2295/2295 2324/2324/2324 2289/2289/2289
f 2289/2289/2289 2293/2293/2293 2294/2294/2294
f 5168/5168/5168 5169/5169/5169 5170/5170/5170
f 5170/5170/5170 5169/5169/5169 5171/5171/5171
f 2324/2324/2324 2282/2282/2282 2289/2289/2289
f 5168/5168/5168 5170/5170/5170 5174/5174/5174
f 2293/2293/2293 2289/2289/2289 2283/2283/2283
f 2289/2289/2289 2280/2280/2280 2283/2283/2283
f 2289/2289/2289 2282/2282/2282 2280/2280/2280
f 2280/2280/2280 2281/2281/2281 2283/2283/2283
f 5170/5170/5170 5171/5171/5171 5172/5172/5172
f 5172/5172/5172 5171/5171/5171 5173/5173/5173
f 5226/5226/5226 5227/5227/5227 5228/5228/5228
f 5230/5230/5230 5226/5226/5226 5228/5228/5228
f 5170/5170/5170 5172/5172/5172 5174/5174/5174
f 2282/2282/2282 2274/2274/2274 2273/2273/2273
f 2278/2278/2278 2282/2282/2282 2273/2273/2273
f 2280/2280/2280 2282/2282/2282 2278/2278/2278
f 2281/2281/2281 2280/2280/2280 2279/2279/2279
f 2279/2279/2279 2280/2280/2280 2278/2278/2278
f 5172/5172/5172 5173/5173/5173 5176/5176/5176
f 5176/5176/5176 5173/5173/5173 5183/5183/5183
f 5176/5176/5176 5178/5178/5178 5177/5177/5177
f 5176/5176/5176 5177/5177/5177 5172/5172/5172
f 2270/2270/2270 2278/2278/2278 2273/2273/2273
f 2267/2267/2267 2268/2268/2268 2269/2269/2269
f 2269/2269/2269 2268/2268/2268 2270/2270/2270
f 2268/2268/2268 2279/2279/2279 2270/2270/2270
f 2279/2279/2279 2278/2278/2278 2270/2270/2270
f 2266/2266/2266 2265/2265/2265 2267/2267/2267
f 2267/2267/2267 2265/2265/2265 2268/2268/2268
f 2266/2266/2266 2264/2264/2264 2265/2265/2265
f 5176/5176/5176 5183/5183/5183 5179/5179/5179
f 5179/5179/5179 5183/5183/5183 5196/5196/5196
f 5179/5179/5179 5185/5185/5185 5178/5178/5178
f 5179/5179/5179 5178/5178/5178 5176/5176/5176
f 2304/2304/2304 2309/2309/2309 2267/2267/2267
f 2304/2304/2304 2267/2267/2267 2269/2269/2269
f 2267/2267/2267 2276/2276/2276 2266/2266/2266
f 2267/2267/2267 2309/2309/2309 2276/2276/2276
f 2264/2264/2264 2266/2266/2266 2277/2277/2277
f 2277/2277/2277 2266/2266/2266 2276/2276/2276
f 5179/5179/5179 5196/5196/5196 5199/5199/5199
f 5199/5199/5199 5196/5196/5196 5200/5200/5200
f 5199/5199/5199 5189/5189/5189 5185/5185/5185
f 5199/5199/5199 5185/5185/5185 5179/5179/5179
f 2329/2329/2329 2328/2328/2328 2309/2309/2309
f 2329/2329/2329 2309/2309/2309 2304/2304/2304
f 2309/2309/2309 2327/2327/2327 2276/2276/2276
f 2309/2309/2309 2328/2328/2328 2327/2327/2327
f 2277/2277/2277 2276/2276/2276 2326/2326/2326
f 2326/2326/2326 2276/2276/2276 2327/2327/2327
f 5200/5200/5200 5209/5209/5209 5199/5199/5199
f 5209/5209/5209 5211/5211/5211 5210/5210/5210
f 5209/5209/5209 5210/5210/5210 5190/5190/5190
f 5199/5199/5199 5209/5209/5209 5190/5190/5190
f 5189/5189/5189 5199/5199/5199 5190/5190/5190
f 6681/6681/6681 6682/6682/6682 6685/6685/6685
f 6681/6681/6681 6685/6685/6685 6688/6688/6688
f 6680/6680/6680 6683/6683/6683 6682/6682/6682
f 6681/6681/6681 6680/6680/6680 6682/6682/6682
f 6679/6679/6679 6680/6680/6680 6681/6681/6681
f 6676/6676/6676 6677/6677/6677 6678/6678/6678
f 6677/6677/6677 6679/6679/6679 6678/6678/6678
f 6677/6677/6677 6680/6680/6680 6679/6679/6679
f 6677/6677/6677 6676/6676/6676 6639/6639/6639
f 5211/5211/5211 5212/5212/5212 5210/5210/5210
f 6688/6688/6688 6689/6689/6689 6681/6681/6681
f 6681/6681/6681 6689/6689/6689 6690/6690/6690
f 6681/6681/6681 6690/6690/6690 6679/6679/6679
f 6679/6679/6679 6690/6690/6690 6691/6691/6691
f 6679/6679/6679 6691/6691/6691 6678/6678/6678
f 5161/5161/5161 5165/5165/5165 5159/5159/5159
f 5162/5162/5162 5160/5160/5160 5159/5159/5159
f 5159/5159/5159 5160/5160/5160 5161/5161/5161
f 2300/2300/2300 2299/2299/2299 2301/2301/2301
f 5159/5159/5159 5165/5165/5165 5163/5163/5163
f 5163/5163/5163 5165/5165/5165 5215/5215/5215
f 5163/5163/5163 5166/5166/5166 5164/5164/5164
f 5162/5162/5162 5163/5163/5163 5164/5164/5164
f 5159/5159/5159 5163/5163/5163 5162/5162/5162
f 2302/2302/2302 2298/2298/2298 2296/2296/2296
f 2296/2296/2296 2298/2298/2298 2297/2297/2297
f 2298/2298/2298 2299/2299/2299 2297/2297/2297
f 2299/2299/2299 2300/2300/2300 2297/2297/2297
f 2302/2302/2302 2303/2303/2303 2298/2298/2298
f 5163/5163/5163 5215/5215/5215 5186/5186/5186
f 5186/5186/5186 5215/5215/5215 5187/5187/5187
f 5186/5186/5186 5169/5169/5169 5166/5166/5166
f 5186/5186/5186 5166/5166/5166 5163/5163/5163
f 2294/2294/2294 2302/2302/2302 2296/2296/2296
f 2291/2291/2291 2292/2292/2292 2293/2293/2293
f 2293/2293/2293 2292/2292/2292 2294/2294/2294
f 2292/2292/2292 2303/2303/2303 2294/2294/2294
f 2303/2303/2303 2302/2302/2302 2294/2294/2294
f 2291/2291/2291 2290/2290/2290 2292/2292/2292
f 5186/5186/5186 5187/5187/5187 5175/5175/5175
f 5175/5175/5175 5187/5187/5187 5191/5191/5191
f 5175/5175/5175 5171/5171/5171 5169/5169/5169
f 5175/5175/5175 5169/5169/5169 5186/5186/5186
f 2283/2283/2283 2291/2291/2291 2293/2293/2293
f 2275/2275/2275 2284/2284/2284 2281/2281/2281
f 2281/2281/2281 2284/2284/2284 2283/2283/2283
f 2284/2284/2284 2290/2290/2290 2283/2283/2283
f 2290/2290/2290 2291/2291/2291 2283/2283/2283
f 2275/2275/2275 2285/2285/2285 2284/2284/2284
f 5175/5175/5175 5191/5191/5191 5184/5184/5184
f 5184/5184/5184 5191/5191/5191 5192/5192/5192
f 5184/5184/5184 5173/5173/5173 5171/5171/5171
f 5184/5184/5184 5171/5171/5171 5175/5175/5175
f 2279/2279/2279 2311/2311/2311 2275/2275/2275
f 2279/2279/2279 2275/2275/2275 2281/2281/2281
f 2285/2285/2285 2275/2275/2275 2260/2260/2260
f 2275/2275/2275 2261/2261/2261 2260/2260/2260
f 2275/2275/2275 2311/2311/2311 2261/2261/2261
f 2261/2261/2261 2259/2259/2259 2260/2260/2260
f 5192/5192/5192 5198/5198/5198 5184/5184/5184
f 5173/5173/5173 5184/5184/5184 5198/5198/5198
f 5213/5213/5213 5173/5173/5173 5198/5198/5198
f 5183/5183/5183 5173/5173/5173 5213/5213/5213
f 2268/2268/2268 2311/2311/2311 2279/2279/2279
f 2311/2311/2311 2268/2268/2268 2265/2265/2265
f 2311/2311/2311 2265/2265/2265 2261/2261/2261
f 2248/2248/2248 2246/2246/2246 2264/2264/2264
f 2264/2264/2264 2246/2246/2246 2265/2265/2265
f 2246/2246/2246 2259/2259/2259 2265/2265/2265
f 2259/2259/2259 2261/2261/2261 2265/2265/2265
f 2248/2248/2248 2247/2247/2247 2246/2246/2246
f 5213/5213/5213 5196/5196/5196 5183/5183/5183
f 5201/5201/5201 5196/5196/5196 5213/5213/5213
f 2277/2277/2277 2308/2308/2308 2248/2248/2248
f 2277/2277/2277 2248/2248/2248 2264/2264/2264
f 2247/2247/2247 2248/2248/2248 2307/2307/2307
f 2307/2307/2307 2248/2248/2248 2308/2308/2308
f 5201/5201/5201 5200/5200/5200 5196/5196/5196
f 5202/5202/5202 5200/5200/5200 5201/5201/5201
f 2326/2326/2326 2323/2323/2323 2308/2308/2308
f 2326/2326/2326 2308/2308/2308 2277/2277/2277
f 2307/2307/2307 2308/2308/2308 2322/2322/2322
f 2322/2322/2322 2308/2308/2308 2323/2323/2323
f 4570/4570/4570 4567/4567/4567 4571/4571/4571
f 4571/4571/4571 4567/4567/4567 4572/4572/4572
f 4610/4610/4610 4572/4572/4572 4567/4567/4567
f 4610/4610/4610 4567/4567/4567 4566/4566/4566
f 6678/6678/6678 6867/6867/6867 6676/6676/6676
f 6867/6867/6867 6640/6640/6640 6676/6676/6676
f 6676/6676/6676 6640/6640/6640 6639/6639/6639
f 6640/6640/6640 6632/6632/6632 6639/6639/6639
f 6632/6632/6632 6638/6638/6638 6639/6639/6639
f 6638/6638/6638 6632/6632/6632 6634/6634/6634
f 4566/4566/4566 4609/4609/4609 4610/4610/4610
f 4610/4610/4610 4609/4609/4609 4611/4611/4611
f 1680/1680/1680 1664/1664/1664 1672/1672/1672
f 1686/1686/1686 1664/1664/1664 1680/1680/1680
f 6690/6690/6690 6692/6692/6692 6691/6691/6691
f 1664/1664/1664 1663/1663/1663 1672/1672/1672
f 6678/6678/6678 6691/6691/6691 6867/6867/6867
f 6945/6945/6945 6946/6946/6946 6947/6947/6947
f 6945/6945/6945 6948/6948/6948 6946/6946/6946
f 6867/6867/6867 6637/6637/6637 6640/6640/6640
f 5219/5219/5219 5218/5218/5218 5216/5216/5216
f 1036/1036/1036 1005/1005/1005 1037/1037/1037
f 1037/1037/1037 1005/1005/1005 1012/1012/1012
f 1036/1036/1036 1001/1001/1001 1005/1005/1005
f 1/1/1 2/2/2 3/3/3
f 1/1/1 3/3/3 4/4/4
f 5218/5218/5218 5217/5217/5217 5216/5216/5216
f 5217/5217/5217 5165/5165/5165 5216/5216/5216
f 5165/5165/5165 5161/5161/5161 5216/5216/5216
f 5216/5216/5216 5161/5161/5161 5160/5160/5160
f 1037/1037/1037 1027/1027/1027 1036/1036/1036
f 1029/1029/1029 1006/1006/1006 1028/1028/1028
f 1028/1028/1028 1006/1006/1006 1027/1027/1027
f 1006/1006/1006 1001/1001/1001 1027/1027/1027
f 1001/1001/1001 1036/1036/1036 1027/1027/1027
f 1029/1029/1029 1007/1007/1007 1006/1006/1006
f 2/2/2 5/5/5 3/3/3
f 5232/5232/5232 5235/5235/5235 5233/5233/5233
f 5231/5231/5231 5232/5232/5232 5233/5233/5233
f 5234/5234/5234 5232/5232/5232 5231/5231/5231
f 1030/1030/1030 1029/1029/1029 1028/1028/1028
f 1030/1030/1030 1022/1022/1022 1029/1029/1029
f 1022/1022/1022 1007/1007/1007 1029/1029/1029
f 1022/1022/1022 1015/1015/1015 1007/1007/1007
f 5203/5203/5203 5187/5187/5187 5215/5215/5215
f 5197/5197/5197 5187/5187/5187 5203/5203/5203
f 1020/1020/1020 1015/1015/1015 1022/1022/1022
f 1020/1020/1020 1022/1022/1022 1024/1024/1024
f 1024/1024/1024 1023/1023/1023 1020/1020/1020
f 1020/1020/1020 1023/1023/1023 1019/1019/1019
f 5197/5197/5197 5191/5191/5191 5187/5187/5187
f 5193/5193/5193 5191/5191/5191 5197/5197/5197
f 1025/1025/1025 1019/1019/1019 1023/1023/1023
f 2310/2310/2310 2290/2290/2290 2284/2284/2284
f 2287/2287/2287 2286/2286/2286 2285/2285/2285
f 2286/2286/2286 2284/2284/2284 2285/2285/2285
f 2286/2286/2286 2310/2310/2310 2284/2284/2284
f 2287/2287/2287 2288/2288/2288 2286/2286/2286
f 5193/5193/5193 5192/5192/5192 5191/5191/5191
f 5194/5194/5194 5192/5192/5192 5193/5193/5193
f 2260/2260/2260 2287/2287/2287 2285/2285/2285
f 2249/2249/2249 2250/2250/2250 2259/2259/2259
f 2259/2259/2259 2250/2250/2250 2260/2260/2260
f 3372/3372/3372 3332/3332/3332 3373/3373/3373
f 3332/3332/3332 3374/3374/3374 3373/3373/3373
f 2249/2249/2249 2245/2245/2245 2250/2250/2250
f 5194/5194/5194 5195/5195/5195 5192/5192/5192
f 5192/5192/5192 5195/5195/5195 5198/5198/5198
f 5213/5213/5213 5198/5198/5198 5195/5195/5195
f 5213/5213/5213 5195/5195/5195 5214/5214/5214
f 2246/2246/2246 2249/2249/2249 2259/2259/2259
f 2254/2254/2254 2244/2244/2244 2247/2247/2247
f 2247/2247/2247 2244/2244/2244 2246/2246/2246
f 2244/2244/2244 2245/2245/2245 2246/2246/2246
f 2245/2245/2245 2249/2249/2249 2246/2246/2246
f 2255/2255/2255 2253/2253/2253 2254/2254/2254
f 2254/2254/2254 2253/2253/2253 2244/2244/2244
f 2255/2255/2255 2256/2256/2256 2253/2253/2253
f 5214/5214/5214 5201/5201/5201 5213/5213/5213
f 4575/4575/4575 4608/4608/4608 4578/4578/4578
f 2307/2307/2307 2313/2313/2313 2254/2254/2254
f 2307/2307/2307 2254/2254/2254 2247/2247/2247
f 2254/2254/2254 2262/2262/2262 2255/2255/2255
f 2254/2254/2254 2313/2313/2313 2262/2262/2262
f 2256/2256/2256 2255/2255/2255 2263/2263/2263
f 2263/2263/2263 2255/2255/2255 2262/2262/2262
f 4569/4569/4569 4570/4570/4570 4573/4573/4573
f 4570/4570/4570 4575/4575/4575 4573/4573/4573
f 4570/4570/4570 4608/4608/4608 4575/4575/4575
f 4568/4568/4568 4569/4569/4569 4573/4573/4573
f 2322/2322/2322 2325/2325/2325 2313/2313/2313
f 2322/2322/2322 2313/2313/2313 2307/2307/2307
f 2313/2313/2313 2321/2321/2321 2262/2262/2262
f 2313/2313/2313 2325/2325/2325 2321/2321/2321
f 2263/2263/2263 2262/2262/2262 2320/2320/2320
f 2320/2320/2320 2262/2262/2262 2321/2321/2321
f 4569/4569/4569 4567/4567/4567 4570/4570/4570
f 4563/4563/4563 4565/4565/4565 4566/4566/4566
f 4563/4563/4563 4566/4566/4566 4567/4567/4567
f 4568/4568/4568 4563/4563/4563 4567/4567/4567
f 4569/4569/4569 4568/4568/4568 4567/4567/4567
f 4564/4564/4564 4565/4565/4565 4563/4563/4563
f 6640/6640/6640 6635/6635/6635 6632/6632/6632
f 6635/6635/6635 6633/6633/6633 6632/6632/6632
f 6632/6632/6632 6633/6633/6633 6634/6634/6634
f 6633/6633/6633 6641/6641/6641 6634/6634/6634
f 6641/6641/6641 6642/6642/6642 6634/6634/6634
f 6642/6642/6642 6641/6641/6641 6643/6643/6643
f 6643/6643/6643 6641/6641/6641 6644/6644/6644
f 6643/6643/6643 6644/6644/6644 6646/6646/6646
f 4565/4565/4565 4609/4609/4609 4566/4566/4566
f 4564/4564/4564 4612/4612/4612 4565/4565/4565
f 4612/4612/4612 4609/4609/4609 4565/4565/4565
f 1687/1687/1687 1664/1664/1664 1686/1686/1686
f 1664/1664/1664 1662/1662/1662 1663/1663/1663
f 1687/1687/1687 1662/1662/1662 1664/1664/1664
f 1663/1663/1663 1661/1661/1661 1689/1689/1689
f 1662/1662/1662 1661/1661/1661 1663/1663/1663
f 6640/6640/6640 6637/6637/6637 6635/6635/6635
f 6637/6637/6637 6636/6636/6636 6635/6635/6635
f 1689/1689/1689 1661/1661/1661 1681/1681/1681
f 6635/6635/6635 6636/6636/6636 6633/6633/6633
f 999/999/999 988/988/988 987/987/987
f 5035/5035/5035 5036/5036/5036 5038/5038/5038
f 5038/5038/5038 5036/5036/5036 5039/5039/5039
f 5032/5032/5032 5034/5034/5034 5035/5035/5035
f 5035/5035/5035 5034/5034/5034 5036/5036/5036
f 5026/5026/5026 5033/5033/5033 5032/5032/5032
f 5032/5032/5032 5033/5033/5033 5034/5034/5034
f 5026/5026/5026 5042/5042/5042 5033/5033/5033
f 988/988/988 986/986/986 987/987/987
f 987/987/987 986/986/986 977/977/977
f 977/977/977 986/986/986 976/976/976
f 970/970/970 975/975/975 976/976/976
f 975/975/975 977/977/977 976/976/976
f 975/975/975 994/994/994 977/977/977
f 5032/5032/5032 5031/5031/5031 5026/5026/5026
f 994/994/994 975/975/975 993/993/993
f 5042/5042/5042 5026/5026/5026 5019/5019/5019
f 5026/5026/5026 5020/5020/5020 5019/5019/5019
f 5026/5026/5026 5031/5031/5031 5020/5020/5020
f 5020/5020/5020 5017/5017/5017 5019/5019/5019
f 975/975/975 970/970/970 971/971/971
f 971/971/971 970/970/970 969/969/969
f 975/975/975 980/980/980 993/993/993
f 975/975/975 971/971/971 980/980/980
f 5031/5031/5031 5052/5052/5052 5020/5020/5020
f 993/993/993 980/980/980 991/991/991
f 5017/5017/5017 5020/5020/5020 5024/5024/5024
f 5024/5024/5024 5020/5020/5020 5052/5052/5052
f 5222/5222/5222 5220/5220/5220 5219/5219/5219
f 5219/5219/5219 5220/5220/5220 5218/5218/5218
f 1004/1004/1004 1012/1012/1012 1005/1005/1005
f 1004/1004/1004 1011/1011/1011 1012/1012/1012
f 1005/1005/1005 1001/1001/1001 1004/1004/1004
f 1004/1004/1004 1001/1001/1001 1003/1003/1003
f 969/969/969 972/972/972 971/971/971
f 971/971/971 972/972/972 980/980/980
f 980/980/980 972/972/972 979/979/979
f 980/980/980 979/979/979 991/991/991
f 991/991/991 979/979/979 992/992/992
f 991/991/991 992/992/992 998/998/998
f 5223/5223/5223 5224/5224/5224 5221/5221/5221
f 5221/5221/5221 5224/5224/5224 5225/5225/5225
f 5221/5221/5221 5218/5218/5218 5220/5220/5220
f 5221/5221/5221 5220/5220/5220 5223/5223/5223
f 1001/1001/1001 1006/1006/1006 1002/1002/1002
f 1000/1000/1000 1001/1001/1001 1002/1002/1002
f 1003/1003/1003 1001/1001/1001 1000/1000/1000
f 1007/1007/1007 1002/1002/1002 1006/1006/1006
f 5/5/5 2/2/2 6/6/6
f 5236/5236/5236 5237/5237/5237 5238/5238/5238
f 5236/5236/5236 5239/5239/5239 5237/5237/5237
f 5206/5206/5206 5203/5203/5203 5207/5207/5207
f 1013/1013/1013 1000/1000/1000 1002/1002/1002
f 1002/1002/1002 1007/1007/1007 1013/1013/1013
f 1007/1007/1007 1014/1014/1014 1013/1013/1013
f 1007/1007/1007 1015/1015/1015 1014/1014/1014
f 5208/5208/5208 5205/5205/5205 5206/5206/5206
f 5203/5203/5203 5206/5206/5206 5205/5205/5205
f 5204/5204/5204 5203/5203/5203 5205/5205/5205
f 5197/5197/5197 5203/5203/5203 5204/5204/5204
f 1016/1016/1016 1014/1014/1014 1015/1015/1015
f 1016/1016/1016 1015/1015/1015 1020/1020/1020
f 1020/1020/1020 1019/1019/1019 1016/1016/1016
f 1016/1016/1016 1019/1019/1019 1018/1018/1018
f 5204/5204/5204 5193/5193/5193 5197/5197/5197
f 4589/4589/4589 4590/4590/4590 4591/4591/4591
f 1026/1026/1026 1018/1018/1018 1019/1019/1019
f 1026/1026/1026 1019/1019/1019 1025/1025/1025
f 1031/1031/1031 1025/1025/1025 1032/1032/1032
f 1031/1031/1031 1026/1026/1026 1025/1025/1025
f 1032/1032/1032 1033/1033/1033 1031/1031/1031
f 1031/1031/1031 1033/1033/1033 1034/1034/1034
f 4584/4584/4584 4588/4588/4588 4585/4585/4585
f 4588/4588/4588 4589/4589/4589 4585/4585/4585
f 4588/4588/4588 4590/4590/4590 4589/4589/4589
f 4582/4582/4582 4584/4584/4584 4585/4585/4585
f 3325/3325/3325 3331/3331/3331 3332/3332/3332
f 3325/3325/3325 3332/3332/3332 3372/3372/3372
f 2243/2243/2243 2251/2251/2251 2245/2245/2245
f 2251/2251/2251 2250/2250/2250 2245/2245/2245
f 3329/3329/3329 3325/3325/3325 3372/3372/3372
f 2243/2243/2243 2242/2242/2242 2251/2251/2251
f 4584/4584/4584 4580/4580/4580 4588/4588/4588
f 4579/4579/4579 4576/4576/4576 4578/4578/4578
f 4579/4579/4579 4578/4578/4578 4580/4580/4580
f 4582/4582/4582 4579/4579/4579 4580/4580/4580
f 4584/4584/4584 4582/4582/4582 4580/4580/4580
f 4587/4587/4587 4576/4576/4576 4579/4579/4579
f 2244/2244/2244 2243/2243/2243 2245/2245/2245
f 2241/2241/2241 2242/2242/2242 2243/2243/2243
f 2244/2244/2244 2241/2241/2241 2243/2243/2243
f 2253/2253/2253 2241/2241/2241 2244/2244/2244
f 2253/2253/2253 2256/2256/2256 2241/2241/2241
f 2241/2241/2241 2256/2256/2256 2257/2257/2257
f 4574/4574/4574 4575/4575/4575 4576/4576/4576
f 4576/4576/4576 4575/4575/4575 4578/4578/4578
f 4576/4576/4576 4587/4587/4587 4581/4581/4581
f 4577/4577/4577 4576/4576/4576 4581/4581/4581
f 4574/4574/4574 4576/4576/4576 4577/4577/4577
f 4615/4615/4615 4577/4577/4577 4581/4581/4581
f 2263/2263/2263 2315/2315/2315 2314/2314/2314
f 2257/2257/2257 2263/2263/2263 2314/2314/2314
f 2256/2256/2256 2263/2263/2263 2257/2257/2257
f 2315/2315/2315 2316/2316/2316 2314/2314/2314
f 4574/4574/4574 4573/4573/4573 4575/4575/4575
f 4573/4573/4573 4574/4574/4574 4568/4568/4568
f 4574/4574/4574 4613/4613/4613 4568/4568/4568
f 4574/4574/4574 4577/4577/4577 4613/4613/4613
f 4652/4652/4652 4653/4653/4653 4654/4654/4654
f 4652/4652/4652 4654/4654/4654 4655/4655/4655
f 2320/2320/2320 2318/2318/2318 2315/2315/2315
f 2320/2320/2320 2315/2315/2315 2263/2263/2263
f 2316/2316/2316 2315/2315/2315 2317/2317/2317
f 2317/2317/2317 2315/2315/2315 2318/2318/2318
f 4613/4613/4613 4563/4563/4563 4568/4568/4568
f 4550/4550/4550 4616/4616/4616 4564/4564/4564
f 4550/4550/4550 4564/4564/4564 4563/4563/4563
f 4562/4562/4562 4550/4550/4550 4563/4563/4563
f 4613/4613/4613 4562/4562/4562 4563/4563/4563
f 4548/4548/4548 4616/4616/4616 4550/4550/4550
f 6633/6633/6633 6648/6648/6648 6641/6641/6641
f 6645/6645/6645 6644/6644/6644 6641/6641/6641
f 6645/6645/6645 6641/6641/6641 6648/6648/6648
f 6645/6645/6645 6647/6647/6647 6644/6644/6644
f 6644/6644/6644 6647/6647/6647 6646/6646/6646
f 6647/6647/6647 6650/6650/6650 6646/6646/6646
f 6650/6650/6650 6651/6651/6651 6646/6646/6646
f 6651/6651/6651 6650/6650/6650 6652/6652/6652
f 4616/4616/4616 4612/4612/4612 4564/4564/4564
f 4548/4548/4548 4547/4547/4547 4616/4616/4616
f 4660/4660/4660 4661/4661/4661 4662/4662/4662
f 1690/1690/1690 1662/1662/1662 1687/1687/1687
f 1662/1662/1662 1659/1659/1659 1661/1661/1661
f 1690/1690/1690 1659/1659/1659 1662/1662/1662
f 1661/1661/1661 1660/1660/1660 1681/1681/1681
f 1659/1659/1659 1660/1660/1660 1661/1661/1661
f 6633/6633/6633 6636/6636/6636 6648/6648/6648
f 6636/6636/6636 6649/6649/6649 6648/6648/6648
f 1681/1681/1681 1660/1660/1660 1671/1671/1671
f 6648/6648/6648 6649/6649/6649 6645/6645/6645
f 6645/6645/6645 6649/6649/6649 6887/6887/6887
f 6645/6645/6645 6887/6887/6887 6647/6647/6647
f 4795/4795/4795 4796/4796/4796 4814/4814/4814
f 4840/4840/4840 4799/4799/4799 4814/4814/4814
f 4814/4814/4814 4799/4799/4799 4795/4795/4795
f 4809/4809/4809 4807/4807/4807 4840/4840/4840
f 4840/4840/4840 4807/4807/4807 4799/4799/4799
f 4809/4809/4809 4808/4808/4808 4807/4807/4807
f 4802/4802/4802 4804/4804/4804 4805/4805/4805
f 4805/4805/4805 4804/4804/4804 4806/4806/4806
f 4879/4879/4879 4814/4814/4814 4796/4796/4796
f 4802/4802/4802 4879/4879/4879 4796/4796/4796
f 4805/4805/4805 4879/4879/4879 4802/4802/4802
f 5037/5037/5037 5036/5036/5036 5034/5034/5034
f 5037/5037/5037 5034/5034/5034 5043/5043/5043
f 5043/5043/5043 5034/5034/5034 5033/5033/5033
f 4840/4840/4840 4810/4810/4810 4809/4809/4809
f 5028/5028/5028 5029/5029/5029 5042/5042/5042
f 5091/5091/5091 5092/5092/5092 5093/5093/5093
f 4812/4812/4812 4808/4808/4808 4810/4810/4810
f 4808/4808/4808 4809/4809/4809 4810/4810/4810
f 5028/5028/5028 5027/5027/5027 5029/5029/5029
f 990/990/990 989/989/989 988/988/988
f 988/988/988 989/989/989 986/986/986
f 986/986/986 978/978/978 976/976/976
f 989/989/989 978/978/978 986/986/986
f 970/970/970 976/976/976 978/978/978
f 970/970/970 978/978/978 968/968/968
f 5019/5019/5019 5028/5028/5028 5042/5042/5042
f 5016/5016/5016 5015/5015/5015 5017/5017/5017
f 5017/5017/5017 5015/5015/5015 5019/5019/5019
f 5015/5015/5015 5027/5027/5027 5019/5019/5019
f 5027/5027/5027 5028/5028/5028 5019/5019/5019
f 5016/5016/5016 5014/5014/5014 5015/5015/5015
f 968/968/968 969/969/969 970/970/970
f 974/974/974 969/969/969 968/968/968
f 5024/5024/5024 5053/5053/5053 5016/5016/5016
f 5024/5024/5024 5016/5016/5016 5017/5017/5017
f 5014/5014/5014 5016/5016/5016 5023/5023/5023
f 5023/5023/5023 5016/5016/5016 5053/5053/5053
f 4605/4605/4605 4603/4603/4603 4606/4606/4606
f 1004/1004/1004 1008/1008/1008 1011/1011/1011
f 1011/1011/1011 1008/1008/1008 1010/1010/1010
f 1003/1003/1003 1008/1008/1008 1004/1004/1004
f 974/974/974 973/973/973 969/969/969
f 969/969/969 973/973/973 972/972/972
f 1957/1957/1957 1958/1958/1958 1959/1959/1959
f 979/979/979 973/973/973 981/981/981
f 972/972/972 973/973/973 979/979/979
f 982/982/982 992/992/992 979/979/979
f 982/982/982 979/979/979 981/981/981
f 997/997/997 998/998/998 992/992/992
f 982/982/982 997/997/997 992/992/992
f 995/995/995 997/997/997 982/982/982
f 5023/5023/5023 5053/5053/5053 5049/5049/5049
f 5049/5049/5049 5053/5053/5053 5054/5054/5054
f 4607/4607/4607 4614/4614/4614 4604/4604/4604
f 4601/4601/4601 4607/4607/4607 4604/4604/4604
f 4601/4601/4601 4604/4604/4604 4603/4603/4603
f 4602/4602/4602 4601/4601/4601 4603/4603/4603
f 4605/4605/4605 4602/4602/4602 4603/4603/4603
f 1639/1639/1639 1637/1637/1637 1640/1640/1640
f 1641/1641/1641 1639/1639/1639 1640/1640/1640
f 1008/1008/1008 1009/1009/1009 1010/1010/1010
f 1000/1000/1000 1009/1009/1009 1003/1003/1003
f 1003/1003/1003 1009/1009/1009 1008/1008/1008
f 984/984/984 983/983/983 981/981/981
f 981/981/981 983/983/983 982/982/982
f 982/982/982 983/983/983 985/985/985
f 982/982/982 985/985/985 995/995/995
f 995/995/995 985/985/985 996/996/996
f 953/953/953 951/951/951 952/952/952
f 4597/4597/4597 4598/4598/4598 4607/4607/4607
f 4607/4607/4607 4598/4598/4598 4614/4614/4614
f 4607/4607/4607 4601/4601/4601 4596/4596/4596
f 4607/4607/4607 4596/4596/4596 4597/4597/4597
f 1635/1635/1635 1637/1637/1637 1639/1639/1639
f 1627/1627/1627 1635/1635/1635 1622/1622/1622
f 1622/1622/1622 1635/1635/1635 1642/1642/1642
f 1635/1635/1635 1639/1639/1639 1642/1642/1642
f 1639/1639/1639 1643/1643/1643 1642/1642/1642
f 1644/1644/1644 1622/1622/1622 1642/1642/1642
f 4597/4597/4597 4595/4595/4595 4598/4598/4598
f 4594/4594/4594 4592/4592/4592 4591/4591/4591
f 4594/4594/4594 4591/4591/4591 4595/4595/4595
f 4596/4596/4596 4594/4594/4594 4595/4595/4595
f 4597/4597/4597 4596/4596/4596 4595/4595/4595
f 1626/1626/1626 1621/1621/1621 1625/1625/1625
f 1626/1626/1626 1625/1625/1625 1628/1628/1628
f 1621/1621/1621 1626/1626/1626 1627/1627/1627
f 1622/1622/1622 1621/1621/1621 1627/1627/1627
f 1620/1620/1620 1621/1621/1621 1622/1622/1622
f 1016/1016/1016 1017/1017/1017 1014/1014/1014
f 1615/1615/1615 1622/1622/1622 1644/1644/1644
f 1615/1615/1615 1620/1620/1620 1622/1622/1622
f 1018/1018/1018 1017/1017/1017 1016/1016/1016
f 4586/4586/4586 4589/4589/4589 4592/4592/4592
f 4592/4592/4592 4589/4589/4589 4591/4591/4591
f 1623/1623/1623 1625/1625/1625 1621/1621/1621
f 1633/1633/1633 1625/1625/1625 1623/1623/1623
f 1619/1619/1619 1621/1621/1621 1620/1620/1620
f 1623/1623/1623 1621/1621/1621 1619/1619/1619
f 1614/1614/1614 1620/1620/1620 1615/1615/1615
f 1619/1619/1619 1620/1620/1620 1614/1614/1614
f 784/784/784 773/773/773 791/791/791
f 1021/1021/1021 1017/1017/1017 1018/1018/1018
f 1613/1613/1613 1614/1614/1614 1615/1615/1615
f 785/785/785 783/783/783 784/784/784
f 784/784/784 783/783/783 773/773/773
f 1034/1034/1034 1035/1035/1035 1031/1031/1031
f 4586/4586/4586 4585/4585/4585 4589/4589/4589
f 4585/4585/4585 4586/4586/4586 4582/4582/4582
f 4586/4586/4586 4583/4583/4583 4582/4582/4582
f 1633/1633/1633 1623/1623/1623 1632/1632/1632
f 1618/1618/1618 1623/1623/1623 1619/1619/1619
f 1632/1632/1632 1623/1623/1623 1618/1618/1618
f 1614/1614/1614 1616/1616/1616 1617/1617/1617
f 1618/1618/1618 1614/1614/1614 1617/1617/1617
f 1619/1619/1619 1614/1614/1614 1618/1618/1618
f 1616/1616/1616 1614/1614/1614 1613/1613/1613
f 771/771/771 773/773/773 768/768/768
f 768/768/768 773/773/773 783/783/783
f 3353/3353/3353 3343/3343/3343 3330/3330/3330
f 3330/3330/3330 3343/3343/3343 3331/3331/3331
f 3325/3325/3325 3330/3330/3330 3331/3331/3331
f 3324/3324/3324 3330/3330/3330 3325/3325/3325
f 3320/3320/3320 3325/3325/3325 3329/3329/3329
f 3320/3320/3320 3324/3324/3324 3325/3325/3325
f 2258/2258/2258 2252/2252/2252 2242/2242/2242
f 2252/2252/2252 2251/2251/2251 2242/2242/2242
f 3319/3319/3319 3320/3320/3320 3329/3329/3329
f 5743/5743/5743 5742/5742/5742 5744/5744/5744
f 5744/5744/5744 5742/5742/5742 5745/5745/5745
f 5743/5743/5743 5692/5692/5692 5742/5742/5742
f 4583/4583/4583 4579/4579/4579 4582/4582/4582
f 4579/4579/4579 4583/4583/4583 4587/4587/4587
f 4583/4583/4583 4593/4593/4593 4587/4587/4587
f 1632/1632/1632 1618/1618/1618 1630/1630/1630
f 1618/1618/1618 1617/1617/1617 1624/1624/1624
f 1629/1629/1629 1618/1618/1618 1624/1624/1624
f 1630/1630/1630 1618/1618/1618 1629/1629/1629
f 4556/4556/4556 4555/4555/4555 4561/4561/4561
f 2241/2241/2241 2258/2258/2258 2242/2242/2242
f 2258/2258/2258 2241/2241/2241 2257/2257/2257
f 2306/2306/2306 2258/2258/2258 2257/2257/2257
f 5743/5743/5743 5744/5744/5744 5746/5746/5746
f 5779/5779/5779 5778/5778/5778 5776/5776/5776
f 5778/5778/5778 5777/5777/5777 5776/5776/5776
f 5743/5743/5743 5746/5746/5746 5747/5747/5747
f 5777/5777/5777 5775/5775/5775 5776/5776/5776
f 4593/4593/4593 4581/4581/4581 4587/4587/4587
f 4581/4581/4581 4593/4593/4593 4615/4615/4615
f 4669/4669/4669 4670/4670/4670 4671/4671/4671
f 1630/1630/1630 1629/1629/1629 1631/1631/1631
f 4555/4555/4555 4556/4556/4556 4554/4554/4554
f 4555/4555/4555 4554/4554/4554 4553/4553/4553
f 2314/2314/2314 2306/2306/2306 2257/2257/2257
f 2306/2306/2306 2314/2314/2314 2316/2316/2316
f 2319/2319/2319 2306/2306/2306 2316/2316/2316
f 5747/5747/5747 5746/5746/5746 5748/5748/5748
f 5751/5751/5751 5747/5747/5747 5750/5750/5750
f 5747/5747/5747 5749/5749/5749 5750/5750/5750
f 5747/5747/5747 5748/5748/5748 5749/5749/5749
f 5782/5782/5782 5781/5781/5781 5780/5780/5780
f 4552/4552/4552 4562/4562/4562 4553/4553/4553
f 4553/4553/4553 4562/4562/4562 4615/4615/4615
f 4553/4553/4553 4554/4554/4554 4551/4551/4551
f 4553/4553/4553 4551/4551/4551 4552/4552/4552
f 5754/5754/5754 5753/5753/5753 5748/5748/5748
f 2317/2317/2317 2319/2319/2319 2316/2316/2316
f 5748/5748/5748 5752/5752/5752 5749/5749/5749
f 5748/5748/5748 5753/5753/5753 5752/5752/5752
f 5781/5781/5781 5782/5782/5782 5783/5783/5783
f 5783/5783/5783 5782/5782/5782 5784/5784/5784
f 4552/4552/4552 4550/4550/4550 4562/4562/4562
f 4549/4549/4549 4546/4546/4546 4548/4548/4548
f 4549/4549/4549 4548/4548/4548 4550/4550/4550
f 4551/4551/4551 4549/4549/4549 4550/4550/4550
f 4552/4552/4552 4551/4551/4551 4550/4550/4550
f 4618/4618/4618 4544/4544/4544 4546/4546/4546
f 4618/4618/4618 4546/4546/4546 4549/4549/4549
f 4543/4543/4543 4544/4544/4544 4618/4618/4618
f 6647/6647/6647 6673/6673/6673 6650/6650/6650
f 6673/6673/6673 6653/6653/6653 6650/6650/6650
f 6650/6650/6650 6653/6653/6653 6652/6652/6652
f 6653/6653/6653 6654/6654/6654 6652/6652/6652
f 6654/6654/6654 6655/6655/6655 6652/6652/6652
f 6655/6655/6655 6654/6654/6654 6656/6656/6656
f 6656/6656/6656 6654/6654/6654 6657/6657/6657
f 6656/6656/6656 6657/6657/6657 6658/6658/6658
f 4546/4546/4546 4547/4547/4547 4548/4548/4548
f 4547/4547/4547 4546/4546/4546 4545/4545/4545
f 4545/4545/4545 4546/4546/4546 4544/4544/4544
f 4543/4543/4543 4542/4542/4542 4544/4544/4544
f 4542/4542/4542 4545/4545/4545 4544/4544/4544
f 1665/1665/1665 1660/1660/1660 1659/1659/1659
f 1660/1660/1660 1666/1666/1666 1671/1671/1671
f 1665/1665/1665 1666/1666/1666 1660/1660/1660
f 1671/1671/1671 1673/1673/1673 1688/1688/1688
f 1666/1666/1666 1673/1673/1673 1671/1671/1671
f 6647/6647/6647 6887/6887/6887 6673/6673/6673
f 6887/6887/6887 6671/6671/6671 6673/6673/6673
f 1688/1688/1688 1673/1673/1673 1682/1682/1682
f 6673/6673/6673 6671/6671/6671 6653/6653/6653
f 4793/4793/4793 4794/4794/4794 4795/4795/4795
f 4795/4795/4795 4794/4794/4794 4796/4796/4796
f 4797/4797/4797 4795/4795/4795 4799/4799/4799
f 4797/4797/4797 4793/4793/4793 4795/4795/4795
f 4800/4800/4800 4799/4799/4799 4807/4807/4807
f 4800/4800/4800 4797/4797/4797 4799/4799/4799
f 4807/4807/4807 4808/4808/4808 4800/4800/4800
f 4880/4880/4880 4881/4881/4881 4882/4882/4882
f 4803/4803/4803 4804/4804/4804 4802/4802/4802
f 4801/4801/4801 4803/4803/4803 4802/4802/4802
f 4796/4796/4796 4801/4801/4801 4802/4802/4802
f 4794/4794/4794 4801/4801/4801 4796/4796/4796
f 4884/4884/4884 4882/4882/4882 4881/4881/4881
f 4813/4813/4813 4808/4808/4808 4812/4812/4812
f 5047/5047/5047 5030/5030/5030 5027/5027/5027
f 5030/5030/5030 5029/5029/5029 5027/5027/5027
f 4815/4815/4815 4813/4813/4813 4812/4812/4812
f 5097/5097/5097 5096/5096/5096 5095/5095/5095
f 3704/3704/3704 3702/3702/3702 3744/3744/3744
f 3699/3699/3699 3698/3698/3698 3704/3704/3704
f 3698/3698/3698 3702/3702/3702 3704/3704/3704
f 3698/3698/3698 3701/3701/3701 3702/3702/3702
f 3700/3700/3700 3701/3701/3701 3698/3698/3698
f 3700/3700/3700 3698/3698/3698 3696/3696/3696
f 5015/5015/5015 5047/5047/5047 5027/5027/5027
f 5013/5013/5013 5011/5011/5011 5014/5014/5014
f 5014/5014/5014 5011/5011/5011 5015/5015/5015
f 5011/5011/5011 5025/5025/5025 5015/5015/5015
f 5025/5025/5025 5047/5047/5047 5015/5015/5015
f 5013/5013/5013 5012/5012/5012 5011/5011/5011
f 3696/3696/3696 3703/3703/3703 3700/3700/3700
f 3705/3705/3705 3703/3703/3703 3696/3696/3696
f 5023/5023/5023 5048/5048/5048 5013/5013/5013
f 5023/5023/5023 5013/5013/5013 5014/5014/5014
f 5107/5107/5107 5108/5108/5108 5106/5106/5106
f 5106/5106/5106 5108/5108/5108 5109/5109/5109
f 1965/1965/1965 1960/1960/1960 1964/1964/1964
f 1964/1964/1964 1960/1960/1960 1957/1957/1957
f 1958/1958/1958 1957/1957/1957 1960/1960/1960
f 1958/1958/1958 1960/1960/1960 1961/1961/1961
f 5049/5049/5049 5050/5050/5050 5048/5048/5048
f 5049/5049/5049 5048/5048/5048 5023/5023/5023
f 5106/5106/5106 5109/5109/5109 5111/5111/5111
f 5111/5111/5111 5109/5109/5109 5114/5114/5114
f 4600/4600/4600 4601/4601/4601 4602/4602/4602
f 1637/1637/1637 1638/1638/1638 1640/1640/1640
f 1961/1961/1961 1968/1968/1968 1958/1958/1958
f 1958/1958/1958 1968/1968/1968 1982/1982/1982
f 1982/1982/1982 1969/1969/1969 1973/1973/1973
f 1968/1968/1968 1969/1969/1969 1982/1982/1982
f 1973/1973/1973 1971/1971/1971 1976/1976/1976
f 1969/1969/1969 1971/1971/1971 1973/1973/1973
f 952/952/952 951/951/951 950/950/950
f 951/951/951 948/948/948 950/950/950
f 1976/1976/1976 1971/1971/1971 1972/1972/1972
f 950/950/950 948/948/948 949/949/949
f 4599/4599/4599 4596/4596/4596 4600/4600/4600
f 4600/4600/4600 4596/4596/4596 4601/4601/4601
f 1635/1635/1635 1636/1636/1636 1637/1637/1637
f 1636/1636/1636 1638/1638/1638 1637/1637/1637
f 1636/1636/1636 1634/1634/1634 1638/1638/1638
f 1627/1627/1627 1636/1636/1636 1635/1635/1635
f 4599/4599/4599 4594/4594/4594 4596/4596/4596
f 1628/1628/1628 1634/1634/1634 1626/1626/1626
f 1626/1626/1626 1634/1634/1634 1636/1636/1636
f 1626/1626/1626 1636/1636/1636 1627/1627/1627
f 772/772/772 786/786/786 771/771/771
f 768/768/768 769/769/769 771/771/771
f 771/771/771 769/769/769 772/772/772
f 766/766/766 767/767/767 768/768/768
f 768/768/768 767/767/767 769/769/769
f 767/767/767 766/766/766 770/770/770
f 766/766/766 774/774/774 770/770/770
f 766/766/766 782/782/782 774/774/774
f 3323/3323/3323 3324/3324/3324 3320/3320/3320
f 778/778/778 774/774/774 782/782/782
f 3318/3318/3318 3320/3320/3320 3319/3319/3319
f 3318/3318/3318 3323/3323/3323 3320/3320/3320
f 3317/3317/3317 3319/3319/3319 3321/3321/3321
f 3317/3317/3317 3318/3318/3318 3319/3319/3319
f 5690/5690/5690 5667/5667/5667 5692/5692/5692
f 5667/5667/5667 5742/5742/5742 5692/5692/5692
f 3322/3322/3322 3317/3317/3317 3321/3321/3321
f 5690/5690/5690 5664/5664/5664 5667/5667/5667
f 4558/4558/4558 4561/4561/4561 4645/4645/4645
f 4561/4561/4561 4558/4558/4558 4556/4556/4556
f 4558/4558/4558 4557/4557/4557 4556/4556/4556
f 4558/4558/4558 4559/4559/4559 4557/4557/4557
f 767/767/767 794/794/794 796/796/796
f 799/799/799 767/767/767 796/796/796
f 769/769/769 767/767/767 799/799/799
f 794/794/794 767/767/767 770/770/770
f 5691/5691/5691 5690/5690/5690 5692/5692/5692
f 5773/5773/5773 5774/5774/5774 5775/5775/5775
f 5775/5775/5775 5774/5774/5774 5776/5776/5776
f 5755/5755/5755 5664/5664/5664 5691/5691/5691
f 5664/5664/5664 5690/5690/5690 5691/5691/5691
f 5647/5647/5647 5649/5649/5649 5657/5657/5657
f 5657/5657/5657 5649/5649/5649 5755/5755/5755
f 5647/5647/5647 5646/5646/5646 5649/5649/5649
f 4560/4560/4560 4554/4554/4554 4557/4557/4557
f 4557/4557/4557 4554/4554/4554 4556/4556/4556
f 4557/4557/4557 4628/4628/4628 4620/4620/4620
f 4557/4557/4557 4620/4620/4620 4560/4560/4560
f 5780/5780/5780 5773/5773/5773 5775/5775/5775
f 5773/5773/5773 5780/5780/5780 5781/5781/5781
f 5785/5785/5785 5773/5773/5773 5781/5781/5781
f 5647/5647/5647 5657/5657/5657 5654/5654/5654
f 5646/5646/5646 5647/5647/5647 5648/5648/5648
f 5647/5647/5647 5650/5650/5650 5648/5648/5648
f 5647/5647/5647 5654/5654/5654 5650/5650/5650
f 5650/5650/5650 5652/5652/5652 5648/5648/5648
f 4619/4619/4619 4551/4551/4551 4560/4560/4560
f 4560/4560/4560 4551/4551/4551 4554/4554/4554
f 4560/4560/4560 4620/4620/4620 4621/4621/4621
f 4643/4643/4643 4560/4560/4560 4621/4621/4621
f 4619/4619/4619 4560/4560/4560 4643/4643/4643
f 4629/4629/4629 4643/4643/4643 4621/4621/4621
f 5659/5659/5659 5658/5658/5658 5654/5654/5654
f 5783/5783/5783 5785/5785/5785 5781/5781/5781
f 6674/6674/6674 6667/6667/6667 6661/6661/6661
f 6667/6667/6667 6659/6659/6659 6661/6661/6661
f 5650/5650/5650 5654/5654/5654 5658/5658/5658
f 6667/6667/6667 6674/6674/6674 6675/6675/6675
f 4619/4619/4619 4549/4549/4549 4551/4551/4551
f 4549/4549/4549 4619/4619/4619 4618/4618/4618
f 4618/4618/4618 4619/4619/4619 4643/4643/4643
f 4646/4646/4646 4541/4541/4541 4543/4543/4543
f 4646/4646/4646 4543/4543/4543 4618/4618/4618
f 4657/4657/4657 4659/4659/4659 4658/4658/4658
f 4656/4656/4656 4657/4657/4657 4658/4658/4658
f 4540/4540/4540 4541/4541/4541 4646/4646/4646
f 6653/6653/6653 6670/6670/6670 6654/6654/6654
f 6654/6654/6654 6670/6670/6670 6883/6883/6883
f 6669/6669/6669 6654/6654/6654 6883/6883/6883
f 6657/6657/6657 6654/6654/6654 6669/6669/6669
f 6658/6658/6658 6657/6657/6657 6659/6659/6659
f 6657/6657/6657 6660/6660/6660 6659/6659/6659
f 6657/6657/6657 6669/6669/6669 6660/6660/6660
f 6659/6659/6659 6660/6660/6660 6661/6661/6661
f 4541/4541/4541 4542/4542/4542 4543/4543/4543
f 4540/4540/4540 4539/4539/4539 4541/4541/4541
f 4539/4539/4539 4542/4542/4542 4541/4541/4541
f 1667/1667/1667 1666/1666/1666 1665/1665/1665
f 1666/1666/1666 1668/1668/1668 1673/1673/1673
f 1667/1667/1667 1668/1668/1668 1666/1666/1666
f 1673/1673/1673 1674/1674/1674 1682/1682/1682
f 1668/1668/1668 1674/1674/1674 1673/1673/1673
f 6653/6653/6653 6671/6671/6671 6670/6670/6670
f 6671/6671/6671 6672/6672/6672 6670/6670/6670
f 1682/1682/1682 1674/1674/1674 1683/1683/1683
f 6670/6670/6670 6672/6672/6672 6883/6883/6883
f 438/438/438 439/439/439 440/440/440
f 549/549/549 547/547/547 548/548/548
f 439/439/439 444/444/444 440/440/440
f 549/549/549 565/565/565 547/547/547
f 4829/4829/4829 4794/4794/4794 4793/4793/4793
f 4797/4797/4797 4798/4798/4798 4793/4793/4793
f 4793/4793/4793 4798/4798/4798 4829/4829/4829
f 4800/4800/4800 4811/4811/4811 4797/4797/4797
f 4797/4797/4797 4811/4811/4811 4798/4798/4798
f 4882/4882/4882 4883/4883/4883 4880/4880/4880
f 4831/4831/4831 4801/4801/4801 4829/4829/4829
f 4829/4829/4829 4801/4801/4801 4794/4794/4794
f 3695/3695/3695 3694/3694/3694 3693/3693/3693
f 4831/4831/4831 4798/4798/4798 4838/4838/4838
f 4829/4829/4829 4798/4798/4798 4831/4831/4831
f 3694/3694/3694 3695/3695/3695 3715/3715/3715
f 4889/4889/4889 4888/4888/4888 4886/4886/4886
f 4886/4886/4886 4888/4888/4888 4887/4887/4887
f 4885/4885/4885 4886/4886/4886 4887/4887/4887
f 4832/4832/4832 4833/4833/4833 4813/4813/4813
f 4816/4816/4816 4813/4813/4813 4815/4815/4815
f 4816/4816/4816 4832/4832/4832 4813/4813/4813
f 5021/5021/5021 5051/5051/5051 5025/5025/5025
f 5094/5094/5094 5095/5095/5095 5096/5096/5096
f 4817/4817/4817 4816/4816/4816 4815/4815/4815
f 5021/5021/5021 5010/5010/5010 5051/5051/5051
f 3697/3697/3697 3698/3698/3698 3699/3699/3699
f 3696/3696/3696 3698/3698/3698 3697/3697/3697
f 3693/3693/3693 3696/3696/3696 3697/3697/3697
f 3691/3691/3691 3696/3696/3696 3693/3693/3693
f 5011/5011/5011 5021/5021/5021 5025/5025/5025
f 5022/5022/5022 5007/5007/5007 5012/5012/5012
f 5012/5012/5012 5007/5007/5007 5011/5011/5011
f 5007/5007/5007 5010/5010/5010 5011/5011/5011
f 5010/5010/5010 5021/5021/5021 5011/5011/5011
f 5022/5022/5022 5006/5006/5006 5007/5007/5007
f 3721/3721/3721 3705/3705/3705 3690/3690/3690
f 3705/3705/3705 3691/3691/3691 3690/3690/3690
f 3705/3705/3705 3696/3696/3696 3691/3691/3691
f 3688/3688/3688 3721/3721/3721 3690/3690/3690
f 5106/5106/5106 5105/5105/5105 5103/5103/5103
f 5106/5106/5106 5103/5103/5103 5107/5107/5107
f 5102/5102/5102 5103/5103/5103 5104/5104/5104
f 5104/5104/5104 5103/5103/5103 5105/5105/5105
f 3764/3764/3764 3765/3765/3765 3766/3766/3766
f 1962/1962/1962 1963/1963/1963 1961/1961/1961
f 1962/1962/1962 1961/1961/1961 1960/1960/1960
f 3688/3688/3688 3685/3685/3685 3706/3706/3706
f 3721/3721/3721 3688/3688/3688 3706/3706/3706
f 1966/1966/1966 1963/1963/1963 1962/1962/1962
f 5045/5045/5045 5001/5001/5001 5000/5000/5000
f 5111/5111/5111 5105/5105/5105 5106/5106/5106
f 5104/5104/5104 5105/5105/5105 5112/5112/5112
f 5000/5000/5000 4999/4999/4999 4998/4998/4998
f 5000/5000/5000 5001/5001/5001 4999/4999/4999
f 4999/4999/4999 4997/4997/4997 4998/4998/4998
f 1963/1963/1963 1968/1968/1968 1961/1961/1961
f 1966/1966/1966 1967/1967/1967 1963/1963/1963
f 1967/1967/1967 1968/1968/1968 1963/1963/1963
f 1967/1967/1967 1969/1969/1969 1968/1968/1968
f 1969/1969/1969 1970/1970/1970 1971/1971/1971
f 1967/1967/1967 1970/1970/1970 1969/1969/1969
f 1970/1970/1970 1975/1975/1975 1974/1974/1974
f 1972/1972/1972 1970/1970/1970 1974/1974/1974
f 1971/1971/1971 1970/1970/1970 1972/1972/1972
f 938/938/938 949/949/949 948/948/948
f 910/910/910 938/938/938 948/948/948
f 911/911/911 938/938/938 910/910/910
f 937/937/937 936/936/936 921/921/921
f 936/936/936 911/911/911 921/921/921
f 936/936/936 938/938/938 911/911/911
f 4999/4999/4999 5041/5041/5041 4997/4997/4997
f 902/902/902 898/898/898 910/910/910
f 910/910/910 898/898/898 911/911/911
f 911/911/911 898/898/898 897/897/897
f 911/911/911 897/897/897 921/921/921
f 775/775/775 770/770/770 774/774/774
f 775/775/775 774/774/774 776/776/776
f 774/774/774 777/777/777 776/776/776
f 774/774/774 778/778/778 777/777/777
f 3340/3340/3340 3323/3323/3323 3318/3318/3318
f 779/779/779 777/777/777 778/778/778
f 3315/3315/3315 3318/3318/3318 3317/3317/3317
f 3315/3315/3315 3340/3340/3340 3318/3318/3318
f 3316/3316/3316 3317/3317/3317 3322/3322/3322
f 3316/3316/3316 3315/3315/3315 3317/3317/3317
f 5653/5653/5653 5663/5663/5663 5664/5664/5664
f 5663/5663/5663 5667/5667/5667 5664/5664/5664
f 3387/3387/3387 3389/3389/3389 3390/3390/3390
f 5651/5651/5651 5661/5661/5661 5653/5653/5653
f 5653/5653/5653 5661/5661/5661 5663/5663/5663
f 5665/5665/5665 5662/5662/5662 5651/5651/5651
f 5651/5651/5651 5662/5662/5662 5661/5661/5661
f 5665/5665/5665 5666/5666/5666 5662/5662/5662
f 795/795/795 796/796/796 794/794/794
f 770/770/770 775/775/775 794/794/794
f 775/775/775 795/795/795 794/794/794
f 775/775/775 793/793/793 795/795/795
f 775/775/775 776/776/776 792/792/792
f 775/775/775 792/792/792 793/793/793
f 5755/5755/5755 5653/5653/5653 5664/5664/5664
f 5653/5653/5653 5755/5755/5755 5649/5649/5649
f 5653/5653/5653 5649/5649/5649 5651/5651/5651
f 5651/5651/5651 5649/5649/5649 5646/5646/5646
f 5693/5693/5693 5651/5651/5651 5646/5646/5646
f 5665/5665/5665 5651/5651/5651 5693/5693/5693
f 5666/5666/5666 5665/5665/5665 5767/5767/5767
f 5767/5767/5767 5665/5665/5665 5693/5693/5693
f 4622/4622/4622 4620/4620/4620 4623/4623/4623
f 4623/4623/4623 4620/4620/4620 4628/4628/4628
f 4624/4624/4624 4623/4623/4623 4625/4625/4625
f 4622/4622/4622 4623/4623/4623 4624/4624/4624
f 793/793/793 792/792/792 798/798/798
f 4625/4625/4625 4630/4630/4630 4624/4624/4624
f 5648/5648/5648 5693/5693/5693 5646/5646/5646
f 5656/5656/5656 5655/5655/5655 5652/5652/5652
f 5652/5652/5652 5655/5655/5655 5648/5648/5648
f 5655/5655/5655 5767/5767/5767 5648/5648/5648
f 5770/5770/5770 5771/5771/5771 5772/5772/5772
f 5656/5656/5656 5660/5660/5660 5655/5655/5655
f 4622/4622/4622 4621/4621/4621 4620/4620/4620
f 4621/4621/4621 4622/4622/4622 4629/4629/4629
f 4622/4622/4622 4626/4626/4626 4629/4629/4629
f 4622/4622/4622 4624/4624/4624 4626/4626/4626
f 4624/4624/4624 4630/4630/4630 4627/4627/4627
f 4624/4624/4624 4627/4627/4627 4626/4626/4626
f 6661/6661/6661 6662/6662/6662 6674/6674/6674
f 6662/6662/6662 6668/6668/6668 6674/6674/6674
f 6674/6674/6674 6668/6668/6668 6675/6675/6675
f 6668/6668/6668 6693/6693/6693 6675/6675/6675
f 6693/6693/6693 6694/6694/6694 6675/6675/6675
f 6694/6694/6694 6693/6693/6693 6695/6695/6695
f 4626/4626/4626 4646/4646/4646 4629/4629/4629
f 4617/4617/4617 4538/4538/4538 4540/4540/4540
f 4617/4617/4617 4540/4540/4540 4646/4646/4646
f 4663/4663/4663 4664/4664/4664 4665/4665/4665
f 4626/4626/4626 4627/4627/4627 4646/4646/4646
f 4537/4537/4537 4538/4538/4538 4617/4617/4617
f 6883/6883/6883 6881/6881/6881 6669/6669/6669
f 6669/6669/6669 6881/6881/6881 6880/6880/6880
f 6664/6664/6664 6669/6669/6669 6880/6880/6880
f 6660/6660/6660 6669/6669/6669 6664/6664/6664
f 6661/6661/6661 6660/6660/6660 6662/6662/6662
f 6660/6660/6660 6663/6663/6663 6662/6662/6662
f 6660/6660/6660 6664/6664/6664 6663/6663/6663
f 6662/6662/6662 6663/6663/6663 6668/6668/6668
f 4538/4538/4538 4539/4539/4539 4540/4540/4540
f 4537/4537/4537 4536/4536/4536 4538/4538/4538
f 4536/4536/4536 4539/4539/4539 4538/4538/4538
f 1669/1669/1669 1668/1668/1668 1667/1667/1667
f 1668/1668/1668 1670/1670/1670 1674/1674/1674
f 1669/1669/1669 1670/1670/1670 1668/1668/1668
f 1674/1674/1674 1675/1675/1675 1683/1683/1683
f 1670/1670/1670 1675/1675/1675 1674/1674/1674
f 6941/6941/6941 6942/6942/6942 6943/6943/6943
f 6942/6942/6942 6944/6944/6944 6943/6943/6943
f 1683/1683/1683 1675/1675/1675 1678/1678/1678
f 6881/6881/6881 6882/6882/6882 6880/6880/6880
f 433/433/433 432/432/432 434/434/434
f 663/663/663 661/661/661 667/667/667
f 667/667/667 661/661/661 668/668/668
f 664/664/664 660/660/660 663/663/663
f 663/663/663 660/660/660 661/661/661
f 664/664/664 671/671/671 660/660/660
f 434/434/434 432/432/432 435/435/435
f 435/435/435 432/432/432 436/436/436
f 435/435/435 439/439/439 438/438/438
f 437/437/437 435/435/435 438/438/438
f 434/434/434 435/435/435 437/437/437
f 546/546/546 548/548/548 547/547/547
f 545/545/545 546/546/546 547/547/547
f 543/543/543 546/546/546 545/545/545
f 544/544/544 543/543/543 541/541/541
f 543/543/543 542/542/542 541/541/541
f 543/543/543 545/545/545 542/542/542
f 542/542/542 540/540/540 541/541/541
f 435/435/435 436/436/436 441/441/441
f 441/441/441 436/436/436 442/442/442
f 443/443/443 444/444/444 439/439/439
f 435/435/435 443/443/443 439/439/439
f 441/441/441 443/443/443 435/435/435
f 545/545/545 547/547/547 565/565/565
f 566/566/566 545/545/545 565/565/565
f 562/562/562 545/545/545 566/566/566
f 581/581/581 542/542/542 583/583/583
f 542/542/542 562/562/562 583/583/583
f 542/542/542 545/545/545 562/562/562
f 542/542/542 581/581/581 540/540/540
f 442/442/442 452/452/452 441/441/441
f 441/441/441 452/452/452 443/443/443
f 443/443/443 452/452/452 454/454/454
f 566/566/566 597/597/597 562/562/562
f 562/562/562 597/597/597 586/586/586
f 562/562/562 586/586/586 583/583/583
f 3692/3692/3692 3693/3693/3693 3694/3694/3694
f 4886/4886/4886 4890/4890/4890 4889/4889/4889
f 4889/4889/4889 4890/4890/4890 4891/4891/4891
f 4837/4837/4837 4833/4833/4833 4835/4835/4835
f 4833/4833/4833 4834/4834/4834 4835/4835/4835
f 4833/4833/4833 4832/4832/4832 4834/4834/4834
f 4827/4827/4827 4832/4832/4832 4816/4816/4816
f 4827/4827/4827 4834/4834/4834 4832/4832/4832
f 4818/4818/4818 4816/4816/4816 4817/4817/4817
f 4818/4818/4818 4827/4827/4827 4816/4816/4816
f 5009/5009/5009 5018/5018/5018 5010/5010/5010
f 5018/5018/5018 5051/5051/5051 5010/5010/5010
f 4819/4819/4819 4818/4818/4818 4817/4817/4817
f 5009/5009/5009 5008/5008/5008 5018/5018/5018
f 3689/3689/3689 3691/3691/3691 3692/3692/3692
f 3692/3692/3692 3691/3691/3691 3693/3693/3693
f 3707/3707/3707 3692/3692/3692 3724/3724/3724
f 3689/3689/3689 3692/3692/3692 3707/3707/3707
f 3724/3724/3724 3727/3727/3727 3726/3726/3726
f 3724/3724/3724 3726/3726/3726 3707/3707/3707
f 5007/5007/5007 5009/5009/5009 5010/5010/5010
f 4988/4988/4988 5004/5004/5004 5006/5006/5006
f 5006/5006/5006 5004/5004/5004 5007/5007/5007
f 5004/5004/5004 5008/5008/5008 5007/5007/5007
f 5008/5008/5008 5009/5009/5009 5007/5007/5007
f 4988/4988/4988 5003/5003/5003 5004/5004/5004
f 3689/3689/3689 3690/3690/3690 3691/3691/3691
f 3690/3690/3690 3689/3689/3689 3688/3688/3688
f 3689/3689/3689 3687/3687/3687 3688/3688/3688
f 3689/3689/3689 3707/3707/3707 3687/3687/3687
f 3707/3707/3707 3726/3726/3726 3686/3686/3686
f 3707/3707/3707 3686/3686/3686 3687/3687/3687
f 5104/5104/5104 5113/5113/5113 5110/5110/5110
f 5104/5104/5104 5110/5110/5110 5102/5102/5102
f 5003/5003/5003 4988/4988/4988 4986/4986/4986
f 4988/4988/4988 4987/4987/4987 4986/4986/4986
f 4988/4988/4988 4989/4989/4989 4987/4987/4987
f 4987/4987/4987 4985/4985/4985 4986/4986/4986
f 3687/3687/3687 3685/3685/3685 3688/3688/3688
f 3680/3680/3680 3682/3682/3682 3683/3683/3683
f 3680/3680/3680 3683/3683/3683 3685/3685/3685
f 3686/3686/3686 3680/3680/3680 3685/3685/3685
f 3687/3687/3687 3686/3686/3686 3685/3685/3685
f 3681/3681/3681 3682/3682/3682 3680/3680/3680
f 5112/5112/5112 5113/5113/5113 5104/5104/5104
f 4989/4989/4989 4998/4998/4998 4997/4997/4997
f 4990/4990/4990 4989/4989/4989 4997/4997/4997
f 4987/4987/4987 4989/4989/4989 4990/4990/4990
f 4985/4985/4985 4987/4987/4987 5044/5044/5044
f 4987/4987/4987 4991/4991/4991 5044/5044/5044
f 4987/4987/4987 4990/4990/4990 4991/4991/4991
f 4991/4991/4991 5002/5002/5002 5044/5044/5044
f 3682/3682/3682 3684/3684/3684 3683/3683/3683
f 3681/3681/3681 3708/3708/3708 3682/3682/3682
f 3708/3708/3708 3684/3684/3684 3682/3682/3682
f 1977/1977/1977 1970/1970/1970 1967/1967/1967
f 1975/1975/1975 1970/1970/1970 1977/1977/1977
f 1975/1975/1975 1977/1977/1977 1978/1978/1978
f 921/921/921 913/913/913 937/937/937
f 4990/4990/4990 4997/4997/4997 5041/5041/5041
f 4994/4994/4994 4990/4990/4990 5041/5041/5041
f 4993/4993/4993 4990/4990/4990 4994/4994/4994
f 4990/4990/4990 4992/4992/4992 4991/4991/4991
f 4990/4990/4990 4993/4993/4993 4992/4992/4992
f 5002/5002/5002 4991/4991/4991 4995/4995/4995
f 4995/4995/4995 4991/4991/4991 4992/4992/4992
f 3738/3738/3738 3737/3737/3737 3739/3739/3739
f 902/902/902 901/901/901 898/898/898
f 898/898/898 892/892/892 897/897/897
f 901/901/901 892/892/892 898/898/898
f 921/921/921 897/897/897 913/913/913
f 897/897/897 888/888/888 913/913/913
f 897/897/897 892/892/892 888/888/888
f 913/913/913 888/888/888 912/912/912
f 912/912/912 888/888/888 890/890/890
f 912/912/912 890/890/890 914/914/914
f 914/914/914 890/890/890 900/900/900
f 914/914/914 900/900/900 919/919/919
f 3299/3299/3299 3326/3326/3326 3295/3295/3295
f 3295/3295/3295 3298/3298/3298 3299/3299/3299
f 781/781/781 776/776/776 777/777/777
f 779/779/779 780/780/780 777/777/777
f 777/777/777 780/780/780 781/781/781
f 780/780/780 779/779/779 800/800/800
f 779/779/779 801/801/801 800/800/800
f 3340/3340/3340 3315/3315/3315 3314/3314/3314
f 3312/3312/3312 3315/3315/3315 3316/3316/3316
f 3312/3312/3312 3314/3314/3314 3315/3315/3315
f 3293/3293/3293 3295/3295/3295 3326/3326/3326
f 3386/3386/3386 3387/3387/3387 3388/3388/3388
f 3389/3389/3389 3387/3387/3387 3386/3386/3386
f 3294/3294/3294 3298/3298/3298 3295/3295/3295
f 3293/3293/3293 3294/3294/3294 3295/3295/3295
f 3296/3296/3296 3294/3294/3294 3293/3293/3293
f 3297/3297/3297 3296/3296/3296 3301/3301/3301
f 3297/3297/3297 3294/3294/3294 3296/3296/3296
f 5669/5669/5669 5668/5668/5668 5666/5666/5666
f 5668/5668/5668 5662/5662/5662 5666/5666/5666
f 3302/3302/3302 3297/3297/3297 3301/3301/3301
f 5671/5671/5671 5670/5670/5670 5669/5669/5669
f 5669/5669/5669 5670/5670/5670 5668/5668/5668
f 5671/5671/5671 5694/5694/5694 5670/5670/5670
f 787/787/787 792/792/792 781/781/781
f 781/781/781 792/792/792 776/776/776
f 780/780/780 789/789/789 788/788/788
f 787/787/787 780/780/780 788/788/788
f 781/781/781 780/780/780 787/787/787
f 7/7/7 8/8/8 9/9/9
f 5767/5767/5767 5695/5695/5695 5669/5669/5669
f 5767/5767/5767 5669/5669/5669 5666/5666/5666
f 5669/5669/5669 5672/5672/5672 5671/5671/5671
f 5669/5669/5669 5695/5695/5695 5672/5672/5672
f 5694/5694/5694 5671/5671/5671 5673/5673/5673
f 5673/5673/5673 5671/5671/5671 5672/5672/5672
f 4631/4631/4631 4630/4630/4630 4635/4635/4635
f 787/787/787 798/798/798 792/792/792
f 4635/4635/4635 4642/4642/4642 4634/4634/4634
f 4635/4635/4635 4634/4634/4634 4631/4631/4631
f 10/10/10 11/11/11 12/12/12
f 5695/5695/5695 5655/5655/5655 5660/5660/5660
f 5786/5786/5786 5787/5787/5787 5788/5788/5788
f 5672/5672/5672 5695/5695/5695 5688/5688/5688
f 5673/5673/5673 5672/5672/5672 5674/5674/5674
f 5672/5672/5672 5687/5687/5687 5674/5674/5674
f 5672/5672/5672 5688/5688/5688 5687/5687/5687
f 5687/5687/5687 5757/5757/5757 5674/5674/5674
f 4632/4632/4632 4627/4627/4627 4631/4631/4631
f 4631/4631/4631 4627/4627/4627 4630/4630/4630
f 4631/4631/4631 4634/4634/4634 4633/4633/4633
f 4631/4631/4631 4633/4633/4633 4632/4632/4632
f 5377/5377/5377 5375/5375/5375 5376/5376/5376
f 5377/5377/5377 5376/5376/5376 5379/5379/5379
f 6695/6695/6695 6693/6693/6693 6696/6696/6696
f 6693/6693/6693 6697/6697/6697 6696/6696/6696
f 5376/5376/5376 5375/5375/5375 5374/5374/5374
f 6696/6696/6696 6697/6697/6697 6698/6698/6698
f 6698/6698/6698 6697/6697/6697 6699/6699/6699
f 6698/6698/6698 6699/6699/6699 6700/6700/6700
f 4666/4666/4666 4664/4664/4664 4663/4663/4663
f 4647/4647/4647 4535/4535/4535 4537/4537/4537
f 4647/4647/4647 4537/4537/4537 4617/4617/4617
f 4667/4667/4667 4668/4668/4668 4664/4664/4664
f 4666/4666/4666 4667/4667/4667 4664/4664/4664
f 4534/4534/4534 4535/4535/4535 4647/4647/4647
f 1692/1692/1692 1693/1693/1693 1695/1695/1695
f 1692/1692/1692 1695/1695/1695 1702/1702/1702
f 6664/6664/6664 6665/6665/6665 6663/6663/6663
f 1693/1693/1693 1696/1696/1696 1695/1695/1695
f 6668/6668/6668 6663/6663/6663 6666/6666/6666
f 6666/6666/6666 6663/6663/6663 6665/6665/6665
f 4535/4535/4535 4536/4536/4536 4537/4537/4537
f 4534/4534/4534 4532/4532/4532 4535/4535/4535
f 4532/4532/4532 4536/4536/4536 4535/4535/4535
f 1685/1685/1685 1670/1670/1670 1669/1669/1669
f 1670/1670/1670 1676/1676/1676 1675/1675/1675
f 1685/1685/1685 1676/1676/1676 1670/1670/1670
f 1675/1675/1675 1677/1677/1677 1678/1678/1678
f 1676/1676/1676 1677/1677/1677 1675/1675/1675
f 1702/1702/1702 1678/1678/1678 1692/1692/1692
f 1692/1692/1692 1678/1678/1678 1677/1677/1677
f 421/421/421 413/413/413 420/420/420
f 652/652/652 631/631/631 662/662/662
f 662/662/662 631/631/631 629/629/629
f 657/657/657 636/636/636 652/652/652
f 652/652/652 636/636/636 631/631/631
f 658/658/658 638/638/638 657/657/657
f 657/657/657 638/638/638 636/636/636
f 658/658/658 653/653/653 638/638/638
f 412/412/412 414/414/414 418/418/418
f 412/412/412 418/418/418 413/413/413
f 413/413/413 418/418/418 420/420/420
f 418/418/418 432/432/432 420/420/420
f 432/432/432 433/433/433 420/420/420
f 662/662/662 668/668/668 661/661/661
f 662/662/662 661/661/661 652/652/652
f 652/652/652 661/661/661 660/660/660
f 652/652/652 660/660/660 657/657/657
f 657/657/657 660/660/660 671/671/671
f 669/669/669 657/657/657 671/671/671
f 658/658/658 657/657/657 669/669/669
f 653/653/653 658/658/658 659/659/659
f 658/658/658 666/666/666 659/659/659
f 658/658/658 669/669/669 666/666/666
f 666/666/666 694/694/694 659/659/659
f 418/418/418 414/414/414 417/417/417
f 417/417/417 414/414/414 416/416/416
f 417/417/417 436/436/436 432/432/432
f 417/417/417 432/432/432 418/418/418
f 541/541/541 539/539/539 544/544/544
f 539/539/539 541/541/541 540/540/540
f 538/538/538 539/539/539 540/540/540
f 537/537/537 539/539/539 538/538/538
f 533/533/533 537/537/537 536/536/536
f 536/536/536 537/537/537 538/538/538
f 416/416/416 450/450/450 417/417/417
f 436/436/436 417/417/417 450/450/450
f 446/446/446 436/436/436 450/450/450
f 442/442/442 436/436/436 446/446/446
f 583/583/583 582/582/582 581/581/581
f 582/582/582 576/576/576 581/581/581
f 581/581/581 576/576/576 540/540/540
f 576/576/576 556/556/556 540/540/540
f 556/556/556 538/538/538 540/540/540
f 538/538/538 556/556/556 536/536/536
f 4117/4117/4117 4069/4069/4069 4070/4070/4070
f 4070/4070/4070 4069/4069/4069 4068/4068/4068
f 4068/4068/4068 4066/4066/4066 4067/4067/4067
f 4069/4069/4069 4066/4066/4066 4068/4068/4068
f 4067/4067/4067 4064/4064/4064 4118/4118/4118
f 4066/4066/4066 4064/4064/4064 4067/4067/4067
f 583/583/583 586/586/586 582/582/582
f 586/586/586 577/577/577 582/582/582
f 4118/4118/4118 4064/4064/4064 4063/4063/4063
f 582/582/582 577/577/577 576/576/576
f 4836/4836/4836 4835/4835/4835 4834/4834/4834
f 4827/4827/4827 4839/4839/4839 4834/4834/4834
f 4834/4834/4834 4839/4839/4839 4836/4836/4836
f 4839/4839/4839 4827/4827/4827 4830/4830/4830
f 4827/4827/4827 4821/4821/4821 4830/4830/4830
f 4827/4827/4827 4818/4818/4818 4821/4821/4821
f 4820/4820/4820 4818/4818/4818 4819/4819/4819
f 4820/4820/4820 4821/4821/4821 4818/4818/4818
f 4819/4819/4819 4828/4828/4828 4820/4820/4820
f 4820/4820/4820 4828/4828/4828 4823/4823/4823
f 3729/3729/3729 3726/3726/3726 3728/3728/3728
f 3728/3728/3728 3726/3726/3726 3727/3727/3727
f 3718/3718/3718 3712/3712/3712 3711/3711/3711
f 3729/3729/3729 3718/3718/3718 3711/3711/3711
f 3767/3767/3767 3768/3768/3768 3769/3769/3769
f 3712/3712/3712 3718/3718/3718 3714/3714/3714
f 4841/4841/4841 4823/4823/4823 4828/4828/4828
f 4841/4841/4841 4828/4828/4828 4878/4878/4878
f 5040/5040/5040 5005/5005/5005 5003/5003/5003
f 5005/5005/5005 5004/5004/5004 5003/5003/5003
f 4844/4844/4844 4841/4841/4841 4878/4878/4878
f 5086/5086/5086 5087/5087/5087 5088/5088/5088
f 3709/3709/3709 3686/3686/3686 3729/3729/3729
f 3729/3729/3729 3686/3686/3686 3726/3726/3726
f 3729/3729/3729 3711/3711/3711 3679/3679/3679
f 3729/3729/3729 3679/3679/3679 3709/3709/3709
f 4986/4986/4986 5040/5040/5040 5003/5003/5003
f 4983/4983/4983 4979/4979/4979 4985/4985/4985
f 4985/4985/4985 4979/4979/4979 4986/4986/4986
f 4979/4979/4979 4996/4996/4996 4986/4986/4986
f 4996/4996/4996 5040/5040/5040 4986/4986/4986
f 4984/4984/4984 4975/4975/4975 4983/4983/4983
f 4983/4983/4983 4975/4975/4975 4979/4979/4979
f 4984/4984/4984 4980/4980/4980 4975/4975/4975
f 3709/3709/3709 3680/3680/3680 3686/3686/3686
f 3677/3677/3677 3720/3720/3720 3681/3681/3681
f 3677/3677/3677 3681/3681/3681 3680/3680/3680
f 3679/3679/3679 3677/3677/3677 3680/3680/3680
f 3709/3709/3709 3679/3679/3679 3680/3680/3680
f 3716/3716/3716 3720/3720/3720 3677/3677/3677
f 5044/5044/5044 4983/4983/4983 4985/4985/4985
f 5099/5099/5099 5101/5101/5101 5100/5100/5100
f 5098/5098/5098 5099/5099/5099 5100/5100/5100
f 4984/4984/4984 4983/4983/4983 5046/5046/5046
f 5083/5083/5083 5078/5078/5078 5077/5077/5077
f 5077/5077/5077 5078/5078/5078 5079/5079/5079
f 3720/3720/3720 3708/3708/3708 3681/3681/3681
f 1979/1979/1979 1980/1980/1980 1978/1978/1978
f 1979/1979/1979 1978/1978/1978 1977/1977/1977
f 3761/3761/3761 3763/3763/3763 3762/3762/3762
f 3760/3760/3760 3761/3761/3761 3762/3762/3762
f 1981/1981/1981 1980/1980/1980 1979/1979/1979
f 4995/4995/4995 5072/5072/5072 5046/5046/5046
f 4995/4995/4995 5046/5046/5046 5002/5002/5002
f 5077/5077/5077 5079/5079/5079 5080/5080/5080
f 5079/5079/5079 5081/5081/5081 5080/5080/5080
f 5079/5079/5079 5082/5082/5082 5081/5081/5081
f 5068/5068/5068 5058/5058/5058 5060/5060/5060
f 3736/3736/3736 3737/3737/3737 3738/3738/3738
f 3731/3731/3731 3735/3735/3735 3736/3736/3736
f 3735/3735/3735 3737/3737/3737 3736/3736/3736
f 899/899/899 892/892/892 901/901/901
f 892/892/892 885/885/885 888/888/888
f 899/899/899 885/885/885 892/892/892
f 888/888/888 887/887/887 890/890/890
f 885/885/885 887/887/887 888/888/888
f 887/887/887 889/889/889 891/891/891
f 900/900/900 887/887/887 891/891/891
f 890/890/890 887/887/887 900/900/900
f 891/891/891 903/903/903 900/900/900
f 900/900/900 903/903/903 919/919/919
f 903/903/903 917/917/917 919/919/919
f 917/917/917 920/920/920 919/919/919
f 920/920/920 917/917/917 922/922/922
f 922/922/922 917/917/917 923/923/923
f 922/922/922 923/923/923 933/933/933
f 889/889/889 909/909/909 891/891/891
f 891/891/891 909/909/909 903/903/903
f 3307/3307/3307 3311/3311/3311 3310/3310/3310
f 3326/3326/3326 3299/3299/3299 3310/3310/3310
f 3299/3299/3299 3307/3307/3307 3310/3310/3310
f 3299/3299/3299 3306/3306/3306 3307/3307/3307
f 3378/3378/3378 3383/3383/3383 3385/3385/3385
f 3300/3300/3300 3299/3299/3299 3298/3298/3298
f 3300/3300/3300 3306/3306/3306 3299/3299/3299
f 3381/3381/3381 3382/3382/3382 3378/3378/3378
f 3378/3378/3378 3382/3382/3382 3383/3383/3383
f 3337/3337/3337 3338/3338/3338 3339/3339/3339
f 806/806/806 802/802/802 801/801/801
f 801/801/801 802/802/802 800/800/800
f 3312/3312/3312 3310/3310/3310 3311/3311/3311
f 3313/3313/3313 3312/3312/3312 3311/3311/3311
f 3314/3314/3314 3312/3312/3312 3313/3313/3313
f 3310/3310/3310 3312/3312/3312 3326/3326/3326
f 3379/3379/3379 3378/3378/3378 3385/3385/3385
f 3378/3378/3378 3379/3379/3379 3380/3380/3380
f 3378/3378/3378 3380/3380/3380 3381/3381/3381
f 3303/3303/3303 3338/3338/3338 3337/3337/3337
f 3297/3297/3297 3303/3303/3303 3337/3337/3337
f 3302/3302/3302 3303/3303/3303 3297/3297/3297
f 5686/5686/5686 5668/5668/5668 5670/5670/5670
f 3304/3304/3304 3303/3303/3303 3302/3302/3302
f 5670/5670/5670 5694/5694/5694 5686/5686/5686
f 5790/5790/5790 5792/5792/5792 5791/5791/5791
f 790/790/790 788/788/788 789/789/789
f 797/797/797 790/790/790 789/789/789
f 800/800/800 797/797/797 789/789/789
f 802/802/802 797/797/797 800/800/800
f 5673/5673/5673 5675/5675/5675 5676/5676/5676
f 5679/5679/5679 5673/5673/5673 5676/5676/5676
f 5694/5694/5694 5673/5673/5673 5679/5679/5679
f 5678/5678/5678 5677/5677/5677 5675/5675/5675
f 5675/5675/5675 5677/5677/5677 5676/5676/5676
f 5682/5682/5682 5680/5680/5680 5678/5678/5678
f 5678/5678/5678 5680/5680/5680 5677/5677/5677
f 5682/5682/5682 5689/5689/5689 5680/5680/5680
f 4636/4636/4636 4634/4634/4634 4637/4637/4637
f 4637/4637/4637 4634/4634/4634 4642/4642/4642
f 4637/4637/4637 4649/4649/4649 4644/4644/4644
f 4637/4637/4637 4644/4644/4644 4636/4636/4636
f 5674/5674/5674 5675/5675/5675 5673/5673/5673
f 5675/5675/5675 5674/5674/5674 5757/5757/5757
f 5685/5685/5685 5675/5675/5675 5757/5757/5757
f 5678/5678/5678 5675/5675/5675 5685/5685/5685
f 5678/5678/5678 5683/5683/5683 5682/5682/5682
f 5678/5678/5678 5685/5685/5685 5683/5683/5683
f 5689/5689/5689 5682/5682/5682 5684/5684/5684
f 5684/5684/5684 5682/5682/5682 5683/5683/5683
f 4638/4638/4638 4633/4633/4633 4636/4636/4636
f 4636/4636/4636 4633/4633/4633 4634/4634/4634
f 4675/4675/4675 4676/4676/4676 4673/4673/4673
f 4675/4675/4675 4673/4673/4673 4672/4672/4672
f 5378/5378/5378 5380/5380/5380 5375/5375/5375
f 5378/5378/5378 5375/5375/5375 5377/5377/5377
f 5375/5375/5375 5363/5363/5363 5374/5374/5374
f 5380/5380/5380 5363/5363/5363 5375/5375/5375
f 6697/6697/6697 6866/6866/6866 6699/6699/6699
f 5363/5363/5363 5362/5362/5362 5374/5374/5374
f 6700/6700/6700 6699/6699/6699 6701/6701/6701
f 6699/6699/6699 6702/6702/6702 6701/6701/6701
f 6699/6699/6699 6866/6866/6866 6702/6702/6702
f 5338/5338/5338 5339/5339/5339 5342/5342/5342
f 6703/6703/6703 6701/6701/6701 6702/6702/6702
f 6703/6703/6703 6704/6704/6704 6701/6701/6701
f 6916/6916/6916 6917/6917/6917 6914/6914/6914
f 6705/6705/6705 6704/6704/6704 6703/6703/6703
f 4638/4638/4638 4647/4647/4647 4633/4633/4633
f 4511/4511/4511 4531/4531/4531 4534/4534/4534
f 4511/4511/4511 4534/4534/4534 4647/4647/4647
f 4525/4525/4525 4511/4511/4511 4647/4647/4647
f 4672/4672/4672 4673/4673/4673 4674/4674/4674
f 4524/4524/4524 4531/4531/4531 4511/4511/4511
f 1691/1691/1691 1694/1694/1694 1693/1693/1693
f 1691/1691/1691 1693/1693/1693 1692/1692/1692
f 1693/1693/1693 1697/1697/1697 1696/1696/1696
f 1694/1694/1694 1697/1697/1697 1693/1693/1693
f 1704/1704/1704 1696/1696/1696 1703/1703/1703
f 1703/1703/1703 1696/1696/1696 1697/1697/1697
f 5338/5338/5338 5337/5337/5337 5339/5339/5339
f 6703/6703/6703 6706/6706/6706 6705/6705/6705
f 427/427/427 409/409/409 411/411/411
f 628/628/628 619/619/619 633/633/633
f 633/633/633 619/619/619 620/620/620
f 628/628/628 626/626/626 619/619/619
f 4531/4531/4531 4532/4532/4532 4534/4534/4534
f 4524/4524/4524 4519/4519/4519 4531/4531/4531
f 4519/4519/4519 4532/4532/4532 4531/4531/4531
f 1684/1684/1684 1676/1676/1676 1685/1685/1685
f 1676/1676/1676 1679/1679/1679 1677/1677/1677
f 1684/1684/1684 1679/1679/1679 1676/1676/1676
f 1692/1692/1692 1677/1677/1677 1691/1691/1691
f 1691/1691/1691 1677/1677/1677 1679/1679/1679
f 411/411/411 409/409/409 410/410/410
f 410/410/410 409/409/409 403/403/403
f 410/410/410 413/413/413 421/421/421
f 445/445/445 410/410/410 421/421/421
f 411/411/411 410/410/410 445/445/445
f 627/627/627 626/626/626 628/628/628
f 629/629/629 627/627/627 628/628/628
f 631/631/631 627/627/627 629/629/629
f 635/635/635 631/631/631 636/636/636
f 635/635/635 627/627/627 631/631/631
f 637/637/637 636/636/636 638/638/638
f 637/637/637 635/635/635 636/636/636
f 651/651/651 640/640/640 653/653/653
f 640/640/640 638/638/638 653/653/653
f 640/640/640 637/637/637 638/638/638
f 654/654/654 643/643/643 651/651/651
f 651/651/651 643/643/643 640/640/640
f 654/654/654 650/650/650 643/643/643
f 410/410/410 403/403/403 412/412/412
f 403/403/403 414/414/414 412/412/412
f 403/403/403 415/415/415 414/414/414
f 410/410/410 412/412/412 413/413/413
f 659/659/659 651/651/651 653/653/653
f 651/651/651 659/659/659 694/694/694
f 530/530/530 532/532/532 533/533/533
f 531/531/531 532/532/532 530/530/530
f 650/650/650 654/654/654 655/655/655
f 654/654/654 670/670/670 655/655/655
f 531/531/531 530/530/530 528/528/528
f 670/670/670 695/695/695 655/655/655
f 415/415/415 416/416/416 414/414/414
f 419/419/419 416/416/416 415/415/415
f 536/536/536 535/535/535 530/530/530
f 536/536/536 530/530/530 533/533/533
f 530/530/530 529/529/529 528/528/528
f 530/530/530 535/535/535 529/529/529
f 526/526/526 528/528/528 527/527/527
f 527/527/527 528/528/528 529/529/529
f 419/419/419 451/451/451 416/416/416
f 416/416/416 451/451/451 450/450/450
f 446/446/446 450/450/450 451/451/451
f 4220/4220/4220 4219/4219/4219 4217/4217/4217
f 576/576/576 560/560/560 556/556/556
f 535/535/535 536/536/536 556/556/556
f 560/560/560 535/535/535 556/556/556
f 557/557/557 535/535/535 560/560/560
f 572/572/572 529/529/529 585/585/585
f 529/529/529 557/557/557 585/585/585
f 529/529/529 535/535/535 557/557/557
f 529/529/529 572/572/572 527/527/527
f 4161/4161/4161 4072/4072/4072 4117/4117/4117
f 4117/4117/4117 4072/4072/4072 4069/4069/4069
f 4069/4069/4069 4071/4071/4071 4066/4066/4066
f 4072/4072/4072 4071/4071/4071 4069/4069/4069
f 4066/4066/4066 4065/4065/4065 4064/4064/4064
f 4071/4071/4071 4065/4065/4065 4066/4066/4066
f 4064/4064/4064 4062/4062/4062 4063/4063/4063
f 4065/4065/4065 4062/4062/4062 4064/4064/4064
f 576/576/576 577/577/577 560/560/560
f 577/577/577 595/595/595 560/560/560
f 4063/4063/4063 4062/4062/4062 4060/4060/4060
f 560/560/560 595/595/595 557/557/557
f 557/557/557 595/595/595 591/591/591
f 557/557/557 591/591/591 585/585/585
f 4824/4824/4824 4830/4830/4830 4821/4821/4821
f 4820/4820/4820 4822/4822/4822 4821/4821/4821
f 4821/4821/4821 4822/4822/4822 4824/4824/4824
f 4823/4823/4823 4822/4822/4822 4820/4820/4820
f 3710/3710/3710 3711/3711/3711 3712/3712/3712
f 3714/3714/3714 3713/3713/3713 3712/3712/3712
f 3713/3713/3713 3710/3710/3710 3712/3712/3712
f 3713/3713/3713 3717/3717/3717 3710/3710/3710
f 4898/4898/4898 4899/4899/4899 4900/4900/4900
f 4902/4902/4902 4898/4898/4898 4900/4900/4900
f 4824/4824/4824 4822/4822/4822 4825/4825/4825
f 4826/4826/4826 4822/4822/4822 4823/4823/4823
f 4841/4841/4841 4826/4826/4826 4823/4823/4823
f 4842/4842/4842 4826/4826/4826 4841/4841/4841
f 4843/4843/4843 4841/4841/4841 4844/4844/4844
f 4843/4843/4843 4842/4842/4842 4841/4841/4841
f 5090/5090/5090 5089/5089/5089 5087/5087/5087
f 5089/5089/5089 5088/5088/5088 5087/5087/5087
f 4849/4849/4849 4843/4843/4843 4844/4844/4844
f 4877/4877/4877 4870/4870/4870 4849/4849/4849
f 3678/3678/3678 3679/3679/3679 3710/3710/3710
f 3710/3710/3710 3679/3679/3679 3711/3711/3711
f 3717/3717/3717 3741/3741/3741 3676/3676/3676
f 3678/3678/3678 3717/3717/3717 3676/3676/3676
f 3710/3710/3710 3717/3717/3717 3678/3678/3678
f 3741/3741/3741 3717/3717/3717 3743/3743/3743
f 13/13/13 14/14/14 15/15/15
f 4895/4895/4895 4894/4894/4894 4896/4896/4896
f 4897/4897/4897 4895/4895/4895 4896/4896/4896
f 4975/4975/4975 4972/4972/4972 4979/4979/4979
f 4982/4982/4982 4973/4973/4973 4980/4980/4980
f 4973/4973/4973 4975/4975/4975 4980/4980/4980
f 4973/4973/4973 4972/4972/4972 4975/4975/4975
f 4982/4982/4982 4976/4976/4976 4973/4973/4973
f 3678/3678/3678 3677/3677/3677 3679/3679/3679
f 3675/3675/3675 3719/3719/3719 3716/3716/3716
f 3675/3675/3675 3716/3716/3716 3677/3677/3677
f 3676/3676/3676 3675/3675/3675 3677/3677/3677
f 3678/3678/3678 3676/3676/3676 3677/3677/3677
f 3674/3674/3674 3733/3733/3733 3719/3719/3719
f 3674/3674/3674 3719/3719/3719 3675/3675/3675
f 16/16/16 17/17/17 18/18/18
f 5077/5077/5077 5085/5085/5085 5084/5084/5084
f 5077/5077/5077 5084/5084/5084 5083/5083/5083
f 4976/4976/4976 4982/4982/4982 4978/4978/4978
f 4982/4982/4982 5055/5055/5055 4978/4978/4978
f 4982/4982/4982 5056/5056/5056 5055/5055/5055
f 5055/5055/5055 5061/5061/5061 4978/4978/4978
f 3719/3719/3719 3730/3730/3730 3716/3716/3716
f 3730/3730/3730 3719/3719/3719 3731/3731/3731
f 3719/3719/3719 3734/3734/3734 3731/3731/3731
f 3719/3719/3719 3733/3733/3733 3734/3734/3734
f 3754/3754/3754 3750/3750/3750 3752/3752/3752
f 3754/3754/3754 3752/3752/3752 3755/3755/3755
f 5080/5080/5080 5085/5085/5085 5077/5077/5077
f 5056/5056/5056 5060/5060/5060 5058/5058/5058
f 5057/5057/5057 5056/5056/5056 5058/5058/5058
f 5055/5055/5055 5056/5056/5056 5057/5057/5057
f 5061/5061/5061 5055/5055/5055 5059/5059/5059
f 5059/5059/5059 5055/5055/5055 5057/5057/5057
f 2194/2194/2194 2196/2196/2196 2197/2197/2197
f 4780/4780/4780 4778/4778/4778 4779/4779/4779
f 3734/3734/3734 3735/3735/3735 3731/3731/3731
f 3616/3616/3616 3632/3632/3632 3734/3734/3734
f 3757/3757/3757 3758/3758/3758 3759/3759/3759
f 895/895/895 885/885/885 899/899/899
f 885/885/885 886/886/886 887/887/887
f 895/895/895 886/886/886 885/885/885
f 889/889/889 887/887/887 886/886/886
f 889/889/889 886/886/886 893/893/893
f 903/903/903 916/916/916 917/917/917
f 918/918/918 923/923/923 917/917/917
f 918/918/918 917/917/917 916/916/916
f 918/918/918 924/924/924 923/923/923
f 923/923/923 924/924/924 933/933/933
f 924/924/924 934/934/934 933/933/933
f 934/934/934 935/935/935 933/933/933
f 935/935/935 934/934/934 939/939/939
f 967/967/967 964/964/964 966/966/966
f 966/966/966 964/964/964 965/965/965
f 893/893/893 905/905/905 889/889/889
f 889/889/889 905/905/905 909/909/909
f 903/903/903 909/909/909 916/916/916
f 909/909/909 907/907/907 916/916/916
f 909/909/909 905/905/905 907/907/907
f 916/916/916 907/907/907 918/918/918
f 918/918/918 907/907/907 915/915/915
f 918/918/918 915/915/915 924/924/924
f 811/811/811 808/808/808 812/812/812
f 5330/5330/5330 5329/5329/5329 5316/5316/5316
f 5329/5329/5329 5315/5315/5315 5316/5316/5316
f 3307/3307/3307 3306/3306/3306 3308/3308/3308
f 3327/3327/3327 3306/3306/3306 3300/3300/3300
f 3327/3327/3327 3308/3308/3308 3306/3306/3306
f 3384/3384/3384 3383/3383/3383 3382/3382/3382
f 3377/3377/3377 3327/3327/3327 3300/3300/3300
f 3392/3392/3392 3394/3394/3394 3393/3393/3393
f 3370/3370/3370 3339/3339/3339 3338/3338/3338
f 3370/3370/3370 3377/3377/3377 3339/3339/3339
f 3335/3335/3335 3334/3334/3334 3370/3370/3370
f 803/803/803 802/802/802 806/806/806
f 807/807/807 803/803/803 806/806/806
f 807/807/807 806/806/806 808/808/808
f 809/809/809 807/807/807 808/808/808
f 811/811/811 809/809/809 808/808/808
f 5327/5327/5327 5330/5330/5330 5316/5316/5316
f 3391/3391/3391 3392/3392/3392 3393/3393/3393
f 3305/3305/3305 3334/3334/3334 3335/3335/3335
f 3303/3303/3303 3305/3305/3305 3335/3335/3335
f 3304/3304/3304 3305/3305/3305 3303/3303/3303
f 5681/5681/5681 5768/5768/5768 5679/5679/5679
f 5789/5789/5789 5790/5790/5790 5791/5791/5791
f 3309/3309/3309 3305/3305/3305 3304/3304/3304
f 5760/5760/5760 5763/5763/5763 5681/5681/5681
f 5681/5681/5681 5763/5763/5763 5768/5768/5768
f 5761/5761/5761 5762/5762/5762 5760/5760/5760
f 5760/5760/5760 5762/5762/5762 5763/5763/5763
f 5798/5798/5798 5802/5802/5802 5800/5800/5800
f 5800/5800/5800 5802/5802/5802 5803/5803/5803
f 5734/5734/5734 5732/5732/5732 5733/5733/5733
f 804/804/804 797/797/797 803/803/803
f 803/803/803 797/797/797 802/802/802
f 803/803/803 807/807/807 805/805/805
f 803/803/803 805/805/805 804/804/804
f 5676/5676/5676 5681/5681/5681 5679/5679/5679
f 5681/5681/5681 5676/5676/5676 5677/5677/5677
f 5681/5681/5681 5677/5677/5677 5760/5760/5760
f 5760/5760/5760 5677/5677/5677 5680/5680/5680
f 5760/5760/5760 5680/5680/5680 5761/5761/5761
f 5800/5800/5800 5804/5804/5804 5801/5801/5801
f 5799/5799/5799 5800/5800/5800 5801/5801/5801
f 5798/5798/5798 5800/5800/5800 5799/5799/5799
f 5732/5732/5732 5734/5734/5734 5741/5741/5741
f 5797/5797/5797 5798/5798/5798 5799/5799/5799
f 4508/4508/4508 4644/4644/4644 4507/4507/4507
f 4507/4507/4507 4644/4644/4644 4649/4649/4649
f 4507/4507/4507 4505/4505/4505 4506/4506/4506
f 4507/4507/4507 4506/4506/4506 4508/4508/4508
f 5684/5684/5684 5697/5697/5697 5696/5696/5696
f 5684/5684/5684 5696/5696/5696 5689/5689/5689
f 5741/5741/5741 5696/5696/5696 5699/5699/5699
f 5696/5696/5696 5698/5698/5698 5699/5699/5699
f 5696/5696/5696 5697/5697/5697 5698/5698/5698
f 5698/5698/5698 5700/5700/5700 5699/5699/5699
f 4510/4510/4510 4525/4525/4525 4508/4508/4508
f 4508/4508/4508 4525/4525/4525 4644/4644/4644
f 4508/4508/4508 4506/4506/4506 4509/4509/4509
f 4508/4508/4508 4509/4509/4509 4510/4510/4510
f 5357/5357/5357 5352/5352/5352 5380/5380/5380
f 5387/5387/5387 5388/5388/5388 5389/5389/5389
f 5380/5380/5380 5359/5359/5359 5363/5363/5363
f 5352/5352/5352 5359/5359/5359 5380/5380/5380
f 5363/5363/5363 5360/5360/5360 5362/5362/5362
f 5359/5359/5359 5360/5360/5360 5363/5363/5363
f 5390/5390/5390 5391/5391/5391 5392/5392/5392
f 5360/5360/5360 5361/5361/5361 5362/5362/5362
f 5393/5393/5393 5392/5392/5392 5391/5391/5391
f 5393/5393/5393 5391/5391/5391 5394/5394/5394
f 6705/6705/6705 6707/6707/6707 6851/6851/6851
f 6914/6914/6914 6915/6915/6915 6916/6916/6916
f 6718/6718/6718 6879/6879/6879 6709/6709/6709
f 6879/6879/6879 6707/6707/6707 6709/6709/6709
f 6879/6879/6879 6851/6851/6851 6707/6707/6707
f 6879/6879/6879 6718/6718/6718 6719/6719/6719
f 426/426/426 400/400/400 401/401/401
f 617/617/617 610/610/610 665/665/665
f 665/665/665 610/610/610 621/621/621
f 617/617/617 609/609/609 610/610/610
f 4510/4510/4510 4511/4511/4511 4525/4525/4525
f 4512/4512/4512 4516/4516/4516 4524/4524/4524
f 4512/4512/4512 4524/4524/4524 4511/4511/4511
f 4509/4509/4509 4512/4512/4512 4511/4511/4511
f 4510/4510/4510 4509/4509/4509 4511/4511/4511
f 4514/4514/4514 4517/4517/4517 4516/4516/4516
f 4514/4514/4514 4516/4516/4516 4512/4512/4512
f 1694/1694/1694 1691/1691/1691 1698/1698/1698
f 1701/1701/1701 1694/1694/1694 1698/1698/1698
f 1700/1700/1700 1694/1694/1694 1701/1701/1701
f 1694/1694/1694 1699/1699/1699 1697/1697/1697
f 1700/1700/1700 1699/1699/1699 1694/1694/1694
f 1703/1703/1703 1697/1697/1697 1705/1705/1705
f 1705/1705/1705 1697/1697/1697 1699/1699/1699
f 5340/5340/5340 5336/5336/5336 5338/5338/5338
f 5338/5338/5338 5336/5336/5336 5337/5337/5337
f 6705/6705/6705 6706/6706/6706 6707/6707/6707
f 6706/6706/6706 6708/6708/6708 6707/6707/6707
f 5337/5337/5337 5336/5336/5336 5335/5335/5335
f 6707/6707/6707 6708/6708/6708 6709/6709/6709
f 401/401/401 400/400/400 394/394/394
f 394/394/394 400/400/400 395/395/395
f 394/394/394 409/409/409 427/427/427
f 431/431/431 394/394/394 427/427/427
f 401/401/401 394/394/394 431/431/431
f 611/611/611 609/609/609 617/617/617
f 620/620/620 611/611/611 617/617/617
f 619/619/619 611/611/611 620/620/620
f 625/625/625 613/613/613 626/626/626
f 613/613/613 619/619/619 626/626/626
f 613/613/613 611/611/611 619/619/619
f 625/625/625 614/614/614 613/613/613
f 4516/4516/4516 4519/4519/4519 4524/4524/4524
f 4519/4519/4519 4516/4516/4516 4518/4518/4518
f 4518/4518/4518 4516/4516/4516 4517/4517/4517
f 1679/1679/1679 1698/1698/1698 1691/1691/1691
f 394/394/394 395/395/395 396/396/396
f 396/396/396 395/395/395 397/397/397
f 396/396/396 403/403/403 409/409/409
f 396/396/396 409/409/409 394/394/394
f 627/627/627 625/625/625 626/626/626
f 630/630/630 614/614/614 625/625/625
f 627/627/627 630/630/630 625/625/625
f 635/635/635 630/630/630 627/627/627
f 639/639/639 635/635/635 637/637/637
f 639/639/639 630/630/630 635/635/635
f 641/641/641 637/637/637 640/640/640
f 641/641/641 639/639/639 637/637/637
f 642/642/642 640/640/640 643/643/643
f 642/642/642 641/641/641 640/640/640
f 649/649/649 644/644/644 650/650/650
f 644/644/644 643/643/643 650/650/650
f 644/644/644 642/642/642 643/643/643
f 656/656/656 647/647/647 649/649/649
f 649/649/649 647/647/647 644/644/644
f 656/656/656 678/678/678 647/647/647
f 396/396/396 397/397/397 398/398/398
f 398/398/398 397/397/397 399/399/399
f 398/398/398 415/415/415 403/403/403
f 398/398/398 403/403/403 396/396/396
f 655/655/655 649/649/649 650/650/650
f 649/649/649 655/655/655 695/695/695
f 523/523/523 525/525/525 526/526/526
f 524/524/524 525/525/525 523/523/523
f 678/678/678 656/656/656 679/679/679
f 656/656/656 680/680/680 679/679/679
f 524/524/524 523/523/523 519/519/519
f 680/680/680 691/691/691 679/679/679
f 399/399/399 447/447/447 398/398/398
f 415/415/415 398/398/398 447/447/447
f 453/453/453 415/415/415 447/447/447
f 419/419/419 415/415/415 453/453/453
f 527/527/527 534/534/534 523/523/523
f 527/527/527 523/523/523 526/526/526
f 523/523/523 520/520/520 519/519/519
f 523/523/523 534/534/534 520/520/520
f 518/518/518 519/519/519 517/517/517
f 517/517/517 519/519/519 520/520/520
f 4082/4082/4082 4079/4079/4079 4081/4081/4081
f 4081/4081/4081 4079/4079/4079 4080/4080/4080
f 4215/4215/4215 4216/4216/4216 4217/4217/4217
f 4219/4219/4219 4215/4215/4215 4217/4217/4217
f 4079/4079/4079 4076/4076/4076 4080/4080/4080
f 4075/4075/4075 4074/4074/4074 4076/4076/4076
f 585/585/585 575/575/575 572/572/572
f 534/534/534 527/527/527 572/572/572
f 575/575/575 534/534/534 572/572/572
f 574/574/574 534/534/534 575/575/575
f 571/571/571 520/520/520 578/578/578
f 520/520/520 574/574/574 578/578/578
f 520/520/520 534/534/534 574/574/574
f 520/520/520 571/571/571 517/517/517
f 4216/4216/4216 4218/4218/4218 4217/4217/4217
f 4075/4075/4075 4073/4073/4073 4074/4074/4074
f 4073/4073/4073 4072/4072/4072 4074/4074/4074
f 4073/4073/4073 4071/4071/4071 4072/4072/4072
f 4071/4071/4071 4116/4116/4116 4065/4065/4065
f 4073/4073/4073 4116/4116/4116 4071/4071/4071
f 4065/4065/4065 4173/4173/4173 4062/4062/4062
f 4116/4116/4116 4173/4173/4173 4065/4065/4065
f 4062/4062/4062 4059/4059/4059 4060/4060/4060
f 4173/4173/4173 4059/4059/4059 4062/4062/4062
f 4060/4060/4060 4058/4058/4058 4061/4061/4061
f 4059/4059/4059 4058/4058/4058 4060/4060/4060
f 585/585/585 591/591/591 575/575/575
f 591/591/591 593/593/593 575/575/575
f 4061/4061/4061 4058/4058/4058 4120/4120/4120
f 575/575/575 593/593/593 574/574/574
f 574/574/574 593/593/593 579/579/579
f 574/574/574 579/579/579 578/578/578
f 4901/4901/4901 4900/4900/4900 4899/4899/4899
f 4842/4842/4842 4871/4871/4871 4826/4826/4826
f 4826/4826/4826 4871/4871/4871 4872/4872/4872
f 4871/4871/4871 4842/4842/4842 4862/4862/4862
f 4842/4842/4842 4845/4845/4845 4862/4862/4862
f 4842/4842/4842 4843/4843/4843 4845/4845/4845
f 4846/4846/4846 4843/4843/4843 4849/4849/4849
f 4846/4846/4846 4845/4845/4845 4843/4843/4843
f 4849/4849/4849 4870/4870/4870 4846/4846/4846
f 4846/4846/4846 4870/4870/4870 4850/4850/4850
f 3673/3673/3673 3676/3676/3676 3741/3741/3741
f 3743/3743/3743 3672/3672/3672 3741/3741/3741
f 3672/3672/3672 3673/3673/3673 3741/3741/3741
f 3672/3672/3672 3671/3671/3671 3673/3673/3673
f 3670/3670/3670 3669/3669/3669 3668/3668/3668
f 3671/3671/3671 3670/3670/3670 3668/3668/3668
f 3672/3672/3672 3670/3670/3670 3671/3671/3671
f 4875/4875/4875 4871/4871/4871 4862/4862/4862
f 4892/4892/4892 4893/4893/4893 4894/4894/4894
f 4892/4892/4892 4894/4894/4894 4895/4895/4895
f 4971/4971/4971 4972/4972/4972 4973/4973/4973
f 4873/4873/4873 4864/4864/4864 4874/4874/4874
f 4977/4977/4977 4974/4974/4974 4976/4976/4976
f 4974/4974/4974 4973/4973/4973 4976/4976/4976
f 4974/4974/4974 4971/4971/4971 4973/4973/4973
f 4977/4977/4977 4981/4981/4981 4974/4974/4974
f 3673/3673/3673 3675/3675/3675 3676/3676/3676
f 3675/3675/3675 3673/3673/3673 3674/3674/3674
f 3674/3674/3674 3673/3673/3673 3671/3671/3671
f 3750/3750/3750 3756/3756/3756 3753/3753/3753
f 3751/3751/3751 3750/3750/3750 3753/3753/3753
f 3749/3749/3749 3750/3750/3750 3751/3751/3751
f 4978/4978/4978 4977/4977/4977 4976/4976/4976
f 4711/4711/4711 4714/4714/4714 4717/4717/4717
f 5061/5061/5061 5069/5069/5069 4978/4978/4978
f 5069/5069/5069 4981/4981/4981 4978/4978/4978
f 4981/4981/4981 4977/4977/4977 4978/4978/4978
f 4711/4711/4711 4713/4713/4713 4714/4714/4714
f 3615/3615/3615 3616/3616/3616 3617/3617/3617
f 3616/3616/3616 3630/3630/3630 3617/3617/3617
f 3752/3752/3752 3750/3750/3750 3749/3749/3749
f 3618/3618/3618 3619/3619/3619 3615/3615/3615
f 3618/3618/3618 3615/3615/3615 3617/3617/3617
f 3633/3633/3633 3619/3619/3619 3618/3618/3618
f 5059/5059/5059 5063/5063/5063 5062/5062/5062
f 5059/5059/5059 5062/5062/5062 5061/5061/5061
f 2194/2194/2194 2195/2195/2195 2196/2196/2196
f 4710/4710/4710 4711/4711/4711 4712/4712/4712
f 2565/2565/2565 2566/2566/2566 2567/2567/2567
f 4711/4711/4711 4710/4710/4710 4713/4713/4713
f 4779/4779/4779 4778/4778/4778 4710/4710/4710
f 4710/4710/4710 4778/4778/4778 4777/4777/4777
f 3615/3615/3615 3632/3632/3632 3616/3616/3616
f 895/895/895 894/894/894 886/886/886
f 894/894/894 895/895/895 896/896/896
f 3615/3615/3615 3621/3621/3621 3632/3632/3632
f 3621/3621/3621 3615/3615/3615 3620/3620/3620
f 3619/3619/3619 3620/3620/3620 3615/3615/3615
f 3619/3619/3619 3633/3633/3633 3620/3620/3620
f 886/886/886 894/894/894 893/893/893
f 924/924/924 927/927/927 934/934/934
f 5063/5063/5063 5059/5059/5059 5064/5064/5064
f 5065/5065/5065 5063/5063/5063 5064/5064/5064
f 5066/5066/5066 5063/5063/5063 5065/5065/5065
f 930/930/930 964/964/964 967/967/967
f 2566/2566/2566 2568/2568/2568 2567/2567/2567
f 5066/5066/5066 5067/5067/5067 5063/5063/5063
f 930/930/930 932/932/932 964/964/964
f 932/932/932 965/965/965 964/964/964
f 4775/4775/4775 4777/4777/4777 4778/4778/4778
f 1234/1234/1234 1236/1236/1236 1232/1232/1232
f 1232/1232/1232 1236/1236/1236 1235/1235/1235
f 904/904/904 905/905/905 893/893/893
f 894/894/894 904/904/904 893/893/893
f 1232/1232/1232 1231/1231/1231 1234/1234/1234
f 906/906/906 907/907/907 905/905/905
f 906/906/906 905/905/905 904/904/904
f 908/908/908 915/915/915 907/907/907
f 908/908/908 907/907/907 906/906/906
f 908/908/908 925/925/925 915/915/915
f 915/915/915 925/925/925 924/924/924
f 925/925/925 926/926/926 924/924/924
f 926/926/926 927/927/927 924/924/924
f 927/927/927 926/926/926 928/928/928
f 928/928/928 926/926/926 929/929/929
f 928/928/928 929/929/929 930/930/930
f 930/930/930 929/929/929 931/931/931
f 930/930/930 931/931/931 932/932/932
f 5313/5313/5313 5312/5312/5312 5315/5315/5315
f 5315/5315/5315 5312/5312/5312 5316/5316/5316
f 3375/3375/3375 3308/3308/3308 3327/3327/3327
f 3375/3375/3375 3376/3376/3376 3308/3308/3308
f 3395/3395/3395 3396/3396/3396 3397/3397/3397
f 3395/3395/3395 3398/3398/3398 3396/3396/3396
f 3356/3356/3356 3377/3377/3377 3370/3370/3370
f 3356/3356/3356 3363/3363/3363 3377/3377/3377
f 3370/3370/3370 3334/3334/3334 3356/3356/3356
f 3356/3356/3356 3334/3334/3334 3355/3355/3355
f 1232/1232/1232 1235/1235/1235 1233/1233/1233
f 1233/1233/1233 1235/1235/1235 1237/1237/1237
f 943/943/943 904/904/904 944/944/944
f 904/904/904 946/946/946 944/944/944
f 1231/1231/1231 1232/1232/1232 1233/1233/1233
f 945/945/945 942/942/942 943/943/943
f 942/942/942 904/904/904 943/943/943
f 942/942/942 906/906/906 904/904/904
f 940/940/940 908/908/908 941/941/941
f 908/908/908 942/942/942 941/941/941
f 908/908/908 906/906/906 942/942/942
f 908/908/908 940/940/940 925/925/925
f 810/810/810 807/807/807 809/809/809
f 5311/5311/5311 5317/5317/5317 5327/5327/5327
f 5316/5316/5316 5311/5311/5311 5327/5327/5327
f 5312/5312/5312 5311/5311/5311 5316/5316/5316
f 3333/3333/3333 3355/3355/3355 3334/3334/3334
f 3333/3333/3333 3334/3334/3334 3305/3305/3305
f 3328/3328/3328 3305/3305/3305 3309/3309/3309
f 3328/3328/3328 3333/3333/3333 3305/3305/3305
f 3336/3336/3336 3342/3342/3342 3341/3341/3341
f 3328/3328/3328 3336/3336/3336 3341/3341/3341
f 3309/3309/3309 3336/3336/3336 3328/3328/3328
f 3344/3344/3344 3349/3349/3349 3342/3342/3342
f 3336/3336/3336 3344/3344/3344 3342/3342/3342
f 3345/3345/3345 3344/3344/3344 3336/3336/3336
f 3346/3346/3346 3348/3348/3348 3347/3347/3347
f 3344/3344/3344 3346/3346/3346 3347/3347/3347
f 3345/3345/3345 3346/3346/3346 3344/3344/3344
f 5731/5731/5731 5729/5729/5729 5732/5732/5732
f 5732/5732/5732 5729/5729/5729 5733/5733/5733
f 3351/3351/3351 3350/3350/3350 3346/3346/3346
f 3350/3350/3350 3348/3348/3348 3346/3346/3346
f 5731/5731/5731 5728/5728/5728 5729/5729/5729
f 4503/4503/4503 4505/4505/4505 4504/4504/4504
f 4504/4504/4504 4505/4505/4505 4526/4526/4526
f 5317/5317/5317 5311/5311/5311 5314/5314/5314
f 4504/4504/4504 4502/4502/4502 4503/4503/4503
f 5741/5741/5741 5764/5764/5764 5731/5731/5731
f 5741/5741/5741 5731/5731/5731 5732/5732/5732
f 5728/5728/5728 5731/5731/5731 5769/5769/5769
f 5769/5769/5769 5731/5731/5731 5764/5764/5764
f 4527/4527/4527 4506/4506/4506 4503/4503/4503
f 4503/4503/4503 4506/4506/4506 4505/4505/4505
f 4503/4503/4503 4502/4502/4502 4501/4501/4501
f 4503/4503/4503 4501/4501/4501 4527/4527/4527
f 5793/5793/5793 5794/5794/5794 5795/5795/5795
f 5702/5702/5702 5701/5701/5701 5700/5700/5700
f 5700/5700/5700 5701/5701/5701 5699/5699/5699
f 5701/5701/5701 5769/5769/5769 5699/5699/5699
f 5796/5796/5796 5794/5794/5794 5793/5793/5793
f 5702/5702/5702 5703/5703/5703 5701/5701/5701
f 430/430/430 429/429/429 425/425/425
f 618/618/618 616/616/616 624/624/624
f 4513/4513/4513 4509/4509/4509 4527/4527/4527
f 4527/4527/4527 4509/4509/4509 4506/4506/4506
f 4677/4677/4677 4678/4678/4678 4679/4679/4679
f 4681/4681/4681 4677/4677/4677 4679/4679/4679
f 4513/4513/4513 4527/4527/4527 4515/4515/4515
f 4522/4522/4522 4521/4521/4521 4515/4515/4515
f 4683/4683/4683 4681/4681/4681 4679/4679/4679
f 5353/5353/5353 5354/5354/5354 5355/5355/5355
f 4523/4523/4523 4521/4521/4521 4522/4522/4522
f 5352/5352/5352 5357/5357/5357 5354/5354/5354
f 5353/5353/5353 5352/5352/5352 5354/5354/5354
f 5351/5351/5351 5352/5352/5352 5353/5353/5353
f 5352/5352/5352 5350/5350/5350 5359/5359/5359
f 5351/5351/5351 5350/5350/5350 5352/5352/5352
f 5359/5359/5359 5347/5347/5347 5360/5360/5360
f 5350/5350/5350 5347/5347/5347 5359/5359/5359
f 5384/5384/5384 5381/5381/5381 5383/5383/5383
f 5385/5385/5385 5384/5384/5384 5383/5383/5383
f 5360/5360/5360 5347/5347/5347 5361/5361/5361
f 19/19/19 20/20/20 21/21/21
f 6709/6709/6709 6712/6712/6712 6718/6718/6718
f 6717/6717/6717 6719/6719/6719 6718/6718/6718
f 6712/6712/6712 6717/6717/6717 6718/6718/6718
f 6713/6713/6713 6717/6717/6717 6712/6712/6712
f 6889/6889/6889 6717/6717/6717 6741/6741/6741
f 6741/6741/6741 6717/6717/6717 6713/6713/6713
f 422/422/422 407/407/407 408/408/408
f 422/422/422 408/408/408 429/429/429
f 429/429/429 408/408/408 425/425/425
f 408/408/408 400/400/400 425/425/425
f 400/400/400 426/426/426 425/425/425
f 606/606/606 616/616/616 618/618/618
f 621/621/621 606/606/606 618/618/618
f 610/610/610 606/606/606 621/621/621
f 610/610/610 609/609/609 606/606/606
f 606/606/606 609/609/609 604/604/604
f 4513/4513/4513 4512/4512/4512 4509/4509/4509
f 4512/4512/4512 4513/4513/4513 4514/4514/4514
f 4514/4514/4514 4513/4513/4513 4515/4515/4515
f 4514/4514/4514 4515/4515/4515 4520/4520/4520
f 4520/4520/4520 4515/4515/4515 4521/4521/4521
f 1700/1700/1700 1706/1706/1706 1699/1699/1699
f 5356/5356/5356 5355/5355/5355 5354/5354/5354
f 5356/5356/5356 5354/5354/5354 5357/5357/5357
f 5381/5381/5381 5382/5382/5382 5383/5383/5383
f 5383/5383/5383 5382/5382/5382 5386/5386/5386
f 5343/5343/5343 5336/5336/5336 5340/5340/5340
f 5343/5343/5343 5333/5333/5333 5336/5336/5336
f 5333/5333/5333 5332/5332/5332 5334/5334/5334
f 5335/5335/5335 5333/5333/5333 5334/5334/5334
f 5336/5336/5336 5333/5333/5333 5335/5335/5335
f 5334/5334/5334 5341/5341/5341 5335/5335/5335
f 6708/6708/6708 6710/6710/6710 6709/6709/6709
f 6710/6710/6710 6711/6711/6711 6709/6709/6709
f 6711/6711/6711 6712/6712/6712 6709/6709/6709
f 6712/6712/6712 6711/6711/6711 6713/6713/6713
f 6713/6713/6713 6711/6711/6711 6714/6714/6714
f 6713/6713/6713 6714/6714/6714 6741/6741/6741
f 408/408/408 407/407/407 402/402/402
f 402/402/402 407/407/407 405/405/405
f 402/402/402 395/395/395 400/400/400
f 402/402/402 400/400/400 408/408/408
f 608/608/608 604/604/604 609/609/609
f 608/608/608 609/609/609 611/611/611
f 612/612/612 611/611/611 613/613/613
f 612/612/612 608/608/608 611/611/611
f 613/613/613 614/614/614 612/612/612
f 612/612/612 614/614/614 615/615/615
f 6902/6902/6902 6901/6901/6901 6905/6905/6905
f 6909/6909/6909 6908/6908/6908 6907/6907/6907
f 402/402/402 405/405/405 404/404/404
f 404/404/404 405/405/405 406/406/406
f 404/404/404 397/397/397 395/395/395
f 404/404/404 395/395/395 402/402/402
f 634/634/634 615/615/615 614/614/614
f 634/634/634 614/614/614 630/630/630
f 696/696/696 630/630/630 639/639/639
f 696/696/696 634/634/634 630/630/630
f 697/697/697 639/639/639 641/641/641
f 697/697/697 696/696/696 639/639/639
f 673/673/673 641/641/641 642/642/642
f 673/673/673 697/697/697 641/641/641
f 645/645/645 642/642/642 644/644/644
f 645/645/645 673/673/673 642/642/642
f 646/646/646 644/644/644 647/647/647
f 646/646/646 645/645/645 644/644/644
f 676/676/676 648/648/648 678/678/678
f 648/648/648 647/647/647 678/678/678
f 648/648/648 646/646/646 647/647/647
f 677/677/677 675/675/675 676/676/676
f 676/676/676 675/675/675 648/648/648
f 458/458/458 461/461/461 460/460/460
f 460/460/460 461/461/461 469/469/469
f 458/458/458 457/457/457 461/461/461
f 406/406/406 448/448/448 404/404/404
f 397/397/397 404/404/404 448/448/448
f 449/449/449 397/397/397 448/448/448
f 399/399/399 397/397/397 449/449/449
f 679/679/679 676/676/676 678/678/678
f 521/521/521 522/522/522 518/518/518
f 500/500/500 521/521/521 518/518/518
f 460/460/460 521/521/521 500/500/500
f 460/460/460 459/459/459 458/458/458
f 460/460/460 500/500/500 459/459/459
f 457/457/457 458/458/458 455/455/455
f 455/455/455 458/458/458 459/459/459
f 4156/4156/4156 4157/4157/4157 4158/4158/4158
f 4158/4158/4158 4157/4157/4157 4159/4159/4159
f 4203/4203/4203 4209/4209/4209 4208/4208/4208
f 4207/4207/4207 4203/4203/4203 4208/4208/4208
f 4206/4206/4206 4203/4203/4203 4207/4207/4207
f 4210/4210/4210 4209/4209/4209 4203/4203/4203
f 517/517/517 516/516/516 500/500/500
f 517/517/517 500/500/500 518/518/518
f 500/500/500 478/478/478 459/459/459
f 500/500/500 516/516/516 478/478/478
f 455/455/455 459/459/459 477/477/477
f 477/477/477 459/459/459 478/478/478
f 4083/4083/4083 4079/4079/4079 4082/4082/4082
f 4163/4163/4163 4078/4078/4078 4083/4083/4083
f 4078/4078/4078 4079/4079/4079 4083/4083/4083
f 4078/4078/4078 4076/4076/4076 4079/4079/4079
f 4077/4077/4077 4115/4115/4115 4075/4075/4075
f 4076/4076/4076 4077/4077/4077 4075/4075/4075
f 4078/4078/4078 4077/4077/4077 4076/4076/4076
f 4093/4093/4093 4115/4115/4115 4077/4077/4077
f 578/578/578 568/568/568 571/571/571
f 516/516/516 517/517/517 571/571/571
f 568/568/568 516/516/516 571/571/571
f 567/567/567 516/516/516 568/568/568
f 555/555/555 478/478/478 563/563/563
f 478/478/478 567/567/567 563/563/563
f 478/478/478 516/516/516 567/567/567
f 478/478/478 555/555/555 477/477/477
f 4115/4115/4115 4073/4073/4073 4075/4075/4075
f 4093/4093/4093 4095/4095/4095 4115/4115/4115
f 4211/4211/4211 4212/4212/4212 4213/4213/4213
f 4211/4211/4211 4214/4214/4214 4212/4212/4212
f 4116/4116/4116 4096/4096/4096 4173/4173/4173
f 4095/4095/4095 4096/4096/4096 4116/4116/4116
f 4173/4173/4173 4119/4119/4119 4059/4059/4059
f 4096/4096/4096 4119/4119/4119 4173/4173/4173
f 4059/4059/4059 4057/4057/4057 4058/4058/4058
f 4119/4119/4119 4057/4057/4057 4059/4059/4059
f 4058/4058/4058 4056/4056/4056 4120/4120/4120
f 4057/4057/4057 4056/4056/4056 4058/4058/4058
f 4120/4120/4120 4145/4145/4145 4146/4146/4146
f 4056/4056/4056 4145/4145/4145 4120/4120/4120
f 578/578/578 579/579/579 568/568/568
f 579/579/579 594/594/594 568/568/568
f 4146/4146/4146 4145/4145/4145 4144/4144/4144
f 568/568/568 594/594/594 567/567/567
f 567/567/567 594/594/594 564/564/564
f 567/567/567 564/564/564 563/563/563
f 4848/4848/4848 4862/4862/4862 4845/4845/4845
f 4846/4846/4846 4847/4847/4847 4845/4845/4845
f 4845/4845/4845 4847/4847/4847 4848/4848/4848
f 4850/4850/4850 4847/4847/4847 4846/4846/4846
f 3624/3624/3624 3668/3668/3668 3669/3669/3669
f 4862/4862/4862 4848/4848/4848 4875/4875/4875
f 4848/4848/4848 4876/4876/4876 4875/4875/4875
f 3626/3626/3626 3625/3625/3625 3624/3624/3624
f 4847/4847/4847 4851/4851/4851 4852/4852/4852
f 3625/3625/3625 3627/3627/3627 3634/3634/3634
f 3626/3626/3626 3627/3627/3627 3625/3625/3625
f 4851/4851/4851 4847/4847/4847 4850/4850/4850
f 4864/4864/4864 4851/4851/4851 4850/4850/4850
f 4856/4856/4856 4851/4851/4851 4864/4864/4864
f 4859/4859/4859 4864/4864/4864 4873/4873/4873
f 4859/4859/4859 4856/4856/4856 4864/4864/4864
f 4863/4863/4863 4873/4873/4873 4869/4869/4869
f 4863/4863/4863 4859/4859/4859 4873/4873/4873
f 5071/5071/5071 5070/5070/5070 4981/4981/4981
f 5070/5070/5070 4974/4974/4974 4981/4981/4981
f 4867/4867/4867 4863/4863/4863 4869/4869/4869
f 5071/5071/5071 5073/5073/5073 5070/5070/5070
f 3622/3622/3622 3630/3630/3630 3624/3624/3624
f 3624/3624/3624 3630/3630/3630 3668/3668/3668
f 3623/3623/3623 3624/3624/3624 3625/3625/3625
f 3622/3622/3622 3624/3624/3624 3623/3623/3623
f 3625/3625/3625 3634/3634/3634 3631/3631/3631
f 3625/3625/3625 3631/3631/3631 3623/3623/3623
f 5069/5069/5069 5071/5071/5071 4981/4981/4981
f 4718/4718/4718 4715/4715/4715 4713/4713/4713
f 4713/4713/4713 4715/4715/4715 4714/4714/4714
f 4715/4715/4715 4716/4716/4716 4714/4714/4714
f 5073/5073/5073 5071/5071/5071 5069/5069/5069
f 4745/4745/4745 4719/4719/4719 4718/4718/4718
f 4718/4718/4718 4719/4719/4719 4715/4715/4715
f 4745/4745/4745 4722/4722/4722 4719/4719/4719
f 3622/3622/3622 3617/3617/3617 3630/3630/3630
f 3617/3617/3617 3622/3622/3622 3618/3618/3618
f 3618/3618/3618 3622/3622/3622 3623/3623/3623
f 3633/3633/3633 3618/3618/3618 3623/3623/3623
f 3631/3631/3631 3633/3633/3633 3623/3623/3623
f 3723/3723/3723 3633/3633/3633 3631/3631/3631
f 4710/4710/4710 4718/4718/4718 4713/4713/4713
f 4718/4718/4718 4710/4710/4710 4777/4777/4777
f 4773/4773/4773 4718/4718/4718 4777/4777/4777
f 4745/4745/4745 4718/4718/4718 4773/4773/4773
f 4722/4722/4722 4745/4745/4745 4727/4727/4727
f 4727/4727/4727 4745/4745/4745 4773/4773/4773
f 3628/3628/3628 3621/3621/3621 3620/3620/3620
f 3633/3633/3633 3723/3723/3723 3722/3722/3722
f 3628/3628/3628 3633/3633/3633 3722/3722/3722
f 1650/1650/1650 1655/1655/1655 1654/1654/1654
f 3620/3620/3620 3633/3633/3633 3628/3628/3628
f 1652/1652/1652 1648/1648/1648 1650/1650/1650
f 1652/1652/1652 1650/1650/1650 1654/1654/1654
f 2236/2236/2236 2237/2237/2237 2238/2238/2238
f 1651/1651/1651 1648/1648/1648 1652/1652/1652
f 2229/2229/2229 2237/2237/2237 2236/2236/2236
f 4775/4775/4775 4774/4774/4774 4773/4773/4773
f 4775/4775/4775 4773/4773/4773 4777/4777/4777
f 4727/4727/4727 4773/4773/4773 4747/4747/4747
f 4747/4747/4747 4773/4773/4773 4774/4774/4774
f 1242/1242/1242 1241/1241/1241 1239/1239/1239
f 2031/2031/2031 2033/2033/2033 2075/2075/2075
f 2033/2033/2033 2082/2082/2082 2075/2075/2075
f 3629/3629/3629 3621/3621/3621 3628/3628/3628
f 1242/1242/1242 1239/1239/1239 1235/1235/1235
f 2024/2024/2024 2025/2025/2025 2031/2031/2031
f 2075/2075/2075 2024/2024/2024 2031/2031/2031
f 1650/1650/1650 1653/1653/1653 1655/1655/1655
f 1649/1649/1649 1650/1650/1650 1648/1648/1648
f 1653/1653/1653 1650/1650/1650 1649/1649/1649
f 1645/1645/1645 1648/1648/1648 1646/1646/1646
f 1649/1649/1649 1648/1648/1648 1645/1645/1645
f 5407/5407/5407 5404/5404/5404 5474/5474/5474
f 5475/5475/5475 5407/5407/5407 5474/5474/5474
f 1645/1645/1645 1646/1646/1646 1647/1647/1647
f 2608/2608/2608 2609/2609/2609 2610/2610/2610
f 5404/5404/5404 5403/5403/5403 5399/5399/5399
f 5407/5407/5407 5403/5403/5403 5404/5404/5404
f 5399/5399/5399 5400/5400/5400 5401/5401/5401
f 5403/5403/5403 5400/5400/5400 5399/5399/5399
f 932/932/932 931/931/931 955/955/955
f 931/931/931 956/956/956 955/955/955
f 5401/5401/5401 5400/5400/5400 5402/5402/5402
f 955/955/955 956/956/956 957/957/957
f 5320/5320/5320 5310/5310/5310 5313/5313/5313
f 5313/5313/5313 5310/5310/5310 5312/5312/5312
f 3399/3399/3399 3400/3400/3400 3401/3401/3401
f 5328/5328/5328 5320/5320/5320 5313/5313/5313
f 3360/3360/3360 3375/3375/3375 3363/3363/3363
f 3360/3360/3360 3362/3362/3362 3375/3375/3375
f 3358/3358/3358 3363/3363/3363 3356/3356/3356
f 3358/3358/3358 3360/3360/3360 3363/3363/3363
f 3369/3369/3369 3357/3357/3357 3355/3355/3355
f 3357/3357/3357 3356/3356/3356 3355/3355/3355
f 3357/3357/3357 3358/3358/3358 3356/3356/3356
f 1246/1246/1246 1240/1240/1240 1241/1241/1241
f 1240/1240/1240 1239/1239/1239 1241/1241/1241
f 1240/1240/1240 1238/1238/1238 1239/1239/1239
f 1238/1238/1238 1237/1237/1237 1235/1235/1235
f 1238/1238/1238 1235/1235/1235 1239/1239/1239
f 943/943/943 944/944/944 954/954/954
f 2024/2024/2024 2023/2023/2023 2025/2025/2025
f 945/945/945 943/943/943 954/954/954
f 2017/2017/2017 2023/2023/2023 2021/2021/2021
f 2024/2024/2024 2021/2021/2021 2023/2023/2023
f 5735/5735/5735 5736/5736/5736 5738/5738/5738
f 2021/2021/2021 2016/2016/2016 2017/2017/2017
f 2016/2016/2016 2021/2021/2021 2022/2022/2022
f 2016/2016/2016 2022/2022/2022 2001/2001/2001
f 2022/2022/2022 2081/2081/2081 2001/2001/2001
f 5736/5736/5736 5735/5735/5735 5730/5730/5730
f 940/940/940 947/947/947 925/925/925
f 5310/5310/5310 5311/5311/5311 5312/5312/5312
f 5309/5309/5309 5311/5311/5311 5310/5310/5310
f 22/22/22 23/23/23 24/24/24
f 3369/3369/3369 3333/3333/3333 3328/3328/3328
f 3369/3369/3369 3328/3328/3328 3354/3354/3354
f 3354/3354/3354 3328/3328/3328 3341/3341/3341
f 3344/3344/3344 3352/3352/3352 3349/3349/3349
f 3352/3352/3352 3344/3344/3344 3347/3347/3347
f 5729/5729/5729 5735/5735/5735 5738/5738/5738
f 5726/5726/5726 5727/5727/5727 5728/5728/5728
f 5728/5728/5728 5727/5727/5727 5729/5729/5729
f 5727/5727/5727 5730/5730/5730 5729/5729/5729
f 5730/5730/5730 5735/5735/5735 5729/5729/5729
f 5726/5726/5726 5725/5725/5725 5727/5727/5727
f 4499/4499/4499 4502/4502/4502 4528/4528/4528
f 4502/4502/4502 4529/4529/4529 4528/4528/4528
f 5314/5314/5314 5311/5311/5311 5309/5309/5309
f 4498/4498/4498 4499/4499/4499 4528/4528/4528
f 5769/5769/5769 5740/5740/5740 5726/5726/5726
f 5769/5769/5769 5726/5726/5726 5728/5728/5728
f 5725/5725/5725 5726/5726/5726 5707/5707/5707
f 5707/5707/5707 5726/5726/5726 5740/5740/5740
f 4500/4500/4500 4501/4501/4501 4499/4499/4499
f 4499/4499/4499 4501/4501/4501 4502/4502/4502
f 4499/4499/4499 4498/4498/4498 4490/4490/4490
f 4499/4499/4499 4490/4490/4490 4500/4500/4500
f 5701/5701/5701 5740/5740/5740 5769/5769/5769
f 5705/5705/5705 5704/5704/5704 5703/5703/5703
f 5703/5703/5703 5704/5704/5704 5701/5701/5701
f 5704/5704/5704 5707/5707/5707 5701/5701/5701
f 5707/5707/5707 5740/5740/5740 5701/5701/5701
f 5705/5705/5705 5706/5706/5706 5704/5704/5704
f 428/428/428 423/423/423 424/424/424
f 429/429/429 430/430/430 424/424/424
f 430/430/430 428/428/428 424/424/424
f 624/624/624 623/623/623 632/632/632
f 624/624/624 616/616/616 623/623/623
f 623/623/623 616/616/616 622/622/622
f 4680/4680/4680 4679/4679/4679 4678/4678/4678
f 4684/4684/4684 4682/4682/4682 4680/4680/4680
f 4682/4682/4682 4679/4679/4679 4680/4680/4680
f 5367/5367/5367 5366/5366/5366 5369/5369/5369
f 5366/5366/5366 5365/5365/5365 5353/5353/5353
f 5367/5367/5367 5365/5365/5365 5366/5366/5366
f 5353/5353/5353 5358/5358/5358 5351/5351/5351
f 5365/5365/5365 5358/5358/5358 5353/5353/5353
f 5351/5351/5351 5348/5348/5348 5350/5350/5350
f 5358/5358/5358 5348/5348/5348 5351/5351/5351
f 5348/5348/5348 5349/5349/5349 5346/5346/5346
f 5347/5347/5347 5348/5348/5348 5346/5346/5346
f 5350/5350/5350 5348/5348/5348 5347/5347/5347
f 5346/5346/5346 5345/5345/5345 5347/5347/5347
f 6910/6910/6910 6911/6911/6911 6912/6912/6912
f 6910/6910/6910 6912/6912/6912 6913/6913/6913
f 6727/6727/6727 6743/6743/6743 6725/6725/6725
f 6725/6725/6725 6743/6743/6743 6885/6885/6885
f 424/424/424 423/423/423 422/422/422
f 423/423/423 407/407/407 422/422/422
f 868/868/868 869/869/869 875/875/875
f 424/424/424 422/422/422 429/429/429
f 603/603/603 622/622/622 616/616/616
f 603/603/603 616/616/616 606/606/606
f 606/606/606 604/604/604 603/603/603
f 603/603/603 604/604/604 605/605/605
f 5346/5346/5346 5349/5349/5349 5364/5364/5364
f 5364/5364/5364 5349/5349/5349 5373/5373/5373
f 5344/5344/5344 5343/5343/5343 5345/5345/5345
f 5346/5346/5346 5344/5344/5344 5345/5345/5345
f 5364/5364/5364 5344/5344/5344 5346/5346/5346
f 5331/5331/5331 5333/5333/5333 5343/5343/5343
f 5331/5331/5331 5343/5343/5343 5344/5344/5344
f 5331/5331/5331 5332/5332/5332 5333/5333/5333
f 25/25/25 26/26/26 27/27/27
f 6715/6715/6715 6714/6714/6714 6711/6711/6711
f 6715/6715/6715 6711/6711/6711 6716/6716/6716
f 6715/6715/6715 6720/6720/6720 6714/6714/6714
f 6714/6714/6714 6720/6720/6720 6741/6741/6741
f 6720/6720/6720 6723/6723/6723 6741/6741/6741
f 6723/6723/6723 6885/6885/6885 6741/6741/6741
f 6885/6885/6885 6723/6723/6723 6725/6725/6725
f 869/869/869 874/874/874 875/875/875
f 870/870/870 874/874/874 869/869/869
f 607/607/607 605/605/605 604/604/604
f 607/607/607 604/604/604 608/608/608
f 1267/1267/1267 1281/1281/1281 1288/1288/1288
f 1281/1281/1281 1290/1290/1290 1288/1288/1288
f 607/607/607 608/608/608 612/612/612
f 1289/1289/1289 1288/1288/1288 1290/1290/1290
f 3591/3591/3591 3572/3572/3572 3590/3590/3590
f 3590/3590/3590 3572/3572/3572 3581/3581/3581
f 3591/3591/3591 3592/3592/3592 3593/3593/3593
f 3591/3591/3591 3590/3590/3590 3592/3592/3592
f 3593/3593/3593 3594/3594/3594 3595/3595/3595
f 3593/3593/3593 3592/3592/3592 3594/3594/3594
f 6900/6900/6900 6901/6901/6901 6902/6902/6902
f 6903/6903/6903 6900/6900/6900 6902/6902/6902
f 6904/6904/6904 6900/6900/6900 6903/6903/6903
f 6906/6906/6906 6907/6907/6907 6908/6908/6908
f 6900/6900/6900 6899/6899/6899 6901/6901/6901
f 6898/6898/6898 6899/6899/6899 6900/6900/6900
f 6716/6716/6716 6734/6734/6734 6715/6715/6715
f 6716/6716/6716 6869/6869/6869 6734/6734/6734
f 6720/6720/6720 6715/6715/6715 6721/6721/6721
f 6721/6721/6721 6715/6715/6715 6734/6734/6734
f 870/870/870 876/876/876 874/874/874
f 872/872/872 876/876/876 870/870/870
f 1267/1267/1267 1288/1288/1288 1269/1269/1269
f 1267/1267/1267 1269/1269/1269 1268/1268/1268
f 1269/1269/1269 1288/1288/1288 1289/1289/1289
f 704/704/704 711/711/711 615/615/615
f 634/634/634 704/704/704 615/615/615
f 1275/1275/1275 1269/1269/1269 1276/1276/1276
f 705/705/705 634/634/634 696/696/696
f 705/705/705 704/704/704 634/634/634
f 710/710/710 696/696/696 697/697/697
f 710/710/710 705/705/705 696/696/696
f 701/701/701 697/697/697 673/673/673
f 701/701/701 710/710/710 697/697/697
f 699/699/699 673/673/673 645/645/645
f 699/699/699 701/701/701 673/673/673
f 700/700/700 645/645/645 646/646/646
f 700/700/700 699/699/699 645/645/645
f 672/672/672 646/646/646 648/648/648
f 672/672/672 700/700/700 646/646/646
f 674/674/674 648/648/648 675/675/675
f 674/674/674 672/672/672 648/648/648
f 490/490/490 469/469/469 461/461/461
f 681/681/681 674/674/674 675/675/675
f 456/456/456 462/462/462 457/457/457
f 462/462/462 461/461/461 457/457/457
f 462/462/462 490/490/490 461/461/461
f 456/456/456 463/463/463 462/462/462
f 6801/6801/6801 6789/6789/6789 6802/6802/6802
f 6802/6802/6802 6789/6789/6789 6803/6803/6803
f 6803/6803/6803 6789/6789/6789 6790/6790/6790
f 6791/6791/6791 6792/6792/6792 6790/6790/6790
f 6792/6792/6792 6803/6803/6803 6790/6790/6790
f 6792/6792/6792 6796/6796/6796 6803/6803/6803
f 6797/6797/6797 6795/6795/6795 6794/6794/6794
f 6795/6795/6795 6792/6792/6792 6794/6794/6794
f 6795/6795/6795 6796/6796/6796 6792/6792/6792
f 6795/6795/6795 6797/6797/6797 6869/6869/6869
f 6869/6869/6869 6797/6797/6797 6800/6800/6800
f 6925/6925/6925 6923/6923/6923 6922/6922/6922
f 6922/6922/6922 6923/6923/6923 6924/6924/6924
f 6734/6734/6734 6893/6893/6893 6721/6721/6721
f 4106/4106/4106 4105/4105/4105 4107/4107/4107
f 4107/4107/4107 4105/4105/4105 4114/4114/4114
f 4103/4103/4103 4113/4113/4113 4156/4156/4156
f 4114/4114/4114 4103/4103/4103 4156/4156/4156
f 4105/4105/4105 4103/4103/4103 4114/4114/4114
f 4100/4100/4100 4101/4101/4101 4113/4113/4113
f 4100/4100/4100 4113/4113/4113 4103/4103/4103
f 4090/4090/4090 4101/4101/4101 4100/4100/4100
f 1270/1270/1270 1268/1268/1268 1269/1269/1269
f 1270/1270/1270 1269/1269/1269 1275/1275/1275
f 455/455/455 468/468/468 456/456/456
f 455/455/455 456/456/456 457/457/457
f 463/463/463 456/456/456 465/465/465
f 456/456/456 466/466/466 465/465/465
f 456/456/456 468/468/468 466/466/466
f 466/466/466 467/467/467 465/465/465
f 6791/6791/6791 6793/6793/6793 6792/6792/6792
f 6792/6792/6792 6793/6793/6793 6794/6794/6794
f 4113/4113/4113 4157/4157/4157 4156/4156/4156
f 4206/4206/4206 4205/4205/4205 4203/4203/4203
f 4203/4203/4203 4205/4205/4205 4204/4204/4204
f 4087/4087/4087 4084/4084/4084 4163/4163/4163
f 4087/4087/4087 4163/4163/4163 4164/4164/4164
f 4201/4201/4201 4202/4202/4202 4203/4203/4203
f 4204/4204/4204 4201/4201/4201 4203/4203/4203
f 4086/4086/4086 4085/4085/4085 4084/4084/4084
f 4086/4086/4086 4084/4084/4084 4087/4087/4087
f 4091/4091/4091 4085/4085/4085 4086/4086/4086
f 477/477/477 499/499/499 468/468/468
f 477/477/477 468/468/468 455/455/455
f 468/468/468 474/474/474 466/466/466
f 468/468/468 499/499/499 474/474/474
f 467/467/467 466/466/466 473/473/473
f 473/473/473 466/466/466 474/474/474
f 4084/4084/4084 4078/4078/4078 4163/4163/4163
f 4078/4078/4078 4084/4084/4084 4077/4077/4077
f 4077/4077/4077 4084/4084/4084 4085/4085/4085
f 4092/4092/4092 4094/4094/4094 4093/4093/4093
f 4092/4092/4092 4093/4093/4093 4077/4077/4077
f 4091/4091/4091 4092/4092/4092 4077/4077/4077
f 4085/4085/4085 4091/4091/4091 4077/4077/4077
f 4098/4098/4098 4097/4097/4097 4094/4094/4094
f 4098/4098/4098 4094/4094/4094 4092/4092/4092
f 4194/4194/4194 4199/4199/4199 4198/4198/4198
f 4194/4194/4194 4198/4198/4198 4197/4197/4197
f 28/28/28 29/29/29 30/30/30
f 563/563/563 561/561/561 555/555/555
f 499/499/499 477/477/477 555/555/555
f 561/561/561 499/499/499 555/555/555
f 559/559/559 499/499/499 561/561/561
f 588/588/588 474/474/474 587/587/587
f 474/474/474 559/559/559 587/587/587
f 474/474/474 499/499/499 559/559/559
f 474/474/474 588/588/588 473/473/473
f 4094/4094/4094 4095/4095/4095 4093/4093/4093
f 4095/4095/4095 4094/4094/4094 4096/4096/4096
f 4096/4096/4096 4094/4094/4094 4097/4097/4097
f 4096/4096/4096 4097/4097/4097 4119/4119/4119
f 4119/4119/4119 4097/4097/4097 4171/4171/4171
f 4170/4170/4170 4121/4121/4121 4171/4171/4171
f 4121/4121/4121 4119/4119/4119 4171/4171/4171
f 4121/4121/4121 4057/4057/4057 4119/4119/4119
f 4057/4057/4057 4055/4055/4055 4056/4056/4056
f 4121/4121/4121 4055/4055/4055 4057/4057/4057
f 4056/4056/4056 4051/4051/4051 4145/4145/4145
f 4055/4055/4055 4051/4051/4051 4056/4056/4056
f 4145/4145/4145 4123/4123/4123 4144/4144/4144
f 4051/4051/4051 4123/4123/4123 4145/4145/4145
f 4144/4144/4144 4043/4043/4043 4048/4048/4048
f 4123/4123/4123 4043/4043/4043 4144/4144/4144
f 563/563/563 564/564/564 561/561/561
f 564/564/564 592/592/592 561/561/561
f 4048/4048/4048 4043/4043/4043 4044/4044/4044
f 561/561/561 592/592/592 559/559/559
f 559/559/559 592/592/592 590/590/590
f 559/559/559 590/590/590 587/587/587
f 4853/4853/4853 4852/4852/4852 4851/4851/4851
f 4853/4853/4853 4851/4851/4851 4854/4854/4854
f 4851/4851/4851 4855/4855/4855 4854/4854/4854
f 4851/4851/4851 4856/4856/4856 4855/4855/4855
f 4857/4857/4857 4856/4856/4856 4859/4859/4859
f 4857/4857/4857 4855/4855/4855 4856/4856/4856
f 4861/4861/4861 4859/4859/4859 4863/4863/4863
f 4861/4861/4861 4857/4857/4857 4859/4859/4859
f 4866/4866/4866 4863/4863/4863 4867/4867/4867
f 4866/4866/4866 4861/4861/4861 4863/4863/4863
f 5075/5075/5075 5074/5074/5074 5073/5073/5073
f 5074/5074/5074 5070/5070/5070 5073/5073/5073
f 4868/4868/4868 4866/4866/4866 4867/4867/4867
f 5075/5075/5075 5076/5076/5076 5074/5074/5074
f 3636/3636/3636 3631/3631/3631 3635/3635/3635
f 3635/3635/3635 3631/3631/3631 3634/3634/3634
f 3635/3635/3635 3638/3638/3638 3637/3637/3637
f 3635/3635/3635 3637/3637/3637 3636/3636/3636
f 371/371/371 370/370/370 372/372/372
f 369/369/369 368/368/368 370/370/370
f 371/371/371 369/369/369 370/370/370
f 4719/4719/4719 4720/4720/4720 4715/4715/4715
f 4723/4723/4723 4721/4721/4721 4722/4722/4722
f 4721/4721/4721 4719/4719/4719 4722/4722/4722
f 4721/4721/4721 4720/4720/4720 4719/4719/4719
f 4723/4723/4723 4724/4724/4724 4721/4721/4721
f 3732/3732/3732 3723/3723/3723 3636/3636/3636
f 3636/3636/3636 3723/3723/3723 3631/3631/3631
f 3636/3636/3636 3637/3637/3637 3667/3667/3667
f 3740/3740/3740 3636/3636/3636 3667/3667/3667
f 3732/3732/3732 3636/3636/3636 3740/3740/3740
f 3663/3663/3663 3740/3740/3740 3667/3667/3667
f 4727/4727/4727 4746/4746/4746 4723/4723/4723
f 4727/4727/4727 4723/4723/4723 4722/4722/4722
f 4724/4724/4724 4723/4723/4723 4744/4744/4744
f 4723/4723/4723 4782/4782/4782 4744/4744/4744
f 4723/4723/4723 4746/4746/4746 4782/4782/4782
f 4782/4782/4782 4737/4737/4737 4744/4744/4744
f 3745/3745/3745 3746/3746/3746 3747/3747/3747
f 1586/1586/1586 1588/1588/1588 1579/1579/1579
f 3740/3740/3740 3664/3664/3664 3742/3742/3742
f 3732/3732/3732 3740/3740/3740 3742/3742/3742
f 3745/3745/3745 3747/3747/3747 3748/3748/3748
f 2235/2235/2235 2240/2240/2240 2239/2239/2239
f 2233/2233/2233 2235/2235/2235 2239/2239/2239
f 1816/1816/1816 1817/1817/1817 1818/1818/1818
f 1579/1579/1579 1588/1588/1588 1580/1580/1580
f 1578/1578/1578 1579/1579/1579 1580/1580/1580
f 3740/3740/3740 3663/3663/3663 3664/3664/3664
f 2232/2232/2232 2233/2233/2233 2234/2234/2234
f 2233/2233/2233 2232/2232/2232 2235/2235/2235
f 2236/2236/2236 2235/2235/2235 2232/2232/2232
f 2229/2229/2229 2236/2236/2236 2232/2232/2232
f 2229/2229/2229 2232/2232/2232 2228/2228/2228
f 4747/4747/4747 4748/4748/4748 4746/4746/4746
f 4747/4747/4747 4746/4746/4746 4727/4727/4727
f 4746/4746/4746 4749/4749/4749 4782/4782/4782
f 4746/4746/4746 4748/4748/4748 4749/4749/4749
f 4737/4737/4737 4782/4782/4782 4738/4738/4738
f 4782/4782/4782 4763/4763/4763 4738/4738/4738
f 4789/4789/4789 4790/4790/4790 4791/4791/4791
f 4763/4763/4763 4751/4751/4751 4738/4738/4738
f 1244/1244/1244 1245/1245/1245 1243/1243/1243
f 1241/1241/1241 1242/1242/1242 1243/1243/1243
f 1242/1242/1242 1244/1244/1244 1243/1243/1243
f 2033/2033/2033 2034/2034/2034 2066/2066/2066
f 2032/2032/2032 2033/2033/2033 2031/2031/2031
f 2032/2032/2032 2034/2034/2034 2033/2033/2033
f 1820/1820/1820 1816/1816/1816 1821/1821/1821
f 1367/1367/1367 1368/1368/1368 1369/1369/1369
f 2032/2032/2032 2031/2031/2031 2025/2025/2025
f 2068/2068/2068 2067/2067/2067 2032/2032/2032
f 1816/1816/1816 1819/1819/1819 1817/1817/1817
f 1816/1816/1816 1820/1820/1820 1819/1819/1819
f 1823/1823/1823 1817/1817/1817 1822/1822/1822
f 1822/1822/1822 1817/1817/1817 1819/1819/1819
f 2228/2228/2228 2227/2227/2227 2229/2229/2229
f 2229/2229/2229 2227/2227/2227 2231/2231/2231
f 5407/5407/5407 5405/5405/5405 5403/5403/5403
f 5482/5482/5482 5483/5483/5483 5484/5484/5484
f 5405/5405/5405 5408/5408/5408 5406/5406/5406
f 5400/5400/5400 5405/5405/5405 5406/5406/5406
f 5403/5403/5403 5405/5405/5405 5400/5400/5400
f 5445/5445/5445 5402/5402/5402 5400/5400/5400
f 5445/5445/5445 5400/5400/5400 5406/5406/5406
f 958/958/958 957/957/957 956/956/956
f 959/959/959 958/958/958 956/956/956
f 960/960/960 958/958/958 959/959/959
f 958/958/958 961/961/961 962/962/962
f 958/958/958 960/960/960 961/961/961
f 4790/4790/4790 4792/4792/4792 4791/4791/4791
f 962/962/962 961/961/961 963/963/963
f 4751/4751/4751 4763/4763/4763 4753/4753/4753
f 4753/4753/4753 4763/4763/4763 4776/4776/4776
f 5297/5297/5297 5310/5310/5310 5320/5320/5320
f 5297/5297/5297 5320/5320/5320 5295/5295/5295
f 5320/5320/5320 5296/5296/5296 5295/5295/5295
f 5320/5320/5320 5328/5328/5328 5296/5296/5296
f 3361/3361/3361 3362/3362/3362 3360/3360/3360
f 3361/3361/3361 3364/3364/3364 3362/3362/3362
f 3359/3359/3359 3360/3360/3360 3358/3358/3358
f 3359/3359/3359 3361/3361/3361 3360/3360/3360
f 3357/3357/3357 3367/3367/3367 3366/3366/3366
f 3359/3359/3359 3357/3357/3357 3366/3366/3366
f 3358/3358/3358 3357/3357/3357 3359/3359/3359
f 1243/1243/1243 1246/1246/1246 1241/1241/1241
f 2023/2023/2023 2020/2020/2020 2025/2025/2025
f 2020/2020/2020 2023/2023/2023 2017/2017/2017
f 2020/2020/2020 2017/2017/2017 2018/2018/2018
f 2014/2014/2014 2019/2019/2019 2018/2018/2018
f 2017/2017/2017 2014/2014/2014 2018/2018/2018
f 2016/2016/2016 2014/2014/2014 2017/2017/2017
f 2016/2016/2016 2001/2001/2001 2014/2014/2014
f 2014/2014/2014 2001/2001/2001 1993/1993/1993
f 5408/5408/5408 5409/5409/5409 5406/5406/5406
f 5406/5406/5406 5409/5409/5409 5445/5445/5445
f 5445/5445/5445 5409/5409/5409 5414/5414/5414
f 5445/5445/5445 5414/5414/5414 5476/5476/5476
f 5476/5476/5476 5414/5414/5414 5468/5468/5468
f 5476/5476/5476 5468/5468/5468 5471/5471/5471
f 5471/5471/5471 5468/5468/5468 5470/5470/5470
f 5471/5471/5471 5470/5470/5470 5472/5472/5472
f 5472/5472/5472 5470/5470/5470 5473/5473/5473
f 5497/5497/5497 5490/5490/5490 5491/5491/5491
f 5304/5304/5304 5309/5309/5309 5297/5297/5297
f 5297/5297/5297 5309/5309/5309 5310/5310/5310
f 5297/5297/5297 5295/5295/5295 5294/5294/5294
f 5303/5303/5303 5297/5297/5297 5294/5294/5294
f 5304/5304/5304 5297/5297/5297 5303/5303/5303
f 5325/5325/5325 5303/5303/5303 5294/5294/5294
f 1996/1996/1996 1993/1993/1993 2001/2001/2001
f 1996/1996/1996 2001/2001/2001 2012/2012/2012
f 5709/5709/5709 5737/5737/5737 5725/5725/5725
f 5737/5737/5737 5727/5727/5727 5725/5725/5725
f 1998/1998/1998 1996/1996/1996 2012/2012/2012
f 5709/5709/5709 5759/5759/5759 5737/5737/5737
f 4530/4530/4530 4528/4528/4528 4529/4529/4529
f 5304/5304/5304 5303/5303/5303 5305/5305/5305
f 5306/5306/5306 5304/5304/5304 5305/5305/5305
f 5307/5307/5307 5306/5306/5306 5305/5305/5305
f 5304/5304/5304 5306/5306/5306 5319/5319/5319
f 5305/5305/5305 5303/5303/5303 5325/5325/5325
f 5707/5707/5707 5708/5708/5708 5709/5709/5709
f 5707/5707/5707 5709/5709/5709 5725/5725/5725
f 5759/5759/5759 5709/5709/5709 5711/5711/5711
f 5709/5709/5709 5710/5710/5710 5711/5711/5711
f 5709/5709/5709 5708/5708/5708 5710/5710/5710
f 5710/5710/5710 5712/5712/5712 5711/5711/5711
f 4487/4487/4487 4490/4490/4490 4485/4485/4485
f 4490/4490/4490 4489/4489/4489 4485/4485/4485
f 4490/4490/4490 4498/4498/4498 4489/4489/4489
f 4486/4486/4486 4487/4487/4487 4485/4485/4485
f 5704/5704/5704 5708/5708/5708 5707/5707/5707
f 5708/5708/5708 5704/5704/5704 5706/5706/5706
f 5739/5739/5739 5708/5708/5708 5706/5706/5706
f 5710/5710/5710 5708/5708/5708 5739/5739/5739
f 5712/5712/5712 5710/5710/5710 5713/5713/5713
f 5710/5710/5710 5715/5715/5715 5713/5713/5713
f 5710/5710/5710 5739/5739/5739 5715/5715/5715
f 5715/5715/5715 5716/5716/5716 5713/5713/5713
f 866/866/866 865/865/865 867/867/867
f 867/867/867 865/865/865 868/868/868
f 1284/1284/1284 1287/1287/1287 1285/1285/1285
f 1284/1284/1284 1286/1286/1286 1287/1287/1287
f 1285/1285/1285 1280/1280/1280 1284/1284/1284
f 1284/1284/1284 1280/1280/1280 1278/1278/1278
f 4685/4685/4685 4682/4682/4682 4684/4684/4684
f 4486/4486/4486 4491/4491/4491 4487/4487/4487
f 4686/4686/4686 4682/4682/4682 4685/4685/4685
f 5368/5368/5368 5365/5365/5365 5367/5367/5367
f 5365/5365/5365 5370/5370/5370 5358/5358/5358
f 5368/5368/5368 5370/5370/5370 5365/5365/5365
f 5395/5395/5395 5396/5396/5396 5397/5397/5397
f 5398/5398/5398 5395/5395/5395 5397/5397/5397
f 5358/5358/5358 5370/5370/5370 5348/5348/5348
f 31/31/31 32/32/32 33/33/33
f 6725/6725/6725 6724/6724/6724 6726/6726/6726
f 6725/6725/6725 6726/6726/6726 6727/6727/6727
f 6731/6731/6731 6728/6728/6728 6729/6729/6729
f 6728/6728/6728 6724/6724/6724 6729/6729/6729
f 6728/6728/6728 6726/6726/6726 6724/6724/6724
f 6728/6728/6728 6731/6731/6731 6732/6732/6732
f 865/865/865 869/869/869 868/868/868
f 863/863/863 869/869/869 865/865/865
f 1280/1280/1280 1283/1283/1283 1264/1264/1264
f 1262/1262/1262 1280/1280/1280 1264/1264/1264
f 1278/1278/1278 1280/1280/1280 1262/1262/1262
f 1282/1282/1282 1264/1264/1264 1283/1283/1283
f 3569/3569/3569 3566/3566/3566 3565/3565/3565
f 3565/3565/3565 3566/3566/3566 3564/3564/3564
f 3611/3611/3611 3612/3612/3612 3613/3613/3613
f 3611/3611/3611 3613/3613/3613 3614/3614/3614
f 6720/6720/6720 6722/6722/6722 6723/6723/6723
f 6724/6724/6724 6725/6725/6725 6723/6723/6723
f 6722/6722/6722 6724/6724/6724 6723/6723/6723
f 6742/6742/6742 6724/6724/6724 6722/6722/6722
f 6729/6729/6729 6724/6724/6724 6730/6730/6730
f 6730/6730/6730 6724/6724/6724 6742/6742/6742
f 863/863/863 870/870/870 869/869/869
f 871/871/871 870/870/870 863/863/863
f 1262/1262/1262 1264/1264/1264 1256/1256/1256
f 1262/1262/1262 1256/1256/1256 1261/1261/1261
f 1281/1281/1281 1258/1258/1258 1282/1282/1282
f 1258/1258/1258 1264/1264/1264 1282/1282/1282
f 1258/1258/1258 1256/1256/1256 1264/1264/1264
f 1267/1267/1267 1258/1258/1258 1281/1281/1281
f 708/708/708 693/693/693 692/692/692
f 682/682/682 688/688/688 692/692/692
f 692/692/692 688/688/688 708/708/708
f 683/683/683 685/685/685 682/682/682
f 682/682/682 685/685/685 688/688/688
f 687/687/687 686/686/686 683/683/683
f 683/683/683 686/686/686 685/685/685
f 687/687/687 689/689/689 686/686/686
f 3565/3565/3565 3564/3564/3564 3561/3561/3561
f 3561/3561/3561 3564/3564/3564 3562/3562/3562
f 3561/3561/3561 3581/3581/3581 3572/3572/3572
f 3561/3561/3561 3572/3572/3572 3565/3565/3565
f 6721/6721/6721 6744/6744/6744 6722/6722/6722
f 6721/6721/6721 6722/6722/6722 6720/6720/6720
f 6722/6722/6722 6884/6884/6884 6742/6742/6742
f 6722/6722/6722 6744/6744/6744 6884/6884/6884
f 6730/6730/6730 6742/6742/6742 6892/6892/6892
f 6892/6892/6892 6742/6742/6742 6884/6884/6884
f 4104/4104/4104 4106/4106/4106 4108/4108/4108
f 4106/4106/4106 4109/4109/4109 4108/4108/4108
f 872/872/872 870/870/870 871/871/871
f 1263/1263/1263 1260/1260/1260 1265/1265/1265
f 4111/4111/4111 4104/4104/4104 4108/4108/4108
f 1260/1260/1260 1263/1263/1263 1261/1261/1261
f 1256/1256/1256 1260/1260/1260 1261/1261/1261
f 1255/1255/1255 1260/1260/1260 1256/1256/1256
f 1257/1257/1257 1256/1256/1256 1258/1258/1258
f 1255/1255/1255 1256/1256/1256 1257/1257/1257
f 1268/1268/1268 1257/1257/1257 1267/1267/1267
f 1267/1267/1267 1257/1257/1257 1258/1258/1258
f 3054/3054/3054 3059/3059/3059 3053/3053/3053
f 3051/3051/3051 3052/3052/3052 3053/3053/3053
f 3053/3053/3053 3052/3052/3052 3054/3054/3054
f 3048/3048/3048 3050/3050/3050 3051/3051/3051
f 3051/3051/3051 3050/3050/3050 3052/3052/3052
f 3050/3050/3050 3048/3048/3048 3049/3049/3049
f 3048/3048/3048 3046/3046/3046 3049/3049/3049
f 3048/3048/3048 3047/3047/3047 3046/3046/3046
f 709/709/709 701/701/701 699/699/699
f 3044/3044/3044 3046/3046/3046 3047/3047/3047
f 698/698/698 699/699/699 700/700/700
f 698/698/698 709/709/709 699/699/699
f 672/672/672 692/692/692 693/693/693
f 698/698/698 672/672/672 693/693/693
f 700/700/700 672/672/672 698/698/698
f 692/692/692 672/672/672 674/674/674
f 692/692/692 674/674/674 682/682/682
f 682/682/682 674/674/674 681/681/681
f 682/682/682 681/681/681 683/683/683
f 683/683/683 681/681/681 684/684/684
f 683/683/683 684/684/684 687/687/687
f 476/476/476 464/464/464 463/463/463
f 463/463/463 464/464/464 462/462/462
f 690/690/690 689/689/689 684/684/684
f 689/689/689 687/687/687 684/684/684
f 476/476/476 475/475/475 464/464/464
f 3561/3561/3561 3562/3562/3562 3563/3563/3563
f 3563/3563/3563 3562/3562/3562 3568/3568/3568
f 6787/6787/6787 6789/6789/6789 6801/6801/6801
f 3561/3561/3561 3570/3570/3570 3581/3581/3581
f 3563/3563/3563 3570/3570/3570 3561/3561/3561
f 6788/6788/6788 6790/6790/6790 6789/6789/6789
f 6788/6788/6788 6789/6789/6789 6787/6787/6787
f 6788/6788/6788 6791/6791/6791 6790/6790/6790
f 6794/6794/6794 6798/6798/6798 6797/6797/6797
f 6799/6799/6799 6800/6800/6800 6797/6797/6797
f 6799/6799/6799 6797/6797/6797 6798/6798/6798
f 6850/6850/6850 6893/6893/6893 6800/6800/6800
f 6850/6850/6850 6800/6800/6800 6799/6799/6799
f 6850/6850/6850 6746/6746/6746 6893/6893/6893
f 6893/6893/6893 6746/6746/6746 6721/6721/6721
f 6746/6746/6746 6745/6745/6745 6721/6721/6721
f 6745/6745/6745 6744/6744/6744 6721/6721/6721
f 6744/6744/6744 6745/6745/6745 6884/6884/6884
f 6884/6884/6884 6745/6745/6745 6868/6868/6868
f 6884/6884/6884 6868/6868/6868 6892/6892/6892
f 4104/4104/4104 4105/4105/4105 4106/4106/4106
f 4105/4105/4105 4104/4104/4104 4103/4103/4103
f 4103/4103/4103 4104/4104/4104 4102/4102/4102
f 4103/4103/4103 4102/4102/4102 4100/4100/4100
f 4100/4100/4100 4102/4102/4102 4099/4099/4099
f 4100/4100/4100 4099/4099/4099 4090/4090/4090
f 4099/4099/4099 4088/4088/4088 4090/4090/4090
f 1255/1255/1255 1257/1257/1257 1259/1259/1259
f 1270/1270/1270 1266/1266/1266 1268/1268/1268
f 1266/1266/1266 1257/1257/1257 1268/1268/1268
f 1266/1266/1266 1259/1259/1259 1257/1257/1257
f 3059/3059/3059 3054/3054/3054 3058/3058/3058
f 3054/3054/3054 3057/3057/3057 3058/3058/3058
f 3054/3054/3054 3056/3056/3056 3057/3057/3057
f 3055/3055/3055 3054/3054/3054 3052/3052/3052
f 3056/3056/3056 3054/3054/3054 3055/3055/3055
f 3283/3283/3283 3284/3284/3284 3281/3281/3281
f 3285/3285/3285 3284/3284/3284 3283/3283/3283
f 3050/3050/3050 3049/3049/3049 3060/3060/3060
f 3281/3281/3281 3282/3282/3282 3283/3283/3283
f 465/465/465 476/476/476 463/463/463
f 471/471/471 470/470/470 467/467/467
f 467/467/467 470/470/470 465/465/465
f 470/470/470 475/475/475 465/465/465
f 475/475/475 476/476/476 465/465/465
f 471/471/471 472/472/472 470/470/470
f 3563/3563/3563 3568/3568/3568 3573/3573/3573
f 3573/3573/3573 3568/3568/3568 3574/3574/3574
f 6804/6804/6804 6785/6785/6785 6787/6787/6787
f 6804/6804/6804 6784/6784/6784 6785/6785/6785
f 6787/6787/6787 6786/6786/6786 6788/6788/6788
f 6787/6787/6787 6785/6785/6785 6786/6786/6786
f 6846/6846/6846 6793/6793/6793 6791/6791/6791
f 6788/6788/6788 6846/6846/6846 6791/6791/6791
f 6786/6786/6786 6846/6846/6846 6788/6788/6788
f 6929/6929/6929 6927/6927/6927 6926/6926/6926
f 6926/6926/6926 6927/6927/6927 6928/6928/6928
f 6927/6927/6927 6930/6930/6930 6928/6928/6928
f 6849/6849/6849 6798/6798/6798 6794/6794/6794
f 6798/6798/6798 6849/6849/6849 6799/6799/6799
f 6918/6918/6918 6921/6921/6921 6919/6919/6919
f 6918/6918/6918 6919/6919/6919 6920/6920/6920
f 6850/6850/6850 6752/6752/6752 6750/6750/6750
f 6850/6850/6850 6750/6750/6750 6746/6746/6746
f 4088/4088/4088 4087/4087/4087 4090/4090/4090
f 4087/4087/4087 4088/4088/4088 4086/4086/4086
f 4086/4086/4086 4088/4088/4088 4089/4089/4089
f 4086/4086/4086 4089/4089/4089 4091/4091/4091
f 4089/4089/4089 4151/4151/4151 4091/4091/4091
f 4089/4089/4089 4152/4152/4152 4151/4151/4151
f 4153/4153/4153 4152/4152/4152 4154/4154/4154
f 4151/4151/4151 4152/4152/4152 4153/4153/4153
f 3286/3286/3286 3285/3285/3285 3283/3283/3283
f 4153/4153/4153 4154/4154/4154 4155/4155/4155
f 3066/3066/3066 3060/3060/3060 3063/3063/3063
f 3066/3066/3066 3063/3063/3063 3067/3067/3067
f 473/473/473 480/480/480 471/471/471
f 473/473/473 471/471/471 467/467/467
f 472/472/472 471/471/471 479/479/479
f 479/479/479 471/471/471 480/480/480
f 3573/3573/3573 3574/3574/3574 3575/3575/3575
f 3575/3575/3575 3574/3574/3574 3576/3576/3576
f 6784/6784/6784 6782/6782/6782 6785/6785/6785
f 6784/6784/6784 6783/6783/6783 6782/6782/6782
f 6932/6932/6932 6931/6931/6931 6934/6934/6934
f 6786/6786/6786 6782/6782/6782 6845/6845/6845
f 6786/6786/6786 6785/6785/6785 6782/6782/6782
f 6931/6931/6931 6932/6932/6932 6933/6933/6933
f 6846/6846/6846 6762/6762/6762 6759/6759/6759
f 6846/6846/6846 6759/6759/6759 6757/6757/6757
f 4151/4151/4151 4092/4092/4092 4091/4091/4091
f 4092/4092/4092 4151/4151/4151 4098/4098/4098
f 4098/4098/4098 4151/4151/4151 4153/4153/4153
f 4197/4197/4197 4196/4196/4196 4194/4194/4194
f 4194/4194/4194 4196/4196/4196 4195/4195/4195
f 4167/4167/4167 4165/4165/4165 4170/4170/4170
f 4193/4193/4193 4200/4200/4200 4194/4194/4194
f 4192/4192/4192 4193/4193/4193 4194/4194/4194
f 4195/4195/4195 4192/4192/4192 4194/4194/4194
f 4166/4166/4166 4142/4142/4142 4165/4165/4165
f 4166/4166/4166 4165/4165/4165 4167/4167/4167
f 4186/4186/4186 4191/4191/4191 4187/4187/4187
f 587/587/587 600/600/600 588/588/588
f 600/600/600 596/596/596 588/588/588
f 588/588/588 596/596/596 473/473/473
f 596/596/596 589/589/589 473/473/473
f 589/589/589 480/480/480 473/473/473
f 480/480/480 589/589/589 479/479/479
f 3576/3576/3576 3579/3579/3579 3575/3575/3575
f 6783/6783/6783 6767/6767/6767 6782/6782/6782
f 6782/6782/6782 6767/6767/6767 6765/6765/6765
f 6782/6782/6782 6765/6765/6765 6845/6845/6845
f 4165/4165/4165 4121/4121/4121 4170/4170/4170
f 4121/4121/4121 4165/4165/4165 4055/4055/4055
f 4055/4055/4055 4165/4165/4165 4142/4142/4142
f 4053/4053/4053 4050/4050/4050 4142/4142/4142
f 4050/4050/4050 4055/4055/4055 4142/4142/4142
f 4050/4050/4050 4051/4051/4051 4055/4055/4055
f 4051/4051/4051 4047/4047/4047 4123/4123/4123
f 4050/4050/4050 4047/4047/4047 4051/4051/4051
f 4123/4123/4123 4041/4041/4041 4043/4043/4043
f 4047/4047/4047 4041/4041/4041 4123/4123/4123
f 4043/4043/4043 4042/4042/4042 4044/4044/4044
f 4041/4041/4041 4042/4042/4042 4043/4043/4043
f 4044/4044/4044 4045/4045/4045 4046/4046/4046
f 4042/4042/4042 4045/4045/4045 4044/4044/4044
f 587/587/587 590/590/590 600/600/600
f 590/590/590 601/601/601 600/600/600
f 1854/1854/1854 1853/1853/1853 1852/1852/1852
f 600/600/600 601/601/601 596/596/596
f 4865/4865/4865 4854/4854/4854 4855/4855/4855
f 4857/4857/4857 4858/4858/4858 4855/4855/4855
f 4855/4855/4855 4858/4858/4858 4865/4865/4865
f 4858/4858/4858 4857/4857/4857 4860/4860/4860
f 380/380/380 378/378/378 389/389/389
f 380/380/380 379/379/379 378/378/378
f 367/367/367 378/378/378 366/366/366
f 378/378/378 377/377/377 366/366/366
f 378/378/378 379/379/379 377/377/377
f 381/381/381 365/365/365 377/377/377
f 377/377/377 365/365/365 366/366/366
f 368/368/368 365/365/365 381/381/381
f 3640/3640/3640 3637/3637/3637 3639/3639/3639
f 3639/3639/3639 3637/3637/3637 3638/3638/3638
f 3641/3641/3641 3643/3643/3643 3642/3642/3642
f 3640/3640/3640 3641/3641/3641 3642/3642/3642
f 3639/3639/3639 3641/3641/3641 3640/3640/3640
f 3643/3643/3643 3641/3641/3641 3666/3666/3666
f 364/364/364 367/367/367 366/366/366
f 364/364/364 366/366/366 365/365/365
f 364/364/364 365/365/365 362/362/362
f 362/362/362 365/365/365 368/368/368
f 369/369/369 362/362/362 368/368/368
f 360/360/360 362/362/362 369/369/369
f 4728/4728/4728 4720/4720/4720 4721/4721/4721
f 359/359/359 360/360/360 369/369/369
f 4726/4726/4726 4725/4725/4725 4724/4724/4724
f 4725/4725/4725 4721/4721/4721 4724/4724/4724
f 4725/4725/4725 4728/4728/4728 4721/4721/4721
f 34/34/34 35/35/35 36/36/36
f 3640/3640/3640 3667/3667/3667 3637/3637/3637
f 3645/3645/3645 3662/3662/3662 3663/3663/3663
f 3645/3645/3645 3663/3663/3663 3667/3667/3667
f 3642/3642/3642 3645/3645/3645 3667/3667/3667
f 3640/3640/3640 3642/3642/3642 3667/3667/3667
f 3646/3646/3646 3662/3662/3662 3645/3645/3645
f 4744/4744/4744 4726/4726/4726 4724/4724/4724
f 4736/4736/4736 4733/4733/4733 4737/4737/4737
f 4737/4737/4737 4733/4733/4733 4744/4744/4744
f 4733/4733/4733 4730/4730/4730 4744/4744/4744
f 4783/4783/4783 4784/4784/4784 4785/4785/4785
f 4736/4736/4736 4735/4735/4735 4733/4733/4733
f 1584/1584/1584 1587/1587/1587 1585/1585/1585
f 1586/1586/1586 1579/1579/1579 1585/1585/1585
f 1579/1579/1579 1584/1584/1584 1585/1585/1585
f 1579/1579/1579 1582/1582/1582 1584/1584/1584
f 1581/1581/1581 1579/1579/1579 1578/1578/1578
f 1581/1581/1581 1582/1582/1582 1579/1579/1579
f 2232/2232/2232 2234/2234/2234 2230/2230/2230
f 3663/3663/3663 3662/3662/3662 3664/3664/3664
f 3665/3665/3665 3664/3664/3664 3662/3662/3662
f 1578/1578/1578 1583/1583/1583 1581/1581/1581
f 3662/3662/3662 3646/3646/3646 3665/3665/3665
f 2232/2232/2232 2230/2230/2230 2228/2228/2228
f 4738/4738/4738 4736/4736/4736 4737/4737/4737
f 4752/4752/4752 4750/4750/4750 4751/4751/4751
f 4751/4751/4751 4750/4750/4750 4738/4738/4738
f 4750/4750/4750 4735/4735/4735 4738/4738/4738
f 4735/4735/4735 4736/4736/4736 4738/4738/4738
f 4752/4752/4752 4764/4764/4764 4750/4750/4750
f 5597/5597/5597 5599/5599/5599 5600/5600/5600
f 5600/5600/5600 5599/5599/5599 5601/5601/5601
f 2035/2035/2035 2066/2066/2066 2034/2034/2034
f 2035/2035/2035 2071/2071/2071 2066/2066/2066
f 2032/2032/2032 2063/2063/2063 2036/2036/2036
f 2035/2035/2035 2032/2032/2032 2036/2036/2036
f 2034/2034/2034 2032/2032/2032 2035/2035/2035
f 2063/2063/2063 2032/2032/2032 2067/2067/2067
f 1300/1300/1300 1297/1297/1297 1299/1299/1299
f 1822/1822/1822 1824/1824/1824 1823/1823/1823
f 2226/2226/2226 2227/2227/2227 2228/2228/2228
f 2230/2230/2230 2226/2226/2226 2228/2228/2228
f 1297/1297/1297 1298/1298/1298 1299/1299/1299
f 5485/5485/5485 5483/5483/5483 5482/5482/5482
f 5485/5485/5485 5482/5482/5482 5486/5486/5486
f 5446/5446/5446 5408/5408/5408 5405/5405/5405
f 4753/4753/4753 4754/4754/4754 4752/4752/4752
f 4753/4753/4753 4752/4752/4752 4751/4751/4751
f 4764/4764/4764 4752/4752/4752 4756/4756/4756
f 4752/4752/4752 4755/4755/4755 4756/4756/4756
f 4752/4752/4752 4754/4754/4754 4755/4755/4755
f 4755/4755/4755 4757/4757/4757 4756/4756/4756
f 5293/5293/5293 5295/5295/5295 5296/5296/5296
f 5293/5293/5293 5296/5296/5296 5298/5298/5298
f 5296/5296/5296 5299/5299/5299 5298/5298/5298
f 3364/3364/3364 3361/3361/3361 3365/3365/3365
f 3368/3368/3368 3361/3361/3361 3359/3359/3359
f 3368/3368/3368 3365/3365/3365 3361/3361/3361
f 3359/3359/3359 3366/3366/3366 3371/3371/3371
f 3359/3359/3359 3371/3371/3371 3368/3368/3368
f 1301/1301/1301 1297/1297/1297 1300/1300/1300
f 5478/5478/5478 5479/5479/5479 5420/5420/5420
f 2559/2559/2559 2560/2560/2560 2561/2561/2561
f 2602/2602/2602 2603/2603/2603 2604/2604/2604
f 1302/1302/1302 1297/1297/1297 1301/1301/1301
f 5478/5478/5478 5420/5420/5420 5446/5446/5446
f 5446/5446/5446 5420/5420/5420 5410/5410/5410
f 5446/5446/5446 5410/5410/5410 5408/5408/5408
f 5410/5410/5410 5409/5409/5409 5408/5408/5408
f 5410/5410/5410 5411/5411/5411 5409/5409/5409
f 5409/5409/5409 5412/5412/5412 5414/5414/5414
f 5411/5411/5411 5412/5412/5412 5409/5409/5409
f 5414/5414/5414 5417/5417/5417 5468/5468/5468
f 5412/5412/5412 5417/5417/5417 5414/5414/5414
f 5468/5468/5468 5469/5469/5469 5470/5470/5470
f 5417/5417/5417 5469/5469/5469 5468/5468/5468
f 5489/5489/5489 5488/5488/5488 5490/5490/5490
f 5487/5487/5487 5488/5488/5488 5489/5489/5489
f 5490/5490/5490 5488/5488/5488 5491/5491/5491
f 5488/5488/5488 5492/5492/5492 5491/5491/5491
f 5464/5464/5464 5465/5465/5465 5467/5467/5467
f 5492/5492/5492 5488/5488/5488 5498/5498/5498
f 5465/5465/5465 5463/5463/5463 5466/5466/5466
f 5465/5465/5465 5464/5464/5464 5463/5463/5463
f 4757/4757/4757 4755/4755/4755 4759/4759/4759
f 4759/4759/4759 4755/4755/4755 4761/4761/4761
f 5293/5293/5293 5294/5294/5294 5295/5295/5295
f 5325/5325/5325 5294/5294/5294 5293/5293/5293
f 5298/5298/5298 5325/5325/5325 5293/5293/5293
f 5326/5326/5326 5325/5325/5325 5298/5298/5298
f 1991/1991/1991 1992/1992/1992 1993/1993/1993
f 1991/1991/1991 1993/1993/1993 1996/1996/1996
f 1995/1995/1995 1996/1996/1996 1998/1998/1998
f 1995/1995/1995 1991/1991/1991 1996/1996/1996
f 5805/5805/5805 5806/5806/5806 5807/5807/5807
f 5765/5765/5765 5737/5737/5737 5759/5759/5759
f 1999/1999/1999 1995/1995/1995 1998/1998/1998
f 5756/5756/5756 5766/5766/5766 5724/5724/5724
f 5805/5805/5805 5808/5808/5808 5806/5806/5806
f 5756/5756/5756 5758/5758/5758 5766/5766/5766
f 5498/5498/5498 5499/5499/5499 5492/5492/5492
f 5464/5464/5464 5441/5441/5441 5463/5463/5463
f 5463/5463/5463 5441/5441/5441 5439/5439/5439
f 4761/4761/4761 4762/4762/4762 4759/4759/4759
f 5308/5308/5308 5307/5307/5307 5305/5305/5305
f 5318/5318/5318 5308/5308/5308 5305/5305/5305
f 5325/5325/5325 5318/5318/5318 5305/5305/5305
f 5326/5326/5326 5318/5318/5318 5325/5325/5325
f 5711/5711/5711 5724/5724/5724 5759/5759/5759
f 5724/5724/5724 5711/5711/5711 5712/5712/5712
f 5714/5714/5714 5724/5724/5724 5712/5712/5712
f 5756/5756/5756 5724/5724/5724 5714/5714/5714
f 5758/5758/5758 5756/5756/5756 5723/5723/5723
f 5723/5723/5723 5756/5756/5756 5714/5714/5714
f 4488/4488/4488 4485/4485/4485 4489/4489/4489
f 4478/4478/4478 4650/4650/4650 4486/4486/4486
f 4478/4478/4478 4486/4486/4486 4485/4485/4485
f 4484/4484/4484 4478/4478/4478 4485/4485/4485
f 4488/4488/4488 4484/4484/4484 4485/4485/4485
f 4481/4481/4481 4650/4650/4650 4478/4478/4478
f 5713/5713/5713 5714/5714/5714 5712/5712/5712
f 5718/5718/5718 5717/5717/5717 5716/5716/5716
f 5716/5716/5716 5717/5717/5717 5713/5713/5713
f 5717/5717/5717 5723/5723/5723 5713/5713/5713
f 5723/5723/5723 5714/5714/5714 5713/5713/5713
f 5718/5718/5718 5719/5719/5719 5717/5717/5717
f 864/864/864 865/865/865 866/866/866
f 1284/1284/1284 1279/1279/1279 1286/1286/1286
f 1286/1286/1286 1279/1279/1279 1277/1277/1277
f 1278/1278/1278 1279/1279/1279 1284/1284/1284
f 4650/4650/4650 4491/4491/4491 4486/4486/4486
f 4687/4687/4687 4688/4688/4688 4689/4689/4689
f 4651/4651/4651 4491/4491/4491 4650/4650/4650
f 5371/5371/5371 5370/5370/5370 5368/5368/5368
f 5372/5372/5372 5370/5370/5370 5371/5371/5371
f 4694/4694/4694 4688/4688/4688 4693/4693/4693
f 6729/6729/6729 6855/6855/6855 6731/6731/6731
f 6855/6855/6855 6733/6733/6733 6731/6731/6731
f 6731/6731/6731 6733/6733/6733 6732/6732/6732
f 6733/6733/6733 6735/6735/6735 6732/6732/6732
f 6735/6735/6735 6736/6736/6736 6732/6732/6732
f 6736/6736/6736 6735/6735/6735 6737/6737/6737
f 862/862/862 863/863/863 864/864/864
f 864/864/864 863/863/863 865/865/865
f 1272/1272/1272 1277/1277/1277 1279/1279/1279
f 1273/1273/1273 1277/1277/1277 1272/1272/1272
f 1262/1262/1262 1272/1272/1272 1278/1278/1278
f 1278/1278/1278 1272/1272/1272 1279/1279/1279
f 2625/2625/2625 2623/2623/2623 2624/2624/2624
f 488/488/488 512/512/512 513/513/513
f 3567/3567/3567 3564/3564/3564 3566/3566/3566
f 3571/3571/3571 3564/3564/3564 3567/3567/3567
f 6730/6730/6730 6856/6856/6856 6855/6855/6855
f 6730/6730/6730 6855/6855/6855 6729/6729/6729
f 6733/6733/6733 6855/6855/6855 6870/6870/6870
f 6870/6870/6870 6855/6855/6855 6856/6856/6856
f 873/873/873 871/871/871 862/862/862
f 862/862/862 871/871/871 863/863/863
f 1271/1271/1271 1273/1273/1273 1272/1272/1272
f 1274/1274/1274 1273/1273/1273 1271/1271/1271
f 1261/1261/1261 1271/1271/1271 1262/1262/1262
f 1262/1262/1262 1271/1271/1271 1272/1272/1272
f 2635/2635/2635 2637/2637/2637 2636/2636/2636
f 708/708/708 702/702/702 693/693/693
f 2634/2634/2634 2636/2636/2636 2638/2638/2638
f 2634/2634/2634 2635/2635/2635 2636/2636/2636
f 2627/2627/2627 2638/2638/2638 2631/2631/2631
f 2627/2627/2627 2634/2634/2634 2638/2638/2638
f 2622/2622/2622 2631/2631/2631 2632/2632/2632
f 2622/2622/2622 2627/2627/2627 2631/2631/2631
f 482/482/482 488/488/488 489/489/489
f 707/707/707 706/706/706 689/689/689
f 706/706/706 686/686/686 689/689/689
f 2624/2624/2624 2623/2623/2623 2622/2622/2622
f 512/512/512 488/488/488 486/486/486
f 488/488/488 483/483/483 486/486/486
f 488/488/488 482/482/482 483/483/483
f 483/483/483 485/485/485 486/486/486
f 3571/3571/3571 3562/3562/3562 3564/3564/3564
f 3601/3601/3601 3562/3562/3562 3571/3571/3571
f 6894/6894/6894 6895/6895/6895 6896/6896/6896
f 6892/6892/6892 6856/6856/6856 6730/6730/6730
f 6046/6046/6046 6049/6049/6049 6048/6048/6048
f 6049/6049/6049 6050/6050/6050 6048/6048/6048
f 6896/6896/6896 6895/6895/6895 6897/6897/6897
f 6050/6050/6050 6051/6051/6051 6048/6048/6048
f 4110/4110/4110 4108/4108/4108 4109/4109/4109
f 4108/4108/4108 4110/4110/4110 4111/4111/4111
f 4111/4111/4111 4110/4110/4110 4112/4112/4112
f 1263/1263/1263 1271/1271/1271 1261/1261/1261
f 3061/3061/3061 3049/3049/3049 3046/3046/3046
f 3044/3044/3044 3045/3045/3045 3046/3046/3046
f 3046/3046/3046 3045/3045/3045 3061/3061/3061
f 3045/3045/3045 3044/3044/3044 3042/3042/3042
f 3044/3044/3044 3043/3043/3043 3042/3042/3042
f 709/709/709 698/698/698 703/703/703
f 698/698/698 693/693/693 702/702/702
f 698/698/698 702/702/702 703/703/703
f 37/37/37 38/38/38 39/39/39
f 482/482/482 464/464/464 475/475/475
f 481/481/481 482/482/482 475/475/475
f 483/483/483 482/482/482 481/481/481
f 485/485/485 483/483/483 484/484/484
f 484/484/484 483/483/483 481/481/481
f 3601/3601/3601 3568/3568/3568 3562/3562/3562
f 3589/3589/3589 3568/3568/3568 3601/3601/3601
f 6746/6746/6746 6747/6747/6747 6745/6745/6745
f 6865/6865/6865 6868/6868/6868 6745/6745/6745
f 6865/6865/6865 6745/6745/6745 6747/6747/6747
f 6864/6864/6864 6892/6892/6892 6868/6868/6868
f 6865/6865/6865 6864/6864/6864 6868/6868/6868
f 6858/6858/6858 6864/6864/6864 6865/6865/6865
f 6862/6862/6862 6860/6860/6860 6859/6859/6859
f 6860/6860/6860 6858/6858/6858 6859/6859/6859
f 6860/6860/6860 6864/6864/6864 6858/6858/6858
f 6860/6860/6860 6862/6862/6862 6863/6863/6863
f 3062/3062/3062 3060/3060/3060 3061/3061/3061
f 3061/3061/3061 3060/3060/3060 3049/3049/3049
f 3275/3275/3275 3276/3276/3276 3277/3277/3277
f 3278/3278/3278 3276/3276/3276 3275/3275/3275
f 3045/3045/3045 3042/3042/3042 3041/3041/3041
f 3277/3277/3277 3280/3280/3280 3275/3275/3275
f 470/470/470 481/481/481 475/475/475
f 470/470/470 472/472/472 481/481/481
f 472/472/472 484/484/484 481/481/481
f 472/472/472 553/553/553 484/484/484
f 3588/3588/3588 3582/3582/3582 3580/3580/3580
f 3589/3589/3589 3588/3588/3588 3580/3580/3580
f 3574/3574/3574 3589/3589/3589 3580/3580/3580
f 3568/3568/3568 3589/3589/3589 3574/3574/3574
f 40/40/40 41/41/41 42/42/42
f 6753/6753/6753 6752/6752/6752 6849/6849/6849
f 6753/6753/6753 6849/6849/6849 6756/6756/6756
f 6751/6751/6751 6750/6750/6750 6752/6752/6752
f 6751/6751/6751 6752/6752/6752 6753/6753/6753
f 6751/6751/6751 6749/6749/6749 6750/6750/6750
f 6750/6750/6750 6749/6749/6749 6746/6746/6746
f 6749/6749/6749 6748/6748/6748 6746/6746/6746
f 6748/6748/6748 6747/6747/6747 6746/6746/6746
f 6747/6747/6747 6748/6748/6748 6865/6865/6865
f 6865/6865/6865 6748/6748/6748 6853/6853/6853
f 6865/6865/6865 6853/6853/6853 6858/6858/6858
f 6858/6858/6858 6853/6853/6853 6857/6857/6857
f 6858/6858/6858 6857/6857/6857 6859/6859/6859
f 3064/3064/3064 3063/3063/3063 3062/3062/3062
f 3062/3062/3062 3063/3063/3063 3060/3060/3060
f 3279/3279/3279 3278/3278/3278 3275/3275/3275
f 3064/3064/3064 3062/3062/3062 3065/3065/3065
f 4132/4132/4132 4131/4131/4131 4130/4130/4130
f 4132/4132/4132 4130/4130/4130 4133/4133/4133
f 479/479/479 553/553/553 472/472/472
f 479/479/479 554/554/554 553/553/553
f 3580/3580/3580 3582/3582/3582 3577/3577/3577
f 3577/3577/3577 3582/3582/3582 3583/3583/3583
f 3577/3577/3577 3576/3576/3576 3574/3574/3574
f 3577/3577/3577 3574/3574/3574 3580/3580/3580
f 6845/6845/6845 6763/6763/6763 6762/6762/6762
f 6760/6760/6760 6759/6759/6759 6762/6762/6762
f 6760/6760/6760 6762/6762/6762 6763/6763/6763
f 6760/6760/6760 6758/6758/6758 6759/6759/6759
f 6759/6759/6759 6758/6758/6758 6757/6757/6757
f 6758/6758/6758 6755/6755/6755 6757/6757/6757
f 6755/6755/6755 6756/6756/6756 6757/6757/6757
f 6756/6756/6756 6755/6755/6755 6753/6753/6753
f 6753/6753/6753 6755/6755/6755 6754/6754/6754
f 6753/6753/6753 6754/6754/6754 6751/6751/6751
f 6751/6751/6751 6754/6754/6754 6847/6847/6847
f 6751/6751/6751 6847/6847/6847 6749/6749/6749
f 4168/4168/4168 4167/4167/4167 4169/4169/4169
f 4167/4167/4167 4168/4168/4168 4166/4166/4166
f 4187/4187/4187 4190/4190/4190 4189/4189/4189
f 4054/4054/4054 4052/4052/4052 4053/4053/4053
f 4185/4185/4185 4186/4186/4186 4187/4187/4187
f 4188/4188/4188 4185/4185/4185 4187/4187/4187
f 4189/4189/4189 4188/4188/4188 4187/4187/4187
f 4125/4125/4125 4052/4052/4052 4054/4054/4054
f 602/602/602 598/598/598 589/589/589
f 602/602/602 589/589/589 596/596/596
f 479/479/479 589/589/589 554/554/554
f 554/554/554 589/589/589 598/598/598
f 3587/3587/3587 3596/3596/3596 3585/3585/3585
f 3587/3587/3587 3585/3585/3585 3583/3583/3583
f 3585/3585/3585 3577/3577/3577 3583/3583/3583
f 3585/3585/3585 3586/3586/3586 3577/3577/3577
f 3578/3578/3578 3579/3579/3579 3576/3576/3576
f 3577/3577/3577 3578/3578/3578 3576/3576/3576
f 6772/6772/6772 6769/6769/6769 6773/6773/6773
f 6767/6767/6767 6769/6769/6769 6768/6768/6768
f 6766/6766/6766 6767/6767/6767 6768/6768/6768
f 6765/6765/6765 6767/6767/6767 6766/6766/6766
f 6845/6845/6845 6765/6765/6765 6763/6763/6763
f 6765/6765/6765 6764/6764/6764 6763/6763/6763
f 6765/6765/6765 6766/6766/6766 6764/6764/6764
f 6763/6763/6763 6764/6764/6764 6760/6760/6760
f 6760/6760/6760 6764/6764/6764 6761/6761/6761
f 6760/6760/6760 6761/6761/6761 6758/6758/6758
f 4052/4052/4052 4050/4050/4050 4053/4053/4053
f 4125/4125/4125 4049/4049/4049 4052/4052/4052
f 4049/4049/4049 4050/4050/4050 4052/4052/4052
f 4049/4049/4049 4047/4047/4047 4050/4050/4050
f 4047/4047/4047 4040/4040/4040 4041/4041/4041
f 4049/4049/4049 4040/4040/4040 4047/4047/4047
f 4041/4041/4041 4039/4039/4039 4042/4042/4042
f 4040/4040/4040 4039/4039/4039 4041/4041/4041
f 4042/4042/4042 4122/4122/4122 4045/4045/4045
f 4039/4039/4039 4122/4122/4122 4042/4042/4042
f 1853/1853/1853 1851/1851/1851 1852/1852/1852
f 4122/4122/4122 4160/4160/4160 4045/4045/4045
f 596/596/596 601/601/601 602/602/602
f 1849/1849/1849 1852/1852/1852 1851/1851/1851
f 3596/3596/3596 3597/3597/3597 3585/3585/3585
f 6775/6775/6775 6774/6774/6774 6772/6772/6772
f 6772/6772/6772 6774/6774/6774 6771/6771/6771
f 6772/6772/6772 6771/6771/6771 6769/6769/6769
f 6769/6769/6769 6771/6771/6771 6770/6770/6770
f 6769/6769/6769 6770/6770/6770 6768/6768/6768
f 382/382/382 389/389/389 378/378/378
f 367/367/367 382/382/382 378/378/378
f 3644/3644/3644 3642/3642/3642 3643/3643/3643
f 389/389/389 382/382/382 388/388/388
f 382/382/382 387/387/387 388/388/388
f 382/382/382 386/386/386 387/387/387
f 386/386/386 382/382/382 367/367/367
f 373/373/373 386/386/386 367/367/367
f 364/364/364 373/373/373 367/367/367
f 3650/3650/3650 3648/3648/3648 3660/3660/3660
f 363/363/363 364/364/364 362/362/362
f 363/363/363 373/373/373 364/364/364
f 361/361/361 362/362/362 360/360/360
f 361/361/361 363/363/363 362/362/362
f 357/357/357 360/360/360 359/359/359
f 357/357/357 361/361/361 360/360/360
f 4729/4729/4729 4728/4728/4728 4725/4725/4725
f 358/358/358 357/357/357 359/359/359
f 4725/4725/4725 4730/4730/4730 4729/4729/4729
f 4729/4729/4729 4730/4730/4730 4731/4731/4731
f 3644/3644/3644 3645/3645/3645 3642/3642/3642
f 3645/3645/3645 3644/3644/3644 3646/3646/3646
f 3644/3644/3644 3647/3647/3647 3646/3646/3646
f 3644/3644/3644 3648/3648/3648 3647/3647/3647
f 3648/3648/3648 3650/3650/3650 3649/3649/3649
f 3648/3648/3648 3649/3649/3649 3647/3647/3647
f 4732/4732/4732 4731/4731/4731 4730/4730/4730
f 4732/4732/4732 4730/4730/4730 4733/4733/4733
f 4739/4739/4739 4734/4734/4734 4735/4735/4735
f 4734/4734/4734 4733/4733/4733 4735/4735/4735
f 4734/4734/4734 4732/4732/4732 4733/4733/4733
f 4739/4739/4739 4740/4740/4740 4734/4734/4734
f 1589/1589/1589 1587/1587/1587 1584/1584/1584
f 1582/1582/1582 1590/1590/1590 1584/1584/1584
f 1584/1584/1584 1590/1590/1590 1589/1589/1589
f 1581/1581/1581 1591/1591/1591 1582/1582/1582
f 1582/1582/1582 1591/1591/1591 1590/1590/1590
f 1583/1583/1583 1592/1592/1592 1581/1581/1581
f 1581/1581/1581 1592/1592/1592 1591/1591/1591
f 3646/3646/3646 3647/3647/3647 3665/3665/3665
f 3647/3647/3647 3725/3725/3725 3665/3665/3665
f 1791/1791/1791 1789/1789/1789 1798/1798/1798
f 3647/3647/3647 3649/3649/3649 3661/3661/3661
f 1790/1790/1790 1791/1791/1791 1793/1793/1793
f 1789/1789/1789 1791/1791/1791 1790/1790/1790
f 1794/1794/1794 1792/1792/1792 1790/1790/1790
f 1794/1794/1794 1790/1790/1790 1793/1793/1793
f 1796/1796/1796 1792/1792/1792 1794/1794/1794
f 4750/4750/4750 4739/4739/4739 4735/4735/4735
f 4786/4786/4786 4787/4787/4787 4788/4788/4788
f 4764/4764/4764 4781/4781/4781 4750/4750/4750
f 306/306/306 307/307/307 308/308/308
f 4740/4740/4740 4739/4739/4739 4750/4750/4750
f 4765/4765/4765 4771/4771/4771 4758/4758/4758
f 4758/4758/4758 4771/4771/4771 4781/4781/4781
f 4765/4765/4765 4767/4767/4767 4771/4771/4771
f 5595/5595/5595 5598/5598/5598 5597/5597/5597
f 5597/5597/5597 5598/5598/5598 5599/5599/5599
f 2039/2039/2039 2071/2071/2071 2035/2035/2035
f 5596/5596/5596 5595/5595/5595 5597/5597/5597
f 2035/2035/2035 2036/2036/2036 2037/2037/2037
f 2038/2038/2038 2035/2035/2035 2037/2037/2037
f 2039/2039/2039 2035/2035/2035 2038/2038/2038
f 2038/2038/2038 2037/2037/2037 2040/2040/2040
f 2038/2038/2038 2040/2040/2040 2050/2050/2050
f 2050/2050/2050 2040/2040/2040 2079/2079/2079
f 2050/2050/2050 2079/2079/2079 2048/2048/2048
f 2048/2048/2048 2079/2079/2079 2080/2080/2080
f 2048/2048/2048 2080/2080/2080 2049/2049/2049
f 1781/1781/1781 1783/1783/1783 1786/1786/1786
f 1798/1798/1798 1781/1781/1781 1786/1786/1786
f 1789/1789/1789 1781/1781/1781 1798/1798/1798
f 1784/1784/1784 1789/1789/1789 1790/1790/1790
f 1781/1781/1781 1789/1789/1789 1784/1784/1784
f 1787/1787/1787 1790/1790/1790 1792/1792/1792
f 1784/1784/1784 1790/1790/1790 1787/1787/1787
f 1792/1792/1792 1796/1796/1796 1795/1795/1795
f 1792/1792/1792 1795/1795/1795 1787/1787/1787
f 43/43/43 44/44/44 45/45/45
f 4758/4758/4758 4756/4756/4756 4757/4757/4757
f 4760/4760/4760 4758/4758/4758 4757/4757/4757
f 4765/4765/4765 4758/4758/4758 4760/4760/4760
f 4767/4767/4767 4765/4765/4765 4766/4766/4766
f 4766/4766/4766 4765/4765/4765 4760/4760/4760
f 5300/5300/5300 5298/5298/5298 5299/5299/5299
f 5302/5302/5302 5301/5301/5301 5299/5299/5299
f 5299/5299/5299 5301/5301/5301 5300/5300/5300
f 5321/5321/5321 5301/5301/5301 5302/5302/5302
f 5322/5322/5322 5321/5321/5321 5302/5302/5302
f 5323/5323/5323 5321/5321/5321 5322/5322/5322
f 5420/5420/5420 5448/5448/5448 5419/5419/5419
f 1781/1781/1781 1782/1782/1782 1783/1783/1783
f 1782/1782/1782 1784/1784/1784 1785/1785/1785
f 1784/1784/1784 1782/1782/1782 1781/1781/1781
f 5418/5418/5418 5410/5410/5410 5419/5419/5419
f 5420/5420/5420 5419/5419/5419 5410/5410/5410
f 5410/5410/5410 5418/5418/5418 5411/5411/5411
f 5444/5444/5444 5411/5411/5411 5418/5418/5418
f 1359/1359/1359 1360/1360/1360 1361/1361/1361
f 1785/1785/1785 1787/1787/1787 1788/1788/1788
f 1787/1787/1787 1785/1785/1785 1784/1784/1784
f 1795/1795/1795 1797/1797/1797 1787/1787/1787
f 5413/5413/5413 5411/5411/5411 5415/5415/5415
f 5413/5413/5413 5412/5412/5412 5411/5411/5411
f 5412/5412/5412 5416/5416/5416 5417/5417/5417
f 5413/5413/5413 5416/5416/5416 5412/5412/5412
f 5494/5494/5494 5493/5493/5493 5487/5487/5487
f 5495/5495/5495 5493/5493/5493 5494/5494/5494
f 5493/5493/5493 5501/5501/5501 5500/5500/5500
f 5488/5488/5488 5493/5493/5493 5500/5500/5500
f 5487/5487/5487 5493/5493/5493 5488/5488/5488
f 5500/5500/5500 5498/5498/5498 5488/5488/5488
f 4759/4759/4759 4772/4772/4772 4760/4760/4760
f 4759/4759/4759 4760/4760/4760 4757/4757/4757
f 4766/4766/4766 4760/4760/4760 4770/4770/4770
f 4770/4770/4770 4760/4760/4760 4772/4772/4772
f 4492/4492/4492 4493/4493/4493 4494/4494/4494
f 4494/4494/4494 4493/4493/4493 4495/4495/4495
f 4696/4696/4696 4699/4699/4699 4700/4700/4700
f 4695/4695/4695 4699/4699/4699 4696/4696/4696
f 4641/4641/4641 4640/4640/4640 4639/4639/4639
f 4700/4700/4700 4702/4702/4702 4696/4696/4696
f 1991/1991/1991 1994/1994/1994 1992/1992/1992
f 1994/1994/1994 1991/1991/1991 1995/1995/1995
f 1994/1994/1994 1995/1995/1995 1997/1997/1997
f 2000/2000/2000 2002/2002/2002 1997/1997/1997
f 1995/1995/1995 2000/2000/2000 1997/1997/1997
f 1999/1999/1999 2000/2000/2000 1995/1995/1995
f 2011/2011/2011 1999/1999/1999 2013/2013/2013
f 2011/2011/2011 2000/2000/2000 1999/1999/1999
f 2013/2013/2013 2030/2030/2030 2011/2011/2011
f 2011/2011/2011 2030/2030/2030 2026/2026/2026
f 5429/5429/5429 5431/5431/5431 5432/5432/5432
f 5432/5432/5432 5431/5431/5431 5462/5462/5462
f 5431/5431/5431 5441/5441/5441 5462/5462/5462
f 5431/5431/5431 5436/5436/5436 5441/5441/5441
f 5436/5436/5436 5437/5437/5437 5438/5438/5438
f 5439/5439/5439 5436/5436/5436 5438/5438/5438
f 5441/5441/5441 5436/5436/5436 5439/5439/5439
f 4772/4772/4772 4759/4759/4759 4762/4762/4762
f 5438/5438/5438 5440/5440/5440 5439/5439/5439
f 5993/5993/5993 5994/5994/5994 5995/5995/5995
f 6119/6119/6119 6120/6120/6120 6117/6117/6117
f 5991/5991/5991 5994/5994/5994 5993/5993/5993
f 4483/4483/4483 4484/4484/4484 4492/4492/4492
f 4492/4492/4492 4484/4484/4484 4493/4493/4493
f 4696/4696/4696 4701/4701/4701 4698/4698/4698
f 4697/4697/4697 4696/4696/4696 4698/4698/4698
f 4695/4695/4695 4696/4696/4696 4697/4697/4697
f 4701/4701/4701 4696/4696/4696 4702/4702/4702
f 1483/1483/1483 1484/1484/1484 1485/1485/1485
f 3559/3559/3559 3558/3558/3558 3560/3560/3560
f 1138/1138/1138 1139/1139/1139 1142/1142/1142
f 5995/5995/5995 5997/5997/5997 5993/5993/5993
f 5993/5993/5993 5997/5997/5997 5992/5992/5992
f 5993/5993/5993 5992/5992/5992 5991/5991/5991
f 4483/4483/4483 4478/4478/4478 4484/4484/4484
f 4474/4474/4474 4480/4480/4480 4481/4481/4481
f 4474/4474/4474 4481/4481/4481 4478/4478/4478
f 4475/4475/4475 4474/4474/4474 4478/4478/4478
f 4483/4483/4483 4475/4475/4475 4478/4478/4478
f 4465/4465/4465 4480/4480/4480 4474/4474/4474
f 3556/3556/3556 3558/3558/3558 3559/3559/3559
f 5720/5720/5720 5723/5723/5723 5717/5717/5717
f 5717/5717/5717 5719/5719/5719 5720/5720/5720
f 5720/5720/5720 5719/5719/5719 5721/5721/5721
f 4690/4690/4690 4688/4688/4688 4687/4687/4687
f 4467/4467/4467 4469/4469/4469 4470/4470/4470
f 4692/4692/4692 4693/4693/4693 4688/4688/4688
f 4691/4691/4691 4692/4692/4692 4688/4688/4688
f 4690/4690/4690 4691/4691/4691 4688/4688/4688
f 46/46/46 47/47/47 48/48/48
f 4468/4468/4468 4469/4469/4469 4467/4467/4467
f 49/49/49 47/47/47 46/46/46
f 6949/6949/6949 6950/6950/6950 6951/6951/6951
f 6949/6949/6949 6951/6951/6951 6952/6952/6952
f 6737/6737/6737 6735/6735/6735 6738/6738/6738
f 6738/6738/6738 6735/6735/6735 6739/6739/6739
f 2633/2633/2633 2628/2628/2628 2626/2626/2626
f 2621/2621/2621 2699/2699/2699 2626/2626/2626
f 2626/2626/2626 2699/2699/2699 2633/2633/2633
f 2623/2623/2623 2625/2625/2625 2621/2621/2621
f 2625/2625/2625 2699/2699/2699 2621/2621/2621
f 2700/2700/2700 2701/2701/2701 2702/2702/2702
f 510/510/510 511/511/511 512/512/512
f 511/511/511 513/513/513 512/512/512
f 511/511/511 550/550/550 513/513/513
f 510/510/510 509/509/509 511/511/511
f 4472/4472/4472 4471/4471/4471 4469/4469/4469
f 4471/4471/4471 4470/4470/4470 4469/4469/4469
f 3602/3602/3602 3571/3571/3571 3567/3567/3567
f 4706/4706/4706 4707/4707/4707 4708/4708/4708
f 4706/4706/4706 4708/4708/4708 4709/4709/4709
f 50/50/50 47/47/47 49/49/49
f 6046/6046/6046 6047/6047/6047 6045/6045/6045
f 6044/6044/6044 6046/6046/6046 6045/6045/6045
f 6952/6952/6952 6953/6953/6953 6949/6949/6949
f 6047/6047/6047 6055/6055/6055 6045/6045/6045
f 3025/3025/3025 3027/3027/3027 3024/3024/3024
f 3025/3025/3025 3024/3024/3024 3023/3023/3023
f 3024/3024/3024 3021/3021/3021 3023/3023/3023
f 2635/2635/2635 2634/2634/2634 2629/2629/2629
f 2627/2627/2627 2626/2626/2626 2628/2628/2628
f 2629/2629/2629 2627/2627/2627 2628/2628/2628
f 2634/2634/2634 2627/2627/2627 2629/2629/2629
f 2626/2626/2626 2627/2627/2627 2622/2622/2622
f 2626/2626/2626 2622/2622/2622 2621/2621/2621
f 2621/2621/2621 2622/2622/2622 2623/2623/2623
f 486/486/486 510/510/510 512/512/512
f 491/491/491 487/487/487 485/485/485
f 485/485/485 487/487/487 486/486/486
f 487/487/487 509/509/509 486/486/486
f 509/509/509 510/510/510 486/486/486
f 493/493/493 492/492/492 491/491/491
f 491/491/491 492/492/492 487/487/487
f 498/498/498 497/497/497 493/493/493
f 493/493/493 497/497/497 492/492/492
f 3603/3603/3603 3604/3604/3604 3605/3605/3605
f 3605/3605/3605 3604/3604/3604 3606/3606/3606
f 3602/3602/3602 3604/3604/3604 3603/3603/3603
f 3601/3601/3601 3602/3602/3602 3603/3603/3603
f 3571/3571/3571 3602/3602/3602 3601/3601/3601
f 6048/6048/6048 6047/6047/6047 6046/6046/6046
f 6053/6053/6053 6052/6052/6052 6051/6051/6051
f 6051/6051/6051 6052/6052/6052 6048/6048/6048
f 879/879/879 880/880/880 881/881/881
f 6055/6055/6055 6047/6047/6047 6048/6048/6048
f 6053/6053/6053 6054/6054/6054 6052/6052/6052
f 3040/3040/3040 3042/3042/3042 3043/3043/3043
f 3068/3068/3068 3040/3040/3040 3043/3043/3043
f 3269/3269/3269 3270/3270/3270 3271/3271/3271
f 3026/3026/3026 3068/3068/3068 3027/3027/3027
f 3025/3025/3025 3026/3026/3026 3027/3027/3027
f 3026/3026/3026 3025/3025/3025 3023/3023/3023
f 484/484/484 501/501/501 491/491/491
f 484/484/484 491/491/491 485/485/485
f 491/491/491 494/494/494 493/493/493
f 491/491/491 501/501/501 494/494/494
f 493/493/493 495/495/495 498/498/498
f 493/493/493 494/494/494 495/495/495
f 3605/3605/3605 3607/3607/3607 3603/3603/3603
f 498/498/498 495/495/495 551/551/551
f 3607/3607/3607 3589/3589/3589 3601/3601/3601
f 3607/3607/3607 3601/3601/3601 3603/3603/3603
f 6859/6859/6859 6861/6861/6861 6862/6862/6862
f 6861/6861/6861 6871/6871/6871 6862/6862/6862
f 6862/6862/6862 6871/6871/6871 6863/6863/6863
f 6871/6871/6871 6872/6872/6872 6863/6863/6863
f 6872/6872/6872 6874/6874/6874 6863/6863/6863
f 6874/6874/6874 6872/6872/6872 6876/6876/6876
f 3037/3037/3037 3041/3041/3041 3040/3040/3040
f 3040/3040/3040 3041/3041/3041 3042/3042/3042
f 3040/3040/3040 3068/3068/3068 3032/3032/3032
f 3040/3040/3040 3032/3032/3032 3037/3037/3037
f 553/553/553 552/552/552 501/501/501
f 553/553/553 501/501/501 484/484/484
f 501/501/501 502/502/502 494/494/494
f 501/501/501 552/552/552 502/502/502
f 494/494/494 496/496/496 495/495/495
f 494/494/494 502/502/502 496/496/496
f 496/496/496 569/569/569 570/570/570
f 3608/3608/3608 3609/3609/3609 3610/3610/3610
f 495/495/495 496/496/496 551/551/551
f 3607/3607/3607 3588/3588/3588 3589/3589/3589
f 6749/6749/6749 6848/6848/6848 6748/6748/6748
f 6852/6852/6852 6853/6853/6853 6748/6748/6748
f 6852/6852/6852 6748/6748/6748 6848/6848/6848
f 6854/6854/6854 6857/6857/6857 6853/6853/6853
f 6854/6854/6854 6853/6853/6853 6852/6852/6852
f 6861/6861/6861 6859/6859/6859 6857/6857/6857
f 6854/6854/6854 6861/6861/6861 6857/6857/6857
f 5945/5945/5945 5954/5954/5954 5947/5947/5947
f 6031/6031/6031 5954/5954/5954 6030/6030/6030
f 5954/5954/5954 5943/5943/5943 6030/6030/6030
f 5954/5954/5954 5945/5945/5945 5943/5943/5943
f 5943/5943/5943 5939/5939/5939 6030/6030/6030
f 4128/4128/4128 4130/4130/4130 4129/4129/4129
f 4129/4129/4129 4130/4130/4130 4131/4131/4131
f 3037/3037/3037 3032/3032/3032 3033/3033/3033
f 4129/4129/4129 4127/4127/4127 4128/4128/4128
f 554/554/554 580/580/580 552/552/552
f 554/554/554 552/552/552 553/553/553
f 552/552/552 573/573/573 502/502/502
f 552/552/552 580/580/580 573/573/573
f 502/502/502 558/558/558 496/496/496
f 502/502/502 573/573/573 558/558/558
f 3584/3584/3584 3583/3583/3583 3582/3582/3582
f 558/558/558 569/569/569 496/496/496
f 5961/5961/5961 5960/5960/5960 5959/5959/5959
f 5958/5958/5958 5956/5956/5956 5959/5959/5959
f 5958/5958/5958 5959/5959/5959 5960/5960/5960
f 5953/5953/5953 5955/5955/5955 5956/5956/5956
f 5953/5953/5953 5956/5956/5956 5958/5958/5958
f 5951/5951/5951 5957/5957/5957 5955/5955/5955
f 5953/5953/5953 5951/5951/5951 5955/5955/5955
f 5952/5952/5952 5951/5951/5951 5953/5953/5953
f 5951/5951/5951 5950/5950/5950 5949/5949/5949
f 5951/5951/5951 5952/5952/5952 5950/5950/5950
f 5949/5949/5949 5948/5948/5948 5947/5947/5947
f 5949/5949/5949 5950/5950/5950 5948/5948/5948
f 5947/5947/5947 5946/5946/5946 5945/5945/5945
f 5947/5947/5947 5948/5948/5948 5946/5946/5946
f 5945/5945/5945 5944/5944/5944 5943/5943/5943
f 5945/5945/5945 5946/5946/5946 5944/5944/5944
f 5939/5939/5939 5943/5943/5943 5940/5940/5940
f 5940/5940/5940 5943/5943/5943 5944/5944/5944
f 4128/4128/4128 4054/4054/4054 4130/4130/4130
f 4126/4126/4126 4150/4150/4150 4125/4125/4125
f 4126/4126/4126 4125/4125/4125 4054/4054/4054
f 4127/4127/4127 4126/4126/4126 4054/4054/4054
f 4128/4128/4128 4127/4127/4127 4054/4054/4054
f 4180/4180/4180 4181/4181/4181 4182/4182/4182
f 1848/1848/1848 1846/1846/1846 1847/1847/1847
f 1848/1848/1848 1847/1847/1847 1849/1849/1849
f 554/554/554 598/598/598 580/580/580
f 598/598/598 599/599/599 580/580/580
f 1847/1847/1847 1846/1846/1846 1840/1840/1840
f 1839/1839/1839 1850/1850/1850 1840/1840/1840
f 1850/1850/1850 1855/1855/1855 1840/1840/1840
f 584/584/584 573/573/573 580/580/580
f 3598/3598/3598 3596/3596/3596 3587/3587/3587
f 3584/3584/3584 3598/3598/3598 3587/3587/3587
f 573/573/573 584/584/584 558/558/558
f 3584/3584/3584 3587/3587/3587 3583/3583/3583
f 6768/6768/6768 6805/6805/6805 6766/6766/6766
f 6766/6766/6766 6805/6805/6805 6777/6777/6777
f 6776/6776/6776 6766/6766/6766 6777/6777/6777
f 6764/6764/6764 6766/6766/6766 6776/6776/6776
f 6764/6764/6764 6806/6806/6806 6761/6761/6761
f 6776/6776/6776 6806/6806/6806 6764/6764/6764
f 5961/5961/5961 5962/5962/5962 5960/5960/5960
f 6938/6938/6938 6939/6939/6939 6940/6940/6940
f 6761/6761/6761 6806/6806/6806 6807/6807/6807
f 6878/6878/6878 6807/6807/6807 6877/6877/6877
f 6877/6877/6877 6807/6807/6807 6841/6841/6841
f 6877/6877/6877 6841/6841/6841 6820/6820/6820
f 6820/6820/6820 6841/6841/6841 6816/6816/6816
f 6820/6820/6820 6816/6816/6816 6818/6818/6818
f 6818/6818/6818 6816/6816/6816 6817/6817/6817
f 6818/6818/6818 6817/6817/6817 6821/6821/6821
f 6821/6821/6821 6817/6817/6817 6822/6822/6822
f 6821/6821/6821 6822/6822/6822 6823/6823/6823
f 6823/6823/6823 6822/6822/6822 6824/6824/6824
f 6823/6823/6823 6824/6824/6824 6825/6825/6825
f 6825/6825/6825 6824/6824/6824 6826/6826/6826
f 6825/6825/6825 6826/6826/6826 6833/6833/6833
f 6833/6833/6833 6826/6826/6826 6831/6831/6831
f 6833/6833/6833 6831/6831/6831 6886/6886/6886
f 4150/4150/4150 4049/4049/4049 4125/4125/4125
f 4180/4180/4180 4179/4179/4179 4181/4181/4181
f 4124/4124/4124 4049/4049/4049 4150/4150/4150
f 4124/4124/4124 4040/4040/4040 4049/4049/4049
f 4040/4040/4040 4035/4035/4035 4039/4039/4039
f 4124/4124/4124 4035/4035/4035 4040/4040/4040
f 4039/4039/4039 4036/4036/4036 4122/4122/4122
f 4035/4035/4035 4036/4036/4036 4039/4039/4039
f 4122/4122/4122 4038/4038/4038 4160/4160/4160
f 4036/4036/4036 4038/4038/4038 4122/4122/4122
f 1849/1849/1849 1851/1851/1851 1848/1848/1848
f 4136/4136/4136 4160/4160/4160 4038/4038/4038
f 3600/3600/3600 3599/3599/3599 3598/3598/3598
f 6585/6585/6585 6586/6586/6586 6584/6584/6584
f 6585/6585/6585 6584/6584/6584 6582/6582/6582
f 3598/3598/3598 3599/3599/3599 3597/3597/3597
f 3596/3596/3596 3598/3598/3598 3597/3597/3597
f 6582/6582/6582 6584/6584/6584 6583/6583/6583
f 6581/6581/6581 6582/6582/6582 6583/6583/6583
f 6543/6543/6543 6582/6582/6582 6581/6581/6581
f 6543/6543/6543 6540/6540/6540 6541/6541/6541
f 6581/6581/6581 6540/6540/6540 6543/6543/6543
f 6768/6768/6768 6770/6770/6770 6805/6805/6805
f 6935/6935/6935 6936/6936/6936 6937/6937/6937
f 6541/6541/6541 6540/6540/6540 6539/6539/6539
f 6805/6805/6805 6780/6780/6780 6777/6777/6777
f 6586/6586/6586 6587/6587/6587 6584/6584/6584
f 6584/6584/6584 6587/6587/6587 6583/6583/6583
f 3651/3651/3651 3650/3650/3650 3660/3660/3660
f 363/363/363 375/375/375 373/373/373
f 373/373/373 375/375/375 376/376/376
f 361/361/361 374/374/374 363/363/363
f 363/363/363 374/374/374 375/375/375
f 357/357/357 356/356/356 361/361/361
f 361/361/361 356/356/356 374/374/374
f 358/358/358 292/292/292 357/357/357
f 357/357/357 292/292/292 356/356/356
f 291/291/291 292/292/292 358/358/358
f 3652/3652/3652 3649/3649/3649 3651/3651/3651
f 3651/3651/3651 3649/3649/3649 3650/3650/3650
f 3653/3653/3653 3651/3651/3651 3659/3659/3659
f 3652/3652/3652 3651/3651/3651 3653/3653/3653
f 3657/3657/3657 3658/3658/3658 3656/3656/3656
f 3653/3653/3653 3657/3657/3657 3656/3656/3656
f 3659/3659/3659 3657/3657/3657 3653/3653/3653
f 1456/1456/1456 1463/1463/1463 1459/1459/1459
f 1456/1456/1456 1459/1459/1459 1457/1457/1457
f 293/293/293 356/356/356 292/292/292
f 293/293/293 292/292/292 285/285/285
f 285/285/285 292/292/292 291/291/291
f 288/288/288 285/285/285 291/291/291
f 286/286/286 285/285/285 288/288/288
f 287/287/287 288/288/288 289/289/289
f 287/287/287 286/286/286 288/288/288
f 4742/4742/4742 4741/4741/4741 4740/4740/4740
f 4741/4741/4741 4734/4734/4734 4740/4740/4740
f 290/290/290 287/287/287 289/289/289
f 4742/4742/4742 4743/4743/4743 4741/4741/4741
f 3652/3652/3652 3661/3661/3661 3649/3649/3649
f 3661/3661/3661 3652/3652/3652 3654/3654/3654
f 3654/3654/3654 3652/3652/3652 3653/3653/3653
f 3655/3655/3655 3654/3654/3654 3653/3653/3653
f 3656/3656/3656 3655/3655/3655 3653/3653/3653
f 1543/1543/1543 1544/1544/1544 1549/1549/1549
f 306/306/306 305/305/305 307/307/307
f 304/304/304 303/303/303 305/305/305
f 306/306/306 304/304/304 305/305/305
f 4771/4771/4771 4769/4769/4769 4781/4781/4781
f 4771/4771/4771 4767/4767/4767 4769/4769/4769
f 4769/4769/4769 4767/4767/4767 4768/4768/4768
f 5602/5602/5602 5598/5598/5598 5595/5595/5595
f 5602/5602/5602 5595/5595/5595 5594/5594/5594
f 5595/5595/5595 5591/5591/5591 5594/5594/5594
f 5595/5595/5595 5596/5596/5596 5591/5591/5591
f 2041/2041/2041 2039/2039/2039 2038/2038/2038
f 2041/2041/2041 2070/2070/2070 2039/2039/2039
f 2042/2042/2042 2038/2038/2038 2050/2050/2050
f 2042/2042/2042 2041/2041/2041 2038/2038/2038
f 2045/2045/2045 2050/2050/2050 2048/2048/2048
f 2045/2045/2045 2042/2042/2042 2050/2050/2050
f 2047/2047/2047 2048/2048/2048 2049/2049/2049
f 2047/2047/2047 2045/2045/2045 2048/2048/2048
f 2064/2064/2064 2057/2057/2057 2065/2065/2065
f 2057/2057/2057 2049/2049/2049 2065/2065/2065
f 2057/2057/2057 2047/2047/2047 2049/2049/2049
f 2062/2062/2062 2059/2059/2059 2064/2064/2064
f 2064/2064/2064 2059/2059/2059 2057/2057/2057
f 2062/2062/2062 2061/2061/2061 2059/2059/2059
f 1543/1543/1543 1542/1542/1542 1544/1544/1544
f 1541/1541/1541 1542/1542/1542 1543/1543/1543
f 3457/3457/3457 3458/3458/3458 3459/3459/3459
f 3460/3460/3460 3457/3457/3457 3459/3459/3459
f 4767/4767/4767 4766/4766/4766 4768/4768/4768
f 3405/3405/3405 3403/3403/3403 3402/3402/3402
f 5610/5610/5610 5613/5613/5613 5602/5602/5602
f 5613/5613/5613 5598/5598/5598 5602/5602/5602
f 5324/5324/5324 5321/5321/5321 5323/5323/5323
f 5610/5610/5610 5602/5602/5602 5594/5594/5594
f 2076/2076/2076 2064/2064/2064 2065/2065/2065
f 2064/2064/2064 2076/2076/2076 2077/2077/2077
f 2064/2064/2064 2077/2077/2077 2062/2062/2062
f 2077/2077/2077 2002/2002/2002 2062/2062/2062
f 2002/2002/2002 2061/2061/2061 2062/2062/2062
f 2002/2002/2002 2004/2004/2004 2061/2061/2061
f 1541/1541/1541 1545/1545/1545 1542/1542/1542
f 1542/1542/1542 1545/1545/1545 1546/1546/1546
f 5413/5413/5413 5421/5421/5421 5416/5416/5416
f 5426/5426/5426 5421/5421/5421 5413/5413/5413
f 5495/5495/5495 5496/5496/5496 5493/5493/5493
f 5421/5421/5421 5422/5422/5422 5416/5416/5416
f 5501/5501/5501 5493/5493/5493 5496/5496/5496
f 5429/5429/5429 5422/5422/5422 5428/5428/5428
f 3410/3410/3410 3408/3408/3408 3405/3405/3405
f 3410/3410/3410 3405/3405/3405 3411/3411/3411
f 3403/3403/3403 3405/3405/3405 3406/3406/3406
f 3406/3406/3406 3405/3405/3405 3408/3408/3408
f 4497/4497/4497 4639/4639/4639 4640/4640/4640
f 4496/4496/4496 4639/4639/4639 4497/4497/4497
f 2003/2003/2003 2004/2004/2004 2002/2002/2002
f 2003/2003/2003 2002/2002/2002 2000/2000/2000
f 2006/2006/2006 2000/2000/2000 2011/2011/2011
f 2006/2006/2006 2003/2003/2003 2000/2000/2000
f 2011/2011/2011 2026/2026/2026 2006/2006/2006
f 2006/2006/2006 2026/2026/2026 2027/2027/2027
f 5428/5428/5428 5430/5430/5430 5429/5429/5429
f 5429/5429/5429 5430/5430/5430 5431/5431/5431
f 5431/5431/5431 5435/5435/5435 5436/5436/5436
f 5430/5430/5430 5435/5435/5435 5431/5431/5431
f 5437/5437/5437 5436/5436/5436 5435/5435/5435
f 5437/5437/5437 5435/5435/5435 5447/5447/5447
f 5991/5991/5991 5990/5990/5990 5989/5989/5989
f 6117/6117/6117 6118/6118/6118 6119/6119/6119
f 5988/5988/5988 5989/5989/5989 5984/5984/5984
f 5984/5984/5984 5989/5989/5989 5990/5990/5990
f 4473/4473/4473 4475/4475/4475 4479/4479/4479
f 4463/4463/4463 4473/4473/4473 4479/4479/4479
f 4639/4639/4639 4463/4463/4463 4479/4479/4479
f 4496/4496/4496 4463/4463/4463 4639/4639/4639
f 3530/3530/3530 3531/3531/3531 3528/3528/3528
f 3529/3529/3529 3530/3530/3530 3528/3528/3528
f 2026/2026/2026 2073/2073/2073 2027/2027/2027
f 3531/3531/3531 3526/3526/3526 3528/3528/3528
f 1136/1136/1136 1137/1137/1137 1138/1138/1138
f 1138/1138/1138 1137/1137/1137 1139/1139/1139
f 6149/6149/6149 6146/6146/6146 6145/6145/6145
f 1137/1137/1137 1141/1141/1141 1139/1139/1139
f 5991/5991/5991 5992/5992/5992 5990/5990/5990
f 5992/5992/5992 5996/5996/5996 5990/5990/5990
f 6145/6145/6145 6146/6146/6146 6147/6147/6147
f 5990/5990/5990 5996/5996/5996 5984/5984/5984
f 4473/4473/4473 4474/4474/4474 4475/4475/4475
f 4465/4465/4465 4474/4474/4474 4473/4473/4473
f 4463/4463/4463 4465/4465/4465 4473/4473/4473
f 4464/4464/4464 4465/4465/4465 4463/4463/4463
f 3556/3556/3556 3557/3557/3557 3558/3558/3558
f 3553/3553/3553 3551/3551/3551 3555/3555/3555
f 5721/5721/5721 5722/5722/5722 5720/5720/5720
f 3533/3533/3533 3526/3526/3526 3532/3532/3532
f 3526/3526/3526 3531/3531/3531 3532/3532/3532
f 3553/3553/3553 3552/3552/3552 3551/3551/3551
f 4464/4464/4464 4466/4466/4466 4465/4465/4465
f 4465/4465/4465 4466/4466/4466 4467/4467/4467
f 1518/1518/1518 1514/1514/1514 1516/1516/1516
f 4468/4468/4468 4466/4466/4466 4482/4482/4482
f 4467/4467/4467 4466/4466/4466 4468/4468/4468
f 51/51/51 49/49/49 46/46/46
f 6044/6044/6044 6041/6041/6041 6043/6043/6043
f 6740/6740/6740 6738/6738/6738 6739/6739/6739
f 6041/6041/6041 6042/6042/6042 6043/6043/6043
f 6039/6039/6039 6042/6042/6042 6041/6041/6041
f 3552/3552/3552 3553/3553/3553 3554/3554/3554
f 6038/6038/6038 6042/6042/6042 6039/6039/6039
f 2639/2639/2639 2630/2630/2630 2633/2633/2633
f 2633/2633/2633 2630/2630/2630 2628/2628/2628
f 2640/2640/2640 2633/2633/2633 2699/2699/2699
f 2640/2640/2640 2639/2639/2639 2633/2633/2633
f 2652/2652/2652 2699/2699/2699 2696/2696/2696
f 2652/2652/2652 2640/2640/2640 2699/2699/2699
f 2651/2651/2651 2696/2696/2696 2694/2694/2694
f 2651/2651/2651 2652/2652/2652 2696/2696/2696
f 503/503/503 507/507/507 509/509/509
f 507/507/507 511/511/511 509/509/509
f 2653/2653/2653 2651/2651/2651 2694/2694/2694
f 504/504/504 506/506/506 503/503/503
f 503/503/503 506/506/506 507/507/507
f 504/504/504 508/508/508 506/506/506
f 1373/1373/1373 1374/1374/1374 1371/1371/1371
f 1514/1514/1514 1515/1515/1515 1516/1516/1516
f 1370/1370/1370 1371/1371/1371 1372/1372/1372
f 1371/1371/1371 1377/1377/1377 1372/1372/1372
f 1371/1371/1371 1370/1370/1370 1373/1373/1373
f 51/51/51 50/50/50 49/49/49
f 6045/6045/6045 6041/6041/6041 6044/6044/6044
f 6041/6041/6041 6045/6045/6045 6055/6055/6055
f 6040/6040/6040 6041/6041/6041 6055/6055/6055
f 6039/6039/6039 6041/6041/6041 6040/6040/6040
f 6038/6038/6038 6039/6039/6039 6029/6029/6029
f 6029/6029/6029 6039/6039/6039 6040/6040/6040
f 3020/3020/3020 3022/3022/3022 3021/3021/3021
f 3021/3021/3021 3022/3022/3022 3023/3023/3023
f 2629/2629/2629 2628/2628/2628 2630/2630/2630
f 3021/3021/3021 3018/3018/3018 3020/3020/3020
f 487/487/487 503/503/503 509/509/509
f 503/503/503 487/487/487 492/492/492
f 503/503/503 492/492/492 504/504/504
f 505/505/505 508/508/508 504/504/504
f 492/492/492 505/505/505 504/504/504
f 497/497/497 505/505/505 492/492/492
f 1380/1380/1380 1381/1381/1381 1375/1375/1375
f 515/515/515 505/505/505 497/497/497
f 1375/1375/1375 1374/1374/1374 1373/1373/1373
f 1376/1376/1376 1375/1375/1375 1373/1373/1373
f 1380/1380/1380 1375/1375/1375 1376/1376/1376
f 1376/1376/1376 1373/1373/1373 1370/1370/1370
f 879/879/879 878/878/878 880/880/880
f 884/884/884 882/882/882 883/883/883
f 883/883/883 882/882/882 879/879/879
f 882/882/882 877/877/877 879/879/879
f 877/877/877 878/878/878 879/879/879
f 5828/5828/5828 5829/5829/5829 5933/5933/5933
f 3029/3029/3029 3068/3068/3068 3026/3026/3026
f 3028/3028/3028 3029/3029/3029 3026/3026/3026
f 3023/3023/3023 3028/3028/3028 3026/3026/3026
f 3022/3022/3022 3028/3028/3028 3023/3023/3023
f 6871/6871/6871 6873/6873/6873 6872/6872/6872
f 6875/6875/6875 6876/6876/6876 6872/6872/6872
f 6873/6873/6873 6875/6875/6875 6872/6872/6872
f 5830/5830/5830 5828/5828/5828 5831/5831/5831
f 5829/5829/5829 5828/5828/5828 5826/5826/5826
f 5828/5828/5828 5827/5827/5827 5826/5826/5826
f 5828/5828/5828 5830/5830/5830 5827/5827/5827
f 5827/5827/5827 5823/5823/5823 5826/5826/5826
f 3031/3031/3031 3032/3032/3032 3029/3029/3029
f 3029/3029/3029 3032/3032/3032 3068/3068/3068
f 3029/3029/3029 3028/3028/3028 3030/3030/3030
f 3029/3029/3029 3030/3030/3030 3031/3031/3031
f 6030/6030/6030 5831/5831/5831 6031/6031/6031
f 5831/5831/5831 6030/6030/6030 5939/5939/5939
f 5835/5835/5835 5831/5831/5831 5939/5939/5939
f 5830/5830/5830 5831/5831/5831 5835/5835/5835
f 5832/5832/5832 5827/5827/5827 6035/6035/6035
f 5827/5827/5827 5835/5835/5835 6035/6035/6035
f 5827/5827/5827 5830/5830/5830 5835/5835/5835
f 5827/5827/5827 5832/5832/5832 5823/5823/5823
f 3034/3034/3034 3033/3033/3033 3031/3031/3031
f 3031/3031/3031 3033/3033/3033 3032/3032/3032
f 3031/3031/3031 3030/3030/3030 3036/3036/3036
f 3035/3035/3035 3031/3031/3031 3036/3036/3036
f 3034/3034/3034 3031/3031/3031 3035/3035/3035
f 4029/4029/4029 4031/4031/4031 4140/4140/4140
f 5940/5940/5940 5941/5941/5941 5835/5835/5835
f 5940/5940/5940 5835/5835/5835 5939/5939/5939
f 6035/6035/6035 5835/5835/5835 5942/5942/5942
f 5942/5942/5942 5835/5835/5835 5941/5941/5941
f 4183/4183/4183 4182/4182/4182 4184/4184/4184
f 4182/4182/4182 4183/4183/4183 4180/4180/4180
f 4034/4034/4034 4033/4033/4033 4134/4134/4134
f 4034/4034/4034 4031/4031/4031 4033/4033/4033
f 4031/4031/4031 4029/4029/4029 4030/4030/4030
f 4032/4032/4032 4031/4031/4031 4030/4030/4030
f 4033/4033/4033 4031/4031/4031 4032/4032/4032
f 4138/4138/4138 4037/4037/4037 4032/4032/4032
f 4138/4138/4138 4032/4032/4032 4030/4030/4030
f 4139/4139/4139 4135/4135/4135 4037/4037/4037
f 4221/4221/4221 4222/4222/4222 4223/4223/4223
f 4137/4137/4137 4136/4136/4136 4135/4135/4135
f 4139/4139/4139 4137/4137/4137 4135/4135/4135
f 4172/4172/4172 4137/4137/4137 4139/4139/4139
f 1846/1846/1846 1843/1843/1843 1840/1840/1840
f 1845/1845/1845 1843/1843/1843 1846/1846/1846
f 1837/1837/1837 1838/1838/1838 1839/1839/1839
f 1840/1840/1840 1837/1837/1837 1839/1839/1839
f 1843/1843/1843 1837/1837/1837 1840/1840/1840
f 1836/1836/1836 1838/1838/1838 1837/1837/1837
f 6777/6777/6777 6778/6778/6778 6776/6776/6776
f 6779/6779/6779 6806/6806/6806 6776/6776/6776
f 6779/6779/6779 6776/6776/6776 6778/6778/6778
f 6806/6806/6806 6779/6779/6779 6844/6844/6844
f 6808/6808/6808 6806/6806/6806 6844/6844/6844
f 6807/6807/6807 6806/6806/6806 6808/6808/6808
f 6807/6807/6807 6809/6809/6809 6841/6841/6841
f 6808/6808/6808 6809/6809/6809 6807/6807/6807
f 6841/6841/6841 6812/6812/6812 6816/6816/6816
f 6809/6809/6809 6812/6812/6812 6841/6841/6841
f 6816/6816/6816 6814/6814/6814 6817/6817/6817
f 6812/6812/6812 6814/6814/6814 6816/6816/6816
f 6817/6817/6817 6834/6834/6834 6822/6822/6822
f 6814/6814/6814 6834/6834/6834 6817/6817/6817
f 6834/6834/6834 6888/6888/6888 6829/6829/6829
f 6824/6824/6824 6834/6834/6834 6829/6829/6829
f 6822/6822/6822 6834/6834/6834 6824/6824/6824
f 6824/6824/6824 6829/6829/6829 6828/6828/6828
f 6827/6827/6827 6824/6824/6824 6828/6828/6828
f 6826/6826/6826 6824/6824/6824 6827/6827/6827
f 6826/6826/6826 6830/6830/6830 6831/6831/6831
f 6827/6827/6827 6830/6830/6830 6826/6826/6826
f 6886/6886/6886 6831/6831/6831 6835/6835/6835
f 6831/6831/6831 6832/6832/6832 6835/6835/6835
f 6831/6831/6831 6830/6830/6830 6832/6832/6832
f 6835/6835/6835 6832/6832/6832 6836/6836/6836
f 4178/4178/4178 4179/4179/4179 4180/4180/4180
f 4124/4124/4124 4033/4033/4033 4035/4035/4035
f 4035/4035/4035 4033/4033/4033 4032/4032/4032
f 4035/4035/4035 4032/4032/4032 4036/4036/4036
f 4036/4036/4036 4032/4032/4032 4037/4037/4037
f 4036/4036/4036 4037/4037/4037 4038/4038/4038
f 4038/4038/4038 4037/4037/4037 4135/4135/4135
f 4038/4038/4038 4135/4135/4135 4136/4136/4136
f 1838/1838/1838 1841/1841/1841 1839/1839/1839
f 6628/6628/6628 6631/6631/6631 6629/6629/6629
f 6628/6628/6628 6629/6629/6629 6630/6630/6630
f 1836/1836/1836 1842/1842/1842 1841/1841/1841
f 1838/1838/1838 1836/1836/1836 1841/1841/1841
f 6581/6581/6581 6583/6583/6583 6590/6590/6590
f 6574/6574/6574 6581/6581/6581 6590/6590/6590
f 6572/6572/6572 6581/6581/6581 6574/6574/6574
f 6581/6581/6581 6542/6542/6542 6540/6540/6540
f 6572/6572/6572 6542/6542/6542 6581/6581/6581
f 6540/6540/6540 6537/6537/6537 6539/6539/6539
f 6542/6542/6542 6537/6537/6537 6540/6540/6540
f 6777/6777/6777 6780/6780/6780 6778/6778/6778
f 6780/6780/6780 6781/6781/6781 6778/6778/6778
f 6539/6539/6539 6537/6537/6537 6536/6536/6536
f 6778/6778/6778 6781/6781/6781 6779/6779/6779
f 6779/6779/6779 6781/6781/6781 6890/6890/6890
f 6779/6779/6779 6890/6890/6890 6844/6844/6844
f 6527/6527/6527 6526/6526/6526 6528/6528/6528
f 6024/6024/6024 6022/6022/6022 6023/6023/6023
f 6590/6590/6590 6587/6587/6587 6586/6586/6586
f 6587/6587/6587 6590/6590/6590 6583/6583/6583
f 1455/1455/1455 1461/1461/1461 1456/1456/1456
f 1457/1457/1457 1453/1453/1453 1456/1456/1456
f 1456/1456/1456 1453/1453/1453 1455/1455/1455
f 1453/1453/1453 1457/1457/1457 1454/1454/1454
f 1457/1457/1457 1458/1458/1458 1454/1454/1454
f 293/293/293 285/285/285 344/344/344
f 284/284/284 285/285/285 286/286/286
f 284/284/284 344/344/344 285/285/285
f 297/297/297 284/284/284 295/295/295
f 284/284/284 287/287/287 295/295/295
f 284/284/284 286/286/286 287/287/287
f 290/290/290 294/294/294 287/287/287
f 287/287/287 294/294/294 295/295/295
f 303/303/303 294/294/294 290/290/290
f 1452/1452/1452 1460/1460/1460 1455/1455/1455
f 1460/1460/1460 1461/1461/1461 1455/1455/1455
f 1460/1460/1460 1466/1466/1466 1461/1461/1461
f 1452/1452/1452 1455/1455/1455 1453/1453/1453
f 1452/1452/1452 1453/1453/1453 1451/1451/1451
f 1451/1451/1451 1453/1453/1453 1454/1454/1454
f 296/296/296 297/297/297 295/295/295
f 296/296/296 295/295/295 294/294/294
f 296/296/296 294/294/294 298/298/298
f 298/298/298 294/294/294 303/303/303
f 304/304/304 298/298/298 303/303/303
f 302/302/302 298/298/298 304/304/304
f 3414/3414/3414 3407/3407/3407 3413/3413/3413
f 3413/3413/3413 3407/3407/3407 3412/3412/3412
f 5593/5593/5593 5594/5594/5594 5591/5591/5591
f 5593/5593/5593 5591/5591/5591 5592/5592/5592
f 5591/5591/5591 5588/5588/5588 5592/5592/5592
f 5591/5591/5591 5590/5590/5590 5588/5588/5588
f 2043/2043/2043 2041/2041/2041 2042/2042/2042
f 5585/5585/5585 5588/5588/5588 5590/5590/5590
f 2044/2044/2044 2042/2042/2042 2045/2045/2045
f 2044/2044/2044 2043/2043/2043 2042/2042/2042
f 2046/2046/2046 2045/2045/2045 2047/2047/2047
f 2046/2046/2046 2044/2044/2044 2045/2045/2045
f 2055/2055/2055 2047/2047/2047 2057/2057/2057
f 2055/2055/2055 2046/2046/2046 2047/2047/2047
f 2058/2058/2058 2057/2057/2057 2059/2059/2059
f 2058/2058/2058 2055/2055/2055 2057/2057/2057
f 2078/2078/2078 2060/2060/2060 2061/2061/2061
f 2060/2060/2060 2059/2059/2059 2061/2061/2061
f 2060/2060/2060 2058/2058/2058 2059/2059/2059
f 1856/1856/1856 1857/1857/1857 1858/1858/1858
f 1859/1859/1859 1856/1856/1856 1858/1858/1858
f 1466/1466/1466 1460/1460/1460 1467/1467/1467
f 3404/3404/3404 3412/3412/3412 3407/3407/3407
f 3404/3404/3404 3407/3407/3407 3402/3402/3402
f 3402/3402/3402 3403/3403/3403 3404/3404/3404
f 3404/3404/3404 3403/3403/3403 3409/3409/3409
f 5611/5611/5611 5613/5613/5613 5610/5610/5610
f 5606/5606/5606 5611/5611/5611 5610/5610/5610
f 5606/5606/5606 5610/5610/5610 5594/5594/5594
f 5603/5603/5603 5606/5606/5606 5594/5594/5594
f 5593/5593/5593 5603/5603/5603 5594/5594/5594
f 5603/5603/5603 5593/5593/5593 5592/5592/5592
f 2004/2004/2004 2005/2005/2005 2078/2078/2078
f 2596/2596/2596 2597/2597/2597 2598/2598/2598
f 1547/1547/1547 1545/1545/1545 1541/1541/1541
f 1548/1548/1548 1547/1547/1547 1541/1541/1541
f 2585/2585/2585 2586/2586/2586 2587/2587/2587
f 5426/5426/5426 5480/5480/5480 5477/5477/5477
f 5425/5425/5425 5426/5426/5426 5477/5477/5477
f 5421/5421/5421 5426/5426/5426 5425/5425/5425
f 5421/5421/5421 5423/5423/5423 5422/5422/5422
f 5425/5425/5425 5423/5423/5423 5421/5421/5421
f 5424/5424/5424 5443/5443/5443 5428/5428/5428
f 5422/5422/5422 5424/5424/5424 5428/5428/5428
f 5423/5423/5423 5424/5424/5424 5422/5422/5422
f 5481/5481/5481 5443/5443/5443 5424/5424/5424
f 3406/3406/3406 3453/3453/3453 3418/3418/3418
f 3409/3409/3409 3406/3406/3406 3418/3418/3418
f 3403/3403/3403 3406/3406/3406 3409/3409/3409
f 3453/3453/3453 3428/3428/3428 3418/3418/3418
f 4461/4461/4461 4496/4496/4496 4459/4459/4459
f 4459/4459/4459 4496/4496/4496 4497/4497/4497
f 4459/4459/4459 4458/4458/4458 4456/4456/4456
f 4459/4459/4459 4456/4456/4456 4461/4461/4461
f 2003/2003/2003 2005/2005/2005 2004/2004/2004
f 2005/2005/2005 2003/2003/2003 2006/2006/2006
f 2005/2005/2005 2006/2006/2006 2007/2007/2007
f 2029/2029/2029 2009/2009/2009 2027/2027/2027
f 2027/2027/2027 2009/2009/2009 2006/2006/2006
f 2009/2009/2009 2008/2008/2008 2006/2006/2006
f 2008/2008/2008 2007/2007/2007 2006/2006/2006
f 2029/2029/2029 2015/2015/2015 2009/2009/2009
f 5443/5443/5443 5430/5430/5430 5428/5428/5428
f 5481/5481/5481 5442/5442/5442 5443/5443/5443
f 5442/5442/5442 5430/5430/5430 5443/5443/5443
f 5442/5442/5442 5435/5435/5435 5430/5430/5430
f 5447/5447/5447 5435/5435/5435 5442/5442/5442
f 5447/5447/5447 5442/5442/5442 5449/5449/5449
f 5984/5984/5984 5982/5982/5982 5983/5983/5983
f 5984/5984/5984 5983/5983/5983 5988/5988/5988
f 5985/5985/5985 5983/5983/5983 5979/5979/5979
f 5979/5979/5979 5983/5983/5983 5982/5982/5982
f 4462/4462/4462 4463/4463/4463 4461/4461/4461
f 4461/4461/4461 4463/4463/4463 4496/4496/4496
f 4461/4461/4461 4456/4456/4456 4457/4457/4457
f 4461/4461/4461 4457/4457/4457 4462/4462/4462
f 3528/3528/3528 3527/3527/3527 3529/3529/3529
f 3528/3528/3528 3526/3526/3526 3527/3527/3527
f 3526/3526/3526 3486/3486/3486 3527/3527/3527
f 3526/3526/3526 3490/3490/3490 3486/3486/3486
f 1135/1135/1135 1134/1134/1134 1136/1136/1136
f 1136/1136/1136 1134/1134/1134 1137/1137/1137
f 1137/1137/1137 1140/1140/1140 1141/1141/1141
f 1134/1134/1134 1140/1140/1140 1137/1137/1137
f 6146/6146/6146 6148/6148/6148 6147/6147/6147
f 1140/1140/1140 1132/1132/1132 1141/1141/1141
f 5984/5984/5984 5996/5996/5996 5982/5982/5982
f 5996/5996/5996 5981/5981/5981 5982/5982/5982
f 5996/5996/5996 5998/5998/5998 5981/5981/5981
f 5982/5982/5982 5981/5981/5981 5979/5979/5979
f 4476/4476/4476 4464/4464/4464 4462/4462/4462
f 4462/4462/4462 4464/4464/4464 4463/4463/4463
f 4462/4462/4462 4457/4457/4457 4533/4533/4533
f 4477/4477/4477 4462/4462/4462 4533/4533/4533
f 4476/4476/4476 4462/4462/4462 4477/4477/4477
f 4703/4703/4703 4704/4704/4704 4705/4705/4705
f 3546/3546/3546 3548/3548/3548 3549/3549/3549
f 3546/3546/3546 3549/3549/3549 3551/3551/3551
f 3551/3551/3551 3552/3552/3552 3546/3546/3546
f 3546/3546/3546 3552/3552/3552 3550/3550/3550
f 1530/1530/1530 1532/1532/1532 1526/1526/1526
f 1523/1523/1523 1529/1529/1529 1526/1526/1526
f 1526/1526/1526 1529/1529/1529 1530/1530/1530
f 1520/1520/1520 1522/1522/1522 1523/1523/1523
f 1523/1523/1523 1522/1522/1522 1529/1529/1529
f 2667/2667/2667 2678/2678/2678 2669/2669/2669
f 2678/2678/2678 2667/2667/2667 2679/2679/2679
f 1520/1520/1520 1521/1521/1521 1522/1522/1522
f 1521/1521/1521 1520/1520/1520 1518/1518/1518
f 1519/1519/1519 1518/1518/1518 1520/1520/1520
f 1514/1514/1514 1518/1518/1518 1519/1519/1519
f 2725/2725/2725 2724/2724/2724 2723/2723/2723
f 2722/2722/2722 2723/2723/2723 2724/2724/2724
f 52/52/52 53/53/53 54/54/54
f 6088/6088/6088 6089/6089/6089 6090/6090/6090
f 6092/6092/6092 6088/6088/6088 6090/6090/6090
f 1480/1480/1480 1481/1481/1481 1482/1482/1482
f 5938/5938/5938 5917/5917/5917 6037/6037/6037
f 6089/6089/6089 6091/6091/6091 6090/6090/6090
f 5938/5938/5938 5915/5915/5915 5917/5917/5917
f 3016/3016/3016 3018/3018/3018 3017/3017/3017
f 3016/3016/3016 3017/3017/3017 3014/3014/3014
f 3017/3017/3017 3072/3072/3072 3014/3014/3014
f 2639/2639/2639 2640/2640/2640 2641/2641/2641
f 2642/2642/2642 2640/2640/2640 2652/2652/2652
f 2642/2642/2642 2641/2641/2641 2640/2640/2640
f 2646/2646/2646 2652/2652/2652 2651/2651/2651
f 2646/2646/2646 2642/2642/2642 2652/2652/2652
f 2648/2648/2648 2651/2651/2651 2653/2653/2653
f 2648/2648/2648 2646/2646/2646 2651/2651/2651
f 1528/1528/1528 1526/1526/1526 1532/1532/1532
f 2648/2648/2648 2654/2654/2654 2695/2695/2695
f 2653/2653/2653 2654/2654/2654 2648/2648/2648
f 1526/1526/1526 1528/1528/1528 1527/1527/1527
f 1525/1525/1525 1526/1526/1526 1527/1527/1527
f 1523/1523/1523 1526/1526/1526 1525/1525/1525
f 1523/1523/1523 1524/1524/1524 1520/1520/1520
f 1523/1523/1523 1525/1525/1525 1524/1524/1524
f 1520/1520/1520 1517/1517/1517 1519/1519/1519
f 1520/1520/1520 1524/1524/1524 1517/1517/1517
f 1517/1517/1517 1515/1515/1515 1514/1514/1514
f 1517/1517/1517 1514/1514/1514 1519/1519/1519
f 6029/6029/6029 6028/6028/6028 6037/6037/6037
f 6029/6029/6029 6037/6037/6037 6038/6038/6038
f 6037/6037/6037 5861/5861/5861 5938/5938/5938
f 6037/6037/6037 6028/6028/6028 5861/5861/5861
f 5915/5915/5915 5938/5938/5938 5811/5811/5811
f 5811/5811/5811 5938/5938/5938 5861/5861/5861
f 55/55/55 56/56/56 57/57/57
f 3272/3272/3272 3273/3273/3273 3274/3274/3274
f 3019/3019/3019 3020/3020/3020 3018/3018/3018
f 3015/3015/3015 3019/3019/3019 3018/3018/3018
f 3016/3016/3016 3015/3015/3015 3018/3018/3018
f 3015/3015/3015 3016/3016/3016 3014/3014/3014
f 505/505/505 514/514/514 508/508/508
f 514/514/514 505/505/505 515/515/515
f 1525/1525/1525 1531/1531/1531 1524/1524/1524
f 1379/1379/1379 1380/1380/1380 1376/1376/1376
f 1379/1379/1379 1376/1376/1376 1378/1378/1378
f 1378/1378/1378 1376/1376/1376 1370/1370/1370
f 5933/5933/5933 6028/6028/6028 6029/6029/6029
f 6028/6028/6028 5933/5933/5933 5829/5829/5829
f 5822/5822/5822 6028/6028/6028 5829/5829/5829
f 5861/5861/5861 6028/6028/6028 5822/5822/5822
f 5811/5811/5811 5861/5861/5861 5809/5809/5809
f 5861/5861/5861 5814/5814/5814 5809/5809/5809
f 5861/5861/5861 5822/5822/5822 5814/5814/5814
f 5815/5815/5815 5812/5812/5812 5814/5814/5814
f 5814/5814/5814 5812/5812/5812 5809/5809/5809
f 5815/5815/5815 5819/5819/5819 5812/5812/5812
f 3267/3267/3267 3265/3265/3265 3264/3264/3264
f 3264/3264/3264 3265/3265/3265 3266/3266/3266
f 3078/3078/3078 3019/3019/3019 3077/3077/3077
f 3264/3264/3264 3268/3268/3268 3267/3267/3267
f 5826/5826/5826 5822/5822/5822 5829/5829/5829
f 5822/5822/5822 5826/5826/5826 5823/5823/5823
f 5818/5818/5818 5822/5822/5822 5823/5823/5823
f 5814/5814/5814 5822/5822/5822 5818/5818/5818
f 5814/5814/5814 5816/5816/5816 5815/5815/5815
f 5814/5814/5814 5818/5818/5818 5816/5816/5816
f 5819/5819/5819 5815/5815/5815 5817/5817/5817
f 5817/5817/5817 5815/5815/5815 5816/5816/5816
f 3039/3039/3039 3030/3030/3030 3038/3038/3038
f 3038/3038/3038 3030/3030/3030 3028/3028/3028
f 4025/4025/4025 4024/4024/4024 4023/4023/4023
f 4026/4026/4026 4025/4025/4025 4023/4023/4023
f 4027/4027/4027 4025/4025/4025 4026/4026/4026
f 58/58/58 59/59/59 60/60/60
f 6035/6035/6035 5932/5932/5932 5832/5832/5832
f 5818/5818/5818 5823/5823/5823 5832/5832/5832
f 5932/5932/5932 5818/5818/5818 5832/5832/5832
f 6032/6032/6032 5818/5818/5818 5932/5932/5932
f 5818/5818/5818 5825/5825/5825 5816/5816/5816
f 5818/5818/5818 6032/6032/6032 5825/5825/5825
f 5817/5817/5817 5816/5816/5816 5820/5820/5820
f 5820/5820/5820 5816/5816/5816 5825/5825/5825
f 4027/4027/4027 4140/4140/4140 4141/4141/4141
f 4140/4140/4140 4027/4027/4027 4029/4029/4029
f 4027/4027/4027 4028/4028/4028 4029/4029/4029
f 4027/4027/4027 4026/4026/4026 4028/4028/4028
f 4026/4026/4026 4021/4021/4021 4019/4019/4019
f 4143/4143/4143 4026/4026/4026 4019/4019/4019
f 4028/4028/4028 4026/4026/4026 4143/4143/4143
f 4174/4174/4174 4175/4175/4175 4176/4176/4176
f 1834/1834/1834 1833/1833/1833 1832/1832/1832
f 1831/1831/1831 1832/1832/1832 1833/1833/1833
f 6093/6093/6093 6096/6096/6096 6094/6094/6094
f 6093/6093/6093 6094/6094/6094 6095/6095/6095
f 5888/5888/5888 6032/6032/6032 6012/6012/6012
f 6032/6032/6032 6013/6013/6013 6012/6012/6012
f 6097/6097/6097 6094/6094/6094 6096/6096/6096
f 6102/6102/6102 6101/6101/6101 6098/6098/6098
f 6098/6098/6098 6101/6101/6101 6099/6099/6099
f 6098/6098/6098 6099/6099/6099 6100/6100/6100
f 4028/4028/4028 4030/4030/4030 4029/4029/4029
f 4030/4030/4030 4028/4028/4028 4138/4138/4138
f 4138/4138/4138 4028/4028/4028 4143/4143/4143
f 4174/4174/4174 4177/4177/4177 4175/4175/4175
f 4162/4162/4162 4138/4138/4138 4143/4143/4143
f 4224/4224/4224 4221/4221/4221 4223/4223/4223
f 4221/4221/4221 4225/4225/4225 4226/4226/4226
f 4224/4224/4224 4225/4225/4225 4221/4221/4221
f 1845/1845/1845 1844/1844/1844 1843/1843/1843
f 4017/4017/4017 4011/4011/4011 4172/4172/4172
f 1832/1832/1832 1837/1837/1837 1834/1834/1834
f 1837/1837/1837 1844/1844/1844 1834/1834/1834
f 1837/1837/1837 1843/1843/1843 1844/1844/1844
f 1836/1836/1836 1837/1837/1837 1832/1832/1832
f 1831/1831/1831 1836/1836/1836 1832/1832/1832
f 1291/1291/1291 1292/1292/1292 1293/1293/1293
f 6844/6844/6844 6842/6842/6842 6808/6808/6808
f 6810/6810/6810 6809/6809/6809 6808/6808/6808
f 6810/6810/6810 6808/6808/6808 6842/6842/6842
f 6811/6811/6811 6812/6812/6812 6809/6809/6809
f 6811/6811/6811 6809/6809/6809 6810/6810/6810
f 6813/6813/6813 6814/6814/6814 6812/6812/6812
f 6813/6813/6813 6812/6812/6812 6811/6811/6811
f 6815/6815/6815 6834/6834/6834 6814/6814/6814
f 6815/6815/6815 6814/6814/6814 6813/6813/6813
f 6815/6815/6815 6888/6888/6888 6834/6834/6834
f 61/61/61 62/62/62 63/63/63
f 6018/6018/6018 6017/6017/6017 6025/6025/6025
f 6018/6018/6018 6025/6025/6025 6021/6021/6021
f 6015/6015/6015 6016/6016/6016 6017/6017/6017
f 6015/6015/6015 6017/6017/6017 6018/6018/6018
f 6837/6837/6837 6836/6836/6836 6832/6832/6832
f 6015/6015/6015 6013/6013/6013 6016/6016/6016
f 6014/6014/6014 6013/6013/6013 6015/6015/6015
f 6012/6012/6012 6013/6013/6013 5884/5884/5884
f 5884/5884/5884 6013/6013/6013 6014/6014/6014
f 1291/1291/1291 1295/1295/1295 1292/1292/1292
f 1292/1292/1292 1295/1295/1295 1296/1296/1296
f 6574/6574/6574 6573/6573/6573 6572/6572/6572
f 6575/6575/6575 6573/6573/6573 6574/6574/6574
f 6572/6572/6572 6571/6571/6571 6542/6542/6542
f 6573/6573/6573 6571/6571/6571 6572/6572/6572
f 6542/6542/6542 6538/6538/6538 6537/6537/6537
f 6571/6571/6571 6538/6538/6538 6542/6542/6542
f 6537/6537/6537 6535/6535/6535 6536/6536/6536
f 6538/6538/6538 6535/6535/6535 6537/6537/6537
f 6781/6781/6781 6891/6891/6891 6890/6890/6890
f 6535/6535/6535 6533/6533/6533 6536/6536/6536
f 6844/6844/6844 6890/6890/6890 6842/6842/6842
f 6890/6890/6890 6843/6843/6843 6842/6842/6842
f 6890/6890/6890 6891/6891/6891 6843/6843/6843
f 6842/6842/6842 6843/6843/6843 6810/6810/6810
f 6810/6810/6810 6843/6843/6843 6840/6840/6840
f 6810/6810/6810 6840/6840/6840 6811/6811/6811
f 6811/6811/6811 6840/6840/6840 6819/6819/6819
f 6811/6811/6811 6819/6819/6819 6813/6813/6813
f 6813/6813/6813 6819/6819/6819 6838/6838/6838
f 6813/6813/6813 6838/6838/6838 6815/6815/6815
f 6815/6815/6815 6838/6838/6838 6839/6839/6839
f 6815/6815/6815 6839/6839/6839 6888/6888/6888
f 6525/6525/6525 6526/6526/6526 6527/6527/6527
f 6525/6525/6525 6524/6524/6524 6526/6526/6526
f 6023/6023/6023 6022/6022/6022 6021/6021/6021
f 6022/6022/6022 6020/6020/6020 6021/6021/6021
f 6526/6526/6526 6524/6524/6524 6529/6529/6529
f 6021/6021/6021 6020/6020/6020 6018/6018/6018
f 6018/6018/6018 6020/6020/6020 6019/6019/6019
f 6018/6018/6018 6019/6019/6019 6015/6015/6015
f 6015/6015/6015 6019/6019/6019 6026/6026/6026
f 6015/6015/6015 6026/6026/6026 6014/6014/6014
f 6014/6014/6014 6026/6026/6026 5892/5892/5892
f 6014/6014/6014 5892/5892/5892 5884/5884/5884
f 1450/1450/1450 1454/1454/1454 1458/1458/1458
f 284/284/284 383/383/383 344/344/344
f 344/344/344 383/383/383 384/384/384
f 297/297/297 383/383/383 284/284/284
f 1445/1445/1445 1460/1460/1460 1452/1452/1452
f 1451/1451/1451 1443/1443/1443 1452/1452/1452
f 1452/1452/1452 1443/1443/1443 1445/1445/1445
f 1454/1454/1454 1450/1450/1450 1451/1451/1451
f 1450/1450/1450 1443/1443/1443 1451/1451/1451
f 1450/1450/1450 1440/1440/1440 1443/1443/1443
f 1441/1441/1441 1450/1450/1450 1449/1449/1449
f 1440/1440/1440 1450/1450/1450 1441/1441/1441
f 6470/6470/6470 6472/6472/6472 6473/6473/6473
f 385/385/385 383/383/383 297/297/297
f 1448/1448/1448 1441/1441/1441 1449/1449/1449
f 6472/6472/6472 6470/6470/6470 6467/6467/6467
f 6470/6470/6470 6469/6469/6469 6467/6467/6467
f 296/296/296 298/298/298 299/299/299
f 300/300/300 298/298/298 302/302/302
f 300/300/300 299/299/299 298/298/298
f 3413/3413/3413 3412/3412/3412 3415/3415/3415
f 3415/3415/3415 3412/3412/3412 3416/3416/3416
f 5589/5589/5589 5592/5592/5592 5588/5588/5588
f 5585/5585/5585 5586/5586/5586 5588/5588/5588
f 5588/5588/5588 5586/5586/5586 5589/5589/5589
f 5586/5586/5586 5585/5585/5585 5584/5584/5584
f 5585/5585/5585 5582/5582/5582 5584/5584/5584
f 2043/2043/2043 2044/2044/2044 2069/2069/2069
f 2051/2051/2051 2044/2044/2044 2046/2046/2046
f 2051/2051/2051 2069/2069/2069 2044/2044/2044
f 2052/2052/2052 2046/2046/2046 2055/2055/2055
f 2052/2052/2052 2051/2051/2051 2046/2046/2046
f 2056/2056/2056 2055/2055/2055 2058/2058/2058
f 2056/2056/2056 2052/2052/2052 2055/2055/2055
f 2072/2072/2072 2056/2056/2056 2074/2074/2074
f 2056/2056/2056 2060/2060/2060 2074/2074/2074
f 2056/2056/2056 2058/2058/2058 2060/2060/2060
f 1460/1460/1460 1445/1445/1445 1462/1462/1462
f 1445/1445/1445 1465/1465/1465 1462/1462/1462
f 1445/1445/1445 1464/1464/1464 1465/1465/1465
f 1444/1444/1444 1445/1445/1445 1443/1443/1443
f 1464/1464/1464 1445/1445/1445 1444/1444/1444
f 1442/1442/1442 1443/1443/1443 1440/1440/1440
f 1444/1444/1444 1443/1443/1443 1442/1442/1442
f 1441/1441/1441 1447/1447/1447 1446/1446/1446
f 1442/1442/1442 1441/1441/1441 1446/1446/1446
f 1440/1440/1440 1441/1441/1441 1442/1442/1442
f 1447/1447/1447 1441/1441/1441 1448/1448/1448
f 6455/6455/6455 6464/6464/6464 6458/6458/6458
f 6471/6471/6471 6472/6472/6472 6467/6467/6467
f 314/314/314 309/309/309 315/315/315
f 3417/3417/3417 3412/3412/3412 3404/3404/3404
f 3419/3419/3419 3454/3454/3454 3409/3409/3409
f 3454/3454/3454 3404/3404/3404 3409/3409/3409
f 3454/3454/3454 3417/3417/3417 3404/3404/3404
f 3419/3419/3419 3420/3420/3420 3454/3454/3454
f 5605/5605/5605 5606/5606/5606 5603/5603/5603
f 5604/5604/5604 5605/5605/5605 5603/5603/5603
f 5604/5604/5604 5603/5603/5603 5592/5592/5592
f 5612/5612/5612 5604/5604/5604 5592/5592/5592
f 5589/5589/5589 5612/5612/5612 5592/5592/5592
f 5612/5612/5612 5589/5589/5589 5586/5586/5586
f 5612/5612/5612 5586/5586/5586 5587/5587/5587
f 5587/5587/5587 5586/5586/5586 5584/5584/5584
f 5548/5548/5548 5552/5552/5552 5551/5551/5551
f 5548/5548/5548 5551/5551/5551 5550/5550/5550
f 5548/5548/5548 5550/5550/5550 5549/5549/5549
f 5433/5433/5433 5425/5425/5425 5477/5477/5477
f 5550/5550/5550 5553/5553/5553 5549/5549/5549
f 5553/5553/5553 5550/5550/5550 5555/5555/5555
f 5425/5425/5425 5433/5433/5433 5423/5423/5423
f 5434/5434/5434 5423/5423/5423 5433/5433/5433
f 1757/1757/1757 1758/1758/1758 1759/1759/1759
f 1747/1747/1747 1748/1748/1748 1749/1749/1749
f 5556/5556/5556 5553/5553/5553 5555/5555/5555
f 5505/5505/5505 5502/5502/5502 5506/5506/5506
f 5502/5502/5502 5508/5508/5508 5506/5506/5506
f 5427/5427/5427 5424/5424/5424 5423/5423/5423
f 5481/5481/5481 5424/5424/5424 5427/5427/5427
f 5507/5507/5507 5502/5502/5502 5504/5504/5504
f 3418/3418/3418 3419/3419/3419 3409/3409/3409
f 3424/3424/3424 3421/3421/3421 3428/3428/3428
f 3428/3428/3428 3421/3421/3421 3418/3418/3418
f 3421/3421/3421 3420/3420/3420 3418/3418/3418
f 3420/3420/3420 3419/3419/3419 3418/3418/3418
f 3424/3424/3424 3423/3423/3423 3421/3421/3421
f 4454/4454/4454 4456/4456/4456 4453/4453/4453
f 4453/4453/4453 4456/4456/4456 4458/4458/4458
f 4453/4453/4453 4452/4452/4452 4449/4449/4449
f 4453/4453/4453 4449/4449/4449 4454/4454/4454
f 2009/2009/2009 2010/2010/2010 2008/2008/2008
f 2009/2009/2009 2015/2015/2015 2010/2010/2010
f 2015/2015/2015 2028/2028/2028 2010/2010/2010
f 3486/3486/3486 3481/3481/3481 3485/3485/3485
f 5454/5454/5454 5451/5451/5451 5481/5481/5481
f 5481/5481/5481 5451/5451/5451 5442/5442/5442
f 5450/5450/5450 5457/5457/5457 5449/5449/5449
f 5442/5442/5442 5450/5450/5450 5449/5449/5449
f 5451/5451/5451 5450/5450/5450 5442/5442/5442
f 5461/5461/5461 5457/5457/5457 5450/5450/5450
f 3427/3427/3427 3426/3426/3426 3424/3424/3424
f 3427/3427/3427 3424/3424/3424 3428/3428/3428
f 3423/3423/3423 3424/3424/3424 3425/3425/3425
f 3425/3425/3425 3424/3424/3424 3426/3426/3426
f 4460/4460/4460 4457/4457/4457 4454/4454/4454
f 4454/4454/4454 4457/4457/4457 4456/4456/4456
f 4454/4454/4454 4449/4449/4449 4455/4455/4455
f 4454/4454/4454 4455/4455/4455 4460/4460/4460
f 3490/3490/3490 3524/3524/3524 3479/3479/3479
f 3481/3481/3481 3490/3490/3490 3479/3479/3479
f 3486/3486/3486 3490/3490/3490 3481/3481/3481
f 3524/3524/3524 3515/3515/3515 3479/3479/3479
f 1130/1130/1130 1134/1134/1134 1135/1135/1135
f 1118/1118/1118 1120/1120/1120 1130/1130/1130
f 1120/1120/1120 1134/1134/1134 1130/1130/1130
f 1120/1120/1120 1140/1140/1140 1134/1134/1134
f 1120/1120/1120 1113/1113/1113 1121/1121/1121
f 1132/1132/1132 1120/1120/1120 1121/1121/1121
f 1140/1140/1140 1120/1120/1120 1132/1132/1132
f 5986/5986/5986 5981/5981/5981 5998/5998/5998
f 6136/6136/6136 6140/6140/6140 6139/6139/6139
f 5986/5986/5986 5980/5980/5980 5981/5981/5981
f 5981/5981/5981 5980/5980/5980 5979/5979/5979
f 5980/5980/5980 5977/5977/5977 5979/5979/5979
f 5977/5977/5977 5978/5978/5978 5979/5979/5979
f 5978/5978/5978 5977/5977/5977 5975/5975/5975
f 4460/4460/4460 4533/4533/4533 4457/4457/4457
f 4648/4648/4648 4533/4533/4533 4460/4460/4460
f 4455/4455/4455 4648/4648/4648 4460/4460/4460
f 1893/1893/1893 1897/1897/1897 1896/1896/1896
f 3546/3546/3546 3547/3547/3547 3548/3548/3548
f 3546/3546/3546 3550/3550/3550 3547/3547/3547
f 3525/3525/3525 3515/3515/3515 3524/3524/3524
f 3534/3534/3534 3535/3535/3535 3536/3536/3536
f 1113/1113/1113 1115/1115/1115 1121/1121/1121
f 6139/6139/6139 6137/6137/6137 6136/6136/6136
f 6136/6136/6136 6137/6137/6137 6138/6138/6138
f 5986/5986/5986 5987/5987/5987 5980/5980/5980
f 2706/2706/2706 2705/2705/2705 2704/2704/2704
f 2709/2709/2709 2707/2707/2707 2704/2704/2704
f 2707/2707/2707 2706/2706/2706 2704/2704/2704
f 2707/2707/2707 2708/2708/2708 2706/2706/2706
f 2664/2664/2664 2690/2690/2690 2666/2666/2666
f 2664/2664/2664 2692/2692/2692 2690/2690/2690
f 2665/2665/2665 2666/2666/2666 2667/2667/2667
f 2665/2665/2665 2664/2664/2664 2666/2666/2666
f 2668/2668/2668 2667/2667/2667 2669/2669/2669
f 2668/2668/2668 2665/2665/2665 2667/2667/2667
f 2670/2670/2670 2669/2669/2669 2677/2677/2677
f 2670/2670/2670 2668/2668/2668 2669/2669/2669
f 1892/1892/1892 1897/1897/1897 1893/1893/1893
f 1892/1892/1892 1893/1893/1893 1894/1894/1894
f 3541/3541/3541 3535/3535/3535 3534/3534/3534
f 1417/1417/1417 1420/1420/1420 1419/1419/1419
f 1414/1414/1414 1419/1419/1419 1421/1421/1421
f 1414/1414/1414 1417/1417/1417 1419/1419/1419
f 5862/5862/5862 5916/5916/5916 5915/5915/5915
f 5916/5916/5916 5917/5917/5917 5915/5915/5915
f 1415/1415/1415 1414/1414/1414 1421/1421/1421
f 5862/5862/5862 5918/5918/5918 5916/5916/5916
f 3010/3010/3010 3012/3012/3012 3072/3072/3072
f 3072/3072/3072 3012/3012/3012 3014/3014/3014
f 2643/2643/2643 2641/2641/2641 2642/2642/2642
f 2643/2643/2643 2644/2644/2644 2641/2641/2641
f 2645/2645/2645 2642/2642/2642 2646/2646/2646
f 2645/2645/2645 2643/2643/2643 2642/2642/2642
f 2703/2703/2703 2704/2704/2704 2705/2705/2705
f 2645/2645/2645 2648/2648/2648 2649/2649/2649
f 2646/2646/2646 2648/2648/2648 2645/2645/2645
f 64/64/64 65/65/65 66/66/66
f 5811/5811/5811 5810/5810/5810 5862/5862/5862
f 5811/5811/5811 5862/5862/5862 5915/5915/5915
f 6080/6080/6080 6064/6064/6064 6066/6066/6066
f 6064/6064/6064 6065/6065/6065 6066/6066/6066
f 5862/5862/5862 5810/5810/5810 5813/5813/5813
f 6068/6068/6068 6067/6067/6067 6065/6065/6065
f 6065/6065/6065 6067/6067/6067 6066/6066/6066
f 5926/5926/5926 5925/5925/5925 5924/5924/5924
f 3069/3069/3069 3019/3019/3019 3015/3015/3015
f 3013/3013/3013 3069/3069/3069 3015/3015/3015
f 3014/3014/3014 3013/3013/3013 3015/3015/3015
f 3012/3012/3012 3013/3013/3013 3014/3014/3014
f 5809/5809/5809 5810/5810/5810 5811/5811/5811
f 5810/5810/5810 5809/5809/5809 5812/5812/5812
f 5810/5810/5810 5812/5812/5812 5813/5813/5813
f 5813/5813/5813 5812/5812/5812 5819/5819/5819
f 6069/6069/6069 6065/6065/6065 6071/6071/6071
f 6068/6068/6068 6065/6065/6065 6069/6069/6069
f 1319/1319/1319 1320/1320/1320 1321/1321/1321
f 6068/6068/6068 6070/6070/6070 6073/6073/6073
f 6068/6068/6068 6069/6069/6069 6070/6070/6070
f 6070/6070/6070 6074/6074/6074 6073/6073/6073
f 3079/3079/3079 3077/3077/3077 3069/3069/3069
f 3069/3069/3069 3077/3077/3077 3019/3019/3019
f 3988/3988/3988 3987/3987/3987 3986/3986/3986
f 3989/3989/3989 3988/3988/3988 3986/3986/3986
f 3079/3079/3079 3069/3069/3069 3080/3080/3080
f 3990/3990/3990 3989/3989/3989 3986/3986/3986
f 6078/6078/6078 6072/6072/6072 6069/6069/6069
f 6078/6078/6078 6069/6069/6069 6071/6071/6071
f 5840/5840/5840 5889/5889/5889 5838/5838/5838
f 5889/5889/5889 5821/5821/5821 5838/5838/5838
f 6070/6070/6070 6069/6069/6069 6072/6072/6072
f 6070/6070/6070 6075/6075/6075 6074/6074/6074
f 4022/4022/4022 4023/4023/4023 4024/4024/4024
f 4023/4023/4023 4022/4022/4022 4021/4021/4021
f 4022/4022/4022 4020/4020/4020 4021/4021/4021
f 3079/3079/3079 3080/3080/3080 3081/3081/3081
f 3989/3989/3989 3990/3990/3990 3992/3992/3992
f 3080/3080/3080 3082/3082/3082 3081/3081/3081
f 5820/5820/5820 5824/5824/5824 5821/5821/5821
f 5820/5820/5820 5821/5821/5821 5817/5817/5817
f 5838/5838/5838 5821/5821/5821 5834/5834/5834
f 5834/5834/5834 5821/5821/5821 5824/5824/5824
f 4020/4020/4020 4019/4019/4019 4021/4021/4021
f 3996/3996/3996 3997/3997/3997 4018/4018/4018
f 3996/3996/3996 4018/4018/4018 4019/4019/4019
f 3992/3992/3992 3996/3996/3996 4019/4019/4019
f 4020/4020/4020 3992/3992/3992 4019/4019/4019
f 3995/3995/3995 3998/3998/3998 3997/3997/3997
f 3995/3995/3995 3997/3997/3997 3996/3996/3996
f 3999/3999/3999 3998/3998/3998 3995/3995/3995
f 1834/1834/1834 1835/1835/1835 1833/1833/1833
f 1835/1835/1835 1831/1831/1831 1833/1833/1833
f 6012/6012/6012 5883/5883/5883 5888/5888/5888
f 5836/5836/5836 5833/5833/5833 5888/5888/5888
f 5836/5836/5836 5888/5888/5888 5883/5883/5883
f 5824/5824/5824 5820/5820/5820 5833/5833/5833
f 5836/5836/5836 5824/5824/5824 5833/5833/5833
f 5837/5837/5837 5824/5824/5824 5836/5836/5836
f 5834/5834/5834 5824/5824/5824 5887/5887/5887
f 5887/5887/5887 5824/5824/5824 5837/5837/5837
f 3997/3997/3997 4162/4162/4162 4018/4018/4018
f 4162/4162/4162 3997/3997/3997 4017/4017/4017
f 4017/4017/4017 3997/3997/3997 3998/3998/3998
f 3999/3999/3999 4000/4000/4000 3998/3998/3998
f 4000/4000/4000 4017/4017/4017 3998/3998/3998
f 4000/4000/4000 4011/4011/4011 4017/4017/4017
f 2572/2572/2572 2569/2569/2569 2571/2571/2571
f 2569/2569/2569 2570/2570/2570 2571/2571/2571
f 4011/4011/4011 4000/4000/4000 4003/4003/4003
f 1291/1291/1291 1293/1293/1293 1294/1294/1294
f 4006/4006/4006 4014/4014/4014 4013/4013/4013
f 4003/4003/4003 4006/4006/4006 4013/4013/4013
f 6577/6577/6577 6578/6578/6578 6576/6576/6576
f 6623/6623/6623 6625/6625/6625 6626/6626/6626
f 6579/6579/6579 6576/6576/6576 6578/6578/6578
f 6618/6618/6618 6625/6625/6625 6623/6623/6623
f 5884/5884/5884 5878/5878/5878 5883/5883/5883
f 5884/5884/5884 5883/5883/5883 6012/6012/6012
f 5850/5850/5850 5836/5836/5836 5877/5877/5877
f 5836/5836/5836 5878/5878/5878 5877/5877/5877
f 5836/5836/5836 5883/5883/5883 5878/5878/5878
f 5836/5836/5836 5850/5850/5850 5837/5837/5837
f 5837/5837/5837 5850/5850/5850 5851/5851/5851
f 5837/5837/5837 5851/5851/5851 5887/5887/5887
f 6576/6576/6576 6575/6575/6575 6577/6577/6577
f 6575/6575/6575 6576/6576/6576 6573/6573/6573
f 6627/6627/6627 6626/6626/6626 6625/6625/6625
f 6595/6595/6595 6591/6591/6591 6594/6594/6594
f 6591/6591/6591 6573/6573/6573 6594/6594/6594
f 6591/6591/6591 6571/6571/6571 6573/6573/6573
f 6571/6571/6571 6589/6589/6589 6538/6538/6538
f 6591/6591/6591 6589/6589/6589 6571/6571/6571
f 6538/6538/6538 6569/6569/6569 6535/6535/6535
f 6589/6589/6589 6569/6569/6569 6538/6538/6538
f 6535/6535/6535 6534/6534/6534 6533/6533/6533
f 6569/6569/6569 6534/6534/6534 6535/6535/6535
f 6533/6533/6533 6516/6516/6516 6510/6510/6510
f 6534/6534/6534 6516/6516/6516 6533/6533/6533
f 6510/6510/6510 6507/6507/6507 6509/6509/6509
f 6516/6516/6516 6507/6507/6507 6510/6510/6510
f 6509/6509/6509 6508/6508/6508 6514/6514/6514
f 6507/6507/6507 6508/6508/6508 6509/6509/6509
f 6615/6615/6615 6616/6616/6616 6617/6617/6617
f 6508/6508/6508 6532/6532/6532 6514/6514/6514
f 6530/6530/6530 6521/6521/6521 6525/6525/6525
f 6532/6532/6532 6521/6521/6521 6530/6530/6530
f 6521/6521/6521 6522/6522/6522 6523/6523/6523
f 6524/6524/6524 6521/6521/6521 6523/6523/6523
f 6525/6525/6525 6521/6521/6521 6524/6524/6524
f 6531/6531/6531 6529/6529/6529 6524/6524/6524
f 6531/6531/6531 6524/6524/6524 6523/6523/6523
f 6544/6544/6544 6545/6545/6545 6529/6529/6529
f 6544/6544/6544 6529/6529/6529 6531/6531/6531
f 6545/6545/6545 6544/6544/6544 6546/6546/6546
f 6547/6547/6547 6545/6545/6545 6546/6546/6546
f 6565/6565/6565 6545/6545/6545 6547/6547/6547
f 6565/6565/6565 6555/6555/6555 6564/6564/6564
f 6547/6547/6547 6555/6555/6555 6565/6565/6565
f 5884/5884/5884 5892/5892/5892 5878/5878/5878
f 5892/5892/5892 5879/5879/5879 5878/5878/5878
f 6564/6564/6564 6555/6555/6555 6556/6556/6556
f 5878/5878/5878 5879/5879/5879 5877/5877/5877
f 2417/2417/2417 2378/2378/2378 2406/2406/2406
f 2406/2406/2406 2378/2378/2378 2403/2403/2403
f 2403/2403/2403 2378/2378/2378 2379/2379/2379
f 2403/2403/2403 2379/2379/2379 2404/2404/2404
f 2404/2404/2404 2379/2379/2379 2388/2388/2388
f 2404/2404/2404 2388/2388/2388 2416/2416/2416
f 6468/6468/6468 6467/6467/6467 6469/6469/6469
f 6463/6463/6463 6462/6462/6462 6459/6459/6459
f 6462/6462/6462 6461/6461/6461 6459/6459/6459
f 299/299/299 300/300/300 301/301/301
f 300/300/300 309/309/309 301/301/301
f 301/301/301 309/309/309 310/310/310
f 5581/5581/5581 5584/5584/5584 5582/5582/5582
f 5583/5583/5583 5580/5580/5580 5582/5582/5582
f 5582/5582/5582 5580/5580/5580 5581/5581/5581
f 5642/5642/5642 5639/5639/5639 5641/5641/5641
f 5639/5639/5639 5640/5640/5640 5641/5641/5641
f 2051/2051/2051 2052/2052/2052 2053/2053/2053
f 2054/2054/2054 2052/2052/2052 2056/2056/2056
f 2054/2054/2054 2053/2053/2053 2052/2052/2052
f 2056/2056/2056 2072/2072/2072 2054/2054/2054
f 5569/5569/5569 5552/5552/5552 5568/5568/5568
f 6454/6454/6454 6456/6456/6456 6455/6455/6455
f 6458/6458/6458 6452/6452/6452 6455/6455/6455
f 6455/6455/6455 6452/6452/6452 6454/6454/6454
f 6449/6449/6449 6452/6452/6452 6458/6458/6458
f 6466/6466/6466 6471/6471/6471 6467/6467/6467
f 6465/6465/6465 6466/6466/6466 6467/6467/6467
f 6468/6468/6468 6465/6465/6465 6467/6467/6467
f 6457/6457/6457 6463/6463/6463 6459/6459/6459
f 311/311/311 310/310/310 309/309/309
f 311/311/311 309/309/309 314/314/314
f 3461/3461/3461 3462/3462/3462 3463/3463/3463
f 317/317/317 311/311/311 314/314/314
f 3454/3454/3454 3420/3420/3420 3434/3434/3434
f 3434/3434/3434 3420/3420/3420 3430/3430/3430
f 5617/5617/5617 5604/5604/5604 5612/5612/5612
f 5587/5587/5587 5608/5608/5608 5612/5612/5612
f 5612/5612/5612 5608/5608/5608 5617/5617/5617
f 5607/5607/5607 5608/5608/5608 5587/5587/5587
f 5607/5607/5607 5587/5587/5587 5584/5584/5584
f 5578/5578/5578 5607/5607/5607 5584/5584/5584
f 5581/5581/5581 5578/5578/5578 5584/5584/5584
f 5578/5578/5578 5581/5581/5581 5580/5580/5580
f 5578/5578/5578 5580/5580/5580 5575/5575/5575
f 67/67/67 68/68/68 69/69/69
f 5547/5547/5547 5568/5568/5568 5552/5552/5552
f 5547/5547/5547 5552/5552/5552 5548/5548/5548
f 5546/5546/5546 5548/5548/5548 5549/5549/5549
f 5546/5546/5546 5547/5547/5547 5548/5548/5548
f 5557/5557/5557 5549/5549/5549 5553/5553/5553
f 3489/3489/3489 3517/3517/3517 3520/3520/3520
f 3522/3522/3522 3485/3485/3485 3489/3489/3489
f 3489/3489/3489 3485/3485/3485 3483/3483/3483
f 5503/5503/5503 5502/5502/5502 5505/5505/5505
f 5502/5502/5502 5503/5503/5503 5504/5504/5504
f 5455/5455/5455 5453/5453/5453 5454/5454/5454
f 6454/6454/6454 6452/6452/6452 6453/6453/6453
f 6452/6452/6452 6449/6449/6449 6448/6448/6448
f 6452/6452/6452 6448/6448/6448 6453/6453/6453
f 3422/3422/3422 3430/3430/3430 3420/3420/3420
f 3422/3422/3422 3420/3420/3420 3421/3421/3421
f 3421/3421/3421 3423/3423/3423 3422/3422/3422
f 3422/3422/3422 3423/3423/3423 3429/3429/3429
f 4448/4448/4448 4449/4449/4449 4450/4450/4450
f 4450/4450/4450 4449/4449/4449 4452/4452/4452
f 1908/1908/1908 1909/1909/1909 1904/1904/1904
f 1899/1899/1899 1908/1908/1908 1904/1904/1904
f 4450/4450/4450 4451/4451/4451 4448/4448/4448
f 5609/5609/5609 5608/5608/5608 5607/5607/5607
f 3481/3481/3481 3480/3480/3480 3482/3482/3482
f 3483/3483/3483 3481/3481/3481 3482/3482/3482
f 3485/3485/3485 3481/3481/3481 3483/3483/3483
f 3480/3480/3480 3488/3488/3488 3482/3482/3482
f 5453/5453/5453 5451/5451/5451 5454/5454/5454
f 5456/5456/5456 5452/5452/5452 5453/5453/5453
f 5452/5452/5452 5451/5451/5451 5453/5453/5453
f 5452/5452/5452 5450/5450/5450 5451/5451/5451
f 5461/5461/5461 5450/5450/5450 5452/5452/5452
f 1118/1118/1118 1129/1129/1129 1125/1125/1125
f 3425/3425/3425 3451/3451/3451 3435/3435/3435
f 3429/3429/3429 3425/3425/3425 3435/3435/3435
f 3423/3423/3423 3425/3425/3425 3429/3429/3429
f 3451/3451/3451 3449/3449/3449 3435/3435/3435
f 1898/1898/1898 1896/1896/1896 1899/1899/1899
f 1899/1899/1899 1896/1896/1896 1900/1900/1900
f 1899/1899/1899 1904/1904/1904 1903/1903/1903
f 1899/1899/1899 1903/1903/1903 1898/1898/1898
f 3479/3479/3479 3480/3480/3480 3481/3481/3481
f 3479/3479/3479 3515/3515/3515 3480/3480/3480
f 3515/3515/3515 3488/3488/3488 3480/3480/3480
f 3536/3536/3536 3537/3537/3537 3538/3538/3538
f 1120/1120/1120 1118/1118/1118 1114/1114/1114
f 1118/1118/1118 1117/1117/1117 1114/1114/1114
f 1118/1118/1118 1125/1125/1125 1117/1117/1117
f 1114/1114/1114 1113/1113/1113 1120/1120/1120
f 5980/5980/5980 6000/6000/6000 5977/5977/5977
f 6000/6000/6000 5971/5971/5971 5977/5977/5977
f 5977/5977/5977 5971/5971/5971 5975/5975/5975
f 5971/5971/5971 5972/5972/5972 5975/5975/5975
f 5972/5972/5972 5976/5976/5976 5975/5975/5975
f 5976/5976/5976 5972/5972/5972 5974/5974/5974
f 1901/1901/1901 1895/1895/1895 1898/1898/1898
f 1895/1895/1895 1896/1896/1896 1898/1898/1898
f 1895/1895/1895 1893/1893/1893 1896/1896/1896
f 1901/1901/1901 1898/1898/1898 1903/1903/1903
f 3535/3535/3535 3537/3537/3537 3536/3536/3536
f 3535/3535/3535 3539/3539/3539 3537/3537/3537
f 1117/1117/1117 1116/1116/1116 1114/1114/1114
f 1116/1116/1116 1122/1122/1122 1119/1119/1119
f 1116/1116/1116 1119/1119/1119 1115/1115/1115
f 1114/1114/1114 1116/1116/1116 1115/1115/1115
f 1113/1113/1113 1114/1114/1114 1115/1115/1115
f 1143/1143/1143 1144/1144/1144 1115/1115/1115
f 1143/1143/1143 1115/1115/1115 1119/1119/1119
f 1143/1143/1143 1145/1145/1145 1144/1144/1144
f 2573/2573/2573 2574/2574/2574 2575/2575/2575
f 2574/2574/2574 2576/2576/2576 2575/2575/2575
f 6106/6106/6106 6107/6107/6107 6108/6108/6108
f 6000/6000/6000 5970/5970/5970 5971/5971/5971
f 2656/2656/2656 2650/2650/2650 2655/2655/2655
f 2655/2655/2655 2650/2650/2650 2649/2649/2649
f 2657/2657/2657 2655/2655/2655 2692/2692/2692
f 2657/2657/2657 2656/2656/2656 2655/2655/2655
f 2661/2661/2661 2692/2692/2692 2664/2664/2664
f 2661/2661/2661 2657/2657/2657 2692/2692/2692
f 2663/2663/2663 2664/2664/2664 2665/2665/2665
f 2663/2663/2663 2661/2661/2661 2664/2664/2664
f 2691/2691/2691 2665/2665/2665 2668/2668/2668
f 2691/2691/2691 2663/2663/2663 2665/2665/2665
f 2671/2671/2671 2668/2668/2668 2670/2670/2670
f 2671/2671/2671 2691/2691/2691 2668/2668/2668
f 1894/1894/1894 1893/1893/1893 1895/1895/1895
f 2670/2670/2670 2672/2672/2672 2671/2671/2671
f 3542/3542/3542 3545/3545/3545 3543/3543/3543
f 3542/3542/3542 3543/3543/3543 3544/3544/3544
f 1413/1413/1413 1417/1417/1417 1414/1414/1414
f 1413/1413/1413 1418/1418/1418 1417/1417/1417
f 1411/1411/1411 1414/1414/1414 1415/1415/1415
f 1411/1411/1411 1413/1413/1413 1414/1414/1414
f 5920/5920/5920 5919/5919/5919 5918/5918/5918
f 5919/5919/5919 5916/5916/5916 5918/5918/5918
f 1416/1416/1416 1411/1411/1411 1415/1415/1415
f 5919/5919/5919 5920/5920/5920 5921/5921/5921
f 5920/5920/5920 5922/5922/5922 5921/5921/5921
f 5920/5920/5920 5923/5923/5923 5922/5922/5922
f 5922/5922/5922 5928/5928/5928 5929/5929/5929
f 5922/5922/5922 5923/5923/5923 5928/5928/5928
f 1056/1056/1056 1057/1057/1057 1054/1054/1054
f 5929/5929/5929 5930/5930/5930 5931/5931/5931
f 5929/5929/5929 5928/5928/5928 5930/5930/5930
f 6083/6083/6083 6085/6085/6085 6086/6086/6086
f 3011/3011/3011 3012/3012/3012 3010/3010/3010
f 3008/3008/3008 3009/3009/3009 3010/3010/3010
f 3010/3010/3010 3009/3009/3009 3011/3011/3011
f 3009/3009/3009 3008/3008/3008 3007/3007/3007
f 3008/3008/3008 3004/3004/3004 3007/3007/3007
f 2643/2643/2643 2645/2645/2645 2647/2647/2647
f 2645/2645/2645 2649/2649/2649 2650/2650/2650
f 3005/3005/3005 3000/3000/3000 3004/3004/3004
f 6066/6066/6066 6076/6076/6076 6080/6080/6080
f 6076/6076/6076 6066/6066/6066 6067/6067/6067
f 5920/5920/5920 5924/5924/5924 5923/5923/5923
f 5923/5923/5923 5924/5924/5924 5925/5925/5925
f 5927/5927/5927 5923/5923/5923 5925/5925/5925
f 5928/5928/5928 5923/5923/5923 5927/5927/5927
f 6082/6082/6082 6081/6081/6081 6083/6083/6083
f 6082/6082/6082 6079/6079/6079 6081/6081/6081
f 6085/6085/6085 6083/6083/6083 6084/6084/6084
f 6084/6084/6084 6083/6083/6083 6081/6081/6081
f 3070/3070/3070 3013/3013/3013 3011/3011/3011
f 3011/3011/3011 3013/3013/3013 3012/3012/3012
f 4268/4268/4268 4269/4269/4269 4267/4267/4267
f 3070/3070/3070 3011/3011/3011 3071/3071/3071
f 4267/4267/4267 4266/4266/4266 4265/4265/4265
f 4267/4267/4267 4265/4265/4265 4268/4268/4268
f 1321/1321/1321 1322/1322/1322 1319/1319/1319
f 6079/6079/6079 6073/6073/6073 6074/6074/6074
f 6077/6077/6077 6079/6079/6079 6074/6074/6074
f 6081/6081/6081 6079/6079/6079 6077/6077/6077
f 5964/5964/5964 6027/6027/6027 5963/5963/5963
f 5963/5963/5963 6027/6027/6027 5891/5891/5891
f 3985/3985/3985 3986/3986/3986 3987/3987/3987
f 3986/3986/3986 3985/3985/3985 3990/3990/3990
f 3985/3985/3985 3991/3991/3991 3990/3990/3990
f 3070/3070/3070 3071/3071/3071 3073/3073/3073
f 4278/4278/4278 4277/4277/4277 4275/4275/4275
f 3071/3071/3071 3074/3074/3074 3073/3073/3073
f 5838/5838/5838 5839/5839/5839 5840/5840/5840
f 6077/6077/6077 6074/6074/6074 6075/6075/6075
f 5839/5839/5839 5891/5891/5891 5840/5840/5840
f 5843/5843/5843 5891/5891/5891 5839/5839/5839
f 5963/5963/5963 5891/5891/5891 5846/5846/5846
f 5846/5846/5846 5891/5891/5891 5843/5843/5843
f 3993/3993/3993 3992/3992/3992 3991/3991/3991
f 3991/3991/3991 3992/3992/3992 3990/3990/3990
f 3073/3073/3073 3074/3074/3074 3075/3075/3075
f 3076/3076/3076 3073/3073/3073 3075/3075/3075
f 3993/3993/3993 3991/3991/3991 3994/3994/3994
f 4235/4235/4235 4239/4239/4239 4234/4234/4234
f 5834/5834/5834 5841/5841/5841 5839/5839/5839
f 5834/5834/5834 5839/5839/5839 5838/5838/5838
f 5839/5839/5839 5842/5842/5842 5843/5843/5843
f 5839/5839/5839 5841/5841/5841 5842/5842/5842
f 5846/5846/5846 5843/5843/5843 5845/5845/5845
f 5845/5845/5845 5843/5843/5843 5842/5842/5842
f 3993/3993/3993 3996/3996/3996 3992/3992/3992
f 3996/3996/3996 3993/3993/3993 3995/3995/3995
f 3995/3995/3995 3993/3993/3993 3994/3994/3994
f 4010/4010/4010 4001/4001/4001 3999/3999/3999
f 4237/4237/4237 4243/4243/4243 4238/4238/4238
f 4235/4235/4235 4237/4237/4237 4238/4238/4238
f 4239/4239/4239 4235/4235/4235 4238/4238/4238
f 4015/4015/4015 4001/4001/4001 4010/4010/4010
f 5887/5887/5887 5844/5844/5844 5841/5841/5841
f 5887/5887/5887 5841/5841/5841 5834/5834/5834
f 5886/5886/5886 5842/5842/5842 5847/5847/5847
f 5842/5842/5842 5844/5844/5844 5847/5847/5847
f 5842/5842/5842 5841/5841/5841 5844/5844/5844
f 5842/5842/5842 5886/5886/5886 5845/5845/5845
f 4001/4001/4001 4000/4000/4000 3999/3999/3999
f 4015/4015/4015 4002/4002/4002 4001/4001/4001
f 4002/4002/4002 4000/4000/4000 4001/4001/4001
f 4002/4002/4002 4003/4003/4003 4000/4000/4000
f 4003/4003/4003 4004/4004/4004 4006/4006/4006
f 4002/4002/4002 4004/4004/4004 4003/4003/4003
f 6624/6624/6624 6622/6622/6622 6623/6623/6623
f 4004/4004/4004 4007/4007/4007 4006/4006/4006
f 6618/6618/6618 6623/6623/6623 6622/6622/6622
f 6618/6618/6618 6622/6622/6622 6621/6621/6621
f 5877/5877/5877 5910/5910/5910 5850/5850/5850
f 5852/5852/5852 5851/5851/5851 5850/5850/5850
f 5852/5852/5852 5850/5850/5850 5910/5910/5910
f 5852/5852/5852 5853/5853/5853 5851/5851/5851
f 5851/5851/5851 5853/5853/5853 5887/5887/5887
f 6121/6121/6121 6123/6123/6123 6124/6124/6124
f 5848/5848/5848 5844/5844/5844 5887/5887/5887
f 5844/5844/5844 5848/5848/5848 5847/5847/5847
f 6621/6621/6621 6619/6619/6619 6618/6618/6618
f 6618/6618/6618 6619/6619/6619 6620/6620/6620
f 6591/6591/6591 6568/6568/6568 6589/6589/6589
f 6494/6494/6494 6568/6568/6568 6591/6591/6591
f 6589/6589/6589 6518/6518/6518 6569/6569/6569
f 6568/6568/6568 6518/6518/6518 6589/6589/6589
f 6569/6569/6569 6488/6488/6488 6534/6534/6534
f 6518/6518/6518 6488/6488/6488 6569/6569/6569
f 6534/6534/6534 6490/6490/6490 6516/6516/6516
f 6488/6488/6488 6490/6490/6490 6534/6534/6534
f 6516/6516/6516 6504/6504/6504 6507/6507/6507
f 6490/6490/6490 6504/6504/6504 6516/6516/6516
f 6507/6507/6507 6506/6506/6506 6508/6508/6508
f 6504/6504/6504 6506/6506/6506 6507/6507/6507
f 6508/6508/6508 6515/6515/6515 6532/6532/6532
f 6506/6506/6506 6515/6515/6515 6508/6508/6508
f 6515/6515/6515 6519/6519/6519 6520/6520/6520
f 6521/6521/6521 6515/6515/6515 6520/6520/6520
f 6532/6532/6532 6515/6515/6515 6521/6521/6521
f 6520/6520/6520 6522/6522/6522 6521/6521/6521
f 6548/6548/6548 6549/6549/6549 6547/6547/6547
f 6548/6548/6548 6547/6547/6547 6546/6546/6546
f 6547/6547/6547 6552/6552/6552 6555/6555/6555
f 6549/6549/6549 6552/6552/6552 6547/6547/6547
f 6552/6552/6552 6580/6580/6580 6557/6557/6557
f 6556/6556/6556 6552/6552/6552 6557/6557/6557
f 6555/6555/6555 6552/6552/6552 6556/6556/6556
f 6557/6557/6557 6558/6558/6558 6556/6556/6556
f 5879/5879/5879 5906/5906/5906 5877/5877/5877
f 6141/6141/6141 6142/6142/6142 6143/6143/6143
f 6142/6142/6142 6144/6144/6144 6143/6143/6143
f 5910/5910/5910 5860/5860/5860 5852/5852/5852
f 5852/5852/5852 5860/5860/5860 5854/5854/5854
f 5852/5852/5852 5854/5854/5854 5853/5853/5853
f 2401/2401/2401 2377/2377/2377 2415/2415/2415
f 2415/2415/2415 2377/2377/2377 2417/2417/2417
f 2377/2377/2377 2378/2378/2378 2417/2417/2417
f 2377/2377/2377 2369/2369/2369 2378/2378/2378
f 2378/2378/2378 2370/2370/2370 2379/2379/2379
f 2369/2369/2369 2370/2370/2370 2378/2378/2378
f 2379/2379/2379 2380/2380/2380 2388/2388/2388
f 2370/2370/2370 2380/2380/2380 2379/2379/2379
f 2416/2416/2416 2388/2388/2388 2407/2407/2407
f 2407/2407/2407 2388/2388/2388 2380/2380/2380
f 6580/6580/6580 6559/6559/6559 6557/6557/6557
f 6557/6557/6557 6559/6559/6559 6558/6558/6558
f 6460/6460/6460 6459/6459/6459 6461/6461/6461
f 310/310/310 313/313/313 301/301/301
f 5574/5574/5574 5576/5576/5576 5622/5622/5622
f 5569/5569/5569 5570/5570/5570 5622/5622/5622
f 5622/5622/5622 5570/5570/5570 5574/5574/5574
f 5570/5570/5570 5569/5569/5569 5568/5568/5568
f 5538/5538/5538 5541/5541/5541 5540/5540/5540
f 5543/5543/5543 5535/5535/5535 5540/5540/5540
f 5540/5540/5540 5535/5535/5535 5538/5538/5538
f 3518/3518/3518 3519/3519/3519 3521/3521/3521
f 6446/6446/6446 6449/6449/6449 6457/6457/6457
f 6444/6444/6444 6446/6446/6446 6457/6457/6457
f 6444/6444/6444 6457/6457/6457 6459/6459/6459
f 6437/6437/6437 6444/6444/6444 6459/6459/6459
f 6460/6460/6460 6437/6437/6437 6459/6459/6459
f 312/312/312 313/313/313 310/310/310
f 311/311/311 312/312/312 310/310/310
f 319/319/319 312/312/312 311/311/311
f 316/316/316 311/311/311 317/317/317
f 316/316/316 319/319/319 311/311/311
f 3431/3431/3431 3433/3433/3433 3430/3430/3430
f 3433/3433/3433 3434/3434/3434 3430/3430/3430
f 318/318/318 316/316/316 317/317/317
f 3431/3431/3431 3432/3432/3432 3433/3433/3433
f 5618/5618/5618 5607/5607/5607 5578/5578/5578
f 5618/5618/5618 5578/5578/5578 5619/5619/5619
f 1577/1577/1577 1575/1575/1575 1576/1576/1576
f 5578/5578/5578 5575/5575/5575 5577/5577/5577
f 5575/5575/5575 5576/5576/5576 5574/5574/5574
f 5573/5573/5573 5575/5575/5575 5574/5574/5574
f 5577/5577/5577 5575/5575/5575 5573/5573/5573
f 5573/5573/5573 5574/5574/5574 5570/5570/5570
f 5573/5573/5573 5570/5570/5570 5554/5554/5554
f 5554/5554/5554 5540/5540/5540 5541/5541/5541
f 5554/5554/5554 5547/5547/5547 5540/5540/5540
f 5554/5554/5554 5570/5570/5570 5568/5568/5568
f 5547/5547/5547 5554/5554/5554 5568/5568/5568
f 5540/5540/5540 5547/5547/5547 5546/5546/5546
f 5540/5540/5540 5546/5546/5546 5543/5543/5543
f 3516/3516/3516 3519/3519/3519 3518/3518/3518
f 3517/3517/3517 3516/3516/3516 3518/3518/3518
f 3489/3489/3489 3516/3516/3516 3517/3517/3517
f 3484/3484/3484 3487/3487/3487 3483/3483/3483
f 3487/3487/3487 3489/3489/3489 3483/3483/3483
f 3487/3487/3487 3516/3516/3516 3489/3489/3489
f 3484/3484/3484 3491/3491/3491 3487/3487/3487
f 6447/6447/6447 6448/6448/6448 6446/6446/6446
f 6446/6446/6446 6448/6448/6448 6449/6449/6449
f 6446/6446/6446 6444/6444/6444 6445/6445/6445
f 6446/6446/6446 6445/6445/6445 6447/6447/6447
f 3422/3422/3422 3431/3431/3431 3430/3430/3430
f 3471/3471/3471 3467/3467/3467 3470/3470/3470
f 3470/3470/3470 3467/3467/3467 3469/3469/3469
f 3467/3467/3467 3468/3468/3468 3469/3469/3469
f 3432/3432/3432 3431/3431/3431 3422/3422/3422
f 3471/3471/3471 3472/3472/3472 3467/3467/3467
f 1910/1910/1910 1902/1902/1902 1909/1909/1909
f 1909/1909/1909 1902/1902/1902 1904/1904/1904
f 5609/5609/5609 5607/5607/5607 5618/5618/5618
f 5620/5620/5620 5609/5609/5609 5618/5618/5618
f 5621/5621/5621 5609/5609/5609 5620/5620/5620
f 5620/5620/5620 5618/5618/5618 5619/5619/5619
f 3482/3482/3482 3484/3484/3484 3483/3483/3483
f 3482/3482/3482 3488/3488/3488 3484/3484/3484
f 3488/3488/3488 3491/3491/3491 3484/3484/3484
f 3488/3488/3488 3523/3523/3523 3491/3491/3491
f 5458/5458/5458 5452/5452/5452 5456/5456/5456
f 5459/5459/5459 5452/5452/5452 5458/5458/5458
f 5460/5460/5460 5459/5459/5459 5458/5458/5458
f 1126/1126/1126 1125/1125/1125 1133/1133/1133
f 3435/3435/3435 3436/3436/3436 3429/3429/3429
f 3450/3450/3450 3438/3438/3438 3449/3449/3449
f 3449/3449/3449 3438/3438/3438 3435/3435/3435
f 3438/3438/3438 3437/3437/3437 3435/3435/3435
f 3437/3437/3437 3436/3436/3436 3435/3435/3435
f 3474/3474/3474 3475/3475/3475 3476/3476/3476
f 1902/1902/1902 1903/1903/1903 1904/1904/1904
f 1905/1905/1905 1903/1903/1903 1902/1902/1902
f 3514/3514/3514 3508/3508/3508 3505/3505/3505
f 3523/3523/3523 3514/3514/3514 3505/3505/3505
f 3538/3538/3538 3537/3537/3537 3540/3540/3540
f 3508/3508/3508 3507/3507/3507 3505/3505/3505
f 1126/1126/1126 1117/1117/1117 1125/1125/1125
f 1127/1127/1127 1117/1117/1117 1126/1126/1126
f 5971/5971/5971 5969/5969/5969 5972/5972/5972
f 5973/5973/5973 5974/5974/5974 5972/5972/5972
f 5969/5969/5969 5973/5973/5973 5972/5972/5972
f 5999/5999/5999 5973/5973/5973 5969/5969/5969
f 3932/3932/3932 3931/3931/3931 3920/3920/3920
f 3920/3920/3920 3931/3931/3931 3930/3930/3930
f 2676/2676/2676 2673/2673/2673 2675/2675/2675
f 2675/2675/2675 2673/2673/2673 2672/2672/2672
f 1901/1901/1901 1903/1903/1903 1905/1905/1905
f 1901/1901/1901 1905/1905/1905 1906/1906/1906
f 3512/3512/3512 3511/3511/3511 3508/3508/3508
f 3512/3512/3512 3508/3508/3508 3514/3514/3514
f 3507/3507/3507 3508/3508/3508 3509/3509/3509
f 3508/3508/3508 3510/3510/3510 3509/3509/3509
f 3508/3508/3508 3511/3511/3511 3510/3510/3510
f 1408/1408/1408 1389/1389/1389 1407/1407/1407
f 1407/1407/1407 1389/1389/1389 1405/1405/1405
f 1475/1475/1475 1476/1476/1476 1477/1477/1477
f 1476/1476/1476 1475/1475/1475 1479/1479/1479
f 1409/1409/1409 1408/1408/1408 1410/1410/1410
f 1408/1408/1408 1409/1409/1409 1389/1389/1389
f 1385/1385/1385 1389/1389/1389 1409/1409/1409
f 1122/1122/1122 1116/1116/1116 1123/1123/1123
f 1122/1122/1122 1123/1123/1123 1124/1124/1124
f 2574/2574/2574 2577/2577/2577 2576/2576/2576
f 5969/5969/5969 5971/5971/5971 5970/5970/5970
f 5968/5968/5968 5969/5969/5969 5970/5970/5970
f 5967/5967/5967 5969/5969/5969 5968/5968/5968
f 6009/6009/6009 5999/5999/5999 6008/6008/6008
f 5999/5999/5999 5967/5967/5967 6008/6008/6008
f 5999/5999/5999 5969/5969/5969 5967/5967/5967
f 3930/3930/3930 3921/3921/3921 3920/3920/3920
f 2999/2999/2999 3000/3000/3000 3001/3001/3001
f 2999/2999/2999 3001/3001/3001 2995/2995/2995
f 3001/3001/3001 3002/3002/3002 2995/2995/2995
f 2656/2656/2656 2657/2657/2657 2658/2658/2658
f 2659/2659/2659 2657/2657/2657 2661/2661/2661
f 2659/2659/2659 2658/2658/2658 2657/2657/2657
f 2662/2662/2662 2661/2661/2661 2663/2663/2663
f 2662/2662/2662 2659/2659/2659 2661/2661/2661
f 2698/2698/2698 2663/2663/2663 2691/2691/2691
f 2698/2698/2698 2662/2662/2662 2663/2663/2663
f 2674/2674/2674 2691/2691/2691 2671/2671/2671
f 2674/2674/2674 2698/2698/2698 2691/2691/2691
f 2671/2671/2671 2672/2672/2672 2673/2673/2673
f 2671/2671/2671 2673/2673/2673 2674/2674/2674
f 3513/3513/3513 3511/3511/3511 3512/3512/3512
f 1412/1412/1412 1418/1418/1418 1413/1413/1413
f 1412/1412/1412 1413/1413/1413 1407/1407/1407
f 1407/1407/1407 1413/1413/1413 1411/1411/1411
f 1407/1407/1407 1411/1411/1411 1408/1408/1408
f 2589/2589/2589 2592/2592/2592 2591/2591/2591
f 2590/2590/2590 2589/2589/2589 2591/2591/2591
f 2588/2588/2588 2589/2589/2589 2590/2590/2590
f 2588/2588/2588 2595/2595/2595 2594/2594/2594
f 2588/2588/2588 2594/2594/2594 2589/2589/2589
f 1054/1054/1054 1055/1055/1055 1056/1056/1056
f 6087/6087/6087 6086/6086/6086 6085/6085/6085
f 5965/5965/5965 5968/5968/5968 6005/6005/6005
f 5967/5967/5967 5968/5968/5968 5965/5965/5965
f 2605/2605/2605 2606/2606/2606 2607/2607/2607
f 3928/3928/3928 3927/3927/3927 3926/3926/3926
f 5967/5967/5967 5965/5965/5965 5966/5966/5966
f 3927/3927/3927 3925/3925/3925 3926/3926/3926
f 3006/3006/3006 3007/3007/3007 3004/3004/3004
f 3003/3003/3003 3006/3006/3006 3004/3004/3004
f 3003/3003/3003 3004/3004/3004 3000/3000/3000
f 2998/2998/2998 3003/3003/3003 3000/3000/3000
f 2999/2999/2999 2998/2998/2998 3000/3000/3000
f 2998/2998/2998 2999/2999/2999 2995/2995/2995
f 5964/5964/5964 5912/5912/5912 5965/5965/5965
f 5964/5964/5964 5965/5965/5965 6005/6005/6005
f 6002/6002/6002 5966/5966/5966 6001/6001/6001
f 5966/5966/5966 5912/5912/5912 6001/6001/6001
f 5966/5966/5966 5965/5965/5965 5912/5912/5912
f 5966/5966/5966 6002/6002/6002 6003/6003/6003
f 4248/4248/4248 4265/4265/4265 4247/4247/4247
f 4247/4247/4247 4265/4265/4265 4266/4266/4266
f 4247/4247/4247 4246/4246/4246 4245/4245/4245
f 4247/4247/4247 4245/4245/4245 4248/4248/4248
f 5963/5963/5963 5896/5896/5896 5912/5912/5912
f 5963/5963/5963 5912/5912/5912 5964/5964/5964
f 2186/2186/2186 2187/2187/2187 2188/2188/2188
f 2187/2187/2187 2192/2192/2192 2188/2188/2188
f 5912/5912/5912 5896/5896/5896 5911/5911/5911
f 2192/2192/2192 2191/2191/2191 2188/2188/2188
f 4274/4274/4274 4275/4275/4275 4276/4276/4276
f 4276/4276/4276 4275/4275/4275 4277/4277/4277
f 4248/4248/4248 4245/4245/4245 4231/4231/4231
f 4248/4248/4248 4231/4231/4231 4264/4264/4264
f 5846/5846/5846 5880/5880/5880 5896/5896/5896
f 5846/5846/5846 5896/5896/5896 5963/5963/5963
f 5896/5896/5896 5882/5882/5882 5911/5911/5911
f 5896/5896/5896 5880/5880/5880 5882/5882/5882
f 5914/5914/5914 5911/5911/5911 5913/5913/5913
f 5913/5913/5913 5911/5911/5911 5882/5882/5882
f 4274/4274/4274 4279/4279/4279 4275/4275/4275
f 4233/4233/4233 4236/4236/4236 4235/4235/4235
f 4233/4233/4233 4235/4235/4235 4234/4234/4234
f 4231/4231/4231 4233/4233/4233 4234/4234/4234
f 4264/4264/4264 4231/4231/4231 4234/4234/4234
f 4241/4241/4241 4236/4236/4236 4233/4233/4233
f 5845/5845/5845 5881/5881/5881 5880/5880/5880
f 5845/5845/5845 5880/5880/5880 5846/5846/5846
f 235/235/235 236/236/236 237/237/237
f 6103/6103/6103 6104/6104/6104 6105/6105/6105
f 5882/5882/5882 5880/5880/5880 5881/5881/5881
f 236/236/236 235/235/235 230/230/230
f 4236/4236/4236 4237/4237/4237 4235/4235/4235
f 4016/4016/4016 4005/4005/4005 4015/4015/4015
f 4016/4016/4016 4015/4015/4015 4010/4010/4010
f 4241/4241/4241 4263/4263/4263 4237/4237/4237
f 4236/4236/4236 4241/4241/4241 4237/4237/4237
f 4147/4147/4147 4012/4012/4012 4005/4005/4005
f 4147/4147/4147 4005/4005/4005 4016/4016/4016
f 4227/4227/4227 4228/4228/4228 4229/4229/4229
f 5847/5847/5847 5849/5849/5849 5886/5886/5886
f 5849/5849/5849 5867/5867/5867 5886/5886/5886
f 6109/6109/6109 6110/6110/6110 6111/6111/6111
f 6110/6110/6110 6112/6112/6112 6111/6111/6111
f 5908/5908/5908 5881/5881/5881 5845/5845/5845
f 240/240/240 239/239/239 237/237/237
f 4005/4005/4005 4002/4002/4002 4015/4015/4015
f 4002/4002/4002 4005/4005/4005 4004/4004/4004
f 4004/4004/4004 4005/4005/4005 4012/4012/4012
f 4149/4149/4149 4008/4008/4008 4012/4012/4012
f 4008/4008/4008 4004/4004/4004 4012/4012/4012
f 4008/4008/4008 4007/4007/4007 4004/4004/4004
f 4009/4009/4009 4007/4007/4007 4008/4008/4008
f 6612/6612/6612 6613/6613/6613 6614/6614/6614
f 6121/6121/6121 6122/6122/6122 6123/6123/6123
f 5849/5849/5849 5847/5847/5847 5848/5848/5848
f 5863/5863/5863 5849/5849/5849 5848/5848/5848
f 5864/5864/5864 5849/5849/5849 5863/5863/5863
f 5867/5867/5867 5849/5849/5849 5865/5865/5865
f 5865/5865/5865 5849/5849/5849 5864/5864/5864
f 6497/6497/6497 6493/6493/6493 6588/6588/6588
f 6588/6588/6588 6493/6493/6493 6494/6494/6494
f 6494/6494/6494 6491/6491/6491 6568/6568/6568
f 6493/6493/6493 6491/6491/6491 6494/6494/6494
f 6568/6568/6568 6484/6484/6484 6518/6518/6518
f 6491/6491/6491 6484/6484/6484 6568/6568/6568
f 6518/6518/6518 6486/6486/6486 6488/6488/6488
f 6484/6484/6484 6486/6486/6486 6518/6518/6518
f 6488/6488/6488 6487/6487/6487 6490/6490/6490
f 6486/6486/6486 6487/6487/6487 6488/6488/6488
f 6490/6490/6490 6503/6503/6503 6504/6504/6504
f 6487/6487/6487 6503/6503/6503 6490/6490/6490
f 6504/6504/6504 6505/6505/6505 6506/6506/6506
f 6503/6503/6503 6505/6505/6505 6504/6504/6504
f 6505/6505/6505 6512/6512/6512 6513/6513/6513
f 6515/6515/6515 6505/6505/6505 6513/6513/6513
f 6506/6506/6506 6505/6505/6505 6515/6515/6515
f 6513/6513/6513 6519/6519/6519 6515/6515/6515
f 6548/6548/6548 6550/6550/6550 6549/6549/6549
f 6549/6549/6549 6550/6550/6550 6551/6551/6551
f 6566/6566/6566 6549/6549/6549 6551/6551/6551
f 6552/6552/6552 6549/6549/6549 6566/6566/6566
f 6580/6580/6580 6552/6552/6552 6566/6566/6566
f 6580/6580/6580 6566/6566/6566 6596/6596/6596
f 6558/6558/6558 6560/6560/6560 6561/6561/6561
f 5856/5856/5856 5854/5854/5854 5860/5860/5860
f 6562/6562/6562 6561/6561/6561 6560/6560/6560
f 5856/5856/5856 5855/5855/5855 5854/5854/5854
f 5854/5854/5854 5855/5855/5855 5853/5853/5853
f 5855/5855/5855 5909/5909/5909 5853/5853/5853
f 6125/6125/6125 6122/6122/6122 6121/6121/6121
f 5863/5863/5863 5909/5909/5909 5864/5864/5864
f 5864/5864/5864 5909/5909/5909 5866/5866/5866
f 5864/5864/5864 5866/5866/5866 5865/5865/5865
f 1505/1505/1505 1511/1511/1511 1512/1512/1512
f 1512/1512/1512 1511/1511/1511 1513/1513/1513
f 2400/2400/2400 2377/2377/2377 2401/2401/2401
f 2400/2400/2400 2373/2373/2373 2377/2377/2377
f 2377/2377/2377 2368/2368/2368 2369/2369/2369
f 2373/2373/2373 2368/2368/2368 2377/2377/2377
f 2369/2369/2369 2367/2367/2367 2370/2370/2370
f 2368/2368/2368 2367/2367/2367 2369/2369/2369
f 2370/2370/2370 2371/2371/2371 2380/2380/2380
f 2367/2367/2367 2371/2371/2371 2370/2370/2370
f 2407/2407/2407 2380/2380/2380 2413/2413/2413
f 2380/2380/2380 2399/2399/2399 2413/2413/2413
f 2380/2380/2380 2371/2371/2371 2399/2399/2399
f 6550/6550/6550 6553/6553/6553 6551/6551/6551
f 6596/6596/6596 6567/6567/6567 6580/6580/6580
f 6580/6580/6580 6567/6567/6567 6559/6559/6559
f 6558/6558/6558 6559/6559/6559 6560/6560/6560
f 6559/6559/6559 6563/6563/6563 6560/6560/6560
f 6559/6559/6559 6567/6567/6567 6563/6563/6563
f 6560/6560/6560 6563/6563/6563 6562/6562/6562
f 5856/5856/5856 5876/5876/5876 5857/5857/5857
f 5856/5856/5856 5857/5857/5857 5855/5855/5855
f 5624/5624/5624 5625/5625/5625 5626/5626/5626
f 5541/5541/5541 5538/5538/5538 5542/5542/5542
f 5538/5538/5538 5571/5571/5571 5542/5542/5542
f 5538/5538/5538 5534/5534/5534 5571/5571/5571
f 5532/5532/5532 5534/5534/5534 5533/5533/5533
f 5534/5534/5534 5535/5535/5535 5533/5533/5533
f 5534/5534/5534 5538/5538/5538 5535/5535/5535
f 5545/5545/5545 5533/5533/5533 5535/5535/5535
f 6433/6433/6433 6444/6444/6444 6437/6437/6437
f 6433/6433/6433 6437/6437/6437 6434/6434/6434
f 6437/6437/6437 6436/6436/6436 6434/6434/6434
f 312/312/312 319/319/319 336/336/336
f 320/320/320 319/319/319 316/316/316
f 320/320/320 336/336/336 319/319/319
f 321/321/321 316/316/316 318/318/318
f 321/321/321 320/320/320 316/316/316
f 3464/3464/3464 3465/3465/3465 3466/3466/3466
f 3455/3455/3455 3433/3433/3433 3432/3432/3432
f 323/323/323 321/321/321 318/318/318
f 3441/3441/3441 3448/3448/3448 3440/3440/3440
f 3440/3440/3440 3448/3448/3448 3455/3455/3455
f 3444/3444/3444 3446/3446/3446 3441/3441/3441
f 3441/3441/3441 3446/3446/3446 3448/3448/3448
f 3444/3444/3444 3447/3447/3447 3446/3446/3446
f 1559/1559/1559 1563/1563/1563 1575/1575/1575
f 1575/1575/1575 1563/1563/1563 1576/1576/1576
f 5579/5579/5579 5577/5577/5577 5573/5573/5573
f 5579/5579/5579 5614/5614/5614 5577/5577/5577
f 5627/5627/5627 5626/5626/5626 5625/5625/5625
f 5628/5628/5628 5627/5627/5627 5625/5625/5625
f 5573/5573/5573 5554/5554/5554 5579/5579/5579
f 5542/5542/5542 5554/5554/5554 5541/5541/5541
f 5529/5529/5529 5532/5532/5532 5533/5533/5533
f 5529/5529/5529 5533/5533/5533 5545/5545/5545
f 5537/5537/5537 5529/5529/5529 5545/5545/5545
f 5528/5528/5528 5529/5529/5529 5537/5537/5537
f 3494/3494/3494 3493/3493/3493 3492/3492/3492
f 3493/3493/3493 3487/3487/3487 3492/3492/3492
f 3493/3493/3493 3516/3516/3516 3487/3487/3487
f 3491/3491/3491 3492/3492/3492 3487/3487/3487
f 6431/6431/6431 6432/6432/6432 6433/6433/6433
f 6432/6432/6432 6444/6444/6444 6433/6433/6433
f 6432/6432/6432 6445/6445/6445 6444/6444/6444
f 6431/6431/6431 6433/6433/6433 6434/6434/6434
f 70/70/70 71/71/71 72/72/72
f 3473/3473/3473 3467/3467/3467 3472/3472/3472
f 3439/3439/3439 3440/3440/3440 3437/3437/3437
f 3441/3441/3441 3440/3440/3440 3439/3439/3439
f 3441/3441/3441 3442/3442/3442 3444/3444/3444
f 3441/3441/3441 3439/3439/3439 3442/3442/3442
f 3447/3447/3447 3444/3444/3444 3445/3445/3445
f 3445/3445/3445 3444/3444/3444 3442/3442/3442
f 1911/1911/1911 1902/1902/1902 1910/1910/1910
f 2941/2941/2941 2939/2939/2939 2940/2940/2940
f 2940/2940/2940 2939/2939/2939 2938/2938/2938
f 2942/2942/2942 2939/2939/2939 2941/2941/2941
f 2943/2943/2943 2942/2942/2942 2941/2941/2941
f 2944/2944/2944 2942/2942/2942 2943/2943/2943
f 3495/3495/3495 3494/3494/3494 3492/3492/3492
f 3491/3491/3491 3523/3523/3523 3492/3492/3492
f 3523/3523/3523 3502/3502/3502 3492/3492/3492
f 3502/3502/3502 3495/3495/3495 3492/3492/3492
f 3502/3502/3502 3523/3523/3523 3504/3504/3504
f 3504/3504/3504 3503/3503/3503 3502/3502/3502
f 6432/6432/6432 6450/6450/6450 6445/6445/6445
f 6451/6451/6451 6450/6450/6450 6432/6432/6432
f 3438/3438/3438 3439/3439/3439 3437/3437/3437
f 3477/3477/3477 3476/3476/3476 3475/3475/3475
f 3478/3478/3478 3477/3477/3477 3475/3475/3475
f 3442/3442/3442 3439/3439/3439 3443/3443/3443
f 3915/3915/3915 3917/3917/3917 3913/3913/3913
f 3913/3913/3913 3917/3917/3917 3918/3918/3918
f 2936/2936/2936 2937/2937/2937 2938/2938/2938
f 1907/1907/1907 1902/1902/1902 1911/1911/1911
f 1907/1907/1907 1905/1905/1905 1902/1902/1902
f 2936/2936/2936 2938/2938/2938 2939/2939/2939
f 3263/3263/3263 3258/3258/3258 3257/3257/3257
f 3257/3257/3257 3258/3258/3258 3259/3259/3259
f 3505/3505/3505 3504/3504/3504 3523/3523/3523
f 1404/1404/1404 1403/1403/1403 1406/1406/1406
f 3507/3507/3507 3506/3506/3506 3505/3505/3505
f 3506/3506/3506 3503/3503/3503 3505/3505/3505
f 3503/3503/3503 3504/3504/3504 3505/3505/3505
f 1387/1387/1387 1388/1388/1388 1404/1404/1404
f 1404/1404/1404 1388/1388/1388 1403/1403/1403
f 1386/1386/1386 1388/1388/1388 1387/1387/1387
f 1385/1385/1385 1386/1386/1386 1387/1387/1387
f 1126/1126/1126 1128/1128/1128 1127/1127/1127
f 3920/3920/3920 3919/3919/3919 3918/3918/3918
f 3920/3920/3920 3918/3918/3918 3932/3932/3932
f 3913/3913/3913 3918/3918/3918 3912/3912/3912
f 3912/3912/3912 3918/3918/3918 3919/3919/3919
f 2686/2686/2686 2687/2687/2687 2685/2685/2685
f 2680/2680/2680 2681/2681/2681 2685/2685/2685
f 2685/2685/2685 2681/2681/2681 2686/2686/2686
f 2673/2673/2673 2676/2676/2676 2680/2680/2680
f 2676/2676/2676 2681/2681/2681 2680/2680/2680
f 2676/2676/2676 2682/2682/2682 2681/2681/2681
f 1906/1906/1906 1905/1905/1905 1907/1907/1907
f 2676/2676/2676 2683/2683/2683 2682/2682/2682
f 1405/1405/1405 1404/1404/1404 1406/1406/1406
f 1404/1404/1404 1405/1405/1405 1389/1389/1389
f 1404/1404/1404 1389/1389/1389 1387/1387/1387
f 1385/1385/1385 1387/1387/1387 1389/1389/1389
f 1477/1477/1477 1476/1476/1476 1478/1478/1478
f 1131/1131/1131 1124/1124/1124 1123/1123/1123
f 6008/6008/6008 6010/6010/6010 6009/6009/6009
f 3919/3919/3919 3920/3920/3920 3921/3921/3921
f 3922/3922/3922 3919/3919/3919 3921/3921/3921
f 3923/3923/3923 3919/3919/3919 3922/3922/3922
f 3912/3912/3912 3919/3919/3919 3934/3934/3934
f 3934/3934/3934 3919/3919/3919 3923/3923/3923
f 3085/3085/3085 2995/2995/2995 3002/3002/3002
f 3256/3256/3256 3255/3255/3255 3253/3253/3253
f 3255/3255/3255 3254/3254/3254 3253/3253/3253
f 2658/2658/2658 2659/2659/2659 2660/2660/2660
f 2693/2693/2693 2659/2659/2659 2662/2662/2662
f 2693/2693/2693 2660/2660/2660 2659/2659/2659
f 2698/2698/2698 2685/2685/2685 2687/2687/2687
f 2714/2714/2714 2715/2715/2715 2716/2716/2716
f 2662/2662/2662 2698/2698/2698 2693/2693/2693
f 2710/2710/2710 2711/2711/2711 2712/2712/2712
f 2710/2710/2710 2712/2712/2712 2713/2713/2713
f 2680/2680/2680 2674/2674/2674 2673/2673/2673
f 2589/2589/2589 2593/2593/2593 2592/2592/2592
f 2593/2593/2593 2589/2589/2589 2594/2594/2594
f 6011/6011/6011 6010/6010/6010 6008/6008/6008
f 3922/3922/3922 3926/3926/3926 3925/3925/3925
f 3924/3924/3924 3922/3922/3922 3925/3925/3925
f 3923/3923/3923 3922/3922/3922 3924/3924/3924
f 3934/3934/3934 3923/3923/3923 3929/3929/3929
f 3929/3929/3929 3923/3923/3923 3924/3924/3924
f 2997/2997/2997 3003/3003/3003 2998/2998/2998
f 2994/2994/2994 2997/2997/2997 2998/2998/2998
f 2994/2994/2994 2998/2998/2998 2995/2995/2995
f 2992/2992/2992 2994/2994/2994 2995/2995/2995
f 3085/3085/3085 2992/2992/2992 2995/2995/2995
f 73/73/73 74/74/74 75/75/75
f 6001/6001/6001 6004/6004/6004 6002/6002/6002
f 6006/6006/6006 6003/6003/6003 6002/6002/6002
f 6004/6004/6004 6006/6006/6006 6002/6002/6002
f 6007/6007/6007 6006/6006/6006 6004/6004/6004
f 3929/3929/3929 3924/3924/3924 3933/3933/3933
f 3933/3933/3933 3924/3924/3924 3938/3938/3938
f 2996/2996/2996 3084/3084/3084 2997/2997/2997
f 3084/3084/3084 3003/3003/3003 2997/2997/2997
f 4244/4244/4244 4245/4245/4245 4246/4246/4246
f 2996/2996/2996 2997/2997/2997 2994/2994/2994
f 2188/2188/2188 2189/2189/2189 2186/2186/2186
f 2189/2189/2189 2188/2188/2188 2191/2191/2191
f 2190/2190/2190 2189/2189/2189 2191/2191/2191
f 2193/2193/2193 2189/2189/2189 2190/2190/2190
f 3962/3962/3962 3963/3963/3963 3964/3964/3964
f 3964/3964/3964 3963/3963/3963 3965/3965/3965
f 4230/4230/4230 4231/4231/4231 4232/4232/4232
f 4231/4231/4231 4244/4244/4244 4232/4232/4232
f 4231/4231/4231 4245/4245/4245 4244/4244/4244
f 4240/4240/4240 4242/4242/4242 4230/4230/4230
f 4240/4240/4240 4230/4230/4230 4232/4232/4232
f 4250/4250/4250 4242/4242/4242 4240/4240/4240
f 228/228/228 226/226/226 227/227/227
f 229/229/229 228/228/228 227/227/227
f 230/230/230 228/228/228 229/229/229
f 227/227/227 226/226/226 215/215/215
f 4230/4230/4230 4233/4233/4233 4231/4231/4231
f 4233/4233/4233 4230/4230/4230 4241/4241/4241
f 4280/4280/4280 4281/4281/4281 4282/4282/4282
f 4280/4280/4280 4283/4283/4283 4281/4281/4281
f 4242/4242/4242 4250/4250/4250 4251/4251/4251
f 4283/4283/4283 4286/4286/4286 4281/4281/4281
f 237/237/237 238/238/238 235/235/235
f 238/238/238 231/231/231 235/235/235
f 231/231/231 230/230/230 235/235/235
f 231/231/231 228/228/228 230/230/230
f 4281/4281/4281 4284/4284/4284 4282/4282/4282
f 4286/4286/4286 4285/4285/4285 4281/4281/4281
f 4285/4285/4285 4284/4284/4284 4281/4281/4281
f 4148/4148/4148 4147/4147/4147 4016/4016/4016
f 4149/4149/4149 4147/4147/4147 4148/4148/4148
f 4262/4262/4262 4258/4258/4258 4259/4259/4259
f 5867/5867/5867 5870/5870/5870 5908/5908/5908
f 238/238/238 237/237/237 239/239/239
f 5870/5870/5870 5874/5874/5874 5908/5908/5908
f 5872/5872/5872 5874/5874/5874 5870/5870/5870
f 231/231/231 238/238/238 234/234/234
f 5874/5874/5874 5890/5890/5890 5935/5935/5935
f 5874/5874/5874 5872/5872/5872 5890/5890/5890
f 5890/5890/5890 5936/5936/5936 5935/5935/5935
f 6593/6593/6593 6502/6502/6502 6592/6592/6592
f 6592/6592/6592 6502/6502/6502 6570/6570/6570
f 6496/6496/6496 6492/6492/6492 6497/6497/6497
f 6570/6570/6570 6496/6496/6496 6497/6497/6497
f 6502/6502/6502 6496/6496/6496 6570/6570/6570
f 6495/6495/6495 6485/6485/6485 6492/6492/6492
f 6495/6495/6495 6492/6492/6492 6496/6496/6496
f 76/76/76 77/77/77 78/78/78
f 6608/6608/6608 6611/6611/6611 6606/6606/6606
f 79/79/79 77/77/77 76/76/76
f 6602/6602/6602 6605/6605/6605 6600/6600/6600
f 6604/6604/6604 6600/6600/6600 6605/6605/6605
f 80/80/80 81/81/81 82/82/82
f 83/83/83 82/82/82 81/81/81
f 5868/5868/5868 5871/5871/5871 5870/5870/5870
f 5867/5867/5867 5868/5868/5868 5870/5870/5870
f 5865/5865/5865 5868/5868/5868 5867/5867/5867
f 5870/5870/5870 5871/5871/5871 5872/5872/5872
f 5872/5872/5872 5871/5871/5871 5873/5873/5873
f 5872/5872/5872 5873/5873/5873 5890/5890/5890
f 5890/5890/5890 5873/5873/5873 5934/5934/5934
f 1716/1716/1716 1713/1713/1713 1712/1712/1712
f 6492/6492/6492 6493/6493/6493 6497/6497/6497
f 6493/6493/6493 6492/6492/6492 6491/6491/6491
f 6491/6491/6491 6492/6492/6492 6485/6485/6485
f 6491/6491/6491 6485/6485/6485 6484/6484/6484
f 6484/6484/6484 6485/6485/6485 6476/6476/6476
f 6474/6474/6474 6475/6475/6475 6476/6476/6476
f 6475/6475/6475 6484/6484/6484 6476/6476/6476
f 6475/6475/6475 6486/6486/6486 6484/6484/6484
f 6600/6600/6600 6601/6601/6601 6602/6602/6602
f 6487/6487/6487 6475/6475/6475 6489/6489/6489
f 6487/6487/6487 6486/6486/6486 6475/6475/6475
f 6604/6604/6604 6603/6603/6603 6600/6600/6600
f 6603/6603/6603 6601/6601/6601 6600/6600/6600
f 6517/6517/6517 6503/6503/6503 6487/6487/6487
f 6503/6503/6503 6511/6511/6511 6505/6505/6505
f 6517/6517/6517 6511/6511/6511 6503/6503/6503
f 6512/6512/6512 6505/6505/6505 6511/6511/6511
f 1505/1505/1505 1497/1497/1497 1498/1498/1498
f 6551/6551/6551 6554/6554/6554 6566/6566/6566
f 6554/6554/6554 6596/6596/6596 6566/6566/6566
f 2420/2420/2420 2421/2421/2421 2422/2422/2422
f 1754/1754/1754 1755/1755/1755 1756/1756/1756
f 2546/2546/2546 2547/2547/2547 2548/2548/2548
f 2546/2546/2546 2548/2548/2548 2549/2549/2549
f 5855/5855/5855 5858/5858/5858 5909/5909/5909
f 6132/6132/6132 6135/6135/6135 6133/6133/6133
f 6132/6132/6132 6133/6133/6133 6134/6134/6134
f 6034/6034/6034 5869/5869/5869 5866/5866/5866
f 5869/5869/5869 5865/5865/5865 5866/5866/5866
f 5869/5869/5869 5868/5868/5868 5865/5865/5865
f 1498/1498/1498 1506/1506/1506 1505/1505/1505
f 1505/1505/1505 1506/1506/1506 1511/1511/1511
f 2400/2400/2400 2374/2374/2374 2373/2373/2373
f 2383/2383/2383 2374/2374/2374 2400/2400/2400
f 2373/2373/2373 2372/2372/2372 2368/2368/2368
f 2374/2374/2374 2372/2372/2372 2373/2373/2373
f 2368/2368/2368 2366/2366/2366 2367/2367/2367
f 2372/2372/2372 2366/2366/2366 2368/2368/2368
f 2367/2367/2367 2365/2365/2365 2371/2371/2371
f 2366/2366/2366 2365/2365/2365 2367/2367/2367
f 2365/2365/2365 2364/2364/2364 2389/2389/2389
f 2399/2399/2399 2365/2365/2365 2389/2389/2389
f 2371/2371/2371 2365/2365/2365 2399/2399/2399
f 6554/6554/6554 6551/6551/6551 6553/6553/6553
f 2389/2389/2389 2418/2418/2418 2399/2399/2399
f 2405/2405/2405 2418/2418/2418 2389/2389/2389
f 2405/2405/2405 2402/2402/2402 2419/2419/2419
f 2418/2418/2418 2405/2405/2405 2419/2419/2419
f 6596/6596/6596 6554/6554/6554 6597/6597/6597
f 6567/6567/6567 6596/6596/6596 6597/6597/6597
f 6598/6598/6598 6567/6567/6567 6597/6597/6597
f 6599/6599/6599 6598/6598/6598 6597/6597/6597
f 1812/1812/1812 1809/1809/1809 1813/1813/1813
f 1814/1814/1814 1812/1812/1812 1813/1813/1813
f 2551/2551/2551 2549/2549/2549 2550/2550/2550
f 2548/2548/2548 2550/2550/2550 2549/2549/2549
f 1540/1540/1540 1535/1535/1535 1536/1536/1536
f 1534/1534/1534 1536/1536/1536 1535/1535/1535
f 1536/1536/1536 1534/1534/1534 1537/1537/1537
f 5859/5859/5859 5857/5857/5857 5876/5876/5876
f 5859/5859/5859 5876/5876/5876 5937/5937/5937
f 5858/5858/5858 5855/5855/5855 5857/5857/5857
f 5859/5859/5859 5858/5858/5858 5857/5857/5857
f 5885/5885/5885 5858/5858/5858 5859/5859/5859
f 6130/6130/6130 6126/6126/6126 6128/6128/6128
f 6126/6126/6126 6127/6127/6127 6128/6128/6128
f 6034/6034/6034 5858/5858/5858 5885/5885/5885
f 6126/6126/6126 6130/6130/6130 6131/6131/6131
f 2364/2364/2364 2393/2393/2393 2389/2389/2389
f 2389/2389/2389 2393/2393/2393 2405/2405/2405
f 2405/2405/2405 2393/2393/2393 2394/2394/2394
f 2405/2405/2405 2394/2394/2394 2402/2402/2402
f 2402/2402/2402 2394/2394/2394 2395/2395/2395
f 2402/2402/2402 2395/2395/2395 2408/2408/2408
f 2408/2408/2408 2395/2395/2395 2397/2397/2397
f 2408/2408/2408 2397/2397/2397 2409/2409/2409
f 2409/2409/2409 2397/2397/2397 2410/2410/2410
f 2409/2409/2409 2410/2410/2410 2411/2411/2411
f 2411/2411/2411 2410/2410/2410 2412/2412/2412
f 6127/6127/6127 6129/6129/6129 6128/6128/6128
f 5629/5629/5629 5625/5625/5625 5624/5624/5624
f 5534/5534/5534 5536/5536/5536 5571/5571/5571
f 5571/5571/5571 5536/5536/5536 5616/5616/5616
f 5532/5532/5532 5536/5536/5536 5534/5534/5534
f 6435/6435/6435 6434/6434/6434 6436/6436/6436
f 6435/6435/6435 6436/6436/6436 6439/6439/6439
f 6436/6436/6436 6440/6440/6440 6439/6439/6439
f 336/336/336 320/320/320 338/338/338
f 322/322/322 320/320/320 321/321/321
f 322/322/322 338/338/338 320/320/320
f 324/324/324 321/321/321 323/323/323
f 324/324/324 322/322/322 321/321/321
f 327/327/327 323/323/323 331/331/331
f 327/327/327 324/324/324 323/323/323
f 3456/3456/3456 3448/3448/3448 3446/3446/3446
f 329/329/329 327/327/327 331/331/331
f 3446/3446/3446 3447/3447/3447 3456/3456/3456
f 3456/3456/3456 3447/3447/3447 3452/3452/3452
f 1562/1562/1562 1563/1563/1563 1559/1559/1559
f 1562/1562/1562 1559/1559/1559 1557/1557/1557
f 1559/1559/1559 1555/1555/1555 1557/1557/1557
f 5614/5614/5614 5579/5579/5579 5615/5615/5615
f 5628/5628/5628 5625/5625/5625 5629/5629/5629
f 5630/5630/5630 5628/5628/5628 5629/5629/5629
f 5615/5615/5615 5579/5579/5579 5623/5623/5623
f 5623/5623/5623 5616/5616/5616 5536/5536/5536
f 5623/5623/5623 5536/5536/5536 5531/5531/5531
f 5531/5531/5531 5536/5536/5536 5532/5532/5532
f 5529/5529/5529 5531/5531/5531 5532/5532/5532
f 5530/5530/5530 5531/5531/5531 5529/5529/5529
f 5527/5527/5527 5529/5529/5529 5528/5528/5528
f 5527/5527/5527 5530/5530/5530 5529/5529/5529
f 3496/3496/3496 3501/3501/3501 3494/3494/3494
f 3501/3501/3501 3493/3493/3493 3494/3494/3494
f 5526/5526/5526 5527/5527/5527 5528/5528/5528
f 3496/3496/3496 3498/3498/3498 3501/3501/3501
f 1396/1396/1396 1398/1398/1398 1393/1393/1393
f 1392/1392/1392 1395/1395/1395 1393/1393/1393
f 1393/1393/1393 1395/1395/1395 1396/1396/1396
f 1391/1391/1391 1394/1394/1394 1392/1392/1392
f 1394/1394/1394 1395/1395/1395 1392/1392/1392
f 1394/1394/1394 1397/1397/1397 1395/1395/1395
f 6431/6431/6431 6434/6434/6434 6435/6435/6435
f 6438/6438/6438 6431/6431/6431 6435/6435/6435
f 1397/1397/1397 1394/1394/1394 1402/1402/1402
f 2175/2175/2175 2178/2178/2178 2177/2177/2177
f 3445/3445/3445 3452/3452/3452 3447/3447/3447
f 3915/3915/3915 3914/3914/3914 3916/3916/3916
f 1565/1565/1565 1564/1564/1564 1562/1562/1562
f 1564/1564/1564 1563/1563/1563 1562/1562/1562
f 2945/2945/2945 2942/2942/2942 2944/2944/2944
f 1565/1565/1565 1562/1562/1562 1557/1557/1557
f 3495/3495/3495 3496/3496/3496 3494/3494/3494
f 3497/3497/3497 3498/3498/3498 3496/3496/3496
f 3495/3495/3495 3497/3497/3497 3496/3496/3496
f 3502/3502/3502 3497/3497/3497 3495/3495/3495
f 1399/1399/1399 1393/1393/1393 1400/1400/1400
f 1393/1393/1393 1401/1401/1401 1400/1400/1400
f 3497/3497/3497 3502/3502/3502 3503/3503/3503
f 2185/2185/2185 2183/2183/2183 2184/2184/2184
f 1393/1393/1393 1390/1390/1390 1392/1392/1392
f 1393/1393/1393 1399/1399/1399 1390/1390/1390
f 1390/1390/1390 1386/1386/1386 1391/1391/1391
f 1390/1390/1390 1391/1391/1391 1392/1392/1392
f 3913/3913/3913 3914/3914/3914 3915/3915/3915
f 3913/3913/3913 3911/3911/3911 3914/3914/3914
f 2934/2934/2934 2932/2932/2932 2936/2936/2936
f 2936/2936/2936 2932/2932/2932 2937/2937/2937
f 3261/3261/3261 3263/3263/3263 3257/3257/3257
f 2935/2935/2935 2934/2934/2934 2936/2936/2936
f 3257/3257/3257 3259/3259/3259 3260/3260/3260
f 3257/3257/3257 3260/3260/3260 3261/3261/3261
f 1403/1403/1403 1399/1399/1399 1400/1400/1400
f 1399/1399/1399 1403/1403/1403 1388/1388/1388
f 1399/1399/1399 1388/1388/1388 1390/1390/1390
f 1390/1390/1390 1388/1388/1388 1386/1386/1386
f 3912/3912/3912 3911/3911/3911 3913/3913/3913
f 3912/3912/3912 3892/3892/3892 3911/3911/3911
f 3247/3247/3247 3248/3248/3248 3246/3246/3246
f 3247/3247/3247 3246/3246/3246 3245/3245/3245
f 3246/3246/3246 3244/3244/3244 3245/3245/3245
f 2686/2686/2686 2681/2681/2681 2688/2688/2688
f 2684/2684/2684 2681/2681/2681 2682/2682/2682
f 2684/2684/2684 2688/2688/2688 2681/2681/2681
f 2682/2682/2682 2683/2683/2683 2689/2689/2689
f 2682/2682/2682 2689/2689/2689 2684/2684/2684
f 3934/3934/3934 3888/3888/3888 3871/3871/3871
f 3892/3892/3892 3934/3934/3934 3871/3871/3871
f 3912/3912/3912 3934/3934/3934 3892/3892/3892
f 3888/3888/3888 3868/3868/3868 3871/3871/3871
f 3252/3252/3252 3253/3253/3253 3254/3254/3254
f 2991/2991/2991 2985/2985/2985 2984/2984/2984
f 2985/2985/2985 2983/2983/2983 2984/2984/2984
f 2660/2660/2660 2693/2693/2693 2697/2697/2697
f 2714/2714/2714 2716/2716/2716 2717/2717/2717
f 2718/2718/2718 2714/2714/2714 2717/2717/2717
f 2719/2719/2719 2714/2714/2714 2718/2718/2718
f 3249/3249/3249 3247/3247/3247 3245/3245/3245
f 3956/3956/3956 3959/3959/3959 3957/3957/3957
f 3956/3956/3956 3957/3957/3957 3958/3958/3958
f 3868/3868/3868 3888/3888/3888 3866/3866/3866
f 3960/3960/3960 3957/3957/3957 3959/3959/3959
f 2993/2993/2993 2994/2994/2994 2992/2992/2992
f 2989/2989/2989 2993/2993/2993 2992/2992/2992
f 2989/2989/2989 2992/2992/2992 2990/2990/2990
f 2987/2987/2987 2989/2989/2989 2990/2990/2990
f 2991/2991/2991 2987/2987/2987 2990/2990/2990
f 2987/2987/2987 2991/2991/2991 2984/2984/2984
f 3967/3967/3967 3970/3970/3970 3969/3969/3969
f 3968/3968/3968 3967/3967/3967 3969/3969/3969
f 3966/3966/3966 3967/3967/3967 3968/3968/3968
f 3959/3959/3959 3961/3961/3961 3960/3960/3960
f 3083/3083/3083 3084/3084/3084 2996/2996/2996
f 2994/2994/2994 2993/2993/2993 2996/2996/2996
f 2993/2993/2993 3083/3083/3083 2996/2996/2996
f 4273/4273/4273 4270/4270/4270 4249/4249/4249
f 4273/4273/4273 4272/4272/4272 4257/4257/4257
f 4287/4287/4287 4288/4288/4288 4289/4289/4289
f 3897/3897/3897 3896/3896/3896 3895/3895/3895
f 3898/3898/3898 3897/3897/3897 3895/3895/3895
f 3933/3933/3933 3897/3897/3897 3898/3898/3898
f 3896/3896/3896 3894/3894/3894 3895/3895/3895
f 4249/4249/4249 4232/4232/4232 4244/4244/4244
f 4232/4232/4232 4249/4249/4249 4240/4240/4240
f 4240/4240/4240 4249/4249/4249 4270/4270/4270
f 4250/4250/4250 4240/4240/4240 4270/4270/4270
f 4257/4257/4257 4250/4250/4250 4270/4270/4270
f 4252/4252/4252 4250/4250/4250 4257/4257/4257
f 228/228/228 232/232/232 226/226/226
f 232/232/232 220/220/220 226/226/226
f 226/226/226 220/220/220 215/215/215
f 220/220/220 204/204/204 215/215/215
f 204/204/204 214/214/214 215/215/215
f 214/214/214 204/204/204 205/205/205
f 4256/4256/4256 4251/4251/4251 4253/4253/4253
f 4251/4251/4251 4252/4252/4252 4253/4253/4253
f 4251/4251/4251 4250/4250/4250 4252/4252/4252
f 3770/3770/3770 3775/3775/3775 3771/3771/3771
f 3770/3770/3770 3771/3771/3771 3772/3772/3772
f 3778/3778/3778 3775/3775/3775 3770/3770/3770
f 231/231/231 233/233/233 232/232/232
f 231/231/231 232/232/232 228/228/228
f 220/220/220 232/232/232 219/219/219
f 219/219/219 232/232/232 233/233/233
f 4256/4256/4256 4258/4258/4258 4251/4251/4251
f 4258/4258/4258 4256/4256/4256 4259/4259/4259
f 4256/4256/4256 4260/4260/4260 4259/4259/4259
f 3771/3771/3771 3775/3775/3775 3776/3776/3776
f 3817/3817/3817 3818/3818/3818 3819/3819/3819
f 84/84/84 85/85/85 86/86/86
f 3776/3776/3776 3775/3775/3775 3777/3777/3777
f 87/87/87 84/84/84 86/86/86
f 234/234/234 233/233/233 231/231/231
f 6113/6113/6113 6114/6114/6114 6115/6115/6115
f 6114/6114/6114 6116/6116/6116 6115/6115/6115
f 1712/1712/1712 1710/1710/1710 1711/1711/1711
f 4260/4260/4260 4261/4261/4261 4259/4259/4259
f 6502/6502/6502 6501/6501/6501 6496/6496/6496
f 6496/6496/6496 6501/6501/6501 6500/6500/6500
f 87/87/87 88/88/88 84/84/84
f 6498/6498/6498 6496/6496/6496 6500/6500/6500
f 6498/6498/6498 6495/6495/6495 6496/6496/6496
f 6606/6606/6606 6607/6607/6607 6608/6608/6608
f 6498/6498/6498 6499/6499/6499 6495/6495/6495
f 6478/6478/6478 6477/6477/6477 6474/6474/6474
f 6608/6608/6608 6609/6609/6609 6610/6610/6610
f 6607/6607/6607 6609/6609/6609 6608/6608/6608
f 6479/6479/6479 6489/6489/6489 6477/6477/6477
f 6478/6478/6478 6479/6479/6479 6477/6477/6477
f 6480/6480/6480 6479/6479/6479 6478/6478/6478
f 6481/6481/6481 6483/6483/6483 6482/6482/6482
f 6479/6479/6479 6481/6481/6481 6482/6482/6482
f 6480/6480/6480 6481/6481/6481 6479/6479/6479
f 2332/2332/2332 2333/2333/2333 2334/2334/2334
f 80/80/80 89/89/89 81/81/81
f 89/89/89 83/83/83 81/81/81
f 5868/5868/5868 5875/5875/5875 5871/5871/5871
f 5871/5871/5871 5875/5875/5875 5893/5893/5893
f 5894/5894/5894 5871/5871/5871 5893/5893/5893
f 1717/1717/1717 1719/1719/1719 1718/1718/1718
f 1717/1717/1717 1714/1714/1714 1713/1713/1713
f 1718/1718/1718 1714/1714/1714 1717/1717/1717
f 1712/1712/1712 1713/1713/1713 1710/1710/1710
f 1710/1710/1710 1713/1713/1713 1714/1714/1714
f 6477/6477/6477 6475/6475/6475 6474/6474/6474
f 6475/6475/6475 6477/6477/6477 6489/6489/6489
f 1494/1494/1494 1495/1495/1495 1502/1502/1502
f 1489/1489/1489 1493/1493/1493 1494/1494/1494
f 1493/1493/1493 1495/1495/1495 1494/1494/1494
f 1493/1493/1493 1497/1497/1497 1495/1495/1495
f 1498/1498/1498 1497/1497/1497 1493/1493/1493
f 1498/1498/1498 1493/1493/1493 1508/1508/1508
f 1809/1809/1809 1810/1810/1810 1811/1811/1811
f 1809/1809/1809 1811/1811/1811 1815/1815/1815
f 1533/1533/1533 1535/1535/1535 1538/1538/1538
f 1533/1533/1533 1538/1538/1538 1539/1539/1539
f 6036/6036/6036 5907/5907/5907 5875/5875/5875
f 5868/5868/5868 6036/6036/6036 5875/5875/5875
f 5869/5869/5869 6036/6036/6036 5868/5868/5868
f 5875/5875/5875 5907/5907/5907 5893/5893/5893
f 1508/1508/1508 1507/1507/1507 1498/1498/1498
f 1498/1498/1498 1507/1507/1507 1506/1506/1506
f 2383/2383/2383 2381/2381/2381 2374/2374/2374
f 2390/2390/2390 2381/2381/2381 2383/2383/2383
f 2374/2374/2374 2375/2375/2375 2372/2372/2372
f 2381/2381/2381 2375/2375/2375 2374/2374/2374
f 2372/2372/2372 2376/2376/2376 2366/2366/2366
f 2375/2375/2375 2376/2376/2376 2372/2372/2372
f 2366/2366/2366 2363/2363/2363 2365/2365/2365
f 2376/2376/2376 2363/2363/2363 2366/2366/2366
f 2364/2364/2364 2365/2365/2365 2363/2363/2363
f 2364/2364/2364 2363/2363/2363 2362/2362/2362
f 1810/1810/1810 1809/1809/1809 1812/1812/1812
f 2349/2349/2349 2396/2396/2396 2386/2386/2386
f 1533/1533/1533 1534/1534/1534 1535/1535/1535
f 1874/1874/1874 1879/1879/1879 1880/1880/1880
f 1879/1879/1879 1874/1874/1874 1878/1878/1878
f 1873/1873/1873 1872/1872/1872 1874/1874/1874
f 1873/1873/1873 1874/1874/1874 1880/1880/1880
f 1871/1871/1871 1872/1872/1872 1873/1873/1873
f 6058/6058/6058 6057/6057/6057 6056/6056/6056
f 6058/6058/6058 6056/6056/6056 6061/6061/6061
f 5869/5869/5869 6056/6056/6056 6036/6036/6036
f 6036/6036/6036 6056/6056/6056 6057/6057/6057
f 2362/2362/2362 2392/2392/2392 2364/2364/2364
f 2364/2364/2364 2392/2392/2392 2393/2393/2393
f 2393/2393/2393 2384/2384/2384 2394/2394/2394
f 2392/2392/2392 2384/2384/2384 2393/2393/2393
f 2396/2396/2396 2395/2395/2395 2386/2386/2386
f 2395/2395/2395 2384/2384/2384 2386/2386/2386
f 2395/2395/2395 2394/2394/2394 2384/2384/2384
f 2395/2395/2395 2396/2396/2396 2397/2397/2397
f 1877/1877/1877 1878/1878/1878 1874/1874/1874
f 1877/1877/1877 1874/1874/1874 1876/1876/1876
f 1876/1876/1876 1874/1874/1874 1872/1872/1872
f 1871/1871/1871 1875/1875/1875 1872/1872/1872
f 1875/1875/1875 1876/1876/1876 1872/1872/1872
f 1875/1875/1875 1884/1884/1884 1876/1876/1876
f 6061/6061/6061 6062/6062/6062 6058/6058/6058
f 1891/1891/1891 1884/1884/1884 1875/1875/1875
f 6442/6442/6442 6441/6441/6441 6440/6440/6440
f 6440/6440/6440 6441/6441/6441 6439/6439/6439
f 334/334/334 338/338/338 322/322/322
f 334/334/334 337/337/337 338/338/338
f 325/325/325 322/322/322 324/324/324
f 325/325/325 334/334/334 322/322/322
f 326/326/326 324/324/324 327/327/327
f 326/326/326 325/325/325 324/324/324
f 328/328/328 327/327/327 329/329/329
f 328/328/328 326/326/326 327/327/327
f 329/329/329 343/343/343 328/328/328
f 328/328/328 343/343/343 341/341/341
f 1556/1556/1556 1557/1557/1557 1555/1555/1555
f 1556/1556/1556 1555/1555/1555 1554/1554/1554
f 1555/1555/1555 1552/1552/1552 1554/1554/1554
f 5631/5631/5631 5632/5632/5632 5633/5633/5633
f 5558/5558/5558 5623/5623/5623 5531/5531/5531
f 5558/5558/5558 5560/5560/5560 5623/5623/5623
f 5539/5539/5539 5531/5531/5531 5530/5530/5530
f 5539/5539/5539 5558/5558/5558 5531/5531/5531
f 1086/1086/1086 1084/1084/1084 1091/1091/1091
f 1084/1084/1084 1092/1092/1092 1091/1091/1091
f 5539/5539/5539 5530/5530/5530 5527/5527/5527
f 1091/1091/1091 1092/1092/1092 1094/1094/1094
f 5634/5634/5634 5635/5635/5635 5636/5636/5636
f 5527/5527/5527 5526/5526/5526 5523/5523/5523
f 3499/3499/3499 3500/3500/3500 3498/3498/3498
f 3500/3500/3500 3501/3501/3501 3498/3498/3498
f 5525/5525/5525 5523/5523/5523 5526/5526/5526
f 2183/2183/2183 2180/2180/2180 2182/2182/2182
f 2180/2180/2180 2181/2181/2181 2182/2182/2182
f 2180/2180/2180 2165/2165/2165 2181/2181/2181
f 2164/2164/2164 2180/2180/2180 2179/2179/2179
f 2164/2164/2164 2165/2165/2165 2180/2180/2180
f 2170/2170/2170 2179/2179/2179 2174/2174/2174
f 2170/2170/2170 2164/2164/2164 2179/2179/2179
f 2172/2172/2172 2174/2174/2174 2175/2175/2175
f 2172/2172/2172 2170/2170/2170 2174/2174/2174
f 2175/2175/2175 2177/2177/2177 2176/2176/2176
f 2175/2175/2175 2176/2176/2176 2172/2172/2172
f 3914/3914/3914 3937/3937/3937 3916/3916/3916
f 3975/3975/3975 3974/3974/3974 3976/3976/3976
f 1566/1566/1566 1564/1564/1564 1565/1565/1565
f 1567/1567/1567 1566/1566/1566 1565/1565/1565
f 1567/1567/1567 1565/1565/1565 1557/1557/1557
f 1568/1568/1568 1567/1567/1567 1557/1557/1557
f 1556/1556/1556 1568/1568/1568 1557/1557/1557
f 1568/1568/1568 1556/1556/1556 1554/1554/1554
f 90/90/90 91/91/91 92/92/92
f 90/90/90 92/92/92 93/93/93
f 3497/3497/3497 3499/3499/3499 3498/3498/3498
f 2182/2182/2182 2184/2184/2184 2183/2183/2183
f 3971/3971/3971 3972/3972/3972 3973/3973/3973
f 3974/3974/3974 3971/3971/3971 3973/3973/3973
f 3975/3975/3975 3971/3971/3971 3974/3974/3974
f 3872/3872/3872 3873/3873/3873 3874/3874/3874
f 2928/2928/2928 2932/2932/2932 2934/2934/2934
f 2935/2935/2935 2926/2926/2926 2934/2934/2934
f 2934/2934/2934 2926/2926/2926 2928/2928/2928
f 3114/3114/3114 2926/2926/2926 2935/2935/2935
f 3262/3262/3262 3261/3261/3261 3260/3260/3260
f 1571/1571/1571 1572/1572/1572 1564/1564/1564
f 1566/1566/1566 1571/1571/1571 1564/1564/1564
f 94/94/94 95/95/95 96/96/96
f 3892/3892/3892 3870/3870/3870 3872/3872/3872
f 3892/3892/3892 3872/3872/3872 3911/3911/3911
f 3873/3873/3873 3872/3872/3872 3869/3869/3869
f 3869/3869/3869 3872/3872/3872 3870/3870/3870
f 3243/3243/3243 3245/3245/3245 3244/3244/3244
f 2930/2930/2930 2929/2929/2929 2931/2931/2931
f 3244/3244/3244 3242/3242/3242 3243/3243/3243
f 2932/2932/2932 2928/2928/2928 2930/2930/2930
f 2928/2928/2928 2929/2929/2929 2930/2930/2930
f 2928/2928/2928 2927/2927/2927 2929/2929/2929
f 2926/2926/2926 2798/2798/2798 2768/2768/2768
f 2927/2927/2927 2926/2926/2926 2768/2768/2768
f 2928/2928/2928 2926/2926/2926 2927/2927/2927
f 2798/2798/2798 2926/2926/2926 3114/3114/3114
f 3871/3871/3871 3870/3870/3870 3892/3892/3892
f 3871/3871/3871 3868/3868/3868 3870/3870/3870
f 3868/3868/3868 3869/3869/3869 3870/3870/3870
f 3868/3868/3868 3867/3867/3867 3869/3869/3869
f 2982/2982/2982 2984/2984/2984 2983/2983/2983
f 2982/2982/2982 2983/2983/2983 2981/2981/2981
f 2983/2983/2983 2986/2986/2986 2981/2981/2981
f 2719/2719/2719 2718/2718/2718 2720/2720/2720
f 3249/3249/3249 3245/3245/3245 3243/3243/3243
f 3239/3239/3239 3249/3249/3249 3243/3243/3243
f 2720/2720/2720 2718/2718/2718 2721/2721/2721
f 3239/3239/3239 3243/3243/3243 3242/3242/3242
f 3239/3239/3239 3242/3242/3242 3237/3237/3237
f 3088/3088/3088 2929/2929/2929 2927/2927/2927
f 3088/3088/3088 2927/2927/2927 2933/2933/2933
f 2933/2933/2933 2927/2927/2927 2768/2768/2768
f 3866/3866/3866 3867/3867/3867 3868/3868/3868
f 3866/3866/3866 3865/3865/3865 3867/3867/3867
f 2988/2988/2988 2989/2989/2989 2987/2987/2987
f 2984/2984/2984 2982/2982/2982 2987/2987/2987
f 2982/2982/2982 2988/2988/2988 2987/2987/2987
f 1070/1070/1070 1061/1061/1061 1066/1066/1066
f 2982/2982/2982 2981/2981/2981 2980/2980/2980
f 1070/1070/1070 1065/1065/1065 1061/1061/1061
f 3898/3898/3898 3893/3893/3893 3887/3887/3887
f 3893/3893/3893 3864/3864/3864 3887/3887/3887
f 3864/3864/3864 3866/3866/3866 3887/3887/3887
f 3864/3864/3864 3865/3865/3865 3866/3866/3866
f 4255/4255/4255 4257/4257/4257 4271/4271/4271
f 4271/4271/4271 4257/4257/4257 4272/4272/4272
f 1063/1063/1063 1066/1066/1066 1061/1061/1061
f 1067/1067/1067 1066/1066/1066 1063/1063/1063
f 1061/1061/1061 1065/1065/1065 1062/1062/1062
f 1061/1061/1061 1062/1062/1062 1063/1063/1063
f 3895/3895/3895 3893/3893/3893 3898/3898/3898
f 3895/3895/3895 3894/3894/3894 3893/3893/3893
f 3894/3894/3894 3864/3864/3864 3893/3893/3893
f 3894/3894/3894 3910/3910/3910 3864/3864/3864
f 4254/4254/4254 4252/4252/4252 4255/4255/4255
f 4255/4255/4255 4252/4252/4252 4257/4257/4257
f 1068/1068/1068 1067/1067/1067 1063/1063/1063
f 1069/1069/1069 1067/1067/1067 1068/1068/1068
f 1063/1063/1063 1062/1062/1062 1064/1064/1064
f 2119/2119/2119 2120/2120/2120 2121/2121/2121
f 218/218/218 202/202/202 204/204/204
f 218/218/218 204/204/204 220/220/220
f 205/205/205 204/204/204 203/203/203
f 203/203/203 204/204/204 202/202/202
f 4254/4254/4254 4253/4253/4253 4252/4252/4252
f 3772/3772/3772 3773/3773/3773 3770/3770/3770
f 3770/3770/3770 3773/3773/3773 3774/3774/3774
f 3779/3779/3779 3781/3781/3781 3778/3778/3778
f 3779/3779/3779 3778/3778/3778 3770/3770/3770
f 3780/3780/3780 3779/3779/3779 3770/3770/3770
f 2121/2121/2121 2120/2120/2120 2122/2122/2122
f 3782/3782/3782 3781/3781/3781 3779/3779/3779
f 219/219/219 218/218/218 220/220/220
f 219/219/219 217/217/217 218/218/218
f 3820/3820/3820 3819/3819/3819 3818/3818/3818
f 3822/3822/3822 3824/3824/3824 3823/3823/3823
f 3822/3822/3822 3823/3823/3823 3819/3819/3819
f 3821/3821/3821 3822/3822/3822 3819/3819/3819
f 3820/3820/3820 3821/3821/3821 3819/3819/3819
f 3786/3786/3786 3789/3789/3789 3809/3809/3809
f 3786/3786/3786 3809/3809/3809 3785/3785/3785
f 3788/3788/3788 3790/3790/3790 3789/3789/3789
f 3788/3788/3788 3789/3789/3789 3786/3786/3786
f 3808/3808/3808 3793/3793/3793 3790/3790/3790
f 3808/3808/3808 3790/3790/3790 3788/3788/3788
f 3816/3816/3816 3795/3795/3795 3793/3793/3793
f 3816/3816/3816 3793/3793/3793 3808/3808/3808
f 3826/3826/3826 3827/3827/3827 3828/3828/3828
f 1715/1715/1715 1707/1707/1707 1709/1709/1709
f 1707/1707/1707 1708/1708/1708 1709/1709/1709
f 1708/1708/1708 1710/1710/1710 1709/1709/1709
f 1708/1708/1708 1711/1711/1711 1710/1710/1710
f 3824/3824/3824 3825/3825/3825 3823/3823/3823
f 3815/3815/3815 3809/3809/3809 3807/3807/3807
f 3807/3807/3807 3809/3809/3809 3789/3789/3789
f 3807/3807/3807 3789/3789/3789 3791/3791/3791
f 3791/3791/3791 3789/3789/3789 3790/3790/3790
f 3791/3791/3791 3790/3790/3790 3792/3792/3792
f 3792/3792/3792 3790/3790/3790 3793/3793/3793
f 3792/3792/3792 3793/3793/3793 3794/3794/3794
f 3794/3794/3794 3793/3793/3793 3795/3795/3795
f 2332/2332/2332 2334/2334/2334 2335/2335/2335
f 3826/3826/3826 3829/3829/3829 3827/3827/3827
f 1486/1486/1486 1489/1489/1489 1487/1487/1487
f 5893/5893/5893 5895/5895/5895 5894/5894/5894
f 1761/1761/1761 1760/1760/1760 1764/1764/1764
f 5895/5895/5895 5897/5897/5897 5894/5894/5894
f 5897/5897/5897 5895/5895/5895 5898/5898/5898
f 1760/1760/1760 1761/1761/1761 1762/1762/1762
f 1761/1761/1761 1763/1763/1763 1762/1762/1762
f 5897/5897/5897 5898/5898/5898 5904/5904/5904
f 5897/5897/5897 5904/5904/5904 5905/5905/5905
f 1486/1486/1486 1492/1492/1492 1489/1489/1489
f 1489/1489/1489 1492/1492/1492 1493/1493/1493
f 1508/1508/1508 1493/1493/1493 1492/1492/1492
f 1508/1508/1508 1492/1492/1492 1510/1510/1510
f 4952/4952/4952 4953/4953/4953 4954/4954/4954
f 5270/5270/5270 5269/5269/5269 5271/5271/5271
f 6150/6150/6150 6151/6151/6151 6152/6152/6152
f 5895/5895/5895 5893/5893/5893 5907/5907/5907
f 5900/5900/5900 5895/5895/5895 5907/5907/5907
f 5899/5899/5899 5895/5895/5895 5900/5900/5900
f 6033/6033/6033 5898/5898/5898 5903/5903/5903
f 5898/5898/5898 5899/5899/5899 5903/5903/5903
f 5898/5898/5898 5895/5895/5895 5899/5899/5899
f 5898/5898/5898 6033/6033/6033 5904/5904/5904
f 1510/1510/1510 1509/1509/1509 1508/1508/1508
f 1508/1508/1508 1509/1509/1509 1507/1507/1507
f 2390/2390/2390 2382/2382/2382 2381/2381/2381
f 2391/2391/2391 2382/2382/2382 2390/2390/2390
f 4951/4951/4951 4950/4950/4950 4949/4949/4949
f 4950/4950/4950 4915/4915/4915 4949/4949/4949
f 2375/2375/2375 2381/2381/2381 2382/2382/2382
f 5270/5270/5270 5266/5266/5266 5269/5269/5269
f 5266/5266/5266 5268/5268/5268 5269/5269/5269
f 5266/5266/5266 5267/5267/5267 5268/5268/5268
f 2376/2376/2376 2387/2387/2387 2363/2363/2363
f 5266/5266/5266 5264/5264/5264 5267/5267/5267
f 2359/2359/2359 2358/2358/2358 2362/2362/2362
f 2363/2363/2363 2359/2359/2359 2362/2362/2362
f 2387/2387/2387 2359/2359/2359 2363/2363/2363
f 2346/2346/2346 2357/2357/2357 2358/2358/2358
f 2346/2346/2346 2358/2358/2358 2359/2359/2359
f 2385/2385/2385 2349/2349/2349 2386/2386/2386
f 2344/2344/2344 2357/2357/2357 2346/2346/2346
f 2349/2349/2349 2385/2385/2385 2336/2336/2336
f 2339/2339/2339 2349/2349/2349 2336/2336/2336
f 2353/2353/2353 2349/2349/2349 2339/2339/2339
f 2353/2353/2353 2350/2350/2350 2352/2352/2352
f 2339/2339/2339 2350/2350/2350 2353/2353/2353
f 2351/2351/2351 2360/2360/2360 2361/2361/2361
f 2352/2352/2352 2351/2351/2351 2361/2361/2361
f 2350/2350/2350 2351/2351/2351 2352/2352/2352
f 6059/6059/6059 6057/6057/6057 6058/6058/6058
f 2356/2356/2356 2360/2360/2360 2351/2351/2351
f 6158/6158/6158 6153/6153/6153 6157/6157/6157
f 6157/6157/6157 6153/6153/6153 6155/6155/6155
f 6153/6153/6153 6154/6154/6154 6155/6155/6155
f 5901/5901/5901 5900/5900/5900 6036/6036/6036
f 5900/5900/5900 5901/5901/5901 5899/5899/5899
f 5899/5899/5899 5901/5901/5901 5902/5902/5902
f 5899/5899/5899 5902/5902/5902 5903/5903/5903
f 2358/2358/2358 2392/2392/2392 2362/2362/2362
f 2392/2392/2392 2358/2358/2358 2384/2384/2384
f 2384/2384/2384 2358/2358/2358 2357/2357/2357
f 2357/2357/2357 2344/2344/2344 2384/2384/2384
f 2344/2344/2344 2337/2337/2337 2384/2384/2384
f 2385/2385/2385 2386/2386/2386 2384/2384/2384
f 2385/2385/2385 2384/2384/2384 2337/2337/2337
f 2385/2385/2385 2337/2337/2337 2336/2336/2336
f 1881/1881/1881 1875/1875/1875 1871/1871/1871
f 1881/1881/1881 1882/1882/1882 1875/1875/1875
f 1882/1882/1882 1883/1883/1883 1875/1875/1875
f 6059/6059/6059 6058/6058/6058 6060/6060/6060
f 6059/6059/6059 6060/6060/6060 6063/6063/6063
f 6158/6158/6158 6160/6160/6160 6153/6153/6153
f 353/353/353 393/393/393 392/392/392
f 390/390/390 351/351/351 392/392/392
f 392/392/392 351/351/351 353/353/353
f 391/391/391 340/340/340 390/390/390
f 390/390/390 340/340/340 351/351/351
f 6441/6441/6441 6442/6442/6442 6443/6443/6443
f 337/337/337 340/340/340 391/391/391
f 337/337/337 339/339/339 340/340/340
f 335/335/335 337/337/337 334/334/334
f 335/335/335 339/339/339 337/337/337
f 333/333/333 334/334/334 325/325/325
f 333/333/333 335/335/335 334/334/334
f 332/332/332 325/325/325 326/326/326
f 332/332/332 333/333/333 325/325/325
f 330/330/330 326/326/326 328/328/328
f 330/330/330 332/332/332 326/326/326
f 328/328/328 341/341/341 330/330/330
f 330/330/330 341/341/341 342/342/342
f 1551/1551/1551 1553/1553/1553 1552/1552/1552
f 1552/1552/1552 1553/1553/1553 1554/1554/1554
f 5559/5559/5559 5560/5560/5560 5558/5558/5558
f 1550/1550/1550 1551/1551/1551 1552/1552/1552
f 1079/1079/1079 1083/1083/1083 1080/1080/1080
f 1083/1083/1083 1084/1084/1084 1080/1080/1080
f 5559/5559/5559 5558/5558/5558 5539/5539/5539
f 1086/1086/1086 1080/1080/1080 1084/1084/1084
f 5522/5522/5522 5520/5520/5520 5523/5523/5523
f 5635/5635/5635 5637/5637/5637 5636/5636/5636
f 5524/5524/5524 5523/5523/5523 5525/5525/5525
f 5524/5524/5524 5522/5522/5522 5523/5523/5523
f 2150/2150/2150 2181/2181/2181 2165/2165/2165
f 2150/2150/2150 2161/2161/2161 2181/2181/2181
f 2164/2164/2164 2169/2169/2169 2151/2151/2151
f 2150/2150/2150 2164/2164/2164 2151/2151/2151
f 2165/2165/2165 2164/2164/2164 2150/2150/2150
f 2169/2169/2169 2164/2164/2164 2170/2170/2170
f 2169/2169/2169 2170/2170/2170 2171/2171/2171
f 2171/2171/2171 2170/2170/2170 2172/2172/2172
f 2171/2171/2171 2172/2172/2172 2173/2173/2173
f 2173/2173/2173 2172/2172/2172 2176/2176/2176
f 3876/3876/3876 3885/3885/3885 3937/3937/3937
f 3876/3876/3876 3878/3878/3878 3885/3885/3885
f 1569/1569/1569 1567/1567/1567 1568/1568/1568
f 1741/1741/1741 1742/1742/1742 1743/1743/1743
f 1569/1569/1569 1554/1554/1554 1570/1570/1570
f 3288/3288/3288 3290/3290/3290 3291/3291/3291
f 1568/1568/1568 1554/1554/1554 1569/1569/1569
f 3292/3292/3292 3288/3288/3288 3291/3291/3291
f 1078/1078/1078 1079/1079/1079 1080/1080/1080
f 1078/1078/1078 1080/1080/1080 1086/1086/1086
f 1093/1093/1093 1078/1078/1078 1086/1086/1086
f 1096/1096/1096 1078/1078/1078 1093/1093/1093
f 5638/5638/5638 5636/5636/5636 5637/5637/5637
f 5521/5521/5521 5520/5520/5520 5518/5518/5518
f 3876/3876/3876 3874/3874/3874 3875/3875/3875
f 3877/3877/3877 3876/3876/3876 3875/3875/3875
f 3878/3878/3878 3876/3876/3876 3877/3877/3877
f 3873/3873/3873 3875/3875/3875 3874/3874/3874
f 1574/1574/1574 1573/1573/1573 1571/1571/1571
f 1571/1571/1571 1573/1573/1573 1572/1572/1572
f 3090/3090/3090 3092/3092/3092 3091/3091/3091
f 2792/2792/2792 3090/3090/3090 3091/3091/3091
f 3089/3089/3089 3090/3090/3090 2792/2792/2792
f 3287/3287/3287 3290/3290/3290 3288/3288/3288
f 3287/3287/3287 3288/3288/3288 3289/3289/3289
f 97/97/97 98/98/98 99/99/99
f 3886/3886/3886 3877/3877/3877 3875/3875/3875
f 3875/3875/3875 3873/3873/3873 3886/3886/3886
f 3873/3873/3873 3935/3935/3935 3886/3886/3886
f 3873/3873/3873 3869/3869/3869 3935/3935/3935
f 2765/2765/2765 2752/2752/2752 2798/2798/2798
f 2798/2798/2798 2752/2752/2752 2768/2768/2768
f 2798/2798/2798 3114/3114/3114 2923/2923/2923
f 2798/2798/2798 2923/2923/2923 2765/2765/2765
f 3867/3867/3867 3935/3935/3935 3869/3869/3869
f 3867/3867/3867 3889/3889/3889 3935/3935/3935
f 3250/3250/3250 3251/3251/3251 3241/3241/3241
f 3239/3239/3239 3240/3240/3240 3241/3241/3241
f 3241/3241/3241 3240/3240/3240 3250/3250/3250
f 3237/3237/3237 3238/3238/3238 3239/3239/3239
f 3239/3239/3239 3238/3238/3238 3240/3240/3240
f 3234/3234/3234 3233/3233/3233 3235/3235/3235
f 3088/3088/3088 2751/2751/2751 2897/2897/2897
f 3232/3232/3232 3233/3233/3233 3234/3234/3234
f 3236/3236/3236 3232/3232/3232 3234/3234/3234
f 2752/2752/2752 2750/2750/2750 2768/2768/2768
f 3865/3865/3865 3889/3889/3889 3867/3867/3867
f 3865/3865/3865 3863/3863/3863 3889/3889/3889
f 2895/2895/2895 2980/2980/2980 2922/2922/2922
f 2922/2922/2922 2980/2980/2980 2981/2981/2981
f 2889/2889/2889 2922/2922/2922 2896/2896/2896
f 2895/2895/2895 2922/2922/2922 2889/2889/2889
f 2886/2886/2886 2896/2896/2896 2897/2897/2897
f 2889/2889/2889 2896/2896/2896 2886/2886/2886
f 2797/2797/2797 2897/2897/2897 2751/2751/2751
f 2886/2886/2886 2897/2897/2897 2797/2797/2797
f 2751/2751/2751 2750/2750/2750 2748/2748/2748
f 2751/2751/2751 2748/2748/2748 2797/2797/2797
f 3864/3864/3864 3863/3863/3863 3865/3865/3865
f 3864/3864/3864 3854/3854/3854 3863/3863/3863
f 1737/1737/1737 1732/1732/1732 1730/1730/1730
f 1730/1730/1730 1740/1740/1740 1737/1737/1737
f 1071/1071/1071 1062/1062/1062 1065/1065/1065
f 1062/1062/1062 1071/1071/1071 1072/1072/1072
f 2890/2890/2890 2895/2895/2895 2889/2889/2889
f 2893/2893/2893 2895/2895/2895 2890/2890/2890
f 2887/2887/2887 2889/2889/2889 2886/2886/2886
f 2890/2890/2890 2889/2889/2889 2887/2887/2887
f 2885/2885/2885 2886/2886/2886 2797/2797/2797
f 2887/2887/2887 2886/2886/2886 2885/2885/2885
f 2797/2797/2797 2748/2748/2748 2747/2747/2747
f 2797/2797/2797 2747/2747/2747 2885/2885/2885
f 3910/3910/3910 3854/3854/3854 3864/3864/3864
f 3910/3910/3910 3855/3855/3855 3854/3854/3854
f 1733/1733/1733 1734/1734/1734 1731/1731/1731
f 1733/1733/1733 1731/1731/1731 1732/1732/1732
f 1731/1731/1731 1730/1730/1730 1732/1732/1732
f 1731/1731/1731 1727/1727/1727 1730/1730/1730
f 1983/1983/1983 1986/1986/1986 1987/1987/1987
f 1983/1983/1983 1987/1987/1987 1988/1988/1988
f 1726/1726/1726 1740/1740/1740 1730/1730/1730
f 1726/1726/1726 1730/1730/1730 1727/1727/1727
f 1726/1726/1726 1727/1727/1727 1728/1728/1728
f 1726/1726/1726 1728/1728/1728 1729/1729/1729
f 1983/1983/1983 1984/1984/1984 1985/1985/1985
f 1983/1983/1983 1985/1985/1985 1986/1986/1986
f 2892/2892/2892 2893/2893/2893 2890/2890/2890
f 2894/2894/2894 2893/2893/2893 2892/2892/2892
f 2891/2891/2891 2890/2890/2890 2887/2887/2887
f 2892/2892/2892 2890/2890/2890 2891/2891/2891
f 2888/2888/2888 2887/2887/2887 2885/2885/2885
f 3797/3797/3797 3806/3806/3806 3798/3798/3798
f 1048/1048/1048 1047/1047/1047 1038/1038/1038
f 3814/3814/3814 3813/3813/3813 3798/3798/3798
f 208/208/208 199/199/199 202/202/202
f 208/208/208 202/202/202 218/218/218
f 203/203/203 202/202/202 201/201/201
f 201/201/201 202/202/202 199/199/199
f 265/265/265 260/260/260 274/274/274
f 274/274/274 260/260/260 273/273/273
f 273/273/273 260/260/260 259/259/259
f 3812/3812/3812 3783/3783/3783 3811/3811/3811
f 3783/3783/3783 3779/3779/3779 3811/3811/3811
f 2555/2555/2555 2558/2558/2558 2556/2556/2556
f 2555/2555/2555 2556/2556/2556 2557/2557/2557
f 3779/3779/3779 3783/3783/3783 3782/3782/3782
f 3783/3783/3783 3784/3784/3784 3782/3782/3782
f 3783/3783/3783 3810/3810/3810 3784/3784/3784
f 3787/3787/3787 3810/3810/3810 3797/3797/3797
f 3784/3784/3784 3810/3810/3810 3787/3787/3787
f 3796/3796/3796 3797/3797/3797 3798/3798/3798
f 3787/3787/3787 3797/3797/3797 3796/3796/3796
f 3798/3798/3798 3813/3813/3813 3800/3800/3800
f 3799/3799/3799 3798/3798/3798 3800/3800/3800
f 3796/3796/3796 3798/3798/3798 3799/3799/3799
f 3801/3801/3801 3802/3802/3802 3799/3799/3799
f 3801/3801/3801 3799/3799/3799 3800/3800/3800
f 3805/3805/3805 3802/3802/3802 3801/3801/3801
f 217/217/217 208/208/208 218/218/218
f 217/217/217 216/216/216 208/208/208
f 3784/3784/3784 3785/3785/3785 3782/3782/3782
f 3785/3785/3785 3784/3784/3784 3786/3786/3786
f 3786/3786/3786 3784/3784/3784 3787/3787/3787
f 3786/3786/3786 3787/3787/3787 3788/3788/3788
f 3788/3788/3788 3787/3787/3787 3796/3796/3796
f 3788/3788/3788 3796/3796/3796 3808/3808/3808
f 3808/3808/3808 3796/3796/3796 3799/3799/3799
f 1501/1501/1501 1499/1499/1499 1500/1500/1500
f 1499/1499/1499 1501/1501/1501 1503/1503/1503
f 1504/1504/1504 1503/1503/1503 1501/1501/1501
f 3804/3804/3804 3799/3799/3799 3803/3803/3803
f 3802/3802/3802 3803/3803/3803 3799/3799/3799
f 3802/3802/3802 3805/3805/3805 3803/3803/3803
f 1500/1500/1500 1499/1499/1499 1487/1487/1487
f 4911/4911/4911 4921/4921/4921 4916/4916/4916
f 4920/4920/4920 4919/4919/4919 4916/4916/4916
f 4920/4920/4920 4916/4916/4916 4921/4921/4921
f 5253/5253/5253 5256/5256/5256 5255/5255/5255
f 224/224/224 223/223/223 222/222/222
f 223/223/223 221/221/221 222/222/222
f 221/221/221 217/217/217 222/222/222
f 221/221/221 216/216/216 217/217/217
f 1503/1503/1503 1496/1496/1496 1499/1499/1499
f 1487/1487/1487 1499/1499/1499 1496/1496/1496
f 1488/1488/1488 1487/1487/1487 1496/1496/1496
f 1486/1486/1486 1487/1487/1487 1488/1488/1488
f 4912/4912/4912 4917/4917/4917 4903/4903/4903
f 4910/4910/4910 4907/4907/4907 4903/4903/4903
f 4910/4910/4910 4903/4903/4903 4917/4917/4917
f 4907/4907/4907 4910/4910/4910 4911/4911/4911
f 4916/4916/4916 4907/4907/4907 4911/4911/4911
f 4913/4913/4913 4907/4907/4907 4916/4916/4916
f 4918/4918/4918 4916/4916/4916 4919/4919/4919
f 4913/4913/4913 4916/4916/4916 4918/4918/4918
f 5256/5256/5256 5253/5253/5253 5257/5257/5257
f 5288/5288/5288 5287/5287/5287 5284/5284/5284
f 1760/1760/1760 1765/1765/1765 1764/1764/1764
f 1760/1760/1760 1762/1762/1762 1765/1765/1765
f 1762/1762/1762 1766/1766/1766 1765/1765/1765
f 2112/2112/2112 2088/2088/2088 2086/2086/2086
f 1488/1488/1488 1490/1490/1490 1486/1486/1486
f 1486/1486/1486 1490/1490/1490 1492/1492/1492
f 4903/4903/4903 4904/4904/4904 4905/4905/4905
f 4908/4908/4908 4903/4903/4903 4905/4905/4905
f 1492/1492/1492 1490/1490/1490 1510/1510/1510
f 4912/4912/4912 4903/4903/4903 4908/4908/4908
f 4906/4906/4906 4903/4903/4903 4907/4907/4907
f 4904/4904/4904 4903/4903/4903 4906/4906/4906
f 4949/4949/4949 4906/4906/4906 4914/4914/4914
f 4906/4906/4906 4913/4913/4913 4914/4914/4914
f 4906/4906/4906 4907/4907/4907 4913/4913/4913
f 5271/5271/5271 5272/5272/5272 5270/5270/5270
f 5272/5272/5272 5276/5276/5276 5270/5270/5270
f 5283/5283/5283 5284/5284/5284 5285/5285/5285
f 5284/5284/5284 5287/5287/5287 5286/5286/5286
f 5284/5284/5284 5286/5286/5286 5285/5285/5285
f 1604/1604/1604 1599/1599/1599 1593/1593/1593
f 1594/1594/1594 1593/1593/1593 1599/1599/1599
f 2098/2098/2098 2097/2097/2097 2111/2111/2111
f 2098/2098/2098 2111/2111/2111 2116/2116/2116
f 2112/2112/2112 2111/2111/2111 2088/2088/2088
f 2088/2088/2088 2111/2111/2111 2097/2097/2097
f 4904/4904/4904 4909/4909/4909 4905/4905/4905
f 4909/4909/4909 4904/4904/4904 4915/4915/4915
f 4915/4915/4915 4904/4904/4904 4906/4906/4906
f 4915/4915/4915 4906/4906/4906 4949/4949/4949
f 5276/5276/5276 5266/5266/5266 5270/5270/5270
f 5259/5259/5259 5262/5262/5262 5276/5276/5276
f 5262/5262/5262 5266/5266/5266 5276/5276/5276
f 5262/5262/5262 5264/5264/5264 5266/5266/5266
f 2387/2387/2387 2354/2354/2354 2359/2359/2359
f 5262/5262/5262 5263/5263/5263 5264/5264/5264
f 2354/2354/2354 2355/2355/2355 2345/2345/2345
f 2346/2346/2346 2354/2354/2354 2345/2345/2345
f 2359/2359/2359 2354/2354/2354 2346/2346/2346
f 2345/2345/2345 2344/2344/2344 2346/2346/2346
f 2336/2336/2336 2338/2338/2338 2339/2339/2339
f 2341/2341/2341 2350/2350/2350 2339/2339/2339
f 2341/2341/2341 2339/2339/2339 2338/2338/2338
f 1593/1593/1593 1595/1595/1595 1604/1604/1604
f 2341/2341/2341 2351/2351/2351 2350/2350/2350
f 2351/2351/2351 2341/2341/2341 2348/2348/2348
f 1593/1593/1593 1594/1594/1594 1595/1595/1595
f 2351/2351/2351 2348/2348/2348 2356/2356/2356
f 6153/6153/6153 6156/6156/6156 6154/6154/6154
f 6154/6154/6154 6156/6156/6156 6159/6159/6159
f 6200/6200/6200 6207/6207/6207 6206/6206/6206
f 6208/6208/6208 6207/6207/6207 6200/6200/6200
f 2116/2116/2116 2117/2117/2117 2098/2098/2098
f 2098/2098/2098 2117/2117/2117 2105/2105/2105
f 2355/2355/2355 2343/2343/2343 2345/2345/2345
f 2345/2345/2345 2343/2343/2343 2344/2344/2344
f 2343/2343/2343 2337/2337/2337 2344/2344/2344
f 2343/2343/2343 2342/2342/2342 2337/2337/2337
f 2336/2336/2336 2337/2337/2337 2338/2338/2338
f 2337/2337/2337 2340/2340/2340 2338/2338/2338
f 2337/2337/2337 2342/2342/2342 2340/2340/2340
f 2338/2338/2338 2340/2340/2340 2341/2341/2341
f 2341/2341/2341 2340/2340/2340 2347/2347/2347
f 2341/2341/2341 2347/2347/2347 2348/2348/2348
f 2348/2348/2348 2347/2347/2347 2414/2414/2414
f 1890/1890/1890 1885/1885/1885 1882/1882/1882
f 1885/1885/1885 1883/1883/1883 1882/1882/1882
f 1885/1885/1885 1886/1886/1886 1883/1883/1883
f 6153/6153/6153 6160/6160/6160 6156/6156/6156
f 6430/6430/6430 6428/6428/6428 6427/6427/6427
f 1883/1883/1883 1886/1886/1886 1887/1887/1887
f 6427/6427/6427 6428/6428/6428 6429/6429/6429
f 354/354/354 393/393/393 353/353/353
f 351/351/351 352/352/352 353/353/353
f 353/353/353 352/352/352 354/354/354
f 340/340/340 350/350/350 351/351/351
f 351/351/351 350/350/350 352/352/352
f 339/339/339 349/349/349 340/340/340
f 340/340/340 349/349/349 350/350/350
f 335/335/335 348/348/348 339/339/339
f 339/339/339 348/348/348 349/349/349
f 333/333/333 347/347/347 335/335/335
f 335/335/335 347/347/347 348/348/348
f 332/332/332 346/346/346 333/333/333
f 333/333/333 346/346/346 347/347/347
f 330/330/330 345/345/345 332/332/332
f 332/332/332 345/345/345 346/346/346
f 342/342/342 345/345/345 330/330/330
f 1558/1558/1558 1553/1553/1553 1551/1551/1551
f 1550/1550/1550 1560/1560/1560 1551/1551/1551
f 1551/1551/1551 1560/1560/1560 1558/1558/1558
f 1079/1079/1079 1081/1081/1081 1083/1083/1083
f 5519/5519/5519 5520/5520/5520 5522/5522/5522
f 5524/5524/5524 5544/5544/5544 5522/5522/5522
f 5522/5522/5522 5544/5544/5544 5519/5519/5519
f 5544/5544/5544 5524/5524/5524 5572/5572/5572
f 5643/5643/5643 5644/5644/5644 5645/5645/5645
f 2161/2161/2161 2150/2150/2150 2146/2146/2146
f 2150/2150/2150 2151/2151/2151 2149/2149/2149
f 2142/2142/2142 2150/2150/2150 2149/2149/2149
f 2146/2146/2146 2150/2150/2150 2142/2142/2142
f 2142/2142/2142 2149/2149/2149 2148/2148/2148
f 2142/2142/2142 2148/2148/2148 2140/2140/2140
f 2140/2140/2140 2148/2148/2148 2147/2147/2147
f 2140/2140/2140 2147/2147/2147 2138/2138/2138
f 2138/2138/2138 2147/2147/2147 2152/2152/2152
f 2138/2138/2138 2152/2152/2152 2136/2136/2136
f 2136/2136/2136 2152/2152/2152 2153/2153/2153
f 2136/2136/2136 2153/2153/2153 2131/2131/2131
f 355/355/355 348/348/348 347/347/347
f 2131/2131/2131 2130/2130/2130 2127/2127/2127
f 2127/2127/2127 2130/2130/2130 2128/2128/2128
f 2127/2127/2127 2128/2128/2128 2129/2129/2129
f 2129/2129/2129 2128/2128/2128 2132/2132/2132
f 2129/2129/2129 2132/2132/2132 2166/2166/2166
f 2216/2216/2216 2215/2215/2215 2214/2214/2214
f 2215/2215/2215 2209/2209/2209 2214/2214/2214
f 3885/3885/3885 3878/3878/3878 3879/3879/3879
f 1744/1744/1744 1743/1743/1743 1742/1742/1742
f 1558/1558/1558 1560/1560/1560 1561/1561/1561
f 1745/1745/1745 1744/1744/1744 1746/1746/1746
f 2789/2789/2789 2800/2800/2800 2793/2793/2793
f 1744/1744/1744 1745/1745/1745 1743/1743/1743
f 1087/1087/1087 1082/1082/1082 1085/1085/1085
f 1085/1085/1085 1082/1082/1082 1078/1078/1078
f 1082/1082/1082 1081/1081/1081 1078/1078/1078
f 1081/1081/1081 1079/1079/1079 1078/1078/1078
f 1085/1085/1085 1078/1078/1078 1095/1095/1095
f 1078/1078/1078 1097/1097/1097 1095/1095/1095
f 1078/1078/1078 1096/1096/1096 1097/1097/1097
f 5518/5518/5518 5520/5520/5520 5519/5519/5519
f 5517/5517/5517 5518/5518/5518 5519/5519/5519
f 5516/5516/5516 5518/5518/5518 5517/5517/5517
f 5517/5517/5517 5519/5519/5519 5544/5544/5544
f 5517/5517/5517 5544/5544/5544 5561/5561/5561
f 5561/5561/5561 5544/5544/5544 5572/5572/5572
f 3877/3877/3877 3879/3879/3879 3878/3878/3878
f 3877/3877/3877 3880/3880/3880 3879/3879/3879
f 3138/3138/3138 3139/3139/3139 3140/3140/3140
f 2794/2794/2794 3089/3089/3089 2784/2784/2784
f 3089/3089/3089 2785/2785/2785 2784/2784/2784
f 3089/3089/3089 2792/2792/2792 2785/2785/2785
f 2787/2787/2787 2792/2792/2792 2790/2790/2790
f 2787/2787/2787 2785/2785/2785 2792/2792/2792
f 2790/2790/2790 2800/2800/2800 2789/2789/2789
f 2790/2790/2790 2789/2789/2789 2787/2787/2787
f 1090/1090/1090 1087/1087/1087 1085/1085/1085
f 1090/1090/1090 1085/1085/1085 1095/1095/1095
f 3881/3881/3881 3880/3880/3880 3877/3877/3877
f 3881/3881/3881 3877/3877/3877 3886/3886/3886
f 3886/3886/3886 3935/3935/3935 3881/3881/3881
f 3881/3881/3881 3935/3935/3935 3884/3884/3884
f 2754/2754/2754 2752/2752/2752 2765/2765/2765
f 3182/3182/3182 3183/3183/3183 3184/3184/3184
f 3113/3113/3113 2765/2765/2765 2923/2923/2923
f 2783/2783/2783 3113/3113/3113 2923/2923/2923
f 2794/2794/2794 2783/2783/2783 2923/2923/2923
f 2783/2783/2783 2794/2794/2794 2784/2784/2784
f 3951/3951/3951 3948/3948/3948 3952/3952/3952
f 3951/3951/3951 3950/3950/3950 3948/3948/3948
f 3097/3097/3097 2749/2749/2749 2754/2754/2754
f 2749/2749/2749 2752/2752/2752 2754/2754/2754
f 2749/2749/2749 2750/2750/2750 2752/2752/2752
f 3097/3097/3097 2754/2754/2754 3113/3113/3113
f 3863/3863/3863 3936/3936/3936 3889/3889/3889
f 3863/3863/3863 3845/3845/3845 3936/3936/3936
f 2749/2749/2749 2748/2748/2748 2750/2750/2750
f 2746/2746/2746 2748/2748/2748 2749/2749/2749
f 3854/3854/3854 3845/3845/3845 3863/3863/3863
f 3854/3854/3854 3852/3852/3852 3845/3845/3845
f 1739/1739/1739 1732/1732/1732 1737/1737/1737
f 1988/1988/1988 1989/1989/1989 1990/1990/1990
f 2746/2746/2746 2747/2747/2747 2748/2748/2748
f 2745/2745/2745 2747/2747/2747 2746/2746/2746
f 3855/3855/3855 3852/3852/3852 3854/3854/3854
f 3855/3855/3855 3853/3853/3853 3852/3852/3852
f 1736/1736/1736 1735/1735/1735 1733/1733/1733
f 1733/1733/1733 1735/1735/1735 1734/1734/1734
f 1733/1733/1733 1732/1732/1732 1739/1739/1739
f 1738/1738/1738 1733/1733/1733 1739/1739/1739
f 1736/1736/1736 1733/1733/1733 1738/1738/1738
f 1988/1988/1988 1987/1987/1987 1989/1989/1989
f 261/261/261 280/280/280 281/281/281
f 813/813/813 814/814/814 815/815/815
f 280/280/280 261/261/261 256/256/256
f 252/252/252 282/282/282 256/256/256
f 256/256/256 282/282/282 280/280/280
f 255/255/255 283/283/283 252/252/252
f 252/252/252 283/283/283 282/282/282
f 255/255/255 279/279/279 283/283/283
f 1046/1046/1046 1038/1038/1038 1047/1047/1047
f 1041/1041/1041 1038/1038/1038 1046/1046/1046
f 4957/4957/4957 4959/4959/4959 4955/4955/4955
f 100/100/100 101/101/101 102/102/102
f 196/196/196 198/198/198 199/199/199
f 196/196/196 199/199/199 208/208/208
f 201/201/201 199/199/199 200/200/200
f 200/200/200 199/199/199 198/198/198
f 260/260/260 265/265/265 263/263/263
f 1468/1468/1468 1470/1470/1470 1471/1471/1471
f 1468/1468/1468 1469/1469/1469 1470/1470/1470
f 258/258/258 259/259/259 260/260/260
f 258/258/258 260/260/260 263/263/263
f 256/256/256 261/261/261 259/259/259
f 258/258/258 256/256/256 259/259/259
f 257/257/257 256/256/256 258/258/258
f 256/256/256 253/253/253 252/252/252
f 256/256/256 257/257/257 253/253/253
f 252/252/252 254/254/254 255/255/255
f 252/252/252 253/253/253 254/254/254
f 279/279/279 255/255/255 275/275/275
f 275/275/275 255/255/255 254/254/254
f 1041/1041/1041 1039/1039/1039 1038/1038/1038
f 1038/1038/1038 1039/1039/1039 1040/1040/1040
f 1039/1039/1039 1044/1044/1044 1043/1043/1043
f 1042/1042/1042 1039/1039/1039 1043/1043/1043
f 1040/1040/1040 1039/1039/1039 1042/1042/1042
f 1043/1043/1043 1045/1045/1045 1042/1042/1042
f 4926/4926/4926 4925/4925/4925 4923/4923/4923
f 4924/4924/4924 4922/4922/4922 4923/4923/4923
f 4924/4924/4924 4923/4923/4923 4925/4925/4925
f 4922/4922/4922 4924/4924/4924 4935/4935/4935
f 4955/4955/4955 4956/4956/4956 4957/4957/4957
f 4958/4958/4958 4956/4956/4956 4955/4955/4955
f 5289/5289/5289 5292/5292/5292 5290/5290/5290
f 5289/5289/5289 5290/5290/5290 5291/5291/5291
f 216/216/216 196/196/196 208/208/208
f 216/216/216 194/194/194 196/196/196
f 1470/1470/1470 1472/1472/1472 1471/1471/1471
f 1474/1474/1474 1473/1473/1473 1472/1472/1472
f 1473/1473/1473 1471/1471/1471 1472/1472/1472
f 267/267/267 258/258/258 263/263/263
f 258/258/258 264/264/264 257/257/257
f 258/258/258 267/267/267 264/264/264
f 257/257/257 262/262/262 253/253/253
f 257/257/257 264/264/264 262/262/262
f 253/253/253 266/266/266 254/254/254
f 253/253/253 262/262/262 266/266/266
f 275/275/275 254/254/254 272/272/272
f 272/272/272 254/254/254 266/266/266
f 2423/2423/2423 2428/2428/2428 2424/2424/2424
f 2423/2423/2423 2424/2424/2424 2425/2425/2425
f 2425/2425/2425 2424/2424/2424 2426/2426/2426
f 2424/2424/2424 2427/2427/2427 2426/2426/2426
f 2427/2427/2427 2429/2429/2429 2426/2426/2426
f 2426/2426/2426 2429/2429/2429 2432/2432/2432
f 4930/4930/4930 4929/4929/4929 4928/4928/4928
f 4928/4928/4928 4931/4931/4931 4932/4932/4932
f 4928/4928/4928 4923/4923/4923 4931/4931/4931
f 4928/4928/4928 4929/4929/4929 4926/4926/4926
f 4923/4923/4923 4928/4928/4928 4926/4926/4926
f 4966/4966/4966 4967/4967/4967 4968/4968/4968
f 4967/4967/4967 4969/4969/4969 4968/4968/4968
f 4923/4923/4923 4922/4922/4922 4921/4921/4921
f 4967/4967/4967 4970/4970/4970 4969/4969/4969
f 4921/4921/4921 4922/4922/4922 4920/4920/4920
f 4920/4920/4920 4922/4922/4922 4939/4939/4939
f 5253/5253/5253 5255/5255/5255 5254/5254/5254
f 5250/5250/5250 5253/5253/5253 5254/5254/5254
f 5252/5252/5252 5253/5253/5253 5250/5250/5250
f 2089/2089/2089 2090/2090/2090 2087/2087/2087
f 2090/2090/2090 2091/2091/2091 2087/2087/2087
f 2091/2091/2091 2086/2086/2086 2087/2087/2087
f 2091/2091/2091 2092/2092/2092 2086/2086/2086
f 278/278/278 270/270/270 267/267/267
f 267/267/267 270/270/270 264/264/264
f 264/264/264 270/270/270 268/268/268
f 264/264/264 268/268/268 262/262/262
f 262/262/262 268/268/268 269/269/269
f 262/262/262 269/269/269 266/266/266
f 266/266/266 269/269/269 271/271/271
f 266/266/266 271/271/271 272/272/272
f 2424/2424/2424 2428/2428/2428 2430/2430/2430
f 2430/2430/2430 2428/2428/2428 2431/2431/2431
f 2433/2433/2433 2435/2435/2435 2427/2427/2427
f 2424/2424/2424 2433/2433/2433 2427/2427/2427
f 2430/2430/2430 2433/2433/2433 2424/2424/2424
f 2433/2433/2433 2436/2436/2436 2435/2435/2435
f 2476/2476/2476 2477/2477/2477 2475/2475/2475
f 2219/2219/2219 2218/2218/2218 2220/2220/2220
f 2217/2217/2217 2218/2218/2218 2219/2219/2219
f 2480/2480/2480 2476/2476/2476 2474/2474/2474
f 2475/2475/2475 2474/2474/2474 2476/2476/2476
f 2474/2474/2474 2473/2473/2473 2480/2480/2480
f 2473/2473/2473 2481/2481/2481 2480/2480/2480
f 1362/1362/1362 1363/1363/1363 1364/1364/1364
f 5252/5252/5252 5257/5257/5257 5253/5253/5253
f 5258/5258/5258 5257/5257/5257 5252/5252/5252
f 2085/2085/2085 2089/2089/2089 2087/2087/2087
f 2087/2087/2087 2086/2086/2086 2085/2085/2085
f 2086/2086/2086 2083/2083/2083 2085/2085/2085
f 2086/2086/2086 2088/2088/2088 2083/2083/2083
f 2431/2431/2431 2438/2438/2438 2430/2430/2430
f 2490/2490/2490 2446/2446/2446 2438/2438/2438
f 2446/2446/2446 2430/2430/2430 2438/2438/2438
f 2446/2446/2446 2433/2433/2433 2430/2430/2430
f 1491/1491/1491 1490/1490/1490 1488/1488/1488
f 2433/2433/2433 2445/2445/2445 2436/2436/2436
f 2446/2446/2446 2445/2445/2445 2433/2433/2433
f 2445/2445/2445 2479/2479/2479 2482/2482/2482
f 2482/2482/2482 2479/2479/2479 2477/2477/2477
f 2479/2479/2479 2478/2478/2478 2477/2477/2477
f 2478/2478/2478 2475/2475/2475 2477/2477/2477
f 2500/2500/2500 2468/2468/2468 2478/2478/2478
f 2468/2468/2468 2475/2475/2475 2478/2478/2478
f 2468/2468/2468 2474/2474/2474 2475/2475/2475
f 2473/2473/2473 2474/2474/2474 2461/2461/2461
f 2461/2461/2461 2474/2474/2474 2468/2468/2468
f 5261/5261/5261 5259/5259/5259 5260/5260/5260
f 5259/5259/5259 5258/5258/5258 5260/5260/5260
f 5259/5259/5259 5257/5257/5257 5258/5258/5258
f 5275/5275/5275 5265/5265/5265 5261/5261/5261
f 5275/5275/5275 5261/5261/5261 5260/5260/5260
f 5273/5273/5273 5265/5265/5265 5275/5275/5275
f 6290/6290/6290 6191/6191/6191 6214/6214/6214
f 6191/6191/6191 6192/6192/6192 6214/6214/6214
f 2095/2095/2095 2094/2094/2094 2097/2097/2097
f 2095/2095/2095 2097/2097/2097 2098/2098/2098
f 2088/2088/2088 2097/2097/2097 2083/2083/2083
f 2083/2083/2083 2097/2097/2097 2094/2094/2094
f 2490/2490/2490 2486/2486/2486 2446/2446/2446
f 2446/2446/2446 2486/2486/2486 2445/2445/2445
f 2445/2445/2445 2486/2486/2486 2484/2484/2484
f 2445/2445/2445 2484/2484/2484 2479/2479/2479
f 2500/2500/2500 2463/2463/2463 2468/2468/2468
f 2468/2468/2468 2463/2463/2463 2461/2461/2461
f 5261/5261/5261 5262/5262/5262 5259/5259/5259
f 5262/5262/5262 5261/5261/5261 5263/5263/5263
f 5263/5263/5263 5261/5261/5261 5265/5265/5265
f 6421/6421/6421 6418/6418/6418 6420/6420/6420
f 2398/2398/2398 2355/2355/2355 2354/2354/2354
f 5273/5273/5273 5274/5274/5274 5263/5263/5263
f 5265/5265/5265 5273/5273/5273 5263/5263/5263
f 6302/6302/6302 6301/6301/6301 6303/6303/6303
f 6295/6295/6295 6307/6307/6307 6292/6292/6292
f 6197/6197/6197 6291/6291/6291 6292/6292/6292
f 6197/6197/6197 6292/6292/6292 6307/6307/6307
f 6188/6188/6188 6191/6191/6191 6197/6197/6197
f 6290/6290/6290 6197/6197/6197 6191/6191/6191
f 6197/6197/6197 6290/6290/6290 6291/6291/6291
f 1595/1595/1595 1605/1605/1605 1604/1604/1604
f 1605/1605/1605 1595/1595/1595 1597/1597/1597
f 6189/6189/6189 6191/6191/6191 6188/6188/6188
f 6191/6191/6191 6189/6189/6189 6192/6192/6192
f 1596/1596/1596 1594/1594/1594 1598/1598/1598
f 1594/1594/1594 1596/1596/1596 1595/1595/1595
f 1597/1597/1597 1595/1595/1595 1596/1596/1596
f 1602/1602/1602 1603/1603/1603 1596/1596/1596
f 1602/1602/1602 1596/1596/1596 1598/1598/1598
f 6200/6200/6200 6206/6206/6206 6201/6201/6201
f 6198/6198/6198 6200/6200/6200 6201/6201/6201
f 6199/6199/6199 6200/6200/6200 6198/6198/6198
f 2098/2098/2098 2105/2105/2105 2095/2095/2095
f 2095/2095/2095 2105/2105/2105 2101/2101/2101
f 6418/6418/6418 6419/6419/6419 6420/6420/6420
f 6302/6302/6302 6296/6296/6296 6301/6301/6301
f 6296/6296/6296 6300/6300/6300 6301/6301/6301
f 6296/6296/6296 6299/6299/6299 6300/6300/6300
f 6292/6292/6292 6294/6294/6294 6295/6295/6295
f 6294/6294/6294 6296/6296/6296 6295/6295/6295
f 6294/6294/6294 6299/6299/6299 6296/6296/6296
f 6294/6294/6294 6292/6292/6292 6293/6293/6293
f 6293/6293/6293 6292/6292/6292 6291/6291/6291
f 6293/6293/6293 6291/6291/6291 6297/6297/6297
f 6297/6297/6297 6291/6291/6291 6298/6298/6298
f 1601/1601/1601 1597/1597/1597 1600/1600/1600
f 1600/1600/1600 1597/1597/1597 1596/1596/1596
f 1886/1886/1886 1888/1888/1888 1887/1887/1887
f 1887/1887/1887 1888/1888/1888 1889/1889/1889
f 6209/6209/6209 6201/6201/6201 6206/6206/6206
f 5565/5565/5565 5563/5563/5563 5567/5567/5567
f 5567/5567/5567 5563/5563/5563 5572/5572/5572
f 2145/2145/2145 2146/2146/2146 2142/2142/2142
f 2145/2145/2145 2167/2167/2167 2146/2146/2146
f 2141/2141/2141 2142/2142/2142 2140/2140/2140
f 2141/2141/2141 2145/2145/2145 2142/2142/2142
f 2139/2139/2139 2140/2140/2140 2138/2138/2138
f 2139/2139/2139 2141/2141/2141 2140/2140/2140
f 2137/2137/2137 2138/2138/2138 2136/2136/2136
f 2137/2137/2137 2139/2139/2139 2138/2138/2138
f 2135/2135/2135 2136/2136/2136 2131/2131/2131
f 2135/2135/2135 2137/2137/2137 2136/2136/2136
f 2134/2134/2134 2131/2131/2131 2127/2127/2127
f 2134/2134/2134 2135/2135/2135 2131/2131/2131
f 2133/2133/2133 2127/2127/2127 2129/2129/2129
f 2133/2133/2133 2134/2134/2134 2127/2127/2127
f 2207/2207/2207 2213/2213/2213 2208/2208/2208
f 2213/2213/2213 2214/2214/2214 2208/2208/2208
f 2133/2133/2133 2129/2129/2129 2166/2166/2166
f 2209/2209/2209 2208/2208/2208 2214/2214/2214
f 2788/2788/2788 2789/2789/2789 2793/2793/2793
f 1087/1087/1087 1088/1088/1088 1082/1082/1082
f 103/103/103 104/104/104 105/105/105
f 5517/5517/5517 5511/5511/5511 5516/5516/5516
f 5516/5516/5516 5511/5511/5511 5510/5510/5510
f 2883/2883/2883 2861/2861/2861 2859/2859/2859
f 2861/2861/2861 2858/2858/2858 2859/2859/2859
f 5517/5517/5517 5561/5561/5561 5562/5562/5562
f 5561/5561/5561 5572/5572/5572 5563/5563/5563
f 5561/5561/5561 5563/5563/5563 5562/5562/5562
f 2206/2206/2206 2207/2207/2207 2208/2208/2208
f 2208/2208/2208 2209/2209/2209 2206/2206/2206
f 2209/2209/2209 2210/2210/2210 2206/2206/2206
f 3879/3879/3879 3880/3880/3880 3883/3883/3883
f 2782/2782/2782 2784/2784/2784 2785/2785/2785
f 2787/2787/2787 2786/2786/2786 2785/2785/2785
f 2785/2785/2785 2786/2786/2786 2782/2782/2782
f 2789/2789/2789 2788/2788/2788 2787/2787/2787
f 2788/2788/2788 2786/2786/2786 2787/2787/2787
f 2788/2788/2788 2791/2791/2791 2786/2786/2786
f 1090/1090/1090 1089/1089/1089 1087/1087/1087
f 1089/1089/1089 1088/1088/1088 1087/1087/1087
f 2949/2949/2949 2791/2791/2791 2788/2788/2788
f 2775/2775/2775 2949/2949/2949 2796/2796/2796
f 2775/2775/2775 2796/2796/2796 2779/2779/2779
f 2777/2777/2777 2775/2775/2775 2779/2779/2779
f 5510/5510/5510 5509/5509/5509 5512/5512/5512
f 5509/5509/5509 5510/5510/5510 5511/5511/5511
f 5509/5509/5509 5511/5511/5511 5513/5513/5513
f 106/106/106 107/107/107 108/108/108
f 3880/3880/3880 3881/3881/3881 3882/3882/3882
f 3943/3943/3943 3944/3944/3944 3945/3945/3945
f 3939/3939/3939 3944/3944/3944 3943/3943/3943
f 3884/3884/3884 3882/3882/3882 3881/3881/3881
f 3118/3118/3118 3117/3117/3117 3119/3119/3119
f 2784/2784/2784 2782/2782/2782 2783/2783/2783
f 2782/2782/2782 2781/2781/2781 2783/2783/2783
f 2782/2782/2782 2780/2780/2780 2781/2781/2781
f 2868/2868/2868 2782/2782/2782 2786/2786/2786
f 2780/2780/2780 2782/2782/2782 2868/2868/2868
f 3125/3125/3125 3124/3124/3124 3126/3126/3126
f 3123/3123/3123 3124/3124/3124 3125/3125/3125
f 2949/2949/2949 3100/3100/3100 2753/2753/2753
f 2741/2741/2741 2949/2949/2949 2753/2753/2753
f 3126/3126/3126 3127/3127/3127 3125/3125/3125
f 3128/3128/3128 3129/3129/3129 3130/3130/3130
f 3947/3947/3947 3943/3943/3943 3945/3945/3945
f 3945/3945/3945 3948/3948/3948 3947/3947/3947
f 3948/3948/3948 3949/3949/3949 3947/3947/3947
f 3948/3948/3948 3950/3950/3950 3949/3949/3949
f 2764/2764/2764 2749/2749/2749 3097/3097/3097
f 3116/3116/3116 3121/3121/3121 3120/3120/3120
f 3116/3116/3116 3120/3120/3120 3117/3117/3117
f 3115/3115/3115 3116/3116/3116 3117/3117/3117
f 3118/3118/3118 3115/3115/3115 3117/3117/3117
f 2728/2728/2728 2781/2781/2781 2780/2780/2780
f 2728/2728/2728 2780/2780/2780 2726/2726/2726
f 2726/2726/2726 2780/2780/2780 2868/2868/2868
f 2726/2726/2726 2868/2868/2868 2737/2737/2737
f 2737/2737/2737 2868/2868/2868 2741/2741/2741
f 2737/2737/2737 2741/2741/2741 2739/2739/2739
f 2739/2739/2739 2741/2741/2741 2753/2753/2753
f 3845/3845/3845 3844/3844/3844 3843/3843/3843
f 3900/3900/3900 3845/3845/3845 3843/3843/3843
f 3936/3936/3936 3845/3845/3845 3900/3900/3900
f 3844/3844/3844 3842/3842/3842 3843/3843/3843
f 2744/2744/2744 2746/2746/2746 2764/2764/2764
f 2764/2764/2764 2746/2746/2746 2749/2749/2749
f 3121/3121/3121 3116/3116/3116 3122/3122/3122
f 2764/2764/2764 2925/2925/2925 2744/2744/2744
f 3977/3977/3977 3978/3978/3978 3979/3979/3979
f 3845/3845/3845 3846/3846/3846 3844/3844/3844
f 3852/3852/3852 3846/3846/3846 3845/3845/3845
f 3979/3979/3979 3978/3978/3978 3980/3980/3980
f 2743/2743/2743 2745/2745/2745 2744/2744/2744
f 2744/2744/2744 2745/2745/2745 2746/2746/2746
f 2744/2744/2744 2925/2925/2925 2734/2734/2734
f 2744/2744/2744 2734/2734/2734 2743/2743/2743
f 3853/3853/3853 3846/3846/3846 3852/3852/3852
f 3853/3853/3853 3856/3856/3856 3846/3846/3846
f 3219/3219/3219 3220/3220/3220 3221/3221/3221
f 814/814/814 856/856/856 857/857/857
f 857/857/857 856/856/856 858/858/858
f 856/856/856 814/814/814 855/855/855
f 814/814/814 816/816/816 855/855/855
f 814/814/814 813/813/813 816/816/816
f 817/817/817 813/813/813 818/818/818
f 817/817/817 816/816/816 813/813/813
f 823/823/823 817/817/817 820/820/820
f 817/817/817 819/819/819 820/820/820
f 817/817/817 818/818/818 819/819/819
f 828/828/828 820/820/820 819/819/819
f 2755/2755/2755 2766/2766/2766 2743/2743/2743
f 2743/2743/2743 2766/2766/2766 2745/2745/2745
f 2743/2743/2743 2734/2734/2734 2735/2735/2735
f 2743/2743/2743 2735/2735/2735 2755/2755/2755
f 4940/4940/4940 4938/4938/4938 4936/4936/4936
f 4937/4937/4937 4935/4935/4935 4936/4936/4936
f 4938/4938/4938 4937/4937/4937 4936/4936/4936
f 5241/5241/5241 5243/5243/5243 5242/5242/5242
f 5248/5248/5248 5243/5243/5243 5241/5241/5241
f 5248/5248/5248 5241/5241/5241 5249/5249/5249
f 195/195/195 207/207/207 198/198/198
f 195/195/195 198/198/198 196/196/196
f 200/200/200 198/198/198 206/206/206
f 206/206/206 198/198/198 207/207/207
f 3216/3216/3216 3218/3218/3218 3219/3219/3219
f 3219/3219/3219 3218/3218/3218 3220/3220/3220
f 3205/3205/3205 3219/3219/3219 3212/3212/3212
f 3216/3216/3216 3219/3219/3219 3205/3205/3205
f 3212/3212/3212 3207/3207/3207 3204/3204/3204
f 3212/3212/3212 3204/3204/3204 3205/3205/3205
f 825/825/825 823/823/823 820/820/820
f 1382/1382/1382 1383/1383/1383 1384/1384/1384
f 1227/1227/1227 1228/1228/1228 1229/1229/1229
f 829/829/829 825/825/825 820/820/820
f 1228/1228/1228 1227/1227/1227 1230/1230/1230
f 829/829/829 840/840/840 832/832/832
f 840/840/840 829/829/829 854/854/854
f 1656/1656/1656 1657/1657/1657 1658/1658/1658
f 2443/2443/2443 2442/2442/2442 2439/2439/2439
f 2434/2434/2434 2439/2439/2439 2442/2442/2442
f 840/840/840 852/852/852 832/832/832
f 2439/2439/2439 2434/2434/2434 2425/2425/2425
f 4927/4927/4927 4934/4934/4934 4925/4925/4925
f 4927/4927/4927 4925/4925/4925 4926/4926/4926
f 4936/4936/4936 4924/4924/4924 4940/4940/4940
f 4924/4924/4924 4934/4934/4934 4940/4940/4940
f 4924/4924/4924 4925/4925/4925 4934/4934/4934
f 4924/4924/4924 4936/4936/4936 4935/4935/4935
f 5249/5249/5249 5250/5250/5250 5248/5248/5248
f 5251/5251/5251 5250/5250/5250 5249/5249/5249
f 194/194/194 195/195/195 196/196/196
f 194/194/194 190/190/190 195/195/195
f 3216/3216/3216 3217/3217/3217 3218/3218/3218
f 3217/3217/3217 3216/3216/3216 3215/3215/3215
f 3216/3216/3216 3213/3213/3213 3215/3215/3215
f 3216/3216/3216 3205/3205/3205 3213/3213/3213
f 3205/3205/3205 3204/3204/3204 3203/3203/3203
f 3208/3208/3208 3205/3205/3205 3203/3203/3203
f 3213/3213/3213 3205/3205/3205 3208/3208/3208
f 2614/2614/2614 2615/2615/2615 2616/2616/2616
f 2441/2441/2441 2440/2440/2440 2442/2442/2442
f 272/272/272 276/276/276 275/275/275
f 2440/2440/2440 2428/2428/2428 2423/2423/2423
f 2434/2434/2434 2440/2440/2440 2423/2423/2423
f 2442/2442/2442 2440/2440/2440 2434/2434/2434
f 2434/2434/2434 2423/2423/2423 2425/2425/2425
f 1829/1829/1829 1826/1826/1826 1825/1825/1825
f 4932/4932/4932 4931/4931/4931 4933/4933/4933
f 1825/1825/1825 1826/1826/1826 1827/1827/1827
f 1828/1828/1828 1827/1827/1827 1826/1826/1826
f 1827/1827/1827 1828/1828/1828 1830/1830/1830
f 1363/1363/1363 1365/1365/1365 1366/1366/1366
f 5251/5251/5251 5252/5252/5252 5250/5250/5250
f 5277/5277/5277 5252/5252/5252 5251/5251/5251
f 209/209/209 191/191/191 193/193/193
f 209/209/209 193/193/193 212/212/212
f 194/194/194 193/193/193 190/190/190
f 190/190/190 193/193/193 191/191/191
f 3213/3213/3213 3214/3214/3214 3215/3215/3215
f 3214/3214/3214 3213/3213/3213 3209/3209/3209
f 3209/3209/3209 3213/3213/3213 3208/3208/3208
f 3201/3201/3201 3200/3200/3200 3208/3208/3208
f 3200/3200/3200 3209/3209/3209 3208/3208/3208
f 2581/2581/2581 2583/2583/2583 2584/2584/2584
f 269/269/269 277/277/277 271/271/271
f 2581/2581/2581 2582/2582/2582 2583/2583/2583
f 271/271/271 277/277/277 272/272/272
f 2444/2444/2444 2437/2437/2437 2441/2441/2441
f 2437/2437/2437 2440/2440/2440 2441/2441/2441
f 2437/2437/2437 2444/2444/2444 2448/2448/2448
f 2437/2437/2437 2431/2431/2431 2428/2428/2428
f 2437/2437/2437 2428/2428/2428 2440/2440/2440
f 2218/2218/2218 2225/2225/2225 2220/2220/2220
f 2218/2218/2218 2224/2224/2224 2225/2225/2225
f 2218/2218/2218 2222/2222/2222 2224/2224/2224
f 2218/2218/2218 2217/2217/2217 2221/2221/2221
f 2222/2222/2222 2218/2218/2218 2221/2221/2221
f 1363/1363/1363 1362/1362/1362 1365/1365/1365
f 731/731/731 714/714/714 735/735/735
f 2223/2223/2223 2222/2222/2222 2221/2221/2221
f 714/714/714 731/731/731 721/721/721
f 722/722/722 720/720/720 721/721/721
f 721/721/721 720/720/720 714/714/714
f 723/723/723 720/720/720 722/722/722
f 724/724/724 723/723/723 722/722/722
f 5252/5252/5252 5277/5277/5277 5258/5258/5258
f 2089/2089/2089 2085/2085/2085 2084/2084/2084
f 2093/2093/2093 2089/2089/2089 2084/2084/2084
f 209/209/209 212/212/212 211/211/211
f 2083/2083/2083 2084/2084/2084 2085/2085/2085
f 2448/2448/2448 2447/2447/2447 2437/2437/2437
f 2447/2447/2447 2492/2492/2492 2491/2491/2491
f 2447/2447/2447 2491/2491/2491 2438/2438/2438
f 2437/2437/2437 2447/2447/2447 2438/2438/2438
f 2431/2431/2431 2437/2437/2437 2438/2438/2438
f 2491/2491/2491 2490/2490/2490 2438/2438/2438
f 2479/2479/2479 2483/2483/2483 2478/2478/2478
f 2483/2483/2483 2500/2500/2500 2478/2478/2478
f 2461/2461/2461 2460/2460/2460 2472/2472/2472
f 2461/2461/2461 2472/2472/2472 2473/2473/2473
f 2450/2450/2450 2455/2455/2455 2452/2452/2452
f 2455/2455/2455 2460/2460/2460 2452/2452/2452
f 2455/2455/2455 2472/2472/2472 2460/2460/2460
f 2455/2455/2455 2450/2450/2450 2457/2457/2457
f 2450/2450/2450 2489/2489/2489 2457/2457/2457
f 2450/2450/2450 2458/2458/2458 2489/2489/2489
f 2458/2458/2458 2494/2494/2494 2495/2495/2495
f 2496/2496/2496 2458/2458/2458 2495/2495/2495
f 2489/2489/2489 2458/2458/2458 2496/2496/2496
f 2495/2495/2495 2497/2497/2497 2496/2496/2496
f 2100/2100/2100 2099/2099/2099 2096/2096/2096
f 2096/2096/2096 2099/2099/2099 2093/2093/2093
f 2096/2096/2096 2093/2093/2093 2084/2084/2084
f 2095/2095/2095 2096/2096/2096 2084/2084/2084
f 2094/2094/2094 2095/2095/2095 2084/2084/2084
f 2094/2094/2094 2084/2084/2084 2083/2083/2083
f 2492/2492/2492 2488/2488/2488 2491/2491/2491
f 2491/2491/2491 2488/2488/2488 2490/2490/2490
f 2488/2488/2488 2486/2486/2486 2490/2490/2490
f 2488/2488/2488 2487/2487/2487 2486/2486/2486
f 2486/2486/2486 2485/2485/2485 2484/2484/2484
f 2487/2487/2487 2485/2485/2485 2486/2486/2486
f 2484/2484/2484 2485/2485/2485 2479/2479/2479
f 2485/2485/2485 2467/2467/2467 2479/2479/2479
f 2467/2467/2467 2483/2483/2483 2479/2479/2479
f 2467/2467/2467 2485/2485/2485 2493/2493/2493
f 2464/2464/2464 2463/2463/2463 2500/2500/2500
f 2483/2483/2483 2464/2464/2464 2500/2500/2500
f 2467/2467/2467 2464/2464/2464 2483/2483/2483
f 2464/2464/2464 2462/2462/2462 2463/2463/2463
f 2463/2463/2463 2462/2462/2462 2461/2461/2461
f 2462/2462/2462 2459/2459/2459 2461/2461/2461
f 2459/2459/2459 2460/2460/2460 2461/2461/2461
f 2460/2460/2460 2459/2459/2459 2452/2452/2452
f 2494/2494/2494 2498/2498/2498 2495/2495/2495
f 2495/2495/2495 2498/2498/2498 2497/2497/2497
f 2498/2498/2498 2499/2499/2499 2497/2497/2497
f 6400/6400/6400 6398/6398/6398 6399/6399/6399
f 6304/6304/6304 6305/6305/6305 6302/6302/6302
f 6303/6303/6303 6304/6304/6304 6302/6302/6302
f 6398/6398/6398 6397/6397/6397 6399/6399/6399
f 6397/6397/6397 6402/6402/6402 6403/6403/6403
f 6397/6397/6397 6401/6401/6401 6402/6402/6402
f 6397/6397/6397 6392/6392/6392 6396/6396/6396
f 6401/6401/6401 6397/6397/6397 6396/6396/6396
f 6307/6307/6307 6308/6308/6308 6289/6289/6289
f 6185/6185/6185 6307/6307/6307 6289/6289/6289
f 6197/6197/6197 6307/6307/6307 6185/6185/6185
f 6197/6197/6197 6186/6186/6186 6188/6188/6188
f 6185/6185/6185 6186/6186/6186 6197/6197/6197
f 6188/6188/6188 6187/6187/6187 6189/6189/6189
f 6186/6186/6186 6187/6187/6187 6188/6188/6188
f 6189/6189/6189 6190/6190/6190 6198/6198/6198
f 6187/6187/6187 6190/6190/6190 6189/6189/6189
f 2096/2096/2096 2101/2101/2101 2100/2100/2100
f 2101/2101/2101 2104/2104/2104 2100/2100/2100
f 6199/6199/6199 6198/6198/6198 6190/6190/6190
f 2101/2101/2101 2096/2096/2096 2095/2095/2095
f 2493/2493/2493 2466/2466/2466 2467/2467/2467
f 2467/2467/2467 2466/2466/2466 2464/2464/2464
f 2464/2464/2464 2466/2466/2466 2465/2465/2465
f 2464/2464/2464 2465/2465/2465 2462/2462/2462
f 109/109/109 110/110/110 111/111/111
f 6392/6392/6392 6386/6386/6386 6396/6396/6396
f 110/110/110 109/109/109 112/112/112
f 6396/6396/6396 6386/6386/6386 6390/6390/6390
f 5566/5566/5566 5564/5564/5564 5565/5565/5565
f 5565/5565/5565 5564/5564/5564 5563/5563/5563
f 2157/2157/2157 2167/2167/2167 2145/2145/2145
f 2157/2157/2157 2168/2168/2168 2167/2167/2167
f 2156/2156/2156 2145/2145/2145 2141/2141/2141
f 2156/2156/2156 2157/2157/2157 2145/2145/2145
f 2143/2143/2143 2141/2141/2141 2139/2139/2139
f 2143/2143/2143 2156/2156/2156 2141/2141/2141
f 2144/2144/2144 2139/2139/2139 2137/2137/2137
f 2144/2144/2144 2143/2143/2143 2139/2139/2139
f 2162/2162/2162 2137/2137/2137 2135/2135/2135
f 2162/2162/2162 2144/2144/2144 2137/2137/2137
f 2154/2154/2154 2135/2135/2135 2134/2134/2134
f 2154/2154/2154 2162/2162/2162 2135/2135/2135
f 2155/2155/2155 2134/2134/2134 2133/2133/2133
f 2155/2155/2155 2154/2154/2154 2134/2134/2134
f 2213/2213/2213 2207/2207/2207 2212/2212/2212
f 2212/2212/2212 2207/2207/2207 2211/2211/2211
f 2853/2853/2853 2848/2848/2848 2858/2858/2858
f 2858/2858/2858 2848/2848/2848 2859/2859/2859
f 5562/5562/5562 5563/5563/5563 5564/5564/5564
f 2858/2858/2858 2865/2865/2865 2853/2853/2853
f 2207/2207/2207 2206/2206/2206 2201/2201/2201
f 2205/2205/2205 2207/2207/2207 2201/2201/2201
f 2211/2211/2211 2207/2207/2207 2205/2205/2205
f 2202/2202/2202 2201/2201/2201 2204/2204/2204
f 2201/2201/2201 2206/2206/2206 2204/2204/2204
f 3939/3939/3939 3941/3941/3941 3942/3942/3942
f 2210/2210/2210 2204/2204/2204 2206/2206/2206
f 3941/3941/3941 3946/3946/3946 3942/3942/3942
f 2776/2776/2776 2775/2775/2775 2777/2777/2777
f 2776/2776/2776 2777/2777/2777 2802/2802/2802
f 2777/2777/2777 2898/2898/2898 2802/2802/2802
f 5509/5509/5509 5513/5513/5513 5514/5514/5514
f 2884/2884/2884 2859/2859/2859 2848/2848/2848
f 5513/5513/5513 5515/5515/5515 5514/5514/5514
f 2203/2203/2203 2205/2205/2205 2201/2201/2201
f 2201/2201/2201 2202/2202/2202 2203/2203/2203
f 3940/3940/3940 3939/3939/3939 3943/3943/3943
f 3939/3939/3939 3940/3940/3940 3941/3941/3941
f 3835/3835/3835 3891/3891/3891 3833/3833/3833
f 3833/3833/3833 3891/3891/3891 3840/3840/3840
f 2740/2740/2740 2753/2753/2753 3100/3100/3100
f 2772/2772/2772 2740/2740/2740 3100/3100/3100
f 2772/2772/2772 3100/3100/3100 2775/2775/2775
f 2774/2774/2774 2772/2772/2772 2775/2775/2775
f 2776/2776/2776 2774/2774/2774 2775/2775/2775
f 2774/2774/2774 2776/2776/2776 2802/2802/2802
f 3947/3947/3947 3940/3940/3940 3943/3943/3943
f 3841/3841/3841 3834/3834/3834 3900/3900/3900
f 3900/3900/3900 3834/3834/3834 3838/3838/3838
f 3834/3834/3834 3833/3833/3833 3838/3838/3838
f 3833/3833/3833 3840/3840/3840 3838/3838/3838
f 3841/3841/3841 3839/3839/3839 3834/3834/3834
f 2730/2730/2730 2795/2795/2795 2728/2728/2728
f 2726/2726/2726 2727/2727/2727 2728/2728/2728
f 2728/2728/2728 2727/2727/2727 2730/2730/2730
f 2737/2737/2737 2729/2729/2729 2726/2726/2726
f 2726/2726/2726 2729/2729/2729 2727/2727/2727
f 2739/2739/2739 2738/2738/2738 2737/2737/2737
f 2737/2737/2737 2738/2738/2738 2729/2729/2729
f 2753/2753/2753 2740/2740/2740 2739/2739/2739
f 2740/2740/2740 2738/2738/2738 2739/2739/2739
f 2740/2740/2740 2742/2742/2742 2738/2738/2738
f 2740/2740/2740 2772/2772/2772 2770/2770/2770
f 2740/2740/2740 2770/2770/2770 2742/2742/2742
f 3843/3843/3843 3841/3841/3841 3900/3900/3900
f 3843/3843/3843 3842/3842/3842 3841/3841/3841
f 3842/3842/3842 3839/3839/3839 3841/3841/3841
f 3842/3842/3842 3847/3847/3847 3839/3839/3839
f 2732/2732/2732 2925/2925/2925 2730/2730/2730
f 2730/2730/2730 2925/2925/2925 2795/2795/2795
f 2731/2731/2731 2730/2730/2730 2727/2727/2727
f 2732/2732/2732 2730/2730/2730 2731/2731/2731
f 2736/2736/2736 2727/2727/2727 2729/2729/2729
f 2731/2731/2731 2727/2727/2727 2736/2736/2736
f 3094/3094/3094 2729/2729/2729 2738/2738/2738
f 2736/2736/2736 2729/2729/2729 3094/3094/3094
f 2767/2767/2767 2738/2738/2738 2742/2742/2742
f 3094/3094/3094 2738/2738/2738 2767/2767/2767
f 2742/2742/2742 2770/2770/2770 2799/2799/2799
f 2742/2742/2742 2799/2799/2799 2767/2767/2767
f 3846/3846/3846 3908/3908/3908 3909/3909/3909
f 3982/3982/3982 3981/3981/3981 3978/3978/3978
f 3981/3981/3981 3980/3980/3980 3978/3978/3978
f 3848/3848/3848 3847/3847/3847 3842/3842/3842
f 2733/2733/2733 2734/2734/2734 2732/2732/2732
f 2732/2732/2732 2734/2734/2734 2925/2925/2925
f 2731/2731/2731 2917/2917/2917 2769/2769/2769
f 2733/2733/2733 2731/2731/2731 2769/2769/2769
f 2732/2732/2732 2731/2731/2731 2733/2733/2733
f 3134/3134/3134 3135/3135/3135 3136/3136/3136
f 2731/2731/2731 3098/3098/3098 2917/2917/2917
f 2736/2736/2736 3098/3098/3098 2731/2731/2731
f 3101/3101/3101 2736/2736/2736 3094/3094/3094
f 3131/3131/3131 3132/3132/3132 3133/3133/3133
f 4942/4942/4942 4947/4947/4947 4948/4948/4948
f 4943/4943/4943 4947/4947/4947 4942/4942/4942
f 2767/2767/2767 2799/2799/2799 3095/3095/3095
f 2767/2767/2767 3095/3095/3095 3096/3096/3096
f 3984/3984/3984 3983/3983/3983 3982/3982/3982
f 3846/3846/3846 3857/3857/3857 3908/3908/3908
f 3856/3856/3856 3857/3857/3857 3846/3846/3846
f 3982/3982/3982 3983/3983/3983 3981/3981/3981
f 822/822/822 855/855/855 816/816/816
f 817/817/817 821/821/821 816/816/816
f 816/816/816 821/821/821 822/822/822
f 823/823/823 821/821/821 817/817/817
f 2756/2756/2756 2735/2735/2735 2733/2733/2733
f 2733/2733/2733 2735/2735/2735 2734/2734/2734
f 2733/2733/2733 2769/2769/2769 2761/2761/2761
f 2757/2757/2757 2733/2733/2733 2761/2761/2761
f 2756/2756/2756 2733/2733/2733 2757/2757/2757
f 2757/2757/2757 2761/2761/2761 2771/2771/2771
f 3098/3098/3098 2757/2757/2757 2771/2771/2771
f 2760/2760/2760 2757/2757/2757 3098/3098/3098
f 4941/4941/4941 4944/4944/4944 4943/4943/4943
f 4945/4945/4945 4944/4944/4944 4941/4941/4941
f 4940/4940/4940 4941/4941/4941 4938/4938/4938
f 4941/4941/4941 4942/4942/4942 4938/4938/4938
f 4941/4941/4941 4943/4943/4943 4942/4942/4942
f 5245/5245/5245 5240/5240/5240 5244/5244/5244
f 5240/5240/5240 5242/5242/5242 5244/5244/5244
f 5240/5240/5240 5241/5241/5241 5242/5242/5242
f 5278/5278/5278 5279/5279/5279 5280/5280/5280
f 5241/5241/5241 5247/5247/5247 5249/5249/5249
f 5240/5240/5240 5247/5247/5247 5241/5241/5241
f 5282/5282/5282 5279/5279/5279 5278/5278/5278
f 195/195/195 197/197/197 207/207/207
f 197/197/197 185/185/185 207/207/207
f 185/185/185 206/206/206 207/207/207
f 3858/3858/3858 3857/3857/3857 3856/3856/3856
f 3202/3202/3202 3204/3204/3204 3206/3206/3206
f 3206/3206/3206 3204/3204/3204 3207/3207/3207
f 827/827/827 822/822/822 821/821/821
f 3202/3202/3202 3206/3206/3206 3210/3210/3210
f 825/825/825 824/824/824 823/823/823
f 824/824/824 821/821/821 823/823/823
f 824/824/824 827/827/827 821/821/821
f 824/824/824 825/825/825 826/826/826
f 825/825/825 830/830/830 826/826/826
f 825/825/825 829/829/829 830/830/830
f 831/831/831 829/829/829 832/832/832
f 831/831/831 830/830/830 829/829/829
f 832/832/832 852/852/852 853/853/853
f 836/836/836 832/832/832 853/853/853
f 831/831/831 832/832/832 836/836/836
f 2758/2758/2758 2763/2763/2763 2762/2762/2762
f 2756/2756/2756 2758/2758/2758 2762/2762/2762
f 2757/2757/2757 2758/2758/2758 2756/2756/2756
f 2759/2759/2759 2757/2757/2757 2760/2760/2760
f 2758/2758/2758 2757/2757/2757 2759/2759/2759
f 4964/4964/4964 4963/4963/4963 4960/4960/4960
f 4963/4963/4963 4961/4961/4961 4960/4960/4960
f 4946/4946/4946 4945/4945/4945 4941/4941/4941
f 4960/4960/4960 4961/4961/4961 4962/4962/4962
f 718/718/718 725/725/725 729/729/729
f 727/727/727 728/728/728 725/725/725
f 725/725/725 728/728/728 729/729/729
f 1912/1912/1912 1915/1915/1915 1913/1913/1913
f 1247/1247/1247 1248/1248/1248 1249/1249/1249
f 5281/5281/5281 5280/5280/5280 5279/5279/5279
f 1247/1247/1247 1250/1250/1250 1248/1248/1248
f 1912/1912/1912 1913/1913/1913 1914/1914/1914
f 192/192/192 181/181/181 197/197/197
f 195/195/195 192/192/192 197/197/197
f 190/190/190 192/192/192 195/195/195
f 197/197/197 181/181/181 185/185/185
f 3202/3202/3202 3203/3203/3203 3204/3204/3204
f 3203/3203/3203 3202/3202/3202 3201/3201/3201
f 3202/3202/3202 3199/3199/3199 3201/3201/3201
f 3202/3202/3202 3210/3210/3210 3199/3199/3199
f 3197/3197/3197 3210/3210/3210 3196/3196/3196
f 3199/3199/3199 3210/3210/3210 3197/3197/3197
f 3196/3196/3196 3195/3195/3195 3194/3194/3194
f 3196/3196/3196 3194/3194/3194 3197/3197/3197
f 839/839/839 837/837/837 851/851/851
f 839/839/839 851/851/851 849/849/849
f 839/839/839 849/849/849 848/848/848
f 4964/4964/4964 4965/4965/4965 4963/4963/4963
f 715/715/715 716/716/716 717/717/717
f 850/850/850 848/848/848 849/849/849
f 716/716/716 715/715/715 712/712/712
f 716/716/716 712/712/712 718/718/718
f 712/712/712 725/725/725 718/718/718
f 712/712/712 719/719/719 725/725/725
f 725/725/725 726/726/726 727/727/727
f 725/725/725 719/719/719 726/726/726
f 726/726/726 723/723/723 737/737/737
f 1251/1251/1251 1248/1248/1248 1250/1250/1250
f 210/210/210 189/189/189 191/191/191
f 210/210/210 191/191/191 209/209/209
f 190/190/190 191/191/191 192/192/192
f 192/192/192 191/191/191 189/189/189
f 3199/3199/3199 3200/3200/3200 3201/3201/3201
f 3200/3200/3200 3199/3199/3199 3198/3198/3198
f 3198/3198/3198 3199/3199/3199 3197/3197/3197
f 2617/2617/2617 2618/2618/2618 2619/2619/2619
f 2617/2617/2617 2619/2619/2619 2620/2620/2620
f 3194/3194/3194 3211/3211/3211 3198/3198/3198
f 3197/3197/3197 3194/3194/3194 3198/3198/3198
f 113/113/113 114/114/114 115/115/115
f 713/713/713 712/712/712 715/715/715
f 712/712/712 713/713/713 714/714/714
f 712/712/712 714/714/714 719/719/719
f 719/719/719 714/714/714 720/720/720
f 719/719/719 720/720/720 726/726/726
f 726/726/726 720/720/720 723/723/723
f 2102/2102/2102 2107/2107/2107 2103/2103/2103
f 2107/2107/2107 2106/2106/2106 2103/2103/2103
f 2106/2106/2106 2093/2093/2093 2103/2103/2103
f 210/210/210 209/209/209 211/211/211
f 6354/6354/6354 6353/6353/6353 6355/6355/6355
f 6349/6349/6349 6330/6330/6330 6331/6331/6331
f 6349/6349/6349 6331/6331/6331 6353/6353/6353
f 6351/6351/6351 6349/6349/6349 6353/6353/6353
f 6354/6354/6354 6351/6351/6351 6353/6353/6353
f 6332/6332/6332 6330/6330/6330 6349/6349/6349
f 2452/2452/2452 2451/2451/2451 2450/2450/2450
f 2449/2449/2449 2458/2458/2458 2450/2450/2450
f 2449/2449/2449 2450/2450/2450 2451/2451/2451
f 2449/2449/2449 2494/2494/2494 2458/2458/2458
f 1955/1955/1955 1954/1954/1954 1956/1956/1956
f 6195/6195/6195 6194/6194/6194 6196/6196/6196
f 2102/2102/2102 2103/2103/2103 2099/2099/2099
f 2100/2100/2100 2102/2102/2102 2099/2099/2099
f 2113/2113/2113 2102/2102/2102 2100/2100/2100
f 2099/2099/2099 2103/2103/2103 2093/2093/2093
f 6330/6330/6330 6329/6329/6329 6331/6331/6331
f 6332/6332/6332 6326/6326/6326 6330/6330/6330
f 6326/6326/6326 6329/6329/6329 6330/6330/6330
f 6326/6326/6326 6328/6328/6328 6329/6329/6329
f 6328/6328/6328 6325/6325/6325 6334/6334/6334
f 6326/6326/6326 6325/6325/6325 6328/6328/6328
f 6335/6335/6335 6334/6334/6334 6325/6325/6325
f 6335/6335/6335 6325/6325/6325 6337/6337/6337
f 2462/2462/2462 2471/2471/2471 2459/2459/2459
f 2471/2471/2471 2456/2456/2456 2459/2459/2459
f 2459/2459/2459 2456/2456/2456 2452/2452/2452
f 2456/2456/2456 2453/2453/2453 2452/2452/2452
f 2453/2453/2453 2451/2451/2451 2452/2452/2452
f 2451/2451/2451 2453/2453/2453 2449/2449/2449
f 2449/2449/2449 2453/2453/2453 2454/2454/2454
f 2449/2449/2449 2454/2454/2454 2494/2494/2494
f 2454/2454/2454 2498/2498/2498 2494/2494/2494
f 6275/6275/6275 6274/6274/6274 6276/6276/6276
f 6400/6400/6400 6395/6395/6395 6398/6398/6398
f 6274/6274/6274 6277/6277/6277 6276/6276/6276
f 6395/6395/6395 6394/6394/6394 6393/6393/6393
f 6397/6397/6397 6395/6395/6395 6393/6393/6393
f 6398/6398/6398 6395/6395/6395 6397/6397/6397
f 6393/6393/6393 6392/6392/6392 6397/6397/6397
f 6289/6289/6289 6221/6221/6221 6185/6185/6185
f 6185/6185/6185 6221/6221/6221 6184/6184/6184
f 6182/6182/6182 6185/6185/6185 6184/6184/6184
f 6186/6186/6186 6185/6185/6185 6182/6182/6182
f 6363/6363/6363 6362/6362/6362 6359/6359/6359
f 6362/6362/6362 6360/6360/6360 6359/6359/6359
f 6187/6187/6187 6186/6186/6186 6182/6182/6182
f 6195/6195/6195 6193/6193/6193 6194/6194/6194
f 6193/6193/6193 6187/6187/6187 6194/6194/6194
f 6193/6193/6193 6190/6190/6190 6187/6187/6187
f 2100/2100/2100 2104/2104/2104 2113/2113/2113
f 2113/2113/2113 2104/2104/2104 2114/2114/2114
f 6337/6337/6337 6338/6338/6338 6335/6335/6335
f 6335/6335/6335 6338/6338/6338 6340/6340/6340
f 2466/2466/2466 2469/2469/2469 2465/2465/2465
f 6338/6338/6338 6347/6347/6347 6340/6340/6340
f 2462/2462/2462 2465/2465/2465 2471/2471/2471
f 2465/2465/2465 2470/2470/2470 2471/2471/2471
f 2465/2465/2465 2469/2469/2469 2470/2470/2470
f 2471/2471/2471 2470/2470/2470 2456/2456/2456
f 6394/6394/6394 6391/6391/6391 6393/6393/6393
f 6393/6393/6393 6391/6391/6391 6392/6392/6392
f 6391/6391/6391 6386/6386/6386 6392/6392/6392
f 6391/6391/6391 6387/6387/6387 6386/6386/6386
f 6390/6390/6390 6386/6386/6386 6389/6389/6389
f 6386/6386/6386 6388/6388/6388 6389/6389/6389
f 6386/6386/6386 6387/6387/6387 6388/6388/6388
f 6221/6221/6221 6213/6213/6213 6184/6184/6184
f 3230/3230/3230 3229/3229/3229 3231/3231/3231
f 2907/2907/2907 2908/2908/2908 2906/2906/2906
f 2908/2908/2908 2909/2909/2909 2906/2906/2906
f 2168/2168/2168 2157/2157/2157 2159/2159/2159
f 2158/2158/2158 2157/2157/2157 2156/2156/2156
f 2158/2158/2158 2159/2159/2159 2157/2157/2157
f 2160/2160/2160 2156/2156/2156 2143/2143/2143
f 2160/2160/2160 2158/2158/2158 2156/2156/2156
f 2163/2163/2163 2143/2143/2143 2144/2144/2144
f 2163/2163/2163 2160/2160/2160 2143/2143/2143
f 4317/4317/4317 4316/4316/4316 4343/4343/4343
f 4344/4344/4344 4345/4345/4345 4346/4346/4346
f 2163/2163/2163 2144/2144/2144 2162/2162/2162
f 4328/4328/4328 4324/4324/4324 4332/4332/4332
f 4332/4332/4332 4324/4324/4324 4343/4343/4343
f 4329/4329/4329 4327/4327/4327 4328/4328/4328
f 4328/4328/4328 4327/4327/4327 4324/4324/4324
f 4330/4330/4330 4327/4327/4327 4329/4329/4329
f 2852/2852/2852 2848/2848/2848 2853/2853/2853
f 2919/2919/2919 2852/2852/2852 2853/2853/2853
f 2919/2919/2919 2853/2853/2853 2865/2865/2865
f 3227/3227/3227 3228/3228/3228 3229/3229/3229
f 3230/3230/3230 3227/3227/3227 3229/3229/3229
f 2905/2905/2905 2907/2907/2907 2906/2906/2906
f 4322/4322/4322 4317/4317/4317 4343/4343/4343
f 4322/4322/4322 4343/4343/4343 4324/4324/4324
f 4322/4322/4322 4324/4324/4324 4323/4323/4323
f 4325/4325/4325 4326/4326/4326 4323/4323/4323
f 4324/4324/4324 4325/4325/4325 4323/4323/4323
f 4327/4327/4327 4325/4325/4325 4324/4324/4324
f 1611/1611/1611 1606/1606/1606 1612/1612/1612
f 1723/1723/1723 1724/1724/1724 1725/1725/1725
f 4330/4330/4330 4331/4331/4331 4327/4327/4327
f 1720/1720/1720 1721/1721/1721 1722/1722/1722
f 2542/2542/2542 2543/2543/2543 2544/2544/2544
f 1606/1606/1606 1607/1607/1607 1608/1608/1608
f 1607/1607/1607 1609/1609/1609 1608/1608/1608
f 3901/3901/3901 3902/3902/3902 3903/3903/3903
f 3901/3901/3901 3903/3903/3903 3904/3904/3904
f 3835/3835/3835 3901/3901/3901 3904/3904/3904
f 3158/3158/3158 3155/3155/3155 3159/3159/3159
f 2845/2845/2845 2851/2851/2851 2898/2898/2898
f 2845/2845/2845 2898/2898/2898 2848/2848/2848
f 2847/2847/2847 2845/2845/2845 2848/2848/2848
f 2852/2852/2852 2847/2847/2847 2848/2848/2848
f 2847/2847/2847 2852/2852/2852 2919/2919/2919
f 4333/4333/4333 4326/4326/4326 4325/4325/4325
f 1611/1611/1611 1610/1610/1610 1606/1606/1606
f 2544/2544/2544 2543/2543/2543 2545/2545/2545
f 3901/3901/3901 3836/3836/3836 3902/3902/3902
f 1607/1607/1607 1606/1606/1606 1610/1610/1610
f 3901/3901/3901 3835/3835/3835 3836/3836/3836
f 3835/3835/3835 3832/3832/3832 3836/3836/3836
f 3835/3835/3835 3833/3833/3833 3832/3832/3832
f 2773/2773/2773 2772/2772/2772 2774/2774/2774
f 2924/2924/2924 2773/2773/2773 2774/2774/2774
f 2924/2924/2924 2774/2774/2774 2802/2802/2802
f 3154/3154/3154 3153/3153/3153 3155/3155/3155
f 3158/3158/3158 3154/3154/3154 3155/3155/3155
f 2850/2850/2850 2851/2851/2851 2845/2845/2845
f 3830/3830/3830 3832/3832/3832 3833/3833/3833
f 3830/3830/3830 3833/3833/3833 3834/3834/3834
f 3834/3834/3834 3839/3839/3839 3830/3830/3830
f 3830/3830/3830 3839/3839/3839 3890/3890/3890
f 2778/2778/2778 2770/2770/2770 2773/2773/2773
f 2773/2773/2773 2770/2770/2770 2772/2772/2772
f 2773/2773/2773 2924/2924/2924 2801/2801/2801
f 2773/2773/2773 2801/2801/2801 2778/2778/2778
f 3847/3847/3847 3890/3890/3890 3839/3839/3839
f 3847/3847/3847 3849/3849/3849 3890/3890/3890
f 2948/2948/2948 2799/2799/2799 2778/2778/2778
f 2778/2778/2778 2799/2799/2799 2770/2770/2770
f 2778/2778/2778 2801/2801/2801 2803/2803/2803
f 2778/2778/2778 2803/2803/2803 2948/2948/2948
f 3848/3848/3848 3849/3849/3849 3847/3847/3847
f 3848/3848/3848 3850/3850/3850 3849/3849/3849
f 2918/2918/2918 2769/2769/2769 2917/2917/2917
f 3135/3135/3135 3137/3137/3137 3136/3136/3136
f 2814/2814/2814 3095/3095/3095 2948/2948/2948
f 2948/2948/2948 3095/3095/3095 2799/2799/2799
f 2948/2948/2948 2803/2803/2803 2809/2809/2809
f 2948/2948/2948 2809/2809/2809 2814/2814/2814
f 3859/3859/3859 3862/3862/3862 3899/3899/3899
f 3859/3859/3859 3899/3899/3899 3857/3857/3857
f 1949/1949/1949 1948/1948/1948 1935/1935/1935
f 1935/1935/1935 1948/1948/1948 1934/1934/1934
f 2918/2918/2918 2761/2761/2761 2769/2769/2769
f 1868/1868/1868 1869/1869/1869 1870/1870/1870
f 5246/5246/5246 5240/5240/5240 5245/5245/5245
f 5247/5247/5247 5240/5240/5240 5246/5246/5246
f 1252/1252/1252 1253/1253/1253 1254/1254/1254
f 2809/2809/2809 2810/2810/2810 2814/2814/2814
f 2123/2123/2123 2125/2125/2125 2126/2126/2126
f 2123/2123/2123 2124/2124/2124 2125/2125/2125
f 3858/3858/3858 3859/3859/3859 3857/3857/3857
f 3858/3858/3858 3860/3860/3860 3859/3859/3859
f 834/834/834 826/826/826 830/830/830
f 831/831/831 833/833/833 830/830/830
f 830/830/830 833/833/833 834/834/834
f 836/836/836 835/835/835 831/831/831
f 831/831/831 835/835/835 833/833/833
f 837/837/837 835/835/835 836/836/836
f 734/734/734 739/739/739 729/729/729
f 861/861/861 859/859/859 860/860/860
f 730/730/730 729/729/729 728/728/728
f 730/730/730 734/734/734 729/729/729
f 732/732/732 736/736/736 733/733/733
f 730/730/730 732/732/732 733/733/733
f 728/728/728 732/732/732 730/730/730
f 736/736/736 732/732/732 738/738/738
f 179/179/179 180/180/180 181/181/181
f 179/179/179 181/181/181 192/192/192
f 185/185/185 181/181/181 184/184/184
f 184/184/184 181/181/181 180/180/180
f 3193/3193/3193 3194/3194/3194 3192/3192/3192
f 3192/3192/3192 3194/3194/3194 3195/3195/3195
f 3190/3190/3190 3192/3192/3192 3191/3191/3191
f 3193/3193/3193 3192/3192/3192 3190/3190/3190
f 3189/3189/3189 3188/3188/3188 3187/3187/3187
f 3190/3190/3190 3189/3189/3189 3187/3187/3187
f 3191/3191/3191 3189/3189/3189 3190/3190/3190
f 838/838/838 835/835/835 837/837/837
f 839/839/839 838/838/838 837/837/837
f 841/841/841 838/838/838 839/839/839
f 845/845/845 839/839/839 848/848/848
f 845/845/845 841/841/841 839/839/839
f 847/847/847 848/848/848 850/850/850
f 847/847/847 845/845/845 848/848/848
f 850/850/850 860/860/860 859/859/859
f 850/850/850 859/859/859 847/847/847
f 116/116/116 117/117/117 118/118/118
f 2109/2109/2109 2106/2106/2106 2108/2108/2108
f 2110/2110/2110 2109/2109/2109 2108/2108/2108
f 6381/6381/6381 6382/6382/6382 6377/6377/6377
f 192/192/192 189/189/189 179/179/179
f 179/179/179 189/189/189 187/187/187
f 3193/3193/3193 3211/3211/3211 3194/3194/3194
f 3211/3211/3211 3193/3193/3193 3222/3222/3222
f 6352/6352/6352 6350/6350/6350 6351/6351/6351
f 3226/3226/3226 3223/3223/3223 3225/3225/3225
f 3190/3190/3190 3187/3187/3187 3186/3186/3186
f 3223/3223/3223 3224/3224/3224 3225/3225/3225
f 6238/6238/6238 6239/6239/6239 6240/6240/6240
f 6240/6240/6240 6239/6239/6239 6241/6241/6241
f 6240/6240/6240 6241/6241/6241 6242/6242/6242
f 6243/6243/6243 6240/6240/6240 6242/6242/6242
f 2107/2107/2107 2102/2102/2102 2108/2108/2108
f 2107/2107/2107 2108/2108/2108 2106/2106/2106
f 6350/6350/6350 6349/6349/6349 6351/6351/6351
f 6333/6333/6333 6327/6327/6327 6332/6332/6332
f 6333/6333/6333 6332/6332/6332 6349/6349/6349
f 6346/6346/6346 6333/6333/6333 6349/6349/6349
f 6350/6350/6350 6346/6346/6346 6349/6349/6349
f 6336/6336/6336 6327/6327/6327 6333/6333/6333
f 6404/6404/6404 6405/6405/6405 6406/6406/6406
f 1953/1953/1953 1954/1954/1954 1955/1955/1955
f 1750/1750/1750 1751/1751/1751 1752/1752/1752
f 6373/6373/6373 6374/6374/6374 6375/6375/6375
f 6196/6196/6196 6281/6281/6281 6195/6195/6195
f 6238/6238/6238 6240/6240/6240 6281/6281/6281
f 2113/2113/2113 2115/2115/2115 2102/2102/2102
f 2102/2102/2102 2115/2115/2115 2118/2118/2118
f 6327/6327/6327 6326/6326/6326 6332/6332/6332
f 6336/6336/6336 6324/6324/6324 6327/6327/6327
f 6324/6324/6324 6326/6326/6326 6327/6327/6327
f 6324/6324/6324 6325/6325/6325 6326/6326/6326
f 6321/6321/6321 6322/6322/6322 6337/6337/6337
f 6325/6325/6325 6321/6321/6321 6337/6337/6337
f 6324/6324/6324 6321/6321/6321 6325/6325/6325
f 6416/6416/6416 6413/6413/6413 6417/6417/6417
f 6319/6319/6319 6322/6322/6322 6321/6321/6321
f 6411/6411/6411 6412/6412/6412 6413/6413/6413
f 6411/6411/6411 6413/6413/6413 6416/6416/6416
f 6311/6311/6311 6315/6315/6315 6314/6314/6314
f 6313/6313/6313 6311/6311/6311 6314/6314/6314
f 6312/6312/6312 6311/6311/6311 6313/6313/6313
f 6311/6311/6311 6310/6310/6310 6275/6275/6275
f 6312/6312/6312 6310/6310/6310 6311/6311/6311
f 6275/6275/6275 6205/6205/6205 6274/6274/6274
f 6310/6310/6310 6205/6205/6205 6275/6275/6275
f 6274/6274/6274 6180/6180/6180 6277/6277/6277
f 6205/6205/6205 6180/6180/6180 6274/6274/6274
f 6342/6342/6342 6357/6357/6357 6343/6343/6343
f 6277/6277/6277 6342/6342/6342 6343/6343/6343
f 6180/6180/6180 6342/6342/6342 6277/6277/6277
f 6174/6174/6174 6287/6287/6287 6357/6357/6357
f 6174/6174/6174 6357/6357/6357 6342/6342/6342
f 6167/6167/6167 6183/6183/6183 6287/6287/6287
f 6167/6167/6167 6287/6287/6287 6174/6174/6174
f 6182/6182/6182 6184/6184/6184 6183/6183/6183
f 6167/6167/6167 6182/6182/6182 6183/6183/6183
f 6165/6165/6165 6182/6182/6182 6167/6167/6167
f 6359/6359/6359 6360/6360/6360 6361/6361/6361
f 6278/6278/6278 6182/6182/6182 6165/6165/6165
f 1751/1751/1751 1753/1753/1753 1752/1752/1752
f 2114/2114/2114 2115/2115/2115 2113/2113/2113
f 6322/6322/6322 6338/6338/6338 6337/6337/6337
f 6338/6338/6338 6322/6322/6322 6347/6347/6347
f 6347/6347/6347 6322/6322/6322 6348/6348/6348
f 6415/6415/6415 6413/6413/6413 6414/6414/6414
f 6414/6414/6414 6413/6413/6413 6412/6412/6412
f 6316/6316/6316 6314/6314/6314 6315/6315/6315
f 6357/6357/6357 6358/6358/6358 6343/6343/6343
f 6358/6358/6358 6357/6357/6357 6288/6288/6288
f 6288/6288/6288 6357/6357/6357 6287/6287/6287
f 6288/6288/6288 6287/6287/6287 6213/6213/6213
f 6213/6213/6213 6287/6287/6287 6183/6183/6183
f 6213/6213/6213 6183/6183/6183 6184/6184/6184
f 2910/2910/2910 2906/2906/2906 2909/2909/2909
f 4318/4318/4318 4319/4319/4319 4320/4320/4320
f 2909/2909/2909 2911/2911/2911 2910/2910/2910
f 4315/4315/4315 4313/4313/4313 4318/4318/4318
f 4318/4318/4318 4313/4313/4313 4319/4319/4319
f 4316/4316/4316 4314/4314/4314 4315/4315/4315
f 4315/4315/4315 4314/4314/4314 4313/4313/4313
f 4317/4317/4317 4314/4314/4314 4316/4316/4316
f 2904/2904/2904 2919/2919/2919 2905/2905/2905
f 2903/2903/2903 2904/2904/2904 2905/2905/2905
f 2903/2903/2903 2905/2905/2905 2906/2906/2906
f 2912/2912/2912 2903/2903/2903 2906/2906/2906
f 2910/2910/2910 2912/2912/2912 2906/2906/2906
f 2912/2912/2912 2910/2910/2910 2911/2911/2911
f 2912/2912/2912 2911/2911/2911 2913/2913/2913
f 4338/4338/4338 4319/4319/4319 4313/4313/4313
f 4338/4338/4338 4313/4313/4313 4311/4311/4311
f 4309/4309/4309 4308/4308/4308 4311/4311/4311
f 4313/4313/4313 4309/4309/4309 4311/4311/4311
f 4314/4314/4314 4309/4309/4309 4313/4313/4313
f 4309/4309/4309 4314/4314/4314 4317/4317/4317
f 4321/4321/4321 4309/4309/4309 4317/4317/4317
f 4322/4322/4322 4321/4321/4321 4317/4317/4317
f 4351/4351/4351 4352/4352/4352 4353/4353/4353
f 4335/4335/4335 4321/4321/4321 4334/4334/4334
f 4321/4321/4321 4323/4323/4323 4334/4334/4334
f 4321/4321/4321 4322/4322/4322 4323/4323/4323
f 4359/4359/4359 4356/4356/4356 4358/4358/4358
f 4356/4356/4356 4357/4357/4357 4358/4358/4358
f 1098/1098/1098 1101/1101/1101 1099/1099/1099
f 1098/1098/1098 1099/1099/1099 1100/1100/1100
f 1074/1074/1074 1073/1073/1073 1076/1076/1076
f 1073/1073/1073 1077/1077/1077 1076/1076/1076
f 2611/2611/2611 2612/2612/2612 2613/2613/2613
f 3905/3905/3905 3906/3906/3906 3903/3903/3903
f 3902/3902/3902 3905/3905/3905 3903/3903/3903
f 2846/2846/2846 2845/2845/2845 2847/2847/2847
f 2849/2849/2849 2846/2846/2846 2847/2847/2847
f 2849/2849/2849 2847/2847/2847 2919/2919/2919
f 2901/2901/2901 2849/2849/2849 2919/2919/2919
f 2904/2904/2904 2901/2901/2901 2919/2919/2919
f 2901/2901/2901 2904/2904/2904 2903/2903/2903
f 4307/4307/4307 4308/4308/4308 4309/4309/4309
f 4307/4307/4307 4309/4309/4309 4312/4312/4312
f 4336/4336/4336 4335/4335/4335 4334/4334/4334
f 1098/1098/1098 1102/1102/1102 1101/1101/1101
f 4419/4419/4419 4406/4406/4406 4417/4417/4417
f 3953/3953/3953 3954/3954/3954 3955/3955/3955
f 1073/1073/1073 1074/1074/1074 1075/1075/1075
f 3907/3907/3907 3905/3905/3905 3902/3902/3902
f 3836/3836/3836 3907/3907/3907 3902/3902/3902
f 1188/1188/1188 1190/1190/1190 1191/1191/1191
f 3831/3831/3831 3837/3837/3837 3832/3832/3832
f 1195/1195/1195 1191/1191/1191 1197/1197/1197
f 1195/1195/1195 1188/1188/1188 1191/1191/1191
f 1203/1203/1203 1198/1198/1198 1195/1195/1195
f 3152/3152/3152 3153/3153/3153 3154/3154/3154
f 3156/3156/3156 3152/3152/3152 3154/3154/3154
f 2844/2844/2844 2850/2850/2850 2845/2845/2845
f 2843/2843/2843 2844/2844/2844 2845/2845/2845
f 2846/2846/2846 2843/2843/2843 2845/2845/2845
f 2843/2843/2843 2846/2846/2846 2849/2849/2849
f 3830/3830/3830 3831/3831/3831 3832/3832/3832
f 1210/1210/1210 1209/1209/1209 1203/1203/1203
f 1209/1209/1209 1198/1198/1198 1203/1203/1203
f 1209/1209/1209 1220/1220/1220 1198/1198/1198
f 2804/2804/2804 2801/2801/2801 2813/2813/2813
f 2813/2813/2813 2801/2801/2801 2924/2924/2924
f 3152/3152/3152 3156/3156/3156 3157/3157/3157
f 2813/2813/2813 2879/2879/2879 2804/2804/2804
f 1221/1221/1221 1223/1223/1223 1222/1222/1222
f 1220/1220/1220 1221/1221/1221 1222/1222/1222
f 1209/1209/1209 1221/1221/1221 1220/1220/1220
f 1223/1223/1223 1224/1224/1224 1222/1222/1222
f 2805/2805/2805 2803/2803/2803 2804/2804/2804
f 2804/2804/2804 2803/2803/2803 2801/2801/2801
f 3164/3164/3164 3161/3161/3161 3163/3163/3163
f 2804/2804/2804 2914/2914/2914 2805/2805/2805
f 1929/1929/1929 1936/1936/1936 1937/1937/1937
f 1950/1950/1950 1929/1929/1929 1937/1937/1937
f 3850/3850/3850 3851/3851/3851 3849/3849/3849
f 1937/1937/1937 1936/1936/1936 1938/1938/1938
f 2807/2807/2807 2806/2806/2806 2805/2805/2805
f 2806/2806/2806 2803/2803/2803 2805/2805/2805
f 2806/2806/2806 2809/2809/2809 2803/2803/2803
f 2807/2807/2807 2805/2805/2805 2914/2914/2914
f 1943/1943/1943 1931/1931/1931 1934/1934/1934
f 3861/3861/3861 3862/3862/3862 3859/3859/3859
f 1935/1935/1935 1934/1934/1934 1929/1929/1929
f 1929/1929/1929 1934/1934/1934 1931/1931/1931
f 2806/2806/2806 2810/2810/2810 2809/2809/2809
f 2812/2812/2812 2810/2810/2810 2806/2806/2806
f 3860/3860/3860 3861/3861/3861 3859/3859/3859
f 184/184/184 186/186/186 213/213/213
f 2956/2956/2956 3099/3099/3099 2979/2979/2979
f 2956/2956/2956 2979/2979/2979 2954/2954/2954
f 2979/2979/2979 2951/2951/2951 2954/2954/2954
f 2979/2979/2979 2950/2950/2950 2951/2951/2951
f 2950/2950/2950 2810/2810/2810 2812/2812/2812
f 2950/2950/2950 2812/2812/2812 2951/2951/2951
f 182/182/182 183/183/183 180/180/180
f 182/182/182 180/180/180 179/179/179
f 184/184/184 180/180/180 186/186/186
f 186/186/186 180/180/180 183/183/183
f 3185/3185/3185 3187/3187/3187 3188/3188/3188
f 841/841/841 842/842/842 838/838/838
f 838/838/838 842/842/842 843/843/843
f 845/845/845 844/844/844 841/841/841
f 841/841/841 844/844/844 842/842/842
f 847/847/847 846/846/846 845/845/845
f 845/845/845 846/846/846 844/844/844
f 3099/3099/3099 2956/2956/2956 3093/3093/3093
f 2956/2956/2956 2977/2977/2977 3093/3093/3093
f 2956/2956/2956 2957/2957/2957 2977/2977/2977
f 2956/2956/2956 2954/2954/2954 2955/2955/2955
f 2956/2956/2956 2955/2955/2955 2957/2957/2957
f 6236/6236/6236 6249/6249/6249 6273/6273/6273
f 6309/6309/6309 6241/6241/6241 6273/6273/6273
f 6376/6376/6376 6377/6377/6377 6378/6378/6378
f 6379/6379/6379 6377/6377/6377 6376/6376/6376
f 6377/6377/6377 6380/6380/6380 6381/6381/6381
f 6379/6379/6379 6380/6380/6380 6377/6377/6377
f 179/179/179 187/187/187 182/182/182
f 182/182/182 187/187/187 188/188/188
f 2971/2971/2971 2972/2972/2972 2970/2970/2970
f 3185/3185/3185 3186/3186/3186 3187/3187/3187
f 2968/2968/2968 2970/2970/2970 2969/2969/2969
f 2971/2971/2971 2970/2970/2970 2968/2968/2968
f 2966/2966/2966 2969/2969/2969 2974/2974/2974
f 2968/2968/2968 2969/2969/2969 2966/2966/2966
f 2964/2964/2964 2974/2974/2974 2977/2977/2977
f 2966/2966/2966 2974/2974/2974 2964/2964/2964
f 2959/2959/2959 2977/2977/2977 2957/2957/2957
f 2964/2964/2964 2977/2977/2977 2959/2959/2959
f 2957/2957/2957 2955/2955/2955 2958/2958/2958
f 2957/2957/2957 2958/2958/2958 2959/2959/2959
f 6236/6236/6236 6273/6273/6273 6239/6239/6239
f 6238/6238/6238 6236/6236/6236 6239/6239/6239
f 6234/6234/6234 6236/6236/6236 6238/6238/6238
f 6239/6239/6239 6273/6273/6273 6241/6241/6241
f 6345/6345/6345 6333/6333/6333 6346/6346/6346
f 6333/6333/6333 6345/6345/6345 6336/6336/6336
f 6345/6345/6345 6323/6323/6323 6336/6336/6336
f 2971/2971/2971 2968/2968/2968 2973/2973/2973
f 2967/2967/2967 2968/2968/2968 2966/2966/2966
f 2973/2973/2973 2968/2968/2968 2967/2967/2967
f 2965/2965/2965 2966/2966/2966 2964/2964/2964
f 2967/2967/2967 2966/2966/2966 2965/2965/2965
f 2963/2963/2963 2964/2964/2964 2959/2959/2959
f 2965/2965/2965 2964/2964/2964 2963/2963/2963
f 2959/2959/2959 2958/2958/2958 2960/2960/2960
f 2962/2962/2962 2959/2959/2959 2960/2960/2960
f 2963/2963/2963 2959/2959/2959 2962/2962/2962
f 2975/2975/2975 2962/2962/2962 2960/2960/2960
f 6164/6164/6164 6179/6179/6179 6181/6181/6181
f 6281/6281/6281 6278/6278/6278 6181/6181/6181
f 6179/6179/6179 6281/6281/6281 6181/6181/6181
f 6228/6228/6228 6281/6281/6281 6179/6179/6179
f 6238/6238/6238 6281/6281/6281 6234/6234/6234
f 6234/6234/6234 6281/6281/6281 6228/6228/6228
f 6323/6323/6323 6324/6324/6324 6336/6336/6336
f 6324/6324/6324 6323/6323/6323 6321/6321/6321
f 6321/6321/6321 6323/6323/6323 6320/6320/6320
f 6321/6321/6321 6320/6320/6320 6319/6319/6319
f 6319/6319/6319 6320/6320/6320 6318/6318/6318
f 6319/6319/6319 6318/6318/6318 6313/6313/6313
f 6313/6313/6313 6318/6318/6318 6317/6317/6317
f 6313/6313/6313 6317/6317/6317 6312/6312/6312
f 6312/6312/6312 6317/6317/6317 6339/6339/6339
f 2975/2975/2975 2976/2976/2976 2962/2962/2962
f 6226/6226/6226 6312/6312/6312 6339/6339/6339
f 6226/6226/6226 6310/6310/6310 6312/6312/6312
f 6310/6310/6310 6175/6175/6175 6205/6205/6205
f 6226/6226/6226 6175/6175/6175 6310/6310/6310
f 6205/6205/6205 6171/6171/6171 6180/6180/6180
f 6175/6175/6175 6171/6171/6171 6205/6205/6205
f 6180/6180/6180 6169/6169/6169 6342/6342/6342
f 6171/6171/6171 6169/6169/6169 6180/6180/6180
f 6342/6342/6342 6168/6168/6168 6174/6174/6174
f 6169/6169/6169 6168/6168/6168 6342/6342/6342
f 6174/6174/6174 6162/6162/6162 6167/6167/6167
f 6168/6168/6168 6162/6162/6162 6174/6174/6174
f 6181/6181/6181 6165/6165/6165 6164/6164/6164
f 6165/6165/6165 6162/6162/6162 6164/6164/6164
f 6165/6165/6165 6167/6167/6167 6162/6162/6162
f 6165/6165/6165 6181/6181/6181 6278/6278/6278
f 2902/2902/2902 2903/2903/2903 2912/2912/2912
f 2913/2913/2913 2946/2946/2946 2912/2912/2912
f 2912/2912/2912 2946/2946/2946 2902/2902/2902
f 4311/4311/4311 4310/4310/4310 4338/4338/4338
f 4338/4338/4338 4310/4310/4310 4340/4340/4340
f 4308/4308/4308 4310/4310/4310 4311/4311/4311
f 4354/4354/4354 4351/4351/4351 4353/4353/4353
f 4335/4335/4335 4337/4337/4337 4321/4321/4321
f 4403/4403/4403 4404/4404/4404 4405/4405/4405
f 4405/4405/4405 4404/4404/4404 4406/4406/4406
f 1187/1187/1187 1216/1216/1216 1194/1194/1194
f 1216/1216/1216 1217/1217/1217 1194/1194/1194
f 4410/4410/4410 4403/4403/4403 4405/4405/4405
f 1189/1189/1189 1196/1196/1196 1187/1187/1187
f 1187/1187/1187 1196/1196/1196 1216/1216/1216
f 1189/1189/1189 1193/1193/1193 1196/1196/1196
f 2900/2900/2900 2849/2849/2849 2901/2901/2901
f 2903/2903/2903 2902/2902/2902 2901/2901/2901
f 2902/2902/2902 2900/2900/2900 2901/2901/2901
f 1433/1433/1433 1432/1432/1432 1437/1437/1437
f 1430/1430/1430 1433/1433/1433 1429/1429/1429
f 1432/1432/1432 1433/1433/1433 1430/1430/1430
f 1426/1426/1426 1429/1429/1429 1427/1427/1427
f 1430/1430/1430 1429/1429/1429 1426/1426/1426
f 4307/4307/4307 4303/4303/4303 4308/4308/4308
f 4303/4303/4303 4310/4310/4310 4308/4308/4308
f 1425/1425/1425 1426/1426/1426 1427/1427/1427
f 4306/4306/4306 4303/4303/4303 4307/4307/4307
f 4306/4306/4306 4307/4307/4307 4312/4312/4312
f 4339/4339/4339 4306/4306/4306 4312/4312/4312
f 4354/4354/4354 4355/4355/4355 4351/4351/4351
f 4339/4339/4339 4337/4337/4337 4335/4335/4335
f 4336/4336/4336 4339/4339/4339 4335/4335/4335
f 4411/4411/4411 4409/4409/4409 4417/4417/4417
f 4417/4417/4417 4406/4406/4406 4404/4404/4404
f 4417/4417/4417 4404/4404/4404 4411/4411/4411
f 1190/1190/1190 1187/1187/1187 1194/1194/1194
f 1187/1187/1187 1190/1190/1190 1188/1188/1188
f 1187/1187/1187 1188/1188/1188 1189/1189/1189
f 1192/1192/1192 1193/1193/1193 1189/1189/1189
f 1188/1188/1188 1192/1192/1192 1189/1189/1189
f 1195/1195/1195 1192/1192/1192 1188/1188/1188
f 1199/1199/1199 1186/1186/1186 1198/1198/1198
f 1186/1186/1186 1195/1195/1195 1198/1198/1198
f 1186/1186/1186 1192/1192/1192 1195/1195/1195
f 1199/1199/1199 1200/1200/1200 1186/1186/1186
f 2842/2842/2842 2844/2844/2844 2843/2843/2843
f 2841/2841/2841 2842/2842/2842 2843/2843/2843
f 2841/2841/2841 2843/2843/2843 2849/2849/2849
f 2899/2899/2899 2841/2841/2841 2849/2849/2849
f 2900/2900/2900 2899/2899/2899 2849/2849/2849
f 1435/1435/1435 1437/1437/1437 1432/1432/1432
f 1435/1435/1435 1432/1432/1432 1434/1434/1434
f 4292/4292/4292 4291/4291/4291 4293/4293/4293
f 1432/1432/1432 1431/1431/1431 1434/1434/1434
f 1430/1430/1430 1431/1431/1431 1432/1432/1432
f 1426/1426/1426 1428/1428/1428 1436/1436/1436
f 1431/1431/1431 1426/1426/1426 1436/1436/1436
f 1430/1430/1430 1426/1426/1426 1431/1431/1431
f 1428/1428/1428 1426/1426/1426 1425/1425/1425
f 4299/4299/4299 4303/4303/4303 4300/4300/4300
f 4300/4300/4300 4303/4303/4303 4306/4306/4306
f 1220/1220/1220 1225/1225/1225 1199/1199/1199
f 1220/1220/1220 1199/1199/1199 1198/1198/1198
f 1200/1200/1200 1199/1199/1199 1218/1218/1218
f 1199/1199/1199 1219/1219/1219 1218/1218/1218
f 1199/1199/1199 1225/1225/1225 1219/1219/1219
f 1219/1219/1219 1205/1205/1205 1218/1218/1218
f 3087/3087/3087 2879/2879/2879 2842/2842/2842
f 2842/2842/2842 2879/2879/2879 2844/2844/2844
f 2842/2842/2842 2841/2841/2841 2839/2839/2839
f 2842/2842/2842 2839/2839/2839 3087/3087/3087
f 4290/4290/4290 4291/4291/4291 4292/4292/4292
f 1439/1439/1439 1431/1431/1431 1436/1436/1436
f 1222/1222/1222 1225/1225/1225 1220/1220/1220
f 1925/1925/1925 1952/1952/1952 1920/1920/1920
f 2562/2562/2562 2563/2563/2563 2564/2564/2564
f 1938/1938/1938 1918/1918/1918 1920/1920/1920
f 1224/1224/1224 1225/1225/1225 1222/1222/1222
f 1925/1925/1925 1920/1920/1920 1921/1921/1921
f 2838/2838/2838 2866/2866/2866 3087/3087/3087
f 3160/3160/3160 3161/3161/3161 3162/3162/3162
f 3160/3160/3160 3163/3163/3163 3161/3161/3161
f 2838/2838/2838 3087/3087/3087 2839/2839/2839
f 1929/1929/1929 1927/1927/1927 1936/1936/1936
f 1927/1927/1927 1916/1916/1916 1936/1936/1936
f 1916/1916/1916 1938/1938/1938 1936/1936/1936
f 1916/1916/1916 1918/1918/1918 1938/1938/1938
f 2808/2808/2808 2806/2806/2806 2807/2807/2807
f 2811/2811/2811 2808/2808/2808 2807/2807/2807
f 2914/2914/2914 2811/2811/2811 2807/2807/2807
f 2866/2866/2866 2811/2811/2811 2914/2914/2914
f 119/119/119 120/120/120 121/121/121
f 1932/1932/1932 1930/1930/1930 1931/1931/1931
f 1931/1931/1931 1930/1930/1930 1929/1929/1929
f 1930/1930/1930 1922/1922/1922 1929/1929/1929
f 1922/1922/1922 1927/1927/1927 1929/1929/1929
f 1927/1927/1927 1922/1922/1922 1916/1916/1916
f 2920/2920/2920 2812/2812/2812 2808/2808/2808
f 2808/2808/2808 2812/2812/2812 2806/2806/2806
f 2808/2808/2808 2811/2811/2811 2815/2815/2815
f 2808/2808/2808 2815/2815/2815 2920/2920/2920
f 6407/6407/6407 6408/6408/6408 6409/6409/6409
f 1951/1951/1951 1933/1933/1933 1932/1932/1932
f 186/186/186 242/242/242 241/241/241
f 213/213/213 186/186/186 241/241/241
f 6409/6409/6409 6408/6408/6408 6410/6410/6410
f 1932/1932/1932 1933/1933/1933 1930/1930/1930
f 2953/2953/2953 2954/2954/2954 2951/2951/2951
f 2952/2952/2952 2953/2953/2953 2951/2951/2951
f 2952/2952/2952 2951/2951/2951 2812/2812/2812
f 3142/3142/3142 3144/3144/3144 3143/3143/3143
f 3141/3141/3141 3142/3142/3142 3143/3143/3143
f 3142/3142/3142 3141/3141/3141 3145/3145/3145
f 6237/6237/6237 6251/6251/6251 6250/6250/6250
f 6252/6252/6252 6250/6250/6250 6251/6251/6251
f 6263/6263/6263 6255/6255/6255 6265/6265/6265
f 6265/6265/6265 6255/6255/6255 6259/6259/6259
f 6265/6265/6265 6259/6259/6259 6279/6279/6279
f 6280/6280/6280 6265/6265/6265 6279/6279/6279
f 183/183/183 182/182/182 225/225/225
f 183/183/183 225/225/225 186/186/186
f 2978/2978/2978 2955/2955/2955 2953/2953/2953
f 2953/2953/2953 2955/2955/2955 2954/2954/2954
f 2953/2953/2953 2952/2952/2952 3102/3102/3102
f 2953/2953/2953 3102/3102/3102 2978/2978/2978
f 6237/6237/6237 6250/6250/6250 6249/6249/6249
f 6236/6236/6236 6237/6237/6237 6249/6249/6249
f 6235/6235/6235 6237/6237/6237 6236/6236/6236
f 6252/6252/6252 6272/6272/6272 6250/6250/6250
f 6272/6272/6272 6249/6249/6249 6250/6250/6250
f 6272/6272/6272 6341/6341/6341 6249/6249/6249
f 6265/6265/6265 6356/6356/6356 6263/6263/6263
f 6356/6356/6356 6272/6272/6272 6263/6263/6263
f 6356/6356/6356 6341/6341/6341 6272/6272/6272
f 6356/6356/6356 6265/6265/6265 6280/6280/6280
f 2961/2961/2961 2958/2958/2958 2978/2978/2978
f 2978/2978/2978 2958/2958/2958 2955/2955/2955
f 3165/3165/3165 3168/3168/3168 3166/3166/3166
f 3165/3165/3165 3166/3166/3166 3167/3167/3167
f 1310/1310/1310 1308/1308/1308 1309/1309/1309
f 1308/1308/1308 1307/1307/1307 1309/1309/1309
f 6235/6235/6235 6234/6234/6234 6233/6233/6233
f 6235/6235/6235 6236/6236/6236 6234/6234/6234
f 2961/2961/2961 2960/2960/2960 2958/2958/2958
f 6212/6212/6212 6216/6216/6216 6217/6217/6217
f 6212/6212/6212 6217/6217/6217 6218/6218/6218
f 6219/6219/6219 6212/6212/6212 6218/6218/6218
f 6220/6220/6220 6219/6219/6219 6218/6218/6218
f 6215/6215/6215 6216/6216/6216 6212/6212/6212
f 6163/6163/6163 6223/6223/6223 6161/6161/6161
f 6179/6179/6179 6164/6164/6164 6161/6161/6161
f 6223/6223/6223 6179/6179/6179 6161/6161/6161
f 6227/6227/6227 6179/6179/6179 6223/6223/6223
f 6233/6233/6233 6228/6228/6228 6229/6229/6229
f 6228/6228/6228 6227/6227/6227 6229/6229/6229
f 6228/6228/6228 6179/6179/6179 6227/6227/6227
f 6228/6228/6228 6233/6233/6233 6234/6234/6234
f 6216/6216/6216 6226/6226/6226 6217/6217/6217
f 6424/6424/6424 6423/6423/6423 6425/6425/6425
f 6423/6423/6423 6426/6426/6426 6425/6425/6425
f 6178/6178/6178 6175/6175/6175 6226/6226/6226
f 6175/6175/6175 6172/6172/6172 6171/6171/6171
f 6178/6178/6178 6172/6172/6172 6175/6175/6175
f 6171/6171/6171 6170/6170/6170 6169/6169/6169
f 6172/6172/6172 6170/6170/6170 6171/6171/6171
f 6169/6169/6169 6166/6166/6166 6168/6168/6168
f 6170/6170/6170 6166/6166/6166 6169/6169/6169
f 6161/6161/6161 6162/6162/6162 6163/6163/6163
f 6162/6162/6162 6166/6166/6166 6163/6163/6163
f 6162/6162/6162 6168/6168/6168 6166/6166/6166
f 6162/6162/6162 6161/6161/6161 6164/6164/6164
f 4399/4399/4399 4400/4400/4400 4403/4403/4403
f 4403/4403/4403 4400/4400/4400 4404/4404/4404
f 4413/4413/4413 4403/4403/4403 4410/4410/4410
f 4413/4413/4413 4399/4399/4399 4403/4403/4403
f 4423/4423/4423 4425/4425/4425 4426/4426/4426
f 4423/4423/4423 4424/4424/4424 4425/4425/4425
f 1183/1183/1183 1184/1184/1184 1193/1193/1193
f 1184/1184/1184 1196/1196/1196 1193/1193/1193
f 4427/4427/4427 4423/4423/4423 4426/4426/4426
f 1181/1181/1181 1182/1182/1182 1183/1183/1183
f 1183/1183/1183 1182/1182/1182 1184/1184/1184
f 1181/1181/1181 1185/1185/1185 1182/1182/1182
f 4301/4301/4301 4306/4306/4306 4339/4339/4339
f 1172/1172/1172 1174/1174/1174 1171/1171/1171
f 4409/4409/4409 4401/4401/4401 4408/4408/4408
f 4409/4409/4409 4411/4411/4411 4401/4401/4401
f 4411/4411/4411 4404/4404/4404 4400/4400/4400
f 4411/4411/4411 4400/4400/4400 4401/4401/4401
f 1192/1192/1192 1183/1183/1183 1193/1193/1193
f 1183/1183/1183 1192/1192/1192 1186/1186/1186
f 1183/1183/1183 1186/1186/1186 1181/1181/1181
f 1202/1202/1202 1201/1201/1201 1200/1200/1200
f 1200/1200/1200 1201/1201/1201 1186/1186/1186
f 1201/1201/1201 1185/1185/1185 1186/1186/1186
f 1185/1185/1185 1181/1181/1181 1186/1186/1186
f 1202/1202/1202 1204/1204/1204 1201/1201/1201
f 2840/2840/2840 2841/2841/2841 2899/2899/2899
f 2921/2921/2921 2856/2856/2856 2899/2899/2899
f 2899/2899/2899 2856/2856/2856 2840/2840/2840
f 4291/4291/4291 4294/4294/4294 4293/4293/4293
f 1438/1438/1438 1436/1436/1436 1428/1428/1428
f 4300/4300/4300 4298/4298/4298 4299/4299/4299
f 4299/4299/4299 4298/4298/4298 4296/4296/4296
f 4306/4306/4306 4301/4301/4301 4300/4300/4300
f 4301/4301/4301 4298/4298/4298 4300/4300/4300
f 4301/4301/4301 4302/4302/4302 4298/4298/4298
f 1172/1172/1172 1171/1171/1171 1160/1160/1160
f 1172/1172/1172 1160/1160/1160 1173/1173/1173
f 1218/1218/1218 1202/1202/1202 1200/1200/1200
f 1218/1218/1218 1205/1205/1205 1202/1202/1202
f 1205/1205/1205 1204/1204/1204 1202/1202/1202
f 1205/1205/1205 1215/1215/1215 1204/1204/1204
f 2837/2837/2837 2839/2839/2839 2840/2840/2840
f 2840/2840/2840 2839/2839/2839 2841/2841/2841
f 2854/2854/2854 2840/2840/2840 2856/2856/2856
f 2837/2837/2837 2840/2840/2840 2854/2854/2854
f 4290/4290/4290 4295/4295/4295 4291/4291/4291
f 4295/4295/4295 4294/4294/4294 4291/4291/4291
f 2857/2857/2857 2854/2854/2854 2856/2856/2856
f 1436/1436/1436 1438/1438/1438 1439/1439/1439
f 4296/4296/4296 4295/4295/4295 4290/4290/4290
f 4296/4296/4296 4297/4297/4297 4295/4295/4295
f 4298/4298/4298 4305/4305/4305 4304/4304/4304
f 4297/4297/4297 4298/4298/4298 4304/4304/4304
f 4296/4296/4296 4298/4298/4298 4297/4297/4297
f 4305/4305/4305 4298/4298/4298 4302/4302/4302
f 4347/4347/4347 4348/4348/4348 4349/4349/4349
f 1176/1176/1176 1173/1173/1173 1160/1160/1160
f 1918/1918/1918 1917/1917/1917 1920/1920/1920
f 1340/1340/1340 1348/1348/1348 1336/1336/1336
f 1921/1921/1921 1917/1917/1917 1928/1928/1928
f 1917/1917/1917 1923/1923/1923 1928/1928/1928
f 1921/1921/1921 1920/1920/1920 1917/1917/1917
f 1337/1337/1337 1335/1335/1335 1336/1336/1336
f 2818/2818/2818 2866/2866/2866 2838/2838/2838
f 2839/2839/2839 2837/2837/2837 2838/2838/2838
f 2837/2837/2837 2818/2818/2818 2838/2838/2838
f 2837/2837/2837 2819/2819/2819 2818/2818/2818
f 2863/2863/2863 2837/2837/2837 2854/2854/2854
f 2819/2819/2819 2837/2837/2837 2863/2863/2863
f 3178/3178/3178 3180/3180/3180 3179/3179/3179
f 3177/3177/3177 3178/3178/3178 3179/3179/3179
f 2854/2854/2854 2857/2857/2857 2863/2863/2863
f 3180/3180/3180 3178/3178/3178 3181/3181/3181
f 2880/2880/2880 2864/2864/2864 2833/2833/2833
f 2864/2864/2864 2832/2832/2832 2833/2833/2833
f 2864/2864/2864 2869/2869/2869 2832/2832/2832
f 1770/1770/1770 1767/1767/1767 1769/1769/1769
f 1773/1773/1773 1770/1770/1770 1769/1769/1769
f 1771/1771/1771 1773/1773/1773 1769/1769/1769
f 1916/1916/1916 1919/1919/1919 1917/1917/1917
f 1916/1916/1916 1917/1917/1917 1918/1918/1918
f 1944/1944/1944 1923/1923/1923 1924/1924/1924
f 1923/1923/1923 1919/1919/1919 1924/1924/1924
f 1923/1923/1923 1917/1917/1917 1919/1919/1919
f 1923/1923/1923 1944/1944/1944 1945/1945/1945
f 2816/2816/2816 2811/2811/2811 2818/2818/2818
f 2818/2818/2818 2811/2811/2811 2866/2866/2866
f 2819/2819/2819 2821/2821/2821 2820/2820/2820
f 2816/2816/2816 2819/2819/2819 2820/2820/2820
f 2818/2818/2818 2819/2819/2819 2816/2816/2816
f 2821/2821/2821 2819/2819/2819 2863/2863/2863
f 2821/2821/2821 2863/2863/2863 2824/2824/2824
f 2824/2824/2824 2863/2863/2863 2862/2862/2862
f 2834/2834/2834 2832/2832/2832 2869/2869/2869
f 2834/2834/2834 2869/2869/2869 2836/2836/2836
f 122/122/122 123/123/123 124/124/124
f 125/125/125 124/124/124 123/123/123
f 748/748/748 742/742/742 752/752/752
f 6283/6283/6283 6285/6285/6285 6284/6284/6284
f 1916/1916/1916 1922/1922/1922 1919/1919/1919
f 1922/1922/1922 1926/1926/1926 1919/1919/1919
f 752/752/752 742/742/742 743/743/743
f 1919/1919/1919 1926/1926/1926 1924/1924/1924
f 2817/2817/2817 2815/2815/2815 2816/2816/2816
f 2816/2816/2816 2815/2815/2815 2811/2811/2811
f 2816/2816/2816 2820/2820/2820 2867/2867/2867
f 2816/2816/2816 2867/2867/2867 2817/2817/2817
f 1312/1312/1312 1317/1317/1317 1304/1304/1304
f 6268/6268/6268 6267/6267/6267 6269/6269/6269
f 126/126/126 122/122/122 124/124/124
f 1112/1112/1112 1109/1109/1109 1108/1108/1108
f 6259/6259/6259 6257/6257/6257 6271/6271/6271
f 6260/6260/6260 6271/6271/6271 6257/6257/6257
f 6271/6271/6271 6262/6262/6262 6282/6282/6282
f 6260/6260/6260 6262/6262/6262 6271/6271/6271
f 6284/6284/6284 6282/6282/6282 6283/6283/6283
f 6283/6283/6283 6282/6282/6282 6262/6262/6262
f 3103/3103/3103 2952/2952/2952 3104/3104/3104
f 3110/3110/3110 3103/3103/3103 3104/3104/3104
f 3146/3146/3146 3142/3142/3142 3145/3145/3145
f 3147/3147/3147 3146/3146/3146 3145/3145/3145
f 2817/2817/2817 3112/3112/3112 2815/2815/2815
f 3112/3112/3112 2817/2817/2817 2867/2867/2867
f 1312/1312/1312 1304/1304/1304 1303/1303/1303
f 1312/1312/1312 1303/1303/1303 1311/1311/1311
f 6266/6266/6266 6251/6251/6251 6237/6237/6237
f 6267/6267/6267 6266/6266/6266 6237/6237/6237
f 1303/1303/1303 1304/1304/1304 1305/1305/1305
f 6266/6266/6266 6267/6267/6267 6268/6268/6268
f 6253/6253/6253 6254/6254/6254 6252/6252/6252
f 6251/6251/6251 6253/6253/6253 6252/6252/6252
f 6266/6266/6266 6253/6253/6253 6251/6251/6251
f 6255/6255/6255 6263/6263/6263 6254/6254/6254
f 6253/6253/6253 6255/6255/6255 6254/6254/6254
f 6256/6256/6256 6255/6255/6255 6253/6253/6253
f 6259/6259/6259 6255/6255/6255 6257/6257/6257
f 6257/6257/6257 6255/6255/6255 6256/6256/6256
f 3105/3105/3105 3102/3102/3102 3103/3103/3103
f 3103/3103/3103 3102/3102/3102 2952/2952/2952
f 3103/3103/3103 3110/3110/3110 3106/3106/3106
f 3103/3103/3103 3106/3106/3106 3105/3105/3105
f 1311/1311/1311 1303/1303/1303 1306/1306/1306
f 1311/1311/1311 1306/1306/1306 1316/1316/1316
f 1307/1307/1307 1306/1306/1306 1305/1305/1305
f 1305/1305/1305 1306/1306/1306 1303/1303/1303
f 6254/6254/6254 6272/6272/6272 6252/6252/6252
f 6272/6272/6272 6254/6254/6254 6263/6263/6263
f 3109/3109/3109 3111/3111/3111 3105/3105/3105
f 3105/3105/3105 3111/3111/3111 3102/3102/3102
f 3105/3105/3105 3106/3106/3106 3107/3107/3107
f 3105/3105/3105 3107/3107/3107 3109/3109/3109
f 6367/6367/6367 6368/6368/6368 6369/6369/6369
f 6230/6230/6230 6248/6248/6248 6232/6232/6232
f 6230/6230/6230 6232/6232/6232 6231/6231/6231
f 6229/6229/6229 6230/6230/6230 6231/6231/6231
f 1308/1308/1308 1310/1310/1310 1306/1306/1306
f 1308/1308/1308 1306/1306/1306 1307/1307/1307
f 6222/6222/6222 6212/6212/6212 6219/6219/6219
f 6210/6210/6210 6224/6224/6224 6215/6215/6215
f 6210/6210/6210 6215/6215/6215 6212/6212/6212
f 6211/6211/6211 6210/6210/6210 6212/6212/6212
f 6222/6222/6222 6211/6211/6211 6212/6212/6212
f 6203/6203/6203 6224/6224/6224 6210/6210/6210
f 6344/6344/6344 6244/6244/6244 6223/6223/6223
f 6344/6344/6344 6223/6223/6223 6163/6163/6163
f 2198/2198/2198 2199/2199/2199 2200/2200/2200
f 6227/6227/6227 6244/6244/6244 6245/6245/6245
f 6227/6227/6227 6223/6223/6223 6244/6244/6244
f 6227/6227/6227 6230/6230/6230 6229/6229/6229
f 6422/6422/6422 6423/6423/6423 6424/6424/6424
f 6203/6203/6203 6176/6176/6176 6224/6224/6224
f 6176/6176/6176 6178/6178/6178 6224/6224/6224
f 6176/6176/6176 6172/6172/6172 6178/6178/6178
f 6172/6172/6172 6173/6173/6173 6170/6170/6170
f 6176/6176/6176 6173/6173/6173 6172/6172/6172
f 6170/6170/6170 6177/6177/6177 6166/6166/6166
f 6173/6173/6173 6177/6177/6177 6170/6170/6170
f 6163/6163/6163 6166/6166/6166 6344/6344/6344
f 6344/6344/6344 6166/6166/6166 6177/6177/6177
f 4372/4372/4372 4374/4374/4374 4373/4373/4373
f 4373/4373/4373 4371/4371/4371 4372/4372/4372
f 127/127/127 128/128/128 129/129/129
f 4369/4369/4369 4365/4365/4365 4396/4396/4396
f 4396/4396/4396 4365/4365/4365 4360/4360/4360
f 4369/4369/4369 4368/4368/4368 4365/4365/4365
f 4376/4376/4376 4398/4398/4398 4399/4399/4399
f 4399/4399/4399 4398/4398/4398 4400/4400/4400
f 4413/4413/4413 4373/4373/4373 4374/4374/4374
f 4376/4376/4376 4413/4413/4413 4374/4374/4374
f 4399/4399/4399 4413/4413/4413 4376/4376/4376
f 4379/4379/4379 4371/4371/4371 4373/4373/4373
f 4413/4413/4413 4379/4379/4379 4373/4373/4373
f 4416/4416/4416 4379/4379/4379 4413/4413/4413
f 4428/4428/4428 4429/4429/4429 4430/4430/4430
f 4379/4379/4379 4420/4420/4420 4418/4418/4418
f 4416/4416/4416 4420/4420/4420 4379/4379/4379
f 4396/4396/4396 4420/4420/4420 4370/4370/4370
f 4396/4396/4396 4370/4370/4370 4369/4369/4369
f 1206/1206/1206 1208/1208/1208 1185/1185/1185
f 1185/1185/1185 1208/1208/1208 1182/1182/1182
f 1208/1208/1208 1226/1226/1226 1182/1182/1182
f 4368/4368/4368 4369/4369/4369 4370/4370/4370
f 1206/1206/1206 1207/1207/1207 1208/1208/1208
f 4402/4402/4402 4407/4407/4407 4401/4401/4401
f 4401/4401/4401 4407/4407/4407 4408/4408/4408
f 4401/4401/4401 4400/4400/4400 4398/4398/4398
f 4401/4401/4401 4398/4398/4398 4402/4402/4402
f 1201/1201/1201 1206/1206/1206 1185/1185/1185
f 1201/1201/1201 1204/1204/1204 1206/1206/1206
f 1204/1204/1204 1207/1207/1207 1206/1206/1206
f 1204/1204/1204 1214/1214/1214 1207/1207/1207
f 1168/1168/1168 1160/1160/1160 1171/1171/1171
f 1159/1159/1159 1160/1160/1160 1168/1168/1168
f 1340/1340/1340 1334/1334/1334 1333/1333/1333
f 1328/1328/1328 1340/1340/1340 1333/1333/1333
f 1204/1204/1204 1215/1215/1215 1214/1214/1214
f 1334/1334/1334 1332/1332/1332 1333/1333/1333
f 4341/4341/4341 4304/4304/4304 4305/4305/4305
f 4349/4349/4349 4350/4350/4350 4347/4347/4347
f 4305/4305/4305 4342/4342/4342 4341/4341/4341
f 1160/1160/1160 1159/1159/1159 1157/1157/1157
f 1166/1166/1166 1160/1160/1160 1157/1157/1157
f 1154/1154/1154 1166/1166/1166 1157/1157/1157
f 1176/1176/1176 1160/1160/1160 1166/1166/1166
f 1153/1153/1153 1154/1154/1154 1157/1157/1157
f 1336/1336/1336 1334/1334/1334 1340/1340/1340
f 1336/1336/1336 1335/1335/1335 1334/1334/1334
f 1335/1335/1335 1332/1332/1332 1334/1334/1334
f 1335/1335/1335 1338/1338/1338 1332/1332/1332
f 2827/2827/2827 2862/2862/2862 2880/2880/2880
f 2833/2833/2833 2830/2830/2830 2880/2880/2880
f 2880/2880/2880 2830/2830/2830 2827/2827/2827
f 1767/1767/1767 1768/1768/1768 1769/1769/1769
f 2830/2830/2830 2833/2833/2833 2832/2832/2832
f 1769/1769/1769 1768/1768/1768 1771/1771/1771
f 1768/1768/1768 1772/1772/1772 1771/1771/1771
f 167/167/167 166/166/166 163/163/163
f 1169/1169/1169 1166/1166/1166 1154/1154/1154
f 163/163/163 166/166/166 165/165/165
f 1154/1154/1154 1153/1153/1153 1151/1151/1151
f 1155/1155/1155 1154/1154/1154 1151/1151/1151
f 1169/1169/1169 1154/1154/1154 1155/1155/1155
f 1162/1162/1162 1155/1155/1155 1151/1151/1151
f 1939/1939/1939 1947/1947/1947 1944/1944/1944
f 1939/1939/1939 1944/1944/1944 1924/1924/1924
f 1945/1945/1945 1944/1944/1944 1946/1946/1946
f 1946/1946/1946 1944/1944/1944 1947/1947/1947
f 2822/2822/2822 2820/2820/2820 2821/2821/2821
f 2824/2824/2824 2823/2823/2823 2821/2821/2821
f 2821/2821/2821 2823/2823/2823 2822/2822/2822
f 2862/2862/2862 2827/2827/2827 2824/2824/2824
f 2827/2827/2827 2823/2823/2823 2824/2824/2824
f 2827/2827/2827 2828/2828/2828 2823/2823/2823
f 2829/2829/2829 2827/2827/2827 2830/2830/2830
f 2828/2828/2828 2827/2827/2827 2829/2829/2829
f 2834/2834/2834 2831/2831/2831 2832/2832/2832
f 2831/2831/2831 2830/2830/2830 2832/2832/2832
f 2831/2831/2831 2829/2829/2829 2830/2830/2830
f 2836/2836/2836 2835/2835/2835 2834/2834/2834
f 2835/2835/2835 2831/2831/2831 2834/2834/2834
f 163/163/163 162/162/162 143/143/143
f 164/164/164 163/163/163 165/165/165
f 162/162/162 163/163/163 164/164/164
f 168/168/168 165/165/165 169/169/169
f 164/164/164 165/165/165 168/168/168
f 758/758/758 757/757/757 759/759/759
f 765/765/765 758/758/758 759/759/759
f 1106/1106/1106 1107/1107/1107 1105/1105/1105
f 1165/1165/1165 1155/1155/1155 1162/1162/1162
f 751/751/751 749/749/749 756/756/756
f 757/757/757 751/751/751 756/756/756
f 758/758/758 751/751/751 757/757/757
f 746/746/746 747/747/747 749/749/749
f 746/746/746 749/749/749 751/751/751
f 742/742/742 748/748/748 747/747/747
f 746/746/746 742/742/742 747/747/747
f 740/740/740 742/742/742 746/746/746
f 742/742/742 741/741/741 743/743/743
f 740/740/740 741/741/741 742/742/742
f 1924/1924/1924 1926/1926/1926 1939/1939/1939
f 1939/1939/1939 1926/1926/1926 1940/1940/1940
f 2825/2825/2825 2867/2867/2867 2822/2822/2822
f 2822/2822/2822 2867/2867/2867 2820/2820/2820
f 2823/2823/2823 2882/2882/2882 2826/2826/2826
f 2825/2825/2825 2823/2823/2823 2826/2826/2826
f 2822/2822/2822 2823/2823/2823 2825/2825/2825
f 2882/2882/2882 2823/2823/2823 2828/2828/2828
f 2882/2882/2882 2828/2828/2828 2860/2860/2860
f 2860/2860/2860 2828/2828/2828 2829/2829/2829
f 133/133/133 134/134/134 135/135/135
f 136/136/136 137/137/137 135/135/135
f 134/134/134 136/136/136 135/135/135
f 143/143/143 136/136/136 134/134/134
f 1312/1312/1312 1314/1314/1314 1317/1317/1317
f 1314/1314/1314 1318/1318/1318 1317/1317/1317
f 136/136/136 143/143/143 162/162/162
f 6269/6269/6269 6270/6270/6270 6268/6268/6268
f 6270/6270/6270 6306/6306/6306 6268/6268/6268
f 162/162/162 164/164/164 172/172/172
f 170/170/170 164/164/164 168/168/168
f 172/172/172 164/164/164 170/170/170
f 1103/1103/1103 1104/1104/1104 1105/1105/1105
f 1104/1104/1104 1106/1106/1106 1105/1105/1105
f 171/171/171 170/170/170 168/168/168
f 1108/1108/1108 1109/1109/1109 1110/1110/1110
f 1109/1109/1109 1111/1111/1111 1110/1110/1110
f 6260/6260/6260 6257/6257/6257 6258/6258/6258
f 6260/6260/6260 6258/6258/6258 6261/6261/6261
f 6260/6260/6260 6261/6261/6261 6262/6262/6262
f 760/760/760 749/749/749 747/747/747
f 760/760/760 747/747/747 748/748/748
f 3148/3148/3148 3146/3146/3146 3147/3147/3147
f 2867/2867/2867 2825/2825/2825 3112/3112/3112
f 3151/3151/3151 3148/3148/3148 3147/3147/3147
f 161/161/161 157/157/157 160/160/160
f 2825/2825/2825 2826/2826/2826 2855/2855/2855
f 2825/2825/2825 2855/2855/2855 2870/2870/2870
f 137/137/137 136/136/136 138/138/138
f 137/137/137 138/138/138 139/139/139
f 1311/1311/1311 1313/1313/1313 1312/1312/1312
f 1312/1312/1312 1313/1313/1313 1314/1314/1314
f 6306/6306/6306 6266/6266/6266 6268/6268/6268
f 6266/6266/6266 6306/6306/6306 6253/6253/6253
f 6383/6383/6383 6384/6384/6384 6385/6385/6385
f 6253/6253/6253 6264/6264/6264 6256/6256/6256
f 6256/6256/6256 6264/6264/6264 6258/6258/6258
f 6256/6256/6256 6258/6258/6258 6257/6257/6257
f 3150/3150/3150 3149/3149/3149 3148/3148/3148
f 3148/3148/3148 3149/3149/3149 3146/3146/3146
f 157/157/157 158/158/158 156/156/156
f 154/154/154 157/157/157 156/156/156
f 160/160/160 157/157/157 154/154/154
f 2881/2881/2881 2870/2870/2870 2855/2855/2855
f 139/139/139 138/138/138 140/140/140
f 139/139/139 140/140/140 141/141/141
f 1316/1316/1316 1315/1315/1315 1311/1311/1311
f 1311/1311/1311 1315/1315/1315 1313/1313/1313
f 3174/3174/3174 3175/3175/3175 3176/3176/3176
f 3108/3108/3108 3107/3107/3107 3106/3106/3106
f 154/154/154 156/156/156 153/153/153
f 151/151/151 154/154/154 153/153/153
f 155/155/155 154/154/154 151/151/151
f 152/152/152 148/148/148 151/151/151
f 152/152/152 151/151/151 153/153/153
f 150/150/150 148/148/148 152/152/152
f 145/145/145 144/144/144 142/142/142
f 142/142/142 144/144/144 141/141/141
f 142/142/142 141/141/141 140/140/140
f 6245/6245/6245 6246/6246/6246 6247/6247/6247
f 6248/6248/6248 6245/6245/6245 6247/6247/6247
f 6370/6370/6370 6371/6371/6371 6372/6372/6372
f 6204/6204/6204 6210/6210/6210 6211/6211/6211
f 6210/6210/6210 6204/6204/6204 6203/6203/6203
f 6204/6204/6204 6202/6202/6202 6203/6203/6203
f 155/155/155 151/151/151 159/159/159
f 149/149/149 151/151/151 148/148/148
f 159/159/159 151/151/151 149/149/149
f 148/148/148 150/150/150 147/147/147
f 146/146/146 148/148/148 147/147/147
f 149/149/149 148/148/148 146/146/146
f 146/146/146 147/147/147 145/145/145
f 146/146/146 145/145/145 142/142/142
f 6364/6364/6364 6365/6365/6365 6366/6366/6366
f 6244/6244/6244 6344/6344/6344 6246/6246/6246
f 6244/6244/6244 6246/6246/6246 6245/6245/6245
f 6202/6202/6202 6176/6176/6176 6203/6203/6203
f 6176/6176/6176 6202/6202/6202 6173/6173/6173
f 6173/6173/6173 6202/6202/6202 6225/6225/6225
f 6173/6173/6173 6225/6225/6225 6177/6177/6177
f 6177/6177/6177 6225/6225/6225 6286/6286/6286
f 6177/6177/6177 6286/6286/6286 6344/6344/6344
f 4380/4380/4380 4375/4375/4375 4372/4372/4372
f 4372/4372/4372 4375/4375/4375 4374/4374/4374
f 4364/4364/4364 4362/4362/4362 4371/4371/4371
f 4362/4362/4362 4372/4372/4372 4371/4371/4371
f 4362/4362/4362 4380/4380/4380 4372/4372/4372
f 2552/2552/2552 2553/2553/2553 2554/2554/2554
f 4360/4360/4360 4362/4362/4362 4364/4364/4364
f 4360/4360/4360 4361/4361/4361 4362/4362/4362
f 4363/4363/4363 4360/4360/4360 4365/4365/4365
f 4363/4363/4363 4361/4361/4361 4360/4360/4360
f 1211/1211/1211 1213/1213/1213 1226/1226/1226
f 4367/4367/4367 4365/4365/4365 4368/4368/4368
f 4367/4367/4367 4363/4363/4363 4365/4365/4365
f 1211/1211/1211 1212/1212/1212 1213/1213/1213
f 4377/4377/4377 4397/4397/4397 4376/4376/4376
f 4376/4376/4376 4397/4397/4397 4398/4398/4398
f 4376/4376/4376 4374/4374/4374 4375/4375/4375
f 4376/4376/4376 4375/4375/4375 4377/4377/4377
f 4379/4379/4379 4364/4364/4364 4371/4371/4371
f 4364/4364/4364 4379/4379/4379 4418/4418/4418
f 1211/1211/1211 1226/1226/1226 1208/1208/1208
f 1353/1353/1353 1325/1325/1325 1327/1327/1327
f 1325/1325/1325 1353/1353/1353 1329/1329/1329
f 1353/1353/1353 1356/1356/1356 1329/1329/1329
f 1211/1211/1211 1208/1208/1208 1207/1207/1207
f 1211/1211/1211 1207/1207/1207 1212/1212/1212
f 1167/1167/1167 1168/1168/1168 1175/1175/1175
f 1163/1163/1163 1167/1167/1167 1175/1175/1175
f 1179/1179/1179 1163/1163/1163 1175/1175/1175
f 1178/1178/1178 1163/1163/1163 1179/1179/1179
f 1324/1324/1324 1327/1327/1327 1325/1325/1325
f 1329/1329/1329 1328/1328/1328 1325/1325/1325
f 1328/1328/1328 1323/1323/1323 1325/1325/1325
f 1323/1323/1323 1324/1324/1324 1325/1325/1325
f 1323/1323/1323 1328/1328/1328 1330/1330/1330
f 1330/1330/1330 1331/1331/1331 1323/1323/1323
f 1158/1158/1158 1159/1159/1159 1167/1167/1167
f 1167/1167/1167 1159/1159/1159 1168/1168/1168
f 1167/1167/1167 1163/1163/1163 1156/1156/1156
f 1167/1167/1167 1156/1156/1156 1158/1158/1158
f 1333/1333/1333 1330/1330/1330 1328/1328/1328
f 1333/1333/1333 1332/1332/1332 1330/1330/1330
f 1332/1332/1332 1331/1331/1331 1330/1330/1330
f 1332/1332/1332 1339/1339/1339 1331/1331/1331
f 1158/1158/1158 1157/1157/1157 1159/1159/1159
f 1149/1149/1149 1150/1150/1150 1153/1153/1153
f 1149/1149/1149 1153/1153/1153 1157/1157/1157
f 1156/1156/1156 1149/1149/1149 1157/1157/1157
f 1158/1158/1158 1156/1156/1156 1157/1157/1157
f 1146/1146/1146 1150/1150/1150 1149/1149/1149
f 2501/2501/2501 2502/2502/2502 2503/2503/2503
f 2502/2502/2502 2507/2507/2507 2503/2503/2503
f 2507/2507/2507 2508/2508/2508 2503/2503/2503
f 1339/1339/1339 1332/1332/1332 1338/1338/1338
f 1150/1150/1150 1151/1151/1151 1153/1153/1153
f 1152/1152/1152 1164/1164/1164 1162/1162/1162
f 1152/1152/1152 1162/1162/1162 1151/1151/1151
f 1146/1146/1146 1152/1152/1152 1151/1151/1151
f 1150/1150/1150 1146/1146/1146 1151/1151/1151
f 5117/5117/5117 5124/5124/5124 5115/5115/5115
f 2501/2501/2501 2503/2503/2503 2505/2505/2505
f 2509/2509/2509 2501/2501/2501 2505/2505/2505
f 2518/2518/2518 2501/2501/2501 2509/2509/2509
f 2505/2505/2505 2503/2503/2503 2508/2508/2508
f 1164/1164/1164 1165/1165/1165 1162/1162/1162
f 1170/1170/1170 1165/1165/1165 1164/1164/1164
f 1422/1422/1422 1423/1423/1423 1424/1424/1424
f 5117/5117/5117 5119/5119/5119 5124/5124/5124
f 754/754/754 751/751/751 755/755/755
f 753/753/753 746/746/746 751/751/751
f 753/753/753 751/751/751 754/754/754
f 745/745/745 740/740/740 746/746/746
f 745/745/745 746/746/746 753/753/753
f 744/744/744 741/741/741 740/740/740
f 744/744/744 740/740/740 745/745/745
f 744/744/744 750/750/750 741/741/741
f 1941/1941/1941 1939/1939/1939 1940/1940/1940
f 1941/1941/1941 1942/1942/1942 1939/1939/1939
f 2871/2871/2871 2826/2826/2826 2882/2882/2882
f 3169/3169/3169 3170/3170/3170 3171/3171/3171
f 2882/2882/2882 2874/2874/2874 2871/2871/2871
f 3173/3173/3173 3172/3172/3172 3169/3169/3169
f 3169/3169/3169 3172/3172/3172 3170/3170/3170
f 137/137/137 176/176/176 135/135/135
f 755/755/755 761/761/761 754/754/754
f 754/754/754 761/761/761 753/753/753
f 753/753/753 761/761/761 763/763/763
f 753/753/753 763/763/763 745/745/745
f 745/745/745 763/763/763 762/762/762
f 745/745/745 762/762/762 744/744/744
f 744/744/744 762/762/762 764/764/764
f 744/744/744 764/764/764 750/750/750
f 2872/2872/2872 2855/2855/2855 2871/2871/2871
f 2871/2871/2871 2855/2855/2855 2826/2826/2826
f 2873/2873/2873 2871/2871/2871 2874/2874/2874
f 2872/2872/2872 2871/2871/2871 2873/2873/2873
f 2875/2875/2875 2874/2874/2874 2877/2877/2877
f 2873/2873/2873 2874/2874/2874 2875/2875/2875
f 139/139/139 175/175/175 137/137/137
f 137/137/137 175/175/175 176/176/176
f 2915/2915/2915 2916/2916/2916 2881/2881/2881
f 2855/2855/2855 2872/2872/2872 2881/2881/2881
f 2872/2872/2872 2915/2915/2915 2881/2881/2881
f 2872/2872/2872 2947/2947/2947 2915/2915/2915
f 2878/2878/2878 2872/2872/2872 2873/2873/2873
f 2947/2947/2947 2872/2872/2872 2878/2878/2878
f 2876/2876/2876 2873/2873/2873 2875/2875/2875
f 2878/2878/2878 2873/2873/2873 2876/2876/2876
f 141/141/141 174/174/174 139/139/139
f 139/139/139 174/174/174 175/175/175
f 177/177/177 153/153/153 156/156/156
f 153/153/153 177/177/177 152/152/152
f 152/152/152 177/177/177 173/173/173
f 152/152/152 173/173/173 150/150/150
f 173/173/173 178/178/178 150/150/150
f 2947/2947/2947 2878/2878/2878 3086/3086/3086
f 2599/2599/2599 2600/2600/2600 2601/2601/2601
f 178/178/178 174/174/174 144/144/144
f 3086/3086/3086 2878/2878/2878 2876/2876/2876
f 144/144/144 174/174/174 141/141/141
f 178/178/178 147/147/147 150/150/150
f 147/147/147 178/178/178 145/145/145
f 4431/4431/4431 4432/4432/4432 4433/4433/4433
f 1346/1346/1346 1345/1345/1345 1347/1347/1347
f 4421/4421/4421 4375/4375/4375 4380/4380/4380
f 4447/4447/4447 4444/4444/4444 4446/4446/4446
f 4444/4444/4444 4445/4445/4445 4446/4446/4446
f 4380/4380/4380 4362/4362/4362 4422/4422/4422
f 4366/4366/4366 4362/4362/4362 4361/4361/4361
f 4366/4366/4366 4422/4422/4422 4362/4362/4362
f 4363/4363/4363 4382/4382/4382 4415/4415/4415
f 4366/4366/4366 4363/4363/4363 4415/4415/4415
f 4361/4361/4361 4363/4363/4363 4366/4366/4366
f 4363/4363/4363 4367/4367/4367 4382/4382/4382
f 1349/1349/1349 1342/1342/1342 1346/1346/1346
f 1342/1342/1342 1345/1345/1345 1346/1346/1346
f 1349/1349/1349 1350/1350/1350 1342/1342/1342
f 1356/1356/1356 1350/1350/1350 1349/1349/1349
f 130/130/130 131/131/131 132/132/132
f 4378/4378/4378 4412/4412/4412 4377/4377/4377
f 4378/4378/4378 4377/4377/4377 4375/4375/4375
f 4381/4381/4381 4378/4378/4378 4375/4375/4375
f 4421/4421/4421 4381/4381/4381 4375/4375/4375
f 4381/4381/4381 4421/4421/4421 4387/4387/4387
f 1342/1342/1342 1350/1350/1350 1353/1353/1353
f 1327/1327/1327 1342/1342/1342 1353/1353/1353
f 1341/1341/1341 1342/1342/1342 1327/1327/1327
f 1353/1353/1353 1350/1350/1350 1356/1356/1356
f 1161/1161/1161 1163/1163/1163 1177/1177/1177
f 1177/1177/1177 1163/1163/1163 1178/1178/1178
f 1808/1808/1808 1807/1807/1807 1803/1803/1803
f 1177/1177/1177 1180/1180/1180 1161/1161/1161
f 1326/1326/1326 1341/1341/1341 1327/1327/1327
f 1326/1326/1326 1327/1327/1327 1324/1324/1324
f 2529/2529/2529 2534/2534/2534 2532/2532/2532
f 2534/2534/2534 2535/2535/2535 2532/2532/2532
f 1326/1326/1326 1324/1324/1324 1323/1323/1323
f 2533/2533/2533 2532/2532/2532 2535/2535/2535
f 1147/1147/1147 1156/1156/1156 1161/1161/1161
f 1161/1161/1161 1156/1156/1156 1163/1163/1163
f 1802/1802/1802 1803/1803/1803 1801/1801/1801
f 1800/1800/1800 1802/1802/1802 1801/1801/1801
f 2578/2578/2578 2579/2579/2579 2580/2580/2580
f 1799/1799/1799 1800/1800/1800 1801/1801/1801
f 2529/2529/2529 2532/2532/2532 2506/2506/2506
f 2529/2529/2529 2506/2506/2506 2504/2504/2504
f 2507/2507/2507 2506/2506/2506 2533/2533/2533
f 2533/2533/2533 2506/2506/2506 2532/2532/2532
f 1147/1147/1147 1149/1149/1149 1156/1156/1156
f 1774/1774/1774 1775/1775/1775 1776/1776/1776
f 1146/1146/1146 1147/1147/1147 1148/1148/1148
f 1058/1058/1058 1059/1059/1059 1060/1060/1060
f 1147/1147/1147 1146/1146/1146 1149/1149/1149
f 1776/1776/1776 1775/1775/1775 1777/1777/1777
f 2504/2504/2504 2506/2506/2506 2502/2502/2502
f 2501/2501/2501 2504/2504/2504 2502/2502/2502
f 2510/2510/2510 2504/2504/2504 2501/2501/2501
f 2502/2502/2502 2506/2506/2506 2507/2507/2507
f 1052/1052/1052 1050/1050/1050 1049/1049/1049
f 1049/1049/1049 1050/1050/1050 1051/1051/1051
f 5116/5116/5116 5118/5118/5118 5117/5117/5117
f 5115/5115/5115 5116/5116/5116 5117/5117/5117
f 1050/1050/1050 1053/1053/1053 1051/1051/1051
f 5123/5123/5123 5118/5118/5118 5116/5116/5116
f 2516/2516/2516 2513/2513/2513 2523/2523/2523
f 2513/2513/2513 2510/2510/2510 2523/2523/2523
f 2510/2510/2510 2518/2518/2518 2523/2523/2523
f 2510/2510/2510 2501/2501/2501 2518/2518/2518
f 5120/5120/5120 5119/5119/5119 5118/5118/5118
f 5118/5118/5118 5119/5119/5119 5117/5117/5117
f 5118/5118/5118 5123/5123/5123 5131/5131/5131
f 5121/5121/5121 5118/5118/5118 5131/5131/5131
f 5120/5120/5120 5118/5118/5118 5121/5121/5121
f 1860/1860/1860 1861/1861/1861 1862/1862/1862
f 1860/1860/1860 1862/1862/1862 1863/1863/1863
f 1861/1861/1861 1860/1860/1860 1865/1865/1865
f 2523/2523/2523 2520/2520/2520 2516/2516/2516
f 2522/2522/2522 2520/2520/2520 2523/2523/2523
f 2528/2528/2528 2522/2522/2522 2518/2518/2518
f 2518/2518/2518 2522/2522/2522 2523/2523/2523
f 5120/5120/5120 5122/5122/5122 5119/5119/5119
f 2527/2527/2527 2526/2526/2526 2525/2525/2525
f 2525/2525/2525 2526/2526/2526 2524/2524/2524
f 2525/2525/2525 2524/2524/2524 2519/2519/2519
f 2519/2519/2519 2524/2524/2524 2520/2520/2520
f 2519/2519/2519 2520/2520/2520 2521/2521/2521
f 2521/2521/2521 2520/2520/2520 2522/2522/2522
f 2521/2521/2521 2522/2522/2522 2528/2528/2528
f 4434/4434/4434 4432/4432/4432 4431/4431/4431
f 1345/1345/1345 1355/1355/1355 1347/1347/1347
f 4386/4386/4386 4387/4387/4387 4422/4422/4422
f 4439/4439/4439 4440/4440/4440 4441/4441/4441
f 4422/4422/4422 4388/4388/4388 4386/4386/4386
f 4442/4442/4442 4440/4440/4440 4439/4439/4439
f 4442/4442/4442 4439/4439/4439 4443/4443/4443
f 4414/4414/4414 4395/4395/4395 4415/4415/4415
f 4434/4434/4434 4435/4435/4435 4432/4432/4432
f 1355/1355/1355 1345/1345/1345 1351/1351/1351
f 1345/1345/1345 1343/1343/1343 1351/1351/1351
f 1345/1345/1345 1342/1342/1342 1343/1343/1343
f 4384/4384/4384 4383/4383/4383 4381/4381/4381
f 4381/4381/4381 4383/4383/4383 4378/4378/4378
f 4381/4381/4381 4387/4387/4387 4386/4386/4386
f 4385/4385/4385 4381/4381/4381 4386/4386/4386
f 4384/4384/4384 4381/4381/4381 4385/4385/4385
f 4385/4385/4385 4386/4386/4386 4388/4388/4388
f 4385/4385/4385 4388/4388/4388 4391/4391/4391
f 4391/4391/4391 4388/4388/4388 4395/4395/4395
f 1341/1341/1341 1343/1343/1343 1342/1342/1342
f 1341/1341/1341 1344/1344/1344 1343/1343/1343
f 1804/1804/1804 1803/1803/1803 1805/1805/1805
f 1803/1803/1803 1806/1806/1806 1805/1805/1805
f 1803/1803/1803 1807/1807/1807 1806/1806/1806
f 5140/5140/5140 5144/5144/5144 5142/5142/5142
f 2536/2536/2536 2534/2534/2534 2530/2530/2530
f 2531/2531/2531 2536/2536/2536 2530/2530/2530
f 1344/1344/1344 1341/1341/1341 1352/1352/1352
f 2529/2529/2529 2530/2530/2530 2534/2534/2534
f 1804/1804/1804 1801/1801/1801 1803/1803/1803
f 5154/5154/5154 5157/5157/5157 5156/5156/5156
f 5154/5154/5154 5156/5156/5156 5155/5155/5155
f 5153/5153/5153 5154/5154/5154 5155/5155/5155
f 5158/5158/5158 5153/5153/5153 5155/5155/5155
f 244/244/244 243/243/243 247/247/247
f 2531/2531/2531 2530/2530/2530 2512/2512/2512
f 2531/2531/2531 2512/2512/2512 2514/2514/2514
f 2504/2504/2504 2512/2512/2512 2529/2529/2529
f 2529/2529/2529 2512/2512/2512 2530/2530/2530
f 1779/1779/1779 1780/1780/1780 1776/1776/1776
f 1777/1777/1777 1778/1778/1778 1776/1776/1776
f 1778/1778/1778 1779/1779/1779 1776/1776/1776
f 243/243/243 246/246/246 248/248/248
f 243/243/243 244/244/244 245/245/245
f 243/243/243 245/245/245 246/246/246
f 2514/2514/2514 2512/2512/2512 2511/2511/2511
f 2514/2514/2514 2511/2511/2511 2515/2515/2515
f 2510/2510/2510 2511/2511/2511 2504/2504/2504
f 2504/2504/2504 2511/2511/2511 2512/2512/2512
f 248/248/248 250/250/250 251/251/251
f 250/250/250 248/248/248 249/249/249
f 249/249/249 248/248/248 246/246/246
f 5125/5125/5125 5128/5128/5128 5123/5123/5123
f 5125/5125/5125 5123/5123/5123 5116/5116/5116
f 5126/5126/5126 5125/5125/5125 5116/5116/5116
f 5127/5127/5127 5126/5126/5126 5116/5116/5116
f 5130/5130/5130 5128/5128/5128 5125/5125/5125
f 2515/2515/2515 2511/2511/2511 2513/2513/2513
f 2516/2516/2516 2515/2515/2515 2513/2513/2513
f 2517/2517/2517 2515/2515/2515 2516/2516/2516
f 2513/2513/2513 2511/2511/2511 2510/2510/2510
f 5128/5128/5128 5131/5131/5131 5123/5123/5123
f 5150/5150/5150 5151/5151/5151 5152/5152/5152
f 5147/5147/5147 5131/5131/5131 5128/5128/5128
f 1864/1864/1864 1860/1860/1860 1863/1863/1863
f 1865/1865/1865 1860/1860/1860 1866/1866/1866
f 1866/1866/1866 1860/1860/1860 1864/1864/1864
f 4393/4393/4393 4395/4395/4395 4414/4414/4414
f 1343/1343/1343 1354/1354/1354 1351/1351/1351
f 4389/4389/4389 4383/4383/4383 4384/4384/4384
f 4385/4385/4385 4390/4390/4390 4384/4384/4384
f 4384/4384/4384 4390/4390/4390 4389/4389/4389
f 4391/4391/4391 4392/4392/4392 4385/4385/4385
f 4436/4436/4436 4437/4437/4437 4438/4438/4438
f 4395/4395/4395 4393/4393/4393 4391/4391/4391
f 4393/4393/4393 4392/4392/4392 4391/4391/4391
f 4393/4393/4393 4394/4394/4394 4392/4392/4392
f 1344/1344/1344 1357/1357/1357 1343/1343/1343
f 1343/1343/1343 1357/1357/1357 1354/1354/1354
f 5141/5141/5141 5142/5142/5142 5143/5143/5143
f 5142/5142/5142 5141/5141/5141 5140/5140/5140
f 5141/5141/5141 5135/5135/5135 5140/5140/5140
f 5141/5141/5141 5145/5145/5145 5135/5135/5135
f 5136/5136/5136 5145/5145/5145 5148/5148/5148
f 5135/5135/5135 5145/5145/5145 5136/5136/5136
f 5138/5138/5138 5148/5148/5148 5149/5149/5149
f 5136/5136/5136 5148/5148/5148 5138/5138/5138
f 1352/1352/1352 1358/1358/1358 1344/1344/1344
f 1344/1344/1344 1358/1358/1358 1357/1357/1357
f 5135/5135/5135 5139/5139/5139 5140/5140/5140
f 5139/5139/5139 5135/5135/5135 5134/5134/5134
f 5135/5135/5135 5132/5132/5132 5134/5134/5134
f 5135/5135/5135 5136/5136/5136 5132/5132/5132
f 5137/5137/5137 5136/5136/5136 5138/5138/5138
f 5132/5132/5132 5136/5136/5136 5137/5137/5137
f 2514/2514/2514 2537/2537/2537 2531/2531/2531
f 2531/2531/2531 2537/2537/2537 2541/2541/2541
f 5129/5129/5129 5126/5126/5126 5132/5132/5132
f 5132/5132/5132 5126/5126/5126 5134/5134/5134
f 2538/2538/2538 2540/2540/2540 2537/2537/2537
f 5129/5129/5129 5132/5132/5132 5133/5133/5133
f 2515/2515/2515 2538/2538/2538 2514/2514/2514
f 2514/2514/2514 2538/2538/2538 2537/2537/2537
f 5129/5129/5129 5125/5125/5125 5126/5126/5126
f 5125/5125/5125 5129/5129/5129 5130/5130/5130
f 5129/5129/5129 5146/5146/5146 5130/5130/5130
f 5129/5129/5129 5133/5133/5133 5146/5146/5146
f 2517/2517/2517 2539/2539/2539 2515/2515/2515
f 2515/2515/2515 2539/2539/2539 2538/2538/2538
f 5146/5146/5146 5147/5147/5147 5130/5130/5130
f 1864/1864/1864 1867/1867/1867 1866/1866/1866
